epoch,lifetime,reward_mean,policy_loss,value_loss,sym_loss,score_real__/full,score_fake__/full,disc_reward__/full
1,14.5,0.0009849892230704427,0.24822826981544494,0.9940982460975647,0.0,0.01695050671696663,0.012566381134092808,0.0009849892230704427
10,13.0,-0.017438111826777458,-0.021887044608592986,0.4038548767566681,0.0,0.020158122190170817,0.019328034482896328,-0.017438111826777458
20,8.75,-0.04051033407449722,-0.02911555003374815,0.290267276763916,0.0,0.02314750347286463,0.01621451354585588,-0.04051033407449722
30,9.375,-0.05105902999639511,-0.025810225680470467,0.08241399228572846,0.0,0.026184047013521193,0.011327971145510674,-0.05105902999639511
40,14.3125,-0.03745443746447563,-0.02816825844347477,0.0856296330690384,0.0,0.030042549408972264,0.004428775818087161,-0.03745443746447563
50,13.0625,-0.03915727511048317,-0.023937133699655534,0.08609934747219086,0.0,0.03510473296046257,0.0010077759041450917,-0.03915727511048317
60,8.75,-0.06213979050517082,-0.025086001865565775,0.05298870503902435,0.0,0.041459694132208826,-0.0010298834997229279,-0.06213979050517082
70,13.6875,-0.05326404795050621,-0.02740902565419674,0.06271142587065696,0.0,0.04639142528176308,-0.0043723337352275845,-0.05326404795050621
80,12.3125,-0.055612239986658096,-0.0249021977186203,0.026724273711442946,0.0,0.051993032544851304,-0.010150149185210466,-0.055612239986658096
90,9.8125,-0.06449047476053238,-0.02403620108962059,0.02834995314478874,0.0,0.058184709027409555,-0.010357109503820539,-0.06449047476053238
100,12.0625,-0.07125989347696304,-0.022402350232005118,0.044449266791343686,0.0,0.06407033428549766,-0.017247155029326677,-0.07125989347696304
110,12.4375,-0.07648266851902008,-0.02338615693151951,0.022903253510594367,0.0,0.06957603096961976,-0.022780007869005203,-0.07648266851902008
120,9.9375,-0.07359319925308228,-0.020778825879096983,0.038988261669874194,0.0,0.07542373910546303,-0.02727093081921339,-0.07359319925308228
130,14.0625,-0.08027397841215134,-0.02768675945699215,0.026225524395704268,0.0,0.08163508325815201,-0.03208077903836966,-0.08027397841215134
140,10.3125,-0.07532022148370743,-0.02238222062587738,0.05876976400613785,0.0,0.08746391981840133,-0.034957618825137614,-0.07532022148370743
150,10.8125,-0.09642421454191208,-0.020033692568540575,0.06336947977542877,0.0,0.09237688630819321,-0.03907079752534628,-0.09642421454191208
160,13.0625,-0.09506433457136154,-0.024364261701703072,0.05410389080643654,0.0,0.09789937660098076,-0.04911290556192398,-0.09506433457136154
170,11.0,-0.0917154848575592,-0.02560033816844225,0.04274635463953018,0.0,0.10323701649904252,-0.05154235102236271,-0.0917154848575592
180,12.375,-0.09805236756801605,-0.025845882669091224,0.028402560949325563,0.0,0.10805224180221558,-0.060656309872865674,-0.09805236756801605
190,13.6875,-0.09838032722473145,-0.025629557296633722,0.024228647351264954,0.0,0.11257330775260925,-0.06260729767382145,-0.09838032722473145
200,9.75,-0.1148080825805664,-0.02276605777442455,0.05213553458452225,0.0,0.11877405419945716,-0.06746456883847714,-0.1148080825805664
210,10.5,-0.11652427166700363,-0.030496016144752502,0.035650047659873965,0.0,0.12306704148650169,-0.07144030407071114,-0.11652427166700363
220,10.25,-0.1169469878077507,-0.029848483949899675,0.032794830948114397,0.0,0.12847589552402497,-0.07376203536987305,-0.1169469878077507
230,11.0,-0.11327198147773743,-0.027878786250948907,0.02044961415231228,0.0,0.13237474858760834,-0.0774205707013607,-0.11327198147773743
240,13.875,-0.12981875240802765,-0.02515786960721016,0.027607525512576104,0.0,0.13697513341903686,-0.08454919010400772,-0.12981875240802765
250,9.375,-0.12394418567419052,-0.02556663565337658,0.023538028448820116,0.0,0.13918112516403197,-0.08417268544435501,-0.12394418567419052
260,9.875,-0.11578778922557831,-0.02411450296640396,0.03504867367446422,0.0,0.14396862983703612,-0.08542902693152428,-0.11578778922557831
270,8.1875,-0.12956078350543976,-0.022592049464583396,0.027824012190103532,0.0,0.14901347309350968,-0.09007802084088326,-0.12956078350543976
280,12.0,-0.12924987077713013,-0.027130076847970485,0.0390652634203434,0.0,0.15392719954252243,-0.09349040165543557,-0.12924987077713013
290,11.5625,-0.12525740265846252,-0.021515604108572006,0.019360817223787307,0.0,0.1565258100628853,-0.09933260530233383,-0.12525740265846252
300,10.75,-0.16132012009620667,-0.02322600893676281,0.07036513537168503,0.0,0.16020012348890306,-0.09988312125205993,-0.16132012009620667
310,9.5,-0.1378268301486969,-0.027012369967997073,0.02710857167840004,0.0,0.1623358115553856,-0.10189695283770561,-0.1378268301486969
320,11.1875,-0.13211709260940552,-0.02272399328649044,0.027451784536242484,0.0,0.16640198230743408,-0.10398196950554847,-0.13211709260940552
330,10.6875,-0.1361088752746582,-0.020587030984461307,0.016953997686505316,0.0,0.16807893961668013,-0.10001450479030609,-0.1361088752746582
340,9.5625,-0.13668321073055267,-0.02781845014542341,0.026160510256886482,0.0,0.17130913138389586,-0.10568032413721085,-0.13668321073055267
350,6.5625,-0.1458607316017151,-0.015268616564571857,0.01670851968228817,0.0,0.17454481422901152,-0.09861498400568962,-0.1458607316017151
360,9.4375,-0.13486862182617188,-0.022108159959316254,0.02085307240486145,0.0,0.1762213036417961,-0.11174737364053726,-0.13486862182617188
370,10.6875,-0.14678946137428284,-0.020975207164883613,0.018413705006241798,0.0,0.18007003217935563,-0.10051759704947472,-0.14678946137428284
380,6.6875,-0.146732896566391,-0.022403941303491593,0.028936907649040222,0.0,0.183201602101326,-0.11011497750878334,-0.146732896566391
390,10.9375,-0.15429256856441498,-0.02399558462202549,0.027630357816815377,0.0,0.18705221712589265,-0.10956156700849533,-0.15429256856441498
400,11.375,-0.12804126739501953,-0.022967804782092573,0.057883410900831225,0.0,0.18729247152805328,-0.09835470393300057,-0.12804126739501953
410,9.9375,-0.16395212709903717,-0.02459643892943859,0.052386967837810515,0.0,0.1894480511546135,-0.10120003372430801,-0.16395212709903717
420,12.0625,-0.14872756600379944,-0.02758875787258148,0.02266121841967106,0.0,0.1929088741540909,-0.10218636095523834,-0.14872756600379944
430,9.5625,-0.14461001753807068,-0.02375480905175209,0.02555363029241562,0.0,0.19342201501131057,-0.10868058428168297,-0.14461001753807068
440,10.4375,-0.15017661452293396,-0.023676881566643715,0.06630984470248222,0.0,0.1951797842979431,-0.10315560773015023,-0.15017661452293396
450,11.5625,-0.15007489919662476,-0.02712402828037739,0.03664814680814743,0.0,0.19762864708900452,-0.11260641366243362,-0.15007489919662476
460,12.0625,-0.15038956701755524,-0.024997826665639877,0.06362015455961227,0.0,0.20008578151464462,-0.10341080278158188,-0.15038956701755524
470,6.5625,-0.14416822791099548,-0.027866421081125737,0.030791691690683364,0.0,0.20231867283582688,-0.09758103266358376,-0.14416822791099548
480,10.875,-0.1529359370470047,-0.02404904253780842,0.028524036705493926,0.0,0.20240572541952134,-0.09376516118645668,-0.1529359370470047
490,8.6875,-0.1294720470905304,-0.0244259649887681,0.08097721636295319,0.0,0.20322129279375076,-0.09812727347016334,-0.1294720470905304
500,9.5625,-0.163627490401268,-0.027561102621257307,0.0731961414217949,0.0,0.20517860800027848,-0.10722384601831436,-0.163627490401268
510,6.875,-0.14264902472496033,-0.025755444541573524,0.01852096654474735,0.0,0.20631096959114076,-0.09806822165846825,-0.14264902472496033
520,7.1875,-0.15893110632896423,-0.02242627404630184,0.06916430070996285,0.0,0.20712772607803345,-0.10889749750494956,-0.15893110632896423
530,7.25,-0.1295490711927414,-0.02171489577740431,0.03845861852169037,0.0,0.20971245169639588,-0.0926800861954689,-0.1295490711927414
540,7.25,-0.13842105865478516,-0.02428247928619385,0.13324318528175355,0.0,0.20900638550519943,-0.09243761822581291,-0.13842105865478516
550,7.375,-0.1559997797012329,-0.026336872763931752,0.1316748395562172,0.0,0.21158203184604646,-0.08938749805092812,-0.1559997797012329
560,6.9375,-0.1383109837770462,-0.02676255851984024,0.02686248570680618,0.0,0.21211922764778138,-0.09614841789007186,-0.1383109837770462
570,7.6875,-0.15754196047782898,-0.025440661795437337,0.01748049445450306,0.0,0.21461254805326463,-0.09950407743453979,-0.15754196047782898
580,9.0,-0.1603822112083435,-0.018737231940031053,0.22057481706142426,0.0,0.2134847566485405,-0.09716473743319512,-0.1603822112083435
590,7.875,-0.15504533052444458,-0.024169472604990007,0.09713741540908813,0.0,0.21315626055002213,-0.09291600063443184,-0.15504533052444458
600,7.4375,-0.1451297104358673,-0.01984954737126827,0.03655144348740578,0.0,0.2131471484899521,-0.09294756352901459,-0.1451297104358673
610,7.6875,-0.16399729251861572,-0.025136242061853407,0.2868953227996826,0.0,0.21579843908548355,-0.09103652834892273,-0.16399729251861572
620,5.9375,-0.1397857964038849,-0.020603422448039053,0.046091039478778836,0.0,0.2132950246334076,-0.08586478084325791,-0.1397857964038849
630,7.5,-0.16598005592823029,-0.021513646841049193,0.13036805242300034,0.0,0.21501968950033187,-0.09404547810554505,-0.16598005592823029
640,6.4375,-0.13472618162631989,-0.026088431291282178,0.06052019000053406,0.0,0.21624034345149995,-0.09049745425581932,-0.13472618162631989
650,7.875,-0.14506518840789795,-0.02622135728597641,0.04362830594182014,0.0,0.21412772089242935,-0.08738648071885109,-0.14506518840789795
660,6.625,-0.13590309023857117,-0.02851546136662364,0.043288232386112215,0.0,0.21777490079402922,-0.08691569566726684,-0.13590309023857117
670,7.125,-0.12091231346130371,-0.02263442538678646,0.0344804473221302,0.0,0.21579695492982864,-0.08164646551012993,-0.12091231346130371
680,7.6875,-0.13540738821029663,-0.02800440452992916,0.03568402081727982,0.0,0.21932821869850158,-0.07975537553429604,-0.13540738821029663
690,5.0,-0.11775671690702438,-0.026988230273127557,0.048013394325971605,0.0,0.21632054299116135,-0.07909742034971715,-0.11775671690702438
700,7.125,-0.14116722345352173,-0.02638430967926979,0.039273707568645476,0.0,0.21825201958417892,-0.08272906765341759,-0.14116722345352173
710,9.375,-0.11128257215023041,-0.0247236680239439,0.028161873295903205,0.0,0.22029809653759003,-0.07578322291374207,-0.11128257215023041
720,6.0,-0.1350143849849701,-0.025908731482923032,0.034043964743614194,0.0,0.21868385821580888,-0.07312648966908455,-0.1350143849849701
730,8.0,-0.11867193132638931,-0.028069619834423066,0.026733285933732986,0.0,0.21829874366521834,-0.0707634598016739,-0.11867193132638931
740,8.0625,-0.10925541818141937,-0.02976604886353016,0.022129279375076295,0.0,0.22026767134666442,-0.06769928149878979,-0.10925541818141937
750,7.0,-0.14315849542617798,-0.029178301244974135,0.030117565020918845,0.0,0.21764202117919923,-0.07232168838381767,-0.14315849542617798
760,6.875,-0.11850737035274506,-0.02503126971423626,0.03542773500084877,0.0,0.21767936199903487,-0.07069753706455231,-0.11850737035274506
770,7.0625,-0.09487621486186981,-0.028095050156116484,0.019423962011933325,0.0,0.21903001964092256,-0.06406276449561119,-0.09487621486186981
780,9.3125,-0.09786663949489594,-0.024954944476485254,0.01918615624308586,0.0,0.2209044724702835,-0.06384836509823799,-0.09786663949489594
790,8.4375,-0.12183991074562073,-0.023783988878130914,0.02293669804930687,0.0,0.22159676551818847,-0.06720226854085923,-0.12183991074562073
800,9.3125,-0.09659485518932343,-0.027104156836867333,0.025423872470855712,0.0,0.2213583320379257,-0.06278358586132526,-0.09659485518932343
810,9.1875,-0.0981130450963974,-0.025728999078273772,0.018203097954392435,0.0,0.22251729816198348,-0.07318215072154999,-0.0981130450963974
820,7.6875,-0.1145385205745697,-0.022404738701879978,0.03684346675872803,0.0,0.222632098197937,-0.06535861827433109,-0.1145385205745697
830,7.875,-0.11290064454078674,-0.027562936022877692,0.07605909705162048,0.0,0.2196652814745903,-0.0725886806845665,-0.11290064454078674
840,9.0,-0.10993261635303497,-0.025666626915335656,0.030888912081718446,0.0,0.2211235612630844,-0.06854875683784485,-0.10993261635303497
850,9.6875,-0.12516754865646362,-0.0181276872754097,0.04040754586458206,0.0,0.22041643261909485,-0.07329262420535088,-0.12516754865646362
860,5.1875,-0.14257922768592834,-0.02465701140463352,0.02948990762233734,0.0,0.21929106563329698,-0.07527384161949158,-0.14257922768592834
870,8.75,-0.1350197046995163,-0.03398053403943777,0.039407120645046236,0.0,0.22338537573814393,-0.07487864978611469,-0.1350197046995163
880,7.375,-0.11642670631408691,-0.027207320742309093,0.038834436982870105,0.0,0.22070578932762147,-0.07452941834926605,-0.11642670631408691
890,9.1875,-0.12098388373851776,-0.02658517174422741,0.02486978881061077,0.0,0.22111225724220276,-0.08212143331766128,-0.12098388373851776
900,7.375,-0.1374804675579071,-0.028392302617430688,0.02655783258378506,0.0,0.22175317853689194,-0.07919604629278183,-0.1374804675579071
910,10.0625,-0.10990626364946365,-0.0240262433886528,0.027621950954198837,0.0,0.22308817505836487,-0.08103293105959893,-0.10990626364946365
920,7.0,-0.12571905553340912,-0.026084568724036215,0.04099516198039055,0.0,0.22269318848848343,-0.07747483626008034,-0.12571905553340912
930,9.3125,-0.11994405835866928,-0.024873008579015733,0.04513813033699989,0.0,0.22277754098176955,-0.08811400160193443,-0.11994405835866928
940,8.8125,-0.12958914041519165,-0.023376034945249556,0.05090095773339272,0.0,0.22312114089727403,-0.08732341974973679,-0.12958914041519165
950,8.6875,-0.12889519333839417,-0.02524841669946909,0.04678710475564003,0.0,0.2234346956014633,-0.08760036453604698,-0.12889519333839417
960,7.0625,-0.1320292055606842,-0.026707734912633896,0.06166521534323692,0.0,0.22242822647094726,-0.08327397257089615,-0.1320292055606842
970,6.75,-0.13737398386001587,-0.03066468648612499,0.03810972273349762,0.0,0.2219616502523422,-0.08257348909974098,-0.13737398386001587
980,9.875,-0.13131533563137054,-0.026585687696933747,0.038625648617744444,0.0,0.2224208503961563,-0.08154603838920593,-0.13131533563137054
990,8.25,-0.11523674428462982,-0.025429663248360157,0.047341879457235336,0.0,0.2191543012857437,-0.08563505709171296,-0.11523674428462982
1000,8.4375,-0.1307165026664734,-0.02551893349736929,0.05835367366671562,0.0,0.22462593913078308,-0.07513717748224735,-0.1307165026664734
1010,12.625,-0.10955171287059784,-0.02811352126300335,0.08901596516370773,0.0,0.22214971333742142,-0.07227542512118816,-0.10955171287059784
1020,7.625,-0.11564246565103531,-0.02491721138358116,0.0738227277994156,0.0,0.22201914340257645,-0.06807024814188481,-0.11564246565103531
1030,8.75,-0.0987500324845314,-0.02408309541642666,0.04893865138292312,0.0,0.22279732674360275,-0.07155312113463878,-0.0987500324845314
1040,8.0,-0.1024852991104126,-0.02360125966370106,0.03534640520811081,0.0,0.22245978116989135,-0.07302655130624772,-0.1024852991104126
1050,5.0,-0.13854137063026428,-0.031093808263540267,0.05269564911723137,0.0,0.22134353518486022,-0.0729308344423771,-0.13854137063026428
1060,4.4375,-0.12594722211360931,-0.023942415509372948,0.08486910313367843,0.0,0.21956008076667785,-0.07412312813103199,-0.12594722211360931
1070,6.875,-0.11005805432796478,-0.016962266340851784,0.039610424637794496,0.0,0.22679934799671173,-0.07155777513980865,-0.11005805432796478
1080,8.0625,-0.12813282012939453,-0.02476369459182024,0.04577983841300011,0.0,0.2221250578761101,-0.07509879618883133,-0.12813282012939453
1090,8.5625,-0.12812617421150208,-0.025647669099271297,0.047387749701738355,0.0,0.22075774669647216,-0.06859024353325367,-0.12812617421150208
1100,8.375,-0.11264275014400482,-0.027236275374889374,0.05512888208031654,0.0,0.22097177058458328,-0.0687283780425787,-0.11264275014400482
1110,6.3125,-0.13088224828243256,-0.03088740948587656,0.07436367869377136,0.0,0.22300815135240554,-0.06311494298279285,-0.13088224828243256
1120,8.0625,-0.09287627041339874,-0.023823469877243042,0.04771634191274643,0.0,0.22125795483589172,-0.07126610539853573,-0.09287627041339874
1130,8.0625,-0.1157737672328949,-0.02793542593717575,0.04896963089704513,0.0,0.22228607684373855,-0.06934574916958809,-0.1157737672328949
1140,7.25,-0.11652514338493347,-0.029640617966651916,0.06132200807332992,0.0,0.22201817333698273,-0.06704417616128922,-0.11652514338493347
1150,7.4375,-0.11260758340358734,-0.02053276225924492,0.07489356845617294,0.0,0.22417933493852615,-0.0656543254852295,-0.11260758340358734
1160,7.375,-0.10301877558231354,-0.028411633521318435,0.04201146811246872,0.0,0.22159254252910615,-0.07237971983850003,-0.10301877558231354
1170,9.0,-0.09733912348747253,-0.03070516660809517,0.036081225425004956,0.0,0.22295801639556884,-0.061198406293988226,-0.09733912348747253
1180,10.75,-0.10773253440856934,-0.024743949249386787,0.05691763088107109,0.0,0.22058993130922316,-0.07287071868777276,-0.10773253440856934
1190,9.625,-0.1364694982767105,-0.02474423125386238,0.07730790376663207,0.0,0.22406915128231047,-0.059231150522828103,-0.1364694982767105
1200,7.25,-0.13836073875427246,-0.032453359477221964,0.04900536984205246,0.0,0.22218686938285828,-0.06221053786575794,-0.13836073875427246
1210,10.5625,-0.10173435509204865,-0.03020992949604988,0.06472398713231087,0.0,0.22210139483213426,-0.06847856529057025,-0.10173435509204865
1220,6.75,-0.10112108290195465,-0.02767817359417677,0.0396716371178627,0.0,0.22422821074724197,-0.06347901709377765,-0.10112108290195465
1230,8.5,-0.08652157336473465,-0.029140935465693473,0.030895468220114707,0.0,0.22183039635419846,-0.05941497627645731,-0.08652157336473465
1240,8.3125,-0.10408401489257812,-0.027088135853409766,0.0309043750166893,0.0,0.22401780039072036,-0.05668055713176727,-0.10408401489257812
1250,8.8125,-0.0865335613489151,-0.02980363108217716,0.0406235583126545,0.0,0.22424252480268478,-0.056205207109451295,-0.0865335613489151
1260,10.125,-0.06853864341974258,-0.027605785802006722,0.02335256114602089,0.0,0.2240973547101021,-0.04934311956167221,-0.06853864341974258
1270,8.4375,-0.09564562141895294,-0.026478616893291472,0.02370198518037796,0.0,0.2195700451731682,-0.05461262799799442,-0.09564562141895294
1280,10.3125,-0.07733766734600067,-0.025655073951929806,0.032286038622260094,0.0,0.22512215226888657,-0.04986392576247454,-0.07733766734600067
1290,7.5,-0.11174666881561279,-0.029096530750393867,0.03935326263308525,0.0,0.22044233232736588,-0.050793517380952835,-0.11174666881561279
1300,3.6875,-0.13511016964912415,-0.024032028391957283,0.0696886956691742,0.0,0.2223450645804405,-0.050386760383844376,-0.13511016964912415
1310,7.5,-0.10641473531723022,-0.026811724156141283,0.017373339086771012,0.0,0.230338217318058,-0.04210601449012756,-0.10641473531723022
1320,10.0625,-0.10640090703964233,-0.02729373537003994,0.028605977073311806,0.0,0.22129276692867278,-0.050631188601255414,-0.10640090703964233
1330,8.4375,-0.08468954265117645,-0.029850425198674202,0.01540845949202776,0.0,0.22355985790491104,-0.040838176012039186,-0.08468954265117645
1340,10.375,-0.1062326729297638,-0.02924185395240784,0.05863549411296844,0.0,0.2247143417596817,-0.041426061373203996,-0.1062326729297638
1350,7.0,-0.10288610309362411,-0.02622423768043518,0.043471185863018035,0.0,0.2275830864906311,-0.044254263304173945,-0.10288610309362411
1360,12.3125,-0.06154375523328781,-0.02835717685520649,0.045749903470277783,0.0,0.22439467608928682,-0.03694120573345572,-0.06154375523328781
1370,11.0625,-0.08738705515861511,-0.034974153712391855,0.022706702724099158,0.0,0.22182448953390121,-0.04414039216935635,-0.08738705515861511
1380,7.0,-0.08744988590478897,-0.023846249282360076,0.01892278715968132,0.0,0.22318466156721115,-0.03976983963511884,-0.08744988590478897
1390,9.625,-0.07923060655593872,-0.02929096221923828,0.03792708143591881,0.0,0.22274766415357589,-0.03699340708553791,-0.07923060655593872
1400,9.875,-0.06875927001237869,-0.03483905270695686,0.05407803431153298,0.0,0.2224728837609291,-0.03977753329090774,-0.06875927001237869
1410,5.875,-0.11288435012102127,-0.023779067397117614,0.03285840451717377,0.0,0.22349361926317216,-0.039578999299556016,-0.11288435012102127
1420,10.5,-0.06546515226364136,-0.024761806428432464,0.026471248269081114,0.0,0.22816162109375,-0.02683838801458478,-0.06546515226364136
1430,9.0,-0.12116082012653351,-0.03143516667187214,0.0368039533495903,0.0,0.22119568437337875,-0.0440527206286788,-0.12116082012653351
1440,11.0625,-0.09396766126155853,-0.027253861539065838,0.05362773686647415,0.0,0.2238597720861435,-0.043870790489017965,-0.09396766126155853
1450,11.3125,-0.060380782932043076,-0.027283298224210738,0.026631003990769387,0.0,0.22025817930698394,-0.05033614076673985,-0.060380782932043076
1460,9.75,-0.08890832960605621,-0.02875637896358967,0.03026541918516159,0.0,0.22800521701574325,-0.041242216154932974,-0.08890832960605621
1470,7.875,-0.09867037832736969,-0.028958782367408276,0.022511833906173707,0.0,0.22004779875278474,-0.04667262844741345,-0.09867037832736969
1480,8.375,-0.09408734738826752,-0.030555007979273796,0.04117482230067253,0.0,0.22170793563127517,-0.046299980767071244,-0.09408734738826752
1490,11.25,-0.09056886285543442,-0.027780041098594666,0.029861117899417877,0.0,0.22400815635919571,-0.04296125844120979,-0.09056886285543442
1500,13.75,-0.07264372706413269,-0.030098825879395007,0.024926287680864335,0.0,0.22158653140068055,-0.04220130983740091,-0.07264372706413269
1510,11.8125,-0.08423513174057007,-0.027714055962860584,0.0160982308909297,0.0,0.22363314181566238,-0.047715946286916736,-0.08423513174057007
1520,7.25,-0.104185551404953,-0.033736740425229075,0.0955832690000534,0.0,0.22324106246232986,-0.04372815936803818,-0.104185551404953
1530,8.1875,-0.08521542698144913,-0.03100721873342991,0.029085874557495117,0.0,0.22421581745147706,-0.042695069685578346,-0.08521542698144913
1540,13.1875,-0.10944814234972,-0.028703247755765916,0.0426274374127388,0.0,0.22566484808921813,-0.048309338837862016,-0.10944814234972
1550,12.6875,-0.07821373641490936,-0.02633624114096165,0.06722970604896546,0.0,0.22780477702617646,-0.04007702246308327,-0.07821373641490936
1560,12.5625,-0.07501178979873657,-0.021936483681201935,0.10977297723293304,0.0,0.22192555367946626,-0.04289615266025067,-0.07501178979873657
1570,10.5,-0.09314452856779099,-0.028299011662602423,0.11402375102043152,0.0,0.22175546437501908,-0.03569749938324094,-0.09314452856779099
1580,9.4375,-0.100223109126091,-0.0255788829177618,0.03471226505935192,0.0,0.21773216873407364,-0.043034151941537854,-0.100223109126091
1590,10.4375,-0.08748684078454971,-0.02683870159089565,0.0354099802672863,0.0,0.22497368901968,-0.04262655451893806,-0.08748684078454971
1600,13.5,-0.09882396459579468,-0.03146878965198994,0.15297608822584152,0.0,0.22132656574249268,-0.04469038471579552,-0.09882396459579468
1610,10.8125,-0.06947949528694153,-0.02426847331225872,0.03589387983083725,0.0,0.22426121085882186,-0.05903119351714849,-0.06947949528694153
1620,13.6875,-0.11800145357847214,-0.027876141108572484,0.09696621745824814,0.0,0.22142554819583893,-0.0438370268791914,-0.11800145357847214
1630,13.3125,-0.10665182769298553,-0.03175639733672142,0.20223882496356965,0.0,0.22690961211919786,-0.05254322625696659,-0.10665182769298553
1640,11.0,-0.107108935713768,-0.025363408774137498,0.08901409059762955,0.0,0.22351355701684952,-0.04400413930416107,-0.107108935713768
1650,11.3125,-0.10743872821331024,-0.028380363062024117,0.14121639132499694,0.0,0.21879194378852845,-0.059727675095200536,-0.10743872821331024
1660,11.1875,-0.11940886825323105,-0.030981794744729996,0.0827136442065239,0.0,0.22208252251148225,-0.0599752614274621,-0.11940886825323105
1670,18.75,-0.08710542321205139,-0.026463568769395353,0.058863253146409986,0.0,0.226670703291893,-0.05480003301054239,-0.08710542321205139
1680,17.375,-0.13697902858257294,-0.030695411562919616,0.2244505763053894,0.0,0.22275554537773132,-0.06345390304923057,-0.13697902858257294
1690,10.375,-0.12174688279628754,-0.03757788315415382,0.09186689406633378,0.0,0.22319283187389374,-0.05613733790814877,-0.12174688279628754
1700,11.375,-0.10019851475954056,-0.02901502326130867,0.04089490920305252,0.0,0.22161926925182343,-0.04981279410421848,-0.10019851475954056
1710,9.875,-0.06718406826257706,-0.035547738522291185,0.06865307241678238,0.0,0.22364113628864288,-0.05575910620391369,-0.06718406826257706
1720,8.5,-0.10466442257165909,-0.02847543954849243,0.07339781522750854,0.0,0.22787801623344422,-0.056465888023376466,-0.10466442257165909
1730,9.875,-0.08534684777259827,-0.028711454197764396,0.08119175136089325,0.0,0.22820531576871872,-0.06817341186106204,-0.08534684777259827
1740,10.625,-0.10684779286384583,-0.02618459425866604,0.21587374806404114,0.0,0.2233649045228958,-0.061047444492578505,-0.10684779286384583
1750,7.25,-0.13189879059791565,-0.02246285043656826,0.052687256783247,0.0,0.22851425558328628,-0.05848540551960468,-0.13189879059791565
1760,9.0625,-0.11401519924402237,-0.029908011108636855,0.04010488912463188,0.0,0.22674344331026078,-0.051844696141779424,-0.11401519924402237
1770,12.875,-0.10074974596500397,-0.030977724492549895,0.04655833914875984,0.0,0.22619667649269104,-0.048630546778440475,-0.10074974596500397
1780,9.875,-0.11418941617012024,-0.03444811087101698,0.04766735509037971,0.0,0.22722644358873367,-0.05509913302958012,-0.11418941617012024
1790,13.4375,-0.08896690607070923,-0.0262695237994194,0.2322456181049347,0.0,0.2282538667321205,-0.05049814991652966,-0.08896690607070923
1800,13.125,-0.08659447729587555,-0.025633722357451916,0.16039638519287108,0.0,0.22534084767103196,-0.05290422849357128,-0.08659447729587555
1810,8.8125,-0.07705625146627426,-0.03144282605499029,0.055418553203344344,0.0,0.2273748368024826,-0.046259319968521596,-0.07705625146627426
1820,11.25,-0.06751201301813126,-0.031123296543955802,0.026916415616869926,0.0,0.2289810374379158,-0.04556659944355488,-0.06751201301813126
1830,11.8125,-0.10002738982439041,-0.02438727840781212,0.03681596741080284,0.0,0.22547398656606674,-0.03876751195639372,-0.10002738982439041
1840,8.6875,-0.09778591990470886,-0.026165710017085075,0.03265228271484375,0.0,0.2271170660853386,-0.04605454839766025,-0.09778591990470886
1850,12.0625,-0.0582905076444149,-0.03322576247155666,0.080203115940094,0.0,0.2285879895091057,-0.03974539171904325,-0.0582905076444149
1860,10.1875,-0.09112883359193802,-0.027773155272006987,0.0662062108516693,0.0,0.234593865275383,-0.0417185477912426,-0.09112883359193802
1870,10.9375,-0.07808850705623627,-0.02661212384700775,0.04942230135202408,0.0,0.23119565546512605,-0.04395529972389341,-0.07808850705623627
1880,8.3125,-0.08162757754325867,-0.029670200496912002,0.021005602926015852,0.0,0.22856586724519729,-0.035167560819536446,-0.08162757754325867
1890,8.1875,-0.10176229476928711,-0.030365164391696453,0.054834917187690735,0.0,0.23045251816511153,-0.034110842552036044,-0.10176229476928711
1900,8.625,-0.09095537662506104,-0.02293291799724102,0.057855427265167236,0.0,0.22969791740179063,-0.03982013501226902,-0.09095537662506104
1910,10.125,-0.06654728204011917,-0.030254725366830826,0.07204245626926423,0.0,0.22891081422567366,-0.04473995566368103,-0.06654728204011917
1920,8.9375,-0.0985310971736908,-0.02973695918917656,0.09487907737493514,0.0,0.2334477871656418,-0.03316528592258692,-0.0985310971736908
1930,6.625,-0.07615580409765244,-0.02254673410207033,0.04005518555641174,0.0,0.23218515366315842,-0.04086494520306587,-0.07615580409765244
1940,12.5,-0.05912136659026146,-0.023591725900769234,0.027283944934606553,0.0,0.23109916895627974,-0.030824883189052344,-0.05912136659026146
1950,12.0625,-0.08069221675395966,-0.027947325073182584,0.08980617225170136,0.0,0.22995866239070892,-0.0243406068533659,-0.08069221675395966
1960,12.0625,-0.06559868156909943,-0.030317809619009494,0.07644711285829545,0.0,0.22902782410383224,-0.036244483664631844,-0.06559868156909943
1970,9.9375,-0.06343753635883331,-0.031196704413741828,0.0660606101155281,0.0,0.231298066675663,-0.036170543543994425,-0.06343753635883331
1980,12.0625,-0.07670183479785919,-0.02963429465889931,0.07763309329748154,0.0,0.23333866745233536,-0.04944925857707858,-0.07670183479785919
1990,11.6875,-0.09357209503650665,-0.0351730365306139,0.10496834963560105,0.0,0.22999554127454758,-0.03877728376537561,-0.09357209503650665
2000,14.125,-0.0650634840130806,-0.02441055029630661,0.26790290474891665,0.0,0.23196351379156113,-0.0399602206191048,-0.0650634840130806
2010,13.375,-0.06968966126441956,-0.027331655099987983,0.03967012390494347,0.0,0.22841984182596206,-0.0391419367864728,-0.06968966126441956
2020,7.5,-0.11135968565940857,-0.021641357243061064,0.09877637773752213,0.0,0.2293551281094551,-0.03556616865098476,-0.11135968565940857
2030,10.125,-0.06606721878051758,-0.028081063367426395,0.08038286715745926,0.0,0.23072755187749863,-0.04169241115450859,-0.06606721878051758
2040,7.6875,-0.09957297146320343,-0.031334041617810726,0.03097778931260109,0.0,0.23357917368412018,-0.04124415926635265,-0.09957297146320343
2050,11.0,-0.09722601622343063,-0.03015141934156418,0.06120019778609276,0.0,0.2298589378595352,-0.03772081807255745,-0.09722601622343063
2060,11.0,-0.08428406715393066,-0.028755771927535534,0.052636883407831195,0.0,0.23030489236116408,-0.04404137767851353,-0.08428406715393066
2070,10.625,-0.09273606538772583,-0.02380611337721348,0.06535362154245376,0.0,0.23297318071126938,-0.042875100299715994,-0.09273606538772583
2080,11.875,-0.0965648740530014,-0.03078751973807812,0.04933127462863922,0.0,0.22867867052555085,-0.04312072950415313,-0.0965648740530014
2090,12.875,-0.08764995634555817,-0.029339709784835577,0.24749912619590758,0.0,0.22797412127256395,-0.04193021673709154,-0.08764995634555817
2100,10.1875,-0.08047827333211899,-0.03097829595208168,0.04173069894313812,0.0,0.2302244335412979,-0.04654709193855524,-0.08047827333211899
2110,7.375,-0.10471077263355255,-0.024532167240977287,0.030359919741749765,0.0,0.22585882991552353,-0.05051248800009489,-0.10471077263355255
2120,9.4375,-0.07170986384153366,-0.032604125887155534,0.04465099051594734,0.0,0.22783892154693602,-0.04185647964477539,-0.07170986384153366
2130,10.1875,-0.07128877937793732,-0.027892772853374482,0.043340764939785004,0.0,0.22961135804653168,-0.05770271308720112,-0.07128877937793732
2140,14.0625,-0.06286417692899704,-0.02497219741344452,0.07491879463195801,0.0,0.22746202796697618,-0.04213370829820633,-0.06286417692899704
2150,9.9375,-0.09785330295562744,-0.028093240223824978,0.07365846782922744,0.0,0.22706179320812225,-0.0536534633487463,-0.09785330295562744
2160,9.5625,-0.08568104356527328,-0.03478611633181572,0.09587697982788086,0.0,0.22795169651508332,-0.05378134772181511,-0.08568104356527328
2170,12.875,-0.11436693370342255,-0.028845271840691567,0.049688516184687614,0.0,0.22864091396331787,-0.05688381902873516,-0.11436693370342255
2180,13.6875,-0.07676108181476593,-0.02398395575582981,0.08971284180879593,0.0,0.23342408686876298,-0.044267459958791736,-0.07676108181476593
2190,9.75,-0.08706033229827881,-0.02528485544025898,0.03664738908410072,0.0,0.23101364076137543,-0.04893632922321558,-0.08706033229827881
2200,11.375,-0.08467736095190048,-0.032402842119336125,0.06904804557561875,0.0,0.22874561399221421,-0.04502329491078853,-0.08467736095190048
2210,12.9375,-0.07788781821727753,-0.025418046861886978,0.04773399978876114,0.0,0.23161126524209977,-0.04859313815832138,-0.07788781821727753
2220,8.625,-0.0620233491063118,-0.027272338047623634,0.0395602285861969,0.0,0.2216579183936119,-0.041824034228920934,-0.0620233491063118
2230,9.5,-0.09911864995956421,-0.029577201604843138,0.20287705063819886,0.0,0.22923488169908524,-0.04705306626856327,-0.09911864995956421
2240,13.5625,-0.06689274311065674,-0.02307833544909954,0.05651368424296379,0.0,0.23299391716718673,-0.04329184982925653,-0.06689274311065674
2250,13.6875,-0.08857420086860657,-0.028041053749620914,0.03318943902850151,0.0,0.2266051009297371,-0.054089440312236545,-0.08857420086860657
2260,10.375,-0.0926116332411766,-0.02096458151936531,0.08215151280164719,0.0,0.22866054326295854,-0.049530813470482826,-0.0926116332411766
2270,12.3125,-0.09851697832345963,-0.029499557241797446,0.04241950586438179,0.0,0.2300341546535492,-0.05055078752338886,-0.09851697832345963
2280,9.1875,-0.08959560096263885,-0.02732846699655056,0.17528924643993377,0.0,0.22925562113523484,-0.04328908212482929,-0.08959560096263885
2290,15.375,-0.11958961933851242,-0.04043482020497322,0.049780966341495515,0.0,0.22611383944749833,-0.050173035077750686,-0.11958961933851242
2300,11.6875,-0.13867422938346863,-0.032526960037648676,0.027661440148949622,0.0,0.22432170808315277,-0.05069167390465736,-0.13867422938346863
2310,11.625,-0.08497005701065063,-0.031322839483618733,0.022883696109056474,0.0,0.22525118589401244,-0.04302385281771422,-0.08497005701065063
2320,9.8125,-0.07644395530223846,-0.02587435059249401,0.039344131201505664,0.0,0.22801362723112106,-0.06018414776772261,-0.07644395530223846
2330,7.0,-0.09512209892272949,-0.02771665919572115,0.019202130287885665,0.0,0.22480015307664872,-0.04504008628427982,-0.09512209892272949
2340,13.5625,-0.09615736454725266,-0.03374416511505842,0.07574678361415862,0.0,0.2266342595219612,-0.051427538692951205,-0.09615736454725266
2350,9.9375,-0.09304460138082504,-0.023635120317339896,0.05595846772193909,0.0,0.22179191261529924,-0.05667969416826964,-0.09304460138082504
2360,12.375,-0.08284830302000046,-0.023875990137457847,0.12301723659038544,0.0,0.2291013106703758,-0.05672047100961208,-0.08284830302000046
2370,10.75,-0.0979704037308693,-0.0323208462446928,0.09557159841060639,0.0,0.22788077592849731,-0.05706971324980259,-0.0979704037308693
2380,9.6875,-0.09988854825496674,-0.027872495632618666,0.022633952274918556,0.0,0.22615555673837662,-0.05339791625738144,-0.09988854825496674
2390,11.75,-0.1023673266172409,-0.0273337971419096,0.04028265997767448,0.0,0.22631333023309708,-0.052619410678744316,-0.1023673266172409
2400,9.3125,-0.10526825487613678,-0.028125286847352982,0.053173113614320755,0.0,0.22759580314159394,-0.06260247845202685,-0.10526825487613678
2410,10.3125,-0.09601624310016632,-0.03213171549141407,0.046327528357505796,0.0,0.2313392400741577,-0.06214422211050987,-0.09601624310016632
2420,7.5625,-0.11441445350646973,-0.027707848697900772,0.018931038677692413,0.0,0.22413429766893386,-0.0550742331892252,-0.11441445350646973
2430,9.75,-0.0851869285106659,-0.030469412729144097,0.03267333433032036,0.0,0.22678116708993912,-0.04968056976795197,-0.0851869285106659
2440,11.625,-0.06254837661981583,-0.026028203964233398,0.17224684953689576,0.0,0.2252489671111107,-0.05462194494903087,-0.06254837661981583
2450,14.5,-0.09918825328350067,-0.030744884721934797,0.03859290853142738,0.0,0.2273184224963188,-0.06498516127467155,-0.09918825328350067
2460,9.6875,-0.08720369637012482,-0.026967376843094824,0.0472081407904625,0.0,0.22620029598474503,-0.05759226847440004,-0.08720369637012482
2470,9.375,-0.11672042310237885,-0.03661688398569822,0.04986242577433586,0.0,0.2252475455403328,-0.05934332311153412,-0.11672042310237885
2480,10.6875,-0.08311685919761658,-0.02680169641971588,0.02430759109556675,0.0,0.22634225636720656,-0.05108961462974548,-0.08311685919761658
2490,6.1875,-0.07976558059453964,-0.026839188672602175,0.03140631802380085,0.0,0.22892541140317918,-0.0501955434679985,-0.07976558059453964
2500,11.875,-0.09117641299962997,-0.02852646466344595,0.024165315553545952,0.0,0.22478150129318236,-0.050857681408524515,-0.09117641299962997
2510,7.875,-0.08336170762777328,-0.022622957453131677,0.05062170997262001,0.0,0.22728597074747087,-0.04228920489549637,-0.08336170762777328
2520,8.1875,-0.07260583341121674,-0.025175167620182036,0.03268037848174572,0.0,0.22441476434469224,-0.05550870429724455,-0.07260583341121674
2530,11.4375,-0.09031848609447479,-0.030786997824907302,0.05099940299987793,0.0,0.22657812386751175,-0.048868201300501825,-0.09031848609447479
2540,8.625,-0.11012530326843262,-0.03087996654212475,0.08710491359233856,0.0,0.2265746295452118,-0.05585908591747284,-0.11012530326843262
2550,9.6875,-0.08701074123382568,-0.028478190675377844,0.07927256077528,0.0,0.22903542071580887,-0.053870581462979315,-0.08701074123382568
2560,9.75,-0.11069900542497635,-0.0304313238710165,0.046438635885715486,0.0,0.22921327352523804,-0.05678122192621231,-0.11069900542497635
2570,10.75,-0.08384546637535095,-0.038016504049301146,0.08809645175933838,0.0,0.22713764756917953,-0.050490887835621834,-0.08384546637535095
2580,10.25,-0.08595386147499084,-0.02797045707702637,0.10415707230567932,0.0,0.22427624017000197,-0.05240798182785511,-0.08595386147499084
2590,8.9375,-0.12655965983867645,-0.03739117868244648,0.049722421914339066,0.0,0.22772999703884125,-0.05670602582395077,-0.12655965983867645
2600,12.5,-0.10575947165489197,-0.03061150722205639,0.10442474037408829,0.0,0.2275667443871498,-0.05261638257652521,-0.10575947165489197
2610,11.875,-0.1250196397304535,-0.02980458363890648,0.08436548560857773,0.0,0.22964196801185607,-0.05638958513736725,-0.1250196397304535
2620,8.5,-0.128917396068573,-0.033778178691864016,0.05143279284238815,0.0,0.22907309532165526,-0.05470259767025709,-0.128917396068573
2630,10.375,-0.11963985860347748,-0.03401031419634819,0.09335711896419525,0.0,0.22971393465995787,-0.0611874483525753,-0.11963985860347748
2640,10.0625,-0.08316704630851746,-0.027740887459367515,0.034180859103798866,0.0,0.23035130202770232,-0.050347373634576795,-0.08316704630851746
2650,11.4375,-0.10248038172721863,-0.0281375989317894,0.020331191644072533,0.0,0.23134222775697708,-0.05119685754179955,-0.10248038172721863
2660,8.75,-0.09512993693351746,-0.02601982094347477,0.13441136330366135,0.0,0.23358584195375443,-0.05209324155002833,-0.09512993693351746
2670,11.25,-0.09993168711662292,-0.03520471267402172,0.05662117600440979,0.0,0.23060931861400605,-0.05963482558727264,-0.09993168711662292
2680,11.5625,-0.053750861436128616,-0.03039787020534277,0.07629963457584381,0.0,0.23202751874923705,-0.05047959089279175,-0.053750861436128616
2690,8.5625,-0.10018326342105865,-0.030526164174079894,0.028122787550091743,0.0,0.2338830828666687,-0.045724689960479736,-0.10018326342105865
2700,8.625,-0.09441819787025452,-0.02391509562730789,0.03777395710349083,0.0,0.23120613992214203,-0.04941001571714878,-0.09441819787025452
2710,9.4375,-0.10249112546443939,-0.03056721165776253,0.028737308084964754,0.0,0.23080662190914153,-0.06187355890870094,-0.10249112546443939
2720,13.4375,-0.06861969828605652,-0.02793174460530281,0.04930699914693833,0.0,0.23520513027906417,-0.05035565420985222,-0.06861969828605652
2730,7.1875,-0.10392223298549652,-0.024449812807142736,0.044056405872106554,0.0,0.23119354844093323,-0.056640772894024846,-0.10392223298549652
2740,13.8125,-0.08014774322509766,-0.02693926654756069,0.1427490457892418,0.0,0.23251230120658875,-0.04585491791367531,-0.08014774322509766
2750,9.125,-0.10273081064224243,-0.030261244904249907,0.04992374181747437,0.0,0.23447425216436385,-0.04569716192781925,-0.10273081064224243
2760,10.6875,-0.07121196389198303,-0.028109503909945488,0.03690416514873505,0.0,0.2323354572057724,-0.043240966834127904,-0.07121196389198303
2770,11.25,-0.1168791651725769,-0.028817297145724296,0.03427737131714821,0.0,0.2349950909614563,-0.04365011025220156,-0.1168791651725769
2780,10.25,-0.10372252017259598,-0.030818456038832664,0.07610864788293839,0.0,0.23234251886606216,-0.04974355529993772,-0.10372252017259598
2790,9.8125,-0.06838984042406082,-0.02659471295773983,0.018427693471312522,0.0,0.2326915219426155,-0.04550578203052282,-0.06838984042406082
2800,12.6875,-0.11903867870569229,-0.02146698236465454,0.23882962465286256,0.0,0.23153753131628035,-0.04380863346159458,-0.11903867870569229
2810,8.0625,-0.07476788014173508,-0.02882106862962246,0.08179957866668701,0.0,0.2276139438152313,-0.06602842714637518,-0.07476788014173508
2820,11.875,-0.11109897494316101,-0.027277266792953014,0.06379202529788017,0.0,0.23130110949277877,-0.051492578163743016,-0.11109897494316101
2830,11.625,-0.0845135822892189,-0.02685195729136467,0.04121391177177429,0.0,0.2345806509256363,-0.05027091223746538,-0.0845135822892189
2840,9.125,-0.07750646770000458,-0.03907128162682057,0.01769878566265106,0.0,0.23448994755744934,-0.060059957578778266,-0.07750646770000458
2850,8.4375,-0.12164868414402008,-0.025404158048331738,0.08504409343004227,0.0,0.23194485306739807,-0.047532469034194946,-0.12164868414402008
2860,7.25,-0.13842283189296722,-0.030841878056526183,0.1118777334690094,0.0,0.23271593898534776,-0.058776913210749626,-0.13842283189296722
2870,7.8125,-0.10043994337320328,-0.026555655151605607,0.0948704093694687,0.0,0.2321735918521881,-0.04935649391263723,-0.10043994337320328
2880,8.5,-0.10695832967758179,-0.03634685408324003,0.030769837275147437,0.0,0.23454985469579698,-0.0567293856292963,-0.10695832967758179
2890,10.625,-0.1004568338394165,-0.028038090467453,0.06779806092381477,0.0,0.23116658329963685,-0.051542552188038826,-0.1004568338394165
2900,13.4375,-0.07568196952342987,-0.02678486444056034,0.04317706599831581,0.0,0.228738234937191,-0.04326479639858007,-0.07568196952342987
2910,10.5625,-0.12078819423913956,-0.032487080246210095,0.10758505165576934,0.0,0.23519704192876817,-0.048315292410552504,-0.12078819423913956
2920,8.9375,-0.10752712190151215,-0.03202908001840114,0.0718357041478157,0.0,0.23512389361858368,-0.060411165654659274,-0.10752712190151215
2930,13.0625,-0.0849621370434761,-0.02767913304269314,0.02545468881726265,0.0,0.23637183159589767,-0.05536686182022095,-0.0849621370434761
2940,13.875,-0.13229766488075256,-0.03095318963751197,0.08525901287794113,0.0,0.23226980566978456,-0.06056839525699616,-0.13229766488075256
2950,11.375,-0.07941752672195435,-0.029015513509511946,0.06416839063167572,0.0,0.23075641244649886,-0.041363497450947764,-0.07941752672195435
2960,11.0,-0.13998937606811523,-0.023493362963199614,0.2509428203105927,0.0,0.23044796288013458,-0.05880979113280773,-0.13998937606811523
2970,11.5625,-0.11182820796966553,-0.025394237041473387,0.07253559902310372,0.0,0.23229813873767852,-0.0627558758482337,-0.11182820796966553
2980,8.5625,-0.12254457920789719,-0.023744147270917892,0.04809996336698532,0.0,0.23319777995347976,-0.05899578705430031,-0.12254457920789719
2990,10.6875,-0.12416084110736847,-0.0275754876434803,0.03954686522483826,0.0,0.23277719616889953,-0.06236441098153591,-0.12416084110736847
3000,18.0,-0.09786363691091537,-0.029426147416234016,0.09046187996864319,0.0,0.2325872853398323,-0.05629948154091835,-0.09786363691091537
3010,10.5,-0.08581345528364182,-0.030896414816379548,0.18022843897342683,0.0,0.23212250471115112,-0.06209299713373184,-0.08581345528364182
3020,11.3125,-0.08280283212661743,-0.024888789653778075,0.09551348686218261,0.0,0.23357663601636885,-0.057489252835512164,-0.08280283212661743
3030,13.625,-0.10095559060573578,-0.027161284163594247,0.0894206091761589,0.0,0.23217912316322326,-0.055040988326072696,-0.10095559060573578
3040,9.75,-0.09499117732048035,-0.031065644696354866,0.044890744239091875,0.0,0.23341439068317413,-0.05342077128589153,-0.09499117732048035
3050,11.25,-0.09178926795721054,-0.026398094743490218,0.21327353715896608,0.0,0.23509787619113923,-0.05979125909507275,-0.09178926795721054
3060,9.0625,-0.10231417417526245,-0.018438024446368217,0.13185786753892897,0.0,0.23601605743169785,-0.057202397659420964,-0.10231417417526245
3070,8.8125,-0.11507143825292587,-0.029187471978366374,0.026821621879935264,0.0,0.234515580534935,-0.05925801731646061,-0.11507143825292587
3080,11.4375,-0.13144227862358093,-0.020780214667320253,0.2151146948337555,0.0,0.23341782838106157,-0.058114809170365336,-0.13144227862358093
3090,9.9375,-0.08082038164138794,-0.028643472492694853,0.0470063291490078,0.0,0.2337479829788208,-0.05197652317583561,-0.08082038164138794
3100,9.9375,-0.11366154998540878,-0.03404750898480415,0.056913502514362335,0.0,0.23050243258476258,-0.0500229649245739,-0.11366154998540878
3110,9.8125,-0.09270202368497849,-0.022280891612172126,0.11965764462947845,0.0,0.23158123940229416,-0.051949096471071245,-0.09270202368497849
3120,10.9375,-0.07754697650671005,-0.03186247050762177,0.31939353942871096,0.0,0.23408897668123246,-0.04991322346031666,-0.07754697650671005
3130,11.5,-0.0876389890909195,-0.03257327117025852,0.12515821307897568,0.0,0.23415403217077255,-0.05827421881258488,-0.0876389890909195
3140,13.0,-0.07903836667537689,-0.029605021886527538,0.03937838524580002,0.0,0.23024499416351318,-0.06083748023957014,-0.07903836667537689
3150,12.0,-0.077748604118824,-0.02953361123800278,0.07699410766363143,0.0,0.23486090153455735,-0.05912533923983574,-0.077748604118824
3160,13.8125,-0.1029595211148262,-0.030282004922628402,0.09156532734632492,0.0,0.23542817831039428,-0.06113581210374832,-0.1029595211148262
3170,9.5625,-0.060900330543518066,-0.020970768854022027,0.09152743816375733,0.0,0.22981064021587372,-0.0495197556912899,-0.060900330543518066
3180,8.5625,-0.1460580825805664,-0.035212600231170656,0.02966587096452713,0.0,0.23378134816884993,-0.05432974677532911,-0.1460580825805664
3190,8.0,-0.062206123024225235,-0.02841113768517971,0.026092388853430747,0.0,0.23578856140375137,-0.0531681451946497,-0.062206123024225235
3200,9.375,-0.09012683480978012,-0.020135848969221114,0.20507896840572357,0.0,0.23488373607397078,-0.058827659115195274,-0.09012683480978012
3210,10.3125,-0.11472200602293015,-0.0272228617221117,0.0688312292098999,0.0,0.23254506140947342,-0.04804348200559616,-0.11472200602293015
3220,10.8125,-0.09813591837882996,-0.024511869065463543,0.041471284627914426,0.0,0.23319202661514282,-0.05554317198693752,-0.09813591837882996
3230,12.5,-0.11547306180000305,-0.0269897423684597,0.03318086676299572,0.0,0.2351143851876259,-0.05115489363670349,-0.11547306180000305
3240,8.625,-0.09101764857769012,-0.03255402138456702,0.035154009610414504,0.0,0.2330324947834015,-0.046843284368515016,-0.09101764857769012
3250,7.75,-0.10470974445343018,-0.034781576693058015,0.023136115446686745,0.0,0.23483521193265916,-0.05610976051539183,-0.10470974445343018
3260,9.625,-0.08721010386943817,-0.030396386981010437,0.07159490734338761,0.0,0.23466580361127853,-0.04521858803927899,-0.08721010386943817
3270,7.625,-0.13574987649917603,-0.03705233186483383,0.041607167571783066,0.0,0.23387157917022705,-0.05353934038430452,-0.13574987649917603
3280,8.0,-0.1257862001657486,-0.028296675998717546,0.05426051467657089,0.0,0.23642608225345613,-0.04756061937659979,-0.1257862001657486
3290,11.6875,-0.08445097506046295,-0.03279484771192074,0.07461646124720574,0.0,0.2353694722056389,-0.054791712388396266,-0.08445097506046295
3300,9.5625,-0.08496963977813721,-0.028081947192549705,0.06943003982305526,0.0,0.23011043518781663,-0.048391072824597356,-0.08496963977813721
3310,11.5,-0.07521198689937592,-0.02951902262866497,0.06268079578876495,0.0,0.2336628556251526,-0.043838095478713514,-0.07521198689937592
3320,9.9375,-0.10953979194164276,-0.033306078240275386,0.03916464298963547,0.0,0.22897755950689316,-0.049382670503109696,-0.10953979194164276
3330,9.25,-0.10915082693099976,-0.026744686439633368,0.06680490225553512,0.0,0.22908003628253937,-0.04785906281322241,-0.10915082693099976
3340,10.1875,-0.07002782821655273,-0.03351919874548912,0.04302829578518867,0.0,0.23437323272228242,-0.0374479366466403,-0.07002782821655273
3350,10.3125,-0.13411980867385864,-0.031968388333916666,0.5884470820426941,0.0,0.23669565767049788,-0.061600197479128836,-0.13411980867385864
3360,11.4375,-0.11799615621566772,-0.029590054228901864,0.07932493537664413,0.0,0.23489683121442795,-0.06923416294157506,-0.11799615621566772
3370,7.0,-0.12406868487596512,-0.03129466362297535,0.17795366942882537,0.0,0.2347462296485901,-0.06010012663900852,-0.12406868487596512
3380,8.1875,-0.0676828995347023,-0.02363545522093773,0.0406278520822525,0.0,0.23718178272247314,-0.05509200431406498,-0.0676828995347023
3390,10.25,-0.07936941087245941,-0.032293276861310005,0.0427170492708683,0.0,0.23209547698497773,-0.042301596887409684,-0.07936941087245941
3400,10.625,-0.08689972758293152,-0.03182780854403973,0.03477008417248726,0.0,0.2362876147031784,-0.047014324367046355,-0.08689972758293152
3410,10.5,-0.08736639469861984,-0.03587240502238274,0.06008766070008278,0.0,0.2362002983689308,-0.04057573154568672,-0.08736639469861984
3420,6.625,-0.08901307731866837,-0.0248267812654376,0.021037747710943223,0.0,0.23682997226715088,-0.05453278422355652,-0.08901307731866837
3430,7.75,-0.11320164799690247,-0.036369303800165655,0.033222734555602075,0.0,0.23644425868988037,-0.052754496410489085,-0.11320164799690247
3440,12.6875,-0.06325064599514008,-0.029883404448628425,0.1388418361544609,0.0,0.2391294941306114,-0.04155319482088089,-0.06325064599514008
3450,12.9375,-0.10562112927436829,-0.034791140258312224,0.10621963739395142,0.0,0.2371746063232422,-0.04998011365532875,-0.10562112927436829
3460,9.8125,-0.08911769092082977,-0.026973139494657516,0.10759652405977249,0.0,0.23944617062807083,-0.04630295988172293,-0.08911769092082977
3470,11.1875,-0.09306393563747406,-0.02578735165297985,0.06975379735231399,0.0,0.2361864775419235,-0.04867503345012665,-0.09306393563747406
3480,8.625,-0.12014023959636688,-0.03079399447888136,0.07368310242891311,0.0,0.23646438717842103,-0.0559116655960679,-0.12014023959636688
3490,8.9375,-0.10150927305221558,-0.03509427607059479,0.03325251340866089,0.0,0.2377700015902519,-0.0470052283257246,-0.10150927305221558
3500,12.375,-0.08346983045339584,-0.028796384669840337,0.06262603253126145,0.0,0.24199592620134353,-0.05153445415198803,-0.08346983045339584
3510,10.125,-0.09192298352718353,-0.03744150139391422,0.02227138802409172,0.0,0.2375991612672806,-0.04467554222792387,-0.09192298352718353
3520,8.125,-0.12607896327972412,-0.03276026416569948,0.11183026582002639,0.0,0.23352559208869933,-0.0564802385866642,-0.12607896327972412
3530,9.3125,-0.10491405427455902,-0.02950581833720207,0.024189341813325882,0.0,0.2315872475504875,-0.04103510044515133,-0.10491405427455902
3540,11.625,-0.11048553884029388,-0.027064098790287972,0.20208097994327545,0.0,0.23645989298820497,-0.06054079458117485,-0.11048553884029388
3550,9.375,-0.07686997205018997,-0.025306602567434312,0.058137066662311554,0.0,0.23648375272750854,-0.04592966064810753,-0.07686997205018997
3560,18.5625,-0.11182868480682373,-0.03732998799532652,0.07411913722753524,0.0,0.23770799487829208,-0.05879464447498321,-0.11182868480682373
3570,11.125,-0.06692201644182205,-0.03013019450008869,0.05516486018896103,0.0,0.2371314138174057,-0.04407680872827768,-0.06692201644182205
3580,9.0625,-0.10483086854219437,-0.033243199810385704,0.029667412862181664,0.0,0.23657113015651704,-0.04545974414795637,-0.10483086854219437
3590,6.875,-0.13056901097297668,-0.0356642359867692,0.027661537006497382,0.0,0.23450074344873428,-0.048235763981938365,-0.13056901097297668
3600,8.3125,-0.086233951151371,-0.027884164452552797,0.028260092809796335,0.0,0.23410338610410691,-0.04730297066271305,-0.086233951151371
3610,8.1875,-0.08945082128047943,-0.030080783180892467,0.033572358265519145,0.0,0.23804471343755723,-0.03861495666205883,-0.08945082128047943
3620,7.125,-0.04043976962566376,-0.02782895863056183,0.01565225925296545,0.0,0.23790357410907745,-0.03411038019694388,-0.04043976962566376
3630,9.0625,-0.08350357413291931,-0.03288100901991129,0.03920908123254776,0.0,0.23650196194648743,-0.04360440410673618,-0.08350357413291931
3640,8.875,-0.11347880959510803,-0.030763309076428415,0.03893834203481674,0.0,0.23819846659898758,-0.038931681960821155,-0.11347880959510803
3650,9.8125,-0.06472031772136688,-0.02290269210934639,0.03124169446527958,0.0,0.23765114545822144,-0.03958609215915203,-0.06472031772136688
3660,12.1875,-0.06160099804401398,-0.03051818087697029,0.056919071823358536,0.0,0.23851528465747834,-0.04857896361500025,-0.06160099804401398
3670,13.375,-0.1118309274315834,-0.031885300576686856,0.10948052853345872,0.0,0.2374894618988037,-0.045602081902325155,-0.1118309274315834
3680,9.1875,-0.0834132581949234,-0.0250489242374897,0.24369395077228545,0.0,0.2371908903121948,-0.03789265267550945,-0.0834132581949234
3690,11.3125,-0.0749167650938034,-0.02919170297682285,0.11298031955957413,0.0,0.2394421637058258,-0.04613933339715004,-0.0749167650938034
3700,8.625,-0.0960172638297081,-0.03603382483124733,0.04322337806224823,0.0,0.24000923037528993,-0.043376459088176486,-0.0960172638297081
3710,11.375,-0.08255387842655182,-0.03432121463119984,0.014455769211053848,0.0,0.23652980029582976,-0.040378880500793454,-0.08255387842655182
3720,12.1875,-0.09764646738767624,-0.031415984779596326,0.062395456433296206,0.0,0.2342948228120804,-0.03576062880456447,-0.09764646738767624
3730,9.25,-0.0814354419708252,-0.02632798384875059,0.03404650390148163,0.0,0.23700809180736543,-0.04707104675471783,-0.0814354419708252
3740,9.25,-0.08330956846475601,-0.026879874616861345,0.20544568002223967,0.0,0.2397465392947197,-0.03624638840556145,-0.08330956846475601
3750,7.25,-0.0712059736251831,-0.0301791537553072,0.020588812604546546,0.0,0.23667078018188475,-0.046260051801800726,-0.0712059736251831
3760,10.1875,-0.07142080366611481,-0.031986885145306586,0.059077920764684676,0.0,0.2378919541835785,-0.03646262362599373,-0.07142080366611481
3770,6.25,-0.09794336557388306,-0.032715865224599835,0.025107963383197783,0.0,0.23809189945459366,-0.04569628834724426,-0.09794336557388306
3780,11.125,-0.08232136070728302,-0.028107281774282455,0.09766088426113129,0.0,0.2371262475848198,-0.03779932707548141,-0.08232136070728302
3790,7.6875,-0.07879200577735901,-0.03205205388367176,0.07899895012378692,0.0,0.23643696755170823,-0.04278051145374775,-0.07879200577735901
3800,9.0625,-0.11637946218252182,-0.03045835830271244,0.19066455960273743,0.0,0.2350069299340248,-0.04544497206807137,-0.11637946218252182
3810,9.9375,-0.08122624456882477,-0.024086531065404416,0.03602213002741337,0.0,0.23087941408157348,-0.047902564704418185,-0.08122624456882477
3820,7.6875,-0.10294467210769653,-0.02853775881230831,0.03294809088110924,0.0,0.23446449488401414,-0.042710994556546214,-0.10294467210769653
3830,9.375,-0.07138943672180176,-0.03128185272216797,0.03620138913393021,0.0,0.23513678312301636,-0.04352852236479521,-0.07138943672180176
3840,8.3125,-0.08031168580055237,-0.0315501444041729,0.05972491726279259,0.0,0.2363042414188385,-0.0339871559292078,-0.08031168580055237
3850,11.875,-0.09970429539680481,-0.029641668871045114,0.1286588042974472,0.0,0.23663715422153472,-0.04372074492275715,-0.09970429539680481
3860,7.4375,-0.10832023620605469,-0.02513927984982729,0.3900368928909302,0.0,0.2359956830739975,-0.04788052830845117,-0.10832023620605469
3870,8.8125,-0.0885087326169014,-0.032312240451574326,0.1466348499059677,0.0,0.23996958136558533,-0.040488858334720136,-0.0885087326169014
3880,11.0,-0.09456582367420197,-0.029954756796360015,0.08088449835777282,0.0,0.23743151873350143,-0.04961605072021484,-0.09456582367420197
3890,7.375,-0.07619627565145493,-0.03519378155469895,0.033233384042978285,0.0,0.23879252672195433,-0.04013533387333155,-0.07619627565145493
3900,6.625,-0.08897387236356735,-0.026635686680674554,0.03748793676495552,0.0,0.23786023408174514,-0.039812194369733336,-0.08897387236356735
3910,8.5625,-0.07762280851602554,-0.027974827215075493,0.09471312761306763,0.0,0.24048976451158524,-0.045440016128122804,-0.07762280851602554
3920,9.9375,-0.08313785493373871,-0.027652133256196976,0.03671826422214508,0.0,0.23523267954587937,-0.03407464399933815,-0.08313785493373871
3930,9.1875,-0.07276429980993271,-0.022440198436379434,0.07547075450420379,0.0,0.23758397698402406,-0.04624506961554289,-0.07276429980993271
3940,9.0625,-0.08771392703056335,-0.029870157688856126,0.023427994549274446,0.0,0.23716664165258408,-0.03728757668286562,-0.08771392703056335
3950,8.4375,-0.08209057152271271,-0.023464938160032034,0.022299199551343917,0.0,0.24127916395664215,-0.038481750153005125,-0.08209057152271271
3960,9.9375,-0.0962560847401619,-0.03356313556432724,0.05517487153410912,0.0,0.23989082574844361,-0.03825551737099886,-0.0962560847401619
3970,8.0,-0.09110741317272186,-0.03253391534090042,0.025067634880542755,0.0,0.23984556049108505,-0.031895329058170316,-0.09110741317272186
3980,10.4375,-0.0499587319791317,-0.02939736321568489,0.0901093453168869,0.0,0.24320722818374635,-0.03561927136033773,-0.0499587319791317
3990,11.25,-0.09145215898752213,-0.024642379581928255,0.16889225840568542,0.0,0.24079703241586686,-0.04048266261816025,-0.09145215898752213
4000,14.875,-0.09035900980234146,-0.030850205570459366,0.04150768890976906,0.0,0.24440425038337707,-0.04353224206715822,-0.09035900980234146
4010,9.6875,-0.08024856448173523,-0.02655416913330555,0.03535978794097901,0.0,0.2478066563606262,-0.03904369417577982,-0.08024856448173523
4020,6.9375,-0.06311085820198059,-0.03344678282737732,0.05568285956978798,0.0,0.24278487861156464,-0.038623403012752536,-0.06311085820198059
4030,7.9375,-0.08275330811738968,-0.029552753269672393,0.03498430848121643,0.0,0.2455934077501297,-0.03175065889954567,-0.08275330811738968
4040,14.1875,-0.07040587067604065,-0.03700895570218563,0.12551471590995789,0.0,0.24231174737215042,-0.04386266898363829,-0.07040587067604065
4050,8.4375,-0.08592405915260315,-0.032895765453577044,0.027911974117159843,0.0,0.2424887701869011,-0.044947654381394385,-0.08592405915260315
4060,12.0,-0.05954804643988609,-0.023383434116840362,0.030033346638083457,0.0,0.24494834542274474,-0.03726790528744459,-0.05954804643988609
4070,10.0,-0.08582073450088501,-0.03199915699660778,0.042910372465848924,0.0,0.24308315217494963,-0.037099563702940944,-0.08582073450088501
4080,13.6875,-0.08877867460250854,-0.03655247874557972,0.055969147384166716,0.0,0.24709843397140502,-0.04814042970538139,-0.08877867460250854
4090,7.5625,-0.09768152236938477,-0.030581355094909668,0.05366453677415848,0.0,0.24668488204479216,-0.0450425136834383,-0.09768152236938477
4100,9.625,-0.08940988034009933,-0.033228658325970176,0.06274207904934884,0.0,0.24523126035928727,-0.04292865265160799,-0.08940988034009933
4110,9.625,-0.07473783195018768,-0.028457126393914223,0.17600301802158355,0.0,0.24239900708198547,-0.03494706321507692,-0.07473783195018768
4120,7.8125,-0.09354095906019211,-0.026393357664346695,0.02016269974410534,0.0,0.2455791264772415,-0.04789655357599258,-0.09354095906019211
4130,11.25,-0.10995879769325256,-0.027455767057836054,0.1027829647064209,0.0,0.2450588271021843,-0.03587614530697465,-0.10995879769325256
4140,8.8125,-0.12505298852920532,-0.032804695144295695,0.06081499829888344,0.0,0.2443233847618103,-0.05729987844824791,-0.12505298852920532
4150,9.1875,-0.0683404952287674,-0.02336895652115345,0.16041726768016815,0.0,0.2450830042362213,-0.048530022613704205,-0.0683404952287674
4160,6.6875,-0.1165202409029007,-0.0332153469324112,0.03568239770829677,0.0,0.24307598918676376,-0.04816253911703825,-0.1165202409029007
4170,12.3125,-0.0745086520910263,-0.033998352289199826,0.042209337651729587,0.0,0.24775380939245223,-0.03422107789665461,-0.0745086520910263
4180,8.625,-0.09238527715206146,-0.03145701810717583,0.025765753537416457,0.0,0.24666632562875748,-0.038492811191827056,-0.09238527715206146
4190,7.125,-0.09157398343086243,-0.02927814405411482,0.03435743823647499,0.0,0.24677706956863404,-0.04176860800944269,-0.09157398343086243
4200,7.8125,-0.08487233519554138,-0.03131083659827709,0.03558440431952477,0.0,0.24071272611618041,-0.04125021928921342,-0.08487233519554138
4210,8.125,-0.08600102365016937,-0.026919199712574483,0.13739026635885238,0.0,0.24894581437110902,-0.035904062911868095,-0.08600102365016937
4220,10.5,-0.07888881862163544,-0.025646414235234262,0.030789028108119964,0.0,0.2490625947713852,-0.034445396391674876,-0.07888881862163544
4230,12.0625,-0.07385978102684021,-0.026652991771697998,0.05343474894762039,0.0,0.2469356209039688,-0.03787816911935806,-0.07385978102684021
4240,8.0,-0.10616539418697357,-0.03426822870969772,0.0186620756983757,0.0,0.24817356020212172,-0.042452717944979665,-0.10616539418697357
4250,8.5625,-0.09683690965175629,-0.03357237353920937,0.03710295706987381,0.0,0.24560741633176802,-0.04019578974694014,-0.09683690965175629
4260,7.6875,-0.08777399361133575,-0.029302278254181146,0.05990617573261261,0.0,0.24637829810380935,-0.04047348853200674,-0.08777399361133575
4270,7.8125,-0.1166689470410347,-0.026518992707133295,0.5716549754142761,0.0,0.2493002250790596,-0.03992948848754167,-0.1166689470410347
4280,9.6875,-0.06875360012054443,-0.02998790964484215,0.05888191014528275,0.0,0.24594190418720246,-0.040312524884939194,-0.06875360012054443
4290,10.625,-0.08006753027439117,-0.03563298732042312,0.06356956735253334,0.0,0.2459848031401634,-0.04033311503008008,-0.08006753027439117
4300,9.1875,-0.09497854858636856,-0.02954147420823574,0.027178508415818214,0.0,0.24706594347953797,-0.04395597353577614,-0.09497854858636856
4310,6.5625,-0.09359554946422577,-0.031138589419424535,0.021839481964707374,0.0,0.24767323285341264,-0.03710149060934782,-0.09359554946422577
4320,7.9375,-0.0765625387430191,-0.03243569377809763,0.07754073441028594,0.0,0.24964168965816497,-0.031215625070035457,-0.0765625387430191
4330,10.0625,-0.08639258146286011,-0.03764055147767067,0.04518639221787453,0.0,0.25050802528858185,-0.035252025723457335,-0.08639258146286011
4340,8.5625,-0.061295196413993835,-0.031507660262286664,0.03546924814581871,0.0,0.24651714712381362,-0.037382863881066444,-0.061295196413993835
4350,9.375,-0.08612997829914093,-0.02702496461570263,0.06984148398041726,0.0,0.2516031309962273,-0.0401521522551775,-0.08612997829914093
4360,8.5,-0.07832316309213638,-0.026642595138400792,0.020799152180552484,0.0,0.2487252965569496,-0.03979851361364126,-0.07832316309213638
4370,12.75,-0.0704398900270462,-0.03196814209222794,0.045388051122426984,0.0,0.252299340069294,-0.03045804435387254,-0.0704398900270462
4380,11.75,-0.06545614451169968,-0.03423972949385643,0.029541198536753653,0.0,0.25263786464929583,-0.03876846246421337,-0.06545614451169968
4390,13.875,-0.06146281957626343,-0.030374187603592874,0.04921458289027214,0.0,0.2520576059818268,-0.04275676123797893,-0.06146281957626343
4400,6.375,-0.11364825814962387,-0.0443896546959877,0.024321869015693665,0.0,0.2521957665681839,-0.04715696480125189,-0.11364825814962387
4410,12.0,-0.06443111598491669,-0.02123924233019352,0.09813003242015839,0.0,0.2510045051574707,-0.045706871151924136,-0.06443111598491669
4420,12.8125,-0.0984320342540741,-0.035291663557291034,0.033086790889501574,0.0,0.2505740150809288,-0.04900865773670375,-0.0984320342540741
4430,13.5,-0.07156688719987869,-0.030451280251145362,0.04953407198190689,0.0,0.25022264271974565,-0.035482661053538325,-0.07156688719987869
4440,10.8125,-0.09945467114448547,-0.035810462292283775,0.09636233747005463,0.0,0.2509587049484253,-0.03857857026159763,-0.09945467114448547
4450,8.625,-0.12109412252902985,-0.03515350893139839,0.057198619842529295,0.0,0.2516262918710709,-0.05564337782561779,-0.12109412252902985
4460,8.25,-0.08929172903299332,-0.0306523609906435,0.042689964175224304,0.0,0.25256742238998414,-0.044655616581439975,-0.08929172903299332
4470,7.1875,-0.0944565087556839,-0.02926703691482544,0.054594917595386504,0.0,0.24840868264436722,-0.043100081570446494,-0.0944565087556839
4480,7.5625,-0.0856046974658966,-0.03129713907837868,0.09672857969999313,0.0,0.24852627515792847,-0.04151193415746093,-0.0856046974658966
4490,12.5625,-0.05090362951159477,-0.02840093169361353,0.2881308138370514,0.0,0.25439946800470353,-0.03835897520184517,-0.05090362951159477
4500,9.625,-0.07534267008304596,-0.03358816765248775,0.03122917003929615,0.0,0.24920574426651002,-0.043445225805044174,-0.07534267008304596
4510,8.4375,-0.13939540088176727,-0.03565590903162956,0.07765748351812363,0.0,0.2508851319551468,-0.04668168090283871,-0.13939540088176727
4520,9.25,-0.09620513767004013,-0.03365939110517502,0.03236922062933445,0.0,0.25006859600543974,-0.033482108078897,-0.09620513767004013
4530,9.375,-0.0993666797876358,-0.03285003677010536,0.05087850540876389,0.0,0.2527138337492943,-0.04282384850084782,-0.0993666797876358
4540,11.375,-0.08741120994091034,-0.024119438976049422,0.15928649306297302,0.0,0.25161095410585405,-0.035472774691879747,-0.08741120994091034
4550,10.375,-0.08485206216573715,-0.02790529951453209,0.1083384782075882,0.0,0.25205034464597703,-0.03991949968039989,-0.08485206216573715
4560,11.625,-0.09958916902542114,-0.02395470216870308,0.19118887782096863,0.0,0.24944198429584502,-0.040387887693941596,-0.09958916902542114
4570,10.9375,-0.09004995971918106,-0.02694827187806368,0.120823073387146,0.0,0.25203308612108233,-0.036399606894701717,-0.09004995971918106
4580,13.1875,-0.09505797922611237,-0.035104167833924296,0.03854165151715279,0.0,0.2489168345928192,-0.046829520165920256,-0.09505797922611237
4590,11.8125,-0.07655374705791473,-0.035795445740222934,0.029703186452388765,0.0,0.24816612005233765,-0.05033589778468013,-0.07655374705791473
4600,8.0,-0.10153745114803314,-0.03141883537173271,0.12110967040061951,0.0,0.25093692243099214,-0.036718688998371364,-0.10153745114803314
4610,6.875,-0.119082510471344,-0.034509788081049916,0.06049297973513603,0.0,0.24940348267555237,-0.042904223501682284,-0.119082510471344
4620,7.8125,-0.09630477428436279,-0.022137222252786158,0.09554262757301331,0.0,0.2474046230316162,-0.040020905807614325,-0.09630477428436279
4630,9.875,-0.09378308802843094,-0.032685276493430136,0.039260978996753695,0.0,0.24832306802272797,-0.03674158817157149,-0.09378308802843094
4640,10.0625,-0.09017454832792282,-0.035954703018069266,0.032493960857391355,0.0,0.24730483591556549,-0.033277381537482144,-0.09017454832792282
4650,8.4375,-0.0758642703294754,-0.029814879596233367,0.031756166368722916,0.0,0.24739375859498977,-0.029962226189672946,-0.0758642703294754
4660,11.1875,-0.06839937716722488,-0.03387993015348911,0.06595738828182221,0.0,0.2536291033029556,-0.03594645229168236,-0.06839937716722488
4670,6.75,-0.0841054692864418,-0.031865368410944936,0.03550527021288872,0.0,0.24643755406141282,-0.028796772938221693,-0.0841054692864418
4680,12.5625,-0.09765742719173431,-0.030497758463025094,0.08697221130132675,0.0,0.2538770705461502,-0.04599044825881719,-0.09765742719173431
4690,5.9375,-0.06569993495941162,-0.03391875233501196,0.049760835617780684,0.0,0.2507885694503784,-0.03484885673969984,-0.06569993495941162
4700,9.625,-0.07177425920963287,-0.030098552256822585,0.1151929646730423,0.0,0.2547245264053345,-0.04170952271670103,-0.07177425920963287
4710,14.5625,-0.08984299004077911,-0.03187197130173445,0.032635312899947165,0.0,0.2595904529094696,-0.04144339268095791,-0.08984299004077911
4720,9.8125,-0.07690805196762085,-0.028229906037449837,0.11072110980749131,0.0,0.2549635872244835,-0.03987316638231277,-0.07690805196762085
4730,9.5,-0.054857246577739716,-0.02373076807707548,0.03644252046942711,0.0,0.2527649074792862,-0.02518728575669229,-0.054857246577739716
4740,9.0,-0.03765638917684555,-0.03138962257653475,0.05573226809501648,0.0,0.25083221197128297,-0.034490521904081105,-0.03765638917684555
4750,11.5,-0.05773560702800751,-0.028637058287858962,0.09317965656518937,0.0,0.2549235612154007,-0.03696790314279497,-0.05773560702800751
4760,7.1875,-0.08249291777610779,-0.03202959261834622,0.08064570426940917,0.0,0.2569727286696434,-0.03725519496947527,-0.08249291777610779
4770,12.0,-0.06858521699905396,-0.030152886826545,0.03499447777867317,0.0,0.2591931656002998,-0.029083040356636048,-0.06858521699905396
4780,11.3125,-0.07064677774906158,-0.03444946929812431,0.0975707784295082,0.0,0.25681059062480927,-0.0288688481785357,-0.07064677774906158
4790,9.4375,-0.07581508159637451,-0.021720796078443527,0.16180419623851777,0.0,0.25754453539848327,-0.035682611539959906,-0.07581508159637451
4800,8.625,-0.09687507152557373,-0.03716963538900018,0.027486699074506758,0.0,0.26060873568058013,-0.039472224190831184,-0.09687507152557373
4810,11.3125,-0.07484471052885056,-0.028624192625284196,0.09482987076044083,0.0,0.2581237703561783,-0.03864375669509172,-0.07484471052885056
4820,11.5,-0.07231298834085464,-0.029443250596523286,0.07484744936227798,0.0,0.25444725155830383,-0.041517110727727416,-0.07231298834085464
4830,6.25,-0.07562849670648575,-0.032590676099061966,0.01303721647709608,0.0,0.25631092935800553,-0.027667827252298594,-0.07562849670648575
4840,9.375,-0.08203980326652527,-0.030721305683255196,0.04543769657611847,0.0,0.25659800320863724,-0.03623441625386477,-0.08203980326652527
4850,6.875,-0.08808949589729309,-0.02751205936074257,0.04617234170436859,0.0,0.25769228041172026,-0.03502556253224611,-0.08808949589729309
4860,6.8125,-0.09226192533969879,-0.0355349313467741,0.09527962803840637,0.0,0.2568482369184494,-0.043001650087535384,-0.09226192533969879
4870,10.125,-0.0869808942079544,-0.034292228519916534,0.028074102848768233,0.0,0.2558896243572235,-0.03153329968918115,-0.0869808942079544
4880,8.625,-0.0848972424864769,-0.028368089348077774,0.07484566420316696,0.0,0.25627089887857435,-0.027470683539286257,-0.0848972424864769
4890,10.4375,-0.0976855680346489,-0.04106881320476532,0.050017477571964265,0.0,0.2558057352900505,-0.04057876374572515,-0.0976855680346489
4900,7.875,-0.05453042313456535,-0.03873989954590797,0.04728326573967934,0.0,0.25428127199411393,-0.0406297420617193,-0.05453042313456535
4910,9.5625,-0.09513869881629944,-0.02928263321518898,0.03448707200586796,0.0,0.2548842117190361,-0.04038450382649898,-0.09513869881629944
4920,8.3125,-0.07657988369464874,-0.03310083299875259,0.030414101853966712,0.0,0.25160064846277236,-0.024956065323203803,-0.07657988369464874
4930,7.25,-0.09112322330474854,-0.030276360269635916,0.03806942254304886,0.0,0.2555587410926819,-0.036553213745355605,-0.09112322330474854
4940,14.9375,-0.09580978006124496,-0.02765729445964098,0.17068025469779968,0.0,0.2542052149772644,-0.027205281564965843,-0.09580978006124496
4950,7.625,-0.07469703257083893,-0.03121047131717205,0.035699010640382764,0.0,0.25353670567274095,-0.03837938979268074,-0.07469703257083893
4960,8.9375,-0.08166692405939102,-0.027879739925265313,0.058002051711082456,0.0,0.25575182139873504,-0.028500627167522906,-0.08166692405939102
4970,10.625,-0.0730767622590065,-0.03015262521803379,0.02027510814368725,0.0,0.25559753030538557,-0.028553076554089785,-0.0730767622590065
4980,6.5625,-0.07746632397174835,-0.03995375894010067,0.03473993837833404,0.0,0.2538463234901428,-0.023427077289670705,-0.07746632397174835
4990,7.1875,-0.07757209241390228,-0.0325304064899683,0.017677360400557517,0.0,0.26063075959682463,-0.037962802685797215,-0.07757209241390228
5000,11.625,-0.08092907071113586,-0.031140682846307756,0.2562618225812912,0.0,0.2571719169616699,-0.013123602489940822,-0.08092907071113586
5010,10.78125,-0.058140695095062256,-0.025140698254108428,0.08947083055973053,0.0,0.25815882086753844,-0.012284015468321741,-0.058140695095062256
5020,9.875,-0.074155293405056,-0.028160035982728003,0.0402406319975853,0.0,0.2599214553833008,-0.034115249663591383,-0.074155293405056
5030,9.625,-0.11494149267673492,-0.028535140305757524,0.08141131103038787,0.0,0.25695295035839083,-0.027521544508635996,-0.11494149267673492
5040,9.5,-0.049268707633018494,-0.024832791090011595,0.04395127147436142,0.0,0.25817685574293137,-0.025962759973481297,-0.049268707633018494
5050,8.40625,-0.07397135347127914,-0.031288701109588146,0.04436414390802383,0.0,0.26020069122314454,-0.020664503425359727,-0.07397135347127914
5060,9.71875,-0.09997245669364929,-0.03368443436920643,0.04832639694213867,0.0,0.2624423414468765,-0.025755324540659784,-0.09997245669364929
5070,8.59375,-0.05246274173259735,-0.03149346187710762,0.017569677904248238,0.0,0.2630364567041397,-0.01757289720699191,-0.05246274173259735
5080,9.34375,-0.0686369463801384,-0.02678488064557314,0.037197817116975784,0.0,0.26109583377838136,-0.025367466360330583,-0.0686369463801384
5090,9.4375,-0.07568240910768509,-0.04124928396195173,0.023486843332648277,0.0,0.26336834132671355,-0.015526560903526842,-0.07568240910768509
5100,11.125,-0.07124260067939758,-0.03140898458659649,0.017614102363586424,0.0,0.26395083367824557,-0.025604906678199767,-0.07124260067939758
5110,14.46875,-0.05264703184366226,-0.027557508647441865,0.3352756381034851,0.0,0.26601090729236604,-0.029383501270785928,-0.05264703184366226
5120,9.90625,-0.07599315047264099,-0.027398256585001945,0.03365640416741371,0.0,0.26588874459266665,-0.037660658545792106,-0.07599315047264099
5130,9.46875,-0.08522649109363556,-0.02833502795547247,0.05575158819556236,0.0,0.264353820681572,-0.028799891471862793,-0.08522649109363556
5140,10.21875,-0.07758798450231552,-0.030604598671197893,0.02955731190741062,0.0,0.26471213102340696,-0.0237325185444206,-0.07758798450231552
5150,8.15625,-0.06967154145240784,-0.025883137434720992,0.013375917449593544,0.0,0.2657849133014679,-0.02513945195823908,-0.06967154145240784
5160,11.6875,-0.07914559543132782,-0.030489378049969672,0.03562426194548607,0.0,0.26539560556411745,-0.01613064263947308,-0.07914559543132782
5170,8.59375,-0.055080220103263855,-0.028560165129601956,0.07482142746448517,0.0,0.2674927473068237,-0.024587865732610226,-0.055080220103263855
5180,9.40625,-0.05048338323831558,-0.026481792610138655,0.061878502368927,0.0,0.2667119711637497,-0.027274170285090805,-0.05048338323831558
5190,8.0,-0.05956050753593445,-0.02930133752524853,0.0953443929553032,0.0,0.26512291431427004,-0.026120074512436985,-0.05956050753593445
5200,9.71875,-0.06749370694160461,-0.03301205597817898,0.03539580181241035,0.0,0.2638260543346405,-0.020066954754292966,-0.06749370694160461
5210,9.96875,-0.056026898324489594,-0.03499037828296423,0.03183644339442253,0.0,0.264401975274086,-0.01992208557203412,-0.056026898324489594
5220,9.53125,-0.09514772891998291,-0.03250927552580833,0.0424893856048584,0.0,0.26778257787227633,-0.023887176578864456,-0.09514772891998291
5230,9.03125,-0.08219745755195618,-0.03460992611944676,0.036320007592439654,0.0,0.2603695333003998,-0.031236276775598527,-0.08219745755195618
5240,11.46875,-0.09486974775791168,-0.02770279012620449,0.08811874389648437,0.0,0.26436096131801606,-0.03052133461460471,-0.09486974775791168
5250,10.625,-0.06197395920753479,-0.029186316765844822,0.04289299100637436,0.0,0.26335862278938293,-0.02265981191303581,-0.06197395920753479
5260,11.84375,-0.06387128680944443,-0.030284539237618445,0.04983585476875305,0.0,0.2655746191740036,-0.030877536721527578,-0.06387128680944443
5270,12.90625,-0.09281966835260391,-0.035095909237861635,0.05255834758281708,0.0,0.2673397153615952,-0.04405074091628194,-0.09281966835260391
5280,12.34375,-0.09113633632659912,-0.03313696198165417,0.05011211633682251,0.0,0.2702644795179367,-0.0564958430826664,-0.09113633632659912
5290,10.5,-0.060467857867479324,-0.03690304234623909,0.0736600786447525,0.0,0.26789102256298064,-0.054721039906144145,-0.060467857867479324
5300,10.8125,-0.08390611410140991,-0.03450482822954655,0.15484228134155273,0.0,0.26951501667499544,-0.04876657482236624,-0.08390611410140991
5310,13.0625,-0.1452227085828781,-0.031311366334557535,0.07244243621826171,0.0,0.2691071778535843,-0.05028947852551937,-0.1452227085828781
5320,11.0,-0.060983628034591675,-0.036015349067747594,0.049443916976451875,0.0,0.2727267354726791,-0.051082110963761806,-0.060983628034591675
5330,14.15625,-0.0770317018032074,-0.027119776979088784,0.061423929035663606,0.0,0.2691021293401718,-0.03988471794873476,-0.0770317018032074
5340,9.59375,-0.041795313358306885,-0.028906963393092157,0.038130389899015425,0.0,0.27028019428253175,-0.029594163689762355,-0.041795313358306885
5350,9.5625,-0.09410884976387024,-0.03025205209851265,0.06875476390123367,0.0,0.26658473908901215,-0.02893372471444309,-0.09410884976387024
5360,9.21875,-0.08892923593521118,-0.03139252327382565,0.025688819587230682,0.0,0.2718078374862671,-0.027102427370846272,-0.08892923593521118
5370,7.8125,-0.0853593498468399,-0.035513635724782944,0.03542591780424118,0.0,0.26743192672729493,-0.017626307206228375,-0.0853593498468399
5380,10.15625,-0.07109682261943817,-0.03705994561314583,0.03431965634226799,0.0,0.26717841923236846,-0.021655602380633354,-0.07109682261943817
5390,10.21875,-0.04819067567586899,-0.031267931684851646,0.10151354670524597,0.0,0.27011600136756897,-0.024867309164255856,-0.04819067567586899
5400,10.1875,-0.07499724626541138,-0.02870930712670088,0.056901632249355315,0.0,0.2720929056406021,-0.0256303190253675,-0.07499724626541138
5410,11.53125,-0.09043717384338379,-0.02961355447769165,0.0610615111887455,0.0,0.2672395944595337,-0.021833866136148572,-0.09043717384338379
5420,11.0,-0.1157367080450058,-0.028834103792905807,0.0837430477142334,0.0,0.27135480344295504,-0.015360062988474966,-0.1157367080450058
5430,8.4375,-0.046636201441287994,-0.03054768927395344,0.0992271512746811,0.0,0.2697796165943146,-0.01569956368766725,-0.046636201441287994
5440,11.28125,-0.05466926097869873,-0.03487060405313969,0.0450039230287075,0.0,0.2762638837099075,-0.03400335349142551,-0.05466926097869873
5450,12.21875,-0.030837975442409515,-0.026096606999635695,0.06790442764759064,0.0,0.2706051468849182,-0.028576443297788502,-0.030837975442409515
5460,13.53125,-0.05164512246847153,-0.028245467320084573,0.07980905771255493,0.0,0.2771083563566208,-0.020407692342996598,-0.05164512246847153
5470,9.75,-0.06377328932285309,-0.02737083602696657,0.02872607223689556,0.0,0.271344980597496,-0.02906066309660673,-0.06377328932285309
5480,10.09375,-0.07311822474002838,-0.03697191253304481,0.027942876517772674,0.0,0.27046722173690796,-0.0160514208720997,-0.07311822474002838
5490,10.3125,-0.04741877317428589,-0.03329181671142578,0.031435612589120865,0.0,0.2726122498512268,-0.024862980283796788,-0.04741877317428589
5500,8.90625,-0.09030413627624512,-0.03379381373524666,0.018467594310641287,0.0,0.2725906163454056,-0.023025163821876048,-0.09030413627624512
5510,10.5,-0.08495885133743286,-0.034126192703843115,0.07083506658673286,0.0,0.27179422974586487,-0.01893477514386177,-0.08495885133743286
5520,7.3125,-0.07968567311763763,-0.029258398897945882,0.028458938002586365,0.0,0.27316846549510954,-0.024368519149720668,-0.07968567311763763
5530,7.96875,-0.0833701342344284,-0.034793239831924436,0.023505620285868646,0.0,0.273961678147316,-0.022915659961290656,-0.0833701342344284
5540,11.25,-0.03070257231593132,-0.02912149429321289,0.01917610168457031,0.0,0.27481102347373965,-0.01344571472145617,-0.03070257231593132
5550,11.46875,-0.03803686797618866,-0.029963149316608907,0.04837783500552177,0.0,0.27324316203594207,-0.016613136883825062,-0.03803686797618866
5560,10.71875,-0.05430060625076294,-0.038182228431105615,0.0344743087887764,0.0,0.2793763309717178,-0.02354822652414441,-0.05430060625076294
5570,14.8125,-0.07554122805595398,-0.035660980455577376,0.04485229030251503,0.0,0.27794075608253477,-0.020159120578318833,-0.07554122805595398
5580,11.53125,-0.0656588152050972,-0.035489225015044215,0.07373423874378204,0.0,0.27698181569576263,-0.025204956345260144,-0.0656588152050972
5590,12.5625,-0.058175235986709595,-0.03456708807498217,0.01908954568207264,0.0,0.27918230891227724,-0.020792630640789865,-0.058175235986709595
5600,10.78125,-0.04386705532670021,-0.03022961188107729,0.033786434307694437,0.0,0.2769110262393951,-0.01960403856355697,-0.04386705532670021
5610,10.46875,-0.06564145535230637,-0.03610309064388275,0.03923608213663101,0.0,0.27818758487701417,-0.01472939532250166,-0.06564145535230637
5620,12.03125,-0.00690045952796936,-0.028431030362844466,0.060902106761932376,0.0,0.2802626043558121,-0.019695646408945323,-0.00690045952796936
5630,10.6875,-0.0608556792140007,-0.031440803036093715,0.025085903704166412,0.0,0.28315824568271636,-0.022224630462005734,-0.0608556792140007
5640,9.75,-0.045062825083732605,-0.03094002604484558,0.0678100824356079,0.0,0.28269944190979,-0.02336537269875407,-0.045062825083732605
5650,12.34375,-0.09681582450866699,-0.0329167015850544,0.0905901312828064,0.0,0.28031630218029024,-0.020391155313700438,-0.09681582450866699
5660,9.46875,-0.07493586093187332,-0.019698986783623695,0.14108399152755738,0.0,0.2825194984674454,-0.010311007685959338,-0.07493586093187332
5670,11.125,-0.04469912126660347,-0.03670688457787037,0.037473398447036746,0.0,0.27650330066680906,-0.012280503893271089,-0.04469912126660347
5680,11.25,-0.03111761063337326,-0.03585678255185485,0.03037658557295799,0.0,0.2765552192926407,-0.013420457765460015,-0.03111761063337326
5690,9.84375,-0.10551537573337555,-0.033843868598341945,0.049736789613962176,0.0,0.2810969889163971,-0.018412694754078984,-0.10551537573337555
5700,11.40625,-0.09588419646024704,-0.037707388401031494,0.028325047343969345,0.0,0.28509997129440307,-0.009110086085274815,-0.09588419646024704
5710,13.03125,-0.051819272339344025,-0.034706248342990874,0.015875968709588052,0.0,0.2781031459569931,-0.015650701150298117,-0.051819272339344025
5720,9.46875,-0.06480631977319717,-0.029133876040577888,0.03208160251379013,0.0,0.2839126169681549,-0.014447901723906397,-0.06480631977319717
5730,8.6875,-0.0822223350405693,-0.03905618488788605,0.02259243056178093,0.0,0.2781510025262833,-0.020390887977555394,-0.0822223350405693
5740,10.84375,-0.02772914618253708,-0.035676319152116776,0.030445462465286253,0.0,0.2828744351863861,-0.008185143861919642,-0.02772914618253708
5750,12.5625,-0.06096269562840462,-0.03524238206446171,0.039095088839530945,0.0,0.2812907934188843,-0.018604327691718936,-0.06096269562840462
5760,9.75,-0.08415362983942032,-0.034098086133599284,0.03105134628713131,0.0,0.2838242918252945,-0.013741171406581997,-0.08415362983942032
5770,10.3125,-0.04660523682832718,-0.03007606416940689,0.10424023866653442,0.0,0.2836311191320419,-0.010493309050798417,-0.04660523682832718
5780,11.4375,-0.02520761266350746,-0.0362394891679287,0.017091581597924232,0.0,0.2821172684431076,-0.01904976461082697,-0.02520761266350746
5790,11.71875,-0.07374785840511322,-0.03276677913963795,0.09099217802286148,0.0,0.287670961022377,-0.016917147347703575,-0.07374785840511322
5800,12.03125,-0.055818505585193634,-0.030081244930624963,0.05579424723982811,0.0,0.28592638671398163,-0.014314376236870884,-0.055818505585193634
5810,9.75,-0.0667455792427063,-0.034919629245996474,0.03849663808941841,0.0,0.28317458033561704,-0.018582828575745225,-0.0667455792427063
5820,6.65625,-0.08226525783538818,-0.03262763042002916,0.01230222564190626,0.0,0.2814787358045578,-0.013504156842827797,-0.08226525783538818
5830,12.8125,-0.0320376493036747,-0.0329313799738884,0.027451348677277564,0.0,0.2869162917137146,-0.01399603602476418,-0.0320376493036747
5840,14.625,-0.05236172303557396,-0.033090442046523096,0.05073841214179993,0.0,0.289946523308754,-0.015200163843110204,-0.05236172303557396
5850,11.40625,-0.1085800975561142,-0.03580938428640366,0.12236809879541397,0.0,0.28816246390342715,-0.029654184356331825,-0.1085800975561142
5860,9.8125,-0.05622345954179764,-0.035587454214692116,0.02089693211019039,0.0,0.2844169169664383,-0.023800621973350644,-0.05622345954179764
5870,11.28125,-0.06673934310674667,-0.02613644227385521,0.05785691738128662,0.0,0.2837217777967453,-0.020733460295014085,-0.06673934310674667
5880,11.28125,-0.05173677206039429,-0.03362565543502569,0.01778973191976547,0.0,0.2819406896829605,-0.018165510054677723,-0.05173677206039429
5890,10.71875,-0.061924923211336136,-0.03646298348903656,0.018868014588952063,0.0,0.2862498700618744,-0.017232956271618603,-0.061924923211336136
5900,12.46875,-0.10092440992593765,-0.03784269466996193,0.29118144512176514,0.0,0.28412706553936007,-0.02525615645572543,-0.10092440992593765
5910,11.375,-0.09421157836914062,-0.031945626065135,0.04530337005853653,0.0,0.286236771941185,-0.030955203622579575,-0.09421157836914062
5920,13.0625,-0.12645980715751648,-0.034087708592414855,0.23203354179859162,0.0,0.28363135159015657,-0.024555227998644114,-0.12645980715751648
5930,13.09375,-0.05817198008298874,-0.02933559026569128,0.04523927718400955,0.0,0.28614726662635803,-0.02689049541950226,-0.05817198008298874
5940,13.625,-0.06381560862064362,-0.033975405246019365,0.0398318350315094,0.0,0.28589334785938264,-0.021278595132753254,-0.06381560862064362
5950,11.28125,-0.036331359297037125,-0.033254819083958866,0.041201312094926834,0.0,0.2865633130073547,-0.016118544340133666,-0.036331359297037125
5960,13.125,-0.03599148243665695,-0.027704492770135404,0.03518568202853203,0.0,0.28706291019916536,-0.006909216940402985,-0.03599148243665695
5970,11.1875,-0.06536731123924255,-0.02799786925315857,0.21054524481296538,0.0,0.2844861477613449,-0.018846647161990405,-0.06536731123924255
5980,10.125,-0.06443032622337341,-0.025787378288805486,0.03695486336946487,0.0,0.28407396376132965,-0.030233692890033127,-0.06443032622337341
5990,12.3125,-0.0438142791390419,-0.032500716671347615,0.1109256848692894,0.0,0.28309824168682096,-0.016549943340942265,-0.0438142791390419
6000,13.28125,-0.0919739156961441,-0.02860717698931694,0.06366140395402908,0.0,0.28427980840206146,-0.022357191331684588,-0.0919739156961441
6010,12.0625,-0.046966303139925,-0.03848870024085045,0.09244991391897202,0.0,0.2841307133436203,-0.019424810912460087,-0.046966303139925
6020,11.71875,-0.044647619128227234,-0.02903927695006132,0.07157395035028458,0.0,0.28424558639526365,-0.019890510383993386,-0.044647619128227234
6030,8.75,-0.04307948797941208,-0.028006260842084886,0.032035671174526215,0.0,0.28234300315380095,-0.02075872947461903,-0.04307948797941208
6040,7.5,-0.05238090455532074,-0.027723123878240587,0.0888570636510849,0.0,0.28125135600566864,-0.02153250980190933,-0.05238090455532074
6050,10.28125,-0.0758596733212471,-0.03368183318525553,0.06998738646507263,0.0,0.2850225567817688,-0.01820965618826449,-0.0758596733212471
6060,13.28125,-0.037323541939258575,-0.03806652538478374,0.04908794090151787,0.0,0.29015880525112153,-0.014522320218384266,-0.037323541939258575
6070,11.875,-0.037686530500650406,-0.034891830012202266,0.04895147159695625,0.0,0.2856758117675781,-0.023422112781554462,-0.037686530500650406
6080,11.6875,-0.04741864278912544,-0.032786010578274724,0.019332882761955262,0.0,0.28745752274990083,-0.02237667962908745,-0.04741864278912544
6090,10.25,-0.08018490672111511,-0.03702987097203732,0.050106225162744523,0.0,0.28842424750328066,-0.0178993652574718,-0.08018490672111511
6100,13.15625,-0.05996638536453247,-0.02856177929788828,0.10524933189153671,0.0,0.2887444406747818,-0.017539543565362692,-0.05996638536453247
6110,12.21875,-0.04862673580646515,-0.03411345984786749,0.06830437034368515,0.0,0.292655223608017,-0.02256838190369308,-0.04862673580646515
6120,13.40625,-0.048609763383865356,-0.02601824253797531,0.14703754484653472,0.0,0.2921808183193207,-0.013525550533086062,-0.048609763383865356
6130,10.90625,-0.022133279591798782,-0.032243325375020504,0.06317269876599312,0.0,0.2916996031999588,-0.014359265519306063,-0.022133279591798782
6140,10.09375,-0.037225667387247086,-0.03032611794769764,0.02726573683321476,0.0,0.28696028888225555,-0.025131984194740654,-0.037225667387247086
6150,11.5,-0.041798029094934464,-0.03238143734633923,0.031163162738084792,0.0,0.28508505821228025,-0.016792933689430356,-0.041798029094934464
6160,15.125,-0.07295049726963043,-0.03792045339941978,0.049327301979064944,0.0,0.29094831049442293,-0.023640387458726764,-0.07295049726963043
6170,8.59375,-0.04314412921667099,-0.031165168061852454,0.018369832262396812,0.0,0.2838314563035965,-0.027753525879234076,-0.04314412921667099
6180,10.78125,-0.10958002507686615,-0.031993485800921914,0.24420166015625,0.0,0.28286513686180115,-0.02663709707558155,-0.10958002507686615
6190,9.84375,-0.09040293097496033,-0.022125240042805673,0.13771655261516572,0.0,0.2886772632598877,-0.035113695869222285,-0.09040293097496033
6200,11.28125,-0.06345752626657486,-0.0322318322956562,0.035067392885684966,0.0,0.2862338125705719,-0.03705334169790149,-0.06345752626657486
6210,11.375,-0.06029849871993065,-0.03444808945059776,0.06414692476391792,0.0,0.28760975003242495,-0.014577339123934507,-0.06029849871993065
6220,12.5625,-0.06945699453353882,-0.038271873444318774,0.03779700770974159,0.0,0.2916420727968216,-0.012970797438174485,-0.06945699453353882
6230,11.09375,-0.03898989036679268,-0.03856808207929134,0.030077634006738664,0.0,0.2889501482248306,-0.007047725515440107,-0.03898989036679268
6240,11.0,-0.06944386661052704,-0.03549416363239288,0.03456907756626606,0.0,0.28774036169052125,-0.009782408643513919,-0.06944386661052704
6250,12.125,-0.028511259704828262,-0.023459356278181076,0.3818726778030396,0.0,0.29224072992801664,-0.011053698230534792,-0.028511259704828262
6260,10.15625,-0.056906603276729584,-0.02419044226408005,0.15680505633354186,0.0,0.29261056184768675,-0.01766333542764187,-0.056906603276729584
6270,11.4375,-0.07170748710632324,-0.03988277539610863,0.03898580148816109,0.0,0.2983235836029053,-0.007467600144445896,-0.07170748710632324
6280,10.5,-0.0556798093020916,-0.03290063813328743,0.0746135413646698,0.0,0.29524158537387846,-0.009519429272040724,-0.0556798093020916
6290,11.15625,-0.03493379428982735,-0.02973166313022375,0.10163578391075134,0.0,0.2944283664226532,-0.008283274853602052,-0.03493379428982735
6300,11.46875,-0.06847896426916122,-0.02509922403842211,0.21098676323890686,0.0,0.29536997377872465,-0.0028921075165271757,-0.06847896426916122
6310,13.375,-0.0760897770524025,-0.03268508389592171,0.05794313102960587,0.0,0.2967124044895172,-0.025805777171626687,-0.0760897770524025
6320,11.9375,-0.07308664917945862,-0.037716548051685096,0.03356463611125946,0.0,0.29861717522144315,-0.015872104838490487,-0.07308664917945862
6330,15.15625,-0.038705579936504364,-0.03623143741860986,0.06701423972845078,0.0,0.2967237651348114,-0.008252157643437386,-0.038705579936504364
6340,12.03125,-0.083381287753582,-0.03181633614003658,0.10532173365354539,0.0,0.2971175193786621,-0.02450629724189639,-0.083381287753582
6350,12.03125,-0.011938787065446377,-0.03696182575076819,0.029661988839507103,0.0,0.2977261930704117,-0.011400807835161685,-0.011938787065446377
6360,14.15625,-0.084499791264534,-0.028942103683948516,0.02601359747350216,0.0,0.29503329694271085,-0.017497026221826674,-0.084499791264534
6370,11.5,-0.06806666404008865,-0.04222768247127533,0.03914412334561348,0.0,0.2970832705497742,-0.010852561704814434,-0.06806666404008865
6380,12.75,-0.05440130829811096,-0.03515423908829689,0.027803750336170198,0.0,0.29528072476387024,-0.00938630783930421,-0.05440130829811096
6390,11.5,-0.022165285423398018,-0.02600714974105358,0.025745287537574768,0.0,0.29511763751506803,-0.011792071769014001,-0.022165285423398018
6400,8.75,-0.06090351939201355,-0.03620191216468811,0.024931775406003,0.0,0.2992433160543442,-0.013826771127060055,-0.06090351939201355
6410,9.09375,-0.029295191168785095,-0.03438875824213028,0.03318576440215111,0.0,0.299829775094986,0.0013015078380703925,-0.029295191168785095
6420,13.125,-0.0485047847032547,-0.034159394726157186,0.06944123432040214,0.0,0.30224443078041074,-0.016783970454707742,-0.0485047847032547
6430,12.25,-0.07734443247318268,-0.03706929013133049,0.056027206033468245,0.0,0.3006447941064835,-0.008748728455975652,-0.07734443247318268
6440,10.90625,-0.058139167726039886,-0.03301999010145664,0.055595871061086655,0.0,0.2962100476026535,-0.013317094929516316,-0.058139167726039886
6450,12.5,-0.07124269008636475,-0.036568005383014676,0.015818682685494422,0.0,0.2990900754928589,-0.011927792755886912,-0.07124269008636475
6460,10.5625,-0.04088924452662468,-0.03325103223323822,0.054619906842708586,0.0,0.29781854152679443,-0.011547477822750807,-0.04088924452662468
6470,12.59375,-0.026591191068291664,-0.04041524454951286,0.031284813210368155,0.0,0.2976819336414337,-0.009865212254226208,-0.026591191068291664
6480,13.375,-0.03325287252664566,-0.027028239890933038,0.03143397010862827,0.0,0.29395096004009247,-0.014149332419037819,-0.03325287252664566
6490,11.1875,-0.060657843947410583,-0.032216031663119794,0.018541041016578674,0.0,0.29581895768642424,-0.011753939418122172,-0.060657843947410583
6500,12.28125,-0.056961216032505035,-0.032622153870761395,0.04198296889662743,0.0,0.2972448945045471,-0.009927029488608241,-0.056961216032505035
6510,12.9375,-0.062293969094753265,-0.034549334272742274,0.046623099595308304,0.0,0.2961793452501297,-0.018547568609938024,-0.062293969094753265
6520,11.15625,-0.06324287503957748,-0.030280407145619394,0.014612388052046298,0.0,0.30036285519599915,-0.01094017676077783,-0.06324287503957748
6530,9.46875,-0.05751446634531021,-0.032947815209627154,0.05296365171670914,0.0,0.2964962929487228,-0.008404406299814583,-0.05751446634531021
6540,9.875,-0.05249009281396866,-0.04080017879605293,0.022036129981279372,0.0,0.2953018665313721,-0.005721865082159638,-0.05249009281396866
6550,9.0,-0.08757124096155167,-0.03753345422446728,0.022074877843260766,0.0,0.30043633580207824,-0.012739267852157354,-0.08757124096155167
6560,10.5625,-0.06637188792228699,-0.036154217272996905,0.02456757053732872,0.0,0.294716876745224,-0.003745121695101261,-0.06637188792228699
6570,13.46875,-0.06728654354810715,-0.034211888909339905,0.023579926788806917,0.0,0.29728564620018005,-0.0016076902858912945,-0.06728654354810715
6580,13.75,-0.000985847320407629,-0.030240219086408615,0.02589033283293247,0.0,0.2965905278921127,0.002381066232919693,-0.000985847320407629
6590,10.0,-0.024428509175777435,-0.029304208979010583,0.03732496127486229,0.0,0.29618015587329866,-0.0058596505317837,-0.024428509175777435
6600,9.625,-0.06005910411477089,-0.032562702894210815,0.03638850748538971,0.0,0.2995025783777237,-0.0074609932489693165,-0.06005910411477089
6610,8.90625,-0.05685703828930855,-0.03378003388643265,0.05736756697297096,0.0,0.3000642657279968,-0.002471793652512133,-0.05685703828930855
6620,11.6875,-0.04308842122554779,-0.029032038524746895,0.018298090994358064,0.0,0.2999842971563339,0.004456019913777709,-0.04308842122554779
6630,11.875,-0.058541350066661835,-0.03178507834672928,0.017001136019825936,0.0,0.2960025489330292,0.001461114641278982,-0.058541350066661835
6640,11.5,-0.03743363916873932,-0.03233297951519489,0.04275936931371689,0.0,0.29717192649841306,-8.532777428627015e-07,-0.03743363916873932
6650,12.3125,-0.033449623733758926,-0.040537009574472906,0.01609231121838093,0.0,0.30077333748340607,-0.0010424148524180055,-0.033449623733758926
6660,8.21875,-0.05810137465596199,-0.03235750887542963,0.0276687316596508,0.0,0.29624193012714384,-0.0044552043313160535,-0.05810137465596199
6670,9.46875,-0.07186286896467209,-0.036266671121120454,0.030545181781053542,0.0,0.29492504000663755,-0.007952191750518978,-0.07186286896467209
6680,11.0,-0.04682490974664688,-0.029957426339387895,0.050773825496435165,0.0,0.3008079767227173,-0.00431677489541471,-0.04682490974664688
6690,8.375,-0.0325968973338604,-0.03265893645584583,0.027086788788437843,0.0,0.29344830214977263,0.0037786946166306736,-0.0325968973338604
6700,8.59375,-0.06718164682388306,-0.0381230503320694,0.13727014362812043,0.0,0.2967085599899292,0.002885469817556441,-0.06718164682388306
6710,10.3125,-0.048547741025686264,-0.03702958673238754,0.02154662609100342,0.0,0.2996067017316818,0.005253009311854839,-0.048547741025686264
6720,11.09375,-0.05452480912208557,-0.030639855563640593,0.060938408225774766,0.0,0.300888729095459,0.00987520576454699,-0.05452480912208557
6730,9.0625,-0.05545978248119354,-0.03750506564974785,0.047472191601991655,0.0,0.30373627245426177,0.01411302126944065,-0.05545978248119354
6740,10.875,-0.004498861730098724,-0.03792414162307978,0.022953712940216066,0.0,0.3111936628818512,0.006492256605997682,-0.004498861730098724
6750,11.4375,-0.06595002114772797,-0.0361837774515152,0.037213952839374544,0.0,0.30586440563201905,0.0051256251521408554,-0.06595002114772797
6760,11.3125,-0.010842625051736832,-0.033151977322995664,0.04562308937311173,0.0,0.3058127790689468,0.0002681201323866844,-0.010842625051736832
6770,12.90625,-0.060892846435308456,-0.036323843896389006,0.09565026760101318,0.0,0.3085565477609634,0.0033507196698337794,-0.060892846435308456
6780,9.5625,-0.046067990362644196,-0.029401799477636815,0.046527891606092456,0.0,0.3062758892774582,0.00316712511703372,-0.046067990362644196
6790,8.0,-0.047797974199056625,-0.03352409154176712,0.007186299283057451,0.0,0.30518533289432526,0.007909212121739983,-0.047797974199056625
6800,10.28125,0.0024361321702599525,-0.04045090973377228,0.018880457431077958,0.0,0.3059591680765152,0.012221327004954218,0.0024361321702599525
6810,8.90625,-0.015787886455655098,-0.032568319141864775,0.027653816714882852,0.0,0.3068859428167343,0.004655036330223084,-0.015787886455655098
6820,13.0625,-0.07699120044708252,-0.02971036247909069,0.06788938492536545,0.0,0.3083908945322037,0.00813648859038949,-0.07699120044708252
6830,10.46875,-0.07790115475654602,-0.028307395055890083,0.08868611752986907,0.0,0.307527557015419,0.014532412542030216,-0.07790115475654602
6840,9.1875,-0.07349731028079987,-0.03479230850934982,0.08593489006161689,0.0,0.3020925372838974,0.009220942575484514,-0.07349731028079987
6850,8.125,-0.014855748973786831,-0.028853782266378403,0.04895119890570641,0.0,0.30042665302753446,0.010236847447231412,-0.014855748973786831
6860,13.4375,-0.0061749680899083614,-0.027771208062767984,0.05313304215669632,0.0,0.301753506064415,0.007511013373732567,-0.0061749680899083614
6870,13.71875,-0.033661678433418274,-0.028111815638840198,0.08795543015003204,0.0,0.3028358817100525,0.008281854772940278,-0.033661678433418274
6880,8.03125,-0.042373985052108765,-0.03731728494167328,0.014471465349197387,0.0,0.2984001040458679,0.00015302477404475213,-0.042373985052108765
6890,10.59375,-0.030144421383738518,-0.030732821859419345,0.03505910262465477,0.0,0.29955137372016905,0.00829476471990347,-0.030144421383738518
6900,11.875,0.0012651477009057999,-0.028507114946842195,0.02056780271232128,0.0,0.30037371814250946,0.009142012055963277,0.0012651477009057999
6910,9.1875,-0.04231526702642441,-0.03468249253928661,0.017445991933345794,0.0,0.30560489296913146,0.009400570997968316,-0.04231526702642441
6920,9.40625,-0.017198944464325905,-0.03591924794018268,0.01952510140836239,0.0,0.2977497696876526,0.007599446177482605,-0.017198944464325905
6930,9.65625,-0.06075281649827957,-0.035575109720230105,0.026364467665553094,0.0,0.2982275694608688,0.007828345289453864,-0.06075281649827957
6940,10.09375,-0.038833800703287125,-0.0260074682533741,0.05318043231964111,0.0,0.2999790370464325,0.009565411927178502,-0.038833800703287125
6950,9.53125,-0.06237877532839775,-0.03724389150738716,0.01843571327626705,0.0,0.2979347795248032,0.0010340585373342036,-0.06237877532839775
6960,10.5625,-0.06169747933745384,-0.040426100790500644,0.016106615588068963,0.0,0.2984933376312256,0.009490659413859247,-0.06169747933745384
6970,11.40625,-0.06426281481981277,-0.03591445926576853,0.027550996840000154,0.0,0.30455074906349183,0.009246319346129895,-0.06426281481981277
6980,11.84375,-0.010043534450232983,-0.030788088962435723,0.06941600143909454,0.0,0.30095234513282776,-0.0018627595622092486,-0.010043534450232983
6990,10.46875,0.020098522305488586,-0.02739862576127052,0.07341692000627517,0.0,0.30008943676948546,0.00879586348310113,0.020098522305488586
7000,10.3125,-0.03151971846818924,-0.03480795845389366,0.019631462916731835,0.0,0.30769731402397155,0.00936511280015111,-0.03151971846818924
7010,9.78125,-0.03838738054037094,-0.03308374062180519,0.014600962586700916,0.0,0.31022700667381287,0.01269496362656355,-0.03838738054037094
7020,11.53125,-0.010437307879328728,-0.03449940085411072,0.011515950784087181,0.0,0.308111247420311,0.014073464879766106,-0.010437307879328728
7030,10.53125,-0.03804739564657211,-0.03362668678164482,0.12075344026088715,0.0,0.3036756098270416,0.01111058141104877,-0.03804739564657211
7040,9.5625,-0.01799912564456463,-0.032344117388129236,0.02501524202525616,0.0,0.3022368848323822,0.008851262833923101,-0.01799912564456463
7050,14.4375,-0.02254346013069153,-0.028810112550854684,0.02577069103717804,0.0,0.3124993979930878,0.020019896468147634,-0.02254346013069153
7060,10.96875,-0.058632057160139084,-0.030692074820399283,0.02095806859433651,0.0,0.3075662523508072,0.0012877818662673235,-0.058632057160139084
7070,11.28125,-0.02709817700088024,-0.025659892708063126,0.03871235549449921,0.0,0.3064943879842758,0.016258714906871318,-0.02709817700088024
7080,9.84375,-0.07582177221775055,-0.035719520226120946,0.05560047253966331,0.0,0.30691156089305877,0.011776300380006433,-0.07582177221775055
7090,10.875,-0.006778256967663765,-0.033177970349788664,0.01884620003402233,0.0,0.3081160843372345,0.011539052985608578,-0.006778256967663765
7100,8.84375,-0.010999657213687897,-0.028326130099594594,0.02565397322177887,0.0,0.30823095738887785,0.011938349017873407,-0.010999657213687897
7110,10.5625,-0.005317262373864651,-0.031969116628170015,0.015541956759989262,0.0,0.3110154867172241,0.013831527717411519,-0.005317262373864651
7120,10.8125,-0.041684504598379135,-0.03907892908900976,0.010476772673428059,0.0,0.30999372601509095,0.016052007908001542,-0.041684504598379135
7130,12.09375,-0.028947295621037483,-0.03325251303613186,0.04987751170992851,0.0,0.30850781202316285,0.007709420518949628,-0.028947295621037483
7140,10.875,-0.0675213485956192,-0.0315100684762001,0.19689988493919372,0.0,0.31199176907539367,0.0071322951465845105,-0.0675213485956192
7150,9.09375,-0.02886345051229,-0.03574270009994507,0.01578998565673828,0.0,0.3094039559364319,0.01512495819479227,-0.02886345051229
7160,9.59375,-0.030117105692625046,-0.03736275844275951,0.03409138098359108,0.0,0.31315772235393524,0.010321204224601388,-0.030117105692625046
7170,15.09375,-0.00961035955697298,-0.033720411360263824,0.012763175927102566,0.0,0.3116557151079178,0.014663537451997399,-0.00961035955697298
7180,13.28125,-0.02804812602698803,-0.030639003962278366,0.016784045845270157,0.0,0.3122300893068314,0.014168315893039107,-0.02804812602698803
7190,10.6875,-0.02863830141723156,-0.04074367340654135,0.025815991684794426,0.0,0.31239724457263945,0.020428681327030063,-0.02863830141723156
7200,11.0,0.003167153801769018,-0.03820327706634998,0.00823840145021677,0.0,0.3087387204170227,0.01894913981668651,0.003167153801769018
7210,8.75,-0.06249918416142464,-0.0351508729159832,0.04721918404102325,0.0,0.3090421974658966,0.013196580205112695,-0.06249918416142464
7220,7.90625,-0.1048106849193573,-0.02801825851202011,0.39515720009803773,0.0,0.31168639957904815,0.008875029813498258,-0.1048106849193573
7230,9.5,-0.0395703986287117,-0.03654649704694748,0.08039176613092422,0.0,0.31081133186817167,0.013668658444657922,-0.0395703986287117
7240,10.34375,-0.026237355545163155,-0.03974949643015861,0.013629380241036415,0.0,0.30905198454856875,0.019321594946086408,-0.026237355545163155
7250,9.28125,-0.02007630281150341,-0.02850921414792538,0.02415197603404522,0.0,0.30721412897109984,0.01828779196366668,-0.02007630281150341
7260,10.71875,-0.0204541627317667,-0.02954924888908863,0.07617347538471222,0.0,0.31124036610126493,0.02226716517470777,-0.0204541627317667
7270,8.75,0.023368947207927704,-0.03245164602994919,0.010930451564490795,0.0,0.31046478152275087,0.028363860305398704,0.023368947207927704
7280,7.6875,-0.022309910506010056,-0.028800978139042855,0.014517731592059135,0.0,0.3089827328920364,0.02145669502206147,-0.022309910506010056
7290,9.46875,-0.016889262944459915,-0.03711125180125237,0.013484329357743264,0.0,0.3105827301740646,0.021481451578438282,-0.016889262944459915
7300,8.1875,-0.022219527512788773,-0.03612106256186962,0.017050671763718127,0.0,0.3088082641363144,0.020119832688942553,-0.022219527512788773
7310,12.625,-0.05779983103275299,-0.03264207169413567,0.15249099135398864,0.0,0.3131501406431198,0.023602234199643135,-0.05779983103275299
7320,13.46875,-0.026694433763623238,-0.03314332254230976,0.025656569749116898,0.0,0.314038148522377,0.02115114787593484,-0.026694433763623238
7330,9.53125,-0.06458260118961334,-0.027879021316766738,0.3011780619621277,0.0,0.3166645556688309,0.02001322163268924,-0.06458260118961334
7340,9.9375,-0.017961179837584496,-0.02577189728617668,0.0504283644258976,0.0,0.3129093587398529,0.020025934837758542,-0.017961179837584496
7350,11.34375,-0.02105255052447319,-0.03546765726059675,0.01570799145847559,0.0,0.31275956630706786,0.017052082531154155,-0.02105255052447319
7360,11.78125,-0.043584682047367096,-0.03059889730066061,0.050521598756313325,0.0,0.3154285818338394,0.0157981944270432,-0.043584682047367096
7370,9.875,0.0018613524734973907,-0.03881660215556622,0.028286112844944,0.0,0.31235174238681795,0.018125016847625373,0.0018613524734973907
7380,11.78125,0.006885045673698187,-0.03808989673852921,0.02203373275697231,0.0,0.31100484132766726,0.012741848453879356,0.006885045673698187
7390,11.28125,-0.043505795300006866,-0.029010137915611266,0.17258957624435425,0.0,0.314546725153923,0.015843965439125897,-0.043505795300006866
7400,10.90625,-0.019258268177509308,-0.03377567529678345,0.016501700133085252,0.0,0.3154130011796951,0.021918840846046804,-0.019258268177509308
7410,10.90625,-0.014258179813623428,-0.030139636248350143,0.05381865724921227,0.0,0.3125459015369415,0.016161334328353406,-0.014258179813623428
7420,11.21875,-0.06373164802789688,-0.03422777466475964,0.01197243295609951,0.0,0.3102503031492233,0.012154966685920953,-0.06373164802789688
7430,9.3125,-0.03373153507709503,-0.03862699503079057,0.024205025658011435,0.0,0.3083827763795853,0.024100185837596655,-0.03373153507709503
7440,11.90625,0.012737784534692764,-0.03709007129073143,0.01137830838561058,0.0,0.31617686450481414,0.025143434247002005,0.012737784534692764
7450,9.59375,-0.06006384640932083,-0.035463684052228925,0.04536056593060493,0.0,0.3129688769578934,0.021175657398998737,-0.06006384640932083
7460,11.25,-0.04433852434158325,-0.027979539707303047,0.0172841127961874,0.0,0.3108596712350845,0.023886571172624826,-0.04433852434158325
7470,10.6875,-0.004076187498867512,-0.03753311075270176,0.021200913190841674,0.0,0.31359623968601225,0.0230661173351109,-0.004076187498867512
7480,9.75,-0.024878649041056633,-0.03678538277745247,0.02008795700967312,0.0,0.3118007957935333,0.01437877481803298,-0.024878649041056633
7490,11.125,-0.006173531990498304,-0.03152637593448162,0.036648718267679216,0.0,0.3116932809352875,0.01467942064628005,-0.006173531990498304
7500,12.0,-0.028722252696752548,-0.03730955831706524,0.02409527190029621,0.0,0.30937000811100007,0.012012802762910724,-0.028722252696752548
7510,11.625,-0.013271266594529152,-0.04101142175495624,0.013368651829659938,0.0,0.31481730937957764,0.024688736628741027,-0.013271266594529152
7520,11.90625,-0.012733894400298595,-0.031631453335285185,0.059978517889976504,0.0,0.31529730260372163,0.023172010434791446,-0.012733894400298595
7530,10.46875,-0.04558397829532623,-0.03237666711211205,0.011462054401636123,0.0,0.3106432676315308,0.010341507848352194,-0.04558397829532623
7540,8.53125,-0.023522228002548218,-0.034099682979285714,0.011800145730376244,0.0,0.3110814720392227,0.019107273733243346,-0.023522228002548218
7550,6.625,-0.03739898279309273,-0.03121958002448082,0.04710012525320053,0.0,0.31436451375484464,0.017474249145016073,-0.03739898279309273
7560,9.96875,-0.038903966546058655,-0.03138511888682842,0.012791885808110238,0.0,0.31124782264232637,0.008168645249679685,-0.038903966546058655
7570,12.625,0.0037328111939132214,-0.03808024860918522,0.03894380256533623,0.0,0.31082907021045686,0.014584730332717299,0.0037328111939132214
7580,9.375,-0.02727421745657921,-0.03473991453647614,0.01314412485808134,0.0,0.3088159769773483,0.00611430830322206,-0.02727421745657921
7590,9.625,-0.03534872457385063,-0.03160633035004139,0.033193688839673996,0.0,0.3105100721120834,0.017452653450891375,-0.03534872457385063
7600,8.03125,-0.08159845322370529,-0.038372994400560856,0.014902641996741295,0.0,0.3098293662071228,0.011086545092985034,-0.08159845322370529
7610,11.40625,-0.06266868859529495,-0.023220829665660858,0.25156721472740173,0.0,0.31209858059883117,0.01730582336895168,-0.06266868859529495
7620,10.28125,-0.04499148949980736,-0.026057673431932927,0.08661444634199142,0.0,0.3116995573043823,0.017911095009185373,-0.04499148949980736
7630,10.0625,-0.0011893277987837791,-0.03752368614077568,0.022756808996200563,0.0,0.3110192626714706,0.018163541797548532,-0.0011893277987837791
7640,11.90625,-0.029873047024011612,-0.03407009448856115,0.01577261183410883,0.0,0.3167078346014023,0.024431680142879487,-0.029873047024011612
7650,9.5625,-0.01153857447206974,-0.03017010446637869,0.02844952940940857,0.0,0.3092631667852402,0.02192726042121649,-0.01153857447206974
7660,10.15625,-0.005933210253715515,-0.03383604884147644,0.012137052975594998,0.0,0.3098453998565674,0.014978605788201094,-0.005933210253715515
7670,8.21875,-0.03220664709806442,-0.035020167380571364,0.04923266917467117,0.0,0.31281150281429293,0.01739778071641922,-0.03220664709806442
7680,9.5,-0.03868750482797623,-0.027560510486364365,0.04785530492663383,0.0,0.3149889349937439,0.029532479401677848,-0.03868750482797623
7690,11.53125,-0.002309804782271385,-0.034741411730647084,0.013416112586855888,0.0,0.31616368889808655,0.025290275318548085,-0.002309804782271385
7700,11.5625,0.00521089555695653,-0.029003907367587088,0.014475364610552788,0.0,0.3131348967552185,0.021940394630655648,0.00521089555695653
7710,8.28125,-0.01842654123902321,-0.03650840856134892,0.013825858384370804,0.0,0.31036081314086916,0.023726895498111845,-0.01842654123902321
7720,9.78125,-0.021116092801094055,-0.035408349707722664,0.012278530560433865,0.0,0.3154264271259308,0.02967462921515107,-0.021116092801094055
7730,7.84375,-0.039593130350112915,-0.03391746580600739,0.022434665262699126,0.0,0.30586508512496946,0.013331546029075981,-0.039593130350112915
7740,9.34375,9.674485772848129e-05,-0.04079548493027687,0.00791506953537464,0.0,0.31790865063667295,0.027455247612670063,9.674485772848129e-05
7750,9.0,0.0013068309053778648,-0.03548712283372879,0.014755741506814957,0.0,0.31270974576473237,0.027955615473911167,0.0013068309053778648
7760,9.4375,-0.014688129536807537,-0.03045673556625843,0.03237859457731247,0.0,0.3162478893995285,0.02228002925403416,-0.014688129536807537
7770,9.15625,-0.03081131912767887,-0.03392097987234592,0.02455621659755707,0.0,0.3147388309240341,0.0181054905988276,-0.03081131912767887
7780,10.6875,-0.018711715936660767,-0.02845909893512726,0.17203240990638732,0.0,0.31730868220329284,0.023050756100565194,-0.018711715936660767
7790,6.875,-0.028005968779325485,-0.037258397042751315,0.01563081182539463,0.0,0.3132092922925949,0.021175147336907684,-0.028005968779325485
7800,11.15625,-0.034726981073617935,-0.03887642873451114,0.009875362180173397,0.0,0.3198085427284241,0.027667512744665147,-0.034726981073617935
7810,10.0,-0.020314611494541168,-0.031023438647389413,0.03368102982640266,0.0,0.31334730684757234,0.026480352878570555,-0.020314611494541168
7820,8.1875,-0.031480573117733,-0.02780213560909033,0.01810152605175972,0.0,0.3106714993715286,0.024694197159260512,-0.031480573117733
7830,9.375,-0.013791048899292946,-0.04101806376129389,0.008608074858784676,0.0,0.3147394865751266,0.02398670637048781,-0.013791048899292946
7840,9.5625,0.009913546964526176,-0.04243592619895935,0.011064415238797665,0.0,0.317086324095726,0.025660170055925847,0.009913546964526176
7850,10.0,0.029297281056642532,-0.03735189996659756,0.017591094225645067,0.0,0.31397285163402555,0.025015867408365013,0.029297281056642532
7860,8.6875,-0.02556031011044979,-0.03495008312165737,0.008827246632426978,0.0,0.3195654362440109,0.028740397607907652,-0.02556031011044979
7870,11.5625,-0.029261456802487373,-0.038655619323253634,0.011149151436984538,0.0,0.3178284585475922,0.03326907763257623,-0.029261456802487373
7880,12.5,-0.00851304642856121,-0.03713388480246067,0.014328344725072384,0.0,0.32002903819084166,0.03358493219129741,-0.00851304642856121
7890,10.5,-0.011410202831029892,-0.03356115333735943,0.0525432713329792,0.0,0.3118472218513489,0.03578861672431231,-0.011410202831029892
7900,12.28125,-0.003064668271690607,-0.03030080087482929,0.05133616402745247,0.0,0.3197138100862503,0.03934357818216085,-0.003064668271690607
7910,9.46875,0.0058598387986421585,-0.032171445339918135,0.014933312870562076,0.0,0.31836185455322263,0.028767171408981086,0.0058598387986421585
7920,9.65625,-0.02719840034842491,-0.03526851572096348,0.02243834100663662,0.0,0.3157858908176422,0.026293795835226775,-0.02719840034842491
7930,9.84375,-0.0007532695308327675,-0.034857892990112306,0.009358728490769862,0.0,0.3242297828197479,0.036800193786621097,-0.0007532695308327675
7940,11.78125,-0.044662993401288986,-0.036175789311528206,0.007182052917778492,0.0,0.32135170698165894,0.037713801953941584,-0.044662993401288986
7950,11.625,0.015154069289565086,-0.03584170937538147,0.009833471290767193,0.0,0.3222730129957199,0.037564375810325144,0.015154069289565086
7960,9.8125,-0.06291721761226654,-0.03590007051825524,0.13632867038249968,0.0,0.31756401658058164,0.02944089435040951,-0.06291721761226654
7970,10.15625,0.006672537885606289,-0.04004641231149435,0.011788776889443398,0.0,0.3204181879758835,0.03739856667816639,0.006672537885606289
7980,7.75,-0.05330539494752884,-0.0367382600903511,0.016148808971047403,0.0,0.3188737392425537,0.03314400408416986,-0.05330539494752884
7990,9.34375,-0.023965388536453247,-0.036322254687547684,0.005465891864150763,0.0,0.31796067357063296,0.040042716264724734,-0.023965388536453247
8000,10.03125,-0.0035304042976349592,-0.03635720107704401,0.007032106444239616,0.0,0.3225741982460022,0.046496125124394896,-0.0035304042976349592
8010,12.21875,-0.009963074699044228,-0.037806617096066475,0.011003592237830161,0.0,0.3207835525274277,0.03932185955345631,-0.009963074699044228
8020,8.5625,-0.026938188821077347,-0.03268972253426909,0.01642794590443373,0.0,0.3196136265993118,0.03191011189483106,-0.026938188821077347
8030,10.625,0.02135295979678631,-0.030972740054130553,0.008685917779803275,0.0,0.32029907405376434,0.032681418024003504,0.02135295979678631
8040,11.625,0.012827808037400246,-0.03659861758351326,0.007749695889651775,0.0,0.3265830636024475,0.05383841479197145,0.012827808037400246
8050,8.96875,0.02177150920033455,-0.033907652646303174,0.011001769453287125,0.0,0.31863875687122345,0.03478463366627693,0.02177150920033455
8060,10.21875,-0.0008983156876638532,-0.040029282495379445,0.0071208980865776535,0.0,0.32335869371891024,0.041350212134420875,-0.0008983156876638532
8070,11.0625,-0.010377245023846626,-0.036812837421894076,0.010727571509778499,0.0,0.32280555963516233,0.04379467209801078,-0.010377245023846626
8080,9.8125,-0.039053790271282196,-0.03147081155329943,0.018341724947094917,0.0,0.32165194749832154,0.03465581815689802,-0.039053790271282196
8090,8.78125,-0.0019154641777276993,-0.037951075844466685,0.01068572625517845,0.0,0.32220920324325564,0.037409305572509766,-0.0019154641777276993
8100,10.6875,0.02177354320883751,-0.034665245190262796,0.012196933850646019,0.0,0.32037409842014314,0.038035164959728716,0.02177354320883751
8110,9.46875,-0.03125060722231865,-0.031191868335008623,0.03197290152311325,0.0,0.3237118273973465,0.03607850167900324,-0.03125060722231865
8120,11.65625,0.02246144413948059,-0.03642714694142342,0.011507580056786537,0.0,0.3271541029214859,0.04449533633887768,0.02246144413948059
8130,13.46875,-0.0051416754722595215,-0.033708347380161284,0.09331903904676438,0.0,0.32663387060165405,0.03535830359905958,-0.0051416754722595215
8140,10.8125,0.008066991344094276,-0.039061345905065534,0.03673413023352623,0.0,0.32382875978946685,0.033483825996518134,0.008066991344094276
8150,10.15625,-0.033943358808755875,-0.038775524124503136,0.013939065299928189,0.0,0.3267491579055786,0.030371620412915946,-0.033943358808755875
8160,9.1875,0.02197461947798729,-0.0354011258110404,0.008001166209578515,0.0,0.32112778127193453,0.035165153164416554,0.02197461947798729
8170,11.65625,0.008223896846175194,-0.032649648189544675,0.013530255854129791,0.0,0.32335672378540037,0.03203129400499165,0.008223896846175194
8180,9.9375,0.01104797888547182,-0.035168929398059844,0.024498717114329337,0.0,0.32034192979335785,0.01997506828047335,0.01104797888547182
8190,11.0625,0.00024288706481456757,-0.03589443378150463,0.015833057835698126,0.0,0.3257572054862976,0.020777263958007098,0.00024288706481456757
8200,10.1875,0.010697506368160248,-0.04044845513999462,0.016803224012255667,0.0,0.3258947193622589,0.029297690931707622,0.010697506368160248
8210,10.40625,-0.009141847491264343,-0.039986776560544966,0.014107932336628437,0.0,0.32417579293251036,0.02798560494557023,-0.009141847491264343
8220,10.84375,-0.029026081785559654,-0.03251757435500622,0.05752783715724945,0.0,0.3189287602901459,0.018122781347483397,-0.029026081785559654
8230,11.0,-0.020816922187805176,-0.03434653989970684,0.012583512254059315,0.0,0.32195563316345216,0.030960343591868878,-0.020816922187805176
8240,13.09375,0.021890675649046898,-0.034354458283632996,0.011156036891043187,0.0,0.32461575269699094,0.036338148964568974,0.021890675649046898
8250,11.8125,-0.030147626996040344,-0.030800411850214003,0.01793343126773834,0.0,0.3235454946756363,0.03263749275356531,-0.030147626996040344
8260,10.78125,0.009210322983562946,-0.03887829594314098,0.009813056513667106,0.0,0.3245660811662674,0.03601731639355421,0.009210322983562946
8270,8.46875,0.01174906361848116,-0.03379373140633106,0.010874373279511929,0.0,0.32616051435470583,0.03865350522100926,0.01174906361848116
8280,10.34375,-0.02334078773856163,-0.039697062224149704,0.021809300407767296,0.0,0.3251132547855377,0.029948257096111774,-0.02334078773856163
8290,12.3125,0.03668580949306488,-0.03559246249496937,0.006251919455826283,0.0,0.3248495012521744,0.03728427425958216,0.03668580949306488
8300,11.375,0.04274773597717285,-0.03197597824037075,0.015439314022660255,0.0,0.32580540180206297,0.03723500818014145,0.04274773597717285
8310,11.28125,-0.014744831249117851,-0.0290304034948349,0.023630889132618904,0.0,0.3251234859228134,0.03093294184654951,-0.014744831249117851
8320,11.53125,-0.008676324039697647,-0.02072676345705986,0.0889382854104042,0.0,0.3251997470855713,0.037197582237422464,-0.008676324039697647
8330,10.03125,-0.0322907418012619,-0.029797664284706114,0.0491417184472084,0.0,0.3299572944641113,0.042109182476997374,-0.0322907418012619
8340,11.46875,-0.021438125520944595,-0.03348808903247118,0.011357748135924339,0.0,0.32635304927825926,0.03861778974533081,-0.021438125520944595
8350,10.03125,-0.02217845432460308,-0.040766451880335806,0.010655021853744983,0.0,0.32989583909511566,0.02800562116317451,-0.02217845432460308
8360,10.875,-0.02273908071219921,-0.03974658437073231,0.018265552073717117,0.0,0.33143951892852785,0.03423060029745102,-0.02273908071219921
8370,11.78125,0.016577627509832382,-0.042748027667403224,0.008384163118898868,0.0,0.3300624996423721,0.030248625483363867,0.016577627509832382
8380,14.25,-0.007763272617012262,-0.042002512887120244,0.029140733182430267,0.0,0.33263041377067565,0.03631161497905851,-0.007763272617012262
8390,11.1875,0.002142788842320442,-0.031618807092309,0.015361964516341687,0.0,0.33246113955974577,0.03215738404542208,0.002142788842320442
8400,11.28125,-0.027992000803351402,-0.03500271569937467,0.01992860436439514,0.0,0.3284830540418625,0.03390606394968927,-0.027992000803351402
8410,12.34375,0.0176596250385046,-0.030224105529487132,0.0326530747115612,0.0,0.3282382547855377,0.04068591063842177,0.0176596250385046
8420,11.78125,0.010276027955114841,-0.03450760133564472,0.01200819704681635,0.0,0.3306497156620026,0.03480703989043832,0.010276027955114841
8430,9.0,0.03245016559958458,-0.03381106369197369,0.019117067754268646,0.0,0.32892402410507204,0.035174396727234124,0.03245016559958458
8440,11.15625,0.011893771588802338,-0.03330552112311125,0.016102851554751395,0.0,0.3314728558063507,0.038424324803054334,0.011893771588802338
8450,9.0625,0.03558746352791786,-0.029675552248954774,0.03966512233018875,0.0,0.3318557620048523,0.03373172208666801,0.03558746352791786
8460,9.46875,-0.02044219896197319,-0.03389475364238024,0.011916542239487172,0.0,0.33364670872688296,0.03070114916190505,-0.02044219896197319
8470,11.625,0.026402724906802177,-0.033426178619265556,0.01584942266345024,0.0,0.3290666490793228,0.042854683566838504,0.026402724906802177
8480,11.46875,-0.01508693303912878,-0.03291407227516174,0.02946205474436283,0.0,0.33049342334270476,0.03250868422910571,-0.01508693303912878
8490,11.375,-0.017322421073913574,-0.03325884491205215,0.01295731719583273,0.0,0.3335112541913986,0.04049347378313541,-0.017322421073913574
8500,9.96875,0.04565860331058502,-0.03483016118407249,0.015853166207671167,0.0,0.32804642617702484,0.040017003752291204,0.04565860331058502
8510,9.96875,-0.01666323095560074,-0.03091321587562561,0.04680611565709114,0.0,0.33292664885520934,0.043173732981085775,-0.01666323095560074
8520,11.46875,-0.02178400754928589,-0.043241434171795844,0.021855675056576727,0.0,0.3301479876041412,0.0419339120388031,-0.02178400754928589
8530,12.4375,-0.006778983864933252,-0.04507680647075176,0.01398170255124569,0.0,0.3313398003578186,0.040470545552670954,-0.006778983864933252
8540,11.40625,0.04728945344686508,-0.027995460480451585,0.009528696164488792,0.0,0.3279372423887253,0.039627793990075585,0.04728945344686508
8550,11.09375,-0.00209083897061646,-0.03227732423692942,0.02902236729860306,0.0,0.3320288509130478,0.04728408697992563,-0.00209083897061646
8560,11.1875,0.02230902574956417,-0.027950667217373847,0.0222378958016634,0.0,0.3317458778619766,0.04283506646752357,0.02230902574956417
8570,12.125,0.04025670140981674,-0.02911716904491186,0.031580059230327605,0.0,0.3353735595941544,0.04649097248911858,0.04025670140981674
8580,9.625,0.019965413957834244,-0.03128597252070904,0.034182921051979065,0.0,0.3358334988355637,0.04366573989391327,0.019965413957834244
8590,9.75,0.024911725893616676,-0.04015498217195272,0.01616392582654953,0.0,0.33077543377876284,0.03931696303188801,0.024911725893616676
8600,10.125,-0.022451195865869522,-0.03895620182156563,0.010177121125161647,0.0,0.33336491584777833,0.04040248654782772,-0.022451195865869522
8610,11.03125,0.00033614039421081543,-0.0355767073109746,0.022504116222262383,0.0,0.3275457382202148,0.036122610606253144,0.00033614039421081543
8620,10.84375,-0.016446078196167946,-0.029598869383335114,0.07940291911363602,0.0,0.32620018124580386,0.03872795486822724,-0.016446078196167946
8630,9.96875,0.015792138874530792,-0.03644076213240623,0.006762674171477556,0.0,0.33104296326637267,0.04566650874912739,0.015792138874530792
8640,8.96875,0.002424189355224371,-0.03677278719842434,0.005316000804305077,0.0,0.3286438763141632,0.037620145827531815,0.002424189355224371
8650,10.65625,-0.02138260193169117,-0.03692314699292183,0.014849808998405933,0.0,0.32828526198863983,0.030635203514248133,-0.02138260193169117
8660,12.28125,0.022325735539197922,-0.03181006610393524,0.014582468196749687,0.0,0.33255775570869445,0.0419049222022295,0.022325735539197922
8670,9.75,0.01513645239174366,-0.033642620965838435,0.017086232267320155,0.0,0.32791913747787477,0.034788427874445915,0.01513645239174366
8680,13.0625,-0.026209689676761627,-0.03533679097890854,0.02151869796216488,0.0,0.33139132261276244,0.035384866315871476,-0.026209689676761627
8690,9.125,-0.011966563761234283,-0.03490397315472364,0.01910339742898941,0.0,0.32371599674224855,0.039540350623428824,-0.011966563761234283
8700,12.84375,0.03691786155104637,-0.0348027378320694,0.010036060214042663,0.0,0.33053219616413115,0.043219190230593084,0.03691786155104637
8710,13.0625,-0.022565821185708046,-0.03520730473101139,0.013746212236583233,0.0,0.3282246172428131,0.0337302029132843,-0.022565821185708046
8720,9.90625,-0.020389823243021965,-0.03713656421750784,0.00984518975019455,0.0,0.3286840558052063,0.036380814574658873,-0.020389823243021965
8730,9.625,-0.009105002507567406,-0.03523192182183266,0.011338838376104832,0.0,0.3264904022216797,0.033958636410534385,-0.009105002507567406
8740,10.0625,-0.030089618638157845,-0.03704865276813507,0.014178874902427197,0.0,0.3289219826459885,0.032456870563328265,-0.030089618638157845
8750,11.6875,-0.04193425923585892,-0.032833334803581235,0.03392605111002922,0.0,0.3284350156784058,0.027200528234243394,-0.04193425923585892
8760,12.875,-0.02733447030186653,-0.036822423338890076,0.04384408295154572,0.0,0.33389700949192047,0.03989635463804007,-0.02733447030186653
8770,13.375,-0.002155135851353407,-0.03475824184715748,0.013927226699888707,0.0,0.32937997579574585,0.03202209956943989,-0.002155135851353407
8780,9.75,-0.005863562226295471,-0.03730281703174114,0.008394533395767212,0.0,0.32599240243434907,0.03425113745033741,-0.005863562226295471
8790,11.625,0.017337877303361893,-0.03156259730458259,0.009174410253763199,0.0,0.32972111105918883,0.03628454189747572,0.017337877303361893
8800,12.75,-0.041270527988672256,-0.03345555439591408,0.01494080275297165,0.0,0.3289323091506958,0.03522283094935119,-0.041270527988672256
8810,10.53125,-0.007930113933980465,-0.039551711082458495,0.01613317709416151,0.0,0.3245996117591858,0.03695624768733978,-0.007930113933980465
8820,12.1875,-0.015767261385917664,-0.0350901247933507,0.03759392499923706,0.0,0.3272693932056427,0.03362109325826168,-0.015767261385917664
8830,12.03125,-0.01189500279724598,-0.038770254142582415,0.01772317960858345,0.0,0.3293073892593384,0.030384491570293902,-0.01189500279724598
8840,11.03125,-0.02289080247282982,-0.04407805912196636,0.012692396715283393,0.0,0.32381778955459595,0.022153589082881807,-0.02289080247282982
8850,10.40625,0.007611554116010666,-0.034667938202619555,0.02384062185883522,0.0,0.32635622322559354,0.029472967283800243,0.007611554116010666
8860,11.25,-0.017756614834070206,-0.042094450816512106,0.006144914589822292,0.0,0.32703142464160917,0.03511470062658191,-0.017756614834070206
8870,13.03125,-0.023327648639678955,-0.038408771902322766,0.012766988575458526,0.0,0.3264447122812271,0.03581609353423119,-0.023327648639678955
8880,13.375,0.02290993742644787,-0.036964979767799375,0.01594575271010399,0.0,0.3303964376449585,0.04290406070649624,0.02290993742644787
8890,9.25,-0.007316935807466507,-0.037664882838726044,0.009780524112284184,0.0,0.32622471153736116,0.02088228277862072,-0.007316935807466507
8900,11.96875,0.014774927869439125,-0.03617396280169487,0.012474814616143703,0.0,0.32236349284648896,0.028419890254735947,0.014774927869439125
8910,10.875,0.0017410069704055786,-0.041244139149785045,0.010141977667808532,0.0,0.3299850344657898,0.040036297868937254,0.0017410069704055786
8920,10.90625,0.019525378942489624,-0.03862696550786495,0.005558116268366576,0.0,0.3272649824619293,0.03575870809145272,0.019525378942489624
8930,10.5625,0.00794454850256443,-0.04074888899922371,0.018631618469953537,0.0,0.32467410564422605,0.024019806552678345,0.00794454850256443
8940,12.03125,0.013793213292956352,-0.03228717893362045,0.03121569789946079,0.0,0.325583279132843,0.02557980320416391,0.013793213292956352
8950,11.90625,-0.009851028211414814,-0.044616418238729236,0.01095600612461567,0.0,0.3278257817029953,0.018314988305792212,-0.009851028211414814
8960,12.03125,-0.02729567140340805,-0.030335131287574767,0.1554006665945053,0.0,0.3225394606590271,0.030130791757255793,-0.02729567140340805
8970,14.0625,1.794472336769104e-05,-0.036641924642026424,0.01807505413889885,0.0,0.32229121029376984,0.0269798603374511,1.794472336769104e-05
8980,11.40625,0.03098345175385475,-0.0442344618961215,0.010386106744408607,0.0,0.32530507147312165,0.02279432904906571,0.03098345175385475
8990,14.34375,-0.0012991810217499733,-0.03459193129092455,0.008423682115972043,0.0,0.327144581079483,0.023400235828012227,-0.0012991810217499733
9000,8.90625,-0.006168587598949671,-0.030753782019019127,0.015513160638511181,0.0,0.32370141744613645,0.020310007920488714,-0.006168587598949671
9010,14.5625,-0.012998330406844616,-0.03289440684020519,0.028524991869926453,0.0,0.32516222894191743,0.020317627163603903,-0.012998330406844616
9020,11.84375,0.016493484377861023,-0.03636220619082451,0.015567684546113014,0.0,0.3247293531894684,0.017802634835243226,0.016493484377861023
9030,11.65625,-0.021541103720664978,-0.034522876143455505,0.0271872628480196,0.0,0.32630235254764556,0.027906115958467127,-0.021541103720664978
9040,13.46875,-0.014228645712137222,-0.03128754161298275,0.026674165204167367,0.0,0.3264792799949646,0.02223008465953171,-0.014228645712137222
9050,11.96875,-0.002145803067833185,-0.031712769716978076,0.04732193574309349,0.0,0.3241999804973602,0.01922877742908895,-0.002145803067833185
9060,8.59375,0.017863579094409943,-0.033678653091192244,0.010905597172677518,0.0,0.32546570599079133,0.01562563478946686,0.017863579094409943
9070,11.5625,-0.02485177293419838,-0.03993689492344856,0.01929025575518608,0.0,0.3258089035749435,0.014782061520963907,-0.02485177293419838
9080,13.53125,-0.03962680697441101,-0.04206819459795952,0.03777980729937554,0.0,0.3293591499328613,0.006934820022433996,-0.03962680697441101
9090,16.15625,0.010395947843790054,-0.035050999373197556,0.03166642934083939,0.0,0.32400089502334595,0.020338845159858465,0.010395947843790054
9100,9.75,-0.03699363023042679,-0.041538281738758086,0.017056286707520484,0.0,0.3223173201084137,0.014429381350055337,-0.03699363023042679
9110,14.5,-0.026297062635421753,-0.03712732829153538,0.015166691690683364,0.0,0.32592611014842987,0.013549961103126406,-0.026297062635421753
9120,14.65625,-0.04192709922790527,-0.03952454999089241,0.052959781140089035,0.0,0.31854857206344606,0.004808341711759567,-0.04192709922790527
9130,13.0,-0.04486214742064476,-0.027281212620437145,0.023246068507432938,0.0,0.3191526889801025,0.008256056345999241,-0.04486214742064476
9140,12.25,-0.035213902592659,-0.02856161929666996,0.042784348130226135,0.0,0.31870937943458555,0.0025510205421596767,-0.035213902592659
9150,10.75,-0.03623760864138603,-0.03657922297716141,0.0730313390493393,0.0,0.3182752519845963,-0.0051244910340756174,-0.03623760864138603
9160,12.1875,-0.0016560200601816177,-0.033814388886094095,0.015971942618489266,0.0,0.31990229785442353,0.008187197567895054,-0.0016560200601816177
9170,10.96875,-0.05129333585500717,-0.03575232643634081,0.026063237711787222,0.0,0.3199492335319519,-0.001174222445115447,-0.05129333585500717
9180,13.5,-0.03547729179263115,-0.038897135853767396,0.026130111515522005,0.0,0.31949709355831146,0.0024786343798041343,-0.03547729179263115
9190,13.1875,0.005731740966439247,-0.03623086698353291,0.016460195183753967,0.0,0.3189134746789932,0.006795191625133157,0.005731740966439247
9200,11.71875,-0.009414351545274258,-0.033067766949534415,0.04136110320687294,0.0,0.3196780562400818,0.0039005471393465997,-0.009414351545274258
9210,12.84375,0.0031370455399155617,-0.04097775481641293,0.020081082358956337,0.0,0.323168683052063,-0.0014973944053053856,0.0031370455399155617
9220,13.03125,0.008516494184732437,-0.038182353228330614,0.04894515872001648,0.0,0.32151002883911134,0.007788786897435784,0.008516494184732437
9230,11.03125,-0.05711355805397034,-0.04025871343910694,0.01949895955622196,0.0,0.32045153379440305,0.004870925797149539,-0.05711355805397034
9240,9.5625,-0.020642030984163284,-0.03135374858975411,0.05395993515849114,0.0,0.31746616065502165,0.009416312677785754,-0.020642030984163284
9250,10.0625,-0.06211463361978531,-0.0366944182664156,0.020348251983523368,0.0,0.3219247877597809,0.015032455325126648,-0.06211463361978531
9260,7.96875,-0.03769971802830696,-0.03757357969880104,0.029253282770514488,0.0,0.32314341962337495,0.022905758395791054,-0.03769971802830696
9270,7.71875,-0.06367094814777374,-0.04194112718105316,0.01853279247879982,0.0,0.3233268618583679,0.019174212915822865,-0.06367094814777374
9280,12.4375,0.003919985145330429,-0.03154513658955693,0.031123577803373336,0.0,0.3247042834758759,0.024767180671915412,0.003919985145330429
9290,13.375,-0.07034749537706375,-0.04226121716201305,0.06763776764273643,0.0,0.33004903197288515,0.011901994794607162,-0.07034749537706375
9300,12.84375,-0.006622569635510445,-0.03782958760857582,0.04273420423269272,0.0,0.3236541450023651,0.01196540230885148,-0.006622569635510445
9310,10.4375,-0.017479069530963898,-0.04234863892197609,0.018330036476254464,0.0,0.3196217596530914,0.015611248416826129,-0.017479069530963898
9320,13.15625,-0.00428414111956954,-0.03587990254163742,0.013720306381583215,0.0,0.32721859216690063,0.013137068878859282,-0.00428414111956954
9330,10.5,-0.038492415100336075,-0.041514795273542404,0.012670411355793476,0.0,0.3247750818729401,0.022468684846535324,-0.038492415100336075
9340,10.15625,-0.05286753177642822,-0.03213527798652649,0.03111380785703659,0.0,0.32640492022037504,0.021627582609653473,-0.05286753177642822
9350,11.65625,-0.03313617408275604,-0.02699235677719116,0.044546736776828764,0.0,0.3244036138057709,0.025107851903885602,-0.03313617408275604
9360,10.125,0.0016069875564426184,-0.037152483314275744,0.01876678429543972,0.0,0.32743543982505796,0.025680725555866958,0.0016069875564426184
9370,10.53125,-0.014162560924887657,-0.04182086922228336,0.011582708358764649,0.0,0.32456094920635226,0.022024621721357107,-0.014162560924887657
9380,12.28125,-0.038692086935043335,-0.04237186647951603,0.02514334097504616,0.0,0.32568771243095396,0.0291452594101429,-0.038692086935043335
9390,13.1875,0.01190770510584116,-0.029792258888483046,0.031306680664420126,0.0,0.32779509127140044,0.030606084456667303,0.01190770510584116
9400,13.65625,-0.010074076242744923,-0.03881203569471836,0.07278122156858444,0.0,0.3299240231513977,0.02242885958403349,-0.010074076242744923
9410,11.8125,0.008827032521367073,-0.03541761003434658,0.026103924587368967,0.0,0.3260823369026184,0.02277873707935214,0.008827032521367073
9420,12.03125,-0.015956366434693336,-0.034109794162213804,0.028250211477279664,0.0,0.33035205602645873,0.024782375246286393,-0.015956366434693336
9430,12.125,0.041768480092287064,-0.03893048465251923,0.02276959493756294,0.0,0.32827031910419463,0.030218238662928342,0.041768480092287064
9440,11.5,-0.0034409980289638042,-0.04132675752043724,0.010522076115012168,0.0,0.3291160374879837,0.012190260319039225,-0.0034409980289638042
9450,13.4375,0.0021131099201738834,-0.02971490565687418,0.0312684278935194,0.0,0.3325276255607605,0.028465025778859853,0.0021131099201738834
9460,13.96875,-0.0004234667867422104,-0.04132694937288761,0.01239836122840643,0.0,0.3282062768936157,0.021467643836513162,-0.0004234667867422104
9470,12.46875,0.00047193514183163643,-0.035047099366784094,0.02549249567091465,0.0,0.32878418564796447,0.03130176584236324,0.00047193514183163643
9480,10.25,-0.016628453508019447,-0.03457990810275078,0.033183257281780246,0.0,0.3326040059328079,0.030521714966744183,-0.016628453508019447
9490,12.09375,-0.006355680990964174,-0.03814911711961031,0.031000697612762453,0.0,0.32738169431686404,0.0201090220361948,-0.006355680990964174
9500,11.53125,-0.05539422482252121,-0.03828707970678806,0.08784637600183487,0.0,0.332478666305542,0.027480411110445857,-0.05539422482252121
9510,12.1875,0.032390616834163666,-0.035485153645277025,0.048880142718553544,0.0,0.3287513017654419,0.0265767780598253,0.032390616834163666
9520,11.90625,0.024534480646252632,-0.0421965517103672,0.012464920245110988,0.0,0.32898658514022827,0.023791331565007567,0.024534480646252632
9530,10.4375,-0.010396420024335384,-0.0411736598238349,0.013734780997037888,0.0,0.3355301767587662,0.029415011685341597,-0.010396420024335384
9540,12.03125,0.01148679107427597,-0.042151468619704244,0.011215415224432946,0.0,0.3294765055179596,0.02737753544934094,0.01148679107427597
9550,14.34375,-0.00958833284676075,-0.03278257474303246,0.0468138337135315,0.0,0.3352868646383286,0.026609411090612413,-0.00958833284676075
9560,10.21875,0.0020883679389953613,-0.034204534627497195,0.016352011635899544,0.0,0.33688807487487793,0.03653560732491314,0.0020883679389953613
9570,11.75,-0.015484388917684555,-0.038644623942673206,0.007187305763363838,0.0,0.33363970220088957,0.03438010169193149,-0.015484388917684555
9580,12.09375,0.007841020822525024,-0.039216207526624206,0.027131063118577003,0.0,0.3351693689823151,0.04012201242148876,0.007841020822525024
9590,10.75,0.029214031994342804,-0.025206327438354492,0.031582805514335635,0.0,0.3365608513355255,0.024802120076492427,0.029214031994342804
9600,12.34375,-0.012735530734062195,-0.038684132136404516,0.025350024551153184,0.0,0.33547148406505584,0.04124013390392065,-0.012735530734062195
9610,12.625,-0.00013302545994520187,-0.032998382672667505,0.03858445286750793,0.0,0.3412421941757202,0.034739695582538845,-0.00013302545994520187
9620,11.6875,0.010527178645133972,-0.02970449049025774,0.009698946587741375,0.0,0.3320822924375534,0.03610924314707518,0.010527178645133972
9630,12.03125,0.0029703418258577585,-0.03545344360172749,0.024757232144474985,0.0,0.33778353929519656,0.035064604878425595,0.0029703418258577585
9640,11.96875,-0.0318465456366539,-0.03513058423995972,0.04774904251098633,0.0,0.3393034696578979,0.040432397508993745,-0.0318465456366539
9650,12.28125,0.012553457170724869,-0.03574933782219887,0.02707751505076885,0.0,0.3352344423532486,0.04037129431962967,0.012553457170724869
9660,12.78125,0.006948419846594334,-0.03374166078865528,0.030077703669667243,0.0,0.33343689143657684,0.042141294293105605,0.006948419846594334
9670,12.90625,0.012433900497853756,-0.03719716742634773,0.02368738278746605,0.0,0.33548429906368255,0.03279992397874594,0.012433900497853756
9680,11.90625,-0.012843563221395016,-0.031021181493997574,0.033069058880209924,0.0,0.33565500378608704,0.038474034052342176,-0.012843563221395016
9690,13.375,-0.03728729486465454,-0.03327500969171524,0.05170376375317574,0.0,0.3353318989276886,0.026781558711081743,-0.03728729486465454
9700,14.3125,-0.016347113996744156,-0.03223268650472164,0.028658559918403624,0.0,0.3340304583311081,0.03963884916156531,-0.016347113996744156
9710,11.28125,-0.027020921930670738,-0.03677609637379646,0.014887405931949616,0.0,0.32748996615409853,0.028210710221901535,-0.027020921930670738
9720,11.59375,0.010961538180708885,-0.03163009062409401,0.014661666005849838,0.0,0.33932228684425353,0.03572781132534146,0.010961538180708885
9730,13.40625,-0.010371536016464233,-0.032147726975381374,0.012625058181583881,0.0,0.34023953676223756,0.04222333673387766,-0.010371536016464233
9740,12.09375,0.033770233392715454,-0.03590951524674892,0.017416747659444808,0.0,0.33866616487503054,0.052514559123665094,0.033770233392715454
9750,13.125,0.03401936963200569,-0.03483021855354309,0.01700904779136181,0.0,0.3395953387022018,0.041041819006204606,0.03401936963200569
9760,17.53125,0.017894405871629715,-0.03554893285036087,0.03702645674347878,0.0,0.33159089982509615,0.040220914781093596,0.017894405871629715
9770,10.96875,0.0022386559285223484,-0.03584471382200718,0.030720873177051543,0.0,0.32961329221725466,0.036689615808427334,0.0022386559285223484
9780,12.15625,0.013563873246312141,-0.03220942001789808,0.01710485853254795,0.0,0.3334298521280289,0.03809066135436297,0.013563873246312141
9790,13.375,-0.03938058018684387,-0.03453538231551647,0.0692615658044815,0.0,0.33886598944664004,0.032561685889959335,-0.03938058018684387
9800,11.21875,-0.006063991226255894,-0.035204765200614926,0.12899050414562224,0.0,0.3386720448732376,0.03123882124200463,-0.006063991226255894
9810,14.1875,0.02871057577431202,-0.032309702783823016,0.029335669800639154,0.0,0.3386896163225174,0.03455164935439825,0.02871057577431202
9820,13.96875,-0.004976878874003887,-0.041270370781421664,0.020428913459181786,0.0,0.34189369678497317,0.03476563077419996,-0.004976878874003887
9830,13.0625,0.017827317118644714,-0.03424012959003449,0.025890376046299936,0.0,0.3406542629003525,0.0351591506972909,0.017827317118644714
9840,13.3125,-0.013246245682239532,-0.03405529074370861,0.03158725388348103,0.0,0.33857443630695344,0.036538512981496754,-0.013246245682239532
9850,14.625,0.004305839538574219,-0.038397129997611044,0.04399650916457176,0.0,0.3396207273006439,0.04397911410778761,0.004305839538574219
9860,12.40625,-0.0031114001758396626,-0.0376214038580656,0.024327140673995017,0.0,0.33981998860836027,0.03928840532898903,-0.0031114001758396626
9870,13.0625,0.0042763976380229,-0.03340484276413917,0.047979430109262464,0.0,0.33866951763629916,0.03510458362288773,0.0042763976380229
9880,15.0,-0.023064784705638885,-0.038831008970737456,0.061627669632434844,0.0,0.3400182366371155,0.0388649511616677,-0.023064784705638885
9890,12.4375,0.01169718336313963,-0.04468228109180927,0.01907908692955971,0.0,0.3394194781780243,0.03155970664229244,0.01169718336313963
9900,14.40625,0.010964810848236084,-0.03167362585663795,0.04632141888141632,0.0,0.34316056668758393,0.04378233999013901,0.010964810848236084
9910,13.46875,0.01235770434141159,-0.03177814409136772,0.0323206003755331,0.0,0.339958131313324,0.03869443256407976,0.01235770434141159
9920,15.34375,0.03266396000981331,-0.03771286141127348,0.04278054088354111,0.0,0.3405169308185577,0.04335580375045538,0.03266396000981331
9930,14.875,0.030138231813907623,-0.03625212386250496,0.040352439135313035,0.0,0.3416559934616089,0.03475138819776476,0.030138231813907623
9940,11.84375,0.033880479633808136,-0.03811935000121593,0.022260041907429695,0.0,0.34133113324642184,0.04174370197579265,0.033880479633808136
9950,13.96875,-0.00015872903168201447,-0.041505664587020874,0.018008268624544143,0.0,0.34256496131420133,0.03867415692657232,-0.00015872903168201447
9960,10.46875,0.013572817668318748,-0.03216670900583267,0.026466362923383713,0.0,0.3395492911338806,0.03583114482462406,0.013572817668318748
9970,12.125,-0.023750077933073044,-0.035636330023407936,0.05731444656848907,0.0,0.3462258785963058,0.032465616473928094,-0.023750077933073044
9980,15.125,0.006347326561808586,-0.028389055281877518,0.06748276203870773,0.0,0.3496299088001251,0.03202718291431665,0.006347326561808586
9990,12.34375,0.015296374447643757,-0.032272209972143175,0.036956646293401715,0.0,0.33796697556972505,0.04032600075006485,0.015296374447643757
10000,15.375,0.02445039711892605,-0.03404503036290407,0.0523198626935482,0.0,0.34497925639152527,0.038146331114694475,0.02445039711892605
10010,11.875,-0.0074683018028736115,-0.03937252089381218,0.01615146053954959,0.0,0.341243588924408,0.041425746167078614,-0.0074683018028736115
10020,12.5,0.016204601153731346,-0.04088861774653196,0.01816389225423336,0.0,0.34330580830574037,0.03247855412773788,0.016204601153731346
10030,12.15625,-0.011792343109846115,-0.04190209973603487,0.03309391923248768,0.0,0.3442162275314331,0.03958869008347392,-0.011792343109846115
10040,10.4375,0.002419712720438838,-0.04557325206696987,0.03757959231734276,0.0,0.3463017165660858,0.0410233911126852,0.002419712720438838
10050,16.3125,0.03864722698926926,-0.04458627849817276,0.03406189605593681,0.0,0.34658254832029345,0.043200745806097986,0.03864722698926926
10060,13.3125,0.015257693827152252,-0.04245483949780464,0.028919897601008417,0.0,0.34713313430547715,0.036695768125355244,0.015257693827152252
10070,12.03125,-0.0220114067196846,-0.0438585901632905,0.05757179111242294,0.0,0.347044937312603,0.03580075190402567,-0.0220114067196846
10080,14.1875,0.04385121166706085,-0.0440020339563489,0.026758395321667194,0.0,0.34792194068431853,0.03965267911553383,0.04385121166706085
10090,12.65625,0.01164291612803936,-0.04033333845436573,0.017735210806131364,0.0,0.3490191623568535,0.037283112714067104,0.01164291612803936
10100,14.53125,0.0019870512187480927,-0.047091244533658025,0.034573144651949404,0.0,0.3485243022441864,0.041478994954377416,0.0019870512187480927
10110,11.53125,0.013650951907038689,-0.047715927846729754,0.023357726354151963,0.0,0.3461078405380249,0.042436228785663846,0.013650951907038689
10120,18.1875,0.017923831939697266,-0.04448691587895155,0.0379230622202158,0.0,0.3429879233241081,0.032515580952167514,0.017923831939697266
10130,10.0,-0.013222724199295044,-0.04603078584186733,0.03246178682893515,0.0,0.3391087859869003,0.03389601302333176,-0.013222724199295044
10140,15.3125,0.022573290392756462,-0.04642228120937943,0.06360113061964512,0.0,0.34513228237628935,0.03716036593541503,0.022573290392756462
10150,12.65625,-0.006859814748167992,-0.04136857129633427,0.033796167373657225,0.0,0.342183543741703,0.033031116845086216,-0.006859814748167992
10160,15.1875,-0.0021526184864342213,-0.05174955427646637,0.05385314933955669,0.0,0.3452823430299759,0.03498319122008979,-0.0021526184864342213
10170,11.375,-0.008110353723168373,-0.03690278064459562,0.0430013719946146,0.0,0.344056698679924,0.03891289234161377,-0.008110353723168373
10180,12.0,-0.0006240750662982464,-0.048297525569796565,0.0222107345238328,0.0,0.34436041712760923,0.03884923495352268,-0.0006240750662982464
10190,14.5625,0.020766258239746094,-0.04457661714404822,0.035572645626962184,0.0,0.35050670206546786,0.041063175071030855,0.020766258239746094
10200,16.9375,0.020584899932146072,-0.04412143528461456,0.03453944697976112,0.0,0.3506470322608948,0.04080978129059076,0.020584899932146072
10210,10.90625,0.0021544848568737507,-0.04140603151172399,0.058406322821974756,0.0,0.34400062561035155,0.043407926755025986,0.0021544848568737507
10220,12.59375,0.027398915961384773,-0.039054970070719716,0.024262925051152705,0.0,0.34536763578653334,0.042473542597144844,0.027398915961384773
10230,11.71875,0.0009140083566308022,-0.04164829710498452,0.022057835664600133,0.0,0.350352418422699,0.04460384463891387,0.0009140083566308022
10240,11.9375,0.0266841072589159,-0.044382587820291516,0.03964280467480421,0.0,0.3502494066953659,0.041850690240971745,0.0266841072589159
10250,12.3125,0.011966322548687458,-0.04131398778408766,0.0221960524097085,0.0,0.3461305066943169,0.041083813458681104,0.011966322548687458
10260,14.125,0.018631476908922195,-0.04878531005233526,0.022362849675118923,0.0,0.34783801436424255,0.04391585635021329,0.018631476908922195
10270,15.59375,-0.0011628970969468355,-0.040109729021787645,0.043651258945465087,0.0,0.349162220954895,0.04610840948298574,-0.0011628970969468355
10280,14.71875,-0.02095198445022106,-0.04167723888531327,0.05250900276005268,0.0,0.35220677852630616,0.038885361654683946,-0.02095198445022106
10290,12.59375,-0.008075157180428505,-0.0484218318015337,0.02890375517308712,0.0,0.3504228353500366,0.04113785605877638,-0.008075157180428505
10300,15.1875,0.02585238590836525,-0.03901184070855379,0.036858382634818554,0.0,0.35155785232782366,0.04098948622122407,0.02585238590836525
10310,11.25,0.00831050518900156,-0.03680558167397976,0.06882560476660729,0.0,0.3491211608052254,0.045052189473062755,0.00831050518900156
10320,12.4375,0.0028462852351367474,-0.033566577918827535,0.0322752982378006,0.0,0.3521605372428894,0.044217574689537284,0.0028462852351367474
10330,12.34375,-0.0013030758127570152,-0.043566900119185445,0.058203330636024474,0.0,0.3524300932884216,0.0418207298964262,-0.0013030758127570152
10340,12.84375,0.007029520347714424,-0.038116174004971984,0.05292517207562923,0.0,0.3512721017003059,0.04865423124283552,0.007029520347714424
10350,11.4375,0.014044241979718208,-0.04540374092757702,0.033643684536218646,0.0,0.34716181010007857,0.048331509623676536,0.014044241979718208
10360,14.34375,0.04006500169634819,-0.04303568843752146,0.027731128223240375,0.0,0.3528361961245537,0.05600897446274757,0.04006500169634819
10370,15.1875,0.005179994739592075,-0.04310687892138958,0.022935250587761403,0.0,0.3537845179438591,0.05026163468137383,0.005179994739592075
10380,14.875,0.03767046704888344,-0.04046486634761095,0.02724886853247881,0.0,0.35431982278823854,0.052101748436689375,0.03767046704888344
10390,13.40625,0.032008830457925797,-0.04744598236866295,0.019544225931167603,0.0,0.3534968838095665,0.05109487641602754,0.032008830457925797
10400,11.375,-0.0003897189162671566,-0.04081313777714968,0.03955376166850329,0.0,0.3555077612400055,0.05387992481701076,-0.0003897189162671566
10410,13.40625,0.03476640582084656,-0.04392784498631954,0.02248371746391058,0.0,0.3565251186490059,0.061847558617591857,0.03476640582084656
10420,13.5625,0.03010869212448597,-0.048334913700819014,0.026868091709911824,0.0,0.3530131921172142,0.056467666011303666,0.03010869212448597
10430,12.625,0.007137668784707785,-0.03969150595366955,0.056368985772132875,0.0,0.3559586420655251,0.04763269829563797,0.007137668784707785
10440,15.625,0.012820541858673096,-0.035608842689543965,0.04966058302670717,0.0,0.3551082730293274,0.04990697093307972,0.012820541858673096
10450,13.8125,0.009395748376846313,-0.04666664497926831,0.06968984305858612,0.0,0.3560817584395409,0.048313913866877556,0.009395748376846313
10460,12.40625,0.02312704734504223,-0.04411200769245625,0.038126769848167895,0.0,0.35714908689260483,0.06188790090382099,0.02312704734504223
10470,11.1875,0.002086534397676587,-0.0427021935582161,0.01822220915928483,0.0,0.35478553771972654,0.056859828811138866,0.002086534397676587
10480,14.0625,0.04850222170352936,-0.04275403954088688,0.10101274847984314,0.0,0.3569414734840393,0.06324040573090314,0.04850222170352936
10490,14.46875,0.037388723343610764,-0.03351828390732407,0.05793209560215473,0.0,0.3581602156162262,0.05411197729408741,0.037388723343610764
10500,12.34375,0.01112307421863079,-0.03917556535452604,0.03410889562219381,0.0,0.35839551985263823,0.05071102986112237,0.01112307421863079
10510,14.375,0.05162258818745613,-0.0437988393008709,0.03640743792057037,0.0,0.36056424528360365,0.06251780204474926,0.05162258818745613
10520,16.4375,0.04306454211473465,-0.03826045729219914,0.04083957690745592,0.0,0.3648691952228546,0.06506113596260547,0.04306454211473465
10530,14.65625,0.04110100120306015,-0.036066618468612435,0.05733857825398445,0.0,0.36242710798978806,0.06138423196971417,0.04110100120306015
10540,13.6875,0.04220299422740936,-0.04104184946045279,0.08628251478075981,0.0,0.36677194833755494,0.06354501470923424,0.04220299422740936
10550,14.65625,0.05704650282859802,-0.03303107218816877,0.03027883907780051,0.0,0.36279514878988267,0.05843463614583015,0.05704650282859802
10560,12.78125,0.042017772793769836,-0.04778952784836292,0.020477494783699514,0.0,0.36302914619445803,0.059181375056505205,0.042017772793769836
10570,15.28125,-0.0009309207089245319,-0.043223672360181806,0.033728237450122836,0.0,0.3620919778943062,0.0521029744297266,-0.0009309207089245319
10580,14.5625,0.02818642184138298,-0.04410980511456728,0.061328263580799104,0.0,0.35864555537700654,0.052870862558484076,0.02818642184138298
10590,11.53125,0.01773550547659397,-0.04321880768984556,0.04461791478097439,0.0,0.3578761249780655,0.04956611655652523,0.01773550547659397
10600,15.3125,0.017058171331882477,-0.041305931843817235,0.05801493376493454,0.0,0.3568869739770889,0.04774262569844723,0.017058171331882477
10610,14.3125,0.03576676920056343,-0.045592997968196866,0.040937453508377075,0.0,0.3585827395319939,0.04952300572767854,0.03576676920056343
10620,11.4375,0.03785336762666702,-0.04270241968333721,0.02623383589088917,0.0,0.3589908480644226,0.056215431354939935,0.03785336762666702
10630,14.0625,0.028721272945404053,-0.04142216583713889,0.038926053792238235,0.0,0.35985391288995744,0.05829289983958006,0.028721272945404053
10640,13.28125,0.011950559914112091,-0.049562682118266824,0.0184191164560616,0.0,0.36048957258462905,0.06162624880671501,0.011950559914112091
10650,12.46875,0.03485957533121109,-0.04679235648363829,0.01929281707853079,0.0,0.3605551734566689,0.06408193800598383,0.03485957533121109
10660,16.4375,0.04764256998896599,-0.04484424386173487,0.026817166432738303,0.0,0.36547610312700274,0.06114285830408335,0.04764256998896599
10670,13.59375,0.03559901565313339,-0.037336053885519506,0.03864304553717375,0.0,0.3653159588575363,0.06280645662918687,0.03559901565313339
10680,15.3125,0.01862395741045475,-0.04139552395790815,0.044506374001502993,0.0,0.3678912535309792,0.06231180690228939,0.01862395741045475
10690,12.75,0.03102673590183258,-0.04560102894902229,0.01529645174741745,0.0,0.3669643968343735,0.06687653865665197,0.03102673590183258
10700,10.0625,0.012076372280716896,-0.04528722651302815,0.040715157985687256,0.0,0.36863769590854645,0.06140501955524087,0.012076372280716896
10710,12.78125,0.022304944694042206,-0.03837065733969212,0.027918726950883866,0.0,0.3665704533457756,0.06069693919271231,0.022304944694042206
10720,11.625,0.0079537658020854,-0.049552714265882966,0.024862556904554366,0.0,0.3665215566754341,0.05841331472620368,0.0079537658020854
10730,13.46875,0.03440754488110542,-0.04858413515612483,0.036823471263051036,0.0,0.36710440516471865,0.06715225772932172,0.03440754488110542
10740,13.03125,0.02060188166797161,-0.04265130935236812,0.053528760001063345,0.0,0.3674343690276146,0.0647224709391594,0.02060188166797161
10750,13.46875,0.024459611624479294,-0.04782136045396328,0.03423300143331289,0.0,0.3680482804775238,0.06816617157310248,0.024459611624479294
10760,15.125,0.023441091179847717,-0.04210382420569658,0.04637040309607983,0.0,0.36413741409778594,0.0671495134010911,0.023441091179847717
10770,12.78125,0.05901551991701126,-0.0383754150941968,0.023888523504137994,0.0,0.3637120932340622,0.06031993832439184,0.05901551991701126
10780,16.59375,0.029818452894687653,-0.052843337133526805,0.04407077133655548,0.0,0.3681638687849045,0.06897272169589996,0.029818452894687653
10790,15.9375,0.009785370901226997,-0.04639890398830175,0.05443321578204632,0.0,0.3672285497188568,0.05865992605686188,0.009785370901226997
10800,16.28125,0.06570342183113098,-0.04242138667032123,0.03159021865576506,0.0,0.36538549810647963,0.06850232193246483,0.06570342183113098
10810,12.03125,0.02586570754647255,-0.045881572365760806,0.021751240454614164,0.0,0.3671473562717438,0.05994287114590406,0.02586570754647255
10820,12.5,0.06626739352941513,-0.04751575887203217,0.021772187016904355,0.0,0.36770839542150496,0.0619081593118608,0.06626739352941513
10830,15.5625,0.0363241471350193,-0.038690654747188094,0.03278719894587993,0.0,0.36802407801151277,0.06515237111598253,0.0363241471350193
10840,11.78125,0.030037585645914078,-0.04245696235448122,0.030081416107714178,0.0,0.36646237373352053,0.06874811556190252,0.030037585645914078
10850,13.6875,0.034445226192474365,-0.04062594547867775,0.03402410019189119,0.0,0.36730926632881167,0.07951397560536862,0.034445226192474365
10860,15.625,0.0566585510969162,-0.034258109983056784,0.051373932883143424,0.0,0.3696805164217949,0.06562280636280775,0.0566585510969162
10870,12.46875,0.03959650546312332,-0.04259445937350392,0.03254837226122618,0.0,0.3691567897796631,0.06227926518768072,0.03959650546312332
10880,14.25,0.052424006164073944,-0.04359693266451359,0.039106106758117674,0.0,0.37323480993509295,0.06859724503010511,0.052424006164073944
10890,14.9375,0.046275801956653595,-0.0419677959755063,0.025253657065331937,0.0,0.3715474560856819,0.07146409004926682,0.046275801956653595
10900,11.40625,0.019973797723650932,-0.04703618446364999,0.0155654801055789,0.0,0.36735714226961136,0.0639606099575758,0.019973797723650932
10910,14.1875,0.0335254967212677,-0.043708274886012075,0.03819898683577776,0.0,0.3744194254279137,0.07480464056134224,0.0335254967212677
10920,16.625,0.043053895235061646,-0.048331879917532204,0.031195804849267005,0.0,0.3715537443757057,0.07544746268540621,0.043053895235061646
10930,13.96875,-0.0038986853323876858,-0.045052842050790784,0.07242952547967434,0.0,0.3749795377254486,0.06888563856482506,-0.0038986853323876858
10940,13.03125,0.02023858204483986,-0.040988752339035275,0.02455769767984748,0.0,0.37194863706827164,0.07526602074503899,0.02023858204483986
10950,12.25,0.06004386767745018,-0.04458633586764336,0.01308653187006712,0.0,0.37252576649188995,0.07439009770751,0.06004386767745018
10960,11.84375,0.028838982805609703,-0.040458489395678046,0.014174563623964787,0.0,0.37368769347667696,0.0767963070422411,0.028838982805609703
10970,17.15625,0.04506152495741844,-0.04200824555009604,0.025577667355537414,0.0,0.37721398621797564,0.07708061411976815,0.04506152495741844
10980,13.46875,0.035763002932071686,-0.048741658218204975,0.05471966341137886,0.0,0.37338079065084456,0.07661712560802698,0.035763002932071686
10990,15.6875,0.04573126882314682,-0.04283079570159316,0.019945228472352028,0.0,0.370588581264019,0.07248742338269949,0.04573126882314682
11000,15.84375,0.049255575984716415,-0.043459230475127696,0.032829038240015505,0.0,0.37496701776981356,0.07721107862889767,0.049255575984716415
11010,12.3125,0.026424935087561607,-0.046276983059942725,0.04307315777987242,0.0,0.37256943732500075,0.07212835680693389,0.026424935087561607
11020,17.28125,0.049964338541030884,-0.04602283257991076,0.025144284963607787,0.0,0.37774586081504824,0.07621910739690066,0.049964338541030884
11030,11.84375,0.056265488266944885,-0.04598989114165306,0.05650249868631363,0.0,0.37407617419958117,0.07724125795066357,0.056265488266944885
11040,12.65625,0.03691917657852173,-0.04612504523247481,0.051589205488562585,0.0,0.37504037022590636,0.06518586426973343,0.03691917657852173
11050,13.34375,0.04333111643791199,-0.0465239267796278,0.028622971288859843,0.0,0.3774441570043564,0.07319046985357999,0.04333111643791199
11060,16.53125,0.05493934452533722,-0.03740419000387192,0.09452110081911087,0.0,0.3797976016998291,0.07640064358711243,0.05493934452533722
11070,11.625,0.005217345431447029,-0.04157476723194122,0.023356807045638563,0.0,0.37784123569726946,0.06932706208899617,0.005217345431447029
11080,14.46875,0.07213413715362549,-0.03981128130108118,0.03746967278420925,0.0,0.3826737567782402,0.08097425270825624,0.07213413715362549
11090,18.34375,0.06755702942609787,-0.04679983062669635,0.058457639440894126,0.0,0.3810933977365494,0.08088528644293547,0.06755702942609787
11100,16.375,0.055204275995492935,-0.04726433213800192,0.05109037347137928,0.0,0.37916526198387146,0.07829565666615963,0.055204275995492935
11110,16.65625,0.0452452190220356,-0.05048840660601854,0.056186272948980334,0.0,0.3847341850399971,0.08194595649838447,0.0452452190220356
11120,14.0625,0.05941462516784668,-0.043151820497587326,0.0352223202586174,0.0,0.38408578038215635,0.0813252292573452,0.05941462516784668
11130,15.5,0.03356754034757614,-0.041812597028911117,0.10206250622868537,0.0,0.38458089530467987,0.08254040312021971,0.03356754034757614
11140,16.5625,0.03159824758768082,-0.040048349648714066,0.046816246956586836,0.0,0.38085139393806455,0.08115184027701616,0.03159824758768082
11150,16.28125,0.06566788256168365,-0.04711976479738951,0.02277505099773407,0.0,0.38427252918481825,0.08171049226075411,0.06566788256168365
11160,15.125,0.0652211457490921,-0.04820629935711622,0.08775081112980843,0.0,0.3846932053565979,0.08196692746132613,0.0652211457490921
11170,15.0,0.06672060489654541,-0.04243557695299387,0.04628024846315384,0.0,0.38287034779787066,0.07780305538326501,0.06672060489654541
11180,16.375,0.055000707507133484,-0.045445302641019224,0.08014961183071137,0.0,0.3865392804145813,0.07992444690316916,0.055000707507133484
11190,13.9375,0.045326001942157745,-0.04707161225378513,0.050805529952049254,0.0,0.38667549639940263,0.08559311758726836,0.045326001942157745
11200,16.75,0.06311766058206558,-0.03874355256557464,0.08701295182108879,0.0,0.3876599818468094,0.08806880712509155,0.06311766058206558
11210,18.0625,0.0637013390660286,-0.0487930104136467,0.07795371562242508,0.0,0.39069131165742876,0.0864770831540227,0.0637013390660286
11220,16.28125,0.044984620064496994,-0.03937969570979476,0.05455183759331703,0.0,0.39271807074546816,0.08171987310051917,0.044984620064496994
11230,16.75,0.06114961579442024,-0.04519359264522791,0.06593786366283894,0.0,0.3895634710788727,0.0906345322728157,0.06114961579442024
11240,15.5625,0.06530814617872238,-0.038046442344784735,0.033479610458016396,0.0,0.3886281117796898,0.08704344648867846,0.06530814617872238
11250,17.5,0.06065169349312782,-0.04474412128329277,0.05128452852368355,0.0,0.390485355257988,0.08697264231741428,0.06065169349312782
11260,15.65625,0.0343284048140049,-0.04477877207100391,0.036353088170289996,0.0,0.3893536001443863,0.0809399900957942,0.0343284048140049
11270,14.03125,0.0424334779381752,-0.03991760890930891,0.059688974544405936,0.0,0.3880689457058907,0.08333321530371904,0.0424334779381752
11280,15.3125,0.05064750462770462,-0.04795556105673313,0.08058931156992913,0.0,0.3916275843977928,0.08028559070080518,0.05064750462770462
11290,13.5,0.0641966462135315,-0.040136120095849034,0.06687270142138005,0.0,0.39369792193174363,0.08384637888520956,0.0641966462135315
11300,16.65625,0.08153699338436127,-0.04298825226724148,0.041254612430930135,0.0,0.3914955839514732,0.09418255984783172,0.08153699338436127
11310,18.625,0.09220978617668152,-0.0394986417144537,0.06301877610385417,0.0,0.3926812544465065,0.09297432340681552,0.09220978617668152
11320,16.28125,0.09365950524806976,-0.045538571663200855,0.05978663861751556,0.0,0.3942679435014725,0.09591977596282959,0.09365950524806976
11330,15.90625,0.05359973758459091,-0.03755771918222308,0.059876265749335286,0.0,0.3972786530852318,0.08583352454006672,0.05359973758459091
11340,16.875,0.06939297914505005,-0.043572280742228034,0.09407928213477135,0.0,0.39678210616111753,0.09601558037102223,0.06939297914505005
11350,15.46875,0.04870377480983734,-0.04062894955277443,0.055512125790119174,0.0,0.39678817689418794,0.09143123142421246,0.04870377480983734
11360,16.90625,0.07405532151460648,-0.044569119438529016,0.06472060233354568,0.0,0.39998429864645,0.09586071074008942,0.07405532151460648
11370,15.25,0.05493523180484772,-0.039855720847845076,0.03497600741684437,0.0,0.39970363676548004,0.09286610074341298,0.05493523180484772
11380,16.6875,0.062099456787109375,-0.04017114844173193,0.061701423674821856,0.0,0.40114907920360565,0.0920023001730442,0.062099456787109375
11390,17.96875,0.08360230922698975,-0.043384141847491266,0.02538323663175106,0.0,0.40102506428956985,0.09451939016580582,0.08360230922698975
11400,17.0,0.06997364014387131,-0.04507784973829985,0.03534047994762659,0.0,0.40425814390182496,0.09842099510133266,0.06997364014387131
11410,12.9375,0.06067357584834099,-0.04549124836921692,0.05184950977563858,0.0,0.40003113597631457,0.10155039466917515,0.06067357584834099
11420,13.53125,0.04228777438402176,-0.04938081009313464,0.07041193954646588,0.0,0.40299320220947266,0.09185777753591537,0.04228777438402176
11430,16.6875,0.06685143709182739,-0.048596332967281344,0.02564309686422348,0.0,0.4028143808245659,0.09387673810124397,0.06685143709182739
11440,15.0625,0.09058977663516998,-0.04510139636695385,0.022599795646965504,0.0,0.40368674844503405,0.09551859349012375,0.09058977663516998
11450,15.9375,0.07642081379890442,-0.036307967454195025,0.07791305929422379,0.0,0.40494473576545714,0.09378536976873875,0.07642081379890442
11460,15.375,0.06874807178974152,-0.043872937746346,0.03762701265513897,0.0,0.40410607010126115,0.09587009772658348,0.06874807178974152
11470,15.75,0.07513602077960968,-0.04210625812411308,0.05114104114472866,0.0,0.4035337343811989,0.10452122613787651,0.07513602077960968
11480,12.25,0.0478920042514801,-0.036603769287467,0.023403136059641838,0.0,0.4070403978228569,0.10000240430235863,0.0478920042514801
11490,13.6875,0.09073176980018616,-0.04821114037185907,0.019492100086063148,0.0,0.40725683271884916,0.09866486489772797,0.09073176980018616
11500,14.65625,0.09699347615242004,-0.03307827021926642,0.024482279643416406,0.0,0.4080057293176651,0.09750544670969248,0.09699347615242004
11510,13.96875,0.08844572305679321,-0.04319077413529158,0.040512769296765325,0.0,0.4051922708749771,0.09609570521861314,0.08844572305679321
11520,14.40625,0.06572884321212769,-0.04560982510447502,0.05667574144899845,0.0,0.4076166540384293,0.09616806730628014,0.06572884321212769
11530,13.5,0.06049986183643341,-0.03768252171576023,0.07064528875052929,0.0,0.40567245334386826,0.09436437860131264,0.06049986183643341
11540,13.5625,0.07352617383003235,-0.05212071985006332,0.030625095032155512,0.0,0.4098831504583359,0.10345344804227352,0.07352617383003235
11550,14.3125,0.06381256878376007,-0.030082829296588898,0.07239549905061722,0.0,0.4053251937031746,0.1016568835824728,0.06381256878376007
11560,16.65625,0.08076860010623932,-0.0499961556866765,0.026163372211158276,0.0,0.40934676229953765,0.1022135678678751,0.08076860010623932
11570,12.34375,0.05437018722295761,-0.044327407516539095,0.04425115417689085,0.0,0.4091804906725883,0.10224705338478088,0.05437018722295761
11580,15.78125,0.07752574235200882,-0.03525549415498972,0.04073484782129526,0.0,0.4070443734526634,0.09954783357679844,0.07752574235200882
11590,16.09375,0.07751058787107468,-0.04219660609960556,0.038561439141631126,0.0,0.4067354679107666,0.10723796598613262,0.07751058787107468
11600,17.375,0.08816325664520264,-0.0428549850359559,0.04391000177711248,0.0,0.40796955972909926,0.10397998280823231,0.08816325664520264
11610,16.125,0.10153695940971375,-0.04223383711650967,0.019809549394994973,0.0,0.40923462957143786,0.10235712807625533,0.10153695940971375
11620,12.75,0.09211805462837219,-0.040769186615943906,0.03310600854456425,0.0,0.41417834907770157,0.1065181702375412,0.09211805462837219
11630,16.46875,0.07664252817630768,-0.045530058722943065,0.02609420716762543,0.0,0.41235425025224687,0.10484993532299995,0.07664252817630768
11640,12.3125,0.06562076508998871,-0.03488437812775373,0.04390047863125801,0.0,0.41016867458820344,0.1031927339732647,0.06562076508998871
11650,14.0,0.07797124981880188,-0.03937012180685997,0.04170633126050234,0.0,0.4094410687685013,0.1053564965724945,0.07797124981880188
11660,15.0625,0.07763895392417908,-0.04635973176918924,0.0231172202154994,0.0,0.41122834384441376,0.11170137673616409,0.07763895392417908
11670,18.78125,0.1017921045422554,-0.038928740657866,0.035090111568570136,0.0,0.41235367208719254,0.1152664415538311,0.1017921045422554
11680,15.375,0.07023613899946213,-0.047053848300129174,0.03596598282456398,0.0,0.41468384861946106,0.11203768141567708,0.07023613899946213
11690,16.0625,0.07618381083011627,-0.0370738273486495,0.04869461096823215,0.0,0.41241398006677626,0.10872930623590946,0.07618381083011627
11700,14.46875,0.04809669777750969,-0.0489773279055953,0.02902254518121481,0.0,0.4139792323112488,0.10806976221501827,0.04809669777750969
11710,14.46875,0.08848220854997635,-0.043336986750364306,0.04255272224545479,0.0,0.41723791509866714,0.1060833416879177,0.08848220854997635
11720,15.34375,0.07626871764659882,-0.03981335591524839,0.023326249420642854,0.0,0.4149623602628708,0.11364811733365059,0.07626871764659882
11730,13.84375,0.08191938698291779,-0.044675412587821484,0.026697194017469884,0.0,0.41431000232696535,0.11398731768131257,0.08191938698291779
11740,13.65625,0.0922546461224556,-0.03328128205612302,0.061750428006052974,0.0,0.4143239066004753,0.1157236997038126,0.0922546461224556
11750,10.875,0.057757824659347534,-0.0378704322502017,0.06187376901507378,0.0,0.4198457509279251,0.11540381349623204,0.057757824659347534
11760,15.0,0.10815876722335815,-0.046339301951229574,0.027507538534700872,0.0,0.41788479685783386,0.11590642519295216,0.10815876722335815
11770,18.5625,0.07396131008863449,-0.038418968208134174,0.06697522848844528,0.0,0.42038377821445466,0.11342857107520103,0.07396131008863449
11780,15.9375,0.08517956733703613,-0.030979851074516774,0.0857591137290001,0.0,0.4157139778137207,0.11547012105584145,0.08517956733703613
11790,15.125,0.09600313752889633,-0.041251403838396074,0.03666380178183317,0.0,0.4230921298265457,0.11693898364901542,0.09600313752889633
11800,17.1875,0.0814414843916893,-0.04314905162900686,0.04788663778454065,0.0,0.41949992924928664,0.11418686471879483,0.0814414843916893
11810,15.0,0.07874118536710739,-0.03968854071572423,0.03992964066565037,0.0,0.4247565299272537,0.11737201139330863,0.07874118536710739
11820,14.65625,0.07693962752819061,-0.04231679253280163,0.08423636257648467,0.0,0.4230541691184044,0.11664502359926701,0.07693962752819061
11830,14.28125,0.07369405776262283,-0.03823531847447157,0.07658053152263164,0.0,0.42471725046634673,0.11452887021005154,0.07369405776262283
11840,13.28125,0.10524548590183258,-0.03413221808150411,0.03559995479881763,0.0,0.42244843095541,0.11837234869599342,0.10524548590183258
11850,14.375,0.07258642464876175,-0.03900256585329771,0.05254235602915287,0.0,0.4215885758399963,0.11307353600859642,0.07258642464876175
11860,13.34375,0.06577970087528229,-0.04439892126247287,0.05019759349524975,0.0,0.4238525167107582,0.11552960313856601,0.06577970087528229
11870,14.96875,0.08926744759082794,-0.0465491309762001,0.06083458475768566,0.0,0.42581968009471893,0.12412186600267887,0.08926744759082794
11880,14.65625,0.10140497982501984,-0.0409428333863616,0.10119744241237641,0.0,0.42521245777606964,0.11332946978509426,0.10140497982501984
11890,12.1875,0.08617928624153137,-0.04523060731589794,0.022188416682183743,0.0,0.42558435201644895,0.11484623923897744,0.08617928624153137
11900,12.59375,0.08443275094032288,-0.03707737531512976,0.039045943319797514,0.0,0.4243815690279007,0.12438330613076687,0.08443275094032288
11910,15.25,0.11336080729961395,-0.03971118666231632,0.025402232818305493,0.0,0.4275681272149086,0.1265213742852211,0.11336080729961395
11920,14.46875,0.11367787420749664,-0.03311230735853314,0.058278157375752926,0.0,0.42813856303691866,0.11932769380509853,0.11367787420749664
11930,18.0,0.10737325251102448,-0.04587974324822426,0.038167302310466764,0.0,0.4277295842766762,0.1198144219815731,0.10737325251102448
11940,16.25,0.10195103287696838,-0.04078042646870017,0.05656013004481793,0.0,0.4305649071931839,0.12473670989274979,0.10195103287696838
11950,13.4375,0.10835326462984085,-0.045829751156270505,0.044318252615630625,0.0,0.4303563848137856,0.13038845583796502,0.10835326462984085
11960,15.65625,0.085355743765831,-0.04129412490874529,0.05977182127535343,0.0,0.4304783195257187,0.12920125350356101,0.085355743765831
11970,15.53125,0.10854224860668182,-0.03933237753808498,0.040865061432123186,0.0,0.43396628797054293,0.12657522968947887,0.10854224860668182
11980,16.4375,0.09717865288257599,-0.03904543071985245,0.10808440893888474,0.0,0.43234073668718337,0.11476927995681763,0.09717865288257599
11990,16.6875,0.09685184061527252,-0.0454773111268878,0.07498424276709556,0.0,0.4328444331884384,0.12438332699239255,0.09685184061527252
12000,16.78125,0.07826246321201324,-0.04257151857018471,0.07978079617023467,0.0,0.42936780899763105,0.12313582524657249,0.07826246321201324
12010,14.0,0.09060531854629517,-0.042215182445943356,0.05136251337826252,0.0,0.43031220883131027,0.12337580360472203,0.09060531854629517
12020,15.84375,0.1079813614487648,-0.03848354797810316,0.05606188923120499,0.0,0.43290377855300904,0.12766318693757056,0.1079813614487648
12030,16.9375,0.10780641436576843,-0.04048847388476133,0.03915651943534613,0.0,0.4320513278245926,0.12791071496903897,0.10780641436576843
12040,16.28125,0.12106953561306,-0.040889916755259034,0.022345519810914993,0.0,0.4308984950184822,0.12391198538243771,0.12106953561306
12050,14.875,0.08417930454015732,-0.04580352399498224,0.056705846637487414,0.0,0.4342200979590416,0.12328327782452106,0.08417930454015732
12060,10.78125,0.07780346274375916,-0.04179372154176235,0.045403246954083445,0.0,0.43200843781232834,0.1309466701000929,0.07780346274375916
12070,15.125,0.1056947410106659,-0.041286065429449084,0.050856552086770535,0.0,0.43148009926080705,0.12812306992709638,0.1056947410106659
12080,14.375,0.08718336373567581,-0.038999822549521924,0.03892799876630306,0.0,0.43080608248710633,0.1292457889765501,0.08718336373567581
12090,14.84375,0.12443625926971436,-0.03863327894359827,0.04473952017724514,0.0,0.43309647142887114,0.12847597226500512,0.12443625926971436
12100,13.59375,0.07983189076185226,-0.04007254093885422,0.07187520526349545,0.0,0.4291284754872322,0.1304629433900118,0.07983189076185226
12110,15.28125,0.08739373087882996,-0.04400127828121185,0.04254307560622692,0.0,0.4326951876282692,0.1275542464107275,0.08739373087882996
12120,16.25,0.12962830066680908,-0.03995604924857617,0.06593247912824154,0.0,0.4325891971588135,0.12948653884232045,0.12962830066680908
12130,15.8125,0.12137937545776367,-0.04638367425650358,0.0297650508582592,0.0,0.4320304334163666,0.13082672357559205,0.12137937545776367
12140,16.96875,0.1132899671792984,-0.03581100665032864,0.08379948288202285,0.0,0.4347546935081482,0.1391745250672102,0.1132899671792984
12150,15.21875,0.08076685667037964,-0.04508671592921019,0.09560424424707889,0.0,0.43631972670555114,0.13433362692594528,0.08076685667037964
12160,13.90625,0.11046566069126129,-0.032795367762446404,0.041290387697517875,0.0,0.4370341613888741,0.13680420480668545,0.11046566069126129
12170,15.59375,0.11077152192592621,-0.03985881768167019,0.08425644561648368,0.0,0.4342588797211647,0.12940996140241623,0.11077152192592621
12180,19.78125,0.12621380388736725,-0.040345534961670634,0.16460976302623748,0.0,0.43792506903409956,0.13802658058702946,0.12621380388736725
12190,15.53125,0.1353367567062378,-0.046489426493644716,0.037486663088202477,0.0,0.4324644222855568,0.1278236921876669,0.1353367567062378
12200,14.09375,0.08793464303016663,-0.04768446637317538,0.041625484079122546,0.0,0.4335929438471794,0.1292841885238886,0.08793464303016663
12210,11.9375,0.08584988117218018,-0.03747081700712442,0.07393893972039223,0.0,0.43688561022281647,0.13090932443737985,0.08584988117218018
12220,15.25,0.09504052996635437,-0.027231002738699318,0.07711119577288628,0.0,0.4380686700344086,0.13085587956011296,0.09504052996635437
12230,13.0625,0.07880890369415283,-0.04345977399498224,0.0752164863049984,0.0,0.4370142802596092,0.13189828507602214,0.07880890369415283
12240,17.5625,0.13949207961559296,-0.04114623507484794,0.07791494168341159,0.0,0.4376917138695717,0.13519386425614358,0.13949207961559296
12250,11.53125,0.10063015669584274,-0.042231954634189606,0.022611233033239843,0.0,0.4351264789700508,0.1355132482945919,0.10063015669584274
12260,13.3125,0.1146569550037384,-0.05126208858564496,0.024874802306294443,0.0,0.4392856046557426,0.13359839133918286,0.1146569550037384
12270,14.65625,0.10210113972425461,-0.038641962595283984,0.040227767825126645,0.0,0.4417503848671913,0.13644189350306987,0.10210113972425461
12280,18.40625,0.10728098452091217,-0.04256471730768681,0.06994490697979927,0.0,0.4414976745843887,0.13311752192676068,0.10728098452091217
12290,16.25,0.10650371015071869,-0.044853029679507016,0.04431736469268799,0.0,0.43998197466135025,0.13347115889191627,0.10650371015071869
12300,16.21875,0.11112656444311142,-0.040939856227487324,0.0322990246117115,0.0,0.4415775626897812,0.13143819570541382,0.11112656444311142
12310,13.96875,0.10060861706733704,-0.036243990622460844,0.032020344957709314,0.0,0.441256557404995,0.13313851058483123,0.10060861706733704
12320,16.15625,0.10576525330543518,-0.041115930303931236,0.05641242414712906,0.0,0.4420114606618881,0.13850075863301753,0.10576525330543518
12330,13.65625,0.09520992636680603,-0.05426374450325966,0.024679028801620005,0.0,0.44239691644907,0.13294177688658237,0.09520992636680603
12340,10.625,0.05958203971385956,-0.03968281298875809,0.04755406305193901,0.0,0.4411809235811234,0.13225934356451036,0.05958203971385956
12350,14.03125,0.09056161344051361,-0.039789187628775834,0.0776639461517334,0.0,0.4437993735074997,0.13867072574794292,0.09056161344051361
12360,13.40625,0.11472800374031067,-0.04207600988447666,0.019766368716955186,0.0,0.4438425853848457,0.13397394940257074,0.11472800374031067
12370,15.3125,0.12699609994888306,-0.04384763147681951,0.018335878476500513,0.0,0.44383699297904966,0.14019153863191605,0.12699609994888306
12380,14.625,0.06508253514766693,-0.046176612842828035,0.03998309150338173,0.0,0.4465395614504814,0.13419304341077803,0.06508253514766693
12390,13.375,0.10816376656293869,-0.03775251405313611,0.0279305525124073,0.0,0.4489497020840645,0.13066988810896873,0.10816376656293869
12400,16.0,0.1384865641593933,-0.042898188531398776,0.035993277467787264,0.0,0.44643490165472033,0.13468806743621825,0.1384865641593933
12410,15.1875,0.13757450878620148,-0.042447077576071024,0.05475291423499584,0.0,0.4469050854444504,0.12214796394109725,0.13757450878620148
12420,13.46875,0.11067847907543182,-0.04337482857517898,0.037908597476780416,0.0,0.442429818212986,0.1246397189795971,0.11067847907543182
12430,15.25,0.08893616497516632,-0.051405598595738414,0.031430571153759954,0.0,0.4485852047801018,0.13478350043296813,0.08893616497516632
12440,15.90625,0.11868362128734589,-0.03171804649755359,0.05051975622773171,0.0,0.44937967211008073,0.13517546243965625,0.11868362128734589
12450,13.90625,0.12920033931732178,-0.043826814740896225,0.04717156365513801,0.0,0.4492124766111374,0.13257862962782382,0.12920033931732178
12460,14.375,0.07953962683677673,-0.04344531241804361,0.04153350479900837,0.0,0.4456571102142334,0.1330336332321167,0.07953962683677673
12470,15.125,0.10634302347898483,-0.04233232829719782,0.06676867976784706,0.0,0.4470647484064102,0.1338655509054661,0.10634302347898483
12480,15.75,0.10123524069786072,-0.04751443900167942,0.049095353670418264,0.0,0.45071959793567656,0.13872023075819015,0.10123524069786072
12490,14.34375,0.1273714303970337,-0.03578977473080158,0.03142151329666376,0.0,0.4493603050708771,0.14461232759058476,0.1273714303970337
12500,14.625,0.11421014368534088,-0.04255336970090866,0.027453263103961945,0.0,0.4518102824687958,0.14800206199288368,0.11421014368534088
12510,14.96875,0.11845366656780243,-0.047731603030115366,0.020056811906397343,0.0,0.4526044696569443,0.13881216570734978,0.11845366656780243
12520,13.90625,0.09872126579284668,-0.04528579637408257,0.04120770338922739,0.0,0.45276396721601486,0.1441276278346777,0.09872126579284668
12530,16.25,0.09829258173704147,-0.04761213511228561,0.023643290251493455,0.0,0.4511736199259758,0.1415979102253914,0.09829258173704147
12540,15.84375,0.10951147228479385,-0.04626642838120461,0.05873809233307838,0.0,0.4561920687556267,0.1424159962683916,0.10951147228479385
12550,12.875,0.10104992985725403,-0.046787246596068144,0.02185258809477091,0.0,0.4553989484906197,0.14132977314293385,0.10104992985725403
12560,14.875,0.10364557802677155,-0.04274921696633101,0.03008125126361847,0.0,0.45809129923582076,0.1361324243247509,0.10364557802677155
12570,13.4375,0.08839194476604462,-0.03840068113058805,0.04287125486880541,0.0,0.4521541491150856,0.14081875123083593,0.08839194476604462
12580,16.21875,0.12178981304168701,-0.0499485787935555,0.016776067856699228,0.0,0.4553460866212845,0.14566171914339066,0.12178981304168701
12590,20.0,0.11604306846857071,-0.04424965791404247,0.039571259543299674,0.0,0.45974437296390536,0.15066414922475815,0.11604306846857071
12600,14.84375,0.10600468516349792,-0.04168158220127225,0.048494644463062286,0.0,0.4597655922174454,0.14822155088186265,0.10600468516349792
12610,15.5625,0.10200844705104828,-0.03998948130756617,0.03540890179574489,0.0,0.45744132697582246,0.14253413416445254,0.10200844705104828
12620,13.25,0.1300090253353119,-0.0365635247901082,0.042974730208516124,0.0,0.4570797085762024,0.1517011694610119,0.1300090253353119
12630,15.03125,0.1335873156785965,-0.04871082603931427,0.03148171845823526,0.0,0.4588495001196861,0.1443472109735012,0.1335873156785965
12640,17.34375,0.12012898921966553,-0.03931240234524012,0.06340617537498475,0.0,0.461746609210968,0.15783067792654037,0.12012898921966553
12650,11.09375,0.12313996255397797,-0.039722229912877084,0.09350410252809524,0.0,0.4606049761176109,0.14423672407865523,0.12313996255397797
12660,16.3125,0.11862148344516754,-0.03964331056922674,0.07805311270058155,0.0,0.45948913842439654,0.14719237796962262,0.11862148344516754
12670,16.75,0.10371193289756775,-0.04661257341504097,0.018086596578359603,0.0,0.45736945867538453,0.14767566844820976,0.10371193289756775
12680,15.625,0.13602998852729797,-0.04635460115969181,0.08096660897135735,0.0,0.4611794799566269,0.1567173883318901,0.13602998852729797
12690,18.96875,0.1415955126285553,-0.04565725773572922,0.032863904163241385,0.0,0.4586301684379578,0.15040465705096723,0.1415955126285553
12700,15.0625,0.11419311165809631,-0.04864645842462778,0.053735305368900296,0.0,0.4589777261018753,0.15100156366825104,0.11419311165809631
12710,15.28125,0.11327636986970901,-0.04847969701513648,0.027554037049412727,0.0,0.45968131721019745,0.15075178444385529,0.11327636986970901
12720,13.03125,0.12248716503381729,-0.042652329243719575,0.03666629213839769,0.0,0.45998922139406206,0.15225987732410431,0.12248716503381729
12730,14.09375,0.10443331301212311,-0.045572368707507846,0.03486379347741604,0.0,0.45871096551418306,0.15129993557929994,0.10443331301212311
12740,14.03125,0.1098712906241417,-0.03828162252902985,0.03520992677658796,0.0,0.4582386612892151,0.1515008695423603,0.1098712906241417
12750,17.6875,0.11232300847768784,-0.04906930848956108,0.028328970074653625,0.0,0.45861044228076936,0.14554368890821934,0.11232300847768784
12760,15.5,0.12254133075475693,-0.04189063776284456,0.028245786018669606,0.0,0.45861335247755053,0.14252993389964103,0.12254133075475693
12770,13.8125,0.10386517643928528,-0.041897051595151426,0.0562002744525671,0.0,0.4613440990447998,0.14803265631198884,0.10386517643928528
12780,15.09375,0.12457484006881714,-0.04700361182913184,0.048754622042179105,0.0,0.4614699125289917,0.15529749915003777,0.12457484006881714
12790,15.65625,0.10675287991762161,-0.0410515820607543,0.026936473324894905,0.0,0.46342173516750335,0.14945413842797278,0.10675287991762161
12800,16.5,0.1124282106757164,-0.04426230117678642,0.07367516867816448,0.0,0.46237102448940276,0.14630236998200416,0.1124282106757164
12810,14.15625,0.08892862498760223,-0.03104641418904066,0.07225659973919392,0.0,0.4634483903646469,0.15645559430122374,0.08892862498760223
12820,21.09375,0.14833953976631165,-0.04892994333058596,0.0340661445632577,0.0,0.46576108038425446,0.1580039769411087,0.14833953976631165
12830,16.6875,0.1262996792793274,-0.04603607105091214,0.09405790977180004,0.0,0.466985297203064,0.15499367862939833,0.1262996792793274
12840,16.90625,0.11511228233575821,-0.04211932392790914,0.03234071359038353,0.0,0.4651341766119003,0.16097934022545815,0.11511228233575821
12850,20.0625,0.13951998949050903,-0.05005135172978044,0.06059012115001679,0.0,0.46446221619844436,0.1465113565325737,0.13951998949050903
12860,13.78125,0.11198657751083374,-0.039636718668043615,0.03531112112104893,0.0,0.4663862958550453,0.14378444254398345,0.11198657751083374
12870,15.4375,0.1345195323228836,-0.0405465517193079,0.06281580291688442,0.0,0.4675844177603722,0.16049229502677917,0.1345195323228836
12880,16.125,0.138205885887146,-0.04629231374710798,0.04165022447705269,0.0,0.4663206100463867,0.15206817910075188,0.138205885887146
12890,16.0,0.10705790668725967,-0.04402502551674843,0.07444859743118286,0.0,0.46336059272289276,0.1507411293685436,0.10705790668725967
12900,17.1875,0.14016643166542053,-0.03974859658628702,0.042960197851061824,0.0,0.46524654775857927,0.1512022025883198,0.14016643166542053
12910,12.09375,0.09354783594608307,-0.04012302402406931,0.09440837725996971,0.0,0.46200472116470337,0.15149086266756057,0.09354783594608307
12920,15.625,0.14510582387447357,-0.03878517094999552,0.048972584493458274,0.0,0.4620587691664696,0.15242391899228097,0.14510582387447357
12930,9.84375,0.09408806264400482,-0.045220304373651744,0.03636470884084701,0.0,0.46258958876132966,0.14697065986692906,0.09408806264400482
12940,16.9375,0.1150786355137825,-0.04267819477245212,0.046099787950515746,0.0,0.4692482605576515,0.15970432087779046,0.1150786355137825
12950,15.40625,0.11909624934196472,-0.04726023655384779,0.01593466429039836,0.0,0.4682490974664688,0.1540513552725315,0.11909624934196472
12960,15.375,0.14690878987312317,-0.02482503615319729,0.060277543216943744,0.0,0.4691589117050171,0.16064923778176307,0.14690878987312317
12970,18.90625,0.1356830596923828,-0.042557730060070756,0.05311743915081024,0.0,0.4673382416367531,0.15446021854877473,0.1356830596923828
12980,18.34375,0.12804926931858063,-0.031581954564899206,0.07879059426486493,0.0,0.4683123990893364,0.15491125211119652,0.12804926931858063
12990,14.40625,0.11963155120611191,-0.04521125704050064,0.027137255854904653,0.0,0.46925596296787264,0.15866825953125954,0.11963155120611191
13000,15.125,0.1411658227443695,-0.03487897291779518,0.0817766435444355,0.0,0.47258847057819364,0.15787146165966986,0.1411658227443695
13010,14.4375,0.10316592454910278,-0.04197320407256484,0.02737575825303793,0.0,0.47235834747552874,0.16018418297171594,0.10316592454910278
13020,13.28125,0.11915969103574753,-0.03819113187491894,0.044013021513819695,0.0,0.47096225172281264,0.15765949934720994,0.11915969103574753
13030,16.125,0.1189337968826294,-0.038232999038882554,0.07109069637954235,0.0,0.473570853471756,0.16472418680787088,0.1189337968826294
13040,15.5,0.13938267529010773,-0.03972013033926487,0.02272843448445201,0.0,0.47098564356565475,0.15586662217974662,0.13938267529010773
13050,14.9375,0.13262610137462616,-0.03463720194995403,0.07659877724945545,0.0,0.4760355457663536,0.16297851353883744,0.13262610137462616
13060,16.28125,0.15459313988685608,-0.03388553466647863,0.04464733973145485,0.0,0.47308631986379623,0.16140436455607415,0.15459313988685608
13070,16.375,0.13553620874881744,-0.034493500180542466,0.03775853049010038,0.0,0.47475983798503874,0.16642280369997026,0.13553620874881744
13080,16.28125,0.15006788074970245,-0.03846319336444139,0.04273347593843937,0.0,0.479122568666935,0.1661412976682186,0.15006788074970245
13090,17.78125,0.1363280713558197,-0.044651922583580014,0.05418882220983505,0.0,0.47509438544511795,0.1619805134832859,0.1363280713558197
13100,17.53125,0.13739433884620667,-0.033877435885369775,0.061530304700136186,0.0,0.47120865285396574,0.1606309473514557,0.13739433884620667
13110,17.75,0.12121408432722092,-0.04601253196597099,0.03854030221700668,0.0,0.47355170994997026,0.16322988718748094,0.12121408432722092
13120,16.0625,0.1472446173429489,-0.04647914879024029,0.02547585442662239,0.0,0.47803996652364733,0.16188979744911194,0.1472446173429489
13130,15.75,0.15805472433567047,-0.04400523044168949,0.05984075367450714,0.0,0.475650854408741,0.15478407666087152,0.15805472433567047
13140,15.625,0.1560772806406021,-0.04669852368533611,0.028732080198824405,0.0,0.4777180016040802,0.15680326744914055,0.1560772806406021
13150,18.4375,0.13035425543785095,-0.03988363444805145,0.07223832830786706,0.0,0.47775045931339266,0.1655279092490673,0.13035425543785095
13160,13.125,0.09092794358730316,-0.04267335357144475,0.06977905333042145,0.0,0.47602798938751223,0.1557670161128044,0.09092794358730316
13170,15.78125,0.1263522505760193,-0.04067161260172725,0.04285512566566467,0.0,0.4811124324798584,0.1600908435881138,0.1263522505760193
13180,19.0,0.14555203914642334,-0.03417299166321754,0.07006947137415409,0.0,0.4831516191363335,0.1628892183303833,0.14555203914642334
13190,14.875,0.11454523354768753,-0.04448227249085903,0.047008718550205233,0.0,0.48217403143644333,0.1619622576981783,0.11454523354768753
13200,16.6875,0.16424289345741272,-0.04292563572525978,0.07930711656808853,0.0,0.48313566893339155,0.167973742634058,0.16424289345741272
13210,15.28125,0.14842961728572845,-0.04930933536961675,0.03641846552491188,0.0,0.48427783250808715,0.16722147539258003,0.14842961728572845
13220,11.8125,0.11629913747310638,-0.043447911739349365,0.09431818127632141,0.0,0.48397586196660997,0.1703494057059288,0.11629913747310638
13230,16.375,0.14582589268684387,-0.033881289325654505,0.06394921690225601,0.0,0.4872275829315186,0.16714590266346932,0.14582589268684387
13240,13.90625,0.14872640371322632,-0.048907697387039664,0.0348681028932333,0.0,0.48211352378129957,0.1679109178483486,0.14872640371322632
13250,14.15625,0.12037615478038788,-0.047045633755624296,0.0281414533033967,0.0,0.48140348494052887,0.16825447976589203,0.12037615478038788
13260,13.34375,0.1460895538330078,-0.04014327935874462,0.039726363867521285,0.0,0.48556915670633316,0.16519468277692795,0.1460895538330078
13270,16.8125,0.1506020426750183,-0.03839567936956882,0.054044590517878535,0.0,0.48945438414812087,0.17146780490875244,0.1506020426750183
13280,16.875,0.15570417046546936,-0.03441099608317018,0.04813368022441864,0.0,0.490036079287529,0.17897469699382781,0.15570417046546936
13290,12.125,0.15513329207897186,-0.02926711430773139,0.05280942991375923,0.0,0.4894620969891548,0.17332616299390793,0.15513329207897186
13300,14.5625,0.1325106918811798,-0.04382689306512475,0.05185094438493252,0.0,0.49000207185745237,0.1774788960814476,0.1325106918811798
13310,17.5,0.1685977578163147,-0.047946276143193245,0.03655356615781784,0.0,0.4897135853767395,0.17324841395020485,0.1685977578163147
13320,15.59375,0.14010867476463318,-0.04535631313920021,0.02005921518430114,0.0,0.48910176157951357,0.17951928600668907,0.14010867476463318
13330,16.46875,0.15984678268432617,-0.0460859090089798,0.03412289656698704,0.0,0.4935491979122162,0.18384192809462546,0.15984678268432617
13340,18.40625,0.16732513904571533,-0.04082580115646124,0.02447097096592188,0.0,0.4887348607182503,0.18495941087603568,0.16732513904571533
13350,16.875,0.18150749802589417,-0.037842177972197535,0.0414420336484909,0.0,0.48771083503961565,0.1803369142115116,0.18150749802589417
13360,16.21875,0.1501752883195877,-0.05103342272341251,0.0219845918007195,0.0,0.49452688694000246,0.1841056726872921,0.1501752883195877
13370,14.375,0.15728741884231567,-0.051305069215595724,0.030471538566052912,0.0,0.48970398753881456,0.1798871010541916,0.15728741884231567
13380,15.5625,0.14770925045013428,-0.03958881087601185,0.026374595426023006,0.0,0.4937934175133705,0.17903562933206557,0.14770925045013428
13390,12.15625,0.13030628859996796,-0.04265215136110782,0.02020724434405565,0.0,0.49257784336805344,0.18221258670091628,0.13030628859996796
13400,17.8125,0.15582381188869476,-0.04322000406682491,0.04767923355102539,0.0,0.4908119723200798,0.1873605415225029,0.15582381188869476
13410,15.40625,0.15000475943088531,-0.04250168763101101,0.03718416281044483,0.0,0.4914484411478043,0.1796614907681942,0.15000475943088531
13420,15.625,0.16615614295005798,-0.04896134482696653,0.03479024954140186,0.0,0.49129870980978013,0.1729137308895588,0.16615614295005798
13430,14.59375,0.14130714535713196,-0.03642914742231369,0.02955752853304148,0.0,0.4928536131978035,0.1705364428460598,0.14130714535713196
13440,18.25,0.17758844792842865,-0.045468679443001744,0.038150278478860856,0.0,0.49545102566480637,0.17713883891701698,0.17758844792842865
13450,16.65625,0.13935479521751404,-0.049365590699017046,0.01568092769011855,0.0,0.4894913211464882,0.16598828732967377,0.13935479521751404
13460,16.0,0.1437709927558899,-0.037377359718084334,0.07417018674314022,0.0,0.4970166340470314,0.17725031673908234,0.1437709927558899
13470,16.40625,0.17651399970054626,-0.04458596054464579,0.05550167635083199,0.0,0.49499580562114714,0.17326672300696372,0.17651399970054626
13480,17.53125,0.17076855897903442,-0.03368147779256105,0.04881740473210812,0.0,0.499531564116478,0.18408280089497567,0.17076855897903442
13490,13.15625,0.1105881929397583,-0.035059225745499134,0.08383259139955043,0.0,0.4928258776664734,0.1774437315762043,0.1105881929397583
13500,15.59375,0.1587240993976593,-0.04570493884384632,0.02976413182914257,0.0,0.49406021684408186,0.1883300334215164,0.1587240993976593
13510,15.8125,0.154316246509552,-0.04375736005604267,0.04820932745933533,0.0,0.49622405171394346,0.17969072610139847,0.154316246509552
13520,14.75,0.15225844085216522,-0.04574011396616697,0.024698768742382526,0.0,0.49286106377840044,0.1762962058186531,0.15225844085216522
13530,16.84375,0.19081102311611176,-0.050017699040472506,0.025978008285164833,0.0,0.4954433456063271,0.176494200527668,0.19081102311611176
13540,18.59375,0.1510149985551834,-0.03542951252311468,0.0792362380772829,0.0,0.4978418484330177,0.17436079904437066,0.1510149985551834
13550,17.40625,0.14851000905036926,-0.04706340916454792,0.04136810936033726,0.0,0.4946614757180214,0.175968798995018,0.14851000905036926
13560,19.53125,0.1546916961669922,-0.03684945330023766,0.04543905481696129,0.0,0.49805907607078553,0.17361964359879495,0.1546916961669922
13570,17.375,0.16661536693572998,-0.045643395744264126,0.04802615270018577,0.0,0.4943637400865555,0.17447187155485153,0.16661536693572998
13580,15.65625,0.14050349593162537,-0.04230125336907804,0.030150102451443672,0.0,0.49643422216176986,0.17416045367717742,0.14050349593162537
13590,13.78125,0.12192549556493759,-0.03966340245679021,0.03433684688061476,0.0,0.49407150894403457,0.17536044642329215,0.12192549556493759
13600,15.875,0.17028430104255676,-0.053257778845727445,0.03195760995149612,0.0,0.49643790125846865,0.1777629978954792,0.17028430104255676
13610,12.4375,0.12311356514692307,-0.03856163881719112,0.051175063103437425,0.0,0.49742311835289,0.17404934838414193,0.12311356514692307
13620,14.875,0.12488021701574326,-0.04269693046808243,0.03583969119936228,0.0,0.5016345620155335,0.1695832408964634,0.12488021701574326
13630,16.375,0.146412193775177,-0.04824955202639103,0.036036998592317106,0.0,0.5062713831663131,0.16884574070572853,0.146412193775177
13640,16.6875,0.13658641278743744,-0.03470766767859459,0.031344587728381154,0.0,0.500166667997837,0.17067391127347947,0.13658641278743744
13650,19.09375,0.16768839955329895,-0.05007769912481308,0.02543169315904379,0.0,0.5007077068090439,0.17051371261477472,0.16768839955329895
13660,14.15625,0.1545189917087555,-0.03695759642869234,0.08073752261698246,0.0,0.5007364228367805,0.17208064645528792,0.1545189917087555
13670,13.71875,0.11111777275800705,-0.03705076053738594,0.016329702083021404,0.0,0.4970946997404099,0.1689053125679493,0.11111777275800705
13680,15.53125,0.14898812770843506,-0.03990425337105989,0.027460627630352973,0.0,0.5007844135165215,0.16705115735530854,0.14898812770843506
13690,17.09375,0.16273270547389984,-0.04308627313002944,0.026507426612079145,0.0,0.5061994224786759,0.17576243951916695,0.16273270547389984
13700,14.34375,0.14093396067619324,-0.034080507978796956,0.05385860837996006,0.0,0.5035076141357422,0.17719549611210822,0.14093396067619324
13710,15.25,0.15123672783374786,-0.04584799259901047,0.0585237480700016,0.0,0.505356740951538,0.18707178086042403,0.15123672783374786
13720,18.75,0.1593829244375229,-0.035361506044864655,0.040551222302019595,0.0,0.507508036494255,0.17506429851055144,0.1593829244375229
13730,15.21875,0.14718294143676758,-0.03639514469541609,0.0728074111044407,0.0,0.5063964292407036,0.1796208530664444,0.14718294143676758
13740,14.59375,0.1648676097393036,-0.04456504434347153,0.03078265078365803,0.0,0.5074241846799851,0.1755884252488613,0.1648676097393036
13750,15.53125,0.11197836697101593,-0.041052167769521475,0.024004397541284563,0.0,0.5094419300556183,0.17139044553041458,0.11197836697101593
13760,16.6875,0.16344687342643738,-0.039250469952821734,0.03555325381457806,0.0,0.5080494061112404,0.18045501932501792,0.16344687342643738
13770,16.15625,0.13635870814323425,-0.0394983827136457,0.06970208995044232,0.0,0.5084369361400605,0.17966567873954772,0.13635870814323425
13780,14.25,0.1588527262210846,-0.0360239377245307,0.0424316706135869,0.0,0.5044106245040894,0.18190311193466185,0.1588527262210846
13790,16.78125,0.1707901507616043,-0.04308049771934748,0.035020358860492706,0.0,0.5106614321470261,0.1855047546327114,0.1707901507616043
13800,16.46875,0.16037887334823608,-0.037136953137814996,0.03833383545279503,0.0,0.5115959644317627,0.18747189939022063,0.16037887334823608
13810,13.25,0.12096516042947769,-0.039223730005323885,0.08965164497494697,0.0,0.5101386874914169,0.18633006811141967,0.12096516042947769
13820,16.84375,0.168862447142601,-0.03636183887720108,0.02052911864593625,0.0,0.5099160507321358,0.18539442643523216,0.168862447142601
13830,17.125,0.18336091935634613,-0.04176286067813635,0.051461067795753476,0.0,0.5131876647472382,0.18844886496663094,0.18336091935634613
13840,18.21875,0.16565270721912384,-0.038319708034396174,0.04506525434553623,0.0,0.5153065115213394,0.19164139702916144,0.16565270721912384
13850,14.46875,0.12811240553855896,-0.044721338991075756,0.03893836624920368,0.0,0.5122276365756988,0.18071592077612877,0.12811240553855896
13860,12.21875,0.14487847685813904,-0.041741480492055415,0.03793174475431442,0.0,0.5167054936289788,0.18530308157205583,0.14487847685813904
13870,17.59375,0.13401401042938232,-0.050263778399676086,0.03571097534149885,0.0,0.5165340542793274,0.18440000340342522,0.13401401042938232
13880,15.09375,0.13713112473487854,-0.04654681086540222,0.038845795392990115,0.0,0.5162037789821625,0.18371465429663658,0.13713112473487854
13890,18.59375,0.17335450649261475,-0.04085102984681725,0.04873729757964611,0.0,0.5158764302730561,0.179362640529871,0.17335450649261475
13900,19.5625,0.16400796175003052,-0.04027214627712965,0.04939768109470606,0.0,0.5164569541811943,0.18079193457961082,0.16400796175003052
13910,15.71875,0.1440860629081726,-0.04110031882300973,0.01732209213078022,0.0,0.5163749784231186,0.18844900503754616,0.1440860629081726
13920,18.8125,0.18999320268630981,-0.042067641578614715,0.04587742704898119,0.0,0.5139795213937759,0.18620866909623146,0.18999320268630981
13930,16.375,0.1548178642988205,-0.051062668301165105,0.023107037134468555,0.0,0.5158118188381196,0.1778499439358711,0.1548178642988205
13940,19.5,0.15768446028232574,-0.04509820397943258,0.031587614491581914,0.0,0.5201651245355606,0.18401074707508086,0.15768446028232574
13950,15.34375,0.12903380393981934,-0.04973254650831223,0.04896758459508419,0.0,0.516976173222065,0.1775188535451889,0.12903380393981934
13960,16.90625,0.16359025239944458,-0.05154091054573655,0.03460315112024546,0.0,0.5236356049776077,0.19000672698020935,0.16359025239944458
13970,18.875,0.1638534814119339,-0.040577114932239054,0.046373511850833896,0.0,0.5162999331951141,0.19079916998744012,0.1638534814119339
13980,15.53125,0.1731698215007782,-0.04396740570664406,0.06389760747551917,0.0,0.5229737341403962,0.1922028511762619,0.1731698215007782
13990,15.28125,0.14365175366401672,-0.03547513857483864,0.02096827495843172,0.0,0.5221547439694405,0.1900877609848976,0.14365175366401672
14000,17.03125,0.17801207304000854,-0.04328166637569666,0.033897696435451506,0.0,0.5248727351427078,0.19966354444622994,0.17801207304000854
14010,17.625,0.17825575172901154,-0.035602840781211856,0.05752230994403362,0.0,0.5213704198598862,0.19191248193383217,0.17825575172901154
14020,17.96875,0.16878214478492737,-0.0466350419446826,0.045265591517090795,0.0,0.5247261375188828,0.1959061101078987,0.16878214478492737
14030,18.96875,0.16902169585227966,-0.039581073261797425,0.050288301333785056,0.0,0.5238465666770935,0.19897181391716004,0.16902169585227966
14040,15.5,0.16555052995681763,-0.041965178214013577,0.029264882765710355,0.0,0.5221957415342331,0.18793588802218436,0.16555052995681763
14050,17.53125,0.1664520800113678,-0.046623137034475806,0.039261939376592635,0.0,0.5210745751857757,0.1931379921734333,0.1664520800113678
14060,14.21875,0.15849006175994873,-0.04815225200727582,0.02426394820213318,0.0,0.5223613262176514,0.19047294035553933,0.15849006175994873
14070,15.125,0.15955857932567596,-0.0399037329480052,0.05985923260450363,0.0,0.5246750771999359,0.1918209411203861,0.15955857932567596
14080,14.5625,0.1688796430826187,-0.04664687532931566,0.05400681346654892,0.0,0.5274732619524002,0.19434841200709344,0.1688796430826187
14090,16.21875,0.18961679935455322,-0.04451376516371965,0.03007322531193495,0.0,0.5252053707838058,0.19409586265683174,0.18961679935455322
14100,16.46875,0.1771720051765442,-0.05219031348824501,0.02846506014466286,0.0,0.5249940991401673,0.1953841120004654,0.1771720051765442
14110,14.78125,0.17395508289337158,-0.045924948528409004,0.024179698899388313,0.0,0.5250093102455139,0.1973479174077511,0.17395508289337158
14120,16.71875,0.18502569198608398,-0.0429133016616106,0.039325421676039696,0.0,0.5254628300666809,0.197515831887722,0.18502569198608398
14130,13.8125,0.14838016033172607,-0.03590249642729759,0.0496117752045393,0.0,0.5230873674154282,0.19269992485642434,0.14838016033172607
14140,17.21875,0.16067248582839966,-0.03389399889856577,0.05638822019100189,0.0,0.5262540757656098,0.19226071164011954,0.16067248582839966
14150,16.3125,0.14590902626514435,-0.03893794249743223,0.03275058884173632,0.0,0.5268263071775436,0.19098829254508018,0.14590902626514435
14160,17.125,0.18707828223705292,-0.048111934773623945,0.040610292181372645,0.0,0.5281948000192642,0.1982869379222393,0.18707828223705292
14170,15.09375,0.126020148396492,-0.05309201236814261,0.02569356430321932,0.0,0.525513032078743,0.19358670487999916,0.126020148396492
14180,15.71875,0.16976222395896912,-0.04340043105185032,0.03636662568897009,0.0,0.5322111815214157,0.20010649636387826,0.16976222395896912
14190,12.96875,0.14937596023082733,-0.04200551453977823,0.04351995587348938,0.0,0.5320607572793961,0.19368810653686525,0.14937596023082733
14200,17.25,0.1832493543624878,-0.04216708783060312,0.03517684824764729,0.0,0.5329952150583267,0.20502130836248397,0.1832493543624878
14210,14.34375,0.1580459624528885,-0.04333118833601475,0.08147553615272045,0.0,0.5303306668996811,0.2045516289770603,0.1580459624528885
14220,12.59375,0.157553568482399,-0.03492408189922571,0.03658306244760752,0.0,0.5308120399713516,0.19914981424808503,0.157553568482399
14230,18.84375,0.2122826874256134,-0.040359656885266305,0.05051707290112972,0.0,0.5346188187599182,0.20391544923186303,0.2122826874256134
14240,14.8125,0.18518215417861938,-0.040490159019827845,0.055508215352892874,0.0,0.5328292369842529,0.1956697441637516,0.18518215417861938
14250,12.28125,0.1540629267692566,-0.03653640113770962,0.07614131569862366,0.0,0.5312690913677216,0.1917824402451515,0.1540629267692566
14260,18.65625,0.18230536580085754,-0.03778136819601059,0.1242759682238102,0.0,0.5361900925636292,0.20144756585359574,0.18230536580085754
14270,18.90625,0.18870241940021515,-0.04091980354860425,0.04654314853250981,0.0,0.5385669231414795,0.20278143510222435,0.18870241940021515
14280,15.8125,0.1779007911682129,-0.05244607543572784,0.01867971187457442,0.0,0.5357645660638809,0.20044346079230307,0.1779007911682129
14290,16.59375,0.14811620116233826,-0.03929651845246553,0.0795008361339569,0.0,0.5363061159849167,0.20368220210075377,0.14811620116233826
14300,15.5,0.16107097268104553,-0.03708794843405485,0.043661686964333056,0.0,0.5406808674335479,0.19887001514434816,0.16107097268104553
14310,14.65625,0.16118481755256653,-0.04665284538641572,0.0243684989400208,0.0,0.536180567741394,0.2017034813761711,0.16118481755256653
14320,15.75,0.16619136929512024,-0.04402878768742084,0.04994018524885178,0.0,0.5376245468854904,0.19413672238588334,0.16619136929512024
14330,15.9375,0.14452442526817322,-0.0545926284044981,0.016589378379285334,0.0,0.5371808856725693,0.19377287179231645,0.14452442526817322
14340,16.1875,0.1616724282503128,-0.0419109046459198,0.047972678765654565,0.0,0.5417597860097885,0.20379555523395537,0.1616724282503128
14350,17.3125,0.1728917509317398,-0.036974972859025,0.06428303830325603,0.0,0.5385372459888458,0.19952326714992524,0.1728917509317398
14360,18.5625,0.2095339000225067,-0.03771066041663289,0.04597255252301693,0.0,0.5388204783201218,0.19560345262289047,0.2095339000225067
14370,14.40625,0.16826367378234863,-0.041415274143218994,0.05786856934428215,0.0,0.5393989086151123,0.19594186544418335,0.16826367378234863
14380,16.0625,0.15378044545650482,-0.03879620414227247,0.0428188506513834,0.0,0.5409239530563354,0.19696961864829063,0.15378044545650482
14390,14.46875,0.17538350820541382,-0.044222038239240646,0.042132715508341786,0.0,0.5400231331586838,0.19991349875926973,0.17538350820541382
14400,19.65625,0.17824804782867432,-0.04623967446386814,0.04984641261398792,0.0,0.5404629975557327,0.19214488193392754,0.17824804782867432
14410,15.6875,0.16441574692726135,-0.05187826454639435,0.025213425420224665,0.0,0.5383620262145996,0.19472304955124856,0.16441574692726135
14420,12.96875,0.1580497771501541,-0.040125515684485434,0.10159201547503471,0.0,0.5429137021303176,0.19764531254768372,0.1580497771501541
14430,14.90625,0.1558724343776703,-0.04684074986726046,0.0257503068074584,0.0,0.536480912566185,0.19773733615875244,0.1558724343776703
14440,14.71875,0.16715991497039795,-0.04795728996396065,0.03368784859776497,0.0,0.5362960815429687,0.19272859990596772,0.16715991497039795
14450,17.8125,0.1742512732744217,-0.05323936752974987,0.022978740744292736,0.0,0.5394892364740371,0.19288362190127373,0.1742512732744217
14460,16.78125,0.16014355421066284,-0.035025772918015716,0.07044429443776608,0.0,0.540821373462677,0.20438458397984505,0.16014355421066284
14470,17.90625,0.18503257632255554,-0.04685793193057179,0.025787748955190183,0.0,0.5465406209230423,0.2004953794181347,0.18503257632255554
14480,15.78125,0.201450377702713,-0.04562912350520491,0.020213077310472727,0.0,0.5396110534667968,0.19930625185370446,0.201450377702713
14490,15.03125,0.15928494930267334,-0.04625339601188898,0.017904913518577814,0.0,0.539385998249054,0.19175194576382637,0.15928494930267334
14500,16.4375,0.18599730730056763,-0.048709699511528017,0.04228018969297409,0.0,0.5432344496250152,0.19721177220344543,0.18599730730056763
14510,12.09375,0.17444750666618347,-0.038576341792941095,0.029951277747750284,0.0,0.542551264166832,0.1941496603190899,0.17444750666618347
14520,16.59375,0.18846750259399414,-0.04735580608248711,0.024893632158637047,0.0,0.5495479941368103,0.19955259561538696,0.18846750259399414
14530,13.53125,0.14470289647579193,-0.03554852977395058,0.07111494317650795,0.0,0.5479228138923645,0.19475519061088561,0.14470289647579193
14540,14.65625,0.1778075098991394,-0.03438767548650503,0.036313160043209794,0.0,0.5427289187908173,0.19811129197478294,0.1778075098991394
14550,18.625,0.18371330201625824,-0.04256401751190424,0.04201540127396584,0.0,0.5436198711395264,0.20218848511576654,0.18371330201625824
14560,19.0,0.19521889090538025,-0.03008278999477625,0.052296288311481476,0.0,0.5464877098798752,0.1970660924911499,0.19521889090538025
14570,17.625,0.14804145693778992,-0.04376105815172195,0.03812691252678633,0.0,0.5469818443059922,0.192072806507349,0.14804145693778992
14580,15.375,0.18706756830215454,-0.04843161343596876,0.01876923758536577,0.0,0.542052510380745,0.1946206085383892,0.18706756830215454
14590,16.5625,0.17794591188430786,-0.03533508498221636,0.09831753894686698,0.0,0.5442710489034652,0.19798413738608361,0.17794591188430786
14600,17.96875,0.1647416204214096,-0.050607857294380665,0.04376105815172195,0.0,0.5473685294389725,0.19555081576108932,0.1647416204214096
14610,17.5,0.1434646099805832,-0.04500227011740208,0.04502761550247669,0.0,0.5451118588447571,0.18891338109970093,0.1434646099805832
14620,16.375,0.1655007302761078,-0.043097602762281896,0.03982341103255749,0.0,0.5430306732654572,0.19596106559038162,0.1655007302761078
14630,14.59375,0.13985231518745422,-0.03421100415289402,0.040057087689638136,0.0,0.545218163728714,0.19647531509399413,0.13985231518745422
14640,16.46875,0.15539675951004028,-0.05986537523567677,0.014584795292466878,0.0,0.5492531895637512,0.20208755508065224,0.15539675951004028
14650,18.3125,0.18851196765899658,-0.04981185793876648,0.04491836540400982,0.0,0.5484808713197709,0.19761946126818658,0.18851196765899658
14660,16.125,0.18652528524398804,-0.040844975784420964,0.02055012807250023,0.0,0.5502955228090286,0.20072641521692275,0.18652528524398804
14670,15.125,0.18380695581436157,-0.03525154944509268,0.055788697116076945,0.0,0.5489065676927567,0.20522668957710266,0.18380695581436157
14680,15.5,0.17972657084465027,-0.04916653437539935,0.022517648804932833,0.0,0.5494377493858338,0.20157331079244614,0.17972657084465027
14690,16.375,0.1783405989408493,-0.04772953353822231,0.02587511409074068,0.0,0.5517411917448044,0.20730078369379043,0.1783405989408493
14700,14.65625,0.14375609159469604,-0.04687389461323619,0.02514800727367401,0.0,0.5512000113725662,0.2013869971036911,0.14375609159469604
14710,16.53125,0.1785764843225479,-0.05265154503285885,0.023772493936121464,0.0,0.5530384987592697,0.20277788490056992,0.1785764843225479
14720,12.125,0.15933947265148163,-0.03902097474783659,0.01268818201497197,0.0,0.5522141486406327,0.20262693017721176,0.15933947265148163
14730,14.125,0.17579099535942078,-0.043852904625236985,0.04940923564136028,0.0,0.5521779447793961,0.2023583881556988,0.17579099535942078
14740,17.46875,0.20497655868530273,-0.0455167081207037,0.02303724717348814,0.0,0.5529004454612731,0.2106714591383934,0.20497655868530273
14750,18.09375,0.18942800164222717,-0.043341678101569414,0.04191451836377382,0.0,0.5546891421079636,0.2103726327419281,0.18942800164222717
14760,15.875,0.1599055826663971,-0.053219147957861423,0.02377200834453106,0.0,0.5524929165840149,0.2011961407959461,0.1599055826663971
14770,15.65625,0.1846264749765396,-0.037909582071006295,0.037769538909196855,0.0,0.5545160591602325,0.21331806033849715,0.1846264749765396
14780,17.875,0.19443663954734802,-0.04495723582804203,0.042576133832335473,0.0,0.5541754126548767,0.20990328267216682,0.19443663954734802
14790,14.0,0.16885945200920105,-0.04173543080687523,0.025723855197429656,0.0,0.5534166991710663,0.2072278767824173,0.16885945200920105
14800,14.875,0.17345976829528809,-0.041999852284789085,0.035658648051321504,0.0,0.5567600339651108,0.21896512508392335,0.17345976829528809
14810,15.75,0.18402758240699768,-0.03923502173274755,0.047119468450546265,0.0,0.5534738153219223,0.20991925448179244,0.18402758240699768
14820,15.375,0.17832818627357483,-0.03977314922958612,0.01709549790248275,0.0,0.5572774291038514,0.21597617715597153,0.17832818627357483
14830,14.09375,0.20447644591331482,-0.04746439196169376,0.029955141805112363,0.0,0.5592790693044662,0.21863119378685952,0.20447644591331482
14840,14.8125,0.1795901358127594,-0.044148949533700944,0.03084585554897785,0.0,0.558146384358406,0.2202658861875534,0.1795901358127594
14850,14.53125,0.18129822611808777,-0.04798637917265296,0.031580707244575026,0.0,0.5577726483345031,0.21911703646183014,0.18129822611808777
14860,13.8125,0.19446352124214172,-0.03986261319369078,0.014773810096085072,0.0,0.563582780957222,0.21913205683231354,0.19446352124214172
14870,14.65625,0.19037073850631714,-0.05017209500074386,0.023002039082348345,0.0,0.5621478110551834,0.217610664665699,0.19037073850631714
14880,19.75,0.1805693805217743,-0.051210181601345536,0.022133097797632218,0.0,0.5600605368614197,0.214180601388216,0.1805693805217743
14890,16.375,0.19514764845371246,-0.03942049094475806,0.044684567302465436,0.0,0.5643430352210999,0.2192095100879669,0.19514764845371246
14900,13.78125,0.16991931200027466,-0.03541054306551814,0.0567949004471302,0.0,0.5659872323274613,0.2228475771844387,0.16991931200027466
14910,14.71875,0.18371015787124634,-0.044873146479949354,0.028903953544795514,0.0,0.5663072556257248,0.21838606297969818,0.18371015787124634
14920,17.90625,0.19886061549186707,-0.036059466376900676,0.0320964315906167,0.0,0.5658108443021774,0.2162330463528633,0.19886061549186707
14930,18.625,0.19887229800224304,-0.03881671084091067,0.07269924134016037,0.0,0.5614510387182235,0.21507774218916892,0.19887229800224304
14940,18.21875,0.20453305542469025,-0.041737770475447175,0.044776083342731,0.0,0.5617511391639709,0.21664011254906654,0.20453305542469025
14950,14.8125,0.16974472999572754,-0.041320322453975676,0.055526246502995494,0.0,0.5636483937501907,0.21275189220905305,0.16974472999572754
14960,14.21875,0.19674593210220337,-0.036814041808247565,0.018665551859885453,0.0,0.5685931146144867,0.21862914711236953,0.19674593210220337
14970,13.84375,0.16633321344852448,-0.04720887774601579,0.017968192137777804,0.0,0.5670832335948944,0.2184171825647354,0.16633321344852448
14980,17.375,0.21042349934577942,-0.04768958780914545,0.019877074845135213,0.0,0.5689985096454621,0.22458867952227593,0.21042349934577942
14990,13.71875,0.1618236005306244,-0.048736380971968175,0.028197101317346096,0.0,0.5686774313449859,0.2178368352353573,0.1618236005306244
15000,16.28125,0.21424902975559235,-0.05174234993755818,0.03103228807449341,0.0,0.5697420090436935,0.22041162624955177,0.21424902975559235
