epoch,lifetime,reward_mean,policy_loss,value_loss,sym_loss,score_real__/full,score_fake__/full,disc_reward__/full
1,15.5625,-0.00029721041209995747,0.17623940408229827,0.9468370020389557,0.0,0.024801374413073063,0.0016493415459990501,-0.00029721041209995747
10,16.875,-0.0416095107793808,-0.02860462018288672,0.07987989857792854,0.0,0.023352550860080454,-0.0018038125449998511,-0.0416095107793808
20,21.4375,-0.028121165931224823,-0.03846126049757004,0.05414635092020035,0.0,0.02780038071796298,-0.004101529432227835,-0.028121165931224823
30,18.4375,-0.0389549620449543,-0.03712723907083273,0.03307912833988667,0.0,0.03391658337786794,-0.007019372805370949,-0.0389549620449543
40,22.1875,-0.03704693540930748,-0.032172508910298346,0.028837268054485322,0.0,0.041409693844616416,-0.01552337473258376,-0.03704693540930748
50,18.8125,-0.05856573209166527,-0.03272078214213252,0.053736260160803795,0.0,0.049202922359108926,-0.023376031219959258,-0.05856573209166527
60,17.75,-0.0639483705163002,-0.03277724664658308,0.06287141218781471,0.0,0.05860579628497362,-0.03130592806264758,-0.0639483705163002
70,21.46875,-0.07019732147455215,-0.03696669954806566,0.030561527982354165,0.0,0.06630218960344791,-0.04151215776801109,-0.07019732147455215
80,18.5,-0.08433403074741364,-0.02874047067016363,0.08701582625508308,0.0,0.0758001372218132,-0.05250057708472013,-0.08433403074741364
90,18.875,-0.10416549444198608,-0.038126544654369356,0.03994219955056906,0.0,0.08513737805187702,-0.06321675255894661,-0.10416549444198608
100,20.125,-0.10260732471942902,-0.034297460969537494,0.042195089533925055,0.0,0.09306093268096446,-0.07270519193261862,-0.10260732471942902
110,19.21875,-0.11099015176296234,-0.039344983827322724,0.0289967006072402,0.0,0.10026363395154476,-0.0807123590260744,-0.11099015176296234
120,19.5,-0.1148059070110321,-0.033608464524149895,0.029919133894145487,0.0,0.10738131292164325,-0.08879685886204243,-0.1148059070110321
130,19.75,-0.11334499716758728,-0.03607197031378746,0.034365964122116566,0.0,0.11263488866388797,-0.09791497811675072,-0.11334499716758728
140,18.75,-0.13167455792427063,-0.039219951070845124,0.03274032212793827,0.0,0.11685165837407112,-0.09937205947935582,-0.13167455792427063
150,23.0,-0.12174448370933533,-0.04493798669427633,0.02305841613560915,0.0,0.1216413676738739,-0.10180845893919468,-0.12174448370933533
160,22.84375,-0.11421480029821396,-0.03318211752921343,0.05935290828347206,0.0,0.12846874818205833,-0.10131840594112873,-0.11421480029821396
170,23.0625,-0.13256198167800903,-0.031800581701099874,0.058919040486216545,0.0,0.13412676006555557,-0.10773814953863621,-0.13256198167800903
180,20.6875,-0.1352275311946869,-0.034941251296550034,0.04075857400894165,0.0,0.1354757234454155,-0.11362113133072853,-0.1352275311946869
190,27.09375,-0.15383028984069824,-0.030435876920819283,0.033636514097452164,0.0,0.13839515298604965,-0.12438022717833519,-0.15383028984069824
200,20.375,-0.15544164180755615,-0.041193793155252935,0.03823315985500812,0.0,0.13947436437010766,-0.141403141990304,-0.15544164180755615
210,20.5625,-0.17907053232192993,-0.04193141888827086,0.03829695619642735,0.0,0.14020049721002578,-0.1597141943871975,-0.17907053232192993
220,21.625,-0.15890076756477356,-0.03521283436566591,0.05360660590231418,0.0,0.14025672078132628,-0.15707203298807143,-0.15890076756477356
230,20.65625,-0.15447387099266052,-0.037862779665738346,0.0516244251281023,0.0,0.1428205654025078,-0.15105492249131203,-0.15447387099266052
240,18.4375,-0.15486973524093628,-0.03564622551202774,0.045943145826458934,0.0,0.1435013495385647,-0.14480858370661737,-0.15486973524093628
250,18.4375,-0.18891042470932007,-0.039777861535549165,0.03157545905560255,0.0,0.1452674075961113,-0.16369405388832092,-0.18891042470932007
260,18.0625,-0.19736386835575104,-0.040051718801259996,0.030041474662721158,0.0,0.14721086621284485,-0.1809842675924301,-0.19736386835575104
270,16.1875,-0.19808560609817505,-0.03782741650938988,0.028411173075437546,0.0,0.14984484538435935,-0.191583801060915,-0.19808560609817505
280,20.09375,-0.18486976623535156,-0.03875916795805097,0.03023103140294552,0.0,0.15255457237362863,-0.19578083530068396,-0.18486976623535156
290,17.25,-0.2078864872455597,-0.04112569857388735,0.02658229786902666,0.0,0.1530500002205372,-0.19226629808545112,-0.2078864872455597
300,16.21875,-0.18752536177635193,-0.03771229991689325,0.030207931995391846,0.0,0.15149384886026382,-0.1855618514120579,-0.18752536177635193
310,20.96875,-0.19937334954738617,-0.035083608236163855,0.027167472429573535,0.0,0.15453033223748208,-0.1894160069525242,-0.19937334954738617
320,20.59375,-0.20466414093971252,-0.0404814881272614,0.039318065345287326,0.0,0.155202054977417,-0.18582023978233336,-0.20466414093971252
330,22.5,-0.19562113285064697,-0.03475277908146381,0.020111674442887306,0.0,0.15787024796009064,-0.18549830913543702,-0.19562113285064697
340,20.15625,-0.16808190941810608,-0.03937778938561678,0.01658477159217,0.0,0.1590474210679531,-0.18254173249006272,-0.16808190941810608
350,15.25,-0.1929912120103836,-0.039663771912455556,0.020973385125398637,0.0,0.1599680744111538,-0.18394802510738373,-0.1929912120103836
360,19.34375,-0.2020128220319748,-0.03992575220763683,0.016744159162044525,0.0,0.1640968903899193,-0.17993563190102577,-0.2020128220319748
370,21.03125,-0.18100854754447937,-0.04274360965937376,0.024328757263720035,0.0,0.16139413714408873,-0.18323358073830603,-0.18100854754447937
380,19.75,-0.21692243218421936,-0.04018497187644243,0.03099785204976797,0.0,0.1641439028084278,-0.18498024493455886,-0.21692243218421936
390,22.34375,-0.18652942776679993,-0.031101781781762837,0.01974837565794587,0.0,0.16635364666581154,-0.18240488618612288,-0.18652942776679993
400,16.96875,-0.18637089431285858,-0.0453296035528183,0.03346239794045687,0.0,0.16677356362342835,-0.1820741392672062,-0.18637089431285858
410,17.59375,-0.21771900355815887,-0.04006223455071449,0.024816513620316984,0.0,0.16504026502370833,-0.1848878249526024,-0.21771900355815887
420,19.78125,-0.2163250893354416,-0.04154187380336225,0.032284364104270935,0.0,0.16800915822386742,-0.18574301302433013,-0.2163250893354416
430,22.53125,-0.1812657117843628,-0.03887426927685737,0.029515883512794973,0.0,0.1671947121620178,-0.18241148814558983,-0.1812657117843628
440,22.625,-0.1978657990694046,-0.04156006900593638,0.02647687904536724,0.0,0.16809550300240517,-0.1871972732245922,-0.1978657990694046
450,18.34375,-0.1884162724018097,-0.039590523578226566,0.021399380825459956,0.0,0.16705400869250298,-0.1921849101781845,-0.1884162724018097
460,15.65625,-0.22694087028503418,-0.03762894161045551,0.026925677247345448,0.0,0.16817699745297432,-0.19361630231142044,-0.22694087028503418
470,23.0,-0.2007674276828766,-0.03843588070012629,0.02075464278459549,0.0,0.16814049631357192,-0.18774104714393616,-0.2007674276828766
480,19.34375,-0.22793926298618317,-0.04316065739840269,0.01918827574700117,0.0,0.16543528139591218,-0.19445034116506577,-0.22793926298618317
490,22.03125,-0.18943357467651367,-0.03507818123325705,0.02474302761256695,0.0,0.16949923038482667,-0.19122579842805862,-0.18943357467651367
500,18.21875,-0.21932461857795715,-0.039065008610486986,0.025645321421325206,0.0,0.1655248709022999,-0.19859793186187744,-0.21932461857795715
510,18.125,-0.2165282517671585,-0.03908157031983137,0.04098126776516438,0.0,0.1683100238442421,-0.1973887227475643,-0.2165282517671585
520,20.5625,-0.1875906139612198,-0.03870492335408926,0.011892401054501534,0.0,0.16615717187523843,-0.19758675917983054,-0.1875906139612198
530,19.03125,-0.19083619117736816,-0.038192800153046845,0.015408167149871588,0.0,0.16688617840409278,-0.19957947731018066,-0.19083619117736816
540,13.9375,-0.22369015216827393,-0.03759678974747658,0.020606020279228688,0.0,0.16497889310121536,-0.19911167472600938,-0.22369015216827393
550,16.25,-0.22666211426258087,-0.036169390100985764,0.021399184502661227,0.0,0.1648535206913948,-0.20173868760466576,-0.22666211426258087
560,18.40625,-0.2129831612110138,-0.038510384224355224,0.023881234228610992,0.0,0.16570808738470078,-0.20250329598784447,-0.2129831612110138
570,21.875,-0.23643097281455994,-0.03619722425937653,0.0238020122051239,0.0,0.16632831543684007,-0.20504560470581054,-0.23643097281455994
580,20.34375,-0.2477695345878601,-0.039608515612781045,0.025887631624937058,0.0,0.16404105052351953,-0.20757293999195098,-0.2477695345878601
590,21.75,-0.2135731428861618,-0.03833387261256575,0.017594114039093257,0.0,0.16639907509088517,-0.20325423553586006,-0.2135731428861618
600,17.78125,-0.2068299651145935,-0.04000448174774647,0.025531160272657873,0.0,0.16628626435995103,-0.20440227240324021,-0.2068299651145935
610,17.9375,-0.20771059393882751,-0.03948130551725626,0.017621675692498683,0.0,0.16853541657328605,-0.20110468938946724,-0.20771059393882751
620,15.96875,-0.21469582617282867,-0.037970606796443464,0.02264867424964905,0.0,0.16929356455802919,-0.20161838531494142,-0.21469582617282867
630,16.96875,-0.2079053819179535,-0.03539482057094574,0.03279415257275105,0.0,0.1696048565208912,-0.2015441246330738,-0.2079053819179535
640,18.4375,-0.2190847098827362,-0.03660446889698506,0.04434718545526266,0.0,0.16704317033290864,-0.1974139057099819,-0.2190847098827362
650,23.46875,-0.19388417899608612,-0.0389787133783102,0.040741097182035446,0.0,0.16812797710299493,-0.19996996894478797,-0.19388417899608612
660,20.4375,-0.20473334193229675,-0.03212905656546354,0.04655813910067082,0.0,0.17026886641979216,-0.2015928290784359,-0.20473334193229675
670,24.0,-0.1943623423576355,-0.039129041507840155,0.03804115019738674,0.0,0.16991038322448732,-0.19206351712346076,-0.1943623423576355
680,22.03125,-0.19670426845550537,-0.03676572907716036,0.04620926417410374,0.0,0.17089458256959916,-0.1961037926375866,-0.19670426845550537
690,16.875,-0.22617672383785248,-0.03846315462142229,0.036861924827098845,0.0,0.17061058953404426,-0.19947981908917428,-0.22617672383785248
700,20.8125,-0.2290063500404358,-0.04083543922752142,0.043645312637090684,0.0,0.17271724864840507,-0.20076333805918695,-0.2290063500404358
710,17.15625,-0.22080540657043457,-0.04162646289914847,0.04025411196053028,0.0,0.17299752607941626,-0.201899553835392,-0.22080540657043457
720,18.0625,-0.21966254711151123,-0.03545620366930961,0.04538068063557148,0.0,0.17185154035687447,-0.20084711238741876,-0.21966254711151123
730,17.90625,-0.20477822422981262,-0.03626965694129467,0.02773463260382414,0.0,0.17459134757518768,-0.1995300345122814,-0.20477822422981262
740,16.53125,-0.21848160028457642,-0.04143885616213083,0.03200050145387649,0.0,0.17317529246211052,-0.19649355858564377,-0.21848160028457642
750,22.21875,-0.1962231993675232,-0.036611638776957986,0.030311935022473334,0.0,0.17552926689386367,-0.19428533390164376,-0.1962231993675232
760,22.46875,-0.19857068359851837,-0.0351233946159482,0.041922365128993985,0.0,0.17368877828121185,-0.19321382269263268,-0.19857068359851837
770,19.0625,-0.19612634181976318,-0.0340508408844471,0.0389559406787157,0.0,0.17539607211947442,-0.19585563540458678,-0.19612634181976318
780,21.6875,-0.1980370581150055,-0.03555739540606737,0.03599116429686546,0.0,0.17563656121492385,-0.192841237783432,-0.1980370581150055
790,19.5,-0.20798374712467194,-0.03982700603082776,0.042694445699453354,0.0,0.17533984407782555,-0.19426156282424928,-0.20798374712467194
800,21.59375,-0.21019645035266876,-0.03581854104995728,0.036189361661672595,0.0,0.17587453722953797,-0.1907014697790146,-0.21019645035266876
810,23.40625,-0.20030207931995392,-0.039248640090227126,0.03780800960958004,0.0,0.1750354900956154,-0.18879772424697877,-0.20030207931995392
820,19.65625,-0.18909229338169098,-0.03780451659113169,0.03508551977574825,0.0,0.1745970815420151,-0.19377269074320794,-0.18909229338169098
830,18.0,-0.20233015716075897,-0.03468684460967779,0.030100798606872557,0.0,0.17462064176797867,-0.1911252610385418,-0.20233015716075897
840,23.21875,-0.18563738465309143,-0.03677168190479278,0.03393138013780117,0.0,0.1766132615506649,-0.18821482360363007,-0.18563738465309143
850,19.75,-0.20017221570014954,-0.036978667601943016,0.03266580011695623,0.0,0.17497750222682953,-0.19486866220831872,-0.20017221570014954
860,20.34375,-0.20690259337425232,-0.03674492090940475,0.033027763850986956,0.0,0.17400735467672349,-0.19318774938583375,-0.20690259337425232
870,27.34375,-0.17615504562854767,-0.03632160481065512,0.03110348302870989,0.0,0.17367860078811645,-0.19465030059218408,-0.17615504562854767
880,27.03125,-0.22440357506275177,-0.038840598054230215,0.043500425294041634,0.0,0.17334591075778008,-0.19485000073909758,-0.22440357506275177
890,24.84375,-0.15834090113639832,-0.04044151082634926,0.038187235593795776,0.0,0.1711703769862652,-0.19075133576989173,-0.15834090113639832
900,24.8125,-0.22001361846923828,-0.035517309606075284,0.022610569000244142,0.0,0.17063396275043488,-0.20025062784552575,-0.22001361846923828
910,20.875,-0.2020469307899475,-0.03630433138459921,0.03318292926996946,0.0,0.17072909623384475,-0.19659951254725455,-0.2020469307899475
920,21.25,-0.2122214138507843,-0.04134707218036056,0.02443714588880539,0.0,0.16940619349479674,-0.1985696956515312,-0.2122214138507843
930,21.75,-0.1934027373790741,-0.035568765737116335,0.034338518604636194,0.0,0.16904732957482338,-0.19978202432394027,-0.1934027373790741
940,28.46875,-0.20539763569831848,-0.04072117991745472,0.028516061417758466,0.0,0.1697412446141243,-0.20157832130789757,-0.20539763569831848
950,29.40625,-0.21143406629562378,-0.04050902500748634,0.031111340038478374,0.0,0.1697779729962349,-0.2040975347161293,-0.21143406629562378
960,22.375,-0.2037455439567566,-0.0438101639971137,0.026906680315732956,0.0,0.1683521308004856,-0.2027941033244133,-0.2037455439567566
970,22.21875,-0.2112559825181961,-0.04262796761468053,0.024160881899297236,0.0,0.17000096663832664,-0.20615625381469727,-0.2112559825181961
980,18.46875,-0.22805044054985046,-0.04227287992835045,0.028978154994547367,0.0,0.16902147904038428,-0.21092277988791466,-0.22805044054985046
990,27.84375,-0.1724015474319458,-0.0319679381325841,0.020720642991364002,0.0,0.17056717574596406,-0.2032184638082981,-0.1724015474319458
1000,21.5625,-0.2175576090812683,-0.04095393242314458,0.0199330635368824,0.0,0.171155496686697,-0.20926986783742904,-0.2175576090812683
1010,21.8125,-0.21855050325393677,-0.041330736503005026,0.024636138416826724,0.0,0.1730635203421116,-0.2075224630534649,-0.21855050325393677
1020,29.5,-0.221941277384758,-0.04019377129152417,0.03192260600626469,0.0,0.17373041808605194,-0.19968015626072882,-0.221941277384758
1030,21.84375,-0.21557360887527466,-0.047552795894443986,0.036133787222206594,0.0,0.17307769805192946,-0.20285715013742447,-0.21557360887527466
1040,22.84375,-0.2133728265762329,-0.03538357708603144,0.03542408682405949,0.0,0.17332797944545747,-0.1994670256972313,-0.2133728265762329
1050,20.1875,-0.20681016147136688,-0.03939724005758762,0.040569382905960086,0.0,0.1750634342432022,-0.20379952266812323,-0.20681016147136688
1060,17.0625,-0.22963479161262512,-0.038698372431099415,0.03472183495759964,0.0,0.17497817799448967,-0.19807256907224655,-0.22963479161262512
1070,26.6875,-0.20627664029598236,-0.03925814311951399,0.028514630720019342,0.0,0.17514317482709885,-0.19493800699710845,-0.20627664029598236
1080,24.0,-0.17935088276863098,-0.033481895178556445,0.03744570109993219,0.0,0.1748297058045864,-0.1932963512837887,-0.17935088276863098
1090,25.25,-0.20595255494117737,-0.04199255695566535,0.03874359503388405,0.0,0.17537071332335472,-0.1906244583427906,-0.20595255494117737
1100,27.03125,-0.19523985683918,-0.03507034108042717,0.04828687757253647,0.0,0.1767141193151474,-0.1859597459435463,-0.19523985683918
1110,23.34375,-0.17922057211399078,-0.038866711780428886,0.029140654951334,0.0,0.1792493171989918,-0.18685867860913277,-0.17922057211399078
1120,28.59375,-0.16515348851680756,-0.03656685575842857,0.02485835738480091,0.0,0.1783052235841751,-0.18023079112172127,-0.16515348851680756
1130,30.90625,-0.1915724128484726,-0.03858950277790427,0.02068697363138199,0.0,0.18035650625824928,-0.1826147846877575,-0.1915724128484726
1140,26.71875,-0.18221738934516907,-0.03668884662911296,0.042105450108647344,0.0,0.18143560215830803,-0.18041225373744965,-0.18221738934516907
1150,29.25,-0.1612996906042099,-0.038991495966911316,0.024781086668372154,0.0,0.1836153596639633,-0.17314649894833564,-0.1612996906042099
1160,25.625,-0.1803726702928543,-0.03826174363493919,0.022717255167663097,0.0,0.18382205441594124,-0.17559467628598213,-0.1803726702928543
1170,30.6875,-0.20675024390220642,-0.04232875090092421,0.020208962447941303,0.0,0.18433861061930656,-0.1751388765871525,-0.20675024390220642
1180,32.5,-0.1858469843864441,-0.036063315346837044,0.0275606544688344,0.0,0.18271494433283805,-0.17993055880069733,-0.1858469843864441
1190,25.78125,-0.18037296831607819,-0.0397492490708828,0.025990807451307774,0.0,0.18238314762711524,-0.17169038094580175,-0.18037296831607819
1200,26.15625,-0.2199501097202301,-0.03433176223188639,0.01768267247825861,0.0,0.17696197405457498,-0.1820854999125004,-0.2199501097202301
1210,29.90625,-0.1867581009864807,-0.03632197380065918,0.02594514898955822,0.0,0.17969235703349112,-0.17922231703996658,-0.1867581009864807
1220,31.8125,-0.2041092813014984,-0.03809670191258192,0.0249000683426857,0.0,0.18013838082551956,-0.18146133944392204,-0.2041092813014984
1230,34.90625,-0.18068699538707733,-0.03749362584203482,0.028565376251935958,0.0,0.1778306283056736,-0.17716775834560394,-0.18068699538707733
1240,30.03125,-0.1673695147037506,-0.03462891886010766,0.01972335297614336,0.0,0.17890912368893624,-0.18016248047351838,-0.1673695147037506
1250,30.75,-0.1728670299053192,-0.03879463654011488,0.025129586830735205,0.0,0.1826038420200348,-0.17653795182704926,-0.1728670299053192
1260,30.78125,-0.18668246269226074,-0.038061687164008616,0.022364327684044838,0.0,0.18422381281852723,-0.1745411477982998,-0.18668246269226074
1270,26.09375,-0.21790090203285217,-0.03755680210888386,0.026985655538737774,0.0,0.18913570791482925,-0.1743339866399765,-0.21790090203285217
1280,30.8125,-0.1298050880432129,-0.024576695263385774,0.01740142088383436,0.0,0.1886628195643425,-0.16510739475488662,-0.1298050880432129
1290,29.3125,-0.1777690052986145,-0.035668798722326756,0.019606841914355754,0.0,0.18878987208008766,-0.17093511968851088,-0.1777690052986145
1300,31.625,-0.17057061195373535,-0.033618376962840556,0.012091434095054865,0.0,0.19054489880800246,-0.1721511699259281,-0.17057061195373535
1310,30.6875,-0.16809171438217163,-0.034441820438951255,0.029481464996933937,0.0,0.1864578552544117,-0.17469001039862633,-0.16809171438217163
1320,30.21875,-0.18826298415660858,-0.036592194065451625,0.023205997236073018,0.0,0.1889231026172638,-0.17404291331768035,-0.18826298415660858
1330,27.90625,-0.2180108278989792,-0.04373054811730981,0.017772888857871295,0.0,0.1896030768752098,-0.17783159017562866,-0.2180108278989792
1340,32.46875,-0.15723392367362976,-0.02985533494502306,0.014395605493336915,0.0,0.18779369071125984,-0.1666534923017025,-0.15723392367362976
1350,26.59375,-0.1912354975938797,-0.03867729296907783,0.022544189542531966,0.0,0.18730366379022598,-0.17515991628170013,-0.1912354975938797
1360,29.90625,-0.15863889455795288,-0.04060894763097167,0.015365460515022277,0.0,0.188662276417017,-0.17082186937332153,-0.15863889455795288
1370,35.0,-0.1729065179824829,-0.03683457002043724,0.01866881866008043,0.0,0.18789170160889626,-0.17506997883319855,-0.1729065179824829
1380,34.25,-0.20449906587600708,-0.04193405266851187,0.021581242419779302,0.0,0.1867946796119213,-0.18156614080071448,-0.20449906587600708
1390,24.65625,-0.18952879309654236,-0.043052887357771394,0.020666446536779404,0.0,0.18666567653417587,-0.18177425116300583,-0.18952879309654236
1400,28.0,-0.18777528405189514,-0.041122605092823505,0.022856497019529343,0.0,0.1862051397562027,-0.18387237563729286,-0.18777528405189514
1410,30.59375,-0.20414209365844727,-0.0416036413051188,0.022456948272883893,0.0,0.18861840888857842,-0.18362007960677146,-0.20414209365844727
1420,28.75,-0.16408661007881165,-0.04295203825458884,0.0174209950491786,0.0,0.1910158634185791,-0.17791465520858765,-0.16408661007881165
1430,32.40625,-0.17085838317871094,-0.036928050220012665,0.010929784923791885,0.0,0.19122188463807105,-0.1804074116051197,-0.17085838317871094
1440,30.71875,-0.17917606234550476,-0.04027170240879059,0.018993756733834743,0.0,0.1957947537302971,-0.17982594817876815,-0.17917606234550476
1450,30.15625,-0.17395560443401337,-0.03411145191639662,0.01619323920458555,0.0,0.19524149000644683,-0.17653608173131943,-0.17395560443401337
1460,29.1875,-0.2117118388414383,-0.04079684596508741,0.021915558166801928,0.0,0.19334464371204377,-0.1850944899022579,-0.2117118388414383
1470,31.25,-0.15958231687545776,-0.03516702875494957,0.01632154332473874,0.0,0.19506276845932008,-0.17661180570721627,-0.15958231687545776
1480,26.15625,-0.19680601358413696,-0.040189136005938056,0.017291120253503323,0.0,0.1939252346754074,-0.18398761972784997,-0.19680601358413696
1490,30.6875,-0.1835249811410904,-0.04238975439220667,0.015142515394836664,0.0,0.19342396259307862,-0.17806364372372627,-0.1835249811410904
1500,29.15625,-0.16437411308288574,-0.038375320937484504,0.012002721894532442,0.0,0.1932656094431877,-0.17604973465204238,-0.16437411308288574
1510,37.15625,-0.1963808834552765,-0.0396456066519022,0.025224237330257894,0.0,0.19213152825832366,-0.17662036195397376,-0.1963808834552765
1520,30.03125,-0.18948349356651306,-0.038010007701814175,0.018154965341091157,0.0,0.19020644053816796,-0.18113810196518898,-0.18948349356651306
1530,26.75,-0.18022143840789795,-0.04022126523777843,0.029431074857711792,0.0,0.19091183170676232,-0.18417289704084397,-0.18022143840789795
1540,38.28125,-0.18211022019386292,-0.03767555821686983,0.0165039224550128,0.0,0.19188109338283538,-0.1791679359972477,-0.18211022019386292
1550,35.8125,-0.17077341675758362,-0.03756812624633312,0.02058838224038482,0.0,0.19141446575522422,-0.17829385325312613,-0.17077341675758362
1560,31.65625,-0.1959381252527237,-0.04116292875260115,0.011083523649722338,0.0,0.19334578290581703,-0.17692439407110214,-0.1959381252527237
1570,28.5,-0.16728684306144714,-0.04464284721761942,0.016419302485883237,0.0,0.1934404991567135,-0.17653460875153543,-0.16728684306144714
1580,36.71875,-0.17109230160713196,-0.0407614691182971,0.014730984158813954,0.0,0.19362458810210229,-0.17328380569815635,-0.17109230160713196
1590,38.28125,-0.1536918580532074,-0.03517898097634316,0.01054738312959671,0.0,0.19964441880583764,-0.1764254428446293,-0.1536918580532074
1600,32.78125,-0.1626736968755722,-0.041700404509902,0.016415323317050933,0.0,0.19998438581824302,-0.178214680403471,-0.1626736968755722
1610,29.28125,-0.17538636922836304,-0.04442194188013673,0.022728817723691463,0.0,0.2032611958682537,-0.16857135482132435,-0.17538636922836304
1620,24.75,-0.17901335656642914,-0.03906172588467598,0.024377511441707612,0.0,0.20253130048513412,-0.1664484329521656,-0.17901335656642914
1630,26.59375,-0.17745909094810486,-0.040762029215693475,0.018902050983160733,0.0,0.20025063529610634,-0.1713511288166046,-0.17745909094810486
1640,33.1875,-0.20069198310375214,-0.03983820751309395,0.019904363714158536,0.0,0.19790686294436455,-0.1726088047027588,-0.20069198310375214
1650,34.0625,-0.20198583602905273,-0.03921714145690203,0.020579052716493608,0.0,0.19784018024802208,-0.1818216010928154,-0.20198583602905273
1660,24.6875,-0.19198158383369446,-0.041688188724219796,0.023940708301961423,0.0,0.19752000868320466,-0.17222089618444442,-0.19198158383369446
1670,35.15625,-0.18841058015823364,-0.03879995197057724,0.014497251994907857,0.0,0.19721763134002684,-0.16853342279791833,-0.18841058015823364
1680,32.65625,-0.17280469834804535,-0.03935948582366109,0.021874880790710448,0.0,0.19663135334849358,-0.17344297617673873,-0.17280469834804535
1690,24.8125,-0.1836153268814087,-0.04306417037732899,0.02204310167580843,0.0,0.19729296267032623,-0.18110717162489892,-0.1836153268814087
1700,29.3125,-0.19430434703826904,-0.03698070459067822,0.04471517782658339,0.0,0.19690330773591996,-0.1747519075870514,-0.19430434703826904
1710,31.53125,-0.1949189156293869,-0.0404431015253067,0.01397574059665203,0.0,0.19913492426276208,-0.17392472326755523,-0.1949189156293869
1720,33.125,-0.1752663254737854,-0.042860543634742496,0.018439686857163906,0.0,0.1982754185795784,-0.1641486592590809,-0.1752663254737854
1730,28.15625,-0.19608739018440247,-0.03814082033932209,0.02532994858920574,0.0,0.20073450207710267,-0.17035908326506616,-0.19608739018440247
1740,28.1875,-0.17621520161628723,-0.04254595935344696,0.02075156308710575,0.0,0.1983785443007946,-0.17920556887984276,-0.17621520161628723
1750,35.09375,-0.2019740641117096,-0.0397986264899373,0.02214732822030783,0.0,0.20103420838713645,-0.17260890379548072,-0.2019740641117096
1760,30.40625,-0.17364893853664398,-0.03778564129024744,0.012683219742029905,0.0,0.19855261445045472,-0.17259000837802888,-0.17364893853664398
1770,34.1875,-0.18766094744205475,-0.03864397592842579,0.014144037012010812,0.0,0.19730408266186714,-0.1704864978790283,-0.18766094744205475
1780,37.125,-0.18494009971618652,-0.039552683010697365,0.01431108321994543,0.0,0.19743193536996842,-0.17564604058861732,-0.18494009971618652
1790,34.25,-0.18692483007907867,-0.0321635898668319,0.025999729335308076,0.0,0.19911186024546623,-0.17903802096843718,-0.18692483007907867
1800,32.65625,-0.18349920213222504,-0.039085741713643075,0.017791246715933084,0.0,0.1981337457895279,-0.17689002379775048,-0.18349920213222504
1810,36.9375,-0.159242644906044,-0.03951161541044712,0.014000746421515942,0.0,0.1991349756717682,-0.17590167745947838,-0.159242644906044
1820,32.375,-0.18397676944732666,-0.04146275110542774,0.025687299389392137,0.0,0.19842244908213616,-0.17778051942586898,-0.18397676944732666
1830,35.3125,-0.18805024027824402,-0.03432369437068701,0.016412826348096134,0.0,0.19692620411515235,-0.18273102939128877,-0.18805024027824402
1840,34.8125,-0.17450329661369324,-0.03614433212205768,0.015294220857322216,0.0,0.1977577805519104,-0.1786153294146061,-0.17450329661369324
1850,33.78125,-0.15676039457321167,-0.037995700538158414,0.01833694279193878,0.0,0.19694614708423613,-0.18292670398950578,-0.15676039457321167
1860,33.25,-0.21414640545845032,-0.04434046922251582,0.029319402389228345,0.0,0.19863745644688607,-0.18742933124303818,-0.21414640545845032
1870,47.0,-0.16618771851062775,-0.036526283249258995,0.012022690009325742,0.0,0.19912092089653016,-0.1769476756453514,-0.16618771851062775
1880,35.96875,-0.1874966323375702,-0.04780672378838062,0.027127003856003286,0.0,0.19942614883184434,-0.18157350942492484,-0.1874966323375702
1890,25.65625,-0.17453324794769287,-0.039768744818866254,0.020267583895474672,0.0,0.20193905681371688,-0.18498576134443284,-0.17453324794769287
1900,38.9375,-0.14842937886714935,-0.038963586837053296,0.02983258794993162,0.0,0.20355044230818747,-0.16918840110301972,-0.14842937886714935
1910,37.40625,-0.13841436803340912,-0.040462952479720114,0.014038173109292984,0.0,0.20328448563814164,-0.17780007123947145,-0.13841436803340912
1920,34.4375,-0.182717427611351,-0.04694234821945429,0.020267502032220365,0.0,0.20208997577428817,-0.17906920053064823,-0.182717427611351
1930,41.875,-0.1749877631664276,-0.04031887911260128,0.015397123713046312,0.0,0.20187198966741562,-0.17464392632246017,-0.1749877631664276
1940,35.59375,-0.21249915659427643,-0.04385936381295323,0.01942967511713505,0.0,0.20210085138678552,-0.18312626481056213,-0.21249915659427643
1950,33.625,-0.16854698956012726,-0.04041350483894348,0.017506536189466716,0.0,0.1991707779467106,-0.18172576725482942,-0.16854698956012726
1960,32.15625,-0.20714707672595978,-0.045143948215991256,0.024784237146377563,0.0,0.2023622587323189,-0.17944590151309966,-0.20714707672595978
1970,32.96875,-0.18633824586868286,-0.04169257935136557,0.02628097217530012,0.0,0.20300131142139435,-0.1818426802754402,-0.18633824586868286
1980,43.0,-0.157888725399971,-0.046016324684023856,0.01736427899450064,0.0,0.20577139556407928,-0.1695636071264744,-0.157888725399971
1990,25.125,-0.19170409440994263,-0.04324210528284311,0.026370208151638506,0.0,0.20764228105545043,-0.19308387041091918,-0.19170409440994263
2000,39.59375,-0.17766059935092926,-0.04186293724924326,0.015130420681089163,0.0,0.207442719489336,-0.17897908464074136,-0.17766059935092926
2010,33.53125,-0.17568396031856537,-0.041946272179484365,0.011778644006699323,0.0,0.20676491409540176,-0.18204790502786636,-0.17568396031856537
2020,34.8125,-0.1973891407251358,-0.04300457220524549,0.01563329789787531,0.0,0.2117174208164215,-0.1713200978934765,-0.1973891407251358
2030,31.8125,-0.1688331961631775,-0.042877958016470076,0.023781928420066833,0.0,0.21281128972768784,-0.1777581162750721,-0.1688331961631775
2040,32.5,-0.20832374691963196,-0.04445748478174209,0.02542239800095558,0.0,0.20830335170030595,-0.18201008141040803,-0.20832374691963196
2050,34.65625,-0.1795017123222351,-0.04365352913737297,0.013883099239319564,0.0,0.20733533576130866,-0.1751290239393711,-0.1795017123222351
2060,32.6875,-0.17220892012119293,-0.04411837458610535,0.021900511346757412,0.0,0.2078464813530445,-0.17882956489920615,-0.17220892012119293
2070,33.78125,-0.14697210490703583,-0.03963228687644005,0.014807748142629862,0.0,0.20680221766233445,-0.17976119816303254,-0.14697210490703583
2080,35.09375,-0.1928633451461792,-0.04194154720753431,0.021820375137031077,0.0,0.21008261367678643,-0.17815034985542297,-0.1928633451461792
2090,36.71875,-0.1411232054233551,-0.04000079557299614,0.014165802393108606,0.0,0.20799575969576836,-0.17937665656208993,-0.1411232054233551
2100,34.125,-0.18074512481689453,-0.04001916628330946,0.021193675696849823,0.0,0.21174820587038995,-0.18203061297535897,-0.18074512481689453
2110,35.71875,-0.1740943193435669,-0.04628372453153133,0.029356345906853674,0.0,0.21532164737582207,-0.17380222231149672,-0.1740943193435669
2120,30.625,-0.17345167696475983,-0.03878522710874677,0.015448678471148013,0.0,0.21457420736551286,-0.17532166317105294,-0.17345167696475983
2130,45.625,-0.15465834736824036,-0.043145752511918545,0.014164723642170429,0.0,0.21631250604987146,-0.17104876041412354,-0.15465834736824036
2140,38.03125,-0.20042596757411957,-0.0404176427051425,0.029476608894765378,0.0,0.21954252198338509,-0.17317806854844092,-0.20042596757411957
2150,42.34375,-0.2017524689435959,-0.04237098675221205,0.022444688156247138,0.0,0.2207024097442627,-0.1615967944264412,-0.2017524689435959
2160,42.625,-0.15145057439804077,-0.04274034332484007,0.020936636626720427,0.0,0.22199496254324913,-0.16079535633325576,-0.15145057439804077
2170,45.125,-0.15149134397506714,-0.03963538911193609,0.02252938160672784,0.0,0.22275256142020225,-0.16306308954954146,-0.15149134397506714
2180,45.5,-0.14702320098876953,-0.03877521753311157,0.02114194631576538,0.0,0.22293182462453842,-0.15285636112093925,-0.14702320098876953
2190,34.875,-0.16312620043754578,-0.03932537287473679,0.047859176248312,0.0,0.2228524662554264,-0.16045063287019729,-0.16312620043754578
2200,41.65625,-0.14472459256649017,-0.0440658088773489,0.0178300142288208,0.0,0.22211312353610993,-0.1586765568703413,-0.14472459256649017
2210,34.71875,-0.1802169382572174,-0.040455421432852745,0.02835101690143347,0.0,0.222663277387619,-0.1600140281021595,-0.1802169382572174
2220,26.03125,-0.17590685188770294,-0.04783451408147812,0.042857561632990836,0.0,0.21912522837519646,-0.1586787100881338,-0.17590685188770294
2230,46.28125,-0.14095479249954224,-0.03995271306484938,0.02682691104710102,0.0,0.2125415489077568,-0.15938398167490958,-0.14095479249954224
2240,39.21875,-0.12482013553380966,-0.04119470976293087,0.0169653476215899,0.0,0.216666379570961,-0.15895581990480423,-0.12482013553380966
2250,52.21875,-0.16190767288208008,-0.042542444355785844,0.023776853829622267,0.0,0.2217847540974617,-0.1563014157116413,-0.16190767288208008
2260,50.28125,-0.130308136343956,-0.04363427544012666,0.013914339151233435,0.0,0.22524789199233056,-0.1484778132289648,-0.130308136343956
2270,41.8125,-0.1308588683605194,-0.03724734466522932,0.02423249911516905,0.0,0.22825977131724356,-0.15529638826847075,-0.1308588683605194
2280,50.0,-0.14607226848602295,-0.04234677664935589,0.02287789825350046,0.0,0.2274685986340046,-0.14920112863183022,-0.14607226848602295
2290,49.0625,-0.1818694770336151,-0.040044988691806796,0.04883229713886976,0.0,0.22762510925531387,-0.1545907761901617,-0.1818694770336151
2300,37.46875,-0.16890576481819153,-0.03592892326414585,0.028380831331014635,0.0,0.2251972772181034,-0.1589981235563755,-0.16890576481819153
2310,35.5625,-0.14724408090114594,-0.041771169379353525,0.04423286505043507,0.0,0.22234732434153556,-0.1616758279502392,-0.14724408090114594
2320,38.84375,-0.1483284831047058,-0.044496814347803594,0.02617291044443846,0.0,0.22469842359423636,-0.16212517395615578,-0.1483284831047058
2330,37.65625,-0.1614711582660675,-0.04400791842490435,0.023475132882595062,0.0,0.22430608049035072,-0.15343265123665334,-0.1614711582660675
2340,41.59375,-0.1598578691482544,-0.03822299800813198,0.051120280474424365,0.0,0.2241321824491024,-0.15656390711665152,-0.1598578691482544
2350,40.1875,-0.16038723289966583,-0.043193035386502744,0.02022743206471205,0.0,0.22518310844898223,-0.16287494972348213,-0.16038723289966583
2360,43.3125,-0.15159520506858826,-0.04014088753610849,0.01936934981495142,0.0,0.2279304139316082,-0.15558382570743562,-0.15159520506858826
2370,41.0,-0.13246069848537445,-0.03715941645205021,0.0165964525192976,0.0,0.22729432508349418,-0.16020939350128174,-0.13246069848537445
2380,39.0625,-0.1384488344192505,-0.04435510635375976,0.012117222975939512,0.0,0.22851691916584968,-0.1495604995638132,-0.1384488344192505
2390,36.15625,-0.18635287880897522,-0.04648570585995913,0.05455712080001831,0.0,0.2337733179330826,-0.15465439409017562,-0.18635287880897522
2400,46.46875,-0.11034470796585083,-0.039667523372918366,0.007911153929308056,0.0,0.23792028576135635,-0.14183718338608742,-0.11034470796585083
2410,37.0,-0.15124265849590302,-0.04062085635960102,0.02838671263307333,0.0,0.2341946542263031,-0.15113797783851624,-0.15124265849590302
2420,33.125,-0.18434563279151917,-0.04202834721654654,0.026019167527556418,0.0,0.233594311773777,-0.15979500114917755,-0.18434563279151917
2430,39.96875,-0.13998985290527344,-0.040433979220688344,0.028110223449766637,0.0,0.2326734997332096,-0.15145499780774116,-0.13998985290527344
2440,49.75,-0.17499709129333496,-0.04381272941827774,0.02515140753239393,0.0,0.23660834953188897,-0.1477085243910551,-0.17499709129333496
2450,41.21875,-0.14772598445415497,-0.041996432654559615,0.01943264016881585,0.0,0.2391966313123703,-0.14810595959424971,-0.14772598445415497
2460,51.03125,-0.13132967054843903,-0.042018741834908724,0.018083164002746344,0.0,0.2344248428940773,-0.14822271950542926,-0.13132967054843903
2470,38.71875,-0.14144781231880188,-0.045405603013932705,0.023969352804124357,0.0,0.23689801320433618,-0.1529750034213066,-0.14144781231880188
2480,43.0625,-0.14484186470508575,-0.04388646492734551,0.01558982189744711,0.0,0.2392050988972187,-0.14579819180071354,-0.14484186470508575
2490,40.28125,-0.1369004249572754,-0.0414682338014245,0.015728366933763026,0.0,0.2379648432135582,-0.14328329898416997,-0.1369004249572754
2500,38.0,-0.14174383878707886,-0.04249283596873284,0.019164662528783082,0.0,0.2411705143749714,-0.14673410579562188,-0.14174383878707886
2510,34.53125,-0.16869711875915527,-0.04424174455925822,0.02737124413251877,0.0,0.2449410654604435,-0.14554691463708877,-0.16869711875915527
2520,42.0625,-0.14976537227630615,-0.048731809668242934,0.019905158877372743,0.0,0.2427852675318718,-0.14324809461832047,-0.14976537227630615
2530,42.03125,-0.1662125289440155,-0.04512563571333885,0.025126236863434313,0.0,0.24340846240520478,-0.14061617888510228,-0.1662125289440155
2540,44.71875,-0.1548769772052765,-0.040693710744380954,0.024126012437045576,0.0,0.24547718614339828,-0.14790816232562065,-0.1548769772052765
2550,41.8125,-0.10931691527366638,-0.03648887556046247,0.007929895259439945,0.0,0.24810689315199852,-0.13858824856579305,-0.10931691527366638
2560,37.78125,-0.12851087749004364,-0.04440786764025688,0.03190668113529682,0.0,0.24542152956128122,-0.13675432913005353,-0.12851087749004364
2570,52.1875,-0.118911512196064,-0.04015799406915903,0.015183825045824051,0.0,0.2493349201977253,-0.13691483177244662,-0.118911512196064
2580,49.09375,-0.13729099929332733,-0.037990877963602544,0.014773573912680148,0.0,0.24729666113853455,-0.14615748189389705,-0.13729099929332733
2590,53.40625,-0.13942858576774597,-0.04092663060873747,0.016782471816986798,0.0,0.25033358559012414,-0.13034930564463137,-0.13942858576774597
2600,45.15625,-0.13687928020954132,-0.04108003880828619,0.020431615877896547,0.0,0.24961321130394937,-0.13262463733553886,-0.13687928020954132
2610,46.0,-0.1409565657377243,-0.0441138781607151,0.024542823247611523,0.0,0.24722015261650085,-0.12986451238393784,-0.1409565657377243
2620,51.3125,-0.15511420369148254,-0.04201522786170244,0.0155276944860816,0.0,0.25094407722353934,-0.13446445465087892,-0.15511420369148254
2630,40.65625,-0.14384834468364716,-0.04110490195453167,0.017026793770492078,0.0,0.2504239626228809,-0.13649239391088486,-0.14384834468364716
2640,50.28125,-0.14106395840644836,-0.04355940753594041,0.016468397807329893,0.0,0.2499477371573448,-0.13680769577622415,-0.14106395840644836
2650,50.78125,-0.12103008478879929,-0.041822015680372714,0.013867777027189731,0.0,0.25141637250781057,-0.13918572440743446,-0.12103008478879929
2660,51.75,-0.11883321404457092,-0.03982027322053909,0.021017047576606274,0.0,0.2512649767100811,-0.13133809342980385,-0.11883321404457092
2670,52.09375,-0.14964807033538818,-0.047009328845888376,0.00972025766968727,0.0,0.2514843814074993,-0.13289636820554734,-0.14964807033538818
2680,61.21875,-0.15646448731422424,-0.04772670343518257,0.016684935335069893,0.0,0.2546752251684666,-0.13196619525551795,-0.15646448731422424
2690,63.9375,-0.11598731577396393,-0.04401641730219126,0.014332071412354708,0.0,0.24852534905076026,-0.1360797930508852,-0.11598731577396393
2700,51.15625,-0.15182402729988098,-0.04691451657563448,0.025255929678678513,0.0,0.251659893989563,-0.133221223577857,-0.15182402729988098
2710,39.3125,-0.13165462017059326,-0.04437099322676659,0.018347999639809133,0.0,0.2545651368796825,-0.13898611404001712,-0.13165462017059326
2720,78.09375,-0.1128002405166626,-0.03753477921709418,0.012995324190706014,0.0,0.26014881432056425,-0.11977575086057186,-0.1128002405166626
2730,63.59375,-0.13175751268863678,-0.04117359658703208,0.014569967612624168,0.0,0.2593035452067852,-0.11929798536002637,-0.13175751268863678
2740,57.6875,-0.1303388476371765,-0.04366966318339109,0.009387710085138678,0.0,0.25573540329933164,-0.13776118196547033,-0.1303388476371765
2750,50.375,-0.14359086751937866,-0.038447462720796466,0.028353209234774114,0.0,0.2510309837758541,-0.14118457585573196,-0.14359086751937866
2760,53.5,-0.139617919921875,-0.039071571500971916,0.009044968616217374,0.0,0.24977555572986604,-0.1433997791260481,-0.139617919921875
2770,56.40625,-0.11571820080280304,-0.040088617336004974,0.00680724922567606,0.0,0.2514899931848049,-0.1421645350754261,-0.11571820080280304
2780,56.46875,-0.10083794593811035,-0.04254143154248595,0.01660015359520912,0.0,0.25673584192991256,-0.12974243834614754,-0.10083794593811035
2790,83.03125,-0.1017465740442276,-0.036639397777616975,0.009505732171237468,0.0,0.2569638669490814,-0.11746035926043988,-0.1017465740442276
2800,84.71875,-0.13616544008255005,-0.04321319498121738,0.020397324673831464,0.0,0.25324742719531057,-0.1160752683877945,-0.13616544008255005
2810,80.96875,-0.09708130359649658,-0.04377712327986956,0.022600121144205332,0.0,0.2554516837000847,-0.11886762380599976,-0.09708130359649658
2820,97.78125,-0.10523907095193863,-0.03845381811261177,0.019251892901957036,0.0,0.2542383573949337,-0.1282773446291685,-0.10523907095193863
2830,71.53125,-0.136725515127182,-0.04132500709965825,0.017765370197594166,0.0,0.25471432954072953,-0.1234525240957737,-0.136725515127182
2840,75.25,-0.13316209614276886,-0.04086444471031427,0.021483900025486946,0.0,0.2543552227318287,-0.12150393836200238,-0.13316209614276886
2850,67.875,-0.1052299439907074,-0.03820264097303152,0.025074630789458752,0.0,0.2536062940955162,-0.12448759861290455,-0.1052299439907074
2860,65.0,-0.10587067902088165,-0.03424130212515593,0.01045229211449623,0.0,0.2552365556359291,-0.12764619886875153,-0.10587067902088165
2870,95.8125,-0.10246767103672028,-0.036494843382388356,0.011480816081166268,0.0,0.2532751329243183,-0.12261718846857547,-0.10246767103672028
2880,75.21875,-0.11592496186494827,-0.036664678156375884,0.016422307305037975,0.0,0.2584020897746086,-0.11882721595466136,-0.11592496186494827
2890,69.84375,-0.1268540322780609,-0.03996832687407732,0.014353802520781755,0.0,0.256557983905077,-0.12942625842988492,-0.1268540322780609
2900,65.53125,-0.13459008932113647,-0.04306421037763357,0.017793266847729684,0.0,0.2582280345261097,-0.12363541722297669,-0.13459008932113647
2910,68.15625,-0.14274835586547852,-0.043090722803026435,0.019640101958066224,0.0,0.25498944595456124,-0.125093874335289,-0.14274835586547852
2920,83.125,-0.13119404017925262,-0.0417077636346221,0.012699600961059331,0.0,0.254727278649807,-0.12961559258401395,-0.13119404017925262
2930,66.125,-0.13055673241615295,-0.03911871109157801,0.0172665030695498,0.0,0.25403582230210303,-0.12839194834232331,-0.13055673241615295
2940,87.6875,-0.13350901007652283,-0.04880185704678297,0.016099251993000507,0.0,0.2518618479371071,-0.1205610129982233,-0.13350901007652283
2950,70.25,-0.1306391954421997,-0.03815145380795002,0.015556950494647026,0.0,0.25448072105646136,-0.12251834832131862,-0.1306391954421997
2960,64.5,-0.12151739001274109,-0.041918597742915155,0.012980042397975922,0.0,0.2515459217131138,-0.13248224109411239,-0.12151739001274109
2970,90.0625,-0.11215877532958984,-0.04074541926383972,0.01853459421545267,0.0,0.25679962038993837,-0.12177683599293232,-0.11215877532958984
2980,95.28125,-0.11527477949857712,-0.041077487356960776,0.011928671039640903,0.0,0.25476003140211106,-0.11690951399505138,-0.11527477949857712
2990,111.03125,-0.10690142214298248,-0.038980495743453504,0.014213588275015353,0.0,0.2588979937136173,-0.10925022028386593,-0.10690142214298248
3000,111.78125,-0.101385697722435,-0.040084649622440335,0.010675284825265408,0.0,0.2560554683208466,-0.11153743304312229,-0.101385697722435
3010,64.71875,-0.12266542762517929,-0.041521494090557096,0.02226349739357829,0.0,0.2527750447392464,-0.12287569008767604,-0.12266542762517929
3020,77.5625,-0.14631998538970947,-0.048863420635461806,0.023374458588659764,0.0,0.25336518213152887,-0.1365924883633852,-0.14631998538970947
3030,98.78125,-0.11421743780374527,-0.040694781206548215,0.014802035316824913,0.0,0.25300452560186387,-0.12248698621988297,-0.11421743780374527
3040,116.8125,-0.1169566959142685,-0.03454803489148617,0.00939586665481329,0.0,0.2503982111811638,-0.11760585270822048,-0.1169566959142685
3050,61.625,-0.1543935090303421,-0.043288692086935046,0.023212450090795755,0.0,0.25129124596714975,-0.1320261124521494,-0.1543935090303421
3060,85.65625,-0.136280819773674,-0.043923608213663104,0.022803939506411554,0.0,0.25094911754131316,-0.13038992881774902,-0.136280819773674
3070,118.84375,-0.13702258467674255,-0.046470459271222356,0.014745281357318164,0.0,0.25399534702301024,-0.11664466336369514,-0.13702258467674255
3080,119.375,-0.11665228009223938,-0.041824248945340516,0.010785061493515968,0.0,0.25495618507266044,-0.12255194000899791,-0.11665228009223938
3090,105.8125,-0.1402374804019928,-0.03670950848609209,0.06139623206108809,0.0,0.2545550651848316,-0.11368308588862419,-0.1402374804019928
3100,65.9375,-0.15472280979156494,-0.03903612149879336,0.02779681421816349,0.0,0.2488374449312687,-0.13026661835610867,-0.15472280979156494
3110,114.40625,-0.12860774993896484,-0.03915296234190464,0.020706273429095746,0.0,0.25413247644901277,-0.11815446019172668,-0.12860774993896484
3120,98.53125,-0.10988705605268478,-0.04004220170900226,0.01731008365750313,0.0,0.2535175755620003,-0.12489196881651879,-0.10988705605268478
3130,89.1875,-0.13814625144004822,-0.04317084327340126,0.013290227763354779,0.0,0.2572523958981037,-0.1184306763112545,-0.13814625144004822
3140,111.46875,-0.1255158931016922,-0.040636364743113516,0.020300449803471565,0.0,0.2561645954847336,-0.11153898909687995,-0.1255158931016922
3150,135.625,-0.09649276733398438,-0.03848617747426033,0.021799110993742942,0.0,0.2565206252038479,-0.11053314618766308,-0.09649276733398438
3160,98.3125,-0.10876043140888214,-0.037217038404196504,0.03502126485109329,0.0,0.25577679499983785,-0.12399845384061337,-0.10876043140888214
3170,110.3125,-0.1039121076464653,-0.03941237814724445,0.011465918552130461,0.0,0.2574542462825775,-0.11717419363558293,-0.1039121076464653
3180,117.625,-0.11723102629184723,-0.04148532934486866,0.012492121290415525,0.0,0.2558638095855713,-0.11922135427594185,-0.11723102629184723
3190,126.53125,-0.11862114071846008,-0.043638217356055976,0.01096986923366785,0.0,0.25660175532102586,-0.11116036362946033,-0.11862114071846008
3200,95.71875,-0.12049362063407898,-0.03251371830701828,0.06192465461790562,0.0,0.2570459507405758,-0.11610318087041378,-0.12049362063407898
3210,155.375,-0.11538434028625488,-0.04176952596753836,0.02148671802133322,0.0,0.25546748489141463,-0.11278568655252456,-0.11538434028625488
3220,96.0625,-0.1169387549161911,-0.03669559415429831,0.018006043508648872,0.0,0.2554548688232899,-0.12357977032661438,-0.1169387549161911
3230,104.4375,-0.10943897068500519,-0.03624308463186025,0.015547879319638015,0.0,0.256961789727211,-0.12220435366034507,-0.10943897068500519
3240,147.53125,-0.10958732664585114,-0.03903985610231757,0.013677983544766903,0.0,0.25778914913535117,-0.10964762717485428,-0.10958732664585114
3250,99.15625,-0.12136442959308624,-0.039337191917002204,0.037954949960112574,0.0,0.25238471329212187,-0.1274067558348179,-0.12136442959308624
3260,97.625,-0.13946355879306793,-0.03974405489861965,0.02397437412291765,0.0,0.2502385273575783,-0.13450735583901405,-0.13946355879306793
3270,108.34375,-0.1496356725692749,-0.045709093753248456,0.03455702010542154,0.0,0.24995790645480156,-0.12787289395928383,-0.1496356725692749
3280,74.0625,-0.15225595235824585,-0.045318995416164395,0.028195648081600667,0.0,0.2506253570318222,-0.13755711019039155,-0.15225595235824585
3290,73.21875,-0.11825881153345108,-0.04249843079596758,0.019091174472123384,0.0,0.2528396897017956,-0.13454864770174027,-0.11825881153345108
3300,104.625,-0.10157879441976547,-0.03510945811867714,0.017025346960872413,0.0,0.25490706861019136,-0.12659577131271363,-0.10157879441976547
3310,116.5,-0.12460944056510925,-0.036749704368412496,0.029968038946390153,0.0,0.2527273416519165,-0.11969831362366676,-0.12460944056510925
3320,127.875,-0.1109287291765213,-0.03956436943262816,0.029130545817315577,0.0,0.2527882605791092,-0.11800032183527946,-0.1109287291765213
3330,147.0,-0.11776381731033325,-0.037951964698731896,0.013529152795672416,0.0,0.2523570962250233,-0.11536561697721481,-0.11776381731033325
3340,71.71875,-0.14629539847373962,-0.03498482089489698,0.06780711375176907,0.0,0.25354204401373864,-0.13359565027058123,-0.14629539847373962
3350,108.0625,-0.13361182808876038,-0.04110792502760887,0.021888925414532422,0.0,0.2538829453289509,-0.12180443555116653,-0.13361182808876038
3360,158.125,-0.10790051519870758,-0.03280496560037136,0.017453389521688224,0.0,0.2525095820426941,-0.11593174412846566,-0.10790051519870758
3370,141.5625,-0.11821615695953369,-0.04044425692409277,0.02297995425760746,0.0,0.2525720976293087,-0.11883536539971828,-0.11821615695953369
3380,133.46875,-0.12540902197360992,-0.03900932352989912,0.05152828767895699,0.0,0.24928596019744872,-0.11455604434013367,-0.12540902197360992
3390,135.1875,-0.12388648092746735,-0.041209224984049796,0.020523315854370595,0.0,0.2530081905424595,-0.11501744315028191,-0.12388648092746735
3400,147.65625,-0.10951536148786545,-0.0371197042055428,0.017590780556201936,0.0,0.2565383866429329,-0.1135888535529375,-0.10951536148786545
3410,128.8125,-0.12853018939495087,-0.039853784069418904,0.02750934977084398,0.0,0.25820375308394433,-0.11392373703420162,-0.12853018939495087
3420,132.28125,-0.1339857280254364,-0.04146467503160238,0.04168079420924187,0.0,0.25710637494921684,-0.116328214854002,-0.1339857280254364
3430,81.28125,-0.13955798745155334,-0.043734758626669645,0.02768480163067579,0.0,0.2537125080823898,-0.13104794397950173,-0.13955798745155334
3440,130.6875,-0.11661428958177567,-0.04149269238114357,0.029581316001713275,0.0,0.2543129354715347,-0.12289195768535137,-0.11661428958177567
3450,138.53125,-0.10661223530769348,-0.031888471357524394,0.028128805570304394,0.0,0.2536872573196888,-0.11458720676600934,-0.10661223530769348
3460,112.4375,-0.12730160355567932,-0.04705772344022989,0.018753903172910213,0.0,0.25538148581981657,-0.12002670131623745,-0.12730160355567932
3470,98.03125,-0.13283810019493103,-0.03911284245550632,0.03323122076690197,0.0,0.25457923784852027,-0.1307200573384762,-0.13283810019493103
3480,97.0625,-0.15253475308418274,-0.04550659023225308,0.031272939220070836,0.0,0.24985952004790307,-0.13656397983431817,-0.15253475308418274
3490,88.875,-0.1285521686077118,-0.0375714598223567,0.030750203132629394,0.0,0.24906045794487,-0.14018217697739602,-0.1285521686077118
3500,77.6875,-0.12865722179412842,-0.03260727506130934,0.040012188628315924,0.0,0.24662961289286614,-0.1330790650099516,-0.12865722179412842
3510,109.125,-0.12901747226715088,-0.04005627017468214,0.047552188485860826,0.0,0.24618838503956794,-0.13397397994995117,-0.12901747226715088
3520,86.4375,-0.12240524590015411,-0.040533446706831455,0.04483944103121758,0.0,0.24557267874479294,-0.1348661810159683,-0.12240524590015411
3530,103.1875,-0.15393047034740448,-0.041439628694206476,0.01731173610314727,0.0,0.24962946102023126,-0.14414434731006623,-0.15393047034740448
3540,107.875,-0.13155454397201538,-0.043497552443295714,0.00781908887438476,0.0,0.24360430911183356,-0.14128054529428483,-0.13155454397201538
3550,110.84375,-0.13739916682243347,-0.043687507323920724,0.02187456116080284,0.0,0.24891165122389794,-0.13454793505370616,-0.13739916682243347
3560,77.09375,-0.15545392036437988,-0.0501827584579587,0.02179348124191165,0.0,0.24457245096564292,-0.1508668877184391,-0.15545392036437988
3570,90.21875,-0.12905463576316833,-0.044618030358105895,0.014372203778475524,0.0,0.24484798908233643,-0.140714555606246,-0.12905463576316833
3580,108.1875,-0.14291459321975708,-0.03840845096856356,0.032984414137899876,0.0,0.246161500364542,-0.13645914234220982,-0.14291459321975708
3590,107.9375,-0.12327121943235397,-0.036894865613430736,0.013984343968331814,0.0,0.24721276238560677,-0.13322329968214036,-0.12327121943235397
3600,108.9375,-0.12284531444311142,-0.04219899233430624,0.012978109531104565,0.0,0.25060727894306184,-0.12613156214356422,-0.12284531444311142
3610,96.1875,-0.1318937987089157,-0.040929895080626014,0.019263840932399034,0.0,0.25452750250697137,-0.1316019106656313,-0.1318937987089157
3620,106.4375,-0.13171997666358948,-0.039508445840328935,0.027286081202328206,0.0,0.25197834745049474,-0.12842188030481339,-0.13171997666358948
3630,96.84375,-0.1518394649028778,-0.046363507583737376,0.02193006258457899,0.0,0.24935832992196083,-0.13287769593298435,-0.1518394649028778
3640,98.8125,-0.12138962745666504,-0.043497680500149724,0.014711822383105755,0.0,0.25201761797070504,-0.1281305506825447,-0.12138962745666504
3650,139.65625,-0.12289176136255264,-0.035809699445962906,0.010264057945460082,0.0,0.2524790421128273,-0.12270201668143273,-0.12289176136255264
3660,128.375,-0.11583199352025986,-0.03006903100758791,0.06342367306351662,0.0,0.2512282781302929,-0.12233026139438152,-0.11583199352025986
3670,117.0,-0.11799241602420807,-0.03958539329469204,0.02270052917301655,0.0,0.2515435166656971,-0.12890401631593704,-0.11799241602420807
3680,108.40625,-0.12958627939224243,-0.04334208983927965,0.02784303892403841,0.0,0.2515426822006702,-0.1315213765949011,-0.12958627939224243
3690,137.53125,-0.1264115869998932,-0.04025417473167181,0.011300795525312424,0.0,0.25255928188562393,-0.12597180679440498,-0.1264115869998932
3700,116.96875,-0.12528303265571594,-0.03750163782387972,0.06355486735701561,0.0,0.24902296513319017,-0.12737528011202812,-0.12528303265571594
3710,93.0,-0.11460074037313461,-0.04336793944239616,0.019554937072098256,0.0,0.2514946453273296,-0.12632914893329145,-0.11460074037313461
3720,105.28125,-0.13800343871116638,-0.04431801307946444,0.04134625103324652,0.0,0.24750773012638091,-0.1405386783182621,-0.13800343871116638
3730,82.28125,-0.11790747940540314,-0.041747933998703954,0.02461321484297514,0.0,0.2485296569764614,-0.1362313486635685,-0.11790747940540314
3740,133.25,-0.1097121313214302,-0.04149571526795626,0.014619500935077667,0.0,0.2540401317179203,-0.12298335619270802,-0.1097121313214302
3750,119.65625,-0.14441624283790588,-0.0450521663762629,0.03181582149118185,0.0,0.25133425295352935,-0.13086883686482906,-0.14441624283790588
3760,110.875,-0.14629873633384705,-0.044615001790225504,0.023608787544071676,0.0,0.2500224135816097,-0.13483772464096547,-0.14629873633384705
3770,95.0625,-0.14120158553123474,-0.039685501530766484,0.06904533579945564,0.0,0.24857253283262254,-0.13472643569111825,-0.14120158553123474
3780,96.40625,-0.13283893465995789,-0.04474580939859152,0.04185078199952841,0.0,0.2444203957915306,-0.13070108070969583,-0.13283893465995789
3790,81.53125,-0.14469154179096222,-0.03627657610923052,0.04366862513124943,0.0,0.2440376691520214,-0.150700706243515,-0.14469154179096222
3800,71.0625,-0.18217211961746216,-0.043620070349425076,0.021073257457464932,0.0,0.2450607441365719,-0.17242377921938895,-0.18217211961746216
3810,79.28125,-0.13495856523513794,-0.049200985580682755,0.023969603702425957,0.0,0.24729083552956582,-0.14245571680366992,-0.13495856523513794
3820,70.1875,-0.13710448145866394,-0.047046204842627046,0.01625570924952626,0.0,0.24750400558114052,-0.1467248011380434,-0.13710448145866394
3830,79.65625,-0.1581384539604187,-0.041048930026590824,0.03071199730038643,0.0,0.24935670793056489,-0.15465814657509327,-0.1581384539604187
3840,101.75,-0.14882785081863403,-0.0430183008313179,0.026511484757065773,0.0,0.24960311725735665,-0.15982863306999207,-0.14882785081863403
3850,126.25,-0.13939446210861206,-0.039905740320682524,0.0322679890319705,0.0,0.24401985928416253,-0.14590218737721444,-0.13939446210861206
3860,79.1875,-0.14953413605690002,-0.042338506504893306,0.023719233460724354,0.0,0.2434604436159134,-0.15544457584619523,-0.14953413605690002
3870,96.5,-0.11934234946966171,-0.04819568023085594,0.017260393779724836,0.0,0.24583561196923256,-0.14606953077018262,-0.11934234946966171
3880,72.875,-0.19394490122795105,-0.053679249808192255,0.03126189615577459,0.0,0.2440943770110607,-0.15932671539485455,-0.19394490122795105
3890,59.6875,-0.1517224907875061,-0.033049355074763295,0.09820296205580234,0.0,0.24283162727952004,-0.15864563286304473,-0.1517224907875061
3900,84.40625,-0.1278710663318634,-0.04267757926136255,0.017761628329753875,0.0,0.24700802937150002,-0.15510119274258613,-0.1278710663318634
3910,68.03125,-0.16397599875926971,-0.045642773155122995,0.04122008997946978,0.0,0.24809345230460167,-0.13408535569906235,-0.16397599875926971
3920,64.5,-0.14729806780815125,-0.04542591832578182,0.027247869037091733,0.0,0.24628835916519165,-0.14921283908188343,-0.14729806780815125
3930,97.59375,-0.14441117644309998,-0.04497899785637856,0.023100107721984387,0.0,0.2432706117630005,-0.14779856204986572,-0.14441117644309998
3940,63.71875,-0.18140853941440582,-0.048779348563402894,0.0219561155885458,0.0,0.2477349065244198,-0.15029280930757521,-0.18140853941440582
3950,61.6875,-0.19494609534740448,-0.033127669245004654,0.06762865260243416,0.0,0.24801402390003205,-0.1596653565764427,-0.19494609534740448
3960,72.875,-0.1574850231409073,-0.04678886476904154,0.016733848210424184,0.0,0.24905236735939978,-0.1659904293715954,-0.1574850231409073
3970,86.71875,-0.14001108705997467,-0.04724674802273512,0.01575021306052804,0.0,0.2504990197718143,-0.14840476885437964,-0.14001108705997467
3980,109.0,-0.14735117554664612,-0.041773985140025616,0.01803606590256095,0.0,0.24900301471352576,-0.141809918358922,-0.14735117554664612
3990,102.96875,-0.13254952430725098,-0.04410382611677051,0.02893467154353857,0.0,0.2502817265689373,-0.14286558963358403,-0.13254952430725098
4000,162.71875,-0.12611445784568787,-0.04377727415412665,0.023327765986323357,0.0,0.24963932037353515,-0.12258961796760559,-0.12611445784568787
4010,84.96875,-0.15161371231079102,-0.0462580238468945,0.034181293845176694,0.0,0.25362633019685743,-0.12631892114877702,-0.15161371231079102
4020,83.5625,-0.13905900716781616,-0.04514371240511537,0.03258768357336521,0.0,0.25372856110334396,-0.15675838440656661,-0.13905900716781616
4030,173.9375,-0.09425339847803116,-0.03661655727773905,0.05050306655466556,0.0,0.2563463106751442,-0.10378177613019943,-0.09425339847803116
4040,106.9375,-0.13700251281261444,-0.04214356252923608,0.022521282732486724,0.0,0.25906011164188386,-0.1238575279712677,-0.13700251281261444
4050,138.84375,-0.1490747481584549,-0.04383275024592877,0.025323158502578734,0.0,0.2597771525382996,-0.13675675876438617,-0.1490747481584549
4060,83.46875,-0.13855460286140442,-0.03909172397106886,0.04887879230082035,0.0,0.258357372879982,-0.14215257950127125,-0.13855460286140442
4070,162.96875,-0.09734074026346207,-0.04393430147320032,0.01139165535569191,0.0,0.2614436842501163,-0.10635448470711709,-0.09734074026346207
4080,89.65625,-0.1674313247203827,-0.0477658798918128,0.05286072231829166,0.0,0.2569399580359459,-0.1273717112839222,-0.1674313247203827
4090,111.96875,-0.16608926653862,-0.043066860362887385,0.031248796731233597,0.0,0.2580137483775616,-0.1433005690574646,-0.16608926653862
4100,112.46875,-0.14731153845787048,-0.04837495516985655,0.02224207725375891,0.0,0.2555552773177624,-0.14443569034337997,-0.14731153845787048
4110,95.5625,-0.13362069427967072,-0.04339448157697916,0.034342337399721146,0.0,0.26053319573402406,-0.13780562095344068,-0.13362069427967072
4120,153.1875,-0.12020774930715561,-0.0382119569927454,0.015768931340426208,0.0,0.26474523097276687,-0.11805378943681717,-0.12020774930715561
4130,111.5625,-0.12769031524658203,-0.04655723050236702,0.03474324867129326,0.0,0.26229318231344223,-0.12622806206345558,-0.12769031524658203
4140,95.1875,-0.1195654645562172,-0.04693648181855679,0.0227341222576797,0.0,0.2649917408823967,-0.12896991968154908,-0.1195654645562172
4150,173.03125,-0.11088256537914276,-0.035144710727035997,0.03219765173271298,0.0,0.26577694714069366,-0.1135038673877716,-0.11088256537914276
4160,136.3125,-0.11254008114337921,-0.0385385868139565,0.02138593588024378,0.0,0.26565746068954466,-0.10905808843672275,-0.11254008114337921
4170,135.75,-0.12081214040517807,-0.04181036315858364,0.020592878852039576,0.0,0.26219251453876496,-0.13004068955779075,-0.12081214040517807
4180,142.78125,-0.11308201402425766,-0.04274459136649966,0.023979225754737855,0.0,0.26293847188353536,-0.10722760781645775,-0.11308201402425766
4190,132.0,-0.12003880739212036,-0.03896030653268099,0.016328695230185986,0.0,0.2591115415096283,-0.1162952408194542,-0.12003880739212036
4200,184.90625,-0.13050518929958344,-0.04298256635665894,0.03300510179251433,0.0,0.25885662212967875,-0.12015438191592694,-0.13050518929958344
4210,107.6875,-0.1361357569694519,-0.040311661548912525,0.039919668436050416,0.0,0.2568266071379185,-0.12824485562741755,-0.1361357569694519
4220,154.09375,-0.12659555673599243,-0.04533519884571433,0.03135911654680967,0.0,0.25862437561154367,-0.12358025312423707,-0.12659555673599243
4230,128.0,-0.15086765587329865,-0.04073260929435492,0.046313973143696785,0.0,0.26124954894185065,-0.12672838121652602,-0.15086765587329865
4240,114.53125,-0.1379745751619339,-0.04522683685645461,0.037043983303010466,0.0,0.26169902086257935,-0.13271350376307964,-0.1379745751619339
4250,128.71875,-0.12151894718408585,-0.037860735598951575,0.022903343103826045,0.0,0.262172295153141,-0.12553649246692658,-0.12151894718408585
4260,127.78125,-0.14369232952594757,-0.04498164383694529,0.03136307168751955,0.0,0.26172622516751287,-0.12382456585764885,-0.14369232952594757
4270,130.03125,-0.10602281242609024,-0.04148479728028178,0.029896600916981698,0.0,0.2620646610856056,-0.1129839275032282,-0.10602281242609024
4280,157.09375,-0.1161561906337738,-0.043360558338463306,0.02185069676488638,0.0,0.2623326689004898,-0.12275113128125667,-0.1161561906337738
4290,85.75,-0.1583932489156723,-0.05529002379626036,0.032005656696856025,0.0,0.2612504228949547,-0.1341394528746605,-0.1583932489156723
4300,109.28125,-0.13069432973861694,-0.04465339332818985,0.011768738646060229,0.0,0.2594749882817268,-0.13127827495336533,-0.13069432973861694
4310,144.4375,-0.12249450385570526,-0.03534445334225893,0.044272395223379134,0.0,0.26083637326955794,-0.12275092080235481,-0.12249450385570526
4320,105.25,-0.1257001757621765,-0.04420586340129375,0.02368902750313282,0.0,0.26181028187274935,-0.1281245119869709,-0.1257001757621765
4330,123.90625,-0.11845393478870392,-0.03785792738199234,0.01600544173270464,0.0,0.2625853829085827,-0.13236838392913342,-0.11845393478870392
4340,128.375,-0.144788920879364,-0.04666184913367033,0.03630759529769421,0.0,0.2656081676483154,-0.12830788679420949,-0.144788920879364
4350,98.5625,-0.122733935713768,-0.045679192431271075,0.02100719828158617,0.0,0.2655189782381058,-0.13037788011133672,-0.122733935713768
4360,197.34375,-0.11582919955253601,-0.03673856109380722,0.03628710955381394,0.0,0.25871115624904634,-0.11711455769836902,-0.11582919955253601
4370,134.09375,-0.1332247406244278,-0.04537375457584858,0.0380458377301693,0.0,0.26221954375505446,-0.12286203689873218,-0.1332247406244278
4380,117.9375,-0.1265924572944641,-0.046030877623707056,0.031314140744507314,0.0,0.25925462394952775,-0.12485001198947429,-0.1265924572944641
4390,128.1875,-0.1337210088968277,-0.04406932340934873,0.020965339988470076,0.0,0.25886057913303373,-0.1289018701761961,-0.1337210088968277
4400,113.625,-0.1338944137096405,-0.0549348646774888,0.03114606663584709,0.0,0.25726262405514716,-0.13073758520185946,-0.1338944137096405
4410,117.9375,-0.13028061389923096,-0.04757178667932749,0.0424593411386013,0.0,0.26117479875683786,-0.12356253936886788,-0.13028061389923096
4420,129.125,-0.11736541241407394,-0.0496473073028028,0.026464382000267506,0.0,0.26481717452406883,-0.12415919564664364,-0.11736541241407394
4430,90.65625,-0.11455199122428894,-0.045211277157068255,0.0250987502746284,0.0,0.26737586706876754,-0.12400677390396594,-0.11455199122428894
4440,159.46875,-0.11206595599651337,-0.04058428797870874,0.029600796476006507,0.0,0.2679455116391182,-0.11237228959798813,-0.11206595599651337
4450,103.78125,-0.14611771702766418,-0.04252111352980137,0.03657295536249876,0.0,0.2660624787211418,-0.12518319375813008,-0.14611771702766418
4460,62.875,-0.16484689712524414,-0.04546194886788726,0.03596484586596489,0.0,0.25434900969266894,-0.15935950130224227,-0.16484689712524414
4470,80.3125,-0.13767778873443604,-0.0458794791251421,0.04219036512076855,0.0,0.24929932057857512,-0.17715849503874778,-0.13767778873443604
4480,101.6875,-0.13262784481048584,-0.048524769488722086,0.03013893309980631,0.0,0.24994573891162872,-0.1469314146786928,-0.13262784481048584
4490,138.34375,-0.1250731647014618,-0.04363686293363571,0.02462633028626442,0.0,0.2638919174671173,-0.11887318752706051,-0.1250731647014618
4500,118.0625,-0.15356269478797913,-0.04266055300831795,0.02553063938394189,0.0,0.2633577764034271,-0.12785629332065582,-0.15356269478797913
4510,118.21875,-0.11959082633256912,-0.04239619392901659,0.027826670743525028,0.0,0.2607474818825722,-0.13037706911563873,-0.11959082633256912
4520,144.34375,-0.12625756859779358,-0.03991719055920839,0.04644621293991804,0.0,0.2673610523343086,-0.11834705211222171,-0.12625756859779358
4530,128.96875,-0.12867765128612518,-0.04560570670291782,0.015945542976260184,0.0,0.26320466473698617,-0.12554349713027477,-0.12867765128612518
4540,97.25,-0.1502435803413391,-0.04777063997462392,0.05050195418298244,0.0,0.26127167493104936,-0.139879135414958,-0.1502435803413391
4550,68.96875,-0.13302579522132874,-0.04714980497956276,0.027320496737957,0.0,0.25410383716225626,-0.16198917999863624,-0.13302579522132874
4560,94.875,-0.18058492243289948,-0.05366375707089901,0.015292070433497429,0.0,0.25369157642126083,-0.16263056173920631,-0.18058492243289948
4570,93.90625,-0.1477460116147995,-0.049512368999421595,0.023968681506812573,0.0,0.2517006270587444,-0.15655271783471109,-0.1477460116147995
4580,106.125,-0.1314985305070877,-0.04450670368969441,0.01921578627079725,0.0,0.2554387576878071,-0.14120435193181038,-0.1314985305070877
4590,131.90625,-0.1313842386007309,-0.04267491502687335,0.01980779655277729,0.0,0.26254660338163377,-0.13420072011649609,-0.1313842386007309
4600,158.0,-0.10263904929161072,-0.04599788133054972,0.04558524284511804,0.0,0.2649098187685013,-0.12264524847269058,-0.10263904929161072
4610,163.4375,-0.11086594313383102,-0.03793093310669064,0.04697836600244045,0.0,0.269011364877224,-0.11005737408995628,-0.11086594313383102
4620,118.5625,-0.18865327537059784,-0.04469112334772944,0.03914172574877739,0.0,0.2518538758158684,-0.1544207077473402,-0.18865327537059784
4630,84.0625,-0.18380561470985413,-0.04683011649176479,0.03231881707906723,0.0,0.24250006601214408,-0.18513798713684082,-0.18380561470985413
4640,131.59375,-0.12336624413728714,-0.04687361624091864,0.024862734787166118,0.0,0.24792829230427743,-0.1466039702296257,-0.12336624413728714
4650,144.53125,-0.10529711842536926,-0.03926081964746118,0.015924967266619204,0.0,0.2605884239077568,-0.11630426235496998,-0.10529711842536926
4660,116.34375,-0.1361086517572403,-0.049340829253196716,0.02465364057570696,0.0,0.2699938163161278,-0.12337491922080517,-0.1361086517572403
4670,116.0,-0.12286172807216644,-0.0418562613427639,0.03799156304448843,0.0,0.27256018817424776,-0.12421313226222992,-0.12286172807216644
4680,160.875,-0.11138024926185608,-0.03958568200469017,0.017549626901745795,0.0,0.2726603329181671,-0.11751946099102498,-0.11138024926185608
4690,144.3125,-0.1314377784729004,-0.04181003104895353,0.06335605271160602,0.0,0.26882401257753374,-0.11510632149875163,-0.1314377784729004
4700,90.1875,-0.13351404666900635,-0.04645773507654667,0.02070561209693551,0.0,0.26207874342799187,-0.14885659366846085,-0.13351404666900635
4710,144.46875,-0.12282302975654602,-0.04694262184202671,0.01591035323217511,0.0,0.26408495008945465,-0.12556116320192814,-0.12282302975654602
4720,135.3125,-0.11794151365756989,-0.04141204608604312,0.014005363918840885,0.0,0.2720544785261154,-0.10895800665020942,-0.11794151365756989
4730,142.53125,-0.11702601611614227,-0.040394674986600876,0.07804723381996155,0.0,0.27645534873008726,-0.11430266797542572,-0.11702601611614227
4740,149.875,-0.10381186753511429,-0.035574952233582736,0.03628171905875206,0.0,0.27185178697109225,-0.11863121613860131,-0.10381186753511429
4750,110.25,-0.1233520656824112,-0.05065109059214592,0.03408380392938852,0.0,0.27431773394346237,-0.10904642753303051,-0.1233520656824112
4760,111.34375,-0.16484253108501434,-0.04868543762713671,0.026720873452723025,0.0,0.27267479002475736,-0.12453104108572007,-0.16484253108501434
4770,99.03125,-0.1592026799917221,-0.04108296157792211,0.033678189665079114,0.0,0.26588485538959505,-0.1400473855435848,-0.1592026799917221
4780,105.28125,-0.167263925075531,-0.05014708833768964,0.018373168632388116,0.0,0.2661451265215874,-0.1605205275118351,-0.167263925075531
4790,133.40625,-0.10574492812156677,-0.04096735380589962,0.016321222018450498,0.0,0.2676413461565971,-0.11936168037354947,-0.10574492812156677
4800,153.6875,-0.11282876133918762,-0.037962240912020204,0.01433627912774682,0.0,0.26938420683145525,-0.11242935620248318,-0.11282876133918762
4810,121.0,-0.13575522601604462,-0.04650878570973873,0.02068928014487028,0.0,0.27084252387285235,-0.12119961865246295,-0.13575522601604462
4820,142.75,-0.1381993144750595,-0.04665971621870994,0.02748842164874077,0.0,0.2722991555929184,-0.12155103795230389,-0.1381993144750595
4830,142.78125,-0.12799611687660217,-0.0469981481321156,0.04561289511620999,0.0,0.27148516178131105,-0.11513947024941444,-0.12799611687660217
4840,116.21875,-0.12549778819084167,-0.04834720380604267,0.029778589867055415,0.0,0.27068714052438736,-0.11719895638525486,-0.12549778819084167
4850,74.5625,-0.20568785071372986,-0.05470555555075407,0.047301505133509635,0.0,0.2644883289933205,-0.155011273548007,-0.20568785071372986
4860,90.84375,-0.14389564096927643,-0.04019887316972017,0.023419025540351867,0.0,0.2578622229397297,-0.1598825015127659,-0.14389564096927643
4870,139.0,-0.13885687291622162,-0.04608171414583921,0.019008986093103884,0.0,0.2584278203547001,-0.14336116164922713,-0.13885687291622162
4880,155.375,-0.1210356205701828,-0.04437074363231659,0.017752066254615784,0.0,0.26073126345872877,-0.12431870251893998,-0.1210356205701828
4890,146.125,-0.12779678404331207,-0.043696278054267165,0.017512301728129388,0.0,0.26904361993074416,-0.12600987441837788,-0.12779678404331207
4900,131.25,-0.13792702555656433,-0.045670090802013875,0.022888525389134884,0.0,0.2729280322790146,-0.12414745762944221,-0.13792702555656433
4910,154.21875,-0.14625176787376404,-0.042218313366174695,0.023860163614153863,0.0,0.27097553610801695,-0.13776450492441655,-0.14625176787376404
4920,103.59375,-0.1232944056391716,-0.05295506902039051,0.029322508350014688,0.0,0.2676228180527687,-0.129709829390049,-0.1232944056391716
4930,153.125,-0.12010731548070908,-0.04242267496883869,0.034334568120539186,0.0,0.2755488231778145,-0.10879438742995262,-0.12010731548070908
4940,109.90625,-0.14967161417007446,-0.04136412050575018,0.04396985098719597,0.0,0.27178694009780885,-0.11992167308926582,-0.14967161417007446
4950,126.65625,-0.1193138062953949,-0.037712627369910476,0.01933850096538663,0.0,0.2720842406153679,-0.1322977405041456,-0.1193138062953949
4960,106.4375,-0.14326104521751404,-0.04512795154005289,0.023208508267998695,0.0,0.27052937597036364,-0.14756662845611573,-0.14326104521751404
4970,122.34375,-0.10494472086429596,-0.03658695127815008,0.01630100840702653,0.0,0.26780529469251635,-0.12926519215106963,-0.10494472086429596
4980,161.125,-0.11938323080539703,-0.047375588305294515,0.025402209162712096,0.0,0.27376324832439425,-0.11349021531641483,-0.11938323080539703
4990,114.28125,-0.11270968616008759,-0.046478546038269994,0.013268125243484974,0.0,0.26978276669979095,-0.12341520674526692,-0.11270968616008759
5000,138.3125,-0.12553396821022034,-0.0482919679954648,0.024094156548380853,0.0,0.26850006729364395,-0.13130125291645528,-0.12553396821022034
5010,136.0,-0.12395969778299332,-0.048764132987707855,0.038475448824465276,0.0,0.266701428592205,-0.12201646715402603,-0.12395969778299332
5020,93.09375,-0.14838147163391113,-0.04770052433013916,0.023281800933182238,0.0,0.26673302203416827,-0.1339490931481123,-0.14838147163391113
5030,80.875,-0.14086438715457916,-0.04405532237142325,0.024382992833852767,0.0,0.2660425052046776,-0.14323998168110846,-0.14086438715457916
5040,142.4375,-0.13284850120544434,-0.04667966477572918,0.01472483305260539,0.0,0.2655175566673279,-0.13211305886507035,-0.13284850120544434
5050,105.875,-0.15930470824241638,-0.048927006870508195,0.026141901314258576,0.0,0.27191191613674165,-0.13668141961097718,-0.15930470824241638
5060,106.5,-0.11773580312728882,-0.03768566474318504,0.022408374305814504,0.0,0.2720100298523903,-0.12845488376915454,-0.11773580312728882
5070,204.25,-0.11386550962924957,-0.03952120877802372,0.0158982889726758,0.0,0.27557224929332735,-0.11350429318845272,-0.11386550962924957
5080,126.84375,-0.13461622595787048,-0.049263788014650346,0.04891725108027458,0.0,0.27205930948257445,-0.11712264977395534,-0.13461622595787048
5090,139.9375,-0.1383776217699051,-0.040902534034103155,0.03038840666413307,0.0,0.278292179107666,-0.12911845929920673,-0.1383776217699051
5100,108.0,-0.12069070339202881,-0.04601749461144209,0.04407982267439366,0.0,0.27023227214813234,-0.1289721392095089,-0.12069070339202881
5110,120.375,-0.12178120017051697,-0.04472090983763337,0.034164101257920264,0.0,0.2693090528249741,-0.1318388730287552,-0.12178120017051697
5120,90.9375,-0.1348213255405426,-0.045643757842481134,0.04060728996992111,0.0,0.2702076718211174,-0.13196794427931308,-0.1348213255405426
5130,138.28125,-0.10033369064331055,-0.03869762439280748,0.01036337884142995,0.0,0.26887684017419816,-0.12812385186553002,-0.10033369064331055
5140,158.3125,-0.10084309428930283,-0.03788348315283656,0.018159035127609968,0.0,0.2722215369343758,-0.11154220551252365,-0.10084309428930283
5150,115.5,-0.12703588604927063,-0.04685846250504255,0.021300348453223705,0.0,0.27580512762069703,-0.11714071780443192,-0.12703588604927063
5160,139.40625,-0.12117690593004227,-0.04645366203039884,0.033852475322782995,0.0,0.2768343299627304,-0.11637595817446708,-0.12117690593004227
5170,111.65625,-0.1452999711036682,-0.04745313888415694,0.022326155938208102,0.0,0.2706713378429413,-0.14435610882937908,-0.1452999711036682
5180,161.25,-0.10333035886287689,-0.04513909537345171,0.024304800294339658,0.0,0.267166805267334,-0.1209556732326746,-0.10333035886287689
5190,116.90625,-0.10519009828567505,-0.03862921930849552,0.02844567745923996,0.0,0.2676296055316925,-0.11995124705135822,-0.10519009828567505
5200,83.5,-0.16744311153888702,-0.04418034590780735,0.04003576748073101,0.0,0.27377168387174605,-0.13547173514962196,-0.16744311153888702
5210,145.28125,-0.12789109349250793,-0.04300165502354503,0.021810660883784295,0.0,0.2711298868060112,-0.12540627419948577,-0.12789109349250793
5220,172.40625,-0.11580242216587067,-0.04343396462500095,0.046819917485117914,0.0,0.27435027360916137,-0.11354385949671268,-0.11580242216587067
5230,99.46875,-0.1355050653219223,-0.049576788349077104,0.05543415509164333,0.0,0.2728968173265457,-0.1120227850973606,-0.1355050653219223
5240,79.125,-0.1616557091474533,-0.05196197647601366,0.05317382141947746,0.0,0.26873020380735396,-0.14825766645371913,-0.1616557091474533
5250,100.53125,-0.19168224930763245,-0.050555643253028394,0.03555395547300577,0.0,0.2602177783846855,-0.16746961772441865,-0.19168224930763245
5260,90.34375,-0.14177587628364563,-0.04104187972843647,0.02157386504113674,0.0,0.25627585127949715,-0.16448094174265862,-0.14177587628364563
5270,180.34375,-0.1017623245716095,-0.04188727848231792,0.008640862256288528,0.0,0.26544725745916364,-0.11397597305476666,-0.1017623245716095
5280,150.96875,-0.11615440994501114,-0.03966815005987882,0.026599464006721973,0.0,0.27361640334129333,-0.11275297850370407,-0.11615440994501114
5290,121.34375,-0.14231255650520325,-0.04223315436393023,0.03739110603928566,0.0,0.2742705255746841,-0.13328136056661605,-0.14231255650520325
5300,149.9375,-0.13198921084403992,-0.04871922638267279,0.02258617728948593,0.0,0.26799275875091555,-0.14059929102659224,-0.13198921084403992
5310,98.5,-0.10051994025707245,-0.04757724646478891,0.09783033728599548,0.0,0.2706683248281479,-0.1151646226644516,-0.10051994025707245
5320,60.65625,-0.1541910469532013,-0.047010761499404904,0.031168382801115512,0.0,0.26582895293831826,-0.14738397300243378,-0.1541910469532013
5330,78.25,-0.15223555266857147,-0.045171895623207094,0.019103378616273405,0.0,0.26135246753692626,-0.16577501296997071,-0.15223555266857147
5340,80.59375,-0.13068988919258118,-0.04440672751516104,0.02561964690685272,0.0,0.2656364798545837,-0.15631205663084985,-0.13068988919258118
5350,108.28125,-0.14517763257026672,-0.04789509605616331,0.02454907223582268,0.0,0.27100094258785246,-0.12751114331185817,-0.14517763257026672
5360,144.21875,-0.1119283139705658,-0.0379719253629446,0.01703708814457059,0.0,0.27268787622451784,-0.11538743376731872,-0.1119283139705658
5370,159.84375,-0.10517531633377075,-0.0415806844830513,0.07470140941441059,0.0,0.2792288914322853,-0.11003385782241822,-0.10517531633377075
5380,94.71875,-0.14781354367733002,-0.04891250766813755,0.05397989340126515,0.0,0.2770259067416191,-0.1147599145770073,-0.14781354367733002
5390,97.84375,-0.14388057589530945,-0.050945371948182584,0.02714908719062805,0.0,0.2706630155444145,-0.14626230522990227,-0.14388057589530945
5400,113.125,-0.14239387214183807,-0.05048488099128008,0.03388608489185572,0.0,0.27033950239419935,-0.13452262356877326,-0.14239387214183807
5410,124.3125,-0.1096816435456276,-0.03784753102809191,0.0074206416495144365,0.0,0.2755610287189484,-0.1214290827512741,-0.1096816435456276
5420,152.46875,-0.11252262443304062,-0.04197014328092337,0.04167749732732773,0.0,0.2779678225517273,-0.1133081816136837,-0.11252262443304062
5430,128.71875,-0.12089221179485321,-0.04196166470646858,0.03970793914049864,0.0,0.2788833752274513,-0.1200654674321413,-0.12089221179485321
5440,176.09375,-0.09371668100357056,-0.04128571338951588,0.04178966209292412,0.0,0.2812786608934402,-0.09982188642024994,-0.09371668100357056
5450,90.1875,-0.1276412159204483,-0.04708985118195415,0.07066484279930592,0.0,0.2805717408657074,-0.11932791359722614,-0.1276412159204483
5460,94.78125,-0.16176894307136536,-0.049418863654136655,0.04111072495579719,0.0,0.2684999868273735,-0.15710893273353577,-0.16176894307136536
5470,116.71875,-0.1303890198469162,-0.049769613426178694,0.025689779594540597,0.0,0.26543458849191665,-0.15744154676795005,-0.1303890198469162
5480,136.21875,-0.10829800367355347,-0.045231156330555675,0.011528088804334402,0.0,0.26860984563827517,-0.1353962317109108,-0.10829800367355347
5490,167.28125,-0.10119703412055969,-0.035057150013744834,0.007566866930574179,0.0,0.27416150867938993,-0.10485002659261226,-0.10119703412055969
5500,139.375,-0.11297599226236343,-0.048846242018043995,0.023062245361506938,0.0,0.27764969021081926,-0.11535578444600106,-0.11297599226236343
5510,128.1875,-0.13696350157260895,-0.04802676867693663,0.04661838859319687,0.0,0.27719721347093584,-0.11879435554146767,-0.13696350157260895
5520,92.90625,-0.13178125023841858,-0.03899709265679121,0.06138226389884949,0.0,0.2745850205421448,-0.12827431373298168,-0.13178125023841858
5530,121.75,-0.10520011186599731,-0.04473034478724003,0.06383303552865982,0.0,0.2716797560453415,-0.12084134109318256,-0.10520011186599731
5540,163.03125,-0.11724109947681427,-0.03992286706343293,0.029773364961147308,0.0,0.2708857297897339,-0.12024900801479817,-0.11724109947681427
5550,163.625,-0.10021340101957321,-0.031998335383832455,0.027938312757760285,0.0,0.2760057747364044,-0.10714112482964992,-0.10021340101957321
5560,132.0,-0.12574218213558197,-0.04656768077984452,0.04358563981950283,0.0,0.282060344517231,-0.11665573380887509,-0.12574218213558197
5570,119.28125,-0.11927609890699387,-0.04236043896526098,0.026284705847501755,0.0,0.2834585502743721,-0.11852822192013264,-0.11927609890699387
5580,106.78125,-0.1739470660686493,-0.049345802050083876,0.04545652084052563,0.0,0.2816585794091225,-0.1417805753648281,-0.1739470660686493
5590,68.21875,-0.15176790952682495,-0.04889006298035383,0.05215233527123928,0.0,0.26963851004838946,-0.17606996074318887,-0.15176790952682495
5600,77.21875,-0.17714259028434753,-0.05061642704531551,0.03017063271254301,0.0,0.26108515784144404,-0.1666332095861435,-0.17714259028434753
5610,108.65625,-0.10878846049308777,-0.05103993136435747,0.011910826060920953,0.0,0.2625064492225647,-0.14556787349283695,-0.10878846049308777
5620,161.96875,-0.09420032799243927,-0.04002630962058902,0.016041503101587296,0.0,0.2743328124284744,-0.10013813376426697,-0.09420032799243927
5630,120.46875,-0.12442794442176819,-0.04428687999024987,0.03614428006112576,0.0,0.2827822521328926,-0.10310877636075019,-0.12442794442176819
5640,154.8125,-0.12623412907123566,-0.04624064266681671,0.07009692750871181,0.0,0.2795302137732506,-0.1234142865985632,-0.12623412907123566
5650,84.4375,-0.13142193853855133,-0.04592547044157982,0.05008288454264402,0.0,0.282076732814312,-0.12811099104583262,-0.13142193853855133
5660,95.3125,-0.16647303104400635,-0.0498617060482502,0.06418453566730023,0.0,0.27733374387025833,-0.12937742061913013,-0.16647303104400635
5670,75.96875,-0.14227020740509033,-0.05119884517043829,0.03676752932369709,0.0,0.2724922686815262,-0.13527124412357808,-0.14227020740509033
5680,68.96875,-0.132369264960289,-0.05196308679878712,0.043602558225393294,0.0,0.27214438617229464,-0.14426095709204673,-0.132369264960289
5690,104.1875,-0.13724541664123535,-0.05083674173802137,0.018898180220276117,0.0,0.27085954397916795,-0.13837737403810024,-0.13724541664123535
5700,163.75,-0.11400727927684784,-0.03873859439045191,0.014846157934516668,0.0,0.27785896211862565,-0.109498405829072,-0.11400727927684784
5710,150.28125,-0.10681317746639252,-0.03276389474049211,0.02171645974740386,0.0,0.27996007800102235,-0.11321993432939052,-0.10681317746639252
5720,164.53125,-0.10362327098846436,-0.038697835290804505,0.1654939942061901,0.0,0.28167035430669785,-0.11137454845011234,-0.10362327098846436
5730,83.25,-0.14946651458740234,-0.04680917151272297,0.08379652574658394,0.0,0.2793254226446152,-0.13166703581809996,-0.14946651458740234
5740,98.5625,-0.16675570607185364,-0.04612221149727702,0.07690936960279941,0.0,0.27069198042154313,-0.17671964690089226,-0.16675570607185364
5750,136.9375,-0.14381170272827148,-0.0449464064091444,0.03979920595884323,0.0,0.2648855492472649,-0.15958711728453637,-0.14381170272827148
5760,135.625,-0.0986674576997757,-0.04515375737100839,0.020896929409354927,0.0,0.27137485444545745,-0.12203904241323471,-0.0986674576997757
5770,153.625,-0.09951773285865784,-0.050078615359961984,0.03000027108937502,0.0,0.27943540662527083,-0.09147624224424362,-0.09951773285865784
5780,117.4375,-0.1167578399181366,-0.05229681544005871,0.0827072411775589,0.0,0.28260371685028074,-0.10823581852018833,-0.1167578399181366
5790,79.09375,-0.1714828461408615,-0.05759298671036959,0.035776634514331815,0.0,0.2811331644654274,-0.12910412065684795,-0.1714828461408615
5800,99.0,-0.13020646572113037,-0.04478891137987375,0.034059249050915244,0.0,0.27414890080690385,-0.13393103033304216,-0.13020646572113037
5810,128.46875,-0.1407354772090912,-0.040815208666026594,0.062263545021414755,0.0,0.2729560509324074,-0.12779754251241685,-0.1407354772090912
5820,116.375,-0.11284777522087097,-0.04673594953492284,0.02318837810307741,0.0,0.2707536444067955,-0.13241781741380693,-0.11284777522087097
5830,118.125,-0.1395031213760376,-0.04335419405251741,0.06617595534771681,0.0,0.27488492280244825,-0.12836700156331063,-0.1395031213760376
5840,144.46875,-0.11796831339597702,-0.04272899329662323,0.07615461312234402,0.0,0.2775655597448349,-0.11129720136523247,-0.11796831339597702
5850,132.15625,-0.1439812183380127,-0.04510001353919506,0.04028335008770227,0.0,0.27590286135673525,-0.12337718382477761,-0.1439812183380127
5860,108.46875,-0.14399802684783936,-0.04735927227884531,0.13143711611628534,0.0,0.27922035604715345,-0.13541743010282517,-0.14399802684783936
5870,95.375,-0.13741052150726318,-0.05627080574631691,0.03115860279649496,0.0,0.2744481012225151,-0.14551545456051826,-0.13741052150726318
5880,89.5625,-0.12307728826999664,-0.04164922796189785,0.06910582408308982,0.0,0.2706268310546875,-0.15409279949963092,-0.12307728826999664
5890,123.84375,-0.11217010021209717,-0.04820076311007142,0.03214637376368046,0.0,0.27216037958860395,-0.12194151356816292,-0.11217010021209717
5900,99.46875,-0.12329765409231186,-0.04667079839855433,0.059703736752271655,0.0,0.27138052582740785,-0.12443331293761731,-0.12329765409231186
5910,82.65625,-0.15186983346939087,-0.050586387794464824,0.0352958332747221,0.0,0.27528604567050935,-0.1363367848098278,-0.15186983346939087
5920,139.65625,-0.12362825870513916,-0.039330282155424355,0.025818265974521637,0.0,0.27306815087795255,-0.13222104161977768,-0.12362825870513916
5930,148.75,-0.12589561939239502,-0.03447135500609875,0.045943785645067695,0.0,0.27222791463136675,-0.12140346281230449,-0.12589561939239502
5940,142.65625,-0.1103941798210144,-0.04793925927951932,0.059070753678679463,0.0,0.272271865606308,-0.11757529713213444,-0.1103941798210144
5950,97.5,-0.12861062586307526,-0.04547237083315849,0.06044735014438629,0.0,0.2711081251502037,-0.12797690890729427,-0.12861062586307526
5960,67.5,-0.15877708792686462,-0.03952374942600727,0.04301843494176864,0.0,0.2706565707921982,-0.15389931797981263,-0.15877708792686462
5970,89.40625,-0.1605273187160492,-0.05355142569169402,0.027370022796094417,0.0,0.2668465137481689,-0.15552952513098717,-0.1605273187160492
5980,126.5625,-0.13990098237991333,-0.03821896836161613,0.018105649016797544,0.0,0.2718503579497337,-0.1338956981897354,-0.13990098237991333
5990,133.0625,-0.12674137949943542,-0.04459990430623293,0.020870992727577687,0.0,0.27581968903541565,-0.11435612961649895,-0.12674137949943542
6000,152.875,-0.11565659940242767,-0.03270608521997929,0.04947866499423981,0.0,0.2791360467672348,-0.11922370307147503,-0.11565659940242767
6010,142.0625,-0.1117992103099823,-0.04513714658096433,0.05451346933841705,0.0,0.27877890318632126,-0.11210939139127732,-0.1117992103099823
6020,76.3125,-0.10844205319881439,-0.05143804708495736,0.033810734376311304,0.0,0.2749137759208679,-0.135459828004241,-0.10844205319881439
6030,108.28125,-0.13697877526283264,-0.05323070380836725,0.018710129708051682,0.0,0.27931667268276217,-0.12456749714910983,-0.13697877526283264
6040,127.4375,-0.11970114707946777,-0.044450648594647646,0.0213537922129035,0.0,0.2773838773369789,-0.127382280677557,-0.11970114707946777
6050,168.875,-0.1406135857105255,-0.0422250559553504,0.0253819614648819,0.0,0.27775700092315675,-0.12332199588418007,-0.1406135857105255
6060,154.25,-0.09878633171319962,-0.04235770022496581,0.0528330136090517,0.0,0.28055594861507416,-0.11334001384675503,-0.09878633171319962
6070,109.09375,-0.12400423735380173,-0.053180403634905817,0.07547202371060849,0.0,0.28498792052268984,-0.1149284701794386,-0.12400423735380173
6080,75.28125,-0.12984853982925415,-0.049456054158508775,0.049775215610861775,0.0,0.2760964214801788,-0.13741606883704663,-0.12984853982925415
6090,82.34375,-0.1494579166173935,-0.05452305655926466,0.038208067417144775,0.0,0.2810128748416901,-0.13230774477124213,-0.1494579166173935
6100,108.40625,-0.10841908305883408,-0.03510702010244131,0.02829805538058281,0.0,0.27995184510946275,-0.11462125666439534,-0.10841908305883408
6110,155.40625,-0.1229901984333992,-0.041962779313325885,0.03261627219617367,0.0,0.27856032401323316,-0.1091209139674902,-0.1229901984333992
6120,118.9375,-0.11402875185012817,-0.04570351140573621,0.02858418468385935,0.0,0.2826879948377609,-0.12043596655130387,-0.11402875185012817
6130,148.5,-0.11280728131532669,-0.044305045250803234,0.0381639264523983,0.0,0.27665484249591826,-0.11938988454639912,-0.11280728131532669
6140,156.90625,-0.10131880640983582,-0.037002251204103234,0.07928534001111984,0.0,0.2829609766602516,-0.10741704925894738,-0.10131880640983582
6150,144.5,-0.10673552751541138,-0.04551384225487709,0.03795833606272936,0.0,0.28553536683321,-0.10574332177639008,-0.10673552751541138
6160,114.5,-0.13647589087486267,-0.045787793165072796,0.033495005965232846,0.0,0.28867160379886625,-0.11693192161619663,-0.13647589087486267
6170,126.6875,-0.14015638828277588,-0.046517362166196105,0.04187515340745449,0.0,0.2834149762988091,-0.11497859098017216,-0.14015638828277588
6180,125.34375,-0.11582109332084656,-0.04239587467163801,0.0366169948130846,0.0,0.2829463556408882,-0.11493644453585147,-0.11582109332084656
6190,113.53125,-0.12043269723653793,-0.04705982254818082,0.03815420027822256,0.0,0.2815058916807175,-0.11374296881258487,-0.12043269723653793
6200,128.0,-0.11267972737550735,-0.03624683264642954,0.04326924849301576,0.0,0.27938455790281297,-0.11971821822226048,-0.11267972737550735
6210,107.09375,-0.13346704840660095,-0.051653034053742886,0.058562741801142695,0.0,0.2780261918902397,-0.13246787823736667,-0.13346704840660095
6220,93.90625,-0.13934354484081268,-0.050648751296103,0.05166297666728496,0.0,0.278046216070652,-0.13170472495257854,-0.13934354484081268
6230,94.25,-0.1282246708869934,-0.0471041651442647,0.08778706267476082,0.0,0.2781870886683464,-0.12599954716861247,-0.1282246708869934
6240,106.5625,-0.10295136272907257,-0.038018574193120006,0.03428762704133988,0.0,0.27973905503749846,-0.12438061870634556,-0.10295136272907257
6250,124.65625,-0.13690970838069916,-0.04247847609221935,0.04899092093110084,0.0,0.27929809093475344,-0.1152392379939556,-0.13690970838069916
6260,103.15625,-0.1254924237728119,-0.04650041591376066,0.022934732772409917,0.0,0.27680649906396865,-0.12557832039892675,-0.1254924237728119
6270,140.40625,-0.12757989764213562,-0.04979664869606495,0.04284964390099048,0.0,0.27843485176563265,-0.1239447571337223,-0.12757989764213562
6280,137.1875,-0.12437158077955246,-0.041365504078567025,0.020102908089756965,0.0,0.27743414640426634,-0.1298572987318039,-0.12437158077955246
6290,140.375,-0.11156889796257019,-0.04137800969183445,0.058260219357907775,0.0,0.28421050161123274,-0.10986055061221123,-0.11156889796257019
6300,149.65625,-0.10297432541847229,-0.04160908851772547,0.05001722387969494,0.0,0.2849754273891449,-0.11127711981534957,-0.10297432541847229
6310,122.8125,-0.10252223908901215,-0.05000584265217185,0.06538627706468106,0.0,0.2814855918288231,-0.11818880625069142,-0.10252223908901215
6320,91.15625,-0.11821995675563812,-0.0495331303216517,0.07861797511577606,0.0,0.2758270472288132,-0.12892519384622575,-0.11821995675563812
6330,98.0,-0.1501353532075882,-0.05070993062108755,0.055152219533920285,0.0,0.2701850667595863,-0.13974492624402046,-0.1501353532075882
6340,107.59375,-0.1265895515680313,-0.04857967644929886,0.0532109547406435,0.0,0.2693753495812416,-0.15137128941714764,-0.1265895515680313
6350,93.125,-0.1354648470878601,-0.04684668909758329,0.04032579455524683,0.0,0.27419463545084,-0.1268879298120737,-0.1354648470878601
6360,86.9375,-0.1519925743341446,-0.04023875202983618,0.10632778108119964,0.0,0.2799835756421089,-0.13720905147492884,-0.1519925743341446
6370,91.03125,-0.1344270557165146,-0.03723686374723911,0.05144820921123028,0.0,0.28006772696971893,-0.13463174998760224,-0.1344270557165146
6380,91.125,-0.1171003133058548,-0.05363600067794323,0.028144141472876073,0.0,0.28210342228412627,-0.1227108247578144,-0.1171003133058548
6390,154.34375,-0.10984060168266296,-0.0484517864882946,0.05707225166261196,0.0,0.2838380470871925,-0.10658360049128532,-0.10984060168266296
6400,116.40625,-0.17008808255195618,-0.042578830197453496,0.12602512761950493,0.0,0.28005707561969756,-0.12358369864523411,-0.17008808255195618
6410,118.0,-0.11973647773265839,-0.04382030870765448,0.050199170038104056,0.0,0.276076103746891,-0.13272497318685056,-0.11973647773265839
6420,133.90625,-0.11433015763759613,-0.04176116567105055,0.052169260755181315,0.0,0.2743386149406433,-0.12600012719631196,-0.11433015763759613
6430,146.8125,-0.11446860432624817,-0.048220695462077856,0.0408921979367733,0.0,0.2810018628835678,-0.10809248164296151,-0.11446860432624817
6440,83.25,-0.1363956183195114,-0.04825613908469677,0.05808652602136135,0.0,0.28283954709768294,-0.11994139663875103,-0.1363956183195114
6450,77.9375,-0.13536587357521057,-0.05060271993279457,0.03927289359271526,0.0,0.2782766804099083,-0.14426477923989295,-0.13536587357521057
6460,102.375,-0.11883090436458588,-0.043720423616468905,0.03512116428464651,0.0,0.2747670814394951,-0.13763465099036692,-0.11883090436458588
6470,127.15625,-0.10176493972539902,-0.03956490578129888,0.011853758525103331,0.0,0.2794864609837532,-0.12096294425427914,-0.10176493972539902
6480,167.53125,-0.10424290597438812,-0.041753563843667504,0.037920213863253595,0.0,0.28347647488117217,-0.10082090757787228,-0.10424290597438812
6490,138.9375,-0.14184078574180603,-0.03596547283232212,0.13201451376080514,0.0,0.28138977736234666,-0.12306278012692928,-0.14184078574180603
6500,121.96875,-0.11441469192504883,-0.04808132089674473,0.09823485687375069,0.0,0.27676066756248474,-0.12526642866432666,-0.11441469192504883
6510,78.34375,-0.1687086969614029,-0.054844144731760025,0.13060973808169365,0.0,0.26804573386907576,-0.13758483342826366,-0.1687086969614029
6520,68.21875,-0.14329726994037628,-0.04821224417537451,0.06819310747087001,0.0,0.26159530133008957,-0.1551404669880867,-0.14329726994037628
6530,81.8125,-0.1765899658203125,-0.05501695591956377,0.06376679353415966,0.0,0.26018147021532056,-0.15871842354536056,-0.1765899658203125
6540,75.34375,-0.10632826387882233,-0.04898350313305855,0.044849888607859614,0.0,0.26332527548074725,-0.15674212276935579,-0.10632826387882233
6550,109.0625,-0.10775715112686157,-0.047372350050136444,0.027648816257715224,0.0,0.269780370593071,-0.13589675948023797,-0.10775715112686157
6560,137.5,-0.11324302107095718,-0.041050676302984354,0.045403743721544744,0.0,0.2778074011206627,-0.12596517093479634,-0.11324302107095718
6570,171.65625,-0.12337717413902283,-0.0452280767261982,0.03191790338605642,0.0,0.27936276197433474,-0.1141758382320404,-0.12337717413902283
6580,167.9375,-0.11389794200658798,-0.0503719475120306,0.06303131282329559,0.0,0.2806550830602646,-0.11840398646891118,-0.11389794200658798
6590,89.6875,-0.1275317519903183,-0.04641292057931423,0.05361373350024223,0.0,0.27609416395425795,-0.1191976971924305,-0.1275317519903183
6600,93.28125,-0.14189384877681732,-0.052167019620537755,0.10370097123086452,0.0,0.2748015135526657,-0.13415210656821727,-0.14189384877681732
6610,113.1875,-0.10510170459747314,-0.04878212586045265,0.018830032832920552,0.0,0.27128287553787234,-0.13424138836562632,-0.10510170459747314
6620,148.25,-0.12392788380384445,-0.040025351103395224,0.03595472481101751,0.0,0.27653523683547976,-0.12062506563961506,-0.12392788380384445
6630,153.875,-0.10029967874288559,-0.04474835470318794,0.03800662327557802,0.0,0.283126200735569,-0.107169459015131,-0.10029967874288559
6640,124.375,-0.14087572693824768,-0.04675119705498219,0.0747730229049921,0.0,0.2829206347465515,-0.11309192664921283,-0.14087572693824768
6650,117.96875,-0.1407046914100647,-0.04145817663520575,0.046187936514616015,0.0,0.2791842594742775,-0.12638607397675514,-0.1407046914100647
6660,118.53125,-0.11623615771532059,-0.04283343758434057,0.03190983347594738,0.0,0.273327948153019,-0.12692637369036674,-0.11623615771532059
6670,145.15625,-0.10093501955270767,-0.040788568928837775,0.04434025660157204,0.0,0.27350894659757613,-0.11880948320031166,-0.10093501955270767
6680,130.3125,-0.10108137130737305,-0.041644157562404874,0.057751511409878734,0.0,0.2756909132003784,-0.11600242964923382,-0.10108137130737305
6690,119.96875,-0.1291085183620453,-0.04312602505087852,0.06044392064213753,0.0,0.28466359674930575,-0.12271937020123005,-0.1291085183620453
6700,102.4375,-0.18779659271240234,-0.04578700643032789,0.06792738400399685,0.0,0.28005135655403135,-0.13810873813927174,-0.18779659271240234
6710,135.21875,-0.1705763041973114,-0.04941642545163631,0.06824815534055233,0.0,0.27220075875520705,-0.13600367233157157,-0.1705763041973114
6720,111.0625,-0.12688489258289337,-0.04708248935639858,0.03160530589520931,0.0,0.2731673657894135,-0.12498579993844032,-0.12688489258289337
6730,104.8125,-0.11527374386787415,-0.048545445594936606,0.03183953240513802,0.0,0.27440979033708573,-0.13126723431050777,-0.11527374386787415
6740,126.28125,-0.12738168239593506,-0.04408213356509805,0.033474783226847646,0.0,0.276965343952179,-0.13776209130883216,-0.12738168239593506
6750,126.34375,-0.11968910694122314,-0.04775583632290363,0.011991366930305957,0.0,0.27306744307279585,-0.1216355249285698,-0.11968910694122314
6760,182.40625,-0.12479063868522644,-0.05086115542799234,0.060567079856991765,0.0,0.28145418167114256,-0.11348890848457813,-0.12479063868522644
6770,85.90625,-0.11086081713438034,-0.0432037940248847,0.04311915524303913,0.0,0.27984883040189745,-0.11596249677240848,-0.11086081713438034
6780,119.1875,-0.15136465430259705,-0.040846117213368414,0.038154080510139465,0.0,0.2766540139913559,-0.13340944610536098,-0.15136465430259705
6790,125.4375,-0.11258748173713684,-0.046275829523801805,0.040380892157554624,0.0,0.2748342052102089,-0.12537949942052365,-0.11258748173713684
6800,125.25,-0.10429408401250839,-0.05137228183448315,0.02344226837158203,0.0,0.27840296775102613,-0.12233340330421924,-0.10429408401250839
6810,178.40625,-0.11735692620277405,-0.04552169069647789,0.03696800526231527,0.0,0.277782641351223,-0.11874206140637397,-0.11735692620277405
6820,130.125,-0.13211758434772491,-0.040461836382746696,0.038965719379484655,0.0,0.2844447925686836,-0.1230420533567667,-0.13211758434772491
6830,168.3125,-0.14080476760864258,-0.05122874351218343,0.03160749841481447,0.0,0.2823358759284019,-0.12932147085666656,-0.14080476760864258
6840,125.6875,-0.11359331011772156,-0.04543117973953485,0.04158804416656494,0.0,0.2787662878632545,-0.12674192301928996,-0.11359331011772156
6850,153.25,-0.11786621809005737,-0.05194249078631401,0.08589269332587719,0.0,0.2788019195199013,-0.11017610430717469,-0.11786621809005737
6860,66.4375,-0.17935818433761597,-0.06090390793979168,0.06960288919508457,0.0,0.27905079126358034,-0.14888084046542643,-0.17935818433761597
6870,84.78125,-0.17506077885627747,-0.0519261347129941,0.051924165710806845,0.0,0.27087572664022447,-0.16558498591184617,-0.17506077885627747
6880,95.40625,-0.13936468958854675,-0.04182084891945124,0.025873637385666372,0.0,0.2664559617638588,-0.1586111977696419,-0.13936468958854675
6890,169.875,-0.10188321024179459,-0.045984463579952714,0.024112821370363236,0.0,0.2743584498763084,-0.11366714611649513,-0.10188321024179459
6900,169.125,-0.11645489931106567,-0.0466661686077714,0.048117563128471375,0.0,0.28037839382886887,-0.10588606148958206,-0.11645489931106567
6910,113.15625,-0.11413539946079254,-0.047603929229080674,0.05280120670795441,0.0,0.2830798223614693,-0.1234959103167057,-0.11413539946079254
6920,117.1875,-0.15714460611343384,-0.0524949062615633,0.04726477861404419,0.0,0.28265284150838854,-0.12579440884292126,-0.15714460611343384
6930,131.09375,-0.12814101576805115,-0.05038047656416893,0.02757875043898821,0.0,0.27605933248996734,-0.12411041185259819,-0.12814101576805115
6940,125.15625,-0.10963265597820282,-0.04336044527590275,0.030948544293642043,0.0,0.27419313192367556,-0.12078462392091752,-0.10963265597820282
6950,126.53125,-0.12750717997550964,-0.04754929561167955,0.026889135502278803,0.0,0.2756268844008446,-0.12696207091212272,-0.12750717997550964
6960,146.84375,-0.12761755287647247,-0.04089845195412636,0.07512418422847986,0.0,0.28314291387796403,-0.11862130351364612,-0.12761755287647247
6970,189.125,-0.11924910545349121,-0.037604741379618646,0.055047550424933436,0.0,0.2852290406823158,-0.11661622263491153,-0.11924910545349121
6980,106.875,-0.11665283143520355,-0.049713747762143615,0.11954043656587601,0.0,0.2845750391483307,-0.11328648254275323,-0.11665283143520355
6990,116.65625,-0.1211136132478714,-0.05288353990763426,0.14280748069286348,0.0,0.28114884793758393,-0.11743679493665696,-0.1211136132478714
7000,82.8125,-0.19258522987365723,-0.05490317139774561,0.08076778054237366,0.0,0.2753680631518364,-0.14498839974403382,-0.19258522987365723
7010,86.3125,-0.13586562871932983,-0.049360608123242854,0.06118648461997509,0.0,0.2688202247023582,-0.14891004003584385,-0.13586562871932983
7020,146.78125,-0.1254449486732483,-0.04282219000160694,0.05491413995623588,0.0,0.27486711740493774,-0.1315031785517931,-0.1254449486732483
7030,167.8125,-0.10200813412666321,-0.03584568127989769,0.0631629317998886,0.0,0.27703505009412766,-0.11681933142244816,-0.10200813412666321
7040,162.84375,-0.10700903832912445,-0.04226473495364189,0.047544392943382266,0.0,0.28259789049625395,-0.11930046305060386,-0.10700903832912445
7050,169.15625,-0.11616048216819763,-0.046250839903950694,0.07473121695220471,0.0,0.28715351819992063,-0.11234811283648014,-0.11616048216819763
7060,158.40625,-0.09521550685167313,-0.04447042979300022,0.1031413160264492,0.0,0.2833339810371399,-0.10591725409030914,-0.09521550685167313
7070,80.75,-0.16362598538398743,-0.05534360408782959,0.07732849679887295,0.0,0.2786206930875778,-0.1325586199760437,-0.16362598538398743
7080,68.59375,-0.16154029965400696,-0.049013763573020695,0.039568844437599185,0.0,0.2703909605741501,-0.16700823083519936,-0.16154029965400696
7090,115.96875,-0.13543318212032318,-0.053496554493904114,0.03748508989810943,0.0,0.2640340194106102,-0.14184050858020783,-0.13543318212032318
7100,137.375,-0.14353010058403015,-0.04239320605993271,0.02565521150827408,0.0,0.27412542700767517,-0.12601403333246708,-0.14353010058403015
7110,151.8125,-0.12038786709308624,-0.04329545283690095,0.02019093679264188,0.0,0.2855017572641373,-0.11304067745804787,-0.12038786709308624
7120,161.125,-0.10301334410905838,-0.043008255492895844,0.04392421133816242,0.0,0.28838441520929337,-0.11258204616606235,-0.10301334410905838
7130,127.4375,-0.1322469413280487,-0.050649169646203515,0.16166020631790162,0.0,0.28838847428560255,-0.11138530783355235,-0.1322469413280487
7140,85.03125,-0.1261870563030243,-0.05363513510674238,0.03228795602917671,0.0,0.2817671537399292,-0.1329770725220442,-0.1261870563030243
7150,85.96875,-0.15312650799751282,-0.054095979779958725,0.040283968672156334,0.0,0.2748966410756111,-0.15420059785246848,-0.15312650799751282
7160,100.21875,-0.11589284241199493,-0.0463688462972641,0.04769700095057487,0.0,0.2695016279816628,-0.14043920896947384,-0.11589284241199493
7170,145.125,-0.12820403277873993,-0.03843961860984564,0.041284394450485706,0.0,0.278293265402317,-0.12538303583860397,-0.12820403277873993
7180,142.875,-0.13026092946529388,-0.03822825159877539,0.08731879740953445,0.0,0.28179014623165133,-0.11506195850670338,-0.13026092946529388
7190,137.15625,-0.10792243480682373,-0.04584264829754829,0.05830534100532532,0.0,0.28496101349592207,-0.11338285356760025,-0.10792243480682373
7200,106.3125,-0.09999527037143707,-0.05233508720993996,0.04316871091723442,0.0,0.2879738241434097,-0.12277207300066947,-0.09999527037143707
7210,90.90625,-0.1400427371263504,-0.04252805570140481,0.059747453033924106,0.0,0.28091399520635607,-0.13702590614557267,-0.1400427371263504
7220,128.875,-0.12328360974788666,-0.03304611928761005,0.034602706879377367,0.0,0.2798126474022865,-0.12674772851169108,-0.12328360974788666
7230,161.65625,-0.1206522285938263,-0.04362395377829671,0.02935578264296055,0.0,0.2812883123755455,-0.118097672611475,-0.1206522285938263
7240,140.59375,-0.12416055798530579,-0.04030314553529024,0.035516849160194396,0.0,0.2829166159033775,-0.12113762646913528,-0.12416055798530579
7250,125.65625,-0.10364773869514465,-0.040335321240127085,0.04710196238011122,0.0,0.2880792170763016,-0.11534903794527054,-0.10364773869514465
7260,98.375,-0.12558400630950928,-0.05210595596581698,0.09235339760780334,0.0,0.28492736667394636,-0.11378261633217335,-0.12558400630950928
7270,68.78125,-0.18524080514907837,-0.0578370563685894,0.03537299353629351,0.0,0.28096236735582353,-0.1374591678380966,-0.18524080514907837
7280,56.0,-0.2076290100812912,-0.050524407904595135,0.054171986505389215,0.0,0.27692170441150665,-0.1595132015645504,-0.2076290100812912
7290,84.84375,-0.12765784561634064,-0.05015389965847135,0.018972338084131478,0.0,0.2676997482776642,-0.13677820339798927,-0.12765784561634064
7300,122.8125,-0.12891769409179688,-0.0459311218932271,0.021854861825704574,0.0,0.2800072208046913,-0.1128955502063036,-0.12891769409179688
7310,135.0625,-0.14374075829982758,-0.040321624651551244,0.03835288267582655,0.0,0.29013742208480836,-0.1150404654443264,-0.14374075829982758
7320,129.5625,-0.1087379902601242,-0.0436263207346201,0.053889374062418935,0.0,0.29450269788503647,-0.11743315011262893,-0.1087379902601242
7330,161.8125,-0.11310674250125885,-0.04363622656092048,0.047569956816732886,0.0,0.2880370274186134,-0.11894781067967415,-0.11310674250125885
7340,111.46875,-0.14401300251483917,-0.0550510099157691,0.06563388220965863,0.0,0.2892702415585518,-0.11442895159125328,-0.14401300251483917
7350,111.25,-0.11890046298503876,-0.05363186225295067,0.04193081706762314,0.0,0.2865748435258865,-0.1137407198548317,-0.11890046298503876
7360,102.8125,-0.1571449488401413,-0.0534332980401814,0.0886079803109169,0.0,0.28924401104450226,-0.12415839880704879,-0.1571449488401413
7370,78.3125,-0.14130985736846924,-0.04419276556000114,0.06638708412647247,0.0,0.2858379766345024,-0.13855677396059035,-0.14130985736846924
7380,120.375,-0.12772853672504425,-0.04476766549050808,0.02655052375048399,0.0,0.2867061495780945,-0.11906379796564578,-0.12772853672504425
7390,138.46875,-0.11374431848526001,-0.047697737067937854,0.015485764434561133,0.0,0.29635150730609894,-0.10808400511741638,-0.11374431848526001
7400,149.40625,-0.1204063817858696,-0.04669178053736687,0.05824981704354286,0.0,0.29109395295381546,-0.10713264979422092,-0.1204063817858696
7410,156.625,-0.11352680623531342,-0.05031946804374456,0.04433289803564548,0.0,0.29251182079315186,-0.11151362396776676,-0.11352680623531342
7420,109.90625,-0.1013505756855011,-0.0460470225661993,0.048037419095635414,0.0,0.2886131972074509,-0.11144740954041481,-0.1013505756855011
7430,110.125,-0.1340654194355011,-0.0474088316783309,0.08810354731976985,0.0,0.2831695318222046,-0.11856543943285942,-0.1340654194355011
7440,114.53125,-0.11694136261940002,-0.04418035335838795,0.022486872971057892,0.0,0.2826442539691925,-0.12865617796778678,-0.11694136261940002
7450,111.46875,-0.13335295021533966,-0.05022165738046169,0.051248698681592944,0.0,0.2823174402117729,-0.12796693816781043,-0.13335295021533966
7460,133.9375,-0.11482658982276917,-0.041951166838407515,0.03785198647528887,0.0,0.28631031662225725,-0.11464327648282051,-0.11482658982276917
7470,170.375,-0.11507461220026016,-0.04610409513115883,0.05243862420320511,0.0,0.2891304656863213,-0.10660755597054958,-0.11507461220026016
7480,119.15625,-0.11017615348100662,-0.0459345068782568,0.05583683401346207,0.0,0.28641914278268815,-0.11448443718254567,-0.11017615348100662
7490,158.25,-0.13342392444610596,-0.04814941994845867,0.05622941739857197,0.0,0.281547711789608,-0.11966476142406464,-0.13342392444610596
7500,126.9375,-0.10606200993061066,-0.03845079527236521,0.02475395519286394,0.0,0.2857484698295593,-0.11247883439064026,-0.10606200993061066
7510,85.125,-0.14717534184455872,-0.05491923382505774,0.11945039853453636,0.0,0.28166749626398085,-0.1180656973272562,-0.14717534184455872
7520,55.375,-0.22855070233345032,-0.05672429092228413,0.09679751470685005,0.0,0.27762884497642515,-0.17098964750766754,-0.22855070233345032
7530,55.65625,-0.17987483739852905,-0.05526150334626436,0.030721276998519897,0.0,0.26743239015340803,-0.18796086236834525,-0.17987483739852905
7540,94.1875,-0.12041690945625305,-0.04632829837501049,0.023423021845519542,0.0,0.27160344272851944,-0.14927954897284507,-0.12041690945625305
7550,173.8125,-0.10516674816608429,-0.044242650456726554,0.014903636183589697,0.0,0.27534073144197463,-0.11594450399279595,-0.10516674816608429
7560,152.03125,-0.12698903679847717,-0.04665800984948874,0.04437361359596252,0.0,0.2827633336186409,-0.1053917795419693,-0.12698903679847717
7570,143.5625,-0.10729070007801056,-0.038868487300351265,0.05794390290975571,0.0,0.2802068740129471,-0.11707904078066349,-0.10729070007801056
7580,143.25,-0.10486483573913574,-0.04085467997938395,0.06273734234273434,0.0,0.28070071786642076,-0.12512405812740326,-0.10486483573913574
7590,99.96875,-0.11920131742954254,-0.05012157112360001,0.07623969987034798,0.0,0.27754360884428025,-0.12110569290816783,-0.11920131742954254
7600,114.34375,-0.11786669492721558,-0.043086372315883636,0.030554229207336903,0.0,0.2752906739711761,-0.12759026922285557,-0.11786669492721558
7610,146.6875,-0.12313950061798096,-0.041587695851922034,0.08849750831723213,0.0,0.28358679711818696,-0.11726367101073265,-0.12313950061798096
7620,126.03125,-0.13015389442443848,-0.042401608731597665,0.10288329422473907,0.0,0.2838159888982773,-0.12120782248675824,-0.13015389442443848
7630,136.90625,-0.1131734624505043,-0.04534479733556509,0.011997577082365752,0.0,0.2839346170425415,-0.12002157233655453,-0.1131734624505043
7640,108.96875,-0.14340448379516602,-0.04621870759874582,0.08685060888528824,0.0,0.2842757642269135,-0.13005159460008145,-0.14340448379516602
7650,137.84375,-0.11169327050447464,-0.04143861951306462,0.03515271246433258,0.0,0.2811512902379036,-0.11890253685414791,-0.11169327050447464
7660,162.53125,-0.11665965616703033,-0.03788216654211283,0.03501125033944845,0.0,0.28279603719711305,-0.11489358022809029,-0.11665965616703033
7670,142.9375,-0.13624617457389832,-0.04326329967007041,0.057798254489898684,0.0,0.28677766025066376,-0.12393193580210209,-0.13624617457389832
7680,122.59375,-0.11420586705207825,-0.050470429845154284,0.04904258213937283,0.0,0.2812780126929283,-0.13768789395689965,-0.11420586705207825
7690,139.90625,-0.11428243666887283,-0.04975018464028835,0.027799086831510066,0.0,0.2786379098892212,-0.1332278225570917,-0.11428243666887283
7700,131.5,-0.12001734972000122,-0.043851223587989804,0.029306367598474027,0.0,0.28037069737911224,-0.12370442971587181,-0.12001734972000122
7710,102.6875,-0.09835442155599594,-0.04354391535744071,0.013490983191877604,0.0,0.2862802281975746,-0.12419774122536183,-0.09835442155599594
7720,160.8125,-0.10728088021278381,-0.03995857741683721,0.02497035814449191,0.0,0.2894627347588539,-0.11406627111136913,-0.10728088021278381
7730,86.96875,-0.13866251707077026,-0.047585203498601916,0.08819208592176438,0.0,0.28655785918235777,-0.12467415519058704,-0.13866251707077026
7740,135.4375,-0.12792864441871643,-0.052213814854621884,0.06968939267098903,0.0,0.2823807880282402,-0.12907372675836087,-0.12792864441871643
7750,143.625,-0.15841343998908997,-0.04807715229690075,0.04851646274328232,0.0,0.28480820506811144,-0.14064514376223086,-0.15841343998908997
7760,133.625,-0.13743239641189575,-0.04842198109254241,0.02817969210445881,0.0,0.2810735419392586,-0.13105246908962725,-0.13743239641189575
7770,140.09375,-0.13017193973064423,-0.04030284695327282,0.04989296719431877,0.0,0.2853634789586067,-0.11889557838439942,-0.13017193973064423
7780,131.96875,-0.13392288982868195,-0.040037418343126775,0.06549537405371667,0.0,0.2840715304017067,-0.12336719669401645,-0.13392288982868195
7790,133.8125,-0.12397520989179611,-0.044886615686118604,0.040488530322909354,0.0,0.27667848765850067,-0.12691984735429288,-0.12397520989179611
7800,139.125,-0.13617831468582153,-0.04397591948509216,0.07362201772630214,0.0,0.2764995887875557,-0.13165338449180125,-0.13617831468582153
7810,119.25,-0.1365051418542862,-0.050355507805943486,0.02451505362987518,0.0,0.27510207146406174,-0.1306105561554432,-0.1365051418542862
7820,157.96875,-0.12779268622398376,-0.04021306950598955,0.030483509041368963,0.0,0.2738715872168541,-0.12168162725865841,-0.12779268622398376
7830,135.8125,-0.1523282676935196,-0.03985039498656988,0.1348622664809227,0.0,0.27938212752342223,-0.1377551920711994,-0.1523282676935196
7840,86.875,-0.15420286357402802,-0.04916680958122015,0.09244791641831399,0.0,0.28199864029884336,-0.15077047199010848,-0.15420286357402802
7850,104.0,-0.12760169804096222,-0.05047287326306105,0.04402158632874489,0.0,0.279175329208374,-0.147776997089386,-0.12760169804096222
7860,126.3125,-0.12169592827558517,-0.045921270921826365,0.07045126110315322,0.0,0.27741650491952896,-0.1301823105663061,-0.12169592827558517
7870,78.0,-0.15317147970199585,-0.05331341288983822,0.0362935159355402,0.0,0.2777410626411438,-0.14317947775125503,-0.15317147970199585
7880,122.875,-0.12877774238586426,-0.05321692181751132,0.044110963493585585,0.0,0.27987618148326876,-0.12924644649028777,-0.12877774238586426
7890,143.78125,-0.16173887252807617,-0.04987852498888969,0.07646317221224308,0.0,0.27742141783237456,-0.13344300501048564,-0.16173887252807617
7900,118.21875,-0.11935608088970184,-0.04547963314689696,0.021148173324763774,0.0,0.27557291835546494,-0.13630071841180325,-0.11935608088970184
7910,174.59375,-0.11566063016653061,-0.03604437969624996,0.05171272605657577,0.0,0.27895598113536835,-0.12210450395941734,-0.11566063016653061
7920,118.1875,-0.12059243768453598,-0.04619125556200743,0.08372360207140446,0.0,0.2821048855781555,-0.12199262082576752,-0.12059243768453598
7930,81.9375,-0.16718478500843048,-0.043772603292018174,0.0729203149676323,0.0,0.2798272117972374,-0.14332305043935775,-0.16718478500843048
7940,69.40625,-0.20397987961769104,-0.05189807713031769,0.055089524015784264,0.0,0.27312660962343216,-0.17945982590317727,-0.20397987961769104
7950,103.90625,-0.1922733187675476,-0.053742096200585364,0.04864690974354744,0.0,0.26169451996684073,-0.17950328215956687,-0.1922733187675476
7960,134.71875,-0.1109379231929779,-0.05179353784769773,0.017979835532605647,0.0,0.2633695684373379,-0.12768792919814587,-0.1109379231929779
7970,167.65625,-0.10895926505327225,-0.050156479515135285,0.03788374401628971,0.0,0.27643444389104843,-0.11474160254001617,-0.10895926505327225
7980,129.09375,-0.1488443911075592,-0.0510849567130208,0.03564790263772011,0.0,0.2790735989809036,-0.13469640128314495,-0.1488443911075592
7990,91.875,-0.1397339403629303,-0.05019741002470255,0.022570270113646984,0.0,0.27296485006809235,-0.15003565996885299,-0.1397339403629303
8000,136.40625,-0.13443303108215332,-0.04646618645638227,0.04388261679559946,0.0,0.278452205657959,-0.13769382014870643,-0.13443303108215332
8010,158.875,-0.12903481721878052,-0.03946570456027985,0.04214114248752594,0.0,0.2755933448672295,-0.12899442240595818,-0.12903481721878052
8020,124.34375,-0.12552496790885925,-0.04488307521678507,0.05968636237084866,0.0,0.27601553946733476,-0.124937254935503,-0.12552496790885925
8030,102.0,-0.1397762894630432,-0.05002840580418706,0.036139744147658345,0.0,0.2781931281089783,-0.1356074195355177,-0.1397762894630432
8040,101.03125,-0.17144909501075745,-0.03933298271149397,0.05103614553809166,0.0,0.2793517291545868,-0.16247751489281653,-0.17144909501075745
8050,121.28125,-0.12605741620063782,-0.05315842470154166,0.03320262786000967,0.0,0.2697175592184067,-0.149603683501482,-0.12605741620063782
8060,155.84375,-0.116943359375,-0.041563664004206656,0.03913633078336716,0.0,0.2782113790512085,-0.11516008973121643,-0.116943359375
8070,148.40625,-0.12505453824996948,-0.04915199130773544,0.10061248913407325,0.0,0.28550410121679304,-0.11498177647590638,-0.12505453824996948
8080,101.0,-0.13123030960559845,-0.04672580324113369,0.04840029254555702,0.0,0.28343184292316437,-0.12523502074182033,-0.13123030960559845
8090,151.4375,-0.12438598275184631,-0.04588503818958998,0.06959905959665776,0.0,0.2786263436079025,-0.13103756681084633,-0.12438598275184631
8100,105.09375,-0.1329517513513565,-0.042232193239033225,0.06451409496366978,0.0,0.2786536246538162,-0.13089882619678975,-0.1329517513513565
8110,161.625,-0.10883939266204834,-0.04897194672375917,0.012063373252749443,0.0,0.27953617870807645,-0.11800433248281479,-0.10883939266204834
8120,126.46875,-0.1214737817645073,-0.0452489348128438,0.09058872051537037,0.0,0.282746297121048,-0.11871578358113766,-0.1214737817645073
8130,138.125,-0.12427829951047897,-0.03935626596212387,0.06908709034323693,0.0,0.2865393251180649,-0.12050925157964229,-0.12427829951047897
8140,168.90625,-0.10981754958629608,-0.04507603216916323,0.04254087656736374,0.0,0.28563651293516157,-0.12025773450732231,-0.10981754958629608
8150,91.03125,-0.12279638648033142,-0.0537793755531311,0.05781394019722939,0.0,0.28702320605516435,-0.12945565432310105,-0.12279638648033142
8160,129.375,-0.13152611255645752,-0.04375124927610159,0.06484308689832688,0.0,0.2821373835206032,-0.14076643995940685,-0.13152611255645752
8170,132.375,-0.12042975425720215,-0.044810057058930396,0.038058426789939405,0.0,0.28177911788225174,-0.13410385698080063,-0.12042975425720215
8180,163.3125,-0.09862591326236725,-0.036058465391397475,0.019177557621151208,0.0,0.2841529205441475,-0.11330459229648113,-0.09862591326236725
8190,168.25,-0.11396278440952301,-0.04042133688926697,0.057307439669966695,0.0,0.29023279100656507,-0.10894575305283069,-0.11396278440952301
8200,87.75,-0.11506011337041855,-0.043263233918696645,0.06534547843039036,0.0,0.28186086714267733,-0.13077807910740374,-0.11506011337041855
8210,127.0,-0.13801012933254242,-0.05052729547023773,0.03974471166729927,0.0,0.2747711941599846,-0.1324500024318695,-0.13801012933254242
8220,155.3125,-0.12490373849868774,-0.04761218540370464,0.04986684881150723,0.0,0.2830171898007393,-0.11986904256045819,-0.12490373849868774
8230,152.71875,-0.1363116204738617,-0.044389200210571286,0.06003348343074322,0.0,0.2858978196978569,-0.128161096945405,-0.1363116204738617
8240,157.4375,-0.13348694145679474,-0.043719404470175506,0.05332972221076489,0.0,0.2834381237626076,-0.12562163211405278,-0.13348694145679474
8250,105.1875,-0.1342071294784546,-0.042995489202439785,0.2025970086455345,0.0,0.288009275496006,-0.11981449872255326,-0.1342071294784546
8260,78.4375,-0.14785006642341614,-0.051374501548707485,0.0453707329928875,0.0,0.283078721165657,-0.13582265228033066,-0.14785006642341614
8270,84.1875,-0.16256333887577057,-0.05375117249786854,0.0560929898172617,0.0,0.27309229522943496,-0.1577320583164692,-0.16256333887577057
8280,71.1875,-0.1596573293209076,-0.04866448156535626,0.06961152628064156,0.0,0.2705909013748169,-0.1499866582453251,-0.1596573293209076
8290,111.8125,-0.16122035682201385,-0.04517287202179432,0.02402799651026726,0.0,0.27394176423549654,-0.14889731332659722,-0.16122035682201385
8300,120.4375,-0.12431145459413528,-0.04463757537305355,0.024765150062739848,0.0,0.2805232048034668,-0.12715431340038777,-0.12431145459413528
8310,189.59375,-0.11730454862117767,-0.042754429019987585,0.10078874044120312,0.0,0.2838839516043663,-0.12040677219629288,-0.11730454862117767
8320,163.96875,-0.11843055486679077,-0.04143055435270071,0.056243167445063594,0.0,0.28401690125465395,-0.12213601879775524,-0.11843055486679077
8330,145.03125,-0.13822683691978455,-0.049816757813096045,0.15813729166984558,0.0,0.2875018447637558,-0.12457900606095791,-0.13822683691978455
8340,93.5,-0.13430608808994293,-0.04915641099214554,0.06769066639244556,0.0,0.28072463870048525,-0.13675350286066532,-0.13430608808994293
8350,81.5,-0.16506409645080566,-0.052277822699397805,0.07382685765624046,0.0,0.28100779056549074,-0.1385327499359846,-0.16506409645080566
8360,63.625,-0.1675381362438202,-0.05067790187895298,0.07349905148148536,0.0,0.2792507618665695,-0.16549257487058638,-0.1675381362438202
8370,68.3125,-0.15851441025733948,-0.052092120423913,0.030342667177319527,0.0,0.27910623550415037,-0.1647600017488003,-0.15851441025733948
8380,106.28125,-0.1251504123210907,-0.050931913498789075,0.026218321174383163,0.0,0.27992475479841233,-0.14056791216135026,-0.1251504123210907
8390,137.5625,-0.10747389495372772,-0.05014022272080183,0.04501525461673737,0.0,0.28841231018304825,-0.10481007657945156,-0.10747389495372772
8400,124.0,-0.16057997941970825,-0.03967379182577133,0.224084260314703,0.0,0.2899195924401283,-0.12217086553573608,-0.16057997941970825
8410,120.375,-0.12076547741889954,-0.046373194083571434,0.05529109314084053,0.0,0.2892527490854263,-0.13265491016209124,-0.12076547741889954
8420,132.875,-0.12369117140769958,-0.04549747481942177,0.04610741324722767,0.0,0.2878267168998718,-0.12621521428227425,-0.12369117140769958
8430,90.78125,-0.11782878637313843,-0.039113005809485915,0.07473819218575954,0.0,0.28903861790895463,-0.12842414528131485,-0.11782878637313843
8440,129.59375,-0.1189369186758995,-0.0454137435182929,0.034472687542438506,0.0,0.2931831657886505,-0.12207520678639412,-0.1189369186758995
8450,97.5625,-0.1225973442196846,-0.04836094528436661,0.08332490399479867,0.0,0.29176522642374036,-0.1228496503084898,-0.1225973442196846
8460,149.4375,-0.12406788766384125,-0.04473370276391506,0.03502896949648857,0.0,0.2892587944865227,-0.12489062175154686,-0.12406788766384125
8470,118.34375,-0.1148492619395256,-0.048692433163523674,0.03487214837223292,0.0,0.28946076780557634,-0.12652904205024243,-0.1148492619395256
8480,123.71875,-0.1282128095626831,-0.03836066722869873,0.029252553451806308,0.0,0.29220080524683,-0.12954184487462045,-0.1282128095626831
8490,135.21875,-0.1254977583885193,-0.04935582093894482,0.048451197892427446,0.0,0.29163888245821,-0.12249027863144875,-0.1254977583885193
8500,139.96875,-0.11390384286642075,-0.04499593209475279,0.06298652775585652,0.0,0.2920985475182533,-0.11772598102688789,-0.11390384286642075
8510,142.0,-0.12898211181163788,-0.04033367857336998,0.060166725516319276,0.0,0.2922235369682312,-0.12363935448229313,-0.12898211181163788
8520,130.34375,-0.12404066324234009,-0.04983446579426527,0.03593738824129104,0.0,0.2939993515610695,-0.11369023099541664,-0.12404066324234009
8530,82.28125,-0.1423138976097107,-0.0467077175155282,0.15962159112095833,0.0,0.2930981233716011,-0.1245179284363985,-0.1423138976097107
8540,81.03125,-0.1919141411781311,-0.04940504413098097,0.09817724674940109,0.0,0.2866869613528252,-0.1493626583367586,-0.1919141411781311
8550,71.875,-0.14447526633739471,-0.04655252005904913,0.04951785951852798,0.0,0.2815978810191154,-0.16027087345719337,-0.14447526633739471
8560,89.15625,-0.13497036695480347,-0.04629415944218636,0.03717680778354406,0.0,0.2835125491023064,-0.13228168599307538,-0.13497036695480347
8570,136.34375,-0.1120685338973999,-0.03334538387134671,0.035164086148142815,0.0,0.28971312642097474,-0.11904632188379764,-0.1120685338973999
8580,142.125,-0.12075076997280121,-0.05065583921968937,0.05979850627481938,0.0,0.2939142927527428,-0.1190629493445158,-0.12075076997280121
8590,141.5625,-0.11508705466985703,-0.049748748913407324,0.04465912058949471,0.0,0.29200112968683245,-0.12864680774509907,-0.11508705466985703
8600,96.6875,-0.12252555787563324,-0.04755552662536502,0.04420889094471932,0.0,0.2926057010889053,-0.1303721372038126,-0.12252555787563324
8610,96.875,-0.12333424389362335,-0.042914650216698644,0.07798599638044834,0.0,0.2861812099814415,-0.12392210103571415,-0.12333424389362335
8620,110.0,-0.13774001598358154,-0.05114147271960974,0.06420600190758705,0.0,0.28887230306863787,-0.12884008884429932,-0.13774001598358154
8630,127.75,-0.12057283520698547,-0.039153016731143,0.051599298045039176,0.0,0.2932884469628334,-0.12102136351168155,-0.12057283520698547
8640,102.3125,-0.14457900822162628,-0.04516561720520258,0.08861468955874444,0.0,0.2916021138429642,-0.1251445844769478,-0.14457900822162628
8650,128.65625,-0.12275811284780502,-0.05610715886577964,0.040094715729355815,0.0,0.29092388302087785,-0.1270019929856062,-0.12275811284780502
8660,127.875,-0.12272326648235321,-0.04197134771384299,0.019734224677085875,0.0,0.2882663384079933,-0.12255827896296978,-0.12272326648235321
8670,144.34375,-0.1233847588300705,-0.04515111166983843,0.043647782504558565,0.0,0.29051259607076646,-0.11728092916309833,-0.1233847588300705
8680,93.78125,-0.1178654134273529,-0.042167496494948865,0.15628775730729103,0.0,0.2943399965763092,-0.12177379503846168,-0.1178654134273529
8690,78.5625,-0.17611724138259888,-0.055691492184996604,0.054781608283519745,0.0,0.2871297374367714,-0.14213023968040944,-0.17611724138259888
8700,79.40625,-0.13599783182144165,-0.042474030051380396,0.11181368380784988,0.0,0.2886465236544609,-0.13229837752878665,-0.13599783182144165
8710,140.8125,-0.12269070744514465,-0.04676272291690111,0.08942775912582875,0.0,0.2877390906214714,-0.12189451158046723,-0.12269070744514465
8720,102.125,-0.13791251182556152,-0.0468231288716197,0.04289790242910385,0.0,0.2893984645605087,-0.13487169295549392,-0.13791251182556152
8730,119.09375,-0.13558226823806763,-0.04928381275385618,0.05041929055005312,0.0,0.2904991999268532,-0.12823865972459317,-0.13558226823806763
8740,117.90625,-0.1194942444562912,-0.047749043256044385,0.02642972245812416,0.0,0.2901644766330719,-0.12226431705057621,-0.1194942444562912
8750,129.3125,-0.1278643012046814,-0.04990826174616814,0.050828957557678224,0.0,0.28725949078798296,-0.12815771028399467,-0.1278643012046814
8760,152.21875,-0.11144616454839706,-0.04422274278476834,0.0362908385694027,0.0,0.28755275905132294,-0.11760627627372741,-0.11144616454839706
8770,157.1875,-0.1245785504579544,-0.04809357635676861,0.032155790738761424,0.0,0.290231266617775,-0.11873371936380864,-0.1245785504579544
8780,140.1875,-0.10277005285024643,-0.048521386459469795,0.06956898383796215,0.0,0.29074289202690123,-0.11047566123306751,-0.10277005285024643
8790,72.4375,-0.15887632966041565,-0.057086258009076116,0.07574794292449952,0.0,0.28767946660518645,-0.13230578638613225,-0.15887632966041565
8800,102.59375,-0.1640194058418274,-0.03472060635685921,0.3660420060157776,0.0,0.27862580865621567,-0.15533801764249802,-0.1640194058418274
8810,134.875,-0.12267962098121643,-0.04981624335050583,0.06434509940445424,0.0,0.2780704766511917,-0.13625224344432355,-0.12267962098121643
8820,105.0625,-0.13594482839107513,-0.04648624286055565,0.06915387809276581,0.0,0.27958657741546633,-0.11829318478703499,-0.13594482839107513
8830,140.21875,-0.12263046205043793,-0.04929817654192448,0.04227197058498859,0.0,0.29283558279275895,-0.12367585636675357,-0.12263046205043793
8840,113.96875,-0.15799719095230103,-0.04541120966896415,0.08873670585453511,0.0,0.28804087191820144,-0.13831211365759372,-0.15799719095230103
8850,138.875,-0.11734552681446075,-0.049208236113190654,0.06535027213394642,0.0,0.29119264632463454,-0.12668062895536422,-0.11734552681446075
8860,146.84375,-0.1317589282989502,-0.05042771361768246,0.04311249032616615,0.0,0.29174334555864334,-0.11365579888224601,-0.1317589282989502
8870,83.15625,-0.12627127766609192,-0.05172974709421396,0.06687271483242511,0.0,0.2916035637259483,-0.12203501090407372,-0.12627127766609192
8880,96.34375,-0.14283211529254913,-0.05105943540111184,0.06249531470239163,0.0,0.29330524504184724,-0.13064322546124457,-0.14283211529254913
8890,116.53125,-0.14261925220489502,-0.05004397314041853,0.07271728739142418,0.0,0.29140219539403917,-0.13752621747553348,-0.14261925220489502
8900,96.5,-0.1381915807723999,-0.04659828944131732,0.036971870623528955,0.0,0.2939549073576927,-0.12073602452874184,-0.1381915807723999
8910,108.34375,-0.1149790808558464,-0.04800088871270418,0.04956597685813904,0.0,0.2957627773284912,-0.11676341854035854,-0.1149790808558464
8920,121.0,-0.1374416947364807,-0.049711623881012204,0.03131112121045589,0.0,0.29753742665052413,-0.12522655129432678,-0.1374416947364807
8930,90.375,-0.10887353122234344,-0.05076787769794464,0.04543055444955826,0.0,0.29175809770822525,-0.12108750119805337,-0.10887353122234344
8940,141.59375,-0.11879804730415344,-0.050721179507672784,0.04535805117338896,0.0,0.29689517468214033,-0.11014129854738712,-0.11879804730415344
8950,87.34375,-0.12923336029052734,-0.04755214164033532,0.08889741338789463,0.0,0.2968980774283409,-0.11268823221325874,-0.12923336029052734
8960,98.25,-0.10614730417728424,-0.05495620295405388,0.022666526772081853,0.0,0.29045105874538424,-0.12707576490938663,-0.10614730417728424
8970,127.9375,-0.11316093802452087,-0.051618044078350064,0.038750726357102395,0.0,0.29436989575624467,-0.11268088482320308,-0.11316093802452087
8980,102.75,-0.1448972225189209,-0.03655631020665169,0.1654743582010269,0.0,0.2971698224544525,-0.12280290201306343,-0.1448972225189209
8990,88.40625,-0.13717451691627502,-0.0456030685454607,0.041335627622902396,0.0,0.29577439427375796,-0.12104258909821511,-0.13717451691627502
9000,94.71875,-0.13128596544265747,-0.04295594058930874,0.1168473407626152,0.0,0.2935874715447426,-0.12362785041332244,-0.13128596544265747
9010,122.75,-0.11536801606416702,-0.045901842042803766,0.02266037752851844,0.0,0.2913691386580467,-0.12215780541300773,-0.11536801606416702
9020,133.90625,-0.105733722448349,-0.042930187098681925,0.025685823149979116,0.0,0.29417451471090317,-0.11713437438011169,-0.105733722448349
9030,117.8125,-0.11669201403856277,-0.04304411364719272,0.05732921846210957,0.0,0.2967979237437248,-0.11581876128911972,-0.11669201403856277
9040,127.0625,-0.10747791826725006,-0.03750942628830671,0.03207447063177824,0.0,0.3010143741965294,-0.11644912771880626,-0.10747791826725006
9050,134.0,-0.12726444005966187,-0.05229352014139295,0.07060813196003438,0.0,0.29980689883232114,-0.11521820351481438,-0.12726444005966187
9060,118.96875,-0.10840018838644028,-0.05145773645490408,0.05501258485019207,0.0,0.29650180637836454,-0.1127972312271595,-0.10840018838644028
9070,62.5,-0.17329594492912292,-0.05466570099815726,0.07105186246335507,0.0,0.2824645102024078,-0.15112746357917786,-0.17329594492912292
9080,94.9375,-0.1072004958987236,-0.051903475821018216,0.044213136471807954,0.0,0.2841843619942665,-0.13572776690125465,-0.1072004958987236
9090,142.0,-0.12031534314155579,-0.05135403741151094,0.015970698464661835,0.0,0.29291659146547316,-0.10910727083683014,-0.12031534314155579
9100,129.34375,-0.1384107619524002,-0.050733092427253726,0.05005554109811783,0.0,0.2959772080183029,-0.11474989503622054,-0.1384107619524002
9110,150.21875,-0.10715864598751068,-0.05218093562871218,0.03463759440928697,0.0,0.2925299733877182,-0.11546658240258693,-0.10715864598751068
9120,102.65625,-0.11809109896421432,-0.05803133528679609,0.04608726017177105,0.0,0.2916418969631195,-0.09906429760158061,-0.11809109896421432
9130,43.09375,-0.1820020228624344,-0.04543530810624361,0.07322700582444668,0.0,0.29150840640068054,-0.14622802659869194,-0.1820020228624344
9140,67.21875,-0.17906217277050018,-0.05635392013937235,0.040977100282907485,0.0,0.2851078599691391,-0.17072082906961442,-0.17906217277050018
9150,116.65625,-0.09107150882482529,-0.042907250393182036,0.014582722075283527,0.0,0.2870221257209778,-0.1269167024642229,-0.09107150882482529
9160,157.3125,-0.10572364926338196,-0.04474406531080603,0.027806999348104,0.0,0.2963015288114548,-0.0926160778850317,-0.10572364926338196
9170,107.5,-0.1113114058971405,-0.04550801683217287,0.03001844808459282,0.0,0.3069197192788124,-0.09777406044304371,-0.1113114058971405
9180,131.96875,-0.11071325838565826,-0.049904942698776725,0.022805547900497915,0.0,0.30569279193878174,-0.10893544182181358,-0.11071325838565826
9190,165.6875,-0.0963609516620636,-0.04471431439742446,0.06320183053612709,0.0,0.3047593653202057,-0.10170728154480457,-0.0963609516620636
9200,106.84375,-0.11792507767677307,-0.048978340439498426,0.12734779790043832,0.0,0.3003206968307495,-0.1020118199288845,-0.11792507767677307
9210,95.71875,-0.12711961567401886,-0.05205139964818954,0.0404757896438241,0.0,0.29467740952968596,-0.13586139492690563,-0.12711961567401886
9220,107.9375,-0.1316119134426117,-0.047218437492847445,0.07800212539732457,0.0,0.28585359156131745,-0.1417653899639845,-0.1316119134426117
9230,117.90625,-0.10470028221607208,-0.05368671454489231,0.024330513924360274,0.0,0.2908190920948982,-0.1269487340003252,-0.10470028221607208
9240,119.46875,-0.09077492356300354,-0.04854477383196354,0.015963568724691866,0.0,0.3014496386051178,-0.10121662430465221,-0.09077492356300354
9250,135.0625,-0.1262446939945221,-0.041831435076892375,0.06375017762184143,0.0,0.30127216279506686,-0.11673270277678967,-0.1262446939945221
9260,139.65625,-0.12140302360057831,-0.04112624656409025,0.04530410952866078,0.0,0.3067105978727341,-0.12022040858864784,-0.12140302360057831
9270,130.09375,-0.12442106753587723,-0.047112658992409705,0.05741929896175861,0.0,0.29949837625026704,-0.11475700698792934,-0.12442106753587723
9280,93.90625,-0.13558408617973328,-0.053121835924685,0.09215329177677631,0.0,0.2967431366443634,-0.11911909580230713,-0.13558408617973328
9290,78.9375,-0.13854144513607025,-0.05419162549078464,0.06033187359571457,0.0,0.2955472782254219,-0.12888277769088746,-0.13854144513607025
9300,102.53125,-0.1263527274131775,-0.05246900860220194,0.04731000177562237,0.0,0.2937766835093498,-0.13601310402154923,-0.1263527274131775
9310,91.59375,-0.14220838248729706,-0.04938934622332454,0.04160772208124399,0.0,0.29341834783554077,-0.13777823634445668,-0.14220838248729706
9320,121.3125,-0.12591403722763062,-0.04630769398063421,0.02741221897304058,0.0,0.2934544920921326,-0.13036149106919764,-0.12591403722763062
9330,125.1875,-0.12076030671596527,-0.05013171564787626,0.027561026252806188,0.0,0.29961473643779757,-0.12041018530726433,-0.12076030671596527
9340,135.15625,-0.12782350182533264,-0.0461261797696352,0.0754394918680191,0.0,0.29874262660741807,-0.12675136588513852,-0.12782350182533264
9350,117.59375,-0.12771156430244446,-0.046128319948911665,0.03400152195245028,0.0,0.2983463257551193,-0.13102989681065083,-0.12771156430244446
9360,137.03125,-0.134353905916214,-0.04957439377903938,0.055224378034472464,0.0,0.29464554935693743,-0.12090929336845875,-0.134353905916214
9370,105.125,-0.13229115307331085,-0.05275903046131134,0.03881892822682857,0.0,0.29449463486671446,-0.12091852985322475,-0.13229115307331085
9380,88.15625,-0.14244616031646729,-0.05230411551892757,0.021856467612087725,0.0,0.2913855999708176,-0.12853373661637307,-0.14244616031646729
9390,99.90625,-0.14889168739318848,-0.04925703182816506,0.05279048532247543,0.0,0.2920626625418663,-0.1304929755628109,-0.14889168739318848
9400,116.90625,-0.12656965851783752,-0.045340043306350705,0.05200312584638596,0.0,0.2940496116876602,-0.12319888733327389,-0.12656965851783752
9410,81.0,-0.1359734684228897,-0.046540099941194055,0.030194338783621787,0.0,0.2932502031326294,-0.12937057726085185,-0.1359734684228897
9420,109.46875,-0.11475281417369843,-0.04226735765114427,0.044830368086695674,0.0,0.3004986807703972,-0.1180176954716444,-0.11475281417369843
9430,109.5,-0.1273067444562912,-0.04001615568995476,0.07291582748293876,0.0,0.303036929666996,-0.11377472542226315,-0.1273067444562912
9440,92.28125,-0.15812796354293823,-0.04765485282987356,0.0731576506048441,0.0,0.2998730674386024,-0.12812094241380692,-0.15812796354293823
9450,96.78125,-0.1158117949962616,-0.043248425237834454,0.044866261444985865,0.0,0.2970832884311676,-0.12260077409446239,-0.1158117949962616
9460,101.1875,-0.13116613030433655,-0.039991481602191924,0.10271424166858197,0.0,0.2974834591150284,-0.1229608740657568,-0.13116613030433655
9470,84.78125,-0.12780815362930298,-0.04610231788828969,0.0631115272641182,0.0,0.29859535694122313,-0.1283384408801794,-0.12780815362930298
9480,130.21875,-0.10853295028209686,-0.04296688856557011,0.05644764564931393,0.0,0.29948021918535234,-0.11699502244591713,-0.10853295028209686
9490,155.875,-0.11294014006853104,-0.04628921039402485,0.026338611915707588,0.0,0.302285997569561,-0.10874932333827018,-0.11294014006853104
9500,75.5625,-0.1434115469455719,-0.04688486000522971,0.0640982087701559,0.0,0.29856661409139634,-0.1252477839589119,-0.1434115469455719
9510,118.9375,-0.12112652510404587,-0.05252031292766333,0.03368011172860861,0.0,0.2954613506793976,-0.12606412917375565,-0.12112652510404587
9520,137.03125,-0.14494428038597107,-0.05389171615242958,0.03921944312751293,0.0,0.2986308351159096,-0.1341000199317932,-0.14494428038597107
9530,134.21875,-0.12695305049419403,-0.05144384391605854,0.05791271328926086,0.0,0.29535854905843734,-0.12027548104524613,-0.12695305049419403
9540,148.71875,-0.11058492958545685,-0.04379159240052104,0.01782007748261094,0.0,0.2985959619283676,-0.10964398123323918,-0.11058492958545685
9550,98.71875,-0.12574462592601776,-0.04527346342802048,0.0601207111030817,0.0,0.2990253806114197,-0.12060835249722004,-0.12574462592601776
9560,113.09375,-0.10992969572544098,-0.035809500887989995,0.08477903977036476,0.0,0.2954877898097038,-0.12495942153036595,-0.10992969572544098
9570,134.15625,-0.16288909316062927,-0.044141899421811105,0.08417744860053063,0.0,0.2973493680357933,-0.12326647639274597,-0.16288909316062927
9580,133.0625,-0.13763707876205444,-0.04607924669981003,0.05069109089672565,0.0,0.2995122462511063,-0.12428274787962437,-0.13763707876205444
9590,158.0625,-0.14421559870243073,-0.045708867721259594,0.05594001971185207,0.0,0.29924794733524324,-0.12587475962936878,-0.14421559870243073
9600,137.71875,-0.12519963085651398,-0.05053067542612553,0.07080711796879768,0.0,0.30342321246862414,-0.12176035046577453,-0.12519963085651398
9610,106.9375,-0.11961457878351212,-0.05059711616486311,0.05069913417100906,0.0,0.3000683933496475,-0.11797924526035786,-0.11961457878351212
9620,80.9375,-0.1027526780962944,-0.05820299088954926,0.03256436549127102,0.0,0.30173585265874864,-0.12791761457920076,-0.1027526780962944
9630,102.375,-0.1281697154045105,-0.05510708391666412,0.04208608567714691,0.0,0.3023864641785622,-0.12820621766149998,-0.1281697154045105
9640,89.65625,-0.12927575409412384,-0.049219736456871034,0.05817561000585556,0.0,0.29729068130254743,-0.12147337347269058,-0.12927575409412384
9650,90.84375,-0.12565793097019196,-0.049035547859966756,0.04067791532725096,0.0,0.2979132100939751,-0.1261052593588829,-0.12565793097019196
9660,105.28125,-0.10540323704481125,-0.053185937367379664,0.019180795829743146,0.0,0.3005677670240402,-0.11947147995233535,-0.10540323704481125
9670,135.625,-0.10288210958242416,-0.04182740426622331,0.019923506677150725,0.0,0.30421987026929853,-0.1129260364919901,-0.10288210958242416
9680,130.375,-0.11889280378818512,-0.0302900567650795,0.27214711010456083,0.0,0.3043150931596756,-0.11399886198341846,-0.11889280378818512
9690,97.0,-0.11817794293165207,-0.04714003279805183,0.035184104554355146,0.0,0.29718664586544036,-0.11795702241361142,-0.11817794293165207
9700,130.65625,-0.12413284182548523,-0.05057660564780235,0.026574983075261117,0.0,0.29713757187128065,-0.11940620988607406,-0.12413284182548523
9710,116.75,-0.16419212520122528,-0.05557854752987623,0.04830426424741745,0.0,0.29525990039110184,-0.1249875321984291,-0.16419212520122528
9720,105.84375,-0.11433617770671844,-0.04360031224787235,0.04208039976656437,0.0,0.2962650299072266,-0.13174092695116996,-0.11433617770671844
9730,136.625,-0.13075049221515656,-0.03507226277142763,0.037482415698468684,0.0,0.2967043459415436,-0.12791012786328793,-0.13075049221515656
9740,114.84375,-0.11455439776182175,-0.03915175795555115,0.012326398584991693,0.0,0.29912865310907366,-0.12090543806552886,-0.11455439776182175
9750,142.28125,-0.11368127167224884,-0.04488199194893241,0.06444474011659622,0.0,0.3041341915726662,-0.11542979925870896,-0.11368127167224884
9760,102.40625,-0.1197536289691925,-0.04337836466729641,0.04905292522162199,0.0,0.30003107488155367,-0.11780519634485245,-0.1197536289691925
9770,131.09375,-0.12389399856328964,-0.053824428096413614,0.04413614012300968,0.0,0.30438187420368196,-0.11032664701342583,-0.12389399856328964
9780,78.625,-0.12083806842565536,-0.048941615223884585,0.04834634922444821,0.0,0.29872871190309525,-0.13571819216012954,-0.12083806842565536
9790,94.6875,-0.11304519325494766,-0.05360734965652227,0.05914613157510758,0.0,0.29890948832035064,-0.12677859961986543,-0.11304519325494766
9800,106.34375,-0.14005717635154724,-0.04902950376272201,0.06466168873012065,0.0,0.3012564152479172,-0.12073422819375992,-0.14005717635154724
9810,92.5625,-0.12184524536132812,-0.04431878160685301,0.07707666531205178,0.0,0.29891998022794725,-0.11170219145715236,-0.12184524536132812
9820,122.65625,-0.1084495261311531,-0.04882251732051372,0.04038101211190224,0.0,0.295074425637722,-0.12133134193718434,-0.1084495261311531
9830,73.875,-0.12470462918281555,-0.05066791456192732,0.01985054612159729,0.0,0.2945480480790138,-0.13877962604165078,-0.12470462918281555
9840,78.78125,-0.11639305204153061,-0.048318404145538806,0.03116192892193794,0.0,0.2886845573782921,-0.14449122101068496,-0.11639305204153061
9850,89.09375,-0.141525000333786,-0.05011575110256672,0.05054158195853233,0.0,0.2919534832239151,-0.1257850218564272,-0.141525000333786
9860,110.875,-0.1343415230512619,-0.04545592591166496,0.11113188751041889,0.0,0.2990134134888649,-0.11933929100632668,-0.1343415230512619
9870,103.21875,-0.1336478888988495,-0.032903335290029645,0.05097266249358654,0.0,0.2972417622804642,-0.13138423189520837,-0.1336478888988495
9880,141.875,-0.10182970762252808,-0.04212287291884422,0.08089923337101937,0.0,0.3016106903553009,-0.12559328079223633,-0.10182970762252808
9890,98.28125,-0.0826384499669075,-0.04742277180776,0.038670352287590505,0.0,0.304495070874691,-0.11499274782836437,-0.0826384499669075
9900,107.15625,-0.11957460641860962,-0.05220039170235395,0.05263899490237236,0.0,0.300006864964962,-0.10944765843451024,-0.11957460641860962
9910,78.40625,-0.12446538358926773,-0.05306527707725763,0.0214237030595541,0.0,0.29591603875160216,-0.14509547576308252,-0.12446538358926773
9920,92.1875,-0.1605253964662552,-0.05533668026328087,0.02713184095919132,0.0,0.2896488830447197,-0.15141996666789054,-0.1605253964662552
9930,146.03125,-0.09315036237239838,-0.0468410711735487,0.027684041671454905,0.0,0.29175649881362914,-0.10757512152194977,-0.09315036237239838
9940,130.375,-0.13028161227703094,-0.04436816368252039,0.05944508947432041,0.0,0.3011212483048439,-0.10532199330627919,-0.13028161227703094
9950,115.21875,-0.12256608158349991,-0.03974075317382812,0.067158093303442,0.0,0.3036909505724907,-0.1217509675770998,-0.12256608158349991
9960,181.90625,-0.11126543581485748,-0.045665225572884084,0.06831987164914607,0.0,0.30297390520572665,-0.11218248568475246,-0.11126543581485748
9970,69.84375,-0.1268082857131958,-0.050046077091246845,0.06331366561353206,0.0,0.30489995032548906,-0.10186295844614505,-0.1268082857131958
9980,77.3125,-0.18006449937820435,-0.0522969133220613,0.04996065832674503,0.0,0.28932343423366547,-0.1541337326169014,-0.18006449937820435
9990,83.1875,-0.12861576676368713,-0.05198189932852983,0.0307374756783247,0.0,0.28999446481466296,-0.15105136446654796,-0.12861576676368713
10000,105.34375,-0.12449701875448227,-0.05224519427865744,0.011701773479580879,0.0,0.2927870601415634,-0.13021591827273368,-0.12449701875448227
10010,137.5,-0.10478085279464722,-0.03138566035777331,0.09312798287719488,0.0,0.25288221165537833,-0.07715856116265059,-0.10478085279464722
10020,80.25,-0.10113858431577682,-0.041219040751457214,0.022655789274722338,0.0,0.25042558163404466,-0.10397865846753121,-0.10113858431577682
10030,137.65625,-0.09972025454044342,-0.041649955417960884,0.011128904670476914,0.0,0.24711326882243156,-0.11492344215512276,-0.09972025454044342
10040,126.4375,-0.10941717773675919,-0.04735441580414772,0.012871217261999846,0.0,0.24944608360528947,-0.10994484946131707,-0.10941717773675919
10050,142.5625,-0.10105953365564346,-0.043339714780449866,0.06155711859464645,0.0,0.24814493283629419,-0.09933520257472991,-0.10105953365564346
10060,103.53125,-0.09725522994995117,-0.03788269571959972,0.0376910263672471,0.0,0.2563661471009254,-0.0970252025872469,-0.09725522994995117
10070,109.9375,-0.08727818727493286,-0.049976127222180367,0.023104095458984376,0.0,0.25895720422267915,-0.10617626793682575,-0.08727818727493286
10080,131.5625,-0.0911828801035881,-0.03856764063239097,0.06287602856755256,0.0,0.25751122534275056,-0.09646289125084877,-0.0911828801035881
10090,135.40625,-0.09679189324378967,-0.04026522152125835,0.014259419590234756,0.0,0.25644433200359346,-0.09513084217905998,-0.09679189324378967
10100,136.5,-0.10480599105358124,-0.031067047640681265,0.015052387584000826,0.0,0.2513293236494064,-0.10081139504909516,-0.10480599105358124
10110,124.125,-0.1040683314204216,-0.04425568953156471,0.1177863534539938,0.0,0.2516950100660324,-0.10443785451352597,-0.1040683314204216
10120,121.40625,-0.09769704937934875,-0.051786649972200394,0.07664980776607991,0.0,0.2576366767287254,-0.09165818095207215,-0.09769704937934875
10130,98.09375,-0.10377252846956253,-0.036503325682133436,0.09390988834202289,0.0,0.26054231226444247,-0.10861081033945083,-0.10377252846956253
10140,141.3125,-0.08611076325178146,-0.0430516192689538,0.02207708787173033,0.0,0.260998010635376,-0.09880620539188385,-0.08611076325178146
10150,128.0625,-0.07288740575313568,-0.03445195741951466,0.03146632984280586,0.0,0.26309081763029096,-0.08240329846739769,-0.07288740575313568
10160,133.40625,-0.09069006145000458,-0.03170524705201387,0.16792187169194223,0.0,0.26139037162065504,-0.08034278005361557,-0.09069006145000458
10170,124.25,-0.08395817875862122,-0.030294586904346943,0.07891291957348585,0.0,0.2572404213249683,-0.08799858242273331,-0.08395817875862122
10180,137.03125,-0.07399450242519379,-0.04156688395887613,0.03740827366709709,0.0,0.26459669023752214,-0.08199335597455501,-0.07399450242519379
10190,121.21875,-0.07276290655136108,-0.031249489123001694,0.07615244686603546,0.0,0.2672035023570061,-0.07679710574448109,-0.07276290655136108
10200,149.46875,-0.0784444808959961,-0.045043527521193026,0.05963919200003147,0.0,0.271572408080101,-0.07594094648957253,-0.0784444808959961
10210,153.09375,-0.08035644888877869,-0.043942001089453696,0.04184051789343357,0.0,0.26782129108905794,-0.08141181655228139,-0.08035644888877869
10220,148.8125,-0.08093669265508652,-0.03829170279204845,0.1502440959215164,0.0,0.263840651512146,-0.08636785224080086,-0.08093669265508652
10230,115.15625,-0.07251019030809402,-0.03722959645092487,0.06054329834878445,0.0,0.26969485729932785,-0.07600119002163411,-0.07251019030809402
10240,117.65625,-0.09542115777730942,-0.051913822814822194,0.04854191299527884,0.0,0.27455888539552686,-0.08939073048532009,-0.09542115777730942
10250,122.25,-0.08660640567541122,-0.047293115966022016,0.039202761650085446,0.0,0.2737098500132561,-0.08456379473209381,-0.08660640567541122
10260,105.5625,-0.07917438447475433,-0.04057060135528445,0.05757295377552509,0.0,0.2685414463281631,-0.08705543242394924,-0.07917438447475433
10270,146.375,-0.0645386129617691,-0.038374568335711956,0.028836007788777353,0.0,0.26931806802749636,-0.07224377449601889,-0.0645386129617691
10280,133.71875,-0.10166236758232117,-0.03714877273887396,0.028663772717118265,0.0,0.26568239480257033,-0.09008139502257109,-0.10166236758232117
10290,131.09375,-0.10811241716146469,-0.042296290211379525,0.11119753569364547,0.0,0.25987343937158586,-0.11928503252565861,-0.10811241716146469
10300,124.1875,-0.07669638097286224,-0.0403153445571661,0.09938589110970497,0.0,0.25887600854039194,-0.09813437461853028,-0.07669638097286224
10310,142.59375,-0.07060881704092026,-0.028114044293761253,0.058031904697418216,0.0,0.2663348436355591,-0.06960633508861065,-0.07060881704092026
10320,121.9375,-0.08180267363786697,-0.03996053850278258,0.023705178685486317,0.0,0.26817758083343507,-0.07253657430410385,-0.08180267363786697
10330,138.9375,-0.09701184928417206,-0.0355340214446187,0.03756994232535362,0.0,0.2699925437569618,-0.09306573644280433,-0.09701184928417206
10340,132.125,-0.06927220523357391,-0.0490977096837014,0.050788356363773345,0.0,0.27198381572961805,-0.08596475217491388,-0.06927220523357391
10350,120.53125,-0.05336606502532959,-0.043089475855231284,0.07033696807920933,0.0,0.28080126643180847,-0.06210266929119825,-0.05336606502532959
10360,129.6875,-0.07906164973974228,-0.04616647604852915,0.031918417848646644,0.0,0.2823884904384613,-0.07049397826194763,-0.07906164973974228
10370,115.21875,-0.1093471348285675,-0.04371607918292284,0.05402562282979488,0.0,0.2770481139421463,-0.09971450418233871,-0.1093471348285675
10380,121.78125,-0.08583448827266693,-0.04166891127824783,0.03950848951935768,0.0,0.2701560124754906,-0.10881578661501408,-0.08583448827266693
10390,127.65625,-0.04773689806461334,-0.04144341619685292,0.02218447681516409,0.0,0.2802903100848198,-0.06541038062423468,-0.04773689806461334
10400,138.90625,-0.05306539684534073,-0.0298207214102149,0.03993301894515753,0.0,0.2879502683877945,-0.04950427208095789,-0.05306539684534073
10410,123.71875,-0.06865890324115753,-0.042247332911938426,0.13615517169237137,0.0,0.28968810439109804,-0.05974534563720226,-0.06865890324115753
10420,131.21875,-0.07190493494272232,-0.030716182291507722,0.16696659177541734,0.0,0.28325166255235673,-0.07300491034984588,-0.07190493494272232
10430,126.875,-0.0655110701918602,-0.04224016573280096,0.047728758119046685,0.0,0.27797296494245527,-0.07203995138406753,-0.0655110701918602
10440,133.375,-0.08958637714385986,-0.03191622830927372,0.20672724023461342,0.0,0.28257185220718384,-0.06274171415716409,-0.08958637714385986
10450,106.3125,-0.09629446268081665,-0.042879999987781046,0.11782951951026917,0.0,0.2863977074623108,-0.07114388626068831,-0.09629446268081665
10460,119.375,-0.12519198656082153,-0.046896548569202424,0.052135934680700304,0.0,0.27773708254098894,-0.11024693697690964,-0.12519198656082153
10470,125.59375,-0.1330702006816864,-0.04613168705254793,0.07824214771389962,0.0,0.26984635144472124,-0.13992904648184776,-0.1330702006816864
10480,122.15625,-0.08878125250339508,-0.04017239287495613,0.11940181106328965,0.0,0.27023497223854065,-0.11752414256334305,-0.08878125250339508
10490,115.8125,-0.04582691565155983,-0.038002900406718255,0.10051720663905143,0.0,0.27749861478805543,-0.060279241763055325,-0.04582691565155983
10500,146.5625,-0.0438767671585083,-0.03516807146370411,0.10244408696889877,0.0,0.29013293981552124,-0.04473738595843315,-0.0438767671585083
10510,99.40625,-0.05154489725828171,-0.030543313734233378,0.07119735665619373,0.0,0.2893920198082924,-0.05214608795940876,-0.05154489725828171
10520,138.25,-0.0629756897687912,-0.03974343640729785,0.013603752944618464,0.0,0.2905351996421814,-0.06071937959641218,-0.0629756897687912
10530,116.71875,-0.06937844306230545,-0.0408923426643014,0.1153353951871395,0.0,0.28885705322027205,-0.06698866821825504,-0.06937844306230545
10540,149.3125,-0.07253855466842651,-0.033604210056364534,0.03653772324323654,0.0,0.28978917747735977,-0.0763352146372199,-0.07253855466842651
10550,141.96875,-0.07649357616901398,-0.03328452305868268,0.042938416823744774,0.0,0.2930301144719124,-0.07056191470474005,-0.07649357616901398
10560,123.1875,-0.045447081327438354,-0.0354785043746233,0.06443043686449527,0.0,0.30163577347993853,-0.055656657181680204,-0.045447081327438354
10570,140.59375,-0.040538106113672256,-0.027209250815212728,0.13490253537893296,0.0,0.3024683952331543,-0.04197258371859789,-0.040538106113672256
10580,116.8125,-0.06917356699705124,-0.03511361591517925,0.03769611865282059,0.0,0.29700351506471634,-0.05610187686979771,-0.06917356699705124
10590,110.8125,-0.06598318368196487,-0.04175309240818024,0.08512480929493904,0.0,0.29396857768297197,-0.06760000996291637,-0.06598318368196487
10600,136.59375,-0.07809091359376907,-0.042928964272141455,0.09209043756127358,0.0,0.2934799090027809,-0.06948005091398954,-0.07809091359376907
10610,100.625,-0.0575902946293354,-0.03893769755959511,0.1006933867931366,0.0,0.2969247132539749,-0.062360210344195366,-0.0575902946293354
10620,122.8125,-0.04756147041916847,-0.03506954424083233,0.17201057821512222,0.0,0.30222188085317614,-0.05286693517118692,-0.04756147041916847
10630,120.0625,-0.04366033524274826,-0.02816950436681509,0.23267329335212708,0.0,0.3050244525074959,-0.048311318084597585,-0.04366033524274826
10640,131.1875,-0.050421759486198425,-0.03284447463229299,0.11429760977625847,0.0,0.30470279306173326,-0.05127391554415226,-0.050421759486198425
10650,124.65625,-0.05098699405789375,-0.04322838233783841,0.10328199863433837,0.0,0.3009230777621269,-0.05651594456285238,-0.05098699405789375
10660,136.59375,-0.046157658100128174,-0.045509320124983786,0.01682370649650693,0.0,0.3019318446516991,-0.052105688489973545,-0.046157658100128174
10670,150.34375,-0.0441829189658165,-0.029674262925982475,0.0711146280169487,0.0,0.30188341736793517,-0.04973509591072798,-0.0441829189658165
10680,131.75,-0.043566878885030746,-0.034231094643473625,0.18177625983953477,0.0,0.30444990694522855,-0.051302061229944226,-0.043566878885030746
10690,133.8125,-0.03959399461746216,-0.031953024305403234,0.09297896362841129,0.0,0.3040817052125931,-0.042922000773251055,-0.03959399461746216
10700,122.90625,-0.04166971147060394,-0.037466231361031534,0.03813807386904955,0.0,0.3046934738755226,-0.05045392978936434,-0.04166971147060394
10710,150.375,-0.054654695093631744,-0.0478052943944931,0.04587076641619205,0.0,0.3037685751914978,-0.051063095405697825,-0.054654695093631744
10720,96.8125,-0.046828217804431915,-0.028290295135229827,0.03702459130436182,0.0,0.29894146472215655,-0.05756794810295105,-0.046828217804431915
10730,167.75,-0.043779097497463226,-0.030498731508851053,0.04544836301356554,0.0,0.29791958183050155,-0.04793231524527073,-0.043779097497463226
10740,125.46875,-0.04753703251481056,-0.04594794288277626,0.01819624351337552,0.0,0.3022387847304344,-0.050178564712405206,-0.04753703251481056
10750,129.46875,-0.051461271941661835,-0.035200111009180544,0.06279161050915719,0.0,0.3054593071341515,-0.04839592352509499,-0.051461271941661835
10760,139.15625,-0.04331066831946373,-0.029905224777758123,0.0787253338843584,0.0,0.3101291015744209,-0.047364067658782004,-0.04331066831946373
10770,101.34375,-0.05068744346499443,-0.03261012677103281,0.13450685665011405,0.0,0.30875926464796066,-0.04200278110802173,-0.05068744346499443
10780,150.09375,-0.05855049937963486,-0.03115542447194457,0.05380307249724865,0.0,0.308420792222023,-0.04272641018033028,-0.05855049937963486
10790,119.09375,-0.05399756133556366,-0.03738047368824482,0.054381047189235684,0.0,0.3052018046379089,-0.05820453818887472,-0.05399756133556366
10800,121.9375,-0.04739808663725853,-0.036698286049067975,0.29313676357269286,0.0,0.30518575608730314,-0.048039866425096986,-0.04739808663725853
10810,129.4375,-0.06539007276296616,-0.03650902537629008,0.08802524879574776,0.0,0.3016547098755836,-0.049165724962949756,-0.06539007276296616
10820,143.71875,-0.048520587384700775,-0.04088083319365978,0.1103564940392971,0.0,0.29700053185224534,-0.057458507269620894,-0.048520587384700775
10830,107.84375,-0.04747883975505829,-0.031721043214201924,0.17923462986946107,0.0,0.2995621860027313,-0.04868304133415222,-0.04747883975505829
10840,109.4375,-0.0727141797542572,-0.044177009351551534,0.06079473942518234,0.0,0.29962615966796874,-0.06765842344611883,-0.0727141797542572
10850,147.71875,-0.05221119895577431,-0.038384619541466235,0.01771417837589979,0.0,0.2979909718036652,-0.06727641951292754,-0.05221119895577431
10860,141.96875,-0.0498579666018486,-0.03541214372962713,0.034266522526741026,0.0,0.2986083835363388,-0.046056315675377844,-0.0498579666018486
10870,143.8125,-0.03673806041479111,-0.03306548316031695,0.030520960688591003,0.0,0.3094879224896431,-0.038570450618863106,-0.03673806041479111
10880,123.71875,-0.03810133412480354,-0.0298116953112185,0.08512809574604034,0.0,0.3139490306377411,-0.037326825130730865,-0.03810133412480354
10890,125.6875,-0.05113835260272026,-0.03442869232967496,0.055543039366602896,0.0,0.31588869988918306,-0.038957268744707105,-0.05113835260272026
10900,113.625,-0.050173379480838776,-0.04041092209517956,0.038124078698456285,0.0,0.3169960260391235,-0.04582472424954176,-0.050173379480838776
10910,131.40625,-0.05537484586238861,-0.04156280532479286,0.046714014187455175,0.0,0.31642470359802244,-0.05257944166660309,-0.05537484586238861
10920,143.65625,-0.014979895204305649,-0.028176454827189445,0.13776801377534867,0.0,0.3129038497805595,-0.03738866564817726,-0.014979895204305649
10930,119.3125,-0.033903755247592926,-0.03316194647923112,0.07220436632633209,0.0,0.3145363748073578,-0.03279176624491811,-0.033903755247592926
10940,134.40625,-0.04811621457338333,-0.03732623215764761,0.043390846066176894,0.0,0.31108793765306475,-0.05179301872849464,-0.04811621457338333
10950,125.53125,-0.05116413161158562,-0.04468451589345932,0.11860401406884194,0.0,0.3085017576813698,-0.05120026431977749,-0.05116413161158562
10960,142.59375,-0.04572965204715729,-0.04560443693771958,0.14026122093200682,0.0,0.3066941037774086,-0.031310447864234446,-0.04572965204715729
10970,120.90625,-0.06145594269037247,-0.03825970096513629,0.036095719784498215,0.0,0.3104201018810272,-0.050151401292532684,-0.06145594269037247
10980,146.625,-0.08480611443519592,-0.04493082612752915,0.0530738890171051,0.0,0.3046269088983536,-0.0704984001815319,-0.08480611443519592
10990,152.9375,-0.03981009125709534,-0.04634341271594167,0.04210112523287535,0.0,0.30135547667741774,-0.05901631284505129,-0.03981009125709534
11000,127.625,-0.0263986699283123,-0.030658378591760994,0.08842879123985767,0.0,0.3127288356423378,-0.029336273297667505,-0.0263986699283123
11010,121.3125,-0.052069175988435745,-0.03678180202841759,0.08077427968382836,0.0,0.32043281346559527,-0.034674374759197234,-0.052069175988435745
11020,128.75,-0.03572975471615791,-0.03715192377567291,0.09817258939146996,0.0,0.31974951177835464,-0.04222352569922805,-0.03572975471615791
11030,138.9375,-0.028540506958961487,-0.02680486049503088,0.17427636831998825,0.0,0.3162461340427399,-0.0319426504895091,-0.028540506958961487
11040,144.4375,-0.062198102474212646,-0.03124945182353258,0.0831869199872017,0.0,0.31976619064807893,-0.0389710646122694,-0.062198102474212646
11050,87.25,-0.057608406990766525,-0.0375836425460875,0.2757481873035431,0.0,0.31406926810741426,-0.06090941540896892,-0.057608406990766525
11060,133.625,-0.09176236391067505,-0.04919053204357624,0.07989425323903561,0.0,0.3031546831130981,-0.07866357415914535,-0.09176236391067505
11070,98.21875,-0.07705820351839066,-0.052636824920773505,0.059954478219151494,0.0,0.29492342174053193,-0.09155652523040772,-0.07705820351839066
11080,155.9375,-0.015310399234294891,-0.02644706554710865,0.0723929263651371,0.0,0.3040706619620323,-0.04422090663574636,-0.015310399234294891
11090,132.71875,-0.027986910194158554,-0.026496316865086557,0.039295442029833795,0.0,0.32046153396368027,-0.008764223207253962,-0.027986910194158554
11100,141.5,-0.04830234870314598,-0.03558559045195579,0.04269836638122797,0.0,0.3240132689476013,-0.04391782823950052,-0.04830234870314598
11110,122.8125,-0.05378664657473564,-0.03200012594461441,0.09760081395506859,0.0,0.31718599498271943,-0.060859252512454984,-0.05378664657473564
11120,123.9375,-0.019423963502049446,-0.038240556605160236,0.0236303448677063,0.0,0.3252213567495346,-0.02981393150985241,-0.019423963502049446
11130,155.8125,-0.04268908128142357,-0.025059905648231507,0.1521603211760521,0.0,0.3289158806204796,-0.023663567006587984,-0.04268908128142357
11140,140.5625,-0.07721792161464691,-0.040178698301315305,0.025671846605837344,0.0,0.32296574860811234,-0.056827188655734065,-0.07721792161464691
11150,135.875,-0.04708239808678627,-0.05062503032386303,0.08889737203717232,0.0,0.31314616203308104,-0.06373379975557328,-0.04708239808678627
11160,98.875,-0.08014216274023056,-0.05302733052521944,0.048575655370950696,0.0,0.30898950546979903,-0.06512698084115982,-0.08014216274023056
11170,92.03125,-0.12838977575302124,-0.06438119579106569,0.045249272137880325,0.0,0.3071373671293259,-0.09411935061216355,-0.12838977575302124
11180,107.96875,-0.044196054339408875,-0.04838719386607408,0.06335366740822793,0.0,0.3034413576126099,-0.07001455146819353,-0.044196054339408875
11190,129.5,-0.020643964409828186,-0.024519923701882364,0.09731030687689782,0.0,0.3109196975827217,-0.010074154869653285,-0.020643964409828186
11200,116.25,-0.0667898878455162,-0.029327805060893296,0.03210907895117998,0.0,0.3121525883674622,-0.05238270135596394,-0.0667898878455162
11210,152.34375,-0.05613856390118599,-0.036607518512755635,0.05530392080545425,0.0,0.31000859290361404,-0.05646152421832085,-0.05613856390118599
11220,133.34375,-0.03013663738965988,-0.04566239677369595,0.043894853070378305,0.0,0.3130230113863945,-0.037782571837306024,-0.03013663738965988
11230,135.03125,-0.04762346297502518,-0.036567113175988195,0.2987983077764511,0.0,0.3206226110458374,-0.03188333543948829,-0.04762346297502518
11240,113.875,-0.10021325200796127,-0.04475673194974661,0.06559065729379654,0.0,0.3152753904461861,-0.06613408792763949,-0.10021325200796127
11250,108.21875,-0.0852116048336029,-0.04379676301032305,0.07272063456475734,0.0,0.31230467557907104,-0.08103843349963427,-0.0852116048336029
11260,123.59375,-0.03872489184141159,-0.040914015471935274,0.04872875325381756,0.0,0.3134002655744553,-0.05904451198875904,-0.03872489184141159
11270,118.25,-0.028468774631619453,-0.029966659471392633,0.06866713780909776,0.0,0.3229225292801857,-0.028516428312286735,-0.028468774631619453
11280,141.0,-0.045615144073963165,-0.02532697971910238,0.07202950827777385,0.0,0.3277968317270279,-0.026925118779763578,-0.045615144073963165
11290,111.1875,-0.0676686018705368,-0.040232351422309874,0.05901426300406456,0.0,0.3222306534647942,-0.06273270789533854,-0.0676686018705368
11300,163.03125,-0.032482195645570755,-0.03276201356202364,0.07314055301249027,0.0,0.31561934649944307,-0.05254146894440055,-0.032482195645570755
11310,130.90625,-0.01605089008808136,-0.03538363054394722,0.11096300706267356,0.0,0.31717930287122725,-0.021002861903980374,-0.01605089008808136
11320,132.5,-0.040131885558366776,-0.03818802572786808,0.2732817381620407,0.0,0.32445142418146133,-0.01987600694410503,-0.040131885558366776
11330,133.0,-0.058818086981773376,-0.04390798397362232,0.06930891834199429,0.0,0.31554349809885024,-0.05346884652972221,-0.058818086981773376
11340,105.09375,-0.07245787978172302,-0.05113597139716149,0.03915393501520157,0.0,0.3159813329577446,-0.06862851977348328,-0.07245787978172302
11350,145.25,-0.017364397644996643,-0.04415227007120848,0.02387620136141777,0.0,0.32252661138772964,-0.03513501803390682,-0.017364397644996643
11360,99.65625,-0.02133113332092762,-0.0271835258230567,0.0982424110174179,0.0,0.3296517699956894,-0.014659173798281699,-0.02133113332092762
11370,150.75,-0.05390646681189537,-0.0290447486564517,0.044822119921445844,0.0,0.32780884951353073,-0.04103366527706385,-0.05390646681189537
11380,114.9375,-0.0613989382982254,-0.036272304598242044,0.06782115139067173,0.0,0.3220707878470421,-0.05813242215663195,-0.0613989382982254
11390,103.21875,-0.03617578744888306,-0.03612664677202702,0.19128483682870864,0.0,0.3227209374308586,-0.03165421420708299,-0.03617578744888306
11400,129.625,-0.03401641920208931,-0.04328412599861622,0.06267629861831665,0.0,0.32907103300094603,-0.023140793107450007,-0.03401641920208931
11410,135.84375,-0.04506105184555054,-0.04675825722515583,0.06613340750336646,0.0,0.329003170132637,-0.03640065565705299,-0.04506105184555054
11420,106.0625,-0.06833566725254059,-0.04603680428117514,0.04902550727128983,0.0,0.3205427095293999,-0.06262100506573916,-0.06833566725254059
11430,144.15625,-0.041591010987758636,-0.03817222844809294,0.05905389040708542,0.0,0.3239865377545357,-0.05164026357233524,-0.041591010987758636
11440,136.375,-0.01973883807659149,-0.03929096544161439,0.06221303194761276,0.0,0.3274822264909744,-0.025129969418048858,-0.01973883807659149
11450,113.4375,-0.030197633430361748,-0.0246520834043622,0.34349968284368515,0.0,0.33125105053186416,-0.015367457969114184,-0.030197633430361748
11460,129.40625,-0.05544687435030937,-0.03377733239904046,0.12452754825353622,0.0,0.33155376464128494,-0.029145874176174404,-0.05544687435030937
11470,114.75,-0.0446438193321228,-0.04406192284077406,0.07926099300384522,0.0,0.32658231556415557,-0.04855391550809145,-0.0446438193321228
11480,118.25,-0.04232184588909149,-0.03879602793604135,0.07003273889422416,0.0,0.3246297508478165,-0.04489024681970477,-0.04232184588909149
11490,142.5,-0.04608700051903725,-0.042204930633306506,0.10318181589245796,0.0,0.32453047186136247,-0.037928585335612296,-0.04608700051903725
11500,120.0625,-0.06097273528575897,-0.04561560861766338,0.034967938996851446,0.0,0.3256897047162056,-0.04755245912820101,-0.06097273528575897
11510,109.53125,-0.04872406646609306,-0.033109224680811164,0.08850447088479996,0.0,0.3213563203811646,-0.05319374594837427,-0.04872406646609306
11520,114.90625,-0.035219766199588776,-0.03703096117824316,0.03926382847130298,0.0,0.3243822231888771,-0.04275141544640064,-0.035219766199588776
11530,117.03125,-0.052166588604450226,-0.03672195505350828,0.07669649198651314,0.0,0.3338139683008194,-0.03323809434659779,-0.052166588604450226
11540,119.75,-0.03607629984617233,-0.031232053227722645,0.08123316336423159,0.0,0.3385514974594116,-0.028113446570932864,-0.03607629984617233
11550,113.65625,-0.029167547821998596,-0.03359492588788271,0.02898752298206091,0.0,0.3399965837597847,-0.03319099321961403,-0.029167547821998596
11560,126.3125,-0.01419430784881115,-0.03534190487116575,0.11986982598900794,0.0,0.34117240458726883,-0.022366625862196086,-0.01419430784881115
11570,140.65625,-0.03355789557099342,-0.03641516100615263,0.027370032761245965,0.0,0.3394034534692764,-0.025806102342903613,-0.03355789557099342
11580,139.21875,-0.06033429503440857,-0.0419176060706377,0.08333905711770058,0.0,0.3362895518541336,-0.041797338612377645,-0.06033429503440857
11590,118.78125,-0.05510186403989792,-0.05019879527390003,0.04403052590787411,0.0,0.3293706089258194,-0.05211969744414091,-0.05510186403989792
11600,101.78125,-0.025394801050424576,-0.036567874066531655,0.041210008412599565,0.0,0.3313256293535233,-0.04846257660537958,-0.025394801050424576
11610,127.59375,-0.0112171471118927,-0.03407250419259071,0.055161860398948194,0.0,0.3376532346010208,-0.01727831878233701,-0.0112171471118927
11620,110.125,-0.027542579919099808,-0.03780307900160551,0.06886385660618544,0.0,0.33941795974969863,-0.019987049978226423,-0.027542579919099808
11630,135.5,-0.028128106147050858,-0.044111037813127044,0.022995388507843016,0.0,0.3413021698594093,-0.02913028560578823,-0.028128106147050858
11640,121.34375,-0.03565005213022232,-0.03244609353132546,0.09096891656517983,0.0,0.3349724128842354,-0.029883331898599864,-0.03565005213022232
11650,121.8125,-0.023864567279815674,-0.026508565247058868,0.03289310559630394,0.0,0.33648384511470797,-0.03164741606451571,-0.023864567279815674
11660,143.71875,-0.034603532403707504,-0.036321640759706494,0.1625388965010643,0.0,0.3390327453613281,-0.024194962996989488,-0.034603532403707504
11670,120.96875,-0.03665270656347275,-0.03833351861685515,0.12606499791145326,0.0,0.3369008496403694,-0.034563904348760846,-0.03665270656347275
11680,129.03125,-0.027268406003713608,-0.03491638544946909,0.18621779084205628,0.0,0.341639643907547,-0.02481309133581817,-0.027268406003713608
11690,126.96875,-0.008848404511809349,-0.03691609632223845,0.1684475928544998,0.0,0.33923361003398894,-0.013829928648192436,-0.008848404511809349
11700,110.90625,-0.02787635289132595,-0.04153114906512201,0.1408258371055126,0.0,0.3414758950471878,-0.026752986712381244,-0.02787635289132595
11710,110.625,-0.041507888585329056,-0.04509635604918003,0.05031885616481304,0.0,0.34228846728801726,-0.038836376275867224,-0.041507888585329056
11720,142.125,-0.042403444647789,-0.03440014608204365,0.046615956351161,0.0,0.34130309373140333,-0.04115516953170299,-0.042403444647789
11730,103.4375,-0.033771075308322906,-0.039772149082273243,0.04623514041304588,0.0,0.3437254190444946,-0.03576314030215144,-0.033771075308322906
11740,106.8125,-0.038401052355766296,-0.046365433279424904,0.03261395078152418,0.0,0.3400509893894196,-0.041676738392561676,-0.038401052355766296
11750,123.6875,-0.02372145466506481,-0.04237189143896103,0.01902755256742239,0.0,0.3408546894788742,-0.041521523939445616,-0.02372145466506481
11760,107.6875,-0.030157890170812607,-0.035119499638676645,0.10201864317059517,0.0,0.3449798122048378,-0.03038380704820156,-0.030157890170812607
11770,109.71875,-0.026960905641317368,-0.029375693947076797,0.038146631233394145,0.0,0.3470501720905304,-0.03735478334128857,-0.026960905641317368
11780,147.3125,-0.00744884368032217,-0.02588751818984747,0.03674700334668159,0.0,0.3487851083278656,-0.011047182476613671,-0.00744884368032217
11790,112.09375,-0.028164494782686234,-0.04571628207340837,0.01705231489613652,0.0,0.34897911846637725,-0.01766980530228466,-0.028164494782686234
11800,131.0,-0.011522488668560982,-0.036059064837172625,0.12406454607844353,0.0,0.34850612133741377,-0.018139239342417568,-0.011522488668560982
11810,121.59375,-0.018718915060162544,-0.05514949429780245,0.028531558252871035,0.0,0.3555345892906189,-0.013472566154086962,-0.018718915060162544
11820,118.8125,-0.04378674179315567,-0.045800792053341866,0.05594933703541756,0.0,0.3546912223100662,-0.027759685087949036,-0.04378674179315567
11830,121.65625,-0.016334157437086105,-0.0394621916115284,0.04319590795785189,0.0,0.3480682373046875,-0.03358929054811597,-0.016334157437086105
11840,95.15625,-0.017049012705683708,-0.033604583330452444,0.1107343316078186,0.0,0.35179213881492616,-0.016227844869717956,-0.017049012705683708
11850,142.3125,-0.012415803968906403,-0.0227472641505301,0.16398595720529557,0.0,0.3560467854142189,-0.00341023892397061,-0.012415803968906403
11860,119.625,-0.014699767343699932,-0.04030186226591468,0.050263353437185285,0.0,0.355468837916851,-0.01269091481808573,-0.014699767343699932
11870,152.78125,0.0054133119992911816,-0.03018178790807724,0.12678119242191316,0.0,0.35767120122909546,-0.004632141930051148,0.0054133119992911816
11880,128.875,-0.007997763343155384,-0.02725290469825268,0.10215863287448883,0.0,0.3609834760427475,0.003083859593607485,-0.007997763343155384
11890,127.59375,-0.03619789332151413,-0.043076724652200936,0.060849211737513544,0.0,0.356347581744194,-0.02467431058175862,-0.03619789332151413
11900,138.34375,-0.01685412973165512,-0.028522980585694312,0.14559334516525269,0.0,0.34822113513946534,-0.026625203248113394,-0.01685412973165512
11910,142.65625,0.024825261905789375,-0.0141880851238966,0.16187723875045776,0.0,0.3570382192730904,0.004402127955108881,0.024825261905789375
11920,112.25,-0.014985300600528717,-0.036947190016508105,0.07617626711726189,0.0,0.35995798408985136,0.012492435425519944,-0.014985300600528717
11930,149.59375,-0.012301530689001083,-0.043556451238691805,0.06434886306524276,0.0,0.3548993870615959,-0.019428261555731297,-0.012301530689001083
11940,132.1875,0.008606675080955029,-0.02652661073952913,0.172637028247118,0.0,0.35561815947294234,0.008636734541505575,0.008606675080955029
11950,130.21875,0.010768789798021317,-0.030578837916254997,0.21322153508663177,0.0,0.3606665551662445,-0.0013557834725361317,0.010768789798021317
11960,127.6875,-0.033200133591890335,-0.03848224896937609,0.1372179239988327,0.0,0.3611310228705406,-0.011831456376239658,-0.033200133591890335
11970,112.03125,-0.04572010785341263,-0.037812482193112375,0.09692701399326324,0.0,0.35053453892469405,-0.03582477737218141,-0.04572010785341263
11980,124.625,-0.03932806849479675,-0.039431350957602265,0.1250085599720478,0.0,0.342318993806839,-0.04206878961995244,-0.03932806849479675
11990,140.875,0.0031142686493694782,-0.04717520624399185,0.03312659002840519,0.0,0.3454391106963158,-0.034874325850978494,0.0031142686493694782
12000,134.34375,0.007120498456060886,-0.032050082087516786,0.22295616418123246,0.0,0.35522130578756334,0.015691708866506816,0.007120498456060886
12010,124.4375,-0.020203780382871628,-0.04150504842400551,0.018446638714522123,0.0,0.3591112494468689,-0.0025063308305107055,-0.020203780382871628
12020,148.21875,-0.02531745284795761,-0.03619418269954622,0.1703002505004406,0.0,0.35517553687095643,-0.02865200089290738,-0.02531745284795761
12030,123.53125,0.0038635428063571453,-0.024534365348517894,0.13465694785118104,0.0,0.35542041063308716,-0.021611659904010594,0.0038635428063571453
12040,149.375,0.005907646846026182,-0.027197945304214953,0.09409887604415416,0.0,0.36142480224370954,0.00601496645831503,0.005907646846026182
12050,96.1875,-0.012263299897313118,-0.03307941723614931,0.07908770069479942,0.0,0.36078688949346543,-0.004124350450001657,-0.012263299897313118
12060,134.125,-0.025493137538433075,-0.0379487369209528,0.06436560861766338,0.0,0.3578247532248497,-0.023174061556346714,-0.025493137538433075
12070,116.53125,-0.057777635753154755,-0.04833873976022005,0.014894182048738002,0.0,0.3553925439715385,-0.046479019802063704,-0.057777635753154755
12080,108.21875,-0.04925547540187836,-0.03912434447556734,0.03454836346209049,0.0,0.3553850412368774,-0.03727159900590778,-0.04925547540187836
12090,129.6875,-0.016964739188551903,-0.0325551712885499,0.08226888924837113,0.0,0.356119142472744,-0.01712331718299538,-0.016964739188551903
12100,99.5,-0.0048394459299743176,-0.03279814040288329,0.057721685618162155,0.0,0.3605705603957176,-0.008224182541016489,-0.0048394459299743176
12110,169.625,0.005735419690608978,-0.019747340027242898,0.1600955121219158,0.0,0.3639694079756737,0.010034231783356518,0.005735419690608978
12120,124.1875,-0.0240114014595747,-0.02865920951589942,0.07442390322685241,0.0,0.36424626857042314,-0.013015733985230326,-0.0240114014595747
12130,155.5,0.002169259823858738,-0.02892893934622407,0.15313196554780006,0.0,0.36463537961244585,-0.007183110626647249,0.002169259823858738
12140,128.375,0.00850219652056694,-0.032167581096291545,0.14538620859384538,0.0,0.36952500641345976,0.006352554803015664,0.00850219652056694
12150,83.46875,-0.006255765445530415,-0.031336008571088314,0.12539028152823448,0.0,0.36888289004564284,-0.001345799391856417,-0.006255765445530415
12160,137.78125,-0.03728356212377548,-0.03993429285474122,0.09888527877628803,0.0,0.3666978508234024,-0.015858270367607473,-0.03728356212377548
12170,110.53125,-0.014007072895765305,-0.04362608511000872,0.01376868449151516,0.0,0.36348088681697843,-0.031451871152967215,-0.014007072895765305
12180,135.75,-0.013951372355222702,-0.03855477767065167,0.13431613743305207,0.0,0.36332086473703384,-0.01743251965381205,-0.013951372355222702
12190,135.46875,0.012188159860670567,-0.048005378991365436,0.030321697145700453,0.0,0.3631137415766716,-0.0095031259348616,0.012188159860670567
12200,121.5,0.005638717673718929,-0.02556984592229128,0.10291294921189546,0.0,0.36688869297504423,0.013931827363558113,0.005638717673718929
12210,146.40625,-0.010048813186585903,-0.02349760551005602,0.08815819136798382,0.0,0.37226641178131104,-0.001145463454304263,-0.010048813186585903
12220,119.78125,-0.004883629269897938,-0.03905761931091547,0.08999911434948445,0.0,0.3695824980735779,-0.01303665228188038,-0.004883629269897938
12230,128.4375,0.02928311750292778,-0.022521988954395056,0.09492909908294678,0.0,0.3690399006009102,0.01565927576739341,0.02928311750292778
12240,124.6875,0.0023349146358668804,-0.038261142745614055,0.12243218272924423,0.0,0.37315317094326017,0.006568459537811577,0.0023349146358668804
12250,139.40625,-0.01819280907511711,-0.04221180398017168,0.01610821969807148,0.0,0.37307016402482984,-0.017420651915017515,-0.01819280907511711
12260,112.25,-0.02275518700480461,-0.04579262938350439,0.09372908547520638,0.0,0.3661691933870316,-0.015760279557434843,-0.02275518700480461
12270,116.59375,-0.021273981779813766,-0.04271629396826029,0.06696712709963322,0.0,0.3610383912920952,-0.025220886524766683,-0.021273981779813766
12280,81.34375,-0.03832902014255524,-0.03499949127435684,0.1185618057847023,0.0,0.36188112050294874,-0.041619885619729756,-0.03832902014255524
12290,117.8125,-0.01958664134144783,-0.04082209691405296,0.05111786369234324,0.0,0.3596139684319496,-0.031053117476403713,-0.01958664134144783
12300,110.03125,-0.01296290010213852,-0.03087607529014349,0.029317168146371843,0.0,0.3637913793325424,-0.021911598579026758,-0.01296290010213852
12310,132.90625,0.0015364201972261071,-0.024200944881886243,0.23306451737880707,0.0,0.36870293617248534,0.0012634953483939171,0.0015364201972261071
12320,125.28125,-0.004373778123408556,-0.021741781383752823,0.08462170083075762,0.0,0.372399365901947,0.0007901695556938648,-0.004373778123408556
12330,136.8125,0.0040975091978907585,-0.02966063879430294,0.26301631033420564,0.0,0.3745110884308815,0.002995662856847048,0.0040975091978907585
12340,146.96875,0.017673393711447716,-0.043575234897434714,0.015703084599226712,0.0,0.3745011046528816,-0.0007256968296132982,0.017673393711447716
12350,110.09375,-0.008472884073853493,-0.03963958378881216,0.2827362895011902,0.0,0.3800478458404541,0.011230743024498224,-0.008472884073853493
12360,118.34375,-0.04981553927063942,-0.055430260486900806,0.06262706257402897,0.0,0.37479173839092256,-0.014715485885972157,-0.04981553927063942
12370,112.09375,-0.04280664026737213,-0.05556690059602261,0.04167305566370487,0.0,0.36840697526931765,-0.0412592364475131,-0.04280664026737213
12380,113.5,0.0036558830179274082,-0.04366760603152216,0.007768948283046484,0.0,0.36668716073036195,-0.030423675198107958,0.0036558830179274082
12390,135.90625,0.004096306394785643,-0.028963702730834484,0.18772134631872178,0.0,0.37398784011602404,0.001985570730175823,0.004096306394785643
12400,108.25,0.022594556212425232,-0.023478584364056587,0.12641693390905856,0.0,0.3762635052204132,0.014804127247771248,0.022594556212425232
12410,140.65625,0.006228799931704998,-0.022544041648507117,0.08719479665160179,0.0,0.3850638449192047,0.012775735673494637,0.006228799931704998
12420,120.03125,0.013269626535475254,-0.035136140137910846,0.04500099346041679,0.0,0.3789058566093445,-0.0017925273859873414,0.013269626535475254
12430,121.09375,0.026956915855407715,-0.029632113873958588,0.19542112201452255,0.0,0.3846259817481041,0.018694261473137887,0.026956915855407715
12440,123.34375,0.002296681981533766,-0.027806913806125523,0.0894770234823227,0.0,0.3817443117499352,0.006317788502201438,0.002296681981533766
12450,119.5,-0.025798775255680084,-0.032944734394550326,0.05707435868680477,0.0,0.37672457545995713,-0.02080709832953289,-0.025798775255680084
12460,134.84375,-0.015002119354903698,-0.04670411739498377,0.05522478222846985,0.0,0.3722457215189934,-0.02916088355705142,-0.015002119354903698
12470,106.5,-0.053103845566511154,-0.04293858143500984,0.06531045734882354,0.0,0.3654382973909378,-0.037993235141038896,-0.053103845566511154
12480,111.5,-0.03473760187625885,-0.04803189858794212,0.05773812010884285,0.0,0.35873857587575914,-0.043072994146496055,-0.03473760187625885
12490,134.0,-0.01681385189294815,-0.0475051898509264,0.015008317213505507,0.0,0.3606253117322922,-0.03176953454967588,-0.01681385189294815
12500,127.125,0.01364927738904953,-0.03568365080282092,0.0540222279727459,0.0,0.37049118131399156,0.0064940039184875785,0.01364927738904953
12510,111.90625,0.02567089907824993,-0.025535053014755248,0.05914818160235882,0.0,0.3782462030649185,0.01912650011945516,0.02567089907824993
12520,131.5625,0.007967471145093441,-0.027990664914250375,0.12604064643383026,0.0,0.3822794646024704,0.014578754478134216,0.007967471145093441
12530,123.78125,0.01519889384508133,-0.027665241993963717,0.09893716275691986,0.0,0.37297665178775785,-0.0015658512013033033,0.01519889384508133
12540,148.0,0.007666812278330326,-0.04640804678201675,0.017082820273935796,0.0,0.3792570486664772,0.014233787474222482,0.007666812278330326
12550,128.625,-0.02856900729238987,-0.036424198653548956,0.0974553119391203,0.0,0.3822032004594803,0.0011923705867957323,-0.02856900729238987
12560,122.375,-0.026323514059185982,-0.05183683950453997,0.03639787454158068,0.0,0.37425740659236906,-0.016858597472310066,-0.026323514059185982
12570,139.3125,0.004003711044788361,-0.04551806412637234,0.014293689467012882,0.0,0.3712335303425789,-0.00901119909249246,0.004003711044788361
12580,114.625,0.018243156373500824,-0.04587217848747969,0.029264813102781773,0.0,0.37659900933504104,0.007163775025401264,0.018243156373500824
12590,156.03125,0.012955117039382458,-0.031421223655343056,0.015019586216658354,0.0,0.3852396845817566,0.014443550468422472,0.012955117039382458
12600,130.6875,-0.037712957710027695,-0.03637995775789023,0.07495214939117431,0.0,0.3779436558485031,-0.01537417956860736,-0.037712957710027695
12610,146.53125,-0.010144291445612907,-0.035233309119939805,0.08208364099264145,0.0,0.37174985706806185,-0.0323055227752775,-0.010144291445612907
12620,116.5625,0.01891191303730011,-0.024183208215981723,0.2800812005996704,0.0,0.37934641540050507,0.017134106298908592,0.01891191303730011
12630,110.53125,0.019926728680729866,-0.02614096933975816,0.1893768712878227,0.0,0.3839972987771034,0.03564651692286134,0.019926728680729866
12640,116.1875,0.006525917444378138,-0.03677219869568944,0.05536492504179478,0.0,0.38181609511375425,0.009860028803814203,0.006525917444378138
12650,119.53125,-0.011963138356804848,-0.03522196002304554,0.09387987926602363,0.0,0.37942467629909515,-0.018316568760201334,-0.011963138356804848
12660,135.78125,-0.015497340820729733,-0.028986260667443274,0.03872416187077761,0.0,0.37493865489959716,-0.01853383957641199,-0.015497340820729733
12670,151.71875,0.0021874834783375263,-0.025218169577419756,0.12557210698723792,0.0,0.3779647141695023,-0.008724821580108255,0.0021874834783375263
12680,119.0625,0.02160859853029251,-0.02596360296010971,0.37580958306789397,0.0,0.3847508132457733,0.01479808856965974,0.02160859853029251
12690,134.71875,0.015468860976397991,-0.0297625757753849,0.16351629346609114,0.0,0.3925881922245026,0.024958556750789285,0.015468860976397991
12700,112.4375,-0.03157537803053856,-0.039629403688013556,0.12061357647180557,0.0,0.38940497785806655,0.005409500387031585,-0.03157537803053856
12710,124.5,-0.023110195994377136,-0.029072430916130543,0.13261240497231483,0.0,0.382566137611866,-0.010760432214010508,-0.023110195994377136
12720,116.65625,-0.001566978171467781,-0.040988034568727016,0.08438239730894566,0.0,0.379212974011898,-0.017756707919761538,-0.001566978171467781
12730,129.71875,0.019053960219025612,-0.020943993143737315,0.260183285176754,0.0,0.38149168640375136,0.01128621204989031,0.019053960219025612
12740,117.375,-0.004975872114300728,-0.03378658099099994,0.2423690751194954,0.0,0.3850270673632622,0.01620454250369221,-0.004975872114300728
12750,109.9375,-0.01859430968761444,-0.043357436545193195,0.06634929664433002,0.0,0.38751517087221143,0.005473508586874232,-0.01859430968761444
12760,110.84375,-0.04570646211504936,-0.05648718494921923,0.026677409745752813,0.0,0.38022206723690033,-0.02832102426327765,-0.04570646211504936
12770,100.0625,-0.016089564189314842,-0.03533055391162634,0.07247443795204163,0.0,0.37725973725318906,-0.02965117762796581,-0.016089564189314842
12780,140.0,0.011309039779007435,-0.026671572774648666,0.026893338654190302,0.0,0.3791030913591385,-0.004711014870554209,0.011309039779007435
12790,127.125,0.004261447116732597,-0.0338983528316021,0.09311725199222565,0.0,0.3871466413140297,0.014433459867723286,0.004261447116732597
12800,129.46875,0.01988709531724453,-0.023860369250178336,0.13899636548012495,0.0,0.389841815829277,0.023552573285996914,0.01988709531724453
12810,150.375,-0.003025531070306897,-0.023705227859318258,0.0594256741926074,0.0,0.38692847490310667,0.002703307691263035,-0.003025531070306897
12820,145.1875,-0.020586416125297546,-0.03978332690894604,0.014352514035999775,0.0,0.3820464640855789,-0.01725164460367523,-0.020586416125297546
12830,126.90625,0.002129470696672797,-0.029355473723262547,0.2885810285806656,0.0,0.37459606975317,-0.013762182637583465,0.002129470696672797
12840,144.65625,0.03158042952418327,-0.019429603544995188,0.3609398275613785,0.0,0.37990998178720475,0.018674483278300614,0.03158042952418327
12850,102.78125,0.007418939843773842,-0.032094983756542204,0.3111997827887535,0.0,0.39155955910682677,0.023981809569522738,0.007418939843773842
12860,150.3125,0.0068428050726652145,-0.05049230055883527,0.0339816739782691,0.0,0.3939965292811394,0.01556680309586227,0.0068428050726652145
12870,96.84375,-0.055271320044994354,-0.0456361198797822,0.06077943742275238,0.0,0.38272866904735564,-0.026703655405435713,-0.055271320044994354
12880,128.375,-0.05480647087097168,-0.043922319263219836,0.0799006599932909,0.0,0.3748978033661842,-0.037212650291621685,-0.05480647087097168
12890,123.6875,-0.02506602369248867,-0.0404517661780119,0.03948626089841127,0.0,0.3734458953142166,-0.02891746221575886,-0.02506602369248867
12900,139.03125,-0.01048122625797987,-0.029449353367090224,0.13850657269358635,0.0,0.37910321950912473,-0.007011435145977884,-0.01048122625797987
12910,121.5,0.018768001347780228,-0.021304901316761972,0.053540405631065366,0.0,0.39167478382587434,0.008823407324962318,0.018768001347780228
12920,131.15625,0.032121121883392334,-0.02207153206691146,0.13263222426176072,0.0,0.3946164891123772,0.04022681172937155,0.032121121883392334
12930,132.6875,-0.010370370000600815,-0.03892724020406604,0.033881006948649886,0.0,0.3927477583289146,0.001473259215708822,-0.010370370000600815
12940,124.21875,-0.025661543011665344,-0.027696533873677254,0.05162983015179634,0.0,0.37729232609272,-0.03083287924528122,-0.025661543011665344
12950,125.4375,-0.0073061599396169186,-0.02185875866562128,0.06280818209052086,0.0,0.376312118768692,-0.026471668365411462,-0.0073061599396169186
12960,139.125,0.021940011531114578,-0.020149398315697908,0.11594475358724594,0.0,0.3820143833756447,0.013171693473123015,0.021940011531114578
12970,125.28125,0.01872406154870987,-0.022285647969692946,0.19524502083659173,0.0,0.3903389275074005,0.021547542233020068,0.01872406154870987
12980,138.0625,0.009568421170115471,-0.023753589019179344,0.046619716193526985,0.0,0.3990422159433365,0.013470601069275289,0.009568421170115471
12990,121.84375,-0.007704388815909624,-0.03789200931787491,0.11921699568629265,0.0,0.3997774213552475,0.0026718073873780667,-0.007704388815909624
13000,136.96875,-0.019646011292934418,-0.03257040232419968,0.13585077822208405,0.0,0.3933415949344635,-0.00024496226687915624,-0.019646011292934418
13010,88.5,-0.06861469149589539,-0.04956973977386951,0.04585561119019985,0.0,0.38759666830301287,-0.019785684370435774,-0.06861469149589539
13020,123.46875,-0.013970334082841873,-0.04493129644542933,0.025852603651583195,0.0,0.38227775543928144,-0.03751546717248857,-0.013970334082841873
13030,110.0625,-0.010088831186294556,-0.043127562291920184,0.030958429910242558,0.0,0.38038754761219024,-0.023338850226718933,-0.010088831186294556
13040,108.78125,0.028452156111598015,-0.027969633042812348,0.11873640269041061,0.0,0.3870443105697632,0.004566366365179419,0.028452156111598015
13050,104.625,0.012268510647118092,-0.028521307557821274,0.14087342619895935,0.0,0.3915925547480583,0.017406686733011156,0.012268510647118092
13060,130.46875,-0.03426247835159302,-0.03479352621361613,0.13661811724305153,0.0,0.38732357174158094,-0.004042935615871102,-0.03426247835159302
13070,118.21875,-0.013412196189165115,-0.04279125202447176,0.04276102855801582,0.0,0.3790927350521088,-0.03117562043480575,-0.013412196189165115
13080,146.4375,0.008497277274727821,-0.036881427839398385,0.015654677990823984,0.0,0.3820963814854622,-0.009667867585085333,0.008497277274727821
13090,136.3125,0.01435514073818922,-0.025574233569204807,0.06439428180456161,0.0,0.3842967078089714,0.02109332545660436,0.01435514073818922
13100,142.0625,0.015934376046061516,-0.023904899973422288,0.10213639251887799,0.0,0.39534023106098176,0.01689176823711023,0.015934376046061516
13110,113.6875,0.011821944266557693,-0.0361067146062851,0.3790827602148056,0.0,0.4038601085543633,0.011113942274823785,0.011821944266557693
13120,140.65625,0.002326937858015299,-0.04003979433327913,0.023799370415508746,0.0,0.40252501517534256,0.009212968964129686,0.002326937858015299
13130,102.0,-0.0038244614843279123,-0.04826776515692473,0.056293582916259764,0.0,0.39752745628356934,0.005119738937355578,-0.0038244614843279123
13140,117.75,-0.021614935249090195,-0.05124509893357754,0.018203573115170003,0.0,0.39824088960886,-0.0013110938831232487,-0.021614935249090195
13150,102.90625,-0.01184990257024765,-0.029905253648757936,0.1374932423233986,0.0,0.3949084773659706,0.008639688265975564,-0.01184990257024765
13160,136.0625,-0.0038869199343025684,-0.037763506174087524,0.01075279419310391,0.0,0.39200080931186676,0.005385566235054285,-0.0038869199343025684
13170,121.375,-0.004465902224183083,-0.032178294472396375,0.03130673933774233,0.0,0.38994079232215884,-0.014408388116862625,-0.004465902224183083
13180,132.1875,-0.001354792038910091,-0.05299518574029207,0.02758093662559986,0.0,0.3923838138580322,0.013001468311995269,-0.001354792038910091
13190,94.0625,0.002059022895991802,-0.044865249004215,0.028537234477698802,0.0,0.39467544108629227,0.011360683513339609,0.002059022895991802
13200,99.59375,-0.009893883019685745,-0.04745730943977833,0.018464868329465388,0.0,0.3965630829334259,-0.02590498053468764,-0.009893883019685745
13210,134.84375,0.02375650405883789,-0.03425607020035386,0.015061806607991456,0.0,0.39322606176137925,-0.006813661754131317,0.02375650405883789
13220,124.8125,0.02332773059606552,-0.032353870756924155,0.033077717013657096,0.0,0.40187969654798505,0.01445667203515768,0.02332773059606552
13230,136.25,0.0320604108273983,-0.020173400267958642,0.13538645803928376,0.0,0.40401529520750046,0.018493108567781746,0.0320604108273983
13240,139.1875,0.03606819361448288,-0.016703243553638458,0.07361164968460798,0.0,0.40774510651826856,0.03621098110452294,0.03606819361448288
13250,131.9375,-0.007158386055380106,-0.03164749937132001,0.066164680570364,0.0,0.40792977064847946,0.01538886750349775,-0.007158386055380106
13260,116.625,-0.02078416384756565,-0.04175841957330704,0.059186145663261414,0.0,0.39546279460191724,-0.011224217910785228,-0.02078416384756565
13270,120.125,0.0247091855853796,-0.0309782138094306,0.2259184777736664,0.0,0.3926117569208145,-0.001748579670675099,0.0247091855853796
13280,132.1875,0.017541877925395966,-0.03878757413476706,0.13470728173851967,0.0,0.3987408891320229,0.03162146485410631,0.017541877925395966
13290,127.78125,0.02270607464015484,-0.021698342356830835,0.10353799909353256,0.0,0.40096218287944796,0.02371805622242391,0.02270607464015484
13300,123.15625,0.0031256424263119698,-0.040259070321917535,0.08060125038027763,0.0,0.40205053985118866,0.013378263404592871,0.0031256424263119698
13310,142.28125,0.020028645172715187,-0.03159966580569744,0.0174416147172451,0.0,0.3998247101902962,0.011639778385870159,0.020028645172715187
13320,110.71875,0.012379605323076248,-0.027308009378612042,0.05593005158007145,0.0,0.4027002289891243,0.008638975652866065,0.012379605323076248
13330,122.9375,-0.006188858300447464,-0.047906600311398505,0.06599830389022827,0.0,0.4025424048304558,0.005110640107886866,-0.006188858300447464
13340,124.90625,-0.02482379972934723,-0.0541940551251173,0.011574718728661537,0.0,0.3997297629714012,-0.006754065677523613,-0.02482379972934723
13350,120.46875,0.005979191046208143,-0.027708505280315876,0.07313240692019463,0.0,0.40278120040893556,-0.0020071115519385784,0.005979191046208143
13360,124.625,0.03092455118894577,-0.024070641584694387,0.05358400531113148,0.0,0.40389220267534254,0.009132745559327304,0.03092455118894577
13370,111.25,0.03473743051290512,-0.025440615229308607,0.14779051169753074,0.0,0.40657061487436297,0.02089113004039973,0.03473743051290512
13380,155.375,0.032162800431251526,-0.031869145855307576,0.014728007931262254,0.0,0.4108701780438423,0.027413767669349907,0.032162800431251526
13390,124.90625,0.01694079115986824,-0.042936067655682565,0.02421669438481331,0.0,0.4085324615240097,0.017677442904096098,0.01694079115986824
13400,140.5,0.01725773885846138,-0.02581745246425271,0.154129858314991,0.0,0.4077185794711113,0.012975080450996757,0.01725773885846138
13410,97.46875,0.03133399039506912,-0.029229661077260972,0.4911965191364288,0.0,0.40684216618537905,0.023859847243875264,0.03133399039506912
13420,134.6875,0.0332091748714447,-0.01935897832736373,0.267743481695652,0.0,0.41567951142787934,0.034327090438455346,0.0332091748714447
13430,140.96875,0.035809800028800964,-0.03361166175454855,0.010479262098670006,0.0,0.4205953672528267,0.03212615959346295,0.035809800028800964
13440,155.0,0.024106184020638466,-0.030723961535841227,0.1514411114156246,0.0,0.4156345263123512,0.030789788346737623,0.024106184020638466
13450,133.34375,0.02440704219043255,-0.021151290088891984,0.11046555712819099,0.0,0.41246832311153414,0.015447592071723193,0.02440704219043255
13460,119.0625,0.028104379773139954,-0.023980255424976348,0.28456872403621675,0.0,0.41256450563669206,0.02028270948212594,0.028104379773139954
13470,139.4375,0.03224710375070572,-0.024127539340406658,0.40529322922229766,0.0,0.4141110211610794,0.028984641982242466,0.03224710375070572
13480,96.5,0.056963514536619186,-0.030008470080792903,0.13438966125249863,0.0,0.41680421084165575,0.041116899065673354,0.056963514536619186
13490,144.6875,0.028582410886883736,-0.03158501032739878,0.048974006250500676,0.0,0.42024050652980804,0.03678813106380403,0.028582410886883736
13500,123.25,-0.0034976047463715076,-0.04278896227478981,0.016498285811394453,0.0,0.4074446275830269,0.0034073464339599013,-0.0034976047463715076
13510,149.71875,0.03657519817352295,-0.025209831818938256,1.0895604074001313,0.0,0.4004500165581703,0.020010036882013083,0.03657519817352295
13520,122.5625,0.03698956221342087,-0.040812186524271966,0.025422517210245132,0.0,0.40943252891302107,0.04224344370886683,0.03698956221342087
13530,144.5625,0.03190002590417862,-0.021608528681099415,0.2722302794456482,0.0,0.4171340823173523,0.04288767259567976,0.03190002590417862
13540,102.1875,0.010019350796937943,-0.034716473706066606,0.07447754740715026,0.0,0.4107513576745987,0.016046872758306564,0.010019350796937943
13550,152.5,0.007968921214342117,-0.03917427249252796,0.01824054727330804,0.0,0.4058499291539192,0.005669134930940345,0.007968921214342117
13560,116.0625,-0.01847349852323532,-0.03494821693748236,0.1290861576795578,0.0,0.4021205618977547,8.458811789751053e-05,-0.01847349852323532
13570,128.5625,-0.01037583313882351,-0.036316767893731595,0.06558922603726387,0.0,0.4009723424911499,0.006554967246484011,-0.01037583313882351
13580,110.0625,0.0076354872435331345,-0.03654517736285925,0.08716285303235054,0.0,0.40247372835874556,0.015470212232321501,0.0076354872435331345
13590,142.96875,0.034381210803985596,-0.02883827704936266,0.15838695764541627,0.0,0.4122999384999275,0.029878626158460975,0.034381210803985596
13600,113.625,0.0031129182316362858,-0.022322638798505066,0.11146428883075714,0.0,0.41512781083583833,0.028226577525492756,0.0031129182316362858
13610,133.59375,0.00929965265095234,-0.03655692841857672,0.04480551201850176,0.0,0.4105309575796127,0.0175820616655983,0.00929965265095234
13620,125.0625,0.03263429179787636,-0.02808220759034157,0.16856784373521805,0.0,0.4074204102158546,0.01653929559979588,0.03263429179787636
13630,105.625,0.0300768930464983,-0.029079057276248932,0.22883616536855697,0.0,0.41384626030921934,0.03020462403073907,0.0300768930464983
13640,120.90625,-0.034371405839920044,-0.03286171518266201,0.11806285083293915,0.0,0.41026012748479845,0.017504481971263884,-0.034371405839920044
13650,128.9375,0.009458198212087154,-0.04162289127707482,0.015485585015267134,0.0,0.4055254444479942,0.0051354561350308355,0.009458198212087154
13660,120.6875,0.0214025117456913,-0.022458181716501713,0.06194501928985119,0.0,0.40642579793930056,0.01249509333865717,0.0214025117456913
13670,147.0,0.0184185691177845,-0.026252298150211573,0.1398983530700207,0.0,0.4109019830822945,0.019882487878203393,0.0184185691177845
13680,127.21875,0.025792492553591728,-0.042156507074832913,0.011692948825657367,0.0,0.4123153194785118,0.01819683131761849,0.025792492553591728
13690,133.25,0.03653135150671005,-0.02479722173884511,0.40845208764076235,0.0,0.41751268208026887,0.034844308998435734,0.03653135150671005
13700,120.25,0.02761436253786087,-0.02654711464419961,0.042446453124284744,0.0,0.42439006716012956,0.029802392516285182,0.02761436253786087
13710,138.5,-0.006033231038600206,-0.032602297700941564,0.11988169774413109,0.0,0.4145810678601265,0.008932886796537786,-0.006033231038600206
13720,156.125,0.002112161135300994,-0.025497807003557683,0.10573853552341461,0.0,0.4094245031476021,-0.00038859355263412,0.002112161135300994
13730,121.25,0.030502505600452423,-0.030993446614593266,0.17197360694408417,0.0,0.4117146745324135,0.013995936838909984,0.030502505600452423
13740,143.84375,0.028714995831251144,-0.030002561490982772,0.10621294844895601,0.0,0.41973927021026614,0.035669861175119874,0.028714995831251144
13750,121.75,0.029911259189248085,-0.025363135896623135,0.09582205899059773,0.0,0.42895016968250277,0.037856172397732736,0.029911259189248085
13760,136.3125,0.013963805511593819,-0.03348259385675192,0.08305741399526596,0.0,0.42787360548973086,0.025036442512646317,0.013963805511593819
13770,118.15625,0.003298706142231822,-0.03707042764872313,0.05061007924377918,0.0,0.41647058725357056,0.019801608857233078,0.003298706142231822
13780,101.53125,0.005218660458922386,-0.03396237380802632,0.056118250638246533,0.0,0.41713095754384993,0.014526061341166496,0.005218660458922386
13790,94.65625,-0.011216102167963982,-0.05102064637467265,0.018159487470984458,0.0,0.41257194727659224,-0.00011850716546177865,-0.011216102167963982
13800,90.15625,-0.0205208919942379,-0.0509282547980547,0.022230364754796027,0.0,0.4107823222875595,-0.01988970027305186,-0.0205208919942379
13810,106.0,-0.025616444647312164,-0.0526627192273736,0.01214267136529088,0.0,0.4060782536864281,-0.024604587769135832,-0.025616444647312164
13820,105.125,-0.04243152588605881,-0.034094092436134815,0.02522520124912262,0.0,0.40316145569086076,-0.024139473849209024,-0.04243152588605881
13830,104.15625,-0.006461405195295811,-0.039749777689576146,0.04643615148961544,0.0,0.40322320014238355,-0.011658114532474428,-0.006461405195295811
13840,121.125,0.00031004392076283693,-0.037471423763781785,0.03579516783356666,0.0,0.4079096779227257,-0.0005496357684023678,0.00031004392076283693
13850,103.84375,-0.008109967224299908,-0.03139387061819434,0.04278135001659393,0.0,0.41014023423194884,-0.00458215088583529,-0.008109967224299908
13860,131.03125,0.0064506931230425835,-0.0285513985902071,0.13669320642948152,0.0,0.418767449259758,0.017482951248530297,0.0064506931230425835
13870,100.375,0.006202248856425285,-0.042248990200459954,0.021466513536870478,0.0,0.4149781405925751,0.007320130831794813,0.006202248856425285
13880,141.46875,0.021182961761951447,-0.03457027282565832,0.0553101141937077,0.0,0.414206737279892,0.010210702882613987,0.021182961761951447
13890,116.40625,0.018700011074543,-0.03581253569573164,0.056445753574371337,0.0,0.41393892616033556,0.017364379949867725,0.018700011074543
13900,131.71875,0.015077178366482258,-0.023355549760162832,0.05881579145789147,0.0,0.42059397995471953,0.024102690862491727,0.015077178366482258
13910,127.84375,0.03922503441572189,-0.026268641091883184,0.1672888457775116,0.0,0.4257080093026161,0.03920341935008764,0.03922503441572189
13920,107.71875,0.027187278494238853,-0.03461223132908344,0.03232731446623802,0.0,0.4226769834756851,0.027375152753666043,0.027187278494238853
13930,136.5,0.04203743860125542,-0.03221140867099166,0.12774308547377586,0.0,0.42449609041213987,0.03770845392718911,0.04203743860125542
13940,116.4375,0.026959963142871857,-0.035857840441167355,0.025504114758223295,0.0,0.42528222054243087,0.026011306513100862,0.026959963142871857
13950,120.125,0.020598961040377617,-0.03630073666572571,0.018907464668154718,0.0,0.4222413286566734,0.01822694797301665,0.020598961040377617
13960,124.375,0.013686150312423706,-0.03376637529581785,0.052236816845834255,0.0,0.41926223039627075,0.025487483269535004,0.013686150312423706
13970,130.6875,0.03835972025990486,-0.041528056003153326,0.03355525881052017,0.0,0.42455252557992934,0.027355907834134996,0.03835972025990486
13980,137.59375,0.03731505572795868,-0.0318004603497684,0.06034355536103249,0.0,0.4226613253355026,0.02743987301364541,0.03731505572795868
13990,127.4375,0.02839256264269352,-0.031220271345227958,0.11187368035316467,0.0,0.4184287577867508,0.0243152413982898,0.02839256264269352
14000,118.25,0.05157431960105896,-0.032127453852444886,0.17076368480920792,0.0,0.4194068342447281,0.033026261650957164,0.05157431960105896
14010,143.21875,0.046841152012348175,-0.035420842748135326,0.09770080670714379,0.0,0.4262569844722748,0.046852385811507705,0.046841152012348175
14020,99.46875,0.04512929543852806,-0.024938526563346386,0.047351214289665225,0.0,0.42469683587551116,0.02153052813373506,0.04512929543852806
14030,137.21875,0.006215469446033239,-0.040291482396423814,0.038462623581290246,0.0,0.425341871380806,0.022874484909698366,0.006215469446033239
14040,147.25,0.034765563905239105,-0.0327200872823596,0.03749054213985801,0.0,0.42365546673536303,0.02637330365832895,0.034765563905239105
14050,112.46875,0.06267940253019333,-0.021159704914316534,0.28666050136089327,0.0,0.4251621559262276,0.05033025462180376,0.06267940253019333
14060,137.75,0.016837934032082558,-0.02160188853740692,0.1150586873292923,0.0,0.4286924198269844,0.03475757548585534,0.016837934032082558
14070,145.25,0.015641428530216217,-0.02695957003161311,0.10349562205374241,0.0,0.41438899636268617,0.007923417550045997,0.015641428530216217
14080,127.90625,0.05658785253763199,-0.03871147371828556,0.12836032025516034,0.0,0.4114453300833702,0.03452128870412707,0.05658785253763199
14090,135.0,0.03271599858999252,-0.03244392834603786,0.16653355956077576,0.0,0.42807894200086594,0.05512885274365544,0.03271599858999252
14100,129.5,0.04363536834716797,-0.03092675916850567,0.1088695727288723,0.0,0.4309976130723953,0.03773104455322027,0.04363536834716797
14110,125.28125,0.049729205667972565,-0.03201583661139011,0.11459878459572792,0.0,0.42872508615255356,0.04202313888818025,0.049729205667972565
14120,123.84375,0.05105912312865257,-0.03172710314393044,0.07479137107729912,0.0,0.4254686668515205,0.03896285630762577,0.05105912312865257
14130,129.96875,0.04131177067756653,-0.031024101376533508,0.08065482787787914,0.0,0.43003266006708146,0.04422218976542354,0.04131177067756653
14140,128.0625,0.029413651674985886,-0.033802812173962596,0.1644385427236557,0.0,0.43113448917865754,0.0409364202991128,0.029413651674985886
14150,130.15625,0.03846193850040436,-0.04077012185007334,0.009822199866175652,0.0,0.42820607870817184,0.025911727466154843,0.03846193850040436
14160,134.25,0.043205708265304565,-0.0477506885305047,0.008675300423055888,0.0,0.43224150836467745,0.03658065411727875,0.043205708265304565
14170,126.3125,0.03125228360295296,-0.03512660609558225,0.03700259369798005,0.0,0.4303894490003586,0.03480579210445285,0.03125228360295296
14180,126.03125,0.016220152378082275,-0.026901624538004397,0.08435584008693695,0.0,0.4301767200231552,0.03358487844234333,0.016220152378082275
14190,139.875,0.025044478476047516,-0.03403919842094183,0.0897237166762352,0.0,0.4252014085650444,0.029596473276615142,0.025044478476047516
14200,110.25,0.03172418102622032,-0.030725317308679223,0.04835157245397568,0.0,0.4251726508140564,0.031198120582848786,0.03172418102622032
14210,135.78125,0.0246121808886528,-0.028360182978212835,0.05862377472221851,0.0,0.42459101527929305,0.03443304179236293,0.0246121808886528
14220,117.34375,-0.00048759509809315205,-0.03159456085413694,0.0657123576849699,0.0,0.41756053268909454,-0.0009994495892897248,-0.00048759509809315205
14230,102.40625,0.045623984187841415,-0.03254940714687109,0.1452195756137371,0.0,0.41565915793180463,0.01764692886499688,0.045623984187841415
14240,123.8125,0.02498900331556797,-0.039394411444664004,0.08651053458452225,0.0,0.4240558102726936,0.037652321078348906,0.02498900331556797
14250,102.53125,0.02635507471859455,-0.04220295548439026,0.1020329862833023,0.0,0.432125224173069,0.02442338364198804,0.02635507471859455
14260,115.625,0.023383811116218567,-0.031530281715095046,0.04021578729152679,0.0,0.43215254992246627,0.01651535202981904,0.023383811116218567
14270,147.0625,0.03611074388027191,-0.043053793255239725,0.015503039862960578,0.0,0.43232756704092024,0.03286258559674025,0.03611074388027191
14280,108.90625,0.04225311428308487,-0.02181138824671507,0.09966406002640724,0.0,0.4351601883769035,0.034809896373189986,0.04225311428308487
14290,133.90625,0.05110136792063713,-0.038488165196031335,0.043319779261946675,0.0,0.44001728743314744,0.050846469774842265,0.05110136792063713
14300,114.6875,0.05857176333665848,-0.047868516854941846,0.00942502086982131,0.0,0.4420615717768669,0.04892759779468179,0.05857176333665848
14310,162.5625,0.04231853038072586,-0.02937754159793258,0.1060074109584093,0.0,0.4395980894565582,0.0553760077804327,0.04231853038072586
14320,133.96875,0.024540014564990997,-0.04323383681476116,0.01179148480296135,0.0,0.4317872539162636,0.02358948173932731,0.024540014564990997
14330,125.5625,0.04155741259455681,-0.02976380307227373,0.3192009001970291,0.0,0.43538076281547544,0.05053680539131165,0.04155741259455681
14340,137.0,0.039561282843351364,-0.02063059601932764,0.08288592733442783,0.0,0.43806688487529755,0.055310106743127106,0.039561282843351364
14350,118.40625,0.01617811992764473,-0.04349267855286598,0.04365833885967731,0.0,0.43931480348110197,0.043125257990323004,0.01617811992764473
14360,123.03125,0.013591442257165909,-0.054250111989676955,0.007532400777563453,0.0,0.4343273192644119,0.019317876495188104,0.013591442257165909
14370,114.84375,0.02669028751552105,-0.02513238023966551,0.05756387673318386,0.0,0.4355351194739342,0.03661365819280036,0.02669028751552105
14380,147.125,0.019051145762205124,-0.03845931552350521,0.066623754799366,0.0,0.437697260081768,0.038021708372980356,0.019051145762205124
14390,124.84375,0.06291841715574265,-0.027908771112561227,0.06747338939458132,0.0,0.4366188645362854,0.04629677589982748,0.06291841715574265
14400,139.09375,0.03254316374659538,-0.031888323836028576,0.17310816645622254,0.0,0.4462575316429138,0.059915338084101676,0.03254316374659538
14410,141.375,0.030784808099269867,-0.022546013910323383,0.15521707385778427,0.0,0.4396453022956848,0.038380983751267195,0.030784808099269867
14420,118.25,0.04637699946761131,-0.034883293136954305,0.24520390033721923,0.0,0.43093091398477557,0.04055227003991604,0.04637699946761131
14430,119.59375,0.06404745578765869,-0.030112610012292863,0.23130806684494018,0.0,0.43653605580329896,0.05909702498465776,0.06404745578765869
14440,117.75,0.05331726372241974,-0.03511299388483167,0.027153478190302848,0.0,0.44115072339773176,0.059771249443292616,0.05331726372241974
14450,144.125,0.033072374761104584,-0.032401399314403535,0.09833812192082406,0.0,0.4375079333782196,0.046350397355854514,0.033072374761104584
14460,129.96875,0.028104407712817192,-0.039604553021490574,0.11538088992238045,0.0,0.4296812996268272,0.03325247587636113,0.028104407712817192
14470,145.75,0.059246860444545746,-0.036135786399245265,0.06596316397190094,0.0,0.43281334042549136,0.04222978944890201,0.059246860444545746
14480,120.5,0.05946221947669983,-0.029139820113778116,0.1701504833996296,0.0,0.4402378469705582,0.054626189963892104,0.05946221947669983
14490,136.21875,0.034785911440849304,-0.02606132663786411,0.11200181022286415,0.0,0.44546066522598265,0.04771321266889572,0.034785911440849304
14500,124.8125,0.035251736640930176,-0.024168943520635366,0.11759039610624314,0.0,0.44134312868118286,0.0322644071187824,0.035251736640930176
14510,125.9375,0.04110211133956909,-0.027379804849624635,0.2028140492737293,0.0,0.44406945556402205,0.035663397051393986,0.04110211133956909
14520,140.09375,0.07674385607242584,-0.025997256115078925,0.04382112696766853,0.0,0.44629967510700225,0.056008532829582694,0.07674385607242584
14530,141.75,0.05198502540588379,-0.024162820633500816,0.14387863576412202,0.0,0.44799336791038513,0.06432956755161286,0.05198502540588379
14540,158.21875,0.03210192918777466,-0.04865601975470781,0.019668352976441383,0.0,0.4382118284702301,0.04196073412895203,0.03210192918777466
14550,116.78125,0.03921263664960861,-0.02982464022934437,0.12358269393444062,0.0,0.4357622668147087,0.0316888177767396,0.03921263664960861
14560,150.5,0.03805065155029297,-0.032160871848464015,0.30537590980529783,0.0,0.4374626576900482,0.04354009833186865,0.03805065155029297
14570,102.84375,0.05269830673933029,-0.029097572714090348,0.17390016317367554,0.0,0.44225570261478425,0.047762210667133334,0.05269830673933029
14580,139.96875,0.03913557529449463,-0.015991116501390935,0.16499767005443572,0.0,0.45225076377391815,0.05591058693826199,0.03913557529449463
14590,130.78125,0.012677977792918682,-0.02545334678143263,0.06703874338418245,0.0,0.4493307381868362,0.023912102961912752,0.012677977792918682
14600,143.75,0.019969085231423378,-0.031099279783666132,0.05443426016718149,0.0,0.4416465267539024,0.009527680440805852,0.019969085231423378
14610,116.21875,0.06520995497703552,-0.03587196208536625,0.3522443652153015,0.0,0.4395356521010399,0.04461644124239683,0.06520995497703552
14620,135.375,0.08019432425498962,-0.013816761039197444,0.07401630841195583,0.0,0.44837444722652436,0.08702749125659466,0.08019432425498962
14630,123.78125,0.029077336192131042,-0.031981246639043094,0.18859062492847442,0.0,0.4465131312608719,0.055500431917607784,0.029077336192131042
14640,138.34375,0.023960039019584656,-0.030125701706856488,0.029660021141171455,0.0,0.4368172898888588,0.023204381810501218,0.023960039019584656
14650,130.8125,0.04427570849657059,-0.026105374470353125,0.19267031103372573,0.0,0.4367613807320595,0.035739990044385196,0.04427570849657059
14660,128.71875,0.07177101075649261,-0.03710185140371323,0.05791312158107757,0.0,0.4426429644227028,0.05719006434082985,0.07177101075649261
14670,130.09375,0.06406132876873016,-0.024297362193465233,0.3822967723011971,0.0,0.4529561325907707,0.07916007060557603,0.06406132876873016
14680,134.28125,0.03772974759340286,-0.04209959544241428,0.02350393645465374,0.0,0.45362297147512437,0.04593223575502634,0.03772974759340286
14690,137.03125,0.05092846602201462,-0.030074348486959935,0.07537599094212055,0.0,0.44221015125513075,0.037191078951582315,0.05092846602201462
14700,134.71875,0.06734141707420349,-0.03555651735514402,0.3294532060623169,0.0,0.4492381066083908,0.07174353804439307,0.06734141707420349
14710,123.5625,0.059971924871206284,-0.0300582823343575,0.12471651658415794,0.0,0.4502011135220528,0.06374406311661004,0.059971924871206284
14720,129.78125,0.056517601013183594,-0.02560680629685521,0.08175048716366291,0.0,0.44456603229045866,0.0501295056194067,0.056517601013183594
14730,139.75,0.07822185009717941,-0.04027834422886371,0.06252596080303192,0.0,0.44929319024086,0.06361506693065166,0.07822185009717941
14740,142.0,0.06564178317785263,-0.025939117837697267,0.3074696496129036,0.0,0.4569585740566254,0.07164247557520867,0.06564178317785263
14750,138.65625,0.043085187673568726,-0.02918899217620492,0.23148034065961837,0.0,0.4554192051291466,0.0532090786844492,0.043085187673568726
14760,124.375,0.0452374629676342,-0.026325980201363564,0.16026908233761789,0.0,0.4504904359579086,0.04602924585342407,0.0452374629676342
14770,129.0,0.07468089461326599,-0.02682831808924675,0.40450290143489837,0.0,0.446786043047905,0.06054829694330692,0.07468089461326599
14780,136.625,0.05754022300243378,-0.027257619053125383,0.2757434844970703,0.0,0.45589972883462904,0.07177289836108684,0.05754022300243378
14790,147.40625,0.03294878453016281,-0.036425352469086646,0.09769526235759259,0.0,0.4503255173563957,0.04674832737073302,0.03294878453016281
14800,127.46875,0.04628174751996994,-0.02942956518381834,0.14011048823595046,0.0,0.4463400587439537,0.0315320105990395,0.04628174751996994
14810,124.6875,0.012830471619963646,-0.024448804929852484,0.06283752508461475,0.0,0.4451332658529282,0.03075865712016821,0.012830471619963646
14820,138.21875,0.0482683889567852,-0.04236470889300108,0.2659902825951576,0.0,0.4441893592476845,0.04333133585751057,0.0482683889567852
14830,132.28125,0.0716516375541687,-0.03508418332785368,0.02864593416452408,0.0,0.452008955180645,0.052822982100769876,0.0716516375541687
14840,127.0625,0.07627469301223755,-0.02884954181499779,0.22345057129859924,0.0,0.46212907433509826,0.0757970880717039,0.07627469301223755
14850,152.96875,0.06803372502326965,-0.0380133830010891,0.023367809131741524,0.0,0.4628595352172852,0.06930233910679817,0.06803372502326965
14860,124.0,0.0680679902434349,-0.02229888141155243,0.7717519044876099,0.0,0.4614355355501175,0.0640689019113779,0.0680679902434349
14870,146.6875,0.046797145158052444,-0.03532839845865965,0.18686158806085587,0.0,0.4604161635041237,0.06571586392819881,0.046797145158052444
14880,96.9375,0.064700648188591,-0.029720500390976668,0.2053622581064701,0.0,0.4619587495923042,0.06299585066735744,0.064700648188591
14890,146.125,0.06226716563105583,-0.02298306506127119,0.38353878557682036,0.0,0.4632189691066742,0.06868889518082141,0.06226716563105583
14900,100.71875,0.03322822228074074,-0.01941654644906521,0.18171217665076256,0.0,0.4658323168754578,0.05629556346684694,0.03322822228074074
14910,148.6875,0.06345950067043304,-0.03558726217597723,0.035196518525481224,0.0,0.46052995026111604,0.05926558058708906,0.06345950067043304
14920,133.59375,0.05706460028886795,-0.044957099668681624,0.03989201821386814,0.0,0.4590297400951385,0.057744162529706954,0.05706460028886795
14930,107.75,0.06877264380455017,-0.02874964289367199,0.13575613424181937,0.0,0.46223539859056473,0.058848310448229316,0.06877264380455017
14940,151.875,0.05724174529314041,-0.025510186702013014,0.10315052270889283,0.0,0.46307801753282546,0.06917415764182806,0.05724174529314041
14950,130.78125,0.052310340106487274,-0.028162851557135583,0.19973290264606475,0.0,0.4615900471806526,0.06837200950831175,0.052310340106487274
14960,131.6875,0.059661902487277985,-0.04129753224551678,0.018540524132549762,0.0,0.4619638204574585,0.05758291203528643,0.059661902487277985
14970,129.78125,0.058889128267765045,-0.016800352092832326,0.22038942873477935,0.0,0.4558343470096588,0.05954339429736137,0.058889128267765045
14980,123.40625,0.05021410062909126,-0.035315160267055036,0.14485466927289964,0.0,0.4544846639037132,0.05358035434037447,0.05021410062909126
14990,153.9375,0.06125456839799881,-0.04474150408059359,0.01899951556697488,0.0,0.4568091154098511,0.06045143455266953,0.06125456839799881
15000,121.53125,0.05357363820075989,-0.036822240054607394,0.33697098195552827,0.0,0.4553213223814964,0.060124313458800316,0.05357363820075989
15010,143.0625,0.046909283846616745,-0.032200931757688525,0.13939546793699265,0.0,0.4573129490017891,0.04516122795175761,0.046909283846616745
15020,113.1875,0.08835768699645996,-0.03967016190290451,0.03511606380343437,0.0,0.4578615799546242,0.06963597107678651,0.08835768699645996
15030,134.84375,0.061943426728248596,-0.025021110754460098,0.21061048954725264,0.0,0.4621630012989044,0.08789477683603764,0.061943426728248596
15040,141.21875,0.04779740795493126,-0.03109977310523391,0.08565416038036347,0.0,0.46540638357400893,0.05713231209665537,0.04779740795493126
15050,137.3125,0.05043970048427582,-0.024040771648287773,0.08093149065971375,0.0,0.4560471773147583,0.044303194619715214,0.05043970048427582
15060,155.8125,0.061233408749103546,-0.03027999959886074,0.13010423257946968,0.0,0.4506454810500145,0.05480259265750646,0.061233408749103546
15070,117.4375,0.08379276841878891,-0.04036422586068511,0.07569261938333512,0.0,0.45813275426626204,0.07919505350291729,0.08379276841878891
15080,143.15625,0.05583455413579941,-0.02968111038208008,0.2363741382956505,0.0,0.45964929461479187,0.06891275215893984,0.05583455413579941
15090,141.25,0.033288583159446716,-0.027163852564990522,0.08728695809841155,0.0,0.45679851025342944,0.04318748246878386,0.033288583159446716
15100,136.90625,0.0443727970123291,-0.03338787332177162,0.10111139863729476,0.0,0.44395334720611573,0.0380966991186142,0.0443727970123291
15110,149.3125,0.06937338411808014,-0.04635549699887633,0.04439566470682621,0.0,0.4550926923751831,0.06786497533321381,0.06937338411808014
15120,128.0,0.06988120079040527,-0.02746639996767044,0.23156920373439788,0.0,0.4675210490822792,0.08034243509173393,0.06988120079040527
15130,149.71875,0.0380282998085022,-0.029446792509406804,0.1296607330441475,0.0,0.4579676389694214,0.04780545057728887,0.0380282998085022
15140,115.71875,0.04596813768148422,-0.035359909757971764,0.34152076244354246,0.0,0.4551710456609726,0.03395779486745596,0.04596813768148422
15150,129.40625,0.07698904722929001,-0.03148254137486219,0.18661992251873016,0.0,0.45372477918863297,0.059676363691687585,0.07698904722929001
15160,118.90625,0.052985575050115585,-0.03205650169402361,0.41181258857250214,0.0,0.4665190100669861,0.0835306590422988,0.052985575050115585
15170,143.28125,0.05558108165860176,-0.027918704319745302,0.2796660862863064,0.0,0.4640447720885277,0.07382670938968658,0.05558108165860176
15180,131.15625,0.04643949866294861,-0.038507619965821506,0.08992075771093369,0.0,0.4536742642521858,0.04517326764762401,0.04643949866294861
15190,115.375,0.05724824592471123,-0.03687858525663614,0.21788448989391326,0.0,0.45075810253620147,0.0517745329067111,0.05724824592471123
15200,132.6875,0.08490467071533203,-0.024462708877399562,0.16241826713085175,0.0,0.46094473302364347,0.07235763967037201,0.08490467071533203
15210,139.28125,0.06573977321386337,-0.04029350094497204,0.015616750996559858,0.0,0.46434501111507415,0.07829740568995476,0.06573977321386337
15220,126.6875,0.057109881192445755,-0.021736293006688355,0.07169257700443268,0.0,0.4599330902099609,0.06027479153126478,0.057109881192445755
15230,107.125,0.0769701600074768,-0.03349822741001844,0.35042898654937743,0.0,0.45825241357088087,0.0658411119133234,0.0769701600074768
15240,162.75,0.07426472753286362,-0.024044794775545598,0.13033621124923228,0.0,0.45547607243061067,0.08235583156347275,0.07426472753286362
15250,88.125,0.039931509643793106,-0.04681968931108713,0.017800491582602263,0.0,0.4518009558320045,0.03534871069714427,0.039931509643793106
15260,109.21875,-0.014025411568582058,-0.03566123265773058,0.05457598380744457,0.0,0.45177788138389585,0.035271514346823095,-0.014025411568582058
15270,139.8125,0.07188794016838074,-0.04693365339189768,0.035519134066998956,0.0,0.45450827181339265,0.05326544558629394,0.07188794016838074
15280,121.46875,0.07619210332632065,-0.029142676293849944,0.06248541437089443,0.0,0.46228362917900084,0.0647221852093935,0.07619210332632065
15290,149.78125,0.07486677169799805,-0.02846818808466196,0.1566957525908947,0.0,0.4689100503921509,0.07087345030158758,0.07486677169799805
15300,111.9375,0.0685524195432663,-0.026415210217237473,0.20631508082151412,0.0,0.4669819623231888,0.07034194394946099,0.0685524195432663
15310,131.25,0.06921964883804321,-0.036951623391360044,0.7548916637897491,0.0,0.4650191694498062,0.0672641085460782,0.06921964883804321
15320,131.0,0.0797588974237442,-0.04289339538663626,0.04622610304504633,0.0,0.4689254552125931,0.07449626661837101,0.0797588974237442
15330,119.1875,0.042617522180080414,-0.030769499205052852,0.060558566451072694,0.0,0.46607820242643355,0.062033871188759804,0.042617522180080414
15340,129.90625,0.036985836923122406,-0.04796850960701704,0.085871846601367,0.0,0.46471886038780214,0.05111880684271455,0.036985836923122406
15350,115.375,0.05625550448894501,-0.03717330452054739,0.06752178296446801,0.0,0.4615227296948433,0.03893110943026841,0.05625550448894501
15360,160.1875,0.06215541064739227,-0.030930724926292896,0.16150804609060287,0.0,0.4634729966521263,0.0623205890879035,0.06215541064739227
15370,119.65625,0.08090663701295853,-0.039446802251040934,0.01913372315466404,0.0,0.46812933683395386,0.06896113343536854,0.08090663701295853
15380,134.5625,0.07836369425058365,-0.025724287237972022,0.11992838643491269,0.0,0.47151354104280474,0.07956452332437039,0.07836369425058365
15390,157.28125,0.07418074458837509,-0.04877646081149578,0.009798875590786339,0.0,0.47407821118831633,0.07731989212334156,0.07418074458837509
15400,121.59375,0.06541289389133453,-0.026590934209525584,0.29063007831573484,0.0,0.47471468299627306,0.07396817989647389,0.06541289389133453
15410,138.8125,0.07299324870109558,-0.04883104152977467,0.0133979432284832,0.0,0.46934865415096283,0.06712688952684402,0.07299324870109558
15420,95.5625,0.07142630219459534,-0.032097437791526316,0.35294496417045595,0.0,0.4708199962973595,0.06730105374008417,0.07142630219459534
15430,165.78125,0.07458547502756119,-0.029087449237704278,0.40579710006713865,0.0,0.4696188747882843,0.07285549193620681,0.07458547502756119
15440,123.40625,0.07088730484247208,-0.03036832995712757,0.05808612108230591,0.0,0.46563740372657775,0.06567697525024414,0.07088730484247208
15450,127.4375,0.07617396116256714,-0.023375758528709413,0.48084410429000857,0.0,0.4720854893326759,0.06896595470607281,0.07617396116256714
15460,150.1875,0.06808546185493469,-0.02435354785993695,0.30322506576776503,0.0,0.47091635763645173,0.07451552264392376,0.06808546185493469
15470,131.1875,0.07190237939357758,-0.04935847613960505,0.013953365664929152,0.0,0.4708117038011551,0.06310496721416711,0.07190237939357758
15480,135.65625,0.05608157441020012,-0.029668170027434826,0.2572288170456886,0.0,0.47110922932624816,0.06336461715400218,0.05608157441020012
15490,132.96875,0.056737545877695084,-0.03983603827655315,0.04658825732767582,0.0,0.4681536376476288,0.06358292587101459,0.056737545877695084
15500,137.25,0.07221995294094086,-0.02514905296266079,0.4008079141378403,0.0,0.47043330371379855,0.06425620596855879,0.07221995294094086
15510,123.0625,0.07488662004470825,-0.03195140594616532,0.17396235316991807,0.0,0.4726829007267952,0.06753683686256409,0.07488662004470825
15520,148.125,0.08005683124065399,-0.02954394444823265,0.11614614054560661,0.0,0.47135295271873473,0.06998179983347655,0.08005683124065399
15530,139.65625,0.07721714675426483,-0.024990423023700713,0.31787427365779874,0.0,0.47342224717140197,0.07471845392137766,0.07721714675426483
15540,115.09375,0.0802638828754425,-0.019751581270247696,0.24693580567836762,0.0,0.47462070286273955,0.07667000815272332,0.0802638828754425
15550,134.21875,0.08123001456260681,-0.029078427143394946,0.3139915823936462,0.0,0.4725426182150841,0.07489797584712506,0.08123001456260681
15560,112.75,0.06582538783550262,-0.03217029804363847,0.12859693318605422,0.0,0.47383073419332505,0.0782187631353736,0.06582538783550262
15570,143.90625,0.0861312597990036,-0.03965472504496574,0.015152596775442362,0.0,0.4789962261915207,0.0827672865241766,0.0861312597990036
15580,136.625,0.07450637221336365,-0.025888416916131973,0.26330375075340273,0.0,0.4770288422703743,0.0861042369157076,0.07450637221336365
15590,141.5625,0.07842587679624557,-0.0304866386577487,0.3613420397043228,0.0,0.4739821329712868,0.0789619043469429,0.07842587679624557
15600,115.0625,0.08444119989871979,-0.029670602409169078,0.41153521537780763,0.0,0.46867973953485487,0.07118484228849412,0.08444119989871979
15610,141.28125,0.07789790630340576,-0.02358971955254674,0.43642458319664,0.0,0.47471464723348616,0.08513816073536873,0.07789790630340576
15620,130.9375,0.06439030170440674,-0.01901385188102722,0.31285564601421356,0.0,0.47557420283555984,0.07506902366876603,0.06439030170440674
15630,140.65625,0.05306041240692139,-0.03313808515667915,0.4465649276971817,0.0,0.4628598019480705,0.05698983892798424,0.05306041240692139
15640,148.28125,0.07969089597463608,-0.03601207416504622,0.22323724031448364,0.0,0.46189460158348083,0.0660257063806057,0.07969089597463608
15650,142.5625,0.08730639517307281,-0.05159505940973759,0.02253541387617588,0.0,0.47152649611234665,0.08733208365738392,0.08730639517307281
15660,131.34375,0.03411032631993294,-0.03861587569117546,0.31673783957958224,0.0,0.4655291184782982,0.05859062131494284,0.03411032631993294
15670,124.0,0.05014285445213318,-0.037551415897905824,0.16917943209409714,0.0,0.457839398086071,0.05059752240777016,0.05014285445213318
15680,115.65625,0.0374918058514595,-0.0316182192414999,0.099716467410326,0.0,0.45801337957382204,0.05181165542453527,0.0374918058514595
15690,129.625,0.07100462913513184,-0.02780978474766016,0.07165738865733147,0.0,0.46841627210378645,0.06937101799994708,0.07100462913513184
15700,129.65625,0.08680534362792969,-0.02998608211055398,0.2952755570411682,0.0,0.4743220090866089,0.08090074677020312,0.08680534362792969
15710,133.03125,0.08194216340780258,-0.03122265450656414,1.0160372614860536,0.0,0.48516383320093154,0.08511428795754909,0.08194216340780258
15720,138.8125,0.0859016478061676,-0.027919312193989753,0.4869300305843353,0.0,0.48133756816387174,0.08480902053415776,0.0859016478061676
15730,125.5625,0.07361392676830292,-0.022638690657913685,0.3282757341861725,0.0,0.48354082703590395,0.082496752217412,0.07361392676830292
15740,146.96875,0.07659611105918884,-0.02384479492902756,0.1161414548754692,0.0,0.47911740839481354,0.07215764801949262,0.07659611105918884
15750,130.65625,0.09204339981079102,-0.04856883119791746,0.0371494747698307,0.0,0.4763476252555847,0.08281881995499134,0.09204339981079102
15760,132.65625,0.06900417059659958,-0.0291026973631233,0.2725962668657303,0.0,0.4744734153151512,0.08347630314528942,0.06900417059659958
15770,131.625,0.0673213079571724,-0.02598133832216263,0.08891581781208516,0.0,0.4693272218108177,0.06784355137497186,0.0673213079571724
15780,137.9375,0.05655275657773018,-0.02632306730374694,0.045730262994766235,0.0,0.4628313422203064,0.05978000909090042,0.05655275657773018
15790,120.4375,0.06141179800033569,-0.03385023083537817,0.17207534462213517,0.0,0.4643910348415375,0.059211430884897706,0.06141179800033569
15800,124.4375,0.06314682215452194,-0.029893362894654274,0.08565072752535344,0.0,0.47071160972118375,0.06752281356602907,0.06314682215452194
15810,139.3125,0.05301498994231224,-0.032208366133272645,0.17136066928505897,0.0,0.47373568564653395,0.0791348472237587,0.05301498994231224
15820,130.8125,0.06962977349758148,-0.028603167831897737,0.1062693364918232,0.0,0.4760431215167046,0.07168647591024638,0.06962977349758148
15830,116.53125,0.07530413568019867,-0.02477330472320318,0.3728706330060959,0.0,0.47371145337820053,0.06923414245247841,0.07530413568019867
15840,134.15625,0.060493648052215576,-0.03803454823791981,0.02186469901353121,0.0,0.474004864692688,0.06556556187570095,0.060493648052215576
15850,148.4375,0.06256341934204102,-0.02327777724713087,0.3191794276237488,0.0,0.47239226251840594,0.0643287431448698,0.06256341934204102
15860,150.40625,0.0647975504398346,-0.03100057300180197,0.18348389193415643,0.0,0.46693580597639084,0.06292618997395039,0.0647975504398346
15870,123.625,0.07688043266534805,-0.03403418119996786,0.5187244832515716,0.0,0.47040154188871386,0.06689870990812778,0.07688043266534805
15880,101.03125,0.0656435415148735,-0.026339942682534458,0.23414419889450072,0.0,0.4724161207675934,0.06959114409983158,0.0656435415148735
15890,149.0,0.0803583487868309,-0.025403151381760837,0.15197890400886535,0.0,0.470798122882843,0.06953841689974069,0.0803583487868309
15900,113.3125,0.06109513342380524,-0.04835712667554617,0.019009362161159515,0.0,0.47221838086843493,0.06472091171890497,0.06109513342380524
15910,175.6875,0.07137983292341232,-0.02222362346947193,0.2296537458896637,0.0,0.4753212988376617,0.07935955226421357,0.07137983292341232
15920,120.09375,0.07860574126243591,-0.01397629827260971,0.1419314131140709,0.0,0.48361614644527434,0.0801636315882206,0.07860574126243591
15930,155.15625,0.09258821606636047,-0.02878652075305581,0.7908505499362946,0.0,0.48519580960273745,0.08642861992120743,0.09258821606636047
15940,133.59375,0.08670609444379807,-0.03904956951737404,0.030522469244897366,0.0,0.4830908864736557,0.08688282333314419,0.08670609444379807
15950,111.15625,0.08279751986265182,-0.033512226305902004,0.513514655828476,0.0,0.4839994549751282,0.0869076319038868,0.08279751986265182
15960,154.03125,0.08566553890705109,-0.039426328241825105,0.03817113619297743,0.0,0.4836608275771141,0.08178922012448311,0.08566553890705109
15970,114.96875,0.08126159012317657,-0.027213199622929098,0.25196267664432526,0.0,0.4840143650770187,0.07527547664940357,0.08126159012317657
15980,166.9375,0.08246315270662308,-0.020563973765820264,0.15656449794769287,0.0,0.4792927771806717,0.07574943620711565,0.08246315270662308
15990,103.5,0.08471684902906418,-0.028298256732523442,0.333267879486084,0.0,0.4831373140215874,0.07812887188047171,0.08471684902906418
16000,130.3125,0.0878436267375946,-0.029371350817382336,0.5587719738483429,0.0,0.485264752805233,0.08718049451708794,0.0878436267375946
16010,128.5625,0.0853687971830368,-0.036739712953567503,0.018257431406527757,0.0,0.4816234514117241,0.08354810737073422,0.0853687971830368
16020,138.15625,0.08828701078891754,-0.027073097601532935,0.3386520281434059,0.0,0.48461621403694155,0.0855787642300129,0.08828701078891754
16030,148.28125,0.07107210904359818,-0.026679157838225366,0.15387551560997964,0.0,0.47830782532691957,0.07584651447832584,0.07107210904359818
16040,98.59375,0.08215916156768799,-0.030123778712004425,0.23569960594177247,0.0,0.4758343234658241,0.07353180795907974,0.08215916156768799
16050,130.25,0.08103310316801071,-0.03399488218128681,0.10398297756910324,0.0,0.4742192730307579,0.07352358009666204,0.08103310316801071
16060,111.375,0.0761963501572609,-0.02263113474473357,0.1591438300907612,0.0,0.47706734091043473,0.07367639187723399,0.0761963501572609
16070,134.625,0.07460641860961914,-0.020736575219780208,0.17089933007955552,0.0,0.4759926676750183,0.07226030249148607,0.07460641860961914
16080,135.90625,0.08042950928211212,-0.021235663257539273,0.29609076529741285,0.0,0.48213622719049454,0.07862565405666828,0.08042950928211212
16090,132.03125,0.07754821330308914,-0.032594547420740125,0.9101020634174347,0.0,0.48010281622409823,0.08387982808053493,0.07754821330308914
16100,131.15625,0.08513419330120087,-0.03006451055407524,0.11340408362448215,0.0,0.47775188833475113,0.07370412182062865,0.08513419330120087
16110,135.375,0.07840754091739655,-0.02891021706163883,0.22325137108564377,0.0,0.4822351157665253,0.08796954490244388,0.07840754091739655
16120,119.25,0.07802485674619675,-0.028898713923990727,0.054253163188695906,0.0,0.4823064848780632,0.08156489469110965,0.07802485674619675
16130,139.15625,0.08794504404067993,-0.022368605062365533,0.3395711675286293,0.0,0.4838124245405197,0.08678483031690121,0.08794504404067993
16140,123.375,0.06795434653759003,-0.02161152958869934,0.10072232782840729,0.0,0.48346210420131686,0.07560996394604444,0.06795434653759003
16150,95.46875,0.06129830703139305,-0.03792551085352898,0.20845561921596528,0.0,0.48111482709646225,0.07275243289768696,0.06129830703139305
16160,131.5,0.09891511499881744,-0.04525392260402441,0.01827578516677022,0.0,0.4812567010521889,0.08330880291759968,0.09891511499881744
16170,121.4375,0.0776023343205452,-0.02686284054070711,0.37183346301317216,0.0,0.4865875542163849,0.08940744064748288,0.0776023343205452
16180,147.40625,0.081800177693367,-0.01751261539757252,0.22275604903697968,0.0,0.4818798780441284,0.08691777586936951,0.081800177693367
16190,114.875,0.08181503415107727,-0.048520065099000934,0.04652633778750896,0.0,0.4814530715346336,0.08314130306243897,0.08181503415107727
16200,163.75,0.07090164721012115,-0.02809787020087242,0.208998242020607,0.0,0.48304256051778793,0.08676730506122113,0.07090164721012115
16210,109.25,0.09088721871376038,-0.02426933143287897,0.20616000294685363,0.0,0.4840950399637222,0.08425909467041492,0.09088721871376038
16220,118.40625,0.09378336369991302,-0.025306057184934616,0.4062921404838562,0.0,0.48365514874458315,0.08549483641982078,0.09378336369991302
16230,129.59375,0.09056010097265244,-0.024416688084602355,0.14752831384539605,0.0,0.4872111722826958,0.0839478898793459,0.09056010097265244
16240,137.84375,0.09613100439310074,-0.023633536510169507,0.12182729169726372,0.0,0.49390564262866976,0.09565826654434204,0.09613100439310074
16250,162.3125,0.08885464817285538,-0.027545956894755363,0.008217142755165696,0.0,0.4906149819493294,0.0880457241088152,0.08885464817285538
16260,105.625,0.06595554202795029,-0.029239952843636275,0.3329262912273407,0.0,0.4857370272278786,0.06960781663656235,0.06595554202795029
16270,149.96875,0.08048352599143982,-0.02902872171252966,0.5604994624853135,0.0,0.4790460988879204,0.07295370604842902,0.08048352599143982
16280,130.625,0.1009664535522461,-0.023713861778378486,0.17174798101186753,0.0,0.48158003985881803,0.08963622022420167,0.1009664535522461
16290,135.375,0.09623032808303833,-0.025856131222099066,0.6448916852474212,0.0,0.4926288232207298,0.09736489951610565,0.09623032808303833
16300,119.0625,0.09896144270896912,-0.025560319423675537,0.04102221457287669,0.0,0.49040963500738144,0.08662794530391693,0.09896144270896912
16310,137.03125,0.10373014956712723,-0.022280937433242796,0.34874802976846697,0.0,0.49168391823768615,0.09750682711601258,0.10373014956712723
16320,146.6875,0.09287608414888382,-0.034327533282339576,0.3804501578211784,0.0,0.491334131360054,0.09872537404298783,0.09287608414888382
16330,120.40625,0.0847650021314621,-0.030174189433455467,0.13537393659353256,0.0,0.48808511793613435,0.06910528792068363,0.0847650021314621
16340,156.90625,0.08924125134944916,-0.04189990982413292,0.02978770397603512,0.0,0.49192013740539553,0.07978620938956738,0.08924125134944916
16350,114.46875,0.08833886682987213,-0.04432826647534967,0.018875080347061157,0.0,0.48604128062725066,0.0733734354376793,0.08833886682987213
16360,133.1875,0.09461115300655365,-0.026762210577726365,0.3107647582888603,0.0,0.4886264860630035,0.08288520313799382,0.09461115300655365
16370,131.6875,0.09535179287195206,-0.03442669343203306,0.06008720211684704,0.0,0.4893109440803528,0.10083793513476849,0.09535179287195206
16380,127.84375,0.08622648566961288,-0.053482285141944884,0.010671430267393589,0.0,0.4884811475872993,0.08081730548292398,0.08622648566961288
16390,133.59375,0.09865701198577881,-0.020856679044663907,0.08825151305645704,0.0,0.4877334386110306,0.0843714103102684,0.09865701198577881
16400,126.71875,0.07016302645206451,-0.03602638868615031,0.2214180201292038,0.0,0.48730659335851667,0.08299973011016845,0.07016302645206451
16410,129.0625,0.08912830799818039,-0.028835621662437916,0.44434343874454496,0.0,0.4870465472340584,0.08079168684780598,0.08912830799818039
16420,133.40625,0.08904498815536499,-0.027685097604990005,0.15957414656877517,0.0,0.4897963717579842,0.08882808946073055,0.08904498815536499
16430,143.34375,0.09793450683355331,-0.025186650827527045,0.26608397960662844,0.0,0.487315246462822,0.09366194196045399,0.09793450683355331
16440,119.75,0.08110387623310089,-0.028167256526648997,0.22447500377893448,0.0,0.4963085800409317,0.0887728152796626,0.08110387623310089
16450,143.0,0.0876927375793457,-0.03037082068622112,0.5713326394557953,0.0,0.4937171921133995,0.08852679580450058,0.0876927375793457
16460,133.9375,0.09883330762386322,-0.04467563442885876,0.026619656756520272,0.0,0.4922126233577728,0.09092328697443008,0.09883330762386322
16470,160.0625,0.10104653239250183,-0.030207907129079104,0.30701400339603424,0.0,0.4948036655783653,0.10287901870906353,0.10104653239250183
16480,110.34375,0.09772837907075882,-0.030048747826367617,0.08982491493225098,0.0,0.4943715676665306,0.08302641212940216,0.09772837907075882
16490,149.15625,0.08931917697191238,-0.028770146518945695,0.3327092319726944,0.0,0.4961627691984177,0.0963937446475029,0.08931917697191238
16500,123.1875,0.08626344799995422,-0.02164690801873803,0.11858305968344211,0.0,0.49307656586170195,0.08934216648340225,0.08626344799995422
16510,136.03125,0.1081610843539238,-0.027459695283323527,0.29094569087028505,0.0,0.4951338455080986,0.10130776055157184,0.1081610843539238
16520,135.46875,0.09209999442100525,-0.023113385774195194,0.1539369212463498,0.0,0.5020312041044235,0.10504651851952077,0.09209999442100525
16530,126.3125,0.07185135036706924,-0.03827388994395733,0.301263028383255,0.0,0.4957520663738251,0.08356882445514202,0.07185135036706924
16540,143.9375,0.10018051415681839,-0.026180506963282824,0.07856058403849601,0.0,0.4903604477643967,0.08598276488482952,0.10018051415681839
16550,117.46875,0.11227656155824661,-0.028981824405491352,0.3607372909784317,0.0,0.4987582743167877,0.10919029265642166,0.11227656155824661
16560,135.84375,0.09931713342666626,-0.01706496924161911,0.13596744909882547,0.0,0.49549018442630766,0.09655400272458792,0.09931713342666626
16570,131.96875,0.08913950622081757,-0.02069298904389143,0.3512880727648735,0.0,0.49174608290195465,0.09014433920383454,0.08913950622081757
16580,145.3125,0.10506679117679596,-0.04570149052888155,0.017288201954215765,0.0,0.4898263871669769,0.09243612699210643,0.10506679117679596
16590,152.25,0.10179537534713745,-0.011625153850764037,0.15947177922353148,0.0,0.49823278188705444,0.10241146273910999,0.10179537534713745
16600,121.8125,0.0885525643825531,-0.033303184900432825,0.2055646687746048,0.0,0.5001086235046387,0.0966173242777586,0.0885525643825531
16610,136.34375,0.09536069631576538,-0.024623455852270125,0.3002339109778404,0.0,0.4955258771777153,0.08961593471467495,0.09536069631576538
16620,105.5625,0.1056656539440155,-0.027882138267159462,0.33490985780954363,0.0,0.49471136927604675,0.10058500804007053,0.1056656539440155
16630,120.09375,0.09576066583395004,-0.02700493480078876,0.5267117530107498,0.0,0.49615854024887085,0.1022755179554224,0.09576066583395004
16640,145.28125,0.09421737492084503,-0.042364505119621754,0.022889148257672787,0.0,0.4916740536689758,0.09148903042078019,0.09421737492084503
16650,135.65625,0.08714616298675537,-0.025385138858109713,0.2508680745959282,0.0,0.49159309417009356,0.08926398418843746,0.08714616298675537
16660,159.53125,0.07263694703578949,-0.025919285742565988,0.19315896332263946,0.0,0.4964253157377243,0.09201647490262985,0.07263694703578949
16670,118.3125,0.09455158561468124,-0.0229517700150609,0.6006603479385376,0.0,0.49515930116176604,0.09345960728824139,0.09455158561468124
16680,140.3125,0.09733995795249939,-0.017619124986231326,0.5065752804279328,0.0,0.5024222195148468,0.09822017438709736,0.09733995795249939
16690,126.3125,0.10022364556789398,-0.012485586386173964,0.3411975413560867,0.0,0.5050419732928276,0.09815102405846118,0.10022364556789398
16700,120.09375,0.0754614770412445,-0.031994035840034483,0.3153419002890587,0.0,0.5046167835593224,0.09660115949809552,0.0754614770412445
16710,146.09375,0.10788954049348831,-0.04154758080840111,0.00781277259811759,0.0,0.5055605039000511,0.0982982262969017,0.10788954049348831
16720,164.125,0.0962507426738739,-0.04033901896327734,0.02011898662894964,0.0,0.5050127297639847,0.09871810786426068,0.0962507426738739
16730,143.0,0.09952793270349503,-0.025930941011756657,0.43288872539997103,0.0,0.49965411275625227,0.1008567489683628,0.09952793270349503
16740,102.3125,0.07431305199861526,-0.03278604336082935,0.38364816308021543,0.0,0.4998093396425247,0.09403678812086583,0.07431305199861526
16750,125.96875,0.08876010775566101,-0.026311430707573892,0.25712197571992873,0.0,0.5018112361431122,0.09403733126819133,0.08876010775566101
16760,123.0625,0.051680244505405426,-0.04517307132482529,0.03488970659673214,0.0,0.49820357114076613,0.08079781495034695,0.051680244505405426
16770,140.0,0.08851578086614609,-0.035659610759466887,0.012589929532259703,0.0,0.49905006736516955,0.08728646486997604,0.08851578086614609
16780,109.875,0.08797754347324371,-0.028473061323165894,0.18354929611086845,0.0,0.4968764618039131,0.09900477491319179,0.08797754347324371
16790,171.09375,0.1092512458562851,-0.015392033755779267,0.1108657568693161,0.0,0.5040732070803642,0.100100589543581,0.1092512458562851
16800,106.84375,0.07160211354494095,-0.033400287572294476,0.15938129052519798,0.0,0.5028517186641693,0.09811305440962315,0.07160211354494095
16810,137.9375,0.08339495956897736,-0.023398007825016977,0.07331468425691127,0.0,0.4997788205742836,0.07963051479309798,0.08339495956897736
16820,137.34375,0.08718675374984741,-0.029548139683902262,0.14166238084435462,0.0,0.4901825934648514,0.08572829514741898,0.08718675374984741
16830,128.53125,0.08159063756465912,-0.020243640802800656,0.31748526245355607,0.0,0.4931801661849022,0.09612563289701939,0.08159063756465912
16840,168.9375,0.09301431477069855,-0.025889536971226333,0.08089558817446232,0.0,0.4959304049611092,0.09662819840013981,0.09301431477069855
16850,126.625,0.07191464304924011,-0.025644785724580288,0.29675396233797074,0.0,0.4925488159060478,0.08298930786550045,0.07191464304924011
16860,130.1875,0.0920812264084816,-0.018854261934757234,0.3716903209686279,0.0,0.49432461708784103,0.08337645269930363,0.0920812264084816
16870,124.875,0.0913170576095581,-0.02095402143895626,0.16766936779022218,0.0,0.49318918138742446,0.08613041825592518,0.0913170576095581
16880,145.125,0.08915774524211884,-0.02343045212328434,0.42037841081619265,0.0,0.4916895866394043,0.0902764543890953,0.08915774524211884
16890,138.84375,0.09471844136714935,-0.019946760218590497,0.16380696427077054,0.0,0.49735343754291533,0.09380239173769951,0.09471844136714935
16900,134.96875,0.0968734547495842,-0.023024687729775905,1.279997968673706,0.0,0.5002582266926765,0.09908476993441581,0.0968734547495842
16910,143.65625,0.10231196135282516,-0.017103428766131402,0.7360087990760803,0.0,0.500008524954319,0.09796189069747925,0.10231196135282516
16920,130.0625,0.09748867154121399,-0.024512114375829695,0.8842164903879166,0.0,0.5042926475405693,0.10076783187687396,0.09748867154121399
16930,120.8125,0.10097908973693848,-0.02193870423361659,0.44880888909101485,0.0,0.5060895398259163,0.1002223189920187,0.10097908973693848
16940,126.0625,0.09055756032466888,-0.030419597774744032,0.2646190866827965,0.0,0.5038745120167732,0.09653495363891125,0.09055756032466888
16950,140.1875,0.10156859457492828,-0.044642160460352895,0.015956577565521,0.0,0.5017682507634162,0.09932536445558071,0.10156859457492828
16960,113.09375,0.08333416283130646,-0.029994934052228927,0.6804551959037781,0.0,0.4944969221949577,0.09534400589764118,0.08333416283130646
16970,159.125,0.09968292713165283,-0.02912214882671833,0.03303342554718256,0.0,0.49664645791053774,0.09619701355695724,0.09968292713165283
16980,138.0,0.09653490781784058,-0.02380789890885353,0.710273939371109,0.0,0.4962769687175751,0.09816704541444779,0.09653490781784058
16990,160.0,0.07733307778835297,-0.026877427846193312,0.3635042518377304,0.0,0.5003158345818519,0.09623840600252151,0.07733307778835297
17000,124.5,0.09430276602506638,-0.02229778654873371,0.43615051805973054,0.0,0.4948671653866768,0.09313446469604969,0.09430276602506638
17010,112.71875,0.08128184080123901,-0.03475243984721601,0.22472041547298433,0.0,0.4976369649171829,0.08675523139536381,0.08128184080123901
17020,140.625,0.08540888875722885,-0.029564140271395443,0.039681490138173105,0.0,0.4949176788330078,0.08965218253433704,0.08540888875722885
17030,108.8125,0.10588575899600983,-0.04440040178596973,0.029483645036816598,0.0,0.5002074003219604,0.09641401804983615,0.10588575899600983
17040,162.3125,0.08867581188678741,-0.02779794130474329,0.15966859161853791,0.0,0.5014466941356659,0.09881734102964401,0.08867581188678741
17050,140.28125,0.1041100025177002,-0.018740462325513362,0.16131618283689023,0.0,0.5030716583132744,0.09547514654695988,0.1041100025177002
17060,136.40625,0.09974543750286102,-0.02342315763235092,0.791257357597351,0.0,0.5034346044063568,0.10350934378802776,0.09974543750286102
17070,134.125,0.11196807026863098,-0.024086719006299974,0.1092893473803997,0.0,0.5074898704886437,0.10535069182515144,0.11196807026863098
17080,130.25,0.1061234325170517,-0.02581196976825595,0.8291571706533432,0.0,0.5089149013161659,0.1071078073233366,0.1061234325170517
17090,151.375,0.103900246322155,-0.03737603165209293,0.031624989956617354,0.0,0.5107019618153572,0.09885631799697876,0.103900246322155
17100,138.875,0.10606922209262848,-0.026218728348612785,0.8636557638645173,0.0,0.5083751931786538,0.10326237045228481,0.10606922209262848
17110,149.5625,0.10693646222352982,-0.025968183390796186,0.38394220918416977,0.0,0.5104315042495727,0.1031317375600338,0.10693646222352982
17120,106.09375,0.10798175632953644,-0.030985654704272746,0.33811638355255125,0.0,0.5095227807760239,0.09855882935225964,0.10798175632953644
17130,141.03125,0.07971066981554031,-0.03997646886855364,0.2165246859192848,0.0,0.510282552242279,0.09503953456878662,0.07971066981554031
17140,118.40625,0.10723578929901123,-0.015445026382803918,0.11715422086417675,0.0,0.5095548152923584,0.10104210153222085,0.10723578929901123
17150,121.09375,0.10694947838783264,-0.032943366933614014,0.49861641228199005,0.0,0.5074236080050468,0.10738716349005699,0.10694947838783264
17160,134.875,0.09612385928630829,-0.020096115302294493,0.18080574721097947,0.0,0.5153549090027809,0.10283459424972534,0.09612385928630829
17170,140.84375,0.09455585479736328,-0.03161455895751715,0.3723448753356934,0.0,0.5087405055761337,0.10710889250040054,0.09455585479736328
17180,111.96875,0.09792587161064148,-0.03179443329572677,0.6472889453172683,0.0,0.5119111567735672,0.10533609576523303,0.09792587161064148
17190,111.28125,0.07049873471260071,-0.033274133875966075,0.18572074472904204,0.0,0.507880999147892,0.09944053888320922,0.07049873471260071
17200,121.65625,0.11259662359952927,-0.024416738655418158,0.38989266753196716,0.0,0.507992585003376,0.10674050152301788,0.11259662359952927
17210,124.8125,0.10674139857292175,-0.021754723601043226,0.13133238367736338,0.0,0.5124749511480331,0.1006077267229557,0.10674139857292175
17220,150.0,0.07482869923114777,-0.04144057966768742,0.023145389370620252,0.0,0.507081551849842,0.09296512603759766,0.07482869923114777
17230,131.09375,0.10446600615978241,-0.021530096605420112,0.04125503497198224,0.0,0.5076696142554283,0.09860440343618393,0.10446600615978241
17240,116.96875,0.08735373616218567,-0.037868226319551467,0.32150804102420805,0.0,0.5044611871242524,0.09858310855925083,0.08735373616218567
17250,143.03125,0.057119857519865036,-0.03773095523938537,0.01574996691197157,0.0,0.5044499531388282,0.08467956129461526,0.057119857519865036
17260,81.34375,0.09652143716812134,-0.02703088354319334,0.03258263561874628,0.0,0.5049952641129494,0.06908559156581759,0.09652143716812134
17270,156.5,0.07991300523281097,-0.035132329631596806,0.1147843800485134,0.0,0.5075588151812553,0.09275979232043027,0.07991300523281097
17280,98.65625,0.10973244160413742,-0.035128303058445456,0.012388215493410825,0.0,0.5057442769408226,0.08388780616223812,0.10973244160413742
17290,161.5,0.10858235508203506,-0.024485333543270826,0.109968351572752,0.0,0.5158211648464203,0.1037133637815714,0.10858235508203506
17300,107.21875,0.10457844287157059,-0.02479007449001074,0.03983224183320999,0.0,0.5144849240779876,0.0901944536715746,0.10457844287157059
17310,136.46875,0.102897509932518,-0.042045023664832114,0.021022081002593042,0.0,0.5134453535079956,0.10330587774515151,0.102897509932518
17320,125.96875,0.10080713033676147,-0.02591752987354994,0.07400492453016341,0.0,0.5116913706064224,0.0989698100835085,0.10080713033676147
17330,123.71875,0.09424418210983276,-0.026224309112876654,0.12244071066379547,0.0,0.5138173490762711,0.10173713490366935,0.09424418210983276
17340,125.5,0.10034722089767456,-0.02718115635216236,0.07466502115130424,0.0,0.5143108457326889,0.10473009869456291,0.10034722089767456
17350,132.46875,0.09809678047895432,-0.02437807749956846,0.12857415936887265,0.0,0.5145552068948746,0.10244329795241355,0.09809678047895432
17360,136.96875,0.10729061812162399,-0.02168231178075075,0.1827880822122097,0.0,0.5147330522537231,0.10464234910905361,0.10729061812162399
17370,140.59375,0.10991588234901428,-0.036735428497195244,0.014640554785728455,0.0,0.513242407143116,0.09671632293611765,0.10991588234901428
17380,142.09375,0.1064843013882637,-0.024855900183320047,0.12981713116168975,0.0,0.5133318334817887,0.10167396552860737,0.1064843013882637
17390,136.34375,0.09704640507698059,-0.02974973265081644,0.11017015501856804,0.0,0.50952178388834,0.09152615368366242,0.09704640507698059
17400,166.6875,0.10632610321044922,-0.03240756988525391,0.14065677747130395,0.0,0.5145990490913391,0.0974223144352436,0.10632610321044922
17410,120.875,0.11830615997314453,-0.02174118086695671,0.1679549902677536,0.0,0.5149056106805802,0.10704344995319844,0.11830615997314453
17420,120.0,0.11007248610258102,-0.03204867634922266,1.4345597982406617,0.0,0.5183125048875808,0.11537913307547569,0.11007248610258102
17430,140.65625,0.11747121810913086,-0.019955307338386775,0.38622297048568727,0.0,0.5185702472925187,0.11406327448785306,0.11747121810913086
17440,137.21875,0.1155557930469513,-0.01996888890862465,0.22594810500741005,0.0,0.5186291486024857,0.10783680155873299,0.1155557930469513
17450,149.5,0.12083040922880173,-0.024874962586909532,0.2738180533051491,0.0,0.5204985320568085,0.11577557250857354,0.12083040922880173
17460,138.78125,0.11164708435535431,-0.024895487539470195,0.3015871554613113,0.0,0.5239231407642364,0.11269583478569985,0.11164708435535431
17470,123.28125,0.11458111554384232,-0.029456575214862824,0.5017454862594605,0.0,0.5242576628923417,0.11146645210683345,0.11458111554384232
17480,112.6875,0.11081583797931671,-0.0381462212651968,1.0402033448219299,0.0,0.5243955969810485,0.11437498740851879,0.11081583797931671
17490,115.375,0.10718366503715515,-0.041741079464554784,0.05572406128048897,0.0,0.5220958381891251,0.11289271749556065,0.10718366503715515
17500,154.625,0.10673248767852783,-0.03212158288806677,0.39853922724723817,0.0,0.5234513014554978,0.1173254556953907,0.10673248767852783
17510,137.375,0.0914248526096344,-0.027057337760925292,0.01777039486914873,0.0,0.5205321311950684,0.10772479176521302,0.0914248526096344
17520,148.5625,0.11961112916469574,-0.0404311491176486,0.010006411792710423,0.0,0.5175101786851883,0.1034145038574934,0.11961112916469574
17530,123.0,0.09418010711669922,-0.03241739608347416,0.1774578757584095,0.0,0.5167285144329071,0.10375611484050751,0.09418010711669922
17540,126.0625,0.107791468501091,-0.04666262604296208,0.011811867635697127,0.0,0.5157575622200966,0.10940436534583568,0.107791468501091
17550,135.4375,0.11302095651626587,-0.04195460816845298,0.03873146250844002,0.0,0.5150481149554252,0.10206884294748306,0.11302095651626587
17560,136.8125,0.11369577050209045,-0.017498574033379555,0.10597789026796818,0.0,0.5141657531261444,0.09962383061647415,0.11369577050209045
17570,148.78125,0.09075294435024261,-0.03060483727604151,0.10561630800366402,0.0,0.5138527363538742,0.10427738167345524,0.09075294435024261
17580,134.8125,0.10757066309452057,-0.03519973121583462,0.5241768509149551,0.0,0.5084162071347237,0.097563486546278,0.10757066309452057
17590,110.375,0.11872676014900208,-0.03270287085324526,0.7350323557853699,0.0,0.5164020597934723,0.11496161818504333,0.11872676014900208
17600,123.625,0.0916726291179657,-0.03981300862506032,0.035927212424576284,0.0,0.5241356939077377,0.11473930552601815,0.0916726291179657
17610,149.25,0.11035123467445374,-0.03427814189344645,0.1001323863863945,0.0,0.5245942622423172,0.11028004251420498,0.11035123467445374
17620,128.5625,0.10683126002550125,-0.0300333546474576,0.33603759855031967,0.0,0.5141216427087784,0.10014616809785366,0.10683126002550125
17630,158.9375,0.11955808103084564,-0.032857454381883144,0.07682216446846724,0.0,0.5186863780021668,0.1109025351703167,0.11955808103084564
17640,126.3125,0.1072893813252449,-0.02596122436225414,0.6665783047676086,0.0,0.5221862882375717,0.11311015784740448,0.1072893813252449
17650,122.4375,0.11421290040016174,-0.026365889143198727,0.44425183832645415,0.0,0.5199425548315049,0.11858980506658554,0.11421290040016174
17660,123.78125,0.09811017662286758,-0.044555443525314334,0.05337210278958082,0.0,0.5195827513933182,0.11587566323578358,0.09811017662286758
17670,126.4375,0.11661022156476974,-0.03173068081960082,0.44381413161754607,0.0,0.516456350684166,0.11131445094943046,0.11661022156476974
17680,144.90625,0.11393044888973236,-0.02932200990617275,0.385423544049263,0.0,0.5179015189409256,0.11347144208848477,0.11393044888973236
17690,127.53125,0.09888829290866852,-0.02888894435018301,0.27205111384391784,0.0,0.5169669717550278,0.10449003130197525,0.09888829290866852
17700,126.625,0.11077883094549179,-0.02399008525535464,0.2454642489552498,0.0,0.5227820634841919,0.10598428808152675,0.11077883094549179
17710,129.71875,0.10949710011482239,-0.02801064047962427,0.1807098150253296,0.0,0.5161254227161407,0.09972171261906623,0.10949710011482239
17720,147.0625,0.11867362260818481,-0.033777603134512904,0.03396705519407987,0.0,0.5177153706550598,0.11028769128024578,0.11867362260818481
17730,106.9375,0.10276241600513458,-0.03367032930254936,0.19933491498231887,0.0,0.5179262548685074,0.10203701555728913,0.10276241600513458
17740,159.1875,0.1094149500131607,-0.03035770170390606,0.16460322812199593,0.0,0.5229734182357788,0.11131859868764878,0.1094149500131607
17750,114.875,0.12183083593845367,-0.029863531794399024,0.1594546377658844,0.0,0.5197313696146011,0.1136468455195427,0.12183083593845367
17760,110.96875,0.11185915768146515,-0.0279932726174593,0.07208473924547434,0.0,0.5204325735569,0.10563995316624641,0.11185915768146515
17770,124.96875,0.0942910686135292,-0.029252765141427516,0.060629327222704886,0.0,0.5148196965456009,0.1012952696532011,0.0942910686135292
17780,145.78125,0.0772802084684372,-0.029307534266263247,0.08805647976696492,0.0,0.5169267952442169,0.09765012785792351,0.0772802084684372
17790,120.4375,0.11742629110813141,-0.02296953434124589,0.14758892059326173,0.0,0.5139756470918655,0.10715396851301193,0.11742629110813141
17800,131.8125,0.11537632346153259,-0.030406221561133862,0.16075129732489585,0.0,0.5157997936010361,0.11199474483728408,0.11537632346153259
17810,113.3125,0.1136406809091568,-0.02413350660353899,0.33482218682765963,0.0,0.5160314857959747,0.10919280722737312,0.1136406809091568
17820,158.28125,0.09716473519802094,-0.0464138675481081,0.024247783981263638,0.0,0.5168567210435867,0.09993291907012462,0.09716473519802094
17830,131.9375,0.10593236982822418,-0.026987509801983833,0.14245807901024818,0.0,0.5141723409295083,0.1010206039994955,0.10593236982822418
17840,139.21875,0.11150562763214111,-0.028715050406754018,0.16528229862451554,0.0,0.5145751416683197,0.09646860659122466,0.11150562763214111
17850,113.59375,0.1105278804898262,-0.029202577006071807,0.4546684294939041,0.0,0.5170141845941544,0.10953272357583047,0.1105278804898262
17860,131.125,0.11316036432981491,-0.03309405045583844,0.5759091794490814,0.0,0.5168042242527008,0.11323815695941448,0.11316036432981491
17870,109.96875,0.1130065768957138,-0.026723682321608065,0.0982269175350666,0.0,0.5214526802301407,0.10763976648449898,0.1130065768957138
17880,134.3125,0.10868920385837555,-0.04379941448569298,0.06139383427798748,0.0,0.5189525991678238,0.11098639592528343,0.10868920385837555
17890,128.21875,0.12330816686153412,-0.02787265833467245,0.21013104021549225,0.0,0.5143527388572693,0.10829471610486507,0.12330816686153412
17900,145.625,0.11328402161598206,-0.030101454816758633,0.44908310621976855,0.0,0.523250213265419,0.12070325314998627,0.11328402161598206
17910,140.0625,0.12654024362564087,-0.04380361419171095,0.04800568632781506,0.0,0.5229667574167252,0.11462444849312306,0.12654024362564087
17920,135.0,0.12252429127693176,-0.018866188079118728,0.21247181296348572,0.0,0.519355970621109,0.12143544554710388,0.12252429127693176
17930,148.375,0.11922891438007355,-0.02248439323157072,0.18433130159974098,0.0,0.5226421117782593,0.11930534616112709,0.11922891438007355
17940,123.75,0.09567691385746002,-0.031603682413697244,0.46236362755298616,0.0,0.5221384137868881,0.11364001594483852,0.09567691385746002
17950,131.65625,0.12114740163087845,-0.0235440980643034,0.6248312920331955,0.0,0.5243474036455155,0.11233643256127834,0.12114740163087845
17960,132.21875,0.11459425836801529,-0.028912365064024927,0.5565227746963501,0.0,0.5213304281234741,0.1167025875300169,0.11459425836801529
17970,135.53125,0.10004104673862457,-0.030152434855699538,0.28073703646659853,0.0,0.5250645846128463,0.10991714298725128,0.10004104673862457
17980,114.1875,0.12035445868968964,-0.01997322291135788,0.19701817370951175,0.0,0.5240548849105835,0.11188049130141735,0.12035445868968964
17990,159.0625,0.11123808473348618,-0.029872543783858417,0.5516141206026077,0.0,0.5241360783576965,0.12050656750798225,0.11123808473348618
18000,124.78125,0.12490235269069672,-0.027716140635311602,0.47421780228614807,0.0,0.5230546295642853,0.12042369544506074,0.12490235269069672
18010,138.3125,0.12352288514375687,-0.02414730526506901,0.15674971658736467,0.0,0.5290345340967179,0.12173364199697971,0.12352288514375687
18020,143.53125,0.1210923120379448,-0.03099989704787731,0.028683412075042724,0.0,0.5260195463895798,0.11512770242989064,0.1210923120379448
18030,124.21875,0.1141229122877121,-0.02381680943071842,0.11654590740799904,0.0,0.5246008813381196,0.11261739321053028,0.1141229122877121
18040,128.90625,0.11008086055517197,-0.03492669872939587,0.24691063165664673,0.0,0.5284979194402695,0.11564777232706547,0.11008086055517197
18050,131.9375,0.11668179929256439,-0.027343410439789294,0.13944087028503419,0.0,0.5260000795125961,0.10804116874933242,0.11668179929256439
18060,124.96875,0.11559990048408508,-0.027377673611044883,0.14488416761159897,0.0,0.5276116907596589,0.10561328232288361,0.11559990048408508
18070,145.0,0.11583304405212402,-0.02856883630156517,0.12170398663729429,0.0,0.5273300141096116,0.11394103467464448,0.11583304405212402
18080,111.09375,0.1185963898897171,-0.02701446395367384,0.2781206533312798,0.0,0.5283366829156876,0.11216809451580048,0.1185963898897171
18090,117.15625,0.11170986294746399,-0.023990335687994958,0.090956661850214,0.0,0.5258556276559829,0.10756970718502998,0.11170986294746399
18100,126.96875,0.10765676200389862,-0.022403879649937154,0.10896744057536126,0.0,0.5285963952541352,0.11477293856441975,0.10765676200389862
18110,126.4375,0.127445787191391,-0.027425245917402207,0.30226913541555406,0.0,0.5294452220201492,0.12049941457808018,0.127445787191391
18120,119.59375,0.1165524423122406,-0.02390230167657137,0.16187454015016556,0.0,0.5281995803117752,0.10905582793056964,0.1165524423122406
18130,129.46875,0.10640566796064377,-0.017393197864294052,0.09662466756999492,0.0,0.5295648574829102,0.10663057938218116,0.10640566796064377
18140,102.96875,0.10068495571613312,-0.016187459602952002,0.12888486236333846,0.0,0.52762570977211,0.10482175834476948,0.10068495571613312
18150,148.375,0.12253248691558838,-0.03797678388655186,0.006922817090526223,0.0,0.5267162322998047,0.11477362923324108,0.12253248691558838
18160,116.53125,0.09079818427562714,-0.02040105443447828,0.33849807679653166,0.0,0.5244401872158051,0.1113054022192955,0.09079818427562714
18170,132.90625,0.08748434484004974,-0.01987616382539272,0.09102326780557632,0.0,0.5257587224245072,0.09720879197120666,0.08748434484004974
18180,127.84375,0.0770576149225235,-0.03196675516664982,0.07335704937577248,0.0,0.5239902168512345,0.1010528601706028,0.0770576149225235
18190,137.4375,0.12184284627437592,-0.022674804925918578,0.10860838927328587,0.0,0.5283292919397354,0.1124078318476677,0.12184284627437592
18200,120.34375,0.11224595457315445,-0.05291960090398788,0.04658288266509771,0.0,0.5255089968442916,0.11886473931372166,0.11224595457315445
18210,133.3125,0.12214568257331848,-0.014281521923840046,0.2967420220375061,0.0,0.5258763909339905,0.1107827965170145,0.12214568257331848
18220,128.65625,0.12087547034025192,-0.029681908339262007,0.25386845469474795,0.0,0.5288001835346222,0.11263531222939491,0.12087547034025192
18230,152.59375,0.12219197303056717,-0.03437699461355805,0.023313241824507714,0.0,0.5285335659980774,0.11377370841801167,0.12219197303056717
18240,122.25,0.11305399239063263,-0.024734643287956715,0.32954854518175125,0.0,0.5294313162565232,0.11481860838830471,0.11305399239063263
18250,160.65625,0.11388999223709106,-0.02154450546950102,0.32388204634189605,0.0,0.5291171997785569,0.11116910241544246,0.11388999223709106
18260,137.0625,0.1091349720954895,-0.03778855502605438,0.037160218507051465,0.0,0.5325353741645813,0.11162317208945752,0.1091349720954895
18270,128.875,0.11521346867084503,-0.029008288402110338,0.4256105810403824,0.0,0.5310013443231583,0.10373841598629951,0.11521346867084503
18280,124.625,0.12610921263694763,-0.02653787489980459,0.29814424812793733,0.0,0.5371070951223373,0.11721050441265106,0.12610921263694763
18290,118.84375,0.09999258816242218,-0.025674537941813468,0.20484160035848617,0.0,0.5329474300146103,0.11034714654088021,0.09999258816242218
18300,131.6875,0.13314062356948853,-0.03660104414448142,0.022180630546063184,0.0,0.530689463019371,0.11066857017576695,0.13314062356948853
18310,96.9375,0.10454043745994568,-0.03251091605052352,0.18266638964414597,0.0,0.531467267870903,0.11617589630186557,0.10454043745994568
18320,137.0,0.10239759832620621,-0.024429512210190296,0.19539153575897217,0.0,0.529177513718605,0.10470753088593483,0.10239759832620621
18330,136.96875,0.09619130939245224,-0.031216948106884957,0.2612259238958359,0.0,0.5277684032917023,0.1041741881519556,0.09619130939245224
18340,121.40625,0.10436126589775085,-0.02735995901748538,0.2036001369357109,0.0,0.5224636703729629,0.09008658546954393,0.10436126589775085
18350,88.0625,0.09525349736213684,-0.03232768466696143,0.5801980018615722,0.0,0.5298385888338089,0.10793616361916065,0.09525349736213684
18360,131.3125,0.07349769026041031,-0.02951147612184286,0.08054914064705372,0.0,0.5326245784759521,0.10320197641849518,0.07349769026041031
18370,145.65625,0.10711857676506042,-0.04696024097502231,0.006163868214935064,0.0,0.533918422460556,0.10506094060838223,0.10711857676506042
18380,116.40625,0.11422219127416611,-0.025074727647006512,0.28952375054359436,0.0,0.5309471726417542,0.10545054413378238,0.11422219127416611
18390,125.90625,0.10076647996902466,-0.032071237452328205,0.13675299286842346,0.0,0.5296992987394333,0.09961860254406929,0.10076647996902466
18400,130.59375,0.10166655480861664,-0.025505861081182957,0.07662632763385772,0.0,0.5331872224807739,0.10733636878430844,0.10166655480861664
18410,139.8125,0.12205158174037933,-0.029739663936197758,0.09065015763044357,0.0,0.5309913218021393,0.1094930037856102,0.12205158174037933
18420,99.09375,0.0735558420419693,-0.03833703957498073,0.02981040719896555,0.0,0.5300932496786117,0.09544745981693267,0.0735558420419693
18430,140.09375,0.12319093942642212,-0.028174934163689613,0.030867093056440354,0.0,0.5324174702167511,0.1034156210720539,0.12319093942642212
18440,120.34375,0.11199025064706802,-0.030930709093809128,0.1428927443921566,0.0,0.5296968936920166,0.10940858833491802,0.11199025064706802
18450,106.96875,0.10084064304828644,-0.037357759289443494,0.029017006047070026,0.0,0.5272785872220993,0.09309902116656303,0.10084064304828644
18460,138.90625,0.09308504313230515,-0.019479152001440524,0.24953949302434922,0.0,0.5338414907455444,0.09640254639089108,0.09308504313230515
18470,98.21875,0.10432974994182587,-0.013209410943090916,0.23300404995679855,0.0,0.5331309318542481,0.09417588133364915,0.10432974994182587
18480,141.875,0.10703608393669128,-0.02578309066593647,0.09927179850637913,0.0,0.529873839020729,0.09837382324039937,0.10703608393669128
18490,126.1875,0.10973988473415375,-0.020324953831732273,0.04312140196561813,0.0,0.5340171962976455,0.11351274289190769,0.10973988473415375
18500,119.5,0.10758966207504272,-0.022608845308423043,0.08483742289245129,0.0,0.5335569649934768,0.10890879482030869,0.10758966207504272
18510,140.5,0.1182236522436142,-0.028834908083081246,0.20802110135555268,0.0,0.5371252685785294,0.1126757275313139,0.1182236522436142
18520,103.625,0.09910883009433746,-0.03558034254238009,0.3396699965000153,0.0,0.5351465463638305,0.1102141197770834,0.09910883009433746
18530,126.09375,0.09485287219285965,-0.025295087601989508,0.06593139991164207,0.0,0.5350365668535233,0.10238457024097443,0.09485287219285965
18540,94.6875,0.09413062036037445,-0.03452665414661169,0.17719175964593886,0.0,0.5356924951076507,0.1040731031447649,0.09413062036037445
18550,118.71875,0.0902363657951355,-0.030799728631973267,0.08327524475753308,0.0,0.5384098589420319,0.10685232989490032,0.0902363657951355
18560,132.5,0.11313742399215698,-0.024045290239155293,0.1121430367231369,0.0,0.536796635389328,0.11786218248307705,0.11313742399215698
18570,119.5625,0.11910232901573181,-0.03614918403327465,0.03481148574501276,0.0,0.5362436443567276,0.11201993674039841,0.11910232901573181
18580,140.21875,0.12007654458284378,-0.020162482652813195,0.09479947164654731,0.0,0.5387299299240113,0.10818316116929054,0.12007654458284378
18590,122.96875,0.11986495554447174,-0.02413650546222925,0.09258675798773766,0.0,0.5364168822765351,0.10708700008690357,0.11986495554447174
18600,130.0625,0.10370145738124847,-0.03802790688350797,0.1793861836194992,0.0,0.5387701332569123,0.11089607588946819,0.10370145738124847
18610,104.40625,0.11981788277626038,-0.02684897780418396,0.22089530229568483,0.0,0.5351124435663224,0.10266524888575077,0.11981788277626038
18620,136.5,0.11921294033527374,-0.030284011736512184,0.22954533100128174,0.0,0.536838835477829,0.10912860259413719,0.11921294033527374
18630,126.90625,0.11614150553941727,-0.019584960583597422,0.11603851690888405,0.0,0.5368550986051559,0.10739017277956009,0.11614150553941727
18640,138.75,0.11078000068664551,-0.029915155656635762,0.2654906764626503,0.0,0.5365503638982773,0.11477147117257118,0.11078000068664551
18650,145.34375,0.11772207915782928,-0.01922377720475197,0.2502700060606003,0.0,0.5415273874998092,0.11396191976964473,0.11772207915782928
18660,110.28125,0.0985264703631401,-0.003582249954342842,0.22110893726348876,0.0,0.5436523020267486,0.11401460282504558,0.0985264703631401
18670,140.46875,0.11279542744159698,-0.018410110101103782,0.13771944269537925,0.0,0.5420757234096527,0.10914623960852624,0.11279542744159698
18680,105.9375,0.1024090051651001,-0.0339495362713933,0.24449321776628494,0.0,0.5412236481904984,0.1136804424226284,0.1024090051651001
18690,153.6875,0.13385853171348572,-0.039869318902492526,0.016529022064059973,0.0,0.5432500272989274,0.12489735931158066,0.13385853171348572
18700,140.75,0.1308109015226364,-0.02634310405701399,0.1550935760140419,0.0,0.544161605834961,0.12532395906746388,0.1308109015226364
18710,132.96875,0.12630000710487366,-0.021553489845246077,0.34524066746234894,0.0,0.5410549104213714,0.11518295481801033,0.12630000710487366
18720,139.5625,0.10642873495817184,-0.017122858203947544,0.07102866494096816,0.0,0.5425336986780167,0.11948694624006748,0.10642873495817184
18730,104.6875,0.11372014880180359,-0.03183621466159821,0.2394117996096611,0.0,0.5384421736001969,0.1149265557527542,0.11372014880180359
18740,148.8125,0.12283532321453094,-0.02457354301586747,0.11140120960772038,0.0,0.542856153845787,0.11816025860607623,0.12283532321453094
18750,121.28125,0.1148228794336319,-0.05264952797442675,0.008706565108150243,0.0,0.5401203483343124,0.11900977566838264,0.1148228794336319
18760,134.25,0.12985096871852875,-0.023473191633820535,0.362104207277298,0.0,0.5431489616632461,0.1283311665058136,0.12985096871852875
18770,115.5,0.11351493000984192,-0.022112240083515644,0.10993153899908066,0.0,0.5432129740715027,0.11345319412648677,0.11351493000984192
18780,118.6875,0.10510276257991791,-0.02679953398182988,0.19218402355909348,0.0,0.5417763233184815,0.11286334656178951,0.10510276257991791
18790,128.03125,0.10726836323738098,-0.024906428903341292,0.1976968988776207,0.0,0.5392587721347809,0.11318831071257592,0.10726836323738098
18800,113.34375,0.12877918779850006,-0.027848612889647482,0.09824948832392692,0.0,0.5435028314590454,0.11528050936758519,0.12877918779850006
18810,119.40625,0.13192953169345856,-0.02481055222451687,0.4479666441679001,0.0,0.5485273689031601,0.12498405873775482,0.13192953169345856
18820,112.46875,0.1406024992465973,-0.024630859307944775,0.2390661507844925,0.0,0.549656093120575,0.12280805073678494,0.1406024992465973
18830,139.03125,0.11820018291473389,-0.02068939311429858,0.10247955471277237,0.0,0.5443689435720444,0.12382719293236732,0.11820018291473389
18840,121.3125,0.11427708715200424,-0.021004777681082488,0.0654996226541698,0.0,0.546057403087616,0.11558900028467178,0.11427708715200424
18850,132.5625,0.1228790134191513,-0.032299190387129785,0.021793197840452194,0.0,0.5455120116472244,0.12882489748299122,0.1228790134191513
18860,123.65625,0.13384702801704407,-0.021603702940046786,0.2756956696510315,0.0,0.5468635737895966,0.13028778433799743,0.13384702801704407
18870,131.71875,0.13678279519081116,-0.018075897172093392,0.1478588230907917,0.0,0.5500094920396805,0.1332019329071045,0.13678279519081116
18880,139.96875,0.13187769055366516,-0.02556283725425601,0.4187267184257507,0.0,0.5547936916351318,0.1361602906137705,0.13187769055366516
18890,122.15625,0.12529154121875763,-0.02761436188593507,0.0909547807648778,0.0,0.5511245608329773,0.13607277162373066,0.12529154121875763
18900,111.03125,0.1161261573433876,-0.028491607308387755,0.30496819615364074,0.0,0.555165958404541,0.1370209962129593,0.1161261573433876
18910,135.0,0.14402031898498535,-0.017140630539506672,0.20912594348192215,0.0,0.5538803905248642,0.13948806524276733,0.14402031898498535
18920,109.125,0.13866344094276428,-0.012651836220175027,0.08523033708333969,0.0,0.5536271363496781,0.12786768935620785,0.13866344094276428
18930,154.0625,0.14131149649620056,-0.016877449117600918,0.1851075142621994,0.0,0.5545300304889679,0.13486576229333877,0.14131149649620056
18940,124.15625,0.12091733515262604,-0.03592255599796772,0.017673989478498697,0.0,0.5520013600587845,0.12334699295461178,0.12091733515262604
18950,162.09375,0.14438243210315704,-0.019669090770184992,0.31121874749660494,0.0,0.552726024389267,0.13564948551356792,0.14438243210315704
18960,115.03125,0.1381838619709015,-0.02192153297364712,0.340871824324131,0.0,0.5556990265846252,0.13734298273921014,0.1381838619709015
18970,112.3125,0.1320560723543167,-0.029115190636366604,0.17443377673625945,0.0,0.5561695992946625,0.12343251444399357,0.1320560723543167
18980,129.375,0.11446276307106018,-0.027684933692216872,0.07064437828958034,0.0,0.5548434466123581,0.12760090976953506,0.11446276307106018
18990,114.3125,0.13869215548038483,-0.027958180382847787,0.029528695717453958,0.0,0.5556553095579148,0.1354007303714752,0.13869215548038483
19000,130.71875,0.11445578932762146,-0.023441788647323845,0.21576276645064354,0.0,0.5553028434514999,0.12634084820747377,0.11445578932762146
19010,129.15625,0.13505040109157562,-0.040525659918785095,0.00931487875059247,0.0,0.5575435489416123,0.12956180684268476,0.13505040109157562
19020,159.28125,0.13981102406978607,-0.027987268380820753,0.39458544850349425,0.0,0.5564426690340042,0.13704375512897968,0.13981102406978607
19030,128.4375,0.1278999298810959,-0.02068153638392687,0.06484186742454767,0.0,0.5553689390420914,0.1250264436006546,0.1278999298810959
19040,104.9375,0.13039878010749817,-0.024984944518655537,0.2370431661605835,0.0,0.5595137298107147,0.13049731962382793,0.13039878010749817
19050,123.0,0.14450499415397644,-0.029930965788662434,0.10911189801990986,0.0,0.5615433692932129,0.12990421243011951,0.14450499415397644
19060,120.90625,0.13519446551799774,-0.04495503334328532,0.022259255684912205,0.0,0.5640987783670426,0.13013488724827765,0.13519446551799774
19070,142.03125,0.10948100686073303,-0.03317402526736259,0.09998712241649628,0.0,0.559214574098587,0.12290560640394688,0.10948100686073303
19080,135.3125,0.13812364637851715,-0.016271216236054896,0.15283443480730058,0.0,0.5601760566234588,0.12724449224770068,0.13812364637851715
19090,133.84375,0.1371231973171234,-0.03190711941570044,0.044051097333431245,0.0,0.5629477351903915,0.1386531986296177,0.1371231973171234
19100,115.25,0.12084884941577911,-0.030186204146593808,0.44579145312309265,0.0,0.5591809779405594,0.13289436995983123,0.12084884941577911
19110,119.03125,0.10875246673822403,-0.03618289344012737,0.21404990553855896,0.0,0.5593496978282928,0.1358994334936142,0.10875246673822403
19120,129.09375,0.12739776074886322,-0.03250638730823994,0.11391865089535713,0.0,0.556209459900856,0.13364739157259464,0.12739776074886322
19130,107.625,0.08637898415327072,-0.025198385957628487,0.09114487394690514,0.0,0.5556589514017105,0.11347744688391685,0.08637898415327072
19140,128.125,0.07963795959949493,-0.037142626196146014,0.07498958893120289,0.0,0.5540280282497406,0.11649863570928573,0.07963795959949493
19150,128.53125,0.13224855065345764,-0.030318571254611015,0.0398739792406559,0.0,0.5553676396608352,0.12913965657353402,0.13224855065345764
19160,120.375,0.12733133137226105,-0.02502661058679223,0.11434304267168045,0.0,0.5612936109304428,0.13371422849595546,0.12733133137226105
19170,127.5625,0.13882851600646973,-0.025865166634321212,0.14219248965382575,0.0,0.5607755094766617,0.12069996856153012,0.13882851600646973
19180,150.46875,0.15593978762626648,-0.02427494525909424,0.16440182626247407,0.0,0.5599639713764191,0.14229481518268586,0.15593978762626648
19190,129.0625,0.1502877175807953,-0.021097296103835105,0.10544039309024811,0.0,0.5671307027339936,0.15074978843331338,0.1502877175807953
19200,146.3125,0.12096195667982101,-0.024017190933227538,0.18442865163087846,0.0,0.5647759735584259,0.14790294021368028,0.12096195667982101
19210,144.375,0.14752551913261414,-0.02170891910791397,0.1837199606001377,0.0,0.5641847670078277,0.14424794986844064,0.14752551913261414
19220,111.40625,0.14723557233810425,-0.020007912535220385,0.23861684203147887,0.0,0.5640825957059861,0.1446156807243824,0.14723557233810425
19230,141.96875,0.15899553894996643,-0.014345511700958014,0.27194221317768097,0.0,0.5611087143421173,0.14106075167655946,0.15899553894996643
19240,102.75,0.13670003414154053,-0.02556709013879299,0.2886303514242172,0.0,0.5615210771560669,0.14452807940542697,0.13670003414154053
19250,164.3125,0.147110253572464,-0.0014572504907846451,0.21524572968482972,0.0,0.564899143576622,0.14863727539777755,0.147110253572464
19260,111.125,0.13923494517803192,-0.02334979772567749,0.17370840534567833,0.0,0.5579062908887863,0.14431693516671656,0.13923494517803192
19270,137.375,0.14584696292877197,-0.03520330507308245,1.034639549255371,0.0,0.5624960154294968,0.1483524337410927,0.14584696292877197
19280,141.875,0.13904841244220734,-0.04337466433644295,0.023633731063455343,0.0,0.5578361243009567,0.14167579337954522,0.13904841244220734
19290,119.4375,0.1458481252193451,-0.026107268780469893,0.42879708409309386,0.0,0.560716164112091,0.13845075257122516,0.1458481252193451
19300,161.0625,0.1495978981256485,-0.011372255813330411,0.17854342013597488,0.0,0.5607026219367981,0.14441874772310256,0.1495978981256485
19310,102.40625,0.14587850868701935,-0.019683299213647844,0.41101233959197997,0.0,0.5622522443532944,0.14430234134197234,0.14587850868701935
19320,157.96875,0.14572317898273468,-0.02572472239844501,0.26900426149368284,0.0,0.5644906729459762,0.14096273854374886,0.14572317898273468
19330,120.1875,0.15134966373443604,-0.02065358217805624,0.10053436765447259,0.0,0.5590817540884018,0.14133789241313935,0.15134966373443604
19340,143.40625,0.1380578577518463,-0.018895942624658345,0.18043280243873597,0.0,0.5584416925907135,0.14491338208317756,0.1380578577518463
19350,123.21875,0.14906321465969086,-0.02025557290762663,0.3227328285574913,0.0,0.5599791437387467,0.13488845266401767,0.14906321465969086
19360,130.28125,0.14167293906211853,-0.04011830352246761,0.019507279060781,0.0,0.5585793912410736,0.14413492046296597,0.14167293906211853
19370,135.3125,0.13993100821971893,-0.010787193290889263,0.07507560383528471,0.0,0.5603018492460251,0.1360054723918438,0.13993100821971893
19380,115.125,0.14071041345596313,-0.024806092865765093,0.22559415102005004,0.0,0.5582418352365494,0.13821689113974572,0.14071041345596313
19390,156.625,0.13701088726520538,-0.05010143406689167,0.016130820754915474,0.0,0.5590822547674179,0.13768436908721923,0.13701088726520538
19400,137.8125,0.12631291151046753,-0.03574023628607392,0.34069412052631376,0.0,0.5619707614183426,0.14093084149062635,0.12631291151046753
19410,134.90625,0.1455838680267334,-0.024029807932674885,0.5955326676368713,0.0,0.561876329779625,0.1418384611606598,0.1455838680267334
19420,120.59375,0.14635509252548218,-0.01909538675099611,0.1747341088950634,0.0,0.5615997552871704,0.13915635086596012,0.14635509252548218
19430,128.5,0.12770667672157288,-0.02927533071488142,0.5354644447565079,0.0,0.5581685483455658,0.13738193660974501,0.12770667672157288
19440,128.8125,0.1493702232837677,-0.030474681127816438,0.15673372521996498,0.0,0.5586061209440232,0.13965625688433647,0.1493702232837677
19450,133.96875,0.13677799701690674,-0.02392061650753021,0.12315752413123845,0.0,0.5602432519197464,0.14043669477105142,0.13677799701690674
19460,119.6875,0.12508723139762878,-0.034955273382365704,0.012075163703411818,0.0,0.5553595423698425,0.12089296616613865,0.12508723139762878
19470,99.71875,0.1320738047361374,-0.03180282078683376,0.23872439414262772,0.0,0.5565831452608109,0.13027536310255527,0.1320738047361374
19480,126.84375,0.12888890504837036,-0.011970371752977372,0.06940977424383163,0.0,0.5568698674440384,0.1202541295439005,0.12888890504837036
19490,113.78125,0.12855792045593262,-0.02040920266881585,0.17264453172683716,0.0,0.5564525723457336,0.12799628973007202,0.12855792045593262
19500,134.03125,0.13653287291526794,-0.04736959263682365,0.023116283304989337,0.0,0.559630599617958,0.13838948905467988,0.13653287291526794
19510,145.375,0.1150258481502533,-0.02004318181425333,0.12196625992655755,0.0,0.5611436337232589,0.14001715332269668,0.1150258481502533
19520,135.8125,0.15037477016448975,-0.014770540781319142,0.1289570227265358,0.0,0.5595784097909927,0.14087256826460362,0.15037477016448975
19530,127.84375,0.14639055728912354,-0.026393331494182347,0.13536009714007377,0.0,0.5625216573476791,0.14386551156640054,0.14639055728912354
19540,124.40625,0.12707163393497467,-0.02926452085375786,0.18481780737638473,0.0,0.5590715140104294,0.134937135130167,0.12707163393497467
19550,126.34375,0.13562007248401642,-0.015859429165720938,0.12152691185474396,0.0,0.5582723289728164,0.13903858326375484,0.13562007248401642
19560,159.875,0.15044492483139038,-0.019729077257215975,0.2134117841720581,0.0,0.5597612768411636,0.14704006686806678,0.15044492483139038
19570,118.5625,0.1401555836200714,-0.01937451455742121,0.1378438264131546,0.0,0.5605314195156097,0.13568318001925944,0.1401555836200714
19580,160.0,0.12643522024154663,-0.02951226904988289,0.19779835492372513,0.0,0.5579180002212525,0.1335714988410473,0.12643522024154663
19590,131.125,0.1393420547246933,-0.020148357935249807,0.10140667334198952,0.0,0.5551817953586579,0.13289285264909267,0.1393420547246933
19600,144.40625,0.143486887216568,-0.020873515494167806,0.22558924108743666,0.0,0.5570670396089554,0.14225224852561952,0.143486887216568
19610,132.875,0.14261478185653687,-0.02790531162172556,0.3207891330122948,0.0,0.5570874303579331,0.13779110237956047,0.14261478185653687
19620,110.40625,0.13937509059906006,-0.025053129717707633,0.5486466854810714,0.0,0.5578740954399108,0.1413979023694992,0.13937509059906006
19630,167.3125,0.14607331156730652,-0.025212460197508335,0.0194887257181108,0.0,0.558318692445755,0.142521383613348,0.14607331156730652
19640,115.59375,0.13935396075248718,-0.014584461599588395,0.18570703342556955,0.0,0.5492847561836243,0.131856107711792,0.13935396075248718
19650,140.6875,0.13946092128753662,-0.017364063300192356,0.5390200793743134,0.0,0.5562205791473389,0.13978761360049247,0.13946092128753662
19660,122.4375,0.14324121177196503,-0.023877811059355734,0.21037873327732087,0.0,0.5576693505048752,0.14110852107405664,0.14324121177196503
19670,137.1875,0.14492449164390564,-0.02046252489089966,0.4141605108976364,0.0,0.5550406664609909,0.14102107621729373,0.14492449164390564
19680,115.4375,0.1261921226978302,-0.018787884432822467,0.11074314527213573,0.0,0.5583251148462296,0.1255149409174919,0.1261921226978302
19690,154.9375,0.12924572825431824,-0.018614516500383614,0.3919669434428215,0.0,0.5556790322065354,0.1403796061873436,0.12924572825431824
19700,124.46875,0.1360412836074829,-0.040830145962536334,0.04395325127989054,0.0,0.5564780473709107,0.13093419186770916,0.1360412836074829
19710,123.46875,0.1337677538394928,-0.02388105830177665,0.30573549717664716,0.0,0.5525938689708709,0.12674836367368697,0.1337677538394928
19720,144.0,0.12775209546089172,-0.019413946941494942,0.1465783566236496,0.0,0.5522179514169693,0.12503910027444362,0.12775209546089172
19730,124.03125,0.11584189534187317,-0.024013951979577543,0.24634237140417098,0.0,0.5518188178539276,0.12181486040353776,0.11584189534187317
19740,131.0625,0.1383407860994339,-0.022477557975798847,0.2874170809984207,0.0,0.551600107550621,0.12462420351803302,0.1383407860994339
19750,106.90625,0.13847121596336365,-0.024887016415596007,0.025730680022388697,0.0,0.5557716846466064,0.12154441028833389,0.13847121596336365
19760,133.65625,0.1292543113231659,-0.019593117851763965,0.17290570139884948,0.0,0.5541264146566391,0.12918380573391913,0.1292543113231659
19770,120.0,0.1389266550540924,-0.04074490242637694,0.023436713218688964,0.0,0.5520706087350845,0.12148580476641654,0.1389266550540924
19780,142.28125,0.14005853235721588,-0.026195625495165586,0.2686163395643234,0.0,0.5572072982788085,0.13463060036301613,0.14005853235721588
19790,130.6875,0.14132875204086304,-0.031060180440545083,0.2648893892765045,0.0,0.5562667995691299,0.12990280836820603,0.14132875204086304
19800,122.53125,0.14352333545684814,-0.020982710737735034,0.25813881009817125,0.0,0.5604211926460266,0.13650590069592,0.14352333545684814
19810,128.6875,0.14324524998664856,-0.018709380365908145,0.34599686563014986,0.0,0.5614467084407806,0.13642757534980773,0.14324524998664856
19820,133.6875,0.12200011312961578,-0.025079726427793502,0.18502824306488036,0.0,0.5581589937210083,0.1367622807621956,0.12200011312961578
19830,132.75,0.1385941207408905,-0.02791095692664385,0.3636990383267403,0.0,0.5546960443258285,0.13475262150168418,0.1385941207408905
19840,143.3125,0.13765215873718262,-0.020152246113866568,0.26174148768186567,0.0,0.55573610663414,0.13232363052666188,0.13765215873718262
19850,128.375,0.12821334600448608,-0.02663940116763115,0.4834559440612793,0.0,0.5565903931856155,0.12659779898822307,0.12821334600448608
19860,134.3125,0.10921187698841095,-0.011529264505952597,0.25071180015802386,0.0,0.5515724837779998,0.12317046485841274,0.10921187698841095
19870,111.03125,0.12884625792503357,-0.022605311684310438,0.18029275238513948,0.0,0.5570227682590485,0.12940813191235065,0.12884625792503357
19880,121.15625,0.13465534150600433,-0.022367915883660317,0.5459931015968322,0.0,0.5568051666021347,0.13743191286921502,0.13465534150600433
19890,132.78125,0.14589723944664001,-0.05263493051752448,0.026109384186565877,0.0,0.5555528730154038,0.14025155752897261,0.14589723944664001
19900,137.125,0.13526202738285065,-0.026000857539474963,0.04891298525035381,0.0,0.5562614351511002,0.12849463000893593,0.13526202738285065
19910,162.875,0.12830224633216858,-0.021990652475506068,0.21982605308294295,0.0,0.5536719352006912,0.12355954274535179,0.12830224633216858
19920,147.40625,0.13672924041748047,-0.02374914027750492,0.2524212285876274,0.0,0.554503807425499,0.1267392337322235,0.13672924041748047
19930,95.9375,0.10047373175621033,-0.03231643363833427,0.216177599132061,0.0,0.5544384747743607,0.12458587773144245,0.10047373175621033
19940,134.59375,0.13338017463684082,-0.028206463158130645,0.1642735291272402,0.0,0.5561487257480622,0.12977708466351032,0.13338017463684082
19950,127.96875,0.1256568282842636,-0.026532588712871074,0.03612166717648506,0.0,0.5571983605623245,0.1296702664345503,0.1256568282842636
19960,119.84375,0.13284572958946228,-0.02083445992320776,0.14947289675474168,0.0,0.5565743833780289,0.12007278800010682,0.13284572958946228
19970,111.3125,0.11256980895996094,-0.027958618476986885,0.19782890230417252,0.0,0.557607215642929,0.1297379020601511,0.11256980895996094
19980,131.34375,0.11366702616214752,-0.02501459764316678,0.15234938487410546,0.0,0.558593538403511,0.12768700122833251,0.11366702616214752
19990,130.15625,0.13479331135749817,-0.029840858653187752,0.1295313149690628,0.0,0.5620722472667694,0.136840058863163,0.13479331135749817
20000,110.96875,0.1472424864768982,-0.026802405528724194,0.058623077161610124,0.0,0.5624648779630661,0.12553561739623548,0.1472424864768982
20010,131.84375,0.1450713574886322,-0.033604320418089625,0.005316293053328991,0.0,0.5584418267011643,0.12846342101693153,0.1450713574886322
20020,83.0625,0.14755521714687347,-0.03523387592285872,0.10065189301967621,0.0,0.5597452104091645,0.14770293943583965,0.14755521714687347
20030,161.5,0.12341180443763733,-0.038921843841671945,0.037073472328484056,0.0,0.5587142646312714,0.1346432339400053,0.12341180443763733
20040,110.5625,0.11429925262928009,-0.030096371844410896,0.08596873581409455,0.0,0.563290023803711,0.12825157642364501,0.11429925262928009
20050,166.25,0.13673168420791626,-0.02196364160627127,0.12874257043004037,0.0,0.5600566893815995,0.14075253456830977,0.13673168420791626
20060,103.59375,0.1434154510498047,-0.02736813691444695,0.07587520591914654,0.0,0.5601610600948334,0.13253139108419418,0.1434154510498047
20070,103.6875,0.15369047224521637,-0.02717222422361374,0.10618455559015275,0.0,0.5595579981803894,0.1369396887719631,0.15369047224521637
20080,143.75,0.13882999122142792,-0.030924556963145732,0.023502754420042037,0.0,0.5610398650169373,0.13151360712945462,0.13882999122142792
20090,119.625,0.13450971245765686,-0.04390466073527932,0.01234016353264451,0.0,0.5586387574672699,0.12928209006786345,0.13450971245765686
20100,141.03125,0.15013043582439423,-0.025503312423825263,0.20475052520632744,0.0,0.5618607252836227,0.13868593014776706,0.15013043582439423
20110,110.65625,0.14070424437522888,-0.02056987565010786,0.19962748289108276,0.0,0.5606897532939911,0.13236735239624978,0.14070424437522888
20120,129.875,0.14610059559345245,-0.019238722696900367,0.18073149770498276,0.0,0.5609545826911926,0.12952723428606988,0.14610059559345245
20130,141.40625,0.140691876411438,-0.038935336843132974,0.03110435213893652,0.0,0.561762872338295,0.128316855058074,0.140691876411438
20140,138.90625,0.13893088698387146,-0.03665154874324798,0.02107663070783019,0.0,0.5608303785324097,0.12784559093415737,0.13893088698387146
20150,140.28125,0.10869644582271576,-0.035631892085075376,0.2419721394777298,0.0,0.561421662569046,0.13102352768182754,0.10869644582271576
20160,119.5,0.13175150752067566,-0.02993033267557621,0.09618480801582337,0.0,0.561605629324913,0.13579005375504494,0.13175150752067566
20170,134.09375,0.13999035954475403,-0.016328022815287113,0.05952534694224596,0.0,0.5621353089809418,0.13125067092478276,0.13999035954475403
20180,124.34375,0.13060365617275238,-0.02837330475449562,0.24647900462150574,0.0,0.5640531361103058,0.13724793791770934,0.13060365617275238
20190,109.375,0.13675427436828613,-0.02448902018368244,0.19192261323332788,0.0,0.5609293848276138,0.12920058891177177,0.13675427436828613
20200,114.96875,0.13415026664733887,-0.026110650412738322,0.07997549436986447,0.0,0.5629401355981827,0.11957362294197083,0.13415026664733887
20210,143.75,0.1485390067100525,-0.016754205990582704,0.24833830296993256,0.0,0.5631749749183654,0.13654970414936543,0.1485390067100525
20220,133.25,0.13202357292175293,-0.027295704279094935,0.10594971999526023,0.0,0.5643244594335556,0.13883550986647605,0.13202357292175293
20230,125.21875,0.14207333326339722,-0.025971577782183886,0.30140337347984314,0.0,0.5673775166273117,0.14270853251218796,0.14207333326339722
20240,114.5625,0.1498170793056488,-0.022064196690917016,0.10614581480622291,0.0,0.5662635535001754,0.13137608356773853,0.1498170793056488
20250,145.09375,0.1514304280281067,-0.028249519318342207,0.18935529738664628,0.0,0.568171638250351,0.14023547619581223,0.1514304280281067
20260,121.09375,0.1377856284379959,-0.0348504051566124,0.050106543302536014,0.0,0.5677450507879257,0.13442408256232738,0.1377856284379959
20270,151.0625,0.12330271303653717,-0.01998911555856466,0.0523981349542737,0.0,0.5701240867376327,0.1335412696003914,0.12330271303653717
20280,122.84375,0.1491870880126953,-0.029014786705374718,0.19671148508787156,0.0,0.5717530339956284,0.14927356988191604,0.1491870880126953
20290,114.25,0.1378570944070816,-0.03104067053645849,0.4417558223009109,0.0,0.5728086501359939,0.14577053338289261,0.1378570944070816
20300,120.96875,0.1380506157875061,-0.025295416079461574,0.3600097358226776,0.0,0.5706817865371704,0.13341348804533482,0.1380506157875061
20310,118.9375,0.12087161839008331,-0.023752749618142843,0.08375942930579186,0.0,0.5681140869855881,0.12800207249820234,0.12087161839008331
20320,150.75,0.11171087622642517,-0.032759597152471544,0.1755354270339012,0.0,0.5653355598449707,0.13616121485829352,0.11171087622642517
20330,124.28125,0.12672966718673706,-0.02011014362797141,0.14801594763994216,0.0,0.5676651865243911,0.12640284225344658,0.12672966718673706
20340,136.15625,0.15704208612442017,-0.04678417388349772,0.018848565593361854,0.0,0.5704606652259827,0.14367220178246498,0.15704208612442017
20350,137.59375,0.1359022557735443,-0.049326253263279794,0.02896564230322838,0.0,0.5719300597906113,0.14709663689136504,0.1359022557735443
20360,94.34375,0.1471986025571823,-0.02443618904799223,0.29980992525815964,0.0,0.5714322626590729,0.13504951894283296,0.1471986025571823
20370,147.46875,0.14459621906280518,-0.05144038740545511,0.006605654861778021,0.0,0.5774958550930023,0.1438121136277914,0.14459621906280518
20380,105.5625,0.1552135944366455,-0.039692682400345805,0.020061278715729713,0.0,0.5711622685194016,0.14409362450242041,0.1552135944366455
20390,145.625,0.1398669183254242,-0.023497691750526427,0.35358230769634247,0.0,0.5741900086402894,0.14033294506371022,0.1398669183254242
20400,141.84375,0.1533503532409668,-0.034447452425956725,0.012581975385546684,0.0,0.5738298654556274,0.14637538865208627,0.1533503532409668
20410,122.71875,0.1508120447397232,-0.029247098509222268,0.21933363378047943,0.0,0.575937420129776,0.1426627553999424,0.1508120447397232
20420,140.875,0.13891834020614624,-0.027213414199650288,0.12144390270113944,0.0,0.5758015871047973,0.14397375993430614,0.13891834020614624
20430,102.8125,0.14544808864593506,-0.02979709571227431,0.21118692606687545,0.0,0.5756925642490387,0.14301793687045575,0.14544808864593506
20440,127.71875,0.13856282830238342,-0.04568205252289772,0.019225236121565105,0.0,0.5743845343589783,0.14477198719978332,0.13856282830238342
20450,122.09375,0.1499260663986206,-0.04928420092910528,0.012746746372431516,0.0,0.5756712049245835,0.14815455079078674,0.1499260663986206
20460,149.21875,0.15109191834926605,-0.023109333775937557,0.04920800216495991,0.0,0.5733289539813995,0.14969295337796212,0.15109191834926605
20470,121.1875,0.15583395957946777,-0.03316582152619958,0.02394145429134369,0.0,0.5728122144937515,0.13310636654496194,0.15583395957946777
20480,142.78125,0.14122909307479858,-0.021074911579489708,0.10166105926036835,0.0,0.5725770205259323,0.14348220825195312,0.14122909307479858
20490,120.28125,0.13745905458927155,-0.02252996526658535,0.21322732865810395,0.0,0.5717057675123215,0.13381582908332348,0.13745905458927155
20500,137.96875,0.15947452187538147,-0.018208317644894122,0.11121358759701253,0.0,0.5771789312362671,0.14375415891408921,0.15947452187538147
20510,131.5625,0.1578400433063507,-0.03167592091485858,0.13519394248723984,0.0,0.5709586888551712,0.1470667913556099,0.1578400433063507
20520,114.03125,0.13908234238624573,-0.020031089335680007,0.21275561600923537,0.0,0.5744551897048951,0.13770775496959686,0.13908234238624573
20530,121.65625,0.1390000283718109,-0.02492046281695366,0.3122803270816803,0.0,0.5771905481815338,0.1502528063952923,0.1390000283718109
20540,125.25,0.1502021998167038,-0.01708429232239723,0.09396775551140309,0.0,0.5730057865381241,0.14545926116406918,0.1502021998167038
20550,138.3125,0.13646170496940613,-0.012917998526245356,0.24576631784439087,0.0,0.5714127987623214,0.1446687750518322,0.13646170496940613
20560,118.9375,0.15144193172454834,-0.012524092197418213,0.2111983984708786,0.0,0.5697218418121338,0.14242578148841858,0.15144193172454834
20570,159.59375,0.1478695124387741,-0.022353523038327695,0.02659640572965145,0.0,0.5769175827503205,0.14847332760691642,0.1478695124387741
20580,119.78125,0.15676714479923248,-0.03237209562212229,0.8076999604701995,0.0,0.571201753616333,0.15170577615499498,0.15676714479923248
20590,141.8125,0.14997924864292145,-0.02489887475967407,0.5808354139328002,0.0,0.574190440773964,0.14979708641767503,0.14997924864292145
20600,146.21875,0.15494295954704285,-0.048179080709815025,0.041112258657813074,0.0,0.5694681584835053,0.15063857287168503,0.15494295954704285
20610,123.71875,0.14081667363643646,-0.023963344376534225,0.1850297525525093,0.0,0.5708305090665817,0.14743247628211975,0.14081667363643646
20620,127.0625,0.14806082844734192,-0.016703510656952858,0.1615543246269226,0.0,0.5692397385835648,0.1376307040452957,0.14806082844734192
20630,140.90625,0.13072572648525238,-0.0393585778772831,0.02531744297593832,0.0,0.5657173603773117,0.1300058074295521,0.13072572648525238
20640,137.15625,0.14233295619487762,-0.024113634414970875,0.24434102475643157,0.0,0.5699565082788467,0.13796311654150487,0.14233295619487762
20650,117.09375,0.13282649219036102,-0.026378975436091422,0.38498600125312804,0.0,0.5721894085407258,0.1485547222197056,0.13282649219036102
20660,140.34375,0.13466502726078033,-0.011352963373064994,0.13633317425847052,0.0,0.5745138257741929,0.15009584724903108,0.13466502726078033
20670,113.0,0.12381274253129959,-0.037485376372933386,0.05001232251524925,0.0,0.5707110047340394,0.1413460485637188,0.12381274253129959
20680,148.71875,0.11770246922969818,-0.027253198064863683,0.16145302802324296,0.0,0.5692520260810852,0.13604444339871408,0.11770246922969818
20690,131.8125,0.1283508986234665,-0.04339812472462654,0.028246275521814822,0.0,0.5677801460027695,0.14254818558692933,0.1283508986234665
20700,98.5625,0.13371047377586365,-0.030539103783667088,0.2752737134695053,0.0,0.5695661962032318,0.13312600329518318,0.13371047377586365
20710,125.96875,0.1426786184310913,-0.02609541192650795,0.1426620863378048,0.0,0.5730248838663101,0.1421839389950037,0.1426786184310913
20720,130.59375,0.1473209261894226,-0.026593667082488538,0.12085620947182178,0.0,0.5701793819665909,0.14323529228568077,0.1473209261894226
20730,137.375,0.13944728672504425,-0.04408589527010918,0.014514731802046299,0.0,0.5670420318841934,0.1371813241392374,0.13944728672504425
20740,119.46875,0.14326515793800354,-0.02366158850491047,0.29966679215431213,0.0,0.5688765913248062,0.1350036717951298,0.14326515793800354
20750,147.4375,0.14720678329467773,-0.02615472739562392,0.37729698419570923,0.0,0.5679481714963913,0.1435221303254366,0.14720678329467773
20760,126.4375,0.11792433261871338,-0.03734407555311918,0.024568936415016653,0.0,0.5654028445482254,0.12718388810753822,0.11792433261871338
20770,160.90625,0.13394170999526978,-0.03096089921891689,0.01820207629352808,0.0,0.5675885707139969,0.13979968391358852,0.13394170999526978
20780,82.09375,0.12128567695617676,-0.029933673888444902,0.11459088176488877,0.0,0.5648646354675293,0.12252981774508953,0.12128567695617676
20790,151.6875,0.1430477499961853,-0.026919151470065118,0.012257084995508195,0.0,0.5668007552623748,0.13745714947581292,0.1430477499961853
20800,111.9375,0.12967926263809204,-0.04807341303676367,0.015072222147136927,0.0,0.5651710480451584,0.13372487314045428,0.12967926263809204
20810,124.375,0.10954244434833527,-0.021865584701299668,0.1329730488359928,0.0,0.5665615439414978,0.13109189718961717,0.10954244434833527
20820,129.625,0.136251762509346,-0.023974335193634032,0.41752261817455294,0.0,0.5661917805671692,0.13583774752914907,0.136251762509346
20830,119.96875,0.12769708037376404,-0.03432576004415751,0.14722952246665955,0.0,0.5624690264463424,0.12886273674666882,0.12769708037376404
20840,132.0,0.12481073290109634,-0.027690340392291547,0.10290824845433236,0.0,0.5676299452781677,0.12390157487243414,0.12481073290109634
20850,116.53125,0.13492116332054138,-0.03181649316102266,0.28106868267059326,0.0,0.5717638105154037,0.13833176344633102,0.13492116332054138
20860,138.53125,0.12491820752620697,-0.02435622802004218,0.1553422786295414,0.0,0.5648903906345367,0.13964685536921023,0.12491820752620697
20870,113.0625,0.1296558827161789,-0.01976440828293562,0.0539333438500762,0.0,0.5649059981107711,0.13192854300141335,0.1296558827161789
20880,135.53125,0.12695999443531036,-0.024663637578487396,0.19594210833311082,0.0,0.5661900043487549,0.13332973159849643,0.12695999443531036
20890,107.125,0.11042390018701553,-0.023518579080700874,0.17751217857003213,0.0,0.5686874896287918,0.13007202595472336,0.11042390018701553
20900,139.59375,0.14829325675964355,-0.009995296783745288,0.048698328575119375,0.0,0.5705806732177734,0.1394148763269186,0.14829325675964355
20910,127.25,0.1388942003250122,-0.04407756347209215,0.010785824712365865,0.0,0.5689975827932358,0.13190067149698734,0.1388942003250122
20920,139.78125,0.14574193954467773,-0.02643512571230531,0.12156818434596062,0.0,0.5737488895654679,0.13530530221760273,0.14574193954467773
20930,134.75,0.1477007269859314,-0.025054031796753407,0.27495411932468417,0.0,0.5731096118688583,0.1396306984126568,0.1477007269859314
20940,91.90625,0.09958048164844513,-0.026354702934622765,0.23880244493484498,0.0,0.5672321677207947,0.12246039919555188,0.09958048164844513
20950,136.9375,0.1445917934179306,-0.04123694002628327,0.02437337152659893,0.0,0.5717755317687988,0.1284443348646164,0.1445917934179306
20960,130.03125,0.1573900580406189,-0.025086508877575398,0.15361432656645774,0.0,0.5704908251762391,0.14835398644208908,0.1573900580406189
20970,133.0,0.13364675641059875,-0.03466294277459383,0.06574764177203178,0.0,0.5735418260097503,0.1304661337286234,0.13364675641059875
20980,139.09375,0.15300677716732025,-0.004017051216214896,0.10810571312904357,0.0,0.5743507295846939,0.14575076811015605,0.15300677716732025
20990,127.71875,0.1425890326499939,-0.020691617764532565,0.21386534720659256,0.0,0.5756029605865478,0.14022793993353844,0.1425890326499939
21000,128.0625,0.14376825094223022,-0.01109081357717514,0.19187904745340348,0.0,0.5765458315610885,0.1393417902290821,0.14376825094223022
21010,152.1875,0.14263956248760223,-0.019722498953342438,0.20523077696561814,0.0,0.5759952157735825,0.14437573924660682,0.14263956248760223
21020,107.65625,0.10880599915981293,-0.017616706900298595,0.09665721282362938,0.0,0.5751439929008484,0.12329053059220314,0.10880599915981293
21030,105.125,0.15373146533966064,-0.029957322776317595,0.2510519579052925,0.0,0.5735532611608505,0.13666236512362956,0.15373146533966064
21040,130.09375,0.12819477915763855,-0.03248842526227236,0.301437708735466,0.0,0.5763355016708374,0.13868021741509437,0.12819477915763855
21050,126.5625,0.13616278767585754,-0.034260164201259616,0.025174034759402275,0.0,0.576097160577774,0.1332894217222929,0.13616278767585754
21060,146.09375,0.1527399718761444,-0.04359630290418863,0.010747174173593521,0.0,0.5791738539934158,0.13512371480464935,0.1527399718761444
21070,118.90625,0.13772542774677277,-0.025055840704590084,0.19301374778151512,0.0,0.5808483690023423,0.14466204717755318,0.13772542774677277
21080,145.375,0.15776999294757843,-0.028981957770884036,0.2665255323052406,0.0,0.5806634724140167,0.1460019201040268,0.15776999294757843
21090,107.6875,0.12345805764198303,-0.048060176288709046,0.0297485813498497,0.0,0.5790853798389435,0.13365988992154598,0.12345805764198303
21100,110.625,0.14739374816417694,-0.022983198706060647,0.18243061155080795,0.0,0.5803476929664612,0.12750758305191995,0.14739374816417694
21110,106.78125,0.11054635047912598,-0.024351065047085285,0.1758994057774544,0.0,0.5797784894704818,0.13493218868970872,0.11054635047912598
21120,143.3125,0.14673489332199097,-0.03925818661227822,0.00929806916974485,0.0,0.5804080933332443,0.13993032164871694,0.14673489332199097
21130,121.625,0.13544321060180664,-0.027327492274343966,0.2883876472711563,0.0,0.581558707356453,0.14221136644482613,0.13544321060180664
21140,120.59375,0.1381974220275879,-0.019664831180125474,0.310622376203537,0.0,0.5829005688428879,0.14497589878737926,0.1381974220275879
21150,131.34375,0.12948527932167053,-0.03378503611311316,0.01489569405093789,0.0,0.5763408869504929,0.1433634027838707,0.12948527932167053
21160,127.21875,0.1488753855228424,-0.0031211063265800475,0.01666836440563202,0.0,0.577788895368576,0.14573545828461648,0.1488753855228424
21170,132.875,0.09711620211601257,-0.02934158742427826,0.06950374394655227,0.0,0.5779865711927414,0.13124476186931133,0.09711620211601257
21180,121.59375,0.11444880068302155,-0.0364564242772758,0.0351728942245245,0.0,0.5766897052526474,0.1432740669697523,0.11444880068302155
21190,107.90625,0.1590387225151062,-0.03303062403574586,0.0524299181997776,0.0,0.5821003317832947,0.14249896854162217,0.1590387225151062
21200,124.0625,0.12150756269693375,-0.021408702712506056,0.15769452303647996,0.0,0.5790100574493409,0.14597911275923253,0.12150756269693375
21210,133.875,0.16445985436439514,-0.04113044925034046,0.0066315848380327225,0.0,0.5800644606351852,0.14796480685472488,0.16445985436439514
21220,128.71875,0.1468873918056488,-0.022604461200535296,0.2952313631772995,0.0,0.5815186053514481,0.1600235842168331,0.1468873918056488
21230,156.4375,0.1582883596420288,-0.039611907303333284,0.013161706738173962,0.0,0.5808553367853164,0.15448505692183973,0.1582883596420288
21240,126.6875,0.16336603462696075,-0.022564789280295372,0.36970491856336596,0.0,0.5813507527112961,0.1557281143963337,0.16336603462696075
21250,141.90625,0.1576528698205948,-0.023217884078621864,0.3452025353908539,0.0,0.5799183011054992,0.15166492536664009,0.1576528698205948
21260,122.71875,0.12801800668239594,-0.033801682852208616,0.042747289314866065,0.0,0.5750508606433868,0.1528736226260662,0.12801800668239594
21270,112.03125,0.1284831315279007,-0.02245203433558345,0.125548305362463,0.0,0.5768845975399017,0.14047060422599317,0.1284831315279007
21280,129.28125,0.1374938189983368,-0.02174828895367682,0.21136457175016404,0.0,0.5734978139400482,0.13804602660238743,0.1374938189983368
21290,128.625,0.14544418454170227,-0.027807568572461604,0.15173044353723525,0.0,0.5745803087949752,0.1460524968802929,0.14544418454170227
21300,145.40625,0.15148907899856567,-0.022824646369554103,0.41425579190254214,0.0,0.5765768885612488,0.14531597159802914,0.15148907899856567
21310,139.40625,0.14611762762069702,-0.02265518233180046,0.16342712044715882,0.0,0.5763695895671844,0.14863569661974907,0.14611762762069702
21320,139.6875,0.14908720552921295,-0.023284090775996448,0.15555902943015099,0.0,0.5774275660514832,0.14359626099467276,0.14908720552921295
21330,134.3125,0.12921689450740814,-0.030345985479652882,0.0874213520437479,0.0,0.5731488287448883,0.13117799833416938,0.12921689450740814
21340,130.8125,0.13407325744628906,-0.025492171198129653,0.11234599351882935,0.0,0.5788021564483643,0.13753216117620468,0.13407325744628906
21350,110.1875,0.14581385254859924,-0.020720871910452843,0.2148858681321144,0.0,0.5784329622983932,0.13845252096652985,0.14581385254859924
21360,114.78125,0.11111494898796082,-0.031018682383000852,0.20578959882259368,0.0,0.5789132863283157,0.13940415680408477,0.11111494898796082
21370,118.03125,0.12853673100471497,-0.032328533194959166,0.012219764292240143,0.0,0.5733398497104645,0.11706605814397335,0.12853673100471497
21380,92.90625,0.11818704754114151,-0.020281556993722916,0.17015938386321067,0.0,0.5768083572387696,0.13240896202623845,0.11818704754114151
21390,105.125,0.1399184912443161,-0.024375517573207616,0.263714037835598,0.0,0.5823852568864822,0.14201782643795013,0.1399184912443161
21400,135.40625,0.14083003997802734,-0.030817306227982046,0.28851512372493743,0.0,0.5826747089624404,0.14479507319629192,0.14083003997802734
21410,123.25,0.1608615219593048,-0.025665944255888463,0.1310666736215353,0.0,0.5829041957855224,0.15669374838471412,0.1608615219593048
21420,124.28125,0.13229891657829285,-0.04675720389932394,0.021602173894643785,0.0,0.5856636971235275,0.1558359947055578,0.13229891657829285
21430,121.25,0.16757315397262573,-0.02346759457141161,0.31419028639793395,0.0,0.5810451894998551,0.16131672859191895,0.16757315397262573
21440,115.0,0.1575619876384735,-0.026012923568487167,0.5078408151865006,0.0,0.584436497092247,0.16065260395407677,0.1575619876384735
21450,161.09375,0.1380878984928131,-0.02074782093986869,0.18173141442239285,0.0,0.5812497615814209,0.1614924170076847,0.1380878984928131
21460,97.28125,0.1423226147890091,-0.023511985689401625,0.1841059371829033,0.0,0.579812178015709,0.151566281914711,0.1423226147890091
21470,151.71875,0.16350992023944855,-0.017422916181385518,0.09840184831991791,0.0,0.5813992470502853,0.156898183375597,0.16350992023944855
21480,114.78125,0.14941224455833435,-0.018159578647464515,0.11601270586252213,0.0,0.5795472025871277,0.14830656051635743,0.14941224455833435
21490,118.8125,0.14407822489738464,-0.03680632822215557,0.18988694995641708,0.0,0.5789611876010895,0.15609117224812508,0.14407822489738464
21500,144.9375,0.1439674198627472,-0.04933186080306769,0.01201312756165862,0.0,0.5762109279632568,0.14567710943520068,0.1439674198627472
21510,119.625,0.15847784280776978,-0.03438940374180675,0.03643305525183678,0.0,0.5779815703630448,0.14714559465646743,0.15847784280776978
21520,129.375,0.14079317450523376,-0.02545998655259609,0.2700853183865547,0.0,0.5808342307806015,0.1431537915021181,0.14079317450523376
21530,112.875,0.14618778228759766,-0.03480864129960537,0.1990944340825081,0.0,0.5795063823461533,0.1477003928273916,0.14618778228759766
21540,106.59375,0.16335493326187134,-0.01854367358610034,0.25951850712299346,0.0,0.5763277441263199,0.13636499568819999,0.16335493326187134
21550,130.9375,0.15479683876037598,-0.04216335564851761,0.012845765240490437,0.0,0.5825887382030487,0.151147498190403,0.15479683876037598
21560,119.78125,0.15006756782531738,-0.015121111273765564,0.04526967005804181,0.0,0.5809842973947525,0.14574511609971524,0.15006756782531738
21570,137.09375,0.16548430919647217,-0.0066557001322507855,0.15393918752670288,0.0,0.5784299939870834,0.15452343598008156,0.16548430919647217
21580,123.5,0.1374511420726776,-0.02243239786475897,0.04166162898764014,0.0,0.5789651691913604,0.1532715804874897,0.1374511420726776
21590,146.6875,0.1622588038444519,-0.02434410247951746,0.030474319867789746,0.0,0.5798355728387833,0.1520904652774334,0.1622588038444519
21600,130.1875,0.1368495225906372,-0.0052241834346205,0.14314062446355819,0.0,0.5798500180244446,0.14827128648757934,0.1368495225906372
21610,130.625,0.11295691132545471,-0.02136853989213705,0.11559218131005763,0.0,0.5782264530658722,0.134223759919405,0.11295691132545471
21620,129.625,0.15544775128364563,-0.01810129601508379,0.10374518632888793,0.0,0.5756484806537628,0.1408181358128786,0.15544775128364563
21630,124.84375,0.1535738706588745,-0.030643600970506668,0.625402757525444,0.0,0.5820727109909057,0.15623217448592186,0.1535738706588745
21640,124.6875,0.14903700351715088,-0.0238668997772038,0.025459811836481095,0.0,0.5779421836137771,0.14918665289878846,0.14903700351715088
21650,137.59375,0.1122453510761261,-0.025176634918898343,0.23048098981380463,0.0,0.5802749872207642,0.13954538628458976,0.1122453510761261
21660,135.96875,0.1411941647529602,-0.0488193491473794,0.014210420101881028,0.0,0.5783175587654114,0.14142942577600479,0.1411941647529602
21670,132.53125,0.15529634058475494,-0.027922317013144494,0.16632653698325156,0.0,0.5748794943094253,0.15635136440396308,0.15529634058475494
21680,132.5,0.1577925980091095,-0.027621516585350038,0.285069477558136,0.0,0.5816722095012665,0.1492221437394619,0.1577925980091095
21690,150.65625,0.15856757760047913,-0.03173311688005924,0.020656292513012885,0.0,0.5828994929790496,0.15874199494719504,0.15856757760047913
21700,108.5,0.14862105250358582,-0.04256205325946212,0.012097281031310558,0.0,0.5813850551843643,0.1412351731210947,0.14862105250358582
21710,129.03125,0.1524464339017868,-0.02455813977867365,0.5820916056632995,0.0,0.581759387254715,0.15304212868213654,0.1524464339017868
21720,137.25,0.1536722183227539,-0.006939714588224888,0.19239192306995392,0.0,0.5780562877655029,0.150651416182518,0.1536722183227539
21730,126.59375,0.14830049872398376,-0.017620076006278396,0.32060510367155076,0.0,0.5777828216552734,0.14835119768977165,0.14830049872398376
21740,145.96875,0.13291877508163452,-0.01874287808313966,0.021686425991356374,0.0,0.574377179145813,0.13984817788004875,0.13291877508163452
21750,130.46875,0.1489611715078354,-0.031221438106149434,0.03418416827917099,0.0,0.5782327681779862,0.14375481717288494,0.1489611715078354
21760,148.9375,0.14586111903190613,-0.016214003413915636,0.49602597653865815,0.0,0.5739523321390152,0.14673926159739495,0.14586111903190613
21770,132.625,0.14741656184196472,-0.02538417764008045,0.24384646713733674,0.0,0.5731626212596893,0.1440834417939186,0.14741656184196472
21780,129.75,0.14397484064102173,-0.03735561370849609,0.055040625110268596,0.0,0.5668359965085983,0.14142228253185748,0.14397484064102173
21790,133.5,0.15050312876701355,-0.02047107620164752,0.14507974795997142,0.0,0.5709906637668609,0.14047608152031898,0.15050312876701355
21800,115.8125,0.1458021104335785,-0.014743065647780895,0.3058028623461723,0.0,0.5671136200428009,0.13885127305984496,0.1458021104335785
21810,154.5625,0.14399614930152893,-0.029836645163595677,0.18967923820018767,0.0,0.571985250711441,0.1380610205233097,0.14399614930152893
21820,128.84375,0.12258629500865936,-0.04281150586903095,0.026734445616602896,0.0,0.5710362672805787,0.13497570790350438,0.12258629500865936
21830,148.8125,0.1420074999332428,-0.023985257279127835,0.3271516293287277,0.0,0.5689789324998855,0.13899340145289898,0.1420074999332428
21840,126.09375,0.14380542933940887,-0.026091732643544675,0.3331266224384308,0.0,0.5649931460618973,0.1365739583969116,0.14380542933940887
21850,126.15625,0.14198797941207886,-0.02776899840682745,0.09646230712532997,0.0,0.5655885487794876,0.12776704989373683,0.14198797941207886
21860,131.0625,0.14000388979911804,-0.020434485375881196,0.35846558809280393,0.0,0.567041066288948,0.1324960432946682,0.14000388979911804
21870,116.34375,0.12129739671945572,-0.028435621969401838,0.332167486846447,0.0,0.5671181291341781,0.13143587708473206,0.12129739671945572
21880,143.3125,0.1438804268836975,-0.015427072532474995,0.1312382385134697,0.0,0.5663753569126129,0.13149780519306659,0.1438804268836975
21890,135.125,0.14147120714187622,-0.019541270565241575,0.17844439968466758,0.0,0.5679546654224396,0.13559339493513106,0.14147120714187622
21900,124.0625,0.1332002878189087,-0.023010102659463884,0.15620926357805728,0.0,0.5656824052333832,0.13335662074387072,0.1332002878189087
21910,131.46875,0.13597050309181213,-0.016166006587445735,0.1297340787947178,0.0,0.5673206746578217,0.13098774068057537,0.13597050309181213
21920,113.8125,0.12463244795799255,-0.024413711205124856,0.10850090086460114,0.0,0.5676687836647034,0.13061830624938012,0.12463244795799255
21930,124.59375,0.09409122169017792,-0.03103828486055136,0.02644220516085625,0.0,0.5644941687583923,0.11815036162734031,0.09409122169017792
21940,132.28125,0.13956627249717712,-0.03892920045182109,0.015705422777682543,0.0,0.5657815754413604,0.12714708261191845,0.13956627249717712
21950,115.59375,0.12590354681015015,-0.02523140059784055,0.05562795270234346,0.0,0.5630869716405869,0.11397466659545899,0.12590354681015015
21960,150.40625,0.11289182305335999,-0.03325132429599762,0.016914044227451085,0.0,0.5653719514608383,0.12289639264345169,0.11289182305335999
21970,121.84375,0.1183394119143486,-0.02504474436864257,0.07336462959647179,0.0,0.5612915992736817,0.1276965294033289,0.1183394119143486
21980,118.28125,0.12726633250713348,-0.02360080312937498,0.37799476832151413,0.0,0.565598776936531,0.13483409471809865,0.12726633250713348
21990,127.65625,0.14538654685020447,-0.052985784225165845,0.017783342581242322,0.0,0.5679018288850785,0.1349413886666298,0.14538654685020447
22000,124.09375,0.13457167148590088,-0.025238267611712217,0.31594626903533934,0.0,0.5659836411476136,0.13922573998570442,0.13457167148590088
22010,127.21875,0.14570286870002747,-0.021884971810504795,0.12196201235055923,0.0,0.563132131099701,0.13389969021081924,0.14570286870002747
22020,135.09375,0.13170093297958374,-0.01977714654058218,0.27560276091098784,0.0,0.5625347942113876,0.13476634919643402,0.13170093297958374
22030,131.0,0.13605430722236633,-0.010948806442320347,0.36848556995391846,0.0,0.5603273093700409,0.1310934204608202,0.13605430722236633
22040,130.25,0.10532157868146896,-0.03591066971421242,0.021601939015090464,0.0,0.5641838163137436,0.11653420105576515,0.10532157868146896
22050,135.0,0.1338718831539154,-0.03251446196809411,0.061398958787322044,0.0,0.5556867182254791,0.11776652634143829,0.1338718831539154
22060,127.0,0.1485590636730194,-0.022033886425197123,0.1808755174279213,0.0,0.5600017160177231,0.13022023923695086,0.1485590636730194
22070,127.21875,0.12988168001174927,-0.01688584443181753,0.4648369699716568,0.0,0.5648196667432785,0.13594112507998943,0.12988168001174927
22080,172.4375,0.13101008534431458,-0.018896642746403812,0.25365166515111925,0.0,0.5621173650026321,0.1290845528244972,0.13101008534431458
22090,96.59375,0.1295979917049408,-0.028475446812808513,0.03698451165109873,0.0,0.5561526209115982,0.12002127766609191,0.1295979917049408
22100,177.5,0.12810401618480682,-0.027127284929156302,0.01389418002218008,0.0,0.5637980997562408,0.13117063231766224,0.12810401618480682
22110,106.375,0.08372725546360016,-0.030159690603613853,0.0893646501004696,0.0,0.561605030298233,0.12016991600394249,0.08372725546360016
22120,136.25,0.1220901608467102,-0.022835456114262343,0.11610569134354591,0.0,0.5614582031965256,0.12436950914561748,0.1220901608467102
22130,105.375,0.12079859524965286,-0.045283409766852856,0.026157534308731557,0.0,0.5583374321460723,0.12452454529702664,0.12079859524965286
22140,132.3125,0.11935281753540039,-0.025141724944114686,0.1166197493672371,0.0,0.560600221157074,0.1165132138878107,0.11935281753540039
22150,120.34375,0.06970488280057907,-0.023168289009481667,0.08464240543544292,0.0,0.5524185687303543,0.10592266358435154,0.06970488280057907
22160,121.0,0.08983244746923447,-0.022891061566770076,0.08745487555861473,0.0,0.5568913102149964,0.10499932207167148,0.08983244746923447
22170,96.59375,0.10411428660154343,-0.028371661063283683,0.10770555883646012,0.0,0.5537137180566788,0.09564190693199634,0.10411428660154343
22180,135.6875,0.05544079467654228,-0.026662986353039743,0.12554489076137543,0.0,0.5535302639007569,0.08457606099545956,0.05544079467654228
22190,136.9375,0.09850536286830902,-0.041449816152453425,0.027274342812597753,0.0,0.5533127874135971,0.08332710147369653,0.09850536286830902
22200,116.59375,0.11886412650346756,-0.02923301011323929,0.16935835257172585,0.0,0.5515640348196029,0.11169943548738956,0.11886412650346756
22210,111.9375,0.12308484315872192,-0.02333192266523838,0.08552820831537247,0.0,0.5596711546182632,0.10325820539146661,0.12308484315872192
22220,93.3125,0.10600410401821136,-0.025920334085822106,0.11734750121831894,0.0,0.5617868363857269,0.10530037321150303,0.10600410401821136
22230,116.0,0.09586988389492035,-0.03451977716758847,0.07659772410988808,0.0,0.5618489474058151,0.1016609713435173,0.09586988389492035
22240,127.65625,0.1554989218711853,-0.0169929638504982,0.08633054010570049,0.0,0.5621567457914353,0.13050001561641694,0.1554989218711853
22250,139.875,0.14453676342964172,-0.025438598543405532,0.013528914656490088,0.0,0.5707396984100341,0.1424396216869354,0.14453676342964172
22260,140.21875,0.13922517001628876,-0.017962387576699258,0.346259243786335,0.0,0.5697399735450744,0.1350873749703169,0.13922517001628876
22270,142.59375,0.1413733810186386,-0.019244843907654286,0.6397646456956864,0.0,0.5673655778169632,0.13849502615630627,0.1413733810186386
22280,146.1875,0.14529529213905334,-0.030031110625714064,0.33978835344314573,0.0,0.5697122484445571,0.14127739816904067,0.14529529213905334
22290,142.6875,0.1375994086265564,-0.02398906908929348,0.21165465135127307,0.0,0.5693301260471344,0.1386013500392437,0.1375994086265564
22300,130.0,0.1266326755285263,-0.017540019005537033,0.39052220731973647,0.0,0.5648081362247467,0.12570598348975182,0.1266326755285263
22310,119.71875,0.11930698156356812,-0.017594336811453105,0.13339051455259324,0.0,0.5650410354137421,0.12694810889661312,0.11930698156356812
22320,134.125,0.1275659203529358,-0.023303502704948187,0.2501139953732491,0.0,0.561680144071579,0.12685580663383006,0.1275659203529358
22330,130.84375,0.12220273166894913,-0.03420360805466771,0.14794171452522278,0.0,0.5663437396287918,0.11782043315470218,0.12220273166894913
22340,128.3125,0.12211061269044876,-0.022500454820692538,0.43834092319011686,0.0,0.5643421351909638,0.12233031243085861,0.12211061269044876
22350,125.15625,0.11151263862848282,-0.024838837422430517,0.4684229463338852,0.0,0.5644889563322067,0.12333191633224487,0.11151263862848282
22360,137.28125,0.09912481904029846,-0.022042736131697892,0.06633322928100824,0.0,0.5646589308977127,0.12013485953211785,0.09912481904029846
22370,103.6875,0.09818671643733978,-0.024379427172243597,0.08340271711349487,0.0,0.5614484816789627,0.10699492804706097,0.09818671643733978
22380,140.0625,0.1270257979631424,-0.021654090005904437,0.09294037744402886,0.0,0.5649283766746521,0.11952591128647327,0.1270257979631424
22390,137.90625,0.12525279819965363,-0.029128077253699303,0.13278502896428107,0.0,0.5675961673259735,0.12519898712635041,0.12525279819965363
22400,121.09375,0.12485586851835251,-0.025034338235855103,0.014755681063979864,0.0,0.5681433975696564,0.12079763151705265,0.12485586851835251
22410,127.78125,0.13055115938186646,-0.016972019989043474,0.033613260835409164,0.0,0.57161263525486,0.13053549788892269,0.13055115938186646
22420,140.46875,0.12998895347118378,-0.030138681642711163,0.18227461278438567,0.0,0.5686298161745071,0.13168964274227618,0.12998895347118378
22430,121.5625,0.14162717759609222,-0.024280358385294677,0.48633621335029603,0.0,0.5772510230541229,0.1369196478277445,0.14162717759609222
22440,136.34375,0.14131280779838562,-0.015143138915300369,0.467257484793663,0.0,0.5712017089128494,0.1409408949315548,0.14131280779838562
22450,134.15625,0.14794662594795227,-0.024547348171472548,0.4840027838945389,0.0,0.5712868630886078,0.1428447887301445,0.14794662594795227
22460,134.0,0.14142896234989166,-0.018784661311656237,0.2846150077879429,0.0,0.5752039134502411,0.1420125536620617,0.14142896234989166
22470,121.59375,0.13310740888118744,-0.01984923630952835,0.32474218457937243,0.0,0.5731110483407974,0.1400966539978981,0.13310740888118744
22480,130.34375,0.1302979588508606,-0.0160907082259655,0.20026690512895584,0.0,0.5726284235715866,0.13843056857585906,0.1302979588508606
22490,143.5625,0.1311458945274353,-0.027084913104772568,0.012880815286189317,0.0,0.5694397926330567,0.13412812314927577,0.1311458945274353
22500,142.84375,0.13265785574913025,-0.03969334121793509,0.029542069509625436,0.0,0.5698840171098709,0.13528471179306506,0.13265785574913025
22510,142.3125,0.13874812424182892,-0.01804409073665738,0.5065468072891235,0.0,0.5691859543323516,0.13497113063931465,0.13874812424182892
22520,133.46875,0.14062875509262085,-0.016967717558145523,0.5533734053373337,0.0,0.566888627409935,0.13366287536919116,0.14062875509262085
22530,129.59375,0.13682064414024353,-0.022994486894458533,0.4694507360458374,0.0,0.5659036308526992,0.13968658819794655,0.13682064414024353
22540,119.28125,0.13085001707077026,-0.03772369399666786,0.032607514224946496,0.0,0.5704196870326996,0.12696785815060138,0.13085001707077026
22550,136.0,0.12136692553758621,-0.03443341869860887,0.03258477058261633,0.0,0.5695838034152985,0.12001317963004113,0.12136692553758621
22560,119.78125,0.1097717136144638,-0.029811622574925423,0.06784506496042013,0.0,0.5655901938676834,0.10993345230817794,0.1097717136144638
22570,126.40625,0.09909899532794952,-0.02669178768992424,0.08243591114878654,0.0,0.5622120797634125,0.11408003084361554,0.09909899532794952
22580,138.6875,0.10756069421768188,-0.04194734450429678,0.01703645121306181,0.0,0.5618842571973801,0.10617367960512639,0.10756069421768188
22590,117.5625,0.13247071206569672,-0.03011428555473685,0.16773341074585915,0.0,0.5670988649129868,0.1124581228941679,0.13247071206569672
22600,110.53125,0.11661989986896515,-0.015779988188296557,0.17689546048641205,0.0,0.5656686514616013,0.10813344232738017,0.11661989986896515
22610,119.0,0.1346101462841034,-0.02740865182131529,0.18256142139434814,0.0,0.5693727850914001,0.12664665840566158,0.1346101462841034
22620,118.78125,0.14138582348823547,-0.03838834702037275,0.01705275857821107,0.0,0.5741887778043747,0.1268388856202364,0.14138582348823547
22630,151.09375,0.14471808075904846,-0.018144493643194436,0.19203873947262765,0.0,0.5698446929454803,0.13843541629612446,0.14471808075904846
22640,95.15625,0.12380616366863251,-0.032664178684353826,0.15694488435983658,0.0,0.5676358669996262,0.11998349837958813,0.12380616366863251
22650,151.1875,0.12324444204568863,-0.025441121123731137,0.2896531462669373,0.0,0.5731605470180512,0.12802216075360776,0.12324444204568863
22660,102.0,0.1262187361717224,-0.02380326148122549,0.05208474425598979,0.0,0.5726290792226791,0.13055951818823813,0.1262187361717224
22670,136.25,0.14775124192237854,-0.0282943126745522,0.3252835914492607,0.0,0.5722036570310592,0.13673087432980538,0.14775124192237854
22680,123.65625,0.1517704725265503,-0.04692301652394235,0.011204947344958782,0.0,0.5711431801319122,0.1372519962489605,0.1517704725265503
22690,166.375,0.13408923149108887,-0.02336719324812293,0.33053287118673325,0.0,0.5738862186670304,0.1449638046324253,0.13408923149108887
22700,136.15625,0.13969101011753082,-0.02567506916821003,0.49226624369621275,0.0,0.5719123363494873,0.13378057368099688,0.13969101011753082
22710,138.6875,0.1397823691368103,-0.026749730017036198,0.19490257203578948,0.0,0.5740362375974655,0.13699853010475635,0.1397823691368103
22720,145.84375,0.1273045390844345,-0.020010207779705524,0.3184441551566124,0.0,0.5730889230966568,0.13731613904237747,0.1273045390844345
22730,90.375,0.13981348276138306,-0.030889724008738996,0.42635206282138827,0.0,0.573322132229805,0.12581903524696827,0.13981348276138306
22740,172.96875,0.14836783707141876,-0.014476621057838202,0.07134464122354985,0.0,0.5703686624765396,0.14206399954855442,0.14836783707141876
22750,114.5625,0.13136076927185059,-0.0178972952067852,0.1460084557533264,0.0,0.5722436606884003,0.13471826538443565,0.13136076927185059
22760,147.40625,0.13741889595985413,-0.01432975810021162,0.6040471136569977,0.0,0.5743987530469894,0.13783645182847976,0.13741889595985413
22770,149.53125,0.13895030319690704,-0.04285167129710317,0.011255631037056447,0.0,0.5745311915874481,0.1395237810909748,0.13895030319690704
22780,116.65625,0.12328822910785675,-0.027898583468049763,0.9762485206127167,0.0,0.5715821236371994,0.13644080758094787,0.12328822910785675
22790,166.4375,0.10886003077030182,-0.021033330727368592,0.20637719482183456,0.0,0.5720694124698639,0.12458085678517819,0.10886003077030182
22800,105.5625,0.11574435234069824,-0.013295537047088146,0.3588807135820389,0.0,0.5665302038192749,0.11590894982218743,0.11574435234069824
22810,156.375,0.11126239597797394,-0.022782840020954608,0.2626908153295517,0.0,0.5686385929584503,0.11350971683859826,0.11126239597797394
22820,112.09375,0.14588499069213867,-0.03281283043324947,0.03774152472615242,0.0,0.5641541123390198,0.12622783854603767,0.14588499069213867
22830,149.59375,0.1422835886478424,-0.011463237460702658,0.20048873126506805,0.0,0.5689207673072815,0.1379769764840603,0.1422835886478424
22840,141.9375,0.115232914686203,-0.02469704356044531,0.17511779442429543,0.0,0.5591491550207138,0.13056543171405793,0.115232914686203
22850,102.84375,0.12477165460586548,-0.0196881340816617,0.4352137193083763,0.0,0.5650323659181595,0.12442299649119377,0.12477165460586548
22860,149.25,0.133422389626503,-0.018468950130045413,0.3879574120044708,0.0,0.5650826215744018,0.1335553664714098,0.133422389626503
22870,102.71875,0.11471864581108093,-0.025572607293725014,0.30774606242775915,0.0,0.565730607509613,0.12035416960716247,0.11471864581108093
22880,142.8125,0.12594294548034668,-0.02969121132045984,0.5258743077516556,0.0,0.5576063722372055,0.12746396586298941,0.12594294548034668
22890,129.3125,0.13292580842971802,-0.019112654402852057,0.10756704360246658,0.0,0.5623702526092529,0.11896868757903575,0.13292580842971802
22900,131.34375,0.12433278560638428,-0.026191570796072483,0.6314656674861908,0.0,0.5601345360279083,0.13239346854388714,0.12433278560638428
22910,138.90625,0.12875542044639587,-0.0230617537163198,0.35603330135345457,0.0,0.5594422101974488,0.12296930328011513,0.12875542044639587
22920,130.03125,0.0821559950709343,-0.02285345420241356,0.14495086967945098,0.0,0.5601233541965485,0.11940110959112644,0.0821559950709343
22930,140.90625,0.10339082777500153,-0.015509365685284137,0.10193029828369618,0.0,0.5604943364858628,0.10781873352825641,0.10339082777500153
22940,89.21875,0.11115606129169464,-0.033254566974937914,0.4205159455537796,0.0,0.5586155772209167,0.11317518278956414,0.11115606129169464
22950,160.25,0.12986183166503906,-0.029113553185015916,0.03083627112209797,0.0,0.5619524538516998,0.12409180738031864,0.12986183166503906
22960,118.34375,0.1291857361793518,-0.01691000470891595,0.04275865666568279,0.0,0.5596925318241119,0.1246142502874136,0.1291857361793518
22970,141.3125,0.12845967710018158,-0.009675486758351327,0.12958200573921203,0.0,0.5561836510896683,0.11711313426494599,0.12845967710018158
22980,144.03125,0.1116599515080452,-0.005522642424330116,0.08290689289569855,0.0,0.5646848291158676,0.12098337672650814,0.1116599515080452
22990,138.59375,0.1058003306388855,-0.02107514925301075,0.221006378531456,0.0,0.5630363702774048,0.11397878900170326,0.1058003306388855
23000,121.28125,0.12045001983642578,-0.01307324580848217,0.09190697260200978,0.0,0.5633093267679214,0.1167640071362257,0.12045001983642578
23010,121.71875,0.1293053776025772,-0.02936966363340616,0.09667666926980019,0.0,0.560369861125946,0.11521354392170906,0.1293053776025772
23020,133.15625,0.11836597323417664,-0.009364130906760693,0.10472134873270988,0.0,0.5607310384511948,0.11543808951973915,0.11836597323417664
23030,135.625,0.12366226315498352,-0.03151529571041465,0.03880403693765402,0.0,0.561544144153595,0.11531705856323242,0.12366226315498352
23040,133.65625,0.11634951084852219,-0.011890673078596592,0.17349881902337075,0.0,0.5613541215658188,0.11282030194997787,0.11634951084852219
23050,140.34375,0.11198002845048904,-0.024634598568081856,0.3385625034570694,0.0,0.5574633210897446,0.11410575732588768,0.11198002845048904
23060,107.75,0.11241620033979416,-0.027517753094434737,0.21870853900909423,0.0,0.5613881289958954,0.11139723472297192,0.11241620033979416
23070,122.4375,0.12272635102272034,-0.033921757526695726,0.053558848798274994,0.0,0.5587601006031037,0.12067142091691493,0.12272635102272034
23080,127.53125,0.11548526585102081,-0.024006215669214726,0.02909958679229021,0.0,0.5573414772748947,0.11260709688067436,0.11548526585102081
23090,144.09375,0.12006744742393494,-0.025208336301147938,0.4357695490121841,0.0,0.5567246228456497,0.11415542624890804,0.12006744742393494
23100,131.75,0.1291830837726593,-0.015232949797064067,0.15431115701794623,0.0,0.565553468465805,0.11711749732494355,0.1291830837726593
23110,98.25,0.09770417213439941,-0.02785246428102255,0.45899707078933716,0.0,0.5629123538732529,0.11287111453711987,0.09770417213439941
23120,137.625,0.13363930583000183,-0.038733879243955015,0.025202529318630696,0.0,0.56448954641819,0.12162423692643642,0.13363930583000183
23130,123.75,0.12804579734802246,-0.03696841578930617,0.018807403929531574,0.0,0.5663683831691741,0.11519769355654716,0.12804579734802246
23140,128.5,0.08874042332172394,-0.02287811543792486,0.056018846854567525,0.0,0.5698645025491714,0.11912964284420013,0.08874042332172394
23150,136.875,0.11798316240310669,-0.03718861173838377,0.03286803215742111,0.0,0.5678494840860366,0.11532218419015408,0.11798316240310669
23160,112.0,0.12485089153051376,-0.04762669038027525,0.024431929178535938,0.0,0.5671055436134338,0.113763864710927,0.12485089153051376
23170,150.625,0.12424593418836594,-0.020250404346734287,0.25533013939857485,0.0,0.5707820951938629,0.11919517479836941,0.12424593418836594
23180,114.6875,0.113374263048172,-0.026765593327581882,0.04185964614152908,0.0,0.5711676776409149,0.1174906063824892,0.113374263048172
23190,137.84375,0.12557905912399292,-0.04541298095136881,0.016690773889422417,0.0,0.567113047838211,0.11132722906768322,0.12557905912399292
23200,150.21875,0.1310182511806488,-0.020019700191915034,0.026320987194776536,0.0,0.5753012806177139,0.12325837798416614,0.1310182511806488
23210,103.53125,0.11594046652317047,-0.025876852124929427,0.4436385840177536,0.0,0.571894359588623,0.12322620153427125,0.11594046652317047
23220,129.5,0.11282655596733093,-0.023392132297158242,0.15644584596157074,0.0,0.57057626247406,0.11344483755528927,0.11282655596733093
23230,115.71875,0.09964792430400848,-0.039769749995321034,0.022967976145446302,0.0,0.5672064870595932,0.11673866398632526,0.09964792430400848
23240,109.34375,0.08827423304319382,-0.024576756823807954,0.27473087012767794,0.0,0.5662236720323562,0.10925426706671715,0.08827423304319382
23250,126.75,0.053616784512996674,-0.03790211584419012,0.015430677775293588,0.0,0.5664332956075668,0.1059485137462616,0.053616784512996674
23260,124.96875,0.1305941641330719,-0.015974934864789247,0.26726141273975373,0.0,0.5710079193115234,0.1248819224536419,0.1305941641330719
23270,140.375,0.12415626645088196,-0.024493756331503393,0.2481306701898575,0.0,0.5723021030426025,0.12644561156630515,0.12415626645088196
23280,115.375,0.137520432472229,-0.022490572184324265,0.3470164701342583,0.0,0.5680648773908615,0.12661235071718693,0.137520432472229
23290,137.4375,0.10593068599700928,-0.05411718040704727,0.011445304425433279,0.0,0.5678408473730088,0.11736990436911583,0.10593068599700928
23300,125.34375,0.1281779408454895,-0.025584385450929403,0.5340998649597168,0.0,0.5691780328750611,0.12301810309290886,0.1281779408454895
23310,108.40625,0.1294931322336197,-0.011403828207403422,0.4056524746119976,0.0,0.5663804590702057,0.13032803758978845,0.1294931322336197
23320,111.375,0.11687793582677841,-0.026472136052325367,0.09566821306943893,0.0,0.5670413583517074,0.12115932516753673,0.11687793582677841
23330,139.75,0.12452857196331024,-0.03707756400108338,0.02659185081720352,0.0,0.5683567881584167,0.12103788256645202,0.12452857196331024
23340,113.65625,0.1255502700805664,-0.02418058142066002,0.4025099605321884,0.0,0.5653384059667588,0.11840637736022472,0.1255502700805664
23350,157.3125,0.12854932248592377,-0.017741450760513543,0.2449806347489357,0.0,0.5693706452846528,0.12481640875339509,0.12854932248592377
23360,120.125,0.11627285182476044,-0.01865274179726839,0.24487705826759337,0.0,0.5650129377841949,0.11593581028282643,0.11627285182476044
23370,140.53125,0.12846703827381134,-0.012903504818677903,0.10744736474007369,0.0,0.5653404474258423,0.13130155503749846,0.12846703827381134
23380,126.1875,0.12538525462150574,-0.04653167836368084,0.027041379921138288,0.0,0.566287848353386,0.12099296636879445,0.12538525462150574
23390,140.03125,0.11665397882461548,-0.027020510658621787,0.03823534827679396,0.0,0.5608822345733643,0.1192125540226698,0.11665397882461548
23400,136.625,0.11570753902196884,-0.016750123538076877,0.04141678530722857,0.0,0.5621419578790665,0.11781015582382678,0.11570753902196884
23410,135.59375,0.12378282845020294,-0.021235125511884688,0.15888119786977767,0.0,0.559495261311531,0.11586150117218494,0.12378282845020294
23420,132.46875,0.10590723156929016,-0.021359927393496035,0.5164029717445373,0.0,0.5642466127872467,0.11156857572495937,0.10590723156929016
23430,137.96875,0.09009990096092224,-0.01772525403648615,0.19229598045349122,0.0,0.5605791181325912,0.10578287467360496,0.09009990096092224
23440,127.8125,0.0981675237417221,-0.017381308320909738,0.3904374122619629,0.0,0.5568589180707931,0.10152091830968857,0.0981675237417221
23450,138.4375,0.1021757423877716,-0.020514749549329282,0.4825192168354988,0.0,0.5559297949075699,0.10652877204120159,0.1021757423877716
23460,141.59375,0.1276683509349823,-0.024746949784457684,0.12834662869572638,0.0,0.5620633035898208,0.12105668410658836,0.1276683509349823
23470,129.09375,0.13420072197914124,-0.023938438668847085,0.4211885452270508,0.0,0.5688124120235443,0.13528255559504032,0.13420072197914124
23480,154.0,0.11444626748561859,-0.037695400416851044,0.03224972039461136,0.0,0.5673936396837235,0.12158029489219188,0.11444626748561859
23490,136.8125,0.11088363826274872,-0.035276487935334444,0.05752842016518116,0.0,0.563243743777275,0.10547159127891063,0.11088363826274872
23500,147.40625,0.11144247651100159,-0.016050672717392446,0.2736592933535576,0.0,0.5629830211400986,0.1022684384137392,0.11144247651100159
23510,149.09375,0.13149233162403107,-0.02402034346014261,0.2183831125497818,0.0,0.5628584802150727,0.11445117741823196,0.13149233162403107
23520,126.0,0.12911540269851685,-0.010038370825350284,0.25613982379436495,0.0,0.5663594603538513,0.12678967230021954,0.12911540269851685
23530,122.375,0.12571761012077332,-0.017436873540282248,0.3877164527773857,0.0,0.5681119978427887,0.12479110918939114,0.12571761012077332
23540,120.65625,0.1038520485162735,-0.007808391749858856,0.05740194283425808,0.0,0.5669364124536515,0.11096988283097745,0.1038520485162735
23550,138.84375,0.12608255445957184,-0.01985974870622158,0.4905528903007507,0.0,0.5680220365524292,0.12358275093138218,0.12608255445957184
23560,121.40625,0.11771145462989807,-0.020852900482714175,0.39440599977970126,0.0,0.5655897855758667,0.12330267988145352,0.11771145462989807
23570,132.125,0.11938914656639099,-0.019255408085882664,0.3584887653589249,0.0,0.5641607135534287,0.12272196784615516,0.11938914656639099
23580,126.40625,0.1222706288099289,-0.015257652848958969,0.23316122442483903,0.0,0.5648818790912629,0.11862400136888027,0.1222706288099289
23590,143.5,0.12792812287807465,-0.01267976351082325,0.47949225306510923,0.0,0.5703196495771408,0.12960835509002208,0.12792812287807465
23600,131.84375,0.12567387521266937,-0.022331173345446587,0.0902093581855297,0.0,0.5679443448781967,0.12153485417366028,0.12567387521266937
23610,151.3125,0.11499793827533722,-0.015176036674529315,0.23371906951069832,0.0,0.5687881201505661,0.12126113064587116,0.11499793827533722
23620,136.15625,0.11183322966098785,-0.01547720655798912,0.32476896792650223,0.0,0.5648000538349152,0.11345249004662036,0.11183322966098785
23630,123.84375,0.1215505301952362,-0.030706014204770326,0.625668802857399,0.0,0.5667589157819748,0.11990239396691323,0.1215505301952362
23640,153.15625,0.12950819730758667,-0.03519100490957498,0.029834449850022794,0.0,0.566317480802536,0.12528792805969716,0.12950819730758667
23650,97.625,0.11177905648946762,-0.0400484062731266,0.02498681452125311,0.0,0.5666310846805572,0.122835523635149,0.11177905648946762
23660,150.75,0.13139766454696655,-0.021873766742646693,0.23929376155138016,0.0,0.5694892078638076,0.1281929947435856,0.13139766454696655
23670,137.40625,0.12430615723133087,-0.03946030586957931,0.01565114492550492,0.0,0.5689686894416809,0.12250762581825256,0.12430615723133087
23680,144.84375,0.12643598020076752,-0.01595500921830535,0.27644258737564087,0.0,0.569525745511055,0.1183331586420536,0.12643598020076752
23690,139.65625,0.1263609379529953,-0.017356218583881856,0.6478136062622071,0.0,0.57117800116539,0.12611090019345284,0.1263609379529953
23700,106.8125,0.1283206194639206,-0.020471013523638247,0.37195347547531127,0.0,0.5710091829299927,0.1157042071223259,0.1283206194639206
23710,146.625,0.12763917446136475,-0.023587000370025635,0.5238680839538574,0.0,0.5717783600091935,0.12977919168770313,0.12763917446136475
23720,110.1875,0.10614990442991257,-0.022638868540525436,0.1776214584708214,0.0,0.574571618437767,0.12972497642040254,0.10614990442991257
23730,129.71875,0.1040145605802536,0.0075153961777687074,0.432776166498661,0.0,0.5721405863761901,0.12724175602197646,0.1040145605802536
23740,120.59375,0.13170889019966125,-0.02105318382382393,0.46674478352069854,0.0,0.5715483576059341,0.12456975728273392,0.13170889019966125
23750,133.09375,0.12464507669210434,-0.017032522708177567,0.14952258244156838,0.0,0.5736231356859207,0.12552952766418457,0.12464507669210434
23760,155.5,0.12732374668121338,-0.015146596916019916,0.22984460592269898,0.0,0.5745156973600387,0.12659561298787594,0.12732374668121338
23770,95.40625,0.12865787744522095,-0.020912882499396802,0.4420852273702621,0.0,0.566666379570961,0.12622778974473475,0.12865787744522095
23780,153.0625,0.11836567521095276,-0.018973970972001552,0.059157855343073606,0.0,0.5686365127563476,0.12069147452712059,0.11836567521095276
23790,127.5625,0.12280278652906418,-0.02785743186250329,0.030551567301154138,0.0,0.5703896254301071,0.1229597743600607,0.12280278652906418
23800,149.375,0.11107403039932251,-0.030721706803888083,0.2664804756641388,0.0,0.5681888192892075,0.11457874961197376,0.11107403039932251
23810,131.46875,0.1158980205655098,-0.027299976348876952,0.38407611548900605,0.0,0.5681891798973083,0.10921360850334168,0.1158980205655098
23820,106.40625,0.10598690807819366,-0.030993601866066457,0.09160741344094277,0.0,0.5650851249694824,0.11405064165592194,0.10598690807819366
23830,125.03125,0.09866422414779663,-0.010622218437492847,0.2911481723189354,0.0,0.5643161028623581,0.11062750853598118,0.09866422414779663
23840,132.125,0.12845981121063232,-0.01715866308659315,0.01403416572138667,0.0,0.5688970476388931,0.11882020123302936,0.12845981121063232
23850,132.1875,0.13339760899543762,-0.02465600287541747,0.06687985733151436,0.0,0.5718542128801346,0.12056256495416165,0.13339760899543762
23860,123.1875,0.10376503318548203,-0.01416815547272563,0.041020152345299724,0.0,0.5739543974399567,0.1258132465183735,0.10376503318548203
23870,118.75,0.08629816770553589,-0.022996699810028075,0.12095860429108143,0.0,0.570949313044548,0.12005755603313446,0.08629816770553589
23880,145.6875,0.1304621696472168,-0.04076103018596768,0.027016601897776125,0.0,0.5702090799808502,0.12223263680934907,0.1304621696472168
23890,109.84375,0.11323689669370651,-0.0215885603800416,0.3593484193086624,0.0,0.5678050369024277,0.1244862150400877,0.11323689669370651
23900,130.53125,0.11804397404193878,-0.01741274455562234,0.1758369669318199,0.0,0.5711556106805802,0.11372421979904175,0.11804397404193878
23910,110.21875,0.11661926656961441,-0.009305678680539132,0.11575838476419449,0.0,0.5687152326107026,0.11504126712679863,0.11661926656961441
23920,124.0625,0.12337138503789902,-0.022363084275275467,0.0888823676854372,0.0,0.5693583577871323,0.11605880409479141,0.12337138503789902
23930,121.53125,0.1349991261959076,-0.02840176159515977,0.19368981570005417,0.0,0.5744315683841705,0.1223413273692131,0.1349991261959076
23940,120.375,0.1315775364637375,-0.018172118440270425,0.09576553776860237,0.0,0.5707189172506333,0.11926652975380421,0.1315775364637375
23950,146.125,0.1263144463300705,-0.02466518934816122,0.01735780108720064,0.0,0.5741870850324631,0.13483917489647865,0.1263144463300705
23960,114.5,0.11510144174098969,0.015298261120915414,0.011554941907525063,0.0,0.572279867529869,0.11727013625204563,0.11510144174098969
23970,130.3125,0.09649617969989777,-0.011589738912880421,0.0864433018490672,0.0,0.5736630201339722,0.11371884867548943,0.09649617969989777
23980,114.84375,0.08832642436027527,-0.030143107660114764,0.19667329788208007,0.0,0.5747618496417999,0.1175022091716528,0.08832642436027527
23990,135.4375,0.11089623719453812,-0.024221650511026382,0.2621132358908653,0.0,0.5761710405349731,0.12265774793922901,0.11089623719453812
24000,101.71875,0.11012253910303116,-0.016677662916481494,0.08635332398116588,0.0,0.5748971223831176,0.11192800886929036,0.11012253910303116
24010,124.53125,0.1074756383895874,-0.021757083013653755,0.13797519579529763,0.0,0.5751032739877701,0.10788439996540547,0.1074756383895874
24020,122.59375,0.10904834419488907,-0.028072349168360232,0.019307268038392066,0.0,0.5722085326910019,0.10694784559309482,0.10904834419488907
24030,133.9375,0.1390010416507721,-0.017500158958137037,0.08579875379800797,0.0,0.5785552978515625,0.11845787316560745,0.1390010416507721
24040,109.03125,0.13006404042243958,-0.029628506675362588,0.16318658813834191,0.0,0.5804280757904052,0.11362227350473404,0.13006404042243958
24050,83.84375,0.11125175654888153,-0.018076744675636292,0.05112524013966322,0.0,0.5767237037420273,0.0873819099739194,0.11125175654888153
24060,129.5,0.14039352536201477,-0.020918539725244045,0.24260122179985047,0.0,0.5801297068595886,0.11977955736219884,0.14039352536201477
24070,138.625,0.1246083676815033,-0.03665657229721546,0.01822789032012224,0.0,0.5806961506605148,0.12774071767926215,0.1246083676815033
24080,136.3125,0.13060276210308075,-0.02864126777276397,0.026296518463641404,0.0,0.5822204411029815,0.11938577927649022,0.13060276210308075
24090,120.71875,0.09661921858787537,-0.02293236292898655,0.10154941268265247,0.0,0.5857690900564194,0.12673289105296134,0.09661921858787537
24100,127.46875,0.14014364778995514,-0.0201137519441545,0.04438836593180895,0.0,0.585569879412651,0.10668337903916836,0.14014364778995514
24110,133.5,0.14637240767478943,-0.008321250788867474,0.03802737952210009,0.0,0.583725294470787,0.12847956232726573,0.14637240767478943
24120,134.5,0.13506945967674255,-0.047259243112057446,0.008671771502122283,0.0,0.5862928628921509,0.1420561671257019,0.13506945967674255
24130,117.625,0.1483737826347351,-0.01631200835108757,0.25279172211885453,0.0,0.5837302356958389,0.1390686843544245,0.1483737826347351
24140,125.84375,0.13014544546604156,-0.02764811394736171,0.1932090662419796,0.0,0.5907012581825256,0.13358105793595315,0.13014544546604156
24150,149.96875,0.15155662596225739,-0.017272842675447465,0.17143115699291228,0.0,0.5869450271129608,0.14091013707220554,0.15155662596225739
24160,121.71875,0.13701973855495453,-0.017633413150906562,0.7476672232151031,0.0,0.5872180163860321,0.14286954924464226,0.13701973855495453
24170,125.875,0.13733460009098053,-0.0042981993407011036,0.27670573592185976,0.0,0.5856111079454422,0.12394226156175137,0.13733460009098053
24180,140.4375,0.13422182202339172,-0.0026518747210502623,0.3188292898237705,0.0,0.5839845418930054,0.13393403515219687,0.13422182202339172
24190,105.5,0.10547758638858795,-0.02212296864017844,0.16251796260476112,0.0,0.5755334854125976,0.11558654941618443,0.10547758638858795
24200,134.65625,0.148990660905838,-0.009947617910802365,0.11251183599233627,0.0,0.5802202701568604,0.13520338274538518,0.148990660905838
24210,113.96875,0.14806002378463745,-0.012267178762704134,0.2008417248725891,0.0,0.5825468599796295,0.14586794897913932,0.14806002378463745
24220,151.21875,0.11086348444223404,0.031032627448439598,0.01971344742923975,0.0,0.5784005582332611,0.12787401266396045,0.11086348444223404
24230,115.6875,0.12680955231189728,-0.04379176842048764,0.012679052166640758,0.0,0.5841623663902282,0.12553752325475215,0.12680955231189728
24240,143.46875,0.10763515532016754,-0.031045816652476788,0.014133310411125422,0.0,0.5833129823207855,0.12847021855413915,0.10763515532016754
24250,129.96875,0.14015845954418182,-0.019676046259701253,0.4157528579235077,0.0,0.5796204656362534,0.13979913517832757,0.14015845954418182
24260,131.125,0.1429031640291214,-0.027172504737973214,0.4313489139080048,0.0,0.5813254863023758,0.14220982864499093,0.1429031640291214
24270,147.8125,0.14268165826797485,-0.017617449350655078,0.24861731231212617,0.0,0.5858498394489289,0.13762726970016956,0.14268165826797485
24280,110.46875,0.13887616991996765,-0.01868167333304882,0.5103620797395706,0.0,0.5801670551300049,0.14163273498415946,0.13887616991996765
24290,131.375,0.13576681911945343,-0.015445676818490028,0.6417407184839249,0.0,0.5876044631004333,0.134430243819952,0.13576681911945343
24300,128.625,0.10372601449489594,-0.016259440034627915,0.18743473812937736,0.0,0.5787240117788315,0.12413224577903748,0.10372601449489594
24310,145.96875,0.13678137958049774,-0.022959215566515923,0.23551238775253297,0.0,0.5790191322565079,0.12662463262677193,0.13678137958049774
24320,116.4375,0.13894450664520264,-0.016330669308081268,0.2789426982402802,0.0,0.5825412660837174,0.13360777124762535,0.13894450664520264
24330,130.625,0.13330835103988647,-0.02312864949926734,0.7111308246850967,0.0,0.5820392429828644,0.1312763724476099,0.13330835103988647
24340,161.25,0.12959033250808716,-0.01795034371316433,0.31438014954328536,0.0,0.5809411078691482,0.1349818676710129,0.12959033250808716
24350,132.5,0.13107585906982422,-0.014468885120004415,0.15546949803829194,0.0,0.5810974925756455,0.12520590499043466,0.13107585906982422
24360,138.25,0.13394099473953247,-0.019820288754999638,0.40888663232326505,0.0,0.5787236154079437,0.12472956590354442,0.13394099473953247
24370,145.96875,0.13842010498046875,-0.032122322171926496,0.008835745835676789,0.0,0.5830558001995086,0.13278355486691,0.13842010498046875
24380,144.40625,0.13708364963531494,-0.00953466584905982,0.318007592856884,0.0,0.580115619301796,0.13553540259599686,0.13708364963531494
24390,138.15625,0.13859863579273224,-0.017327125556766985,0.3563672795891762,0.0,0.5795167028903961,0.1342783372849226,0.13859863579273224
24400,124.21875,0.13489511609077454,-0.02411733865737915,0.18051387071609498,0.0,0.576652443408966,0.13162376396358014,0.13489511609077454
24410,141.0,0.12900179624557495,-0.023640939593315126,0.524475385248661,0.0,0.5750316113233567,0.12485182583332062,0.12900179624557495
24420,150.84375,0.10738023370504379,-0.022042659018188714,0.5092307031154633,0.0,0.5691596984863281,0.11863505616784095,0.10738023370504379
24430,124.1875,0.11267204582691193,-0.02313273213803768,0.15009522661566735,0.0,0.5605848342180252,0.10382003746926785,0.11267204582691193
24440,139.90625,0.1233447939157486,-0.022049662284553052,0.8148848593235016,0.0,0.5629511862993241,0.1145011231303215,0.1233447939157486
24450,140.25,0.12569141387939453,-0.01372181549668312,0.11198874078691005,0.0,0.5670745939016342,0.12039237059652805,0.12569141387939453
24460,152.21875,0.1054525077342987,-0.024881126917898656,0.2679234594106674,0.0,0.5695914298295974,0.11906600333750247,0.1054525077342987
24470,130.78125,0.13110172748565674,-0.020833974424749612,0.26686454862356185,0.0,0.5672967255115509,0.12436097040772438,0.13110172748565674
24480,147.0,0.12037476897239685,-0.019523785915225744,0.6268387287855148,0.0,0.5680029511451721,0.12850397862493992,0.12037476897239685
24490,134.21875,0.11769838631153107,-0.03277463875710964,0.06447704173624516,0.0,0.5702487379312515,0.1238421268761158,0.11769838631153107
24500,117.9375,0.13325294852256775,-0.015393857657909394,0.5737969279289246,0.0,0.5685456216335296,0.1296906430274248,0.13325294852256775
24510,128.34375,0.13314104080200195,-0.02242713179439306,0.04949971344321966,0.0,0.5684341996908188,0.1253588881343603,0.13314104080200195
24520,140.125,0.13881871104240417,-0.01112407837063074,0.45717027485370637,0.0,0.5683005183935166,0.13220369815826416,0.13881871104240417
24530,134.6875,0.12833617627620697,-0.014691452216356992,0.3995953619480133,0.0,0.569529128074646,0.12402441538870335,0.12833617627620697
24540,150.3125,0.12468913197517395,-0.016252260096371172,0.4958265215158463,0.0,0.5693944782018662,0.12402449250221252,0.12468913197517395
24550,140.21875,0.13205397129058838,-0.01610067542642355,0.0667099267244339,0.0,0.5690328985452652,0.12148268334567547,0.13205397129058838
24560,126.15625,0.11616551876068115,-0.015357119776308537,0.3164470627903938,0.0,0.5686562627553939,0.126225570961833,0.11616551876068115
24570,151.21875,0.1333923190832138,-0.019253520295023918,0.3240184023976326,0.0,0.5680996358394623,0.12783719711005687,0.1333923190832138
24580,108.96875,0.125690758228302,-0.01911135660484433,0.192023653537035,0.0,0.5693992644548416,0.12176110446453095,0.125690758228302
24590,152.53125,0.132464200258255,-0.02050776146352291,0.42563596367836,0.0,0.5676953792572021,0.1298488385975361,0.132464200258255
24600,137.0625,0.13435140252113342,-0.012124685943126679,0.20713839065283537,0.0,0.5679393261671066,0.1268241446465254,0.13435140252113342
24610,138.78125,0.1341920793056488,-0.024992138892412186,0.6485652059316636,0.0,0.5694658696651459,0.1286550097167492,0.1341920793056488
24620,149.8125,0.13244032859802246,-0.01461473312228918,0.23529415391385555,0.0,0.568366339802742,0.12831769213080407,0.13244032859802246
24630,116.15625,0.1178283542394638,-0.015743593312799932,0.7368160009384155,0.0,0.5655861586332321,0.12810787037014962,0.1178283542394638
24640,149.53125,0.12962006032466888,-0.027210548985749483,0.4347214370965958,0.0,0.5676887631416321,0.1181928526610136,0.12962006032466888
24650,116.6875,0.08305671811103821,-0.01750413849949837,0.1434259906411171,0.0,0.5695917993783951,0.11808602884411812,0.08305671811103821
24660,147.09375,0.11864419281482697,-0.016157283261418343,0.13721370920538903,0.0,0.5689311146736145,0.12551340870559216,0.11864419281482697
24670,123.40625,0.12981121242046356,-0.004656533151865006,0.4501038730144501,0.0,0.5711951941251755,0.1282826755195856,0.12981121242046356
24680,139.90625,0.12810176610946655,-0.017924578115344047,0.8269635975360871,0.0,0.5731267541646957,0.12881641201674937,0.12810176610946655
24690,140.65625,0.12178058922290802,-0.0214598280377686,0.34103828519582746,0.0,0.571194875240326,0.12346300706267357,0.12178058922290802
24700,145.40625,0.12332169711589813,-0.023483517207205297,0.6654749929904937,0.0,0.5720997273921966,0.12336028702557086,0.12332169711589813
24710,125.375,0.12812887132167816,-0.025109457410871984,0.11909189932048321,0.0,0.5696490556001663,0.12222805544734001,0.12812887132167816
24720,119.59375,0.13413028419017792,-0.03095152461901307,0.792275732755661,0.0,0.5701761215925216,0.1333940949290991,0.13413028419017792
24730,129.3125,0.11582005023956299,-0.018441826896741988,0.1665947765111923,0.0,0.5724655836820602,0.1210014209151268,0.11582005023956299
24740,123.40625,0.12593697011470795,-0.018339508771896364,0.4018142491579056,0.0,0.570511519908905,0.12127833031117916,0.12593697011470795
24750,140.9375,0.12338938564062119,-0.021332155074924232,0.36835731118917464,0.0,0.572187465429306,0.12361210472881794,0.12338938564062119
24760,133.15625,0.12977245450019836,-0.02087272433564067,0.4380431979894638,0.0,0.5695739895105362,0.12375099435448647,0.12977245450019836
24770,151.21875,0.12743842601776123,-0.028984828479588033,0.9060268104076385,0.0,0.5690751582384109,0.12570280581712723,0.12743842601776123
24780,119.625,0.1253719925880432,-0.02550318231806159,0.07022006697952747,0.0,0.5712694227695465,0.12075413279235363,0.1253719925880432
24790,141.625,0.12423835694789886,-0.019164174795150757,0.27137465607374905,0.0,0.5647175222635269,0.12548410147428513,0.12423835694789886
24800,116.125,0.12124656140804291,-0.018513981997966767,0.22773432731628418,0.0,0.5665094673633575,0.11410183869302273,0.12124656140804291
24810,136.21875,0.12115597724914551,-0.031608843989670274,0.014489464275538922,0.0,0.5636116713285446,0.10975012667477131,0.12115597724914551
24820,152.6875,0.12434163689613342,-0.009997129440307617,0.23064702451229097,0.0,0.5629527181386947,0.11621208414435387,0.12434163689613342
24830,137.3125,0.11693565547466278,-0.024665679223835467,1.007698130607605,0.0,0.5619656771421433,0.11536633409559727,0.11693565547466278
24840,150.6875,0.11811137944459915,-0.02761236559599638,0.9188758969306946,0.0,0.5622853577136994,0.12258477732539177,0.11811137944459915
24850,103.15625,0.10409657657146454,-0.029796085320413113,0.4315219670534134,0.0,0.5653309315443039,0.11515491679310799,0.10409657657146454
24860,141.78125,0.11298288404941559,-0.023373379930853845,0.4011348068714142,0.0,0.5628534764051437,0.11311614662408828,0.11298288404941559
24870,110.9375,0.11535772681236267,-0.02354284152388573,0.16616136506199836,0.0,0.5609761357307435,0.11010083109140396,0.11535772681236267
24880,161.4375,0.1040375679731369,-0.018777251429855823,0.3707859843969345,0.0,0.5643646627664566,0.11376772224903106,0.1040375679731369
24890,132.53125,0.09852051734924316,-0.04580434737727046,0.0228994520381093,0.0,0.5592836678028107,0.10293053202331066,0.09852051734924316
24900,115.25,0.09736675024032593,-0.02163557317107916,0.27517249137163163,0.0,0.5617933124303818,0.10927887372672558,0.09736675024032593
24910,124.875,0.1194901093840599,-0.016203475184738636,0.2144252434372902,0.0,0.5656713545322418,0.11014973260462284,0.1194901093840599
24920,108.03125,0.1052565649151802,-0.019427783135324717,0.22407021075487138,0.0,0.5618992924690247,0.104314985871315,0.1052565649151802
24930,161.34375,0.11511510610580444,-0.04500541817396879,0.012867848388850689,0.0,0.5609727829694748,0.1076155100017786,0.11511510610580444
24940,126.28125,0.09657546877861023,0.000904312264174223,0.03398314788937569,0.0,0.5614617377519607,0.10615742020308971,0.09657546877861023
24950,141.625,0.10998466610908508,-0.013445281144231557,0.16717086210846901,0.0,0.5589500546455384,0.09827016666531563,0.10998466610908508
24960,120.0,0.09879830479621887,-0.021597307175397873,0.14453242719173431,0.0,0.5617119163274765,0.09042512848973275,0.09879830479621887
24970,143.21875,0.11402933299541473,-0.016766498796641827,0.18349546194076538,0.0,0.5618043631315232,0.09241104070097209,0.11402933299541473
24980,137.25,0.12202462553977966,-0.03016592524945736,0.5136965394020081,0.0,0.5647751122713089,0.11148314885795116,0.12202462553977966
24990,125.0,0.12321123480796814,-0.02438178174197674,0.31657003462314603,0.0,0.5662137567996979,0.11542311236262322,0.12321123480796814
25000,127.0625,0.1284632384777069,-0.012513340916484594,0.09402688783593476,0.0,0.5650950223207474,0.12060316614806652,0.1284632384777069
25010,140.4375,0.1210000142455101,-0.016682163625955582,0.5385573953390121,0.0,0.5701438277959824,0.12616192512214183,0.1210000142455101
25020,139.96875,0.11583943665027618,-0.02763426546007395,0.2553569510579109,0.0,0.5693947613239289,0.11673456877470016,0.11583943665027618
25030,140.625,0.12412667274475098,-0.014988937601447105,0.17464539930224418,0.0,0.5690942734479905,0.11613207757472992,0.12412667274475098
25040,141.4375,0.10520952194929123,-0.015157578978687525,0.20182672441005706,0.0,0.5650407642126083,0.1148733876645565,0.10520952194929123
25050,111.375,0.12136133015155792,-0.010299282614141703,0.2012678861618042,0.0,0.5698668122291565,0.11191835552453995,0.12136133015155792
25060,167.875,0.12474857270717621,-0.020127781480550767,0.2825855925679207,0.0,0.5685145288705826,0.12490695118904113,0.12474857270717621
25070,129.5,0.12530164420604706,-0.016306576319038868,0.2848716232925653,0.0,0.5733192563056946,0.12349992506206035,0.12530164420604706
25080,149.96875,0.12366964668035507,-0.03255799124017358,1.1903083443641662,0.0,0.5695801138877868,0.12409623675048351,0.12366964668035507
25090,152.28125,0.12532079219818115,-0.01821336876600981,0.5587322622537613,0.0,0.5705036699771882,0.1233985111117363,0.12532079219818115
25100,96.65625,0.11671558022499084,-0.016228634119033813,1.2051687598228455,0.0,0.5653041809797287,0.12069670632481574,0.11671558022499084
25110,153.15625,0.11529054492712021,-0.022555516473948954,0.3717563420534134,0.0,0.566678661108017,0.11758425645530224,0.11529054492712021
25120,96.90625,0.10938133299350739,-0.018591468781232835,0.23580744713544846,0.0,0.5632039427757263,0.1057656604796648,0.10938133299350739
25130,168.28125,0.10969991981983185,-0.004511782526969909,0.24100894331932068,0.0,0.561674827337265,0.11201554611325264,0.10969991981983185
25140,110.5625,0.10194724798202515,-0.018143629003316165,0.23743619322776793,0.0,0.5607771933078766,0.10305099487304688,0.10194724798202515
25150,127.5,0.11075538396835327,-0.02363733695819974,0.2503692388534546,0.0,0.5604318052530288,0.09044044464826584,0.11075538396835327
25160,139.75,0.1213178038597107,-0.01359755676239729,0.2686523348093033,0.0,0.5676938503980636,0.1148385290056467,0.1213178038597107
25170,111.0625,0.1098613291978836,-0.021977868769317864,0.2271321654319763,0.0,0.5590633928775788,0.10876437686383725,0.1098613291978836
25180,152.875,0.11018944531679153,-0.026330963475629687,0.2753867894411087,0.0,0.5628012537956237,0.09815262854099274,0.11018944531679153
25190,106.75,0.10209394991397858,-0.0023411351256072523,0.328545044362545,0.0,0.5590072512626648,0.10018808506429196,0.10209394991397858
25200,148.90625,0.10904435813426971,-0.009020763821899891,0.24521585404872895,0.0,0.5629719972610474,0.11189065501093864,0.10904435813426971
25210,120.0,0.123588427901268,-0.02248374130576849,0.1566333394497633,0.0,0.5650866091251373,0.1075217567384243,0.123588427901268
25220,127.21875,0.1160268485546112,-0.007711759395897388,0.31623910665512084,0.0,0.55879345536232,0.10788403525948524,0.1160268485546112
25230,154.90625,0.11655603349208832,-0.022903063148260117,0.49102160334587097,0.0,0.5636738777160645,0.12168185599148273,0.11655603349208832
25240,105.34375,0.11701683700084686,-0.021972909569740295,0.4833763659000397,0.0,0.5646644741296768,0.11285615339875221,0.11701683700084686
25250,131.75,0.06916543841362,-0.02232320923358202,0.10204643122851849,0.0,0.5637422382831574,0.09463680908083916,0.06916543841362
25260,161.28125,0.09898082911968231,-0.015972586069256067,0.013062797579914331,0.0,0.5608161479234696,0.10423333793878556,0.09898082911968231
25270,118.75,0.11963009834289551,-0.018590296152979136,0.12529040947556497,0.0,0.5665146589279175,0.1086840994656086,0.11963009834289551
25280,118.15625,0.12243755161762238,-0.021767707634717227,0.3536426067352295,0.0,0.5658217877149582,0.11336630284786224,0.12243755161762238
25290,132.125,0.10929587483406067,-0.02033067736774683,0.11364489868283272,0.0,0.5635319888591767,0.1135699387639761,0.10929587483406067
25300,135.21875,0.1133754700422287,-0.011123947985470294,0.16109147742390634,0.0,0.5689108312129975,0.11194442473351955,0.1133754700422287
25310,142.46875,0.12162551283836365,-0.01856143046170473,0.023236170411109924,0.0,0.5648316651582718,0.11221392676234246,0.12162551283836365
25320,116.0,0.10470524430274963,-0.031077524833381175,0.6562604069709778,0.0,0.5651680052280426,0.10646073669195175,0.10470524430274963
25330,142.09375,0.11782801151275635,-0.026124622765928508,0.0901190560311079,0.0,0.5645992010831833,0.10501349233090877,0.11782801151275635
25340,124.4375,0.11814748495817184,-0.029393656365573406,0.017615360487252475,0.0,0.5634326577186585,0.10528442822396755,0.11814748495817184
25350,130.15625,0.11410204321146011,-0.014130170829594136,0.39811356365680695,0.0,0.568468102812767,0.11500459648668766,0.11410204321146011
25360,136.0,0.09623274207115173,-0.020423467457294463,0.11885381191968918,0.0,0.5650383979082108,0.1048867292702198,0.09623274207115173
25370,116.5625,0.12544360756874084,-0.011041306983679533,0.10520845875144005,0.0,0.5645218849182129,0.1104674693197012,0.12544360756874084
25380,147.40625,0.10804721713066101,-0.03845021137967706,0.008024777052924037,0.0,0.5653006106615066,0.10493966937065125,0.10804721713066101
25390,136.65625,0.12536321580410004,-0.021056616213172674,0.23820582926273345,0.0,0.5653684854507446,0.11835025995969772,0.12536321580410004
25400,147.65625,0.12315213680267334,-0.020659278240054847,0.36154720932245255,0.0,0.5694877177476882,0.12111702561378479,0.12315213680267334
25410,123.28125,0.12414339929819107,-0.01951404009014368,0.42611276507377627,0.0,0.568180513381958,0.12110688388347626,0.12414339929819107
25420,127.25,0.10789598524570465,-0.02875734753906727,0.43434506058692934,0.0,0.5694738805294037,0.11615145206451416,0.10789598524570465
25430,121.9375,0.11026817560195923,-0.01394824255257845,0.20509305745363235,0.0,0.5668999344110489,0.10518893860280513,0.11026817560195923
25440,134.40625,0.09582275152206421,-0.021531638875603675,0.09776410609483718,0.0,0.5635098844766617,0.1035079911351204,0.09582275152206421
25450,151.40625,0.11367712169885635,0.014382844045758247,0.11980083957314491,0.0,0.5691459208726883,0.11220349557697773,0.11367712169885635
25460,122.625,0.13097253441810608,-0.009806853253394365,0.12569676339626312,0.0,0.5683293908834457,0.1189429946243763,0.13097253441810608
25470,139.875,0.1141229122877121,-0.021075660921633245,0.4564606785774231,0.0,0.565958046913147,0.1232836414128542,0.1141229122877121
25480,121.65625,0.12682077288627625,-0.02417758945375681,0.02831652406603098,0.0,0.5655368477106094,0.11296083442866803,0.12682077288627625
25490,144.28125,0.12542496621608734,-0.013779726903885603,0.3652914673089981,0.0,0.5660188227891922,0.11279690153896808,0.12542496621608734
25500,140.46875,0.11353155225515366,-0.016549507901072503,0.02026518788188696,0.0,0.563178288936615,0.11783223301172256,0.11353155225515366
25510,117.53125,0.11539700627326965,-0.02150994660332799,0.7727190852165222,0.0,0.5642500221729279,0.11764676384627819,0.11539700627326965
25520,163.21875,0.11656168103218079,-0.018051152117550373,0.7477139115333558,0.0,0.5618976891040802,0.12037923112511635,0.11656168103218079
25530,122.21875,0.09882660955190659,-0.025137946009635925,0.2132893830537796,0.0,0.5572457313537598,0.11155923083424568,0.09882660955190659
25540,119.4375,0.09416110068559647,-0.019969727843999863,0.25207559317350386,0.0,0.5579824596643448,0.094215227663517,0.09416110068559647
25550,138.875,0.10074129700660706,-0.01658890675753355,0.0445531003177166,0.0,0.5495507746934891,0.10425883941352368,0.10074129700660706
25560,123.46875,0.07589222490787506,0.014624107629060745,0.022805017419159412,0.0,0.5544849306344986,0.08651600070297719,0.07589222490787506
25570,151.71875,0.07835951447486877,-0.0345050185918808,0.009972186386585235,0.0,0.5587046414613723,0.09046283923089504,0.07835951447486877
25580,117.0,0.12032392621040344,-0.013783634640276432,0.1747053250670433,0.0,0.5578265309333801,0.10769744999706746,0.12032392621040344
25590,119.03125,0.12848354876041412,-0.026432090438902378,0.25873522609472277,0.0,0.5626373082399369,0.11809663251042365,0.12848354876041412
25600,142.28125,0.1265847235918045,-0.017600264493376018,0.22430958673357965,0.0,0.5677170544862747,0.12250470519065856,0.1265847235918045
25610,109.28125,0.09008067846298218,-0.021701315697282553,0.34321351647377013,0.0,0.5658200144767761,0.1114270769059658,0.09008067846298218
25620,137.875,0.10107089579105377,-0.01950015975162387,0.10802545696496964,0.0,0.560026204586029,0.10378320291638374,0.10107089579105377
25630,103.59375,0.09698876738548279,-0.022374392487108707,0.14484393149614333,0.0,0.5597052693367004,0.10234444420784712,0.09698876738548279
25640,136.34375,0.09774710983037949,-0.014651130512356758,0.20429289788007737,0.0,0.5605329185724258,0.10907020457088948,0.09774710983037949
25650,119.375,0.10434627532958984,-0.024263484589755534,0.18028800040483475,0.0,0.5641542166471482,0.10752774402499199,0.10434627532958984
25660,140.46875,0.11035210639238358,-0.019168527983129024,0.16603194177150726,0.0,0.5682889103889466,0.11849673576653004,0.11035210639238358
25670,122.78125,0.12360414117574692,-0.018387775495648385,0.023231802321970463,0.0,0.5673112899065018,0.11410705968737603,0.12360414117574692
25680,125.125,0.12394886463880539,-0.016086758580058813,0.25913096964359283,0.0,0.5668308347463608,0.11521636359393597,0.12394886463880539
25690,129.5625,0.09459464251995087,-0.02695698933675885,0.17167543545365332,0.0,0.5715849906206131,0.11173262260854244,0.09459464251995087
25700,124.75,0.134616881608963,-0.015831159241497517,0.0937692392617464,0.0,0.5693330407142639,0.12027796655893326,0.134616881608963
25710,141.875,0.09803175926208496,-0.028620053082704544,0.04899846473708749,0.0,0.5744694769382477,0.1204712450504303,0.09803175926208496
25720,134.375,0.1278107613325119,-0.0222159287892282,0.13483257964253426,0.0,0.5693817377090454,0.11847172938287258,0.1278107613325119
25730,110.0,0.1100659966468811,-0.041424762830138205,0.5047037035226822,0.0,0.5697351336479187,0.11197562366724015,0.1100659966468811
25740,130.75,0.09927709400653839,-0.02127124723047018,0.21594393104314805,0.0,0.5698519110679626,0.10978531949222088,0.09927709400653839
25750,129.46875,0.11487722396850586,-0.015681629069149494,0.10813059397041798,0.0,0.5645917803049088,0.11258928664028645,0.11487722396850586
25760,120.46875,0.09876814484596252,-0.03624750897288322,0.03355664350092411,0.0,0.5645790666341781,0.10236127637326717,0.09876814484596252
25770,140.9375,0.09025303274393082,-0.022114359587430955,0.01359506705775857,0.0,0.5645047336816787,0.10032250210642815,0.09025303274393082
25780,116.9375,0.09875153005123138,-0.02680440004914999,0.07973672598600387,0.0,0.561926206946373,0.09882544372230768,0.09875153005123138
25790,126.40625,0.12128719687461853,-0.005478906538337469,0.09911056011915206,0.0,0.5693596929311753,0.10274736806750298,0.12128719687461853
25800,122.46875,0.10960602760314941,-0.030722029320895673,0.2106294572353363,0.0,0.5681614071130753,0.11242203935980796,0.10960602760314941
25810,147.65625,0.11507381498813629,-0.010502617433667183,0.11836809106171131,0.0,0.5674021512269973,0.11018976010382175,0.11507381498813629
25820,136.25,0.1250852644443512,-0.02271679537370801,0.20221495628356934,0.0,0.5712802082300186,0.12152235768735409,0.1250852644443512
25830,128.8125,0.09053117036819458,-0.028595848567783834,0.3035365641117096,0.0,0.5708776921033859,0.11929358467459679,0.09053117036819458
25840,122.875,0.08948979526758194,-0.01987966876477003,0.6218294501304626,0.0,0.5698905050754547,0.11797786578536033,0.08948979526758194
25850,119.59375,0.11934973299503326,-0.02294049570336938,0.2647474080324173,0.0,0.566816532611847,0.1148281928151846,0.11934973299503326
25860,131.28125,0.1200079619884491,-0.01885719420388341,0.040819951239973305,0.0,0.5645134180784226,0.10375548973679542,0.1200079619884491
25870,132.5,0.12217801809310913,-0.024538625590503217,0.17823659852147103,0.0,0.5687167763710022,0.11799176335334778,0.12217801809310913
25880,152.8125,0.1275741308927536,-0.026979945227503778,0.05783804375678301,0.0,0.5685918420553208,0.11613109335303307,0.1275741308927536
25890,116.375,0.11204523593187332,-0.01696384996175766,0.5109537273645401,0.0,0.5632273018360138,0.114456707239151,0.11204523593187332
25900,138.0625,0.12093084305524826,-0.02244807193055749,0.0164739852771163,0.0,0.5652601152658463,0.10485299937427044,0.12093084305524826
25910,112.375,0.11357687413692474,-0.014955424517393113,0.15282540023326874,0.0,0.5644488513469696,0.11681221388280391,0.11357687413692474
25920,146.875,0.10337978601455688,-0.02722701318562031,0.1184448666870594,0.0,0.5650018870830535,0.11273089125752449,0.10337978601455688
25930,147.9375,0.1180790364742279,-0.04381834585219622,0.0170136671513319,0.0,0.5632656931877136,0.11297879368066788,0.1180790364742279
25940,139.8125,0.11016988754272461,-0.023559484630823135,0.33327806517481806,0.0,0.5642323464155197,0.10992322526872159,0.11016988754272461
25950,159.8125,0.112692691385746,-0.0025286036543548107,0.04579038769006729,0.0,0.5626880019903183,0.10500197000801563,0.112692691385746
25960,119.15625,0.11411140114068985,-0.008391094766557217,0.06691344566643238,0.0,0.5636147230863571,0.11407593227922916,0.11411140114068985
25970,155.4375,0.1048404723405838,-0.02499769888818264,0.13037881329655648,0.0,0.5620666444301605,0.11030395291745662,0.1048404723405838
25980,136.0,0.10847268998622894,-0.016263295244425536,0.2257758378982544,0.0,0.5608171403408051,0.1088528323918581,0.10847268998622894
25990,111.71875,0.10988039523363113,-0.012141890451312065,0.6444675534963608,0.0,0.5588903039693832,0.10778606235980988,0.10988039523363113
26000,158.0,0.11053135991096497,-0.03627947261556983,0.010517753008753062,0.0,0.5581303596496582,0.10229097157716752,0.11053135991096497
26010,136.28125,0.10490646958351135,-0.014460459444671869,0.053463295288383963,0.0,0.5584046721458436,0.10680925473570824,0.10490646958351135
26020,137.34375,0.0999249517917633,-0.010874916054308414,0.21934280097484588,0.0,0.553809916973114,0.09992723762989045,0.0999249517917633
26030,109.84375,0.08734788000583649,-0.02899087811820209,0.3188690975308418,0.0,0.551946833729744,0.09247271530330181,0.08734788000583649
26040,127.21875,0.09751976281404495,-0.017833979055285453,0.09879565164446831,0.0,0.553040623664856,0.08949488028883934,0.09751976281404495
26050,143.3125,0.08214503526687622,-0.03221820537000895,0.012348585668951273,0.0,0.5497853130102157,0.09686914384365082,0.08214503526687622
26060,128.65625,0.0873631089925766,-0.021225182618945838,0.09169691987335682,0.0,0.5526834577322006,0.09304338078945876,0.0873631089925766
26070,156.40625,0.10268028825521469,-0.00016627870500087737,0.019162622280418873,0.0,0.5544436812400818,0.09953925460577011,0.10268028825521469
26080,109.96875,0.09672457724809647,-0.02614383026957512,0.3391359657049179,0.0,0.5529964506626129,0.10150318071246148,0.09672457724809647
26090,129.6875,0.10495496541261673,-0.010008234344422818,0.13495443686842917,0.0,0.5563630580902099,0.09974811673164367,0.10495496541261673
26100,115.0,0.11371293663978577,-0.019558631628751755,0.09383324868977069,0.0,0.5575007677078248,0.10216689929366111,0.11371293663978577
26110,125.65625,0.08416826277971268,-0.04836166948080063,0.01330466354265809,0.0,0.5564257830381394,0.09526315852999687,0.08416826277971268
26120,131.3125,0.09436151385307312,-0.013932112976908684,0.07416978813707828,0.0,0.5575878858566284,0.09581812433898448,0.09436151385307312
26130,130.21875,0.10125584900379181,-0.02363209156319499,0.07667375430464744,0.0,0.5545177906751633,0.09490406215190887,0.10125584900379181
26140,117.5,0.1169825941324234,0.0013529473915696144,0.2516112744808197,0.0,0.5621505796909332,0.10724913105368614,0.1169825941324234
26150,113.1875,0.09208577871322632,-0.021750315185636283,0.1793580412864685,0.0,0.5591676324605942,0.09920309260487556,0.09208577871322632
26160,145.09375,0.10131019353866577,-0.017577354796230793,0.018535618484020234,0.0,0.5645310878753662,0.11258040443062782,0.10131019353866577
26170,111.25,0.10617701709270477,-0.016938584670424462,0.1333341382443905,0.0,0.5671430140733719,0.10893124677240848,0.10617701709270477
26180,140.40625,0.11278776079416275,-0.0058235427364707,0.16051364839076995,0.0,0.5651490241289139,0.1161824755370617,0.11278776079416275
26190,135.375,0.10069233179092407,-0.03935072906315327,0.036852406524121764,0.0,0.5641426146030426,0.11133736632764339,0.10069233179092407
26200,145.375,0.09149125218391418,-0.03914390187710524,0.08899082280695439,0.0,0.5592930138111114,0.09625717513263225,0.09149125218391418
26210,127.96875,0.10626845061779022,-0.028319196403026582,0.0998553216457367,0.0,0.5596562385559082,0.09157624803483486,0.10626845061779022
26220,126.0,0.11371716856956482,-0.021185304503887892,0.12042615041136742,0.0,0.5598819494247437,0.11146239154040813,0.11371716856956482
26230,133.75,0.12012696266174316,-0.011162366159260273,0.12478522211313248,0.0,0.5649587363004684,0.11157947294414043,0.12012696266174316
26240,126.1875,0.12399718910455704,-0.021383676491677762,0.12173720151185989,0.0,0.5629916578531265,0.11418663188815117,0.12399718910455704
26250,139.96875,0.10145293176174164,-0.041928776539862156,0.016356586944311857,0.0,0.5593643248081207,0.1061123076826334,0.10145293176174164
26260,128.5,0.11117787659168243,-0.009388321358710528,0.179189982265234,0.0,0.5651108235120773,0.1117379181087017,0.11117787659168243
26270,158.34375,0.10345211625099182,-0.020505969412624836,0.24943231493234636,0.0,0.5594350934028626,0.10841958448290825,0.10345211625099182
26280,115.6875,0.11666147410869598,-0.02271375572308898,0.31033178567886355,0.0,0.5625584304332734,0.11173363998532296,0.11666147410869598
26290,113.0625,0.11593828350305557,-0.03299206513911486,0.4866419017314911,0.0,0.5608739793300629,0.11231415197253228,0.11593828350305557
26300,132.5625,0.10547797381877899,-0.011317768879234791,0.16561353206634521,0.0,0.558098965883255,0.11193374656140805,0.10547797381877899
26310,124.71875,0.11024079471826553,-0.026594666950404643,0.31990290731191634,0.0,0.5604781895875931,0.10716823600232601,0.11024079471826553
26320,143.09375,0.11449828743934631,-0.01799075836315751,0.4335362628102303,0.0,0.5612584561109543,0.11119977720081806,0.11449828743934631
26330,133.0,0.11513550579547882,-0.027977981232106687,0.02680419459939003,0.0,0.5627130180597305,0.1061771746724844,0.11513550579547882
26340,112.78125,0.10990605503320694,-0.020819718763232232,0.29478183686733245,0.0,0.5628760278224945,0.10036735124886036,0.10990605503320694
26350,137.59375,0.10552544891834259,-0.01883844593539834,0.13355086594820023,0.0,0.5609656721353531,0.10466348156332969,0.10552544891834259
26360,104.03125,0.034546688199043274,-0.010591969266533852,0.11196584105491639,0.0,0.562119260430336,0.08573764497414231,0.034546688199043274
26370,134.625,0.12060218304395676,-0.01986942533403635,0.046220626961439845,0.0,0.5622867733240128,0.11378014720976352,0.12060218304395676
26380,114.5625,0.09064248204231262,-0.01656881021335721,0.1883543238043785,0.0,0.5648734748363495,0.11103650480508805,0.09064248204231262
26390,155.8125,0.10646849870681763,-0.02350151799619198,0.0337557828053832,0.0,0.560361897945404,0.11294160485267639,0.10646849870681763
26400,115.0,0.10074648261070251,-0.004915420897305012,0.0912128273397684,0.0,0.5619806081056595,0.10272226184606552,0.10074648261070251
26410,134.90625,0.07399873435497284,-0.025249128602445124,0.19276027083396913,0.0,0.5595967382192611,0.09950629584491252,0.07399873435497284
26420,117.9375,0.08602096140384674,-0.02657766155898571,0.02790368478745222,0.0,0.5530997306108475,0.09378232173621655,0.08602096140384674
26430,128.90625,0.09114739298820496,-0.02949698157608509,0.15578689128160478,0.0,0.5508420586585998,0.09314827471971512,0.09114739298820496
26440,135.28125,0.10235565900802612,-0.017323735728859903,0.07780718691647052,0.0,0.5536451548337936,0.09933319874107838,0.10235565900802612
26450,127.34375,0.1197185218334198,-0.019220045953989028,0.1317154124379158,0.0,0.5557473033666611,0.09733398780226707,0.1197185218334198
26460,148.90625,0.12172388285398483,-0.022458637505769728,0.19255041778087617,0.0,0.5585234820842743,0.11336345672607422,0.12172388285398483
26470,124.1875,0.11670270562171936,-0.01666253563016653,0.16044463813304902,0.0,0.5584376186132431,0.1147204052656889,0.11670270562171936
26480,138.25,0.10024368017911911,-0.007401812169700861,0.26545950025320053,0.0,0.5598396390676499,0.10002374090254307,0.10024368017911911
26490,111.40625,0.10165946185588837,-0.028020568750798704,0.2939577117562294,0.0,0.5582459717988968,0.09833653569221497,0.10165946185588837
26500,114.90625,0.0938362404704094,-0.023155379761010408,0.014393018186092376,0.0,0.5565447926521301,0.08769756387919188,0.0938362404704094
26510,122.625,0.09638672322034836,-0.01924831569194794,0.0929195947945118,0.0,0.554718354344368,0.0873307392001152,0.09638672322034836
26520,115.28125,0.10307038575410843,-0.019944603182375432,0.2256048008799553,0.0,0.5565977185964585,0.09172589033842087,0.10307038575410843
26530,133.8125,0.10810203850269318,-0.016820841934531927,0.06024864837527275,0.0,0.5583178907632828,0.0899620871990919,0.10810203850269318
26540,134.375,0.10869257152080536,-0.019833272183313967,0.00728158624842763,0.0,0.5562924742698669,0.10210178568959236,0.10869257152080536
26550,112.1875,0.09876228868961334,-0.003239768836647272,0.15183942392468452,0.0,0.5602720737457275,0.09868491981178522,0.09876228868961334
26560,142.5625,0.11209876835346222,-0.02955974992364645,0.03685353398323059,0.0,0.5644432872533798,0.10134406499564648,0.11209876835346222
26570,129.625,0.12299805879592896,-0.021214592456817626,0.1451556958258152,0.0,0.5637590557336807,0.11160643398761749,0.12299805879592896
26580,117.84375,0.10035093128681183,-0.025067950971424578,0.20999717563390732,0.0,0.5601962685585022,0.10638672187924385,0.10035093128681183
26590,124.03125,0.087016761302948,-0.006526674702763557,0.10109729319810867,0.0,0.5607510030269622,0.09939971119165421,0.087016761302948
26600,113.4375,0.11287696659564972,-0.007003470323979855,0.31203731149435043,0.0,0.5624334335327148,0.10248286314308644,0.11287696659564972
26610,152.03125,0.10161660611629486,-0.014490440487861633,0.1318850673735142,0.0,0.5648072928190231,0.11723411455750465,0.10161660611629486
26620,122.34375,0.12151964008808136,-0.03902044259011746,0.015301545429974795,0.0,0.5589338511228561,0.11275454796850681,0.12151964008808136
26630,132.53125,0.11141592264175415,-0.01505018100142479,0.7413691341876983,0.0,0.5602810382843018,0.11265293471515178,0.11141592264175415
26640,126.59375,0.10496954619884491,-0.021982768177986146,0.14119614958763121,0.0,0.558543661236763,0.10941379442811013,0.10496954619884491
26650,119.53125,0.11952487379312515,0.003412612434476614,0.13385098278522492,0.0,0.5566131472587585,0.10769795048981905,0.11952487379312515
26660,137.78125,0.11831799894571304,-0.022813737392425537,0.3137234777212143,0.0,0.5615422189235687,0.11602280177175998,0.11831799894571304
26670,123.09375,0.0943356305360794,-0.017031408939510585,0.026870441064238547,0.0,0.5573008239269257,0.10988278947770595,0.0943356305360794
26680,147.46875,0.09771911799907684,-0.016468498297035693,0.2322374165058136,0.0,0.5565336972475052,0.10420553348958492,0.09771911799907684
26690,125.9375,0.10647733509540558,-0.019907821714878083,0.42186384499073026,0.0,0.5571497589349746,0.10722951404750347,0.10647733509540558
26700,143.28125,0.09688795357942581,-0.023601856641471387,0.15507784336805344,0.0,0.5601829558610916,0.11145951226353645,0.09688795357942581
26710,134.5625,0.09271775186061859,-0.03371262159198522,0.04381240233778953,0.0,0.5579490929841995,0.1093449279665947,0.09271775186061859
26720,137.59375,0.11765673756599426,-0.02856487315148115,0.15794239714741706,0.0,0.5559947997331619,0.10708552040159702,0.11765673756599426
26730,133.875,0.1077544316649437,-0.012572939973324537,0.1785987913608551,0.0,0.5515570610761642,0.10193813517689705,0.1077544316649437
26740,129.34375,0.10843102633953094,-0.033982797712087634,0.02496661599725485,0.0,0.5529606521129609,0.0949100773781538,0.10843102633953094
26750,144.71875,0.11370891332626343,-0.024116102140396833,0.24726906716823577,0.0,0.5548153281211853,0.10441534072160721,0.11370891332626343
26760,125.0,0.09775055944919586,-0.028954888321459295,0.1288263276219368,0.0,0.5526872158050538,0.10539456866681576,0.09775055944919586
26770,117.375,0.10657915472984314,-0.0222260570153594,0.3035297065973282,0.0,0.5568058371543885,0.10635886378586293,0.10657915472984314
26780,142.1875,0.11704515665769577,-0.026624946482479574,0.5688527703285218,0.0,0.5562168270349502,0.10982523784041405,0.11704515665769577
26790,118.28125,0.09616197645664215,-0.021986257657408713,0.11249438785016537,0.0,0.5553466230630875,0.09644050784409046,0.09616197645664215
26800,138.5,0.10513956099748611,-0.022066968120634557,0.1387584812939167,0.0,0.552931809425354,0.09798938427120447,0.10513956099748611
26810,109.65625,0.11281883716583252,-0.02861916394904256,0.13151721581816672,0.0,0.5567249059677124,0.09578873850405216,0.11281883716583252
26820,163.375,0.11743401736021042,-0.01801929622888565,0.1578741416335106,0.0,0.5533416986465454,0.10796090811491013,0.11743401736021042
26830,124.5625,0.07176743447780609,-0.032728948071599005,0.08220292590558528,0.0,0.5562170922756196,0.10373960435390472,0.07176743447780609
26840,121.96875,0.08434668928384781,-0.01920693591237068,0.16733372509479522,0.0,0.5570768535137176,0.09982877969741821,0.08434668928384781
26850,120.0625,0.11261756718158722,0.004938426986336708,0.13133383989334108,0.0,0.5603135168552399,0.09285332001745701,0.11261756718158722
26860,150.90625,0.10740629583597183,-0.019511299021542073,0.013749548140913248,0.0,0.5607860118150712,0.10040661618113518,0.10740629583597183
26870,146.375,0.11821211874485016,-0.0048900660127401355,0.321866637468338,0.0,0.5623132199048996,0.1113824687898159,0.11821211874485016
26880,118.375,0.10430552065372467,-0.0178657129406929,0.36353183090686797,0.0,0.5653523355722427,0.1166726253926754,0.10430552065372467
26890,139.59375,0.10315276682376862,-0.017188850697129963,0.09291934212669731,0.0,0.5618354052305221,0.11119575574994087,0.10315276682376862
26900,117.78125,0.0986124724149704,-0.04236078560352326,0.044509009644389155,0.0,0.5589641481637955,0.10781235694885254,0.0986124724149704
26910,134.15625,0.11320149898529053,-0.017807209119200706,0.05252733882516623,0.0,0.5621326923370361,0.1137112870812416,0.11320149898529053
26920,135.40625,0.10740625113248825,-0.028357845544815064,0.3464778482913971,0.0,0.5591423571109772,0.10904854759573937,0.10740625113248825
26930,140.375,0.07585319876670837,-0.008608195185661315,0.11808308064937592,0.0,0.5598835438489914,0.09431598857045173,0.07585319876670837
26940,107.53125,0.10899180173873901,-0.016608478873968123,0.09590816870331764,0.0,0.5601577043533326,0.09373162966221571,0.10899180173873901
26950,131.78125,0.11334994435310364,-0.01862429901957512,0.10921911261975766,0.0,0.5598448067903519,0.09275178499519825,0.11334994435310364
26960,117.6875,0.09663188457489014,-0.007031419314444065,0.09494029097259045,0.0,0.5591427206993103,0.10191301479935647,0.09663188457489014
26970,142.3125,0.09552475810050964,-0.022294025123119354,0.17222337499260904,0.0,0.5587326943874359,0.10795203782618046,0.09552475810050964
26980,129.875,0.09815053641796112,0.0013771137222647668,0.17355841398239136,0.0,0.5552467852830887,0.09805863685905933,0.09815053641796112
26990,131.4375,0.09781709313392639,-0.03565441984683275,0.34430026561021804,0.0,0.5476846635341645,0.0919495988637209,0.09781709313392639
27000,130.5625,0.10436612367630005,-0.02819720096886158,0.2984214618802071,0.0,0.5429637491703033,0.096240927092731,0.10436612367630005
27010,134.03125,0.09371373802423477,-0.02401275895535946,0.16432973966002465,0.0,0.5517639756202698,0.0975402232259512,0.09371373802423477
27020,134.46875,0.09052904695272446,-0.027480737678706645,0.04325462020933628,0.0,0.5479527980089187,0.0944963950663805,0.09052904695272446
27030,124.34375,0.11169950664043427,-0.028992479667067528,0.11443345323204994,0.0,0.5510914117097855,0.0936939999461174,0.11169950664043427
27040,141.25,0.10997971892356873,-0.031387438997626305,0.11467725709080696,0.0,0.5547039568424225,0.10074053481221198,0.10997971892356873
27050,101.875,0.08700502663850784,-0.035517340339720246,0.4475625932216644,0.0,0.5560568034648895,0.09767449758946896,0.08700502663850784
27060,145.4375,0.10189966857433319,-0.020550776179879902,0.20128193497657776,0.0,0.5570545613765716,0.10030674375593662,0.10189966857433319
27070,123.78125,0.07981560379266739,-0.021122457832098006,0.11499265022575855,0.0,0.5538727343082428,0.0962723147124052,0.07981560379266739
27080,124.84375,0.09210048615932465,-0.009308240935206413,0.1792800597846508,0.0,0.5501919388771057,0.08680718168616294,0.09210048615932465
27090,126.0625,0.0796341821551323,0.001659940928220749,0.15494993329048157,0.0,0.5529336094856262,0.0881137678399682,0.0796341821551323
27100,135.78125,0.10456322133541107,-0.023480965197086333,0.22136252075433732,0.0,0.5545258551836014,0.0983318455517292,0.10456322133541107
27110,128.5,0.1070265918970108,-0.033142322301864625,0.038527607545256616,0.0,0.5537782341241837,0.09896662682294846,0.1070265918970108
27120,148.125,0.09812920540571213,-0.022101777931675316,0.347980797290802,0.0,0.5556773632764817,0.10488150492310525,0.09812920540571213
27130,133.90625,0.10034211724996567,-0.016429256461560727,0.2949509881436825,0.0,0.5584315001964569,0.10520661398768424,0.10034211724996567
27140,143.25,0.09293849766254425,-0.029930360801517963,0.40685468912124634,0.0,0.5560597777366638,0.0973938561975956,0.09293849766254425
27150,133.96875,0.10004431754350662,-0.026427154242992402,0.23623529970645904,0.0,0.5532594323158264,0.09646417535841464,0.10004431754350662
27160,113.09375,0.10227423906326294,-0.02779036099091172,0.15242754593491553,0.0,0.5577700972557068,0.10824224278330803,0.10227423906326294
27170,150.03125,0.10903537273406982,-0.03729026922956109,0.006866541504859924,0.0,0.5548811286687851,0.0992248684167862,0.10903537273406982
27180,135.15625,0.1098240315914154,-0.04651282075792551,0.015399265103042126,0.0,0.5570770591497421,0.10430892407894135,0.1098240315914154
27190,152.96875,0.10441774129867554,-0.03818634264171124,0.01775462254881859,0.0,0.5533238083124161,0.10136929638683796,0.10441774129867554
27200,141.625,0.10868429392576218,-0.04743688711896539,0.020605678390711545,0.0,0.5541781187057495,0.10073428079485894,0.10868429392576218
27210,137.75,0.08944995701313019,-0.023622344061732293,0.2800417676568031,0.0,0.5598831743001937,0.10351633243262767,0.08944995701313019
27220,144.625,0.08370860666036606,-0.026543520484119655,0.31823932379484177,0.0,0.5552493959665299,0.08461401239037514,0.08370860666036606
27230,119.5,0.09143589437007904,-0.028033987432718278,0.15690873563289642,0.0,0.5502656787633896,0.08384202904999256,0.09143589437007904
27240,133.90625,0.09780599176883698,-0.01750168055295944,0.19286163449287413,0.0,0.5562239348888397,0.09998291730880737,0.09780599176883698
27250,110.59375,0.11585227400064468,-0.016206889972090723,0.3167253524065018,0.0,0.5565881967544556,0.10847667679190635,0.11585227400064468
27260,145.4375,0.10795557498931885,-0.020331991836428642,0.07121690772473813,0.0,0.5569271892309189,0.10825230106711388,0.10795557498931885
27270,136.34375,0.0965205654501915,-0.022398807760328054,0.1289796844124794,0.0,0.5537096858024597,0.09529267251491547,0.0965205654501915
27280,147.1875,0.10639666765928268,0.0028734187595546245,0.6980127215385437,0.0,0.5571578443050385,0.10210988819599151,0.10639666765928268
27290,130.40625,0.1073150485754013,-0.024831173382699488,0.20696767568588256,0.0,0.5562497347593307,0.10572141781449318,0.1073150485754013
27300,108.84375,0.10827623307704926,-0.02939931731671095,0.25979710221290586,0.0,0.5593388825654984,0.09889178797602653,0.10827623307704926
27310,142.03125,0.09690870344638824,-0.016302232816815376,0.10769394226372242,0.0,0.5516002327203751,0.0890942845493555,0.09690870344638824
27320,138.6875,0.09521070867776871,-0.050558291003108026,0.016956825740635395,0.0,0.5518059760332108,0.09090498462319374,0.09521070867776871
27330,134.875,0.08816540241241455,-0.02219761237502098,0.5044204890727997,0.0,0.5550247222185135,0.1004903394728899,0.08816540241241455
27340,131.28125,0.08151303231716156,-0.027237600926309825,0.018805710319429635,0.0,0.5551017761230469,0.08654723633080721,0.08151303231716156
27350,119.375,0.10111653059720993,-0.006268724612891674,0.32365939021110535,0.0,0.5593930721282959,0.0980470560491085,0.10111653059720993
27360,115.5625,0.11249790340662003,-0.023390201106667518,0.04544443003833294,0.0,0.5619235008955001,0.10298913531005383,0.11249790340662003
27370,152.3125,0.09670193493366241,-0.016810357198119165,0.6145354151725769,0.0,0.5608834236860275,0.10934999771416187,0.09670193493366241
27380,145.5,0.09219791740179062,-0.039843661896884444,0.028209499083459377,0.0,0.5634537935256958,0.10256329886615276,0.09219791740179062
27390,122.75,0.09638327360153198,-0.027377905137836934,0.35450056493282317,0.0,0.5576288163661957,0.09789971746504307,0.09638327360153198
27400,132.125,0.1134168952703476,-0.017887346819043158,0.13292729184031488,0.0,0.5641105562448502,0.09837556220591068,0.1134168952703476
27410,122.90625,0.10964740067720413,-0.02810521759092808,0.2557484894990921,0.0,0.5621539711952209,0.1097648561000824,0.10964740067720413
27420,125.75,0.1138666644692421,-0.02297658082097769,0.13112137019634246,0.0,0.5623111963272095,0.10014863051474095,0.1138666644692421
27430,124.78125,0.10091575235128403,-0.014198553003370761,0.25942338407039645,0.0,0.5603121787309646,0.10335869118571281,0.10091575235128403
27440,131.84375,0.08795702457427979,-0.012636560387909413,0.014535067323595285,0.0,0.5580722481012345,0.09417570792138577,0.08795702457427979
27450,129.0625,0.10637542605400085,-0.013301102817058564,0.31767519414424894,0.0,0.5568915575742721,0.09827956072986126,0.10637542605400085
27460,130.0625,0.09934741258621216,-0.043225979432463646,0.029615611582994462,0.0,0.5562769502401352,0.0997761081904173,0.09934741258621216
27470,161.40625,0.10130150616168976,-0.03632891429588199,0.018952764011919497,0.0,0.5600048393011093,0.10599996559321881,0.10130150616168976
27480,135.71875,0.10710706561803818,0.009875881299376488,0.323630753159523,0.0,0.557631579041481,0.10881093740463257,0.10710706561803818
27490,122.75,0.10224854946136475,-0.02096579596400261,0.3942980974912643,0.0,0.5580897390842438,0.10179861560463906,0.10224854946136475
27500,131.0625,0.09891781955957413,-0.023176454566419126,0.2682251647114754,0.0,0.5588219851255417,0.10354266315698624,0.09891781955957413
27510,118.625,0.10585261881351471,-0.009957621805369854,0.20009619146585464,0.0,0.5573979765176773,0.10418635383248329,0.10585261881351471
27520,138.21875,0.11034166812896729,-0.025393426325172185,0.18867873251438141,0.0,0.5605209231376648,0.10750287510454655,0.11034166812896729
27530,124.5625,0.10893295705318451,-0.02087210528552532,0.07081409376114607,0.0,0.556429922580719,0.10458138398826122,0.10893295705318451
27540,154.0625,0.10391926765441895,-0.01824238682165742,0.7969097018241882,0.0,0.5549449354410172,0.10847062580287456,0.10391926765441895
27550,143.625,0.10761985182762146,-0.01808753050863743,0.22300176620483397,0.0,0.5514576613903046,0.09384023658931255,0.10761985182762146
27560,140.4375,0.10468065738677979,-0.0251234021037817,0.07597630061209201,0.0,0.5518030673265457,0.10052829477936029,0.10468065738677979
27570,123.125,0.10284703969955444,-0.020065435953438283,0.11170100793242455,0.0,0.5517713725566864,0.09456040784716606,0.10284703969955444
27580,158.0625,0.09811651706695557,-0.015120625402778387,0.17864211797714233,0.0,0.5541297793388367,0.10209575444459915,0.09811651706695557
27590,128.15625,0.087481789290905,-0.04328679023310542,0.029494707845151423,0.0,0.5572325617074967,0.098275775462389,0.087481789290905
27600,139.96875,0.11847000569105148,-0.018866182118654252,0.01698699789121747,0.0,0.5631810188293457,0.10529822707176209,0.11847000569105148
27610,152.28125,0.10851400345563889,-0.02316063903272152,0.5296987891197205,0.0,0.5609658002853394,0.1102948971092701,0.10851400345563889
27620,113.84375,0.09743565320968628,-0.020231706276535987,0.2580488070845604,0.0,0.5566141963005066,0.09802137687802315,0.09743565320968628
27630,133.59375,0.11102978885173798,-0.029501176346093415,0.3764114394783974,0.0,0.5588907122611999,0.09939761534333229,0.11102978885173798
27640,126.375,0.11257964372634888,-0.023507003858685493,0.21883422285318374,0.0,0.5616288304328918,0.10628345794975758,0.11257964372634888
27650,135.65625,0.10653403401374817,-0.01819092910736799,0.6407541036605835,0.0,0.55890953540802,0.11036981865763665,0.10653403401374817
27660,122.0625,0.11185607314109802,-0.018471140321344136,0.3151431500911713,0.0,0.5623889446258545,0.10787426307797432,0.11185607314109802
27670,134.5625,0.10767862200737,-0.024372942000627517,0.344362236559391,0.0,0.5607675522565841,0.106783277541399,0.10767862200737
27680,138.125,0.1025746613740921,-0.027433198969811202,0.2882787972688675,0.0,0.5580488175153733,0.10335557721555233,0.1025746613740921
27690,124.75,0.09724403917789459,-0.01008796188980341,0.3874030292034149,0.0,0.5536044478416443,0.10543242804706096,0.09724403917789459
27700,160.03125,0.10623897612094879,-0.038852856308221814,0.027220494113862514,0.0,0.5604234308004379,0.10431738346815109,0.10623897612094879
27710,127.65625,0.09899776428937912,0.022811857145279647,0.24005647003650665,0.0,0.5539444714784623,0.10119756385684013,0.09899776428937912
27720,130.34375,0.0907096415758133,-0.022603520099073647,0.30393042117357255,0.0,0.55587118268013,0.09465400278568267,0.0907096415758133
27730,116.28125,0.10212370753288269,-0.018479078728705644,0.08381587136536836,0.0,0.5580472201108932,0.10042035095393657,0.10212370753288269
27740,145.46875,0.07747136056423187,-0.025208950135856868,0.1830872654914856,0.0,0.5598541617393493,0.09972071200609207,0.07747136056423187
27750,133.21875,0.10325078666210175,-0.04729495923966169,0.01771960500627756,0.0,0.5559309929609298,0.09183400236070156,0.10325078666210175
27760,136.375,0.09951429814100266,-0.02577850017696619,0.3138743504881859,0.0,0.5550685435533523,0.10361046716570854,0.09951429814100266
27770,141.71875,0.10515374690294266,-0.026483804546296598,0.1487311914563179,0.0,0.5559146881103516,0.08999958410859107,0.10515374690294266
27780,127.9375,0.10916371643543243,-0.024530144222080708,0.7220377504825592,0.0,0.5563202738761902,0.10298967249691486,0.10916371643543243
27790,150.0625,0.10852403938770294,-0.011537986807525158,0.09901183117181063,0.0,0.5559026926755906,0.10220820754766465,0.10852403938770294
27800,128.9375,0.0862882137298584,-0.028605173341929913,0.29467235654592516,0.0,0.5570921868085861,0.10024828054010868,0.0862882137298584
27810,129.0625,0.10384316742420197,-0.025414729677140712,0.565060842037201,0.0,0.5581250786781311,0.10395738258957862,0.10384316742420197
27820,148.0625,0.11035151779651642,-0.02626985926181078,0.02766896728426218,0.0,0.5590456128120422,0.10586213283240795,0.11035151779651642
27830,132.59375,0.10755068808794022,-0.013477534521371126,0.3764474645256996,0.0,0.556446498632431,0.10788466557860374,0.10755068808794022
27840,138.6875,0.09438703954219818,-0.0265163766220212,0.42733087837696077,0.0,0.5533122628927231,0.0994882419705391,0.09438703954219818
27850,134.6875,0.1091519370675087,-0.014389150217175484,0.14154217354953288,0.0,0.553851768374443,0.09885043762624264,0.1091519370675087
27860,144.78125,0.10807979106903076,-0.017527002654969693,0.5341467410326004,0.0,0.5568436115980149,0.10367775298655033,0.10807979106903076
27870,119.84375,0.10969231277704239,-0.04100590609014034,0.04792912974953652,0.0,0.5559291988611221,0.10159315764904023,0.10969231277704239
27880,115.3125,0.09375642985105515,-0.01405945373699069,0.35532674491405486,0.0,0.5558634221553802,0.09951288551092148,0.09375642985105515
27890,139.28125,0.10164918005466461,-0.018485965579748152,0.09934641723521054,0.0,0.550276905298233,0.09784723185002804,0.10164918005466461
27900,138.875,0.10143619775772095,-0.046785070654004814,0.016427933238446712,0.0,0.5552686899900436,0.10439703948795795,0.10143619775772095
27910,116.375,0.08335958421230316,-0.016653299704194068,0.11747606061398982,0.0,0.5547984093427658,0.09710112996399403,0.08335958421230316
27920,135.09375,0.08406029641628265,-0.02120072953402996,0.2931725263595581,0.0,0.5499476075172425,0.09762242957949638,0.08406029641628265
27930,110.75,0.042870160192251205,-0.01734482068568468,0.1429926373064518,0.0,0.5528903156518936,0.08289837744086981,0.042870160192251205
27940,111.9375,0.09034515172243118,-0.03560140980407596,0.06269704401493073,0.0,0.5546928614377975,0.07400400023907423,0.09034515172243118
27950,142.0,0.08104012906551361,-0.034271765127778055,0.014832769427448511,0.0,0.5550929844379425,0.08733913991600276,0.08104012906551361
27960,135.125,0.07071845233440399,-0.02456490872427821,0.05562645345926285,0.0,0.5549168050289154,0.084134067222476,0.07071845233440399
27970,127.9375,0.10239115357398987,-0.031116125546395777,0.016466029081493617,0.0,0.560080748796463,0.09941100925207139,0.10239115357398987
27980,134.875,0.11080124974250793,-0.02799922740086913,0.009443913726136089,0.0,0.5604901999235153,0.1083095021545887,0.11080124974250793
27990,131.5,0.0967693105340004,-0.005468481406569481,0.15264379978179932,0.0,0.5573755443096161,0.1064483594149351,0.0967693105340004
28000,140.84375,0.09833040088415146,-0.014197064284235238,0.16389101818203927,0.0,0.5582869708538055,0.10122784525156021,0.09833040088415146
28010,148.6875,0.10947193205356598,-0.020512627996504308,0.23224440664052964,0.0,0.558472192287445,0.10100249461829662,0.10947193205356598
28020,137.71875,0.0906376838684082,-0.019459956791251898,0.19391901418566704,0.0,0.5632113873958587,0.09827401749789715,0.0906376838684082
28030,90.5625,0.10281950235366821,-0.03274205196648836,0.2481206849217415,0.0,0.5632076531648635,0.09308382496237755,0.10281950235366821
28040,148.0,0.09953703731298447,-0.03922080807387829,0.04455807693302631,0.0,0.5608407407999039,0.09676087312400342,0.09953703731298447
28050,103.1875,0.0935344249010086,-0.01952345119789243,0.03312407555058598,0.0,0.5558099240064621,0.0796681435778737,0.0935344249010086
28060,117.0625,0.09384464472532272,-0.03411419540643692,0.2101490914821625,0.0,0.5568812191486359,0.08191586062312126,0.09384464472532272
28070,135.3125,0.10854437947273254,-0.020213671028614044,0.14434415102005005,0.0,0.5566496431827546,0.09075499661266803,0.10854437947273254
28080,112.65625,0.10955806076526642,-0.022269894368946552,0.3432991147041321,0.0,0.5568460792303085,0.0936028577387333,0.10955806076526642
28090,132.15625,0.09264978021383286,-0.017575739324092864,0.24694460183382033,0.0,0.5652145266532898,0.1035618681460619,0.09264978021383286
28100,113.03125,0.11332321166992188,-0.01649272395297885,0.09081840142607689,0.0,0.5595984578132629,0.10550837703049183,0.11332321166992188
28110,155.46875,0.11227962374687195,-0.015272156707942486,0.12749489918351173,0.0,0.5607985615730285,0.1076809048652649,0.11227962374687195
28120,132.125,0.10044853389263153,-0.0394946027547121,0.020598998479545116,0.0,0.5570317327976226,0.10453849732875824,0.10044853389263153
28130,147.71875,0.0978965014219284,-0.0015823164954781531,0.20165035203099252,0.0,0.5590174257755279,0.10217718370258808,0.0978965014219284
28140,127.375,0.09065715223550797,-0.01207435093820095,0.1966063231229782,0.0,0.5518462628126144,0.09192605577409267,0.09065715223550797
28150,138.40625,0.09857681393623352,-0.028950368613004686,0.19899713695049287,0.0,0.5513238847255707,0.098510018363595,0.09857681393623352
28160,128.03125,0.09255485981702805,-0.034833789058029654,0.043799929693341254,0.0,0.5517905533313752,0.09092781785875559,0.09255485981702805
28170,98.65625,0.07355225086212158,-0.013648774661123752,0.10305002480745315,0.0,0.5509427905082702,0.08248227871954442,0.07355225086212158
28180,122.21875,0.09746755659580231,-0.021176358126103877,0.22404439151287078,0.0,0.5487208008766175,0.07760674934834241,0.09746755659580231
28190,132.6875,0.09050620347261429,-0.026952929422259332,0.10641409792006015,0.0,0.5528584510087967,0.07855716180056334,0.09050620347261429
28200,157.40625,0.09466239809989929,-0.007081051589921117,0.147615647315979,0.0,0.5492841154336929,0.08672041036188602,0.09466239809989929
28210,138.1875,0.07864035665988922,-0.026778959296643735,0.12705775797367097,0.0,0.5519561767578125,0.08904782645404338,0.07864035665988922
28220,121.71875,0.10308677703142166,-0.017092063464224337,0.18622398748993874,0.0,0.5579405963420868,0.09295040592551232,0.10308677703142166
28230,150.5625,0.10457083582878113,-0.041142447106540206,0.01784745566546917,0.0,0.5541784882545471,0.09595854990184308,0.10457083582878113
28240,116.15625,0.09518937021493912,-0.022060964815318586,0.3266636446118355,0.0,0.5526400327682495,0.09651363231241702,0.09518937021493912
28250,129.375,0.10910145193338394,-0.018459036946296692,0.08994099330157042,0.0,0.5579608917236328,0.10095072519034147,0.10910145193338394
28260,133.4375,0.09927739202976227,-0.015356664173305034,0.19675191938877107,0.0,0.558799746632576,0.0980831403285265,0.09927739202976227
28270,112.5625,0.09610781073570251,-0.016891912370920182,0.2799805745482445,0.0,0.5508552134037018,0.09239149875938893,0.09610781073570251
28280,128.875,0.08530405163764954,-0.009408843982964755,0.44599569141864776,0.0,0.5536339014768601,0.09585868269205093,0.08530405163764954
28290,134.03125,0.07929512858390808,-0.026397489849478005,0.13997282981872558,0.0,0.5546345800161362,0.08951186835765838,0.07929512858390808
28300,128.21875,0.09707872569561005,0.0009852951392531396,0.11031702533364296,0.0,0.5559222310781479,0.09615341760218143,0.09707872569561005
28310,125.5625,0.10663150250911713,-0.03228545095771551,0.025480678677558898,0.0,0.5498436778783798,0.09423995427787304,0.10663150250911713
28320,130.84375,0.09918751567602158,-0.018716675601899622,0.2470974087715149,0.0,0.5494426697492599,0.09489407651126384,0.09918751567602158
28330,141.5,0.08965836465358734,-0.02340033045038581,0.3405446887016296,0.0,0.551498943567276,0.09020355008542538,0.08965836465358734
28340,142.625,0.07580970227718353,-0.02786545753479004,0.33606688529253004,0.0,0.5466245532035827,0.08554661273956299,0.07580970227718353
28350,112.15625,0.0746191069483757,-0.011071571428328753,0.1523281030356884,0.0,0.5527235418558121,0.08694417700171471,0.0746191069483757
28360,124.1875,0.10235201567411423,-0.008371375873684883,0.10726091265678406,0.0,0.5495975017547607,0.08902533128857612,0.10235201567411423
28370,132.5625,0.07699974626302719,-0.026298871263861656,0.4184630006551743,0.0,0.5537034898996354,0.09277631528675556,0.07699974626302719
28380,154.46875,0.07718387246131897,-0.016940754652023316,0.21397534087300302,0.0,0.5484068363904953,0.08522299975156784,0.07718387246131897
28390,99.34375,0.09387649595737457,-0.008888988755643368,0.3547107756137848,0.0,0.5471666932106019,0.08646781593561173,0.09387649595737457
28400,154.78125,0.08653554320335388,-0.020217430498450994,0.2923735901713371,0.0,0.5495428234338761,0.09343967996537686,0.08653554320335388
28410,125.4375,0.10131727904081345,-0.02725190024357289,0.011143654771149158,0.0,0.5490960985422134,0.08504289835691452,0.10131727904081345
28420,125.53125,0.06339266896247864,-0.0026341358199715613,0.3186324045062065,0.0,0.5521460503339768,0.0850192641839385,0.06339266896247864
28430,134.8125,0.0850486010313034,-0.01524022575467825,0.05135635118931532,0.0,0.5534995287656784,0.0898886937648058,0.0850486010313034
28440,125.0625,0.1053166389465332,-0.017319790460169314,0.10203751213848591,0.0,0.5515022784471512,0.098492731153965,0.1053166389465332
28450,131.5625,0.10075648128986359,-0.028041385300457477,0.07784812860190868,0.0,0.5539231121540069,0.09773388393223285,0.10075648128986359
28460,120.65625,0.09749136865139008,-0.01597245242446661,0.15130989402532577,0.0,0.5603601634502411,0.09443153031170368,0.09749136865139008
28470,118.5,0.09427428245544434,-0.019952480494976044,0.3364203155040741,0.0,0.5564562052488327,0.08897077515721322,0.09427428245544434
28480,132.21875,0.09982256591320038,-0.02388528101146221,0.13345949910581112,0.0,0.5538815885782242,0.08908339440822602,0.09982256591320038
28490,96.15625,0.07645376026630402,-0.016115317493677138,0.12438739761710167,0.0,0.5554134845733643,0.0890931835398078,0.07645376026630402
28500,145.75,0.09226159751415253,-0.025351889338344334,0.10179555267095566,0.0,0.5572829514741897,0.09098012335598468,0.09226159751415253
28510,148.59375,0.08743312209844589,-0.038144375383853915,0.023282438702881336,0.0,0.5586645275354385,0.09806369133293628,0.08743312209844589
28520,119.9375,0.10231127589941025,-0.02190356804057956,0.16837116181850434,0.0,0.5588216751813888,0.09420203641057015,0.10231127589941025
28530,155.75,0.10398717224597931,-0.023951621539890767,0.05998653769493103,0.0,0.5618838310241699,0.09462332408875226,0.10398717224597931
28540,130.75,0.07584448158740997,-0.05185093358159065,0.022611359879374505,0.0,0.5579802095890045,0.09302172772586345,0.07584448158740997
28550,133.84375,0.10818958282470703,-0.014206053875386714,0.2335476130247116,0.0,0.5616579294204712,0.09497203268110752,0.10818958282470703
28560,140.375,0.10957487672567368,-0.012963770143687724,0.44251519441604614,0.0,0.5649489551782608,0.10808137878775596,0.10957487672567368
28570,103.3125,0.09295952320098877,-0.023330787289887668,0.3145887926220894,0.0,0.5610502153635025,0.09730284921824932,0.09295952320098877
28580,133.9375,0.10425513237714767,-0.036627349071204664,0.022836818359792233,0.0,0.5604871034622192,0.09051444586366415,0.10425513237714767
28590,132.96875,0.08075219392776489,-0.04058512225747109,0.01312241293489933,0.0,0.5627566456794739,0.09263003207743167,0.08075219392776489
28600,145.6875,0.09870520234107971,-0.013111660536378623,0.06478899531066418,0.0,0.56258904337883,0.09848721865564584,0.09870520234107971
28610,120.40625,0.0779503583908081,-0.010732644703239202,0.11682459339499474,0.0,0.5621799349784851,0.09571597799658775,0.0779503583908081
28620,133.21875,0.09081625938415527,-0.02560683321207762,0.121692256629467,0.0,0.560256364941597,0.09070529639720917,0.09081625938415527
28630,133.28125,0.09166133403778076,-0.05441031251102686,0.02179492488503456,0.0,0.5650323450565338,0.09346592836081982,0.09166133403778076
28640,127.09375,0.10179989784955978,-0.02403837339952588,0.10728667229413986,0.0,0.5643430054187775,0.094699876755476,0.10179989784955978
28650,121.5625,0.1038639172911644,-0.014106239937245846,0.14677748829126358,0.0,0.5654465407133102,0.10526774451136589,0.1038639172911644
28660,141.9375,0.07366368174552917,-0.011512741167098283,0.041427345015108585,0.0,0.5700419455766678,0.09101479277014732,0.07366368174552917
28670,120.34375,0.09819523245096207,-0.02254935847595334,0.18923760801553727,0.0,0.5635716170072556,0.0839028099551797,0.09819523245096207
28680,140.34375,0.10181981325149536,-0.001261300127953291,0.22661599963903428,0.0,0.5645503640174866,0.09583951905369759,0.10181981325149536
28690,148.21875,0.11050336062908173,-0.01171132700983435,0.0898284673690796,0.0,0.5672995299100876,0.098198039829731,0.11050336062908173
28700,129.3125,0.09323566406965256,-0.02598510142415762,0.5062657445669174,0.0,0.5666507869958878,0.09557753764092922,0.09323566406965256
28710,150.84375,0.10191641747951508,-0.022920921072363855,0.18461650907993316,0.0,0.5653530985116959,0.10011869259178638,0.10191641747951508
28720,124.78125,0.10950184613466263,-0.019329869002103806,0.1323589116334915,0.0,0.567977637052536,0.09665161110460758,0.10950184613466263
28730,130.625,0.1018022894859314,-0.012790882959961891,0.35631721913814546,0.0,0.5704790711402893,0.10302248932421207,0.1018022894859314
28740,109.59375,0.07834416627883911,-0.013825634866952896,0.21696458011865616,0.0,0.5688101768493652,0.09583204202353954,0.07834416627883911
28750,147.90625,0.11817491799592972,-0.015458129812031984,0.2742874652147293,0.0,0.5692327409982681,0.11448806226253509,0.11817491799592972
28760,98.625,0.10403108596801758,-0.022534379735589027,0.12802431955933571,0.0,0.5684265106916427,0.10171503424644471,0.10403108596801758
28770,144.46875,0.1118546649813652,-0.01964835012331605,0.19472625255584716,0.0,0.564691236615181,0.10581193193793297,0.1118546649813652
28780,115.71875,0.10887899249792099,-0.019447739142924546,0.19766569659113883,0.0,0.5652152597904205,0.10504636280238629,0.10887899249792099
28790,144.4375,0.11241555213928223,-0.019176610419526695,0.27884214371442795,0.0,0.5667844712734222,0.104486970230937,0.11241555213928223
28800,135.8125,0.10685630142688751,-0.0009259171783924103,0.1651204977184534,0.0,0.5658904701471329,0.10557071007788181,0.10685630142688751
28810,107.40625,0.11835916340351105,-0.027249697595834732,0.07460488490760327,0.0,0.5678399980068207,0.1083269152790308,0.11835916340351105
28820,159.3125,0.10217714309692383,-0.024845955520868303,0.321715834736824,0.0,0.5628105700016022,0.10344131775200367,0.10217714309692383
28830,109.84375,0.053212329745292664,-0.0025721855461597444,0.052884599193930626,0.0,0.5592433869838714,0.08348171319812536,0.053212329745292664
28840,139.84375,0.1103636622428894,-0.013428079336881638,0.25085269659757614,0.0,0.5608688294887543,0.10531904958188534,0.1103636622428894
28850,138.875,0.09581424295902252,0.002826714888215065,0.1012578871101141,0.0,0.5679395288228989,0.10276026912033558,0.09581424295902252
28860,122.0625,0.1101677268743515,-0.01788974739611149,0.17547910213470458,0.0,0.5613186359405518,0.11169268600642682,0.1101677268743515
28870,146.6875,0.12039688974618912,-0.02038384638726711,0.0960666373372078,0.0,0.5625691443681717,0.1076537735760212,0.12039688974618912
28880,125.625,0.11953678727149963,-0.025289045460522176,0.03268027398735285,0.0,0.5655110895633697,0.10963945128023625,0.11953678727149963
28890,139.0,0.111002117395401,-0.01599310413002968,0.9622124552726745,0.0,0.5635786175727844,0.11062883511185646,0.111002117395401
28900,115.84375,0.10646083205938339,-0.017633692361414433,0.6203398048877716,0.0,0.5629786521196365,0.10457231774926186,0.10646083205938339
28910,153.40625,0.11249907314777374,-0.02890424830839038,0.4481818288564682,0.0,0.5654487282037735,0.10974463038146495,0.11249907314777374
28920,137.21875,0.10427668690681458,-0.01794078089296818,0.3548106625676155,0.0,0.56191086769104,0.10725439861416816,0.10427668690681458
28930,131.375,0.10831232368946075,-0.021061740908771755,0.35477998703718183,0.0,0.5599296599626541,0.10742919184267521,0.10831232368946075
28940,154.84375,0.10777004808187485,0.011642935778945684,0.187168388068676,0.0,0.5601845890283584,0.10244797058403492,0.10777004808187485
28950,136.25,0.09075857698917389,-0.023826550506055356,0.01498101046308875,0.0,0.5610764056444169,0.08933055624365807,0.09075857698917389
28960,132.09375,0.11204317957162857,-0.025108497776091098,0.043270069360733035,0.0,0.5608166784048081,0.10113422516733409,0.11204317957162857
28970,135.59375,0.10769692063331604,-0.041076704300940035,0.030964749120175838,0.0,0.5603456646203995,0.10188012942671776,0.10769692063331604
28980,141.6875,0.09363867342472076,-0.014354193210601806,0.12219437658786773,0.0,0.5561300188302993,0.09408072791993619,0.09363867342472076
28990,120.90625,0.10826603323221207,-0.023935935460031033,0.2441340610384941,0.0,0.5558024764060974,0.10561803951859475,0.10826603323221207
29000,135.28125,0.10503046959638596,-0.015212624706327916,0.2994914144277573,0.0,0.5624723076820374,0.10206936262547969,0.10503046959638596
29010,126.625,0.10756190121173859,-0.01717959959059954,0.33073517084121706,0.0,0.5587544471025467,0.1019522089511156,0.10756190121173859
29020,128.96875,0.10710032284259796,-0.017745389975607394,0.19616820216178893,0.0,0.5609303802251816,0.09694409258663654,0.10710032284259796
29030,148.0625,0.10950425267219543,-0.008894224278628826,0.14807808697223662,0.0,0.5629554182291031,0.10487324371933937,0.10950425267219543
29040,142.59375,0.09863927960395813,-0.020403811428695916,0.20910106599330902,0.0,0.5617980152368546,0.1013045359402895,0.09863927960395813
29050,129.96875,0.11040938645601273,-0.011051459051668645,0.08079447811469435,0.0,0.5546983510255814,0.1020344641059637,0.11040938645601273
29060,130.15625,0.10558532178401947,-0.02073683952912688,0.22043037861585618,0.0,0.5572250664234162,0.0920248631387949,0.10558532178401947
29070,157.15625,0.09265729784965515,-0.015712123876437546,0.12992555648088455,0.0,0.561192411184311,0.10187537111341953,0.09265729784965515
29080,129.1875,0.09593486040830612,-0.025479060225188734,0.14464173540472985,0.0,0.5557332277297974,0.0874756347388029,0.09593486040830612
29090,120.59375,0.09226475656032562,-0.02128572892397642,0.3851591914892197,0.0,0.5548154443502427,0.08280731718987226,0.09226475656032562
29100,124.6875,0.10096311569213867,-0.024497273471206428,0.3079756498336792,0.0,0.55627621114254,0.0866820428520441,0.10096311569213867
29110,108.0,0.07893644273281097,-0.01930500790476799,0.33382275700569153,0.0,0.5579111337661743,0.08892964981496335,0.07893644273281097
29120,146.09375,0.10671062767505646,-0.013240464078262449,0.21946976631879805,0.0,0.5583713203668594,0.08635844364762306,0.10671062767505646
29130,119.1875,0.10631203651428223,-0.01796360071748495,0.46187277138233185,0.0,0.5601223111152649,0.0996883075684309,0.10631203651428223
29140,145.0,0.09171275794506073,-0.010032961331307887,0.26218816041946413,0.0,0.5599546015262604,0.0991678323596716,0.09171275794506073
29150,127.46875,0.07735031843185425,-0.019945588894188404,0.2708059012889862,0.0,0.5573736131191254,0.08888624310493469,0.07735031843185425
29160,128.15625,0.08818450570106506,-0.01271890876814723,0.2784616559743881,0.0,0.5527895390987396,0.09147743135690689,0.08818450570106506
29170,132.5625,0.08570248633623123,-0.008216215297579765,0.023919045552611352,0.0,0.5578286945819855,0.0817292422056198,0.08570248633623123
29180,141.25,0.10534853488206863,-0.015417070314288139,0.06452526338398457,0.0,0.5551496714353561,0.0969031486660242,0.10534853488206863
29190,138.5625,0.08733150362968445,0.01293139336630702,0.03311710860580206,0.0,0.5571667462587356,0.092515854164958,0.08733150362968445
29200,120.09375,0.09557153284549713,-0.018622407503426076,0.23248107433319093,0.0,0.5533065378665925,0.08238644544035197,0.09557153284549713
29210,148.46875,0.10186655074357986,-0.017511562258005143,0.21294887661933898,0.0,0.5572706669569015,0.09807152561843395,0.10186655074357986
29220,116.9375,0.10839863121509552,-0.027997243404388427,0.07330106925219297,0.0,0.5586016565561295,0.09158934773877263,0.10839863121509552
29230,138.9375,0.09544119238853455,-0.02294357754290104,0.3112810179591179,0.0,0.5566058605909348,0.10284844860434532,0.09544119238853455
29240,114.5625,0.10295985639095306,-0.017695092596113682,0.3487883746623993,0.0,0.557858458161354,0.08969872444868088,0.10295985639095306
29250,161.3125,0.09292934089899063,-0.018984960950911046,0.12607263196259738,0.0,0.5594489723443985,0.10013182684779168,0.09292934089899063
29260,137.84375,0.10869260132312775,-0.01726396707817912,0.1814778544008732,0.0,0.5580688744783402,0.09436567202210426,0.10869260132312775
29270,129.8125,0.09702389687299728,-0.027876475546509027,0.14689376726746559,0.0,0.5581285268068313,0.09907736852765084,0.09702389687299728
29280,145.09375,0.10637472569942474,-0.04602056033909321,0.012701567076146603,0.0,0.5539401769638062,0.08950266279280186,0.10637472569942474
29290,137.3125,0.0885758027434349,-0.020026024803519248,0.07478800052776932,0.0,0.5563694447278976,0.09589460343122483,0.0885758027434349
29300,116.625,0.0954531580209732,-0.02565082684159279,0.38748952448368074,0.0,0.5535356312990188,0.08971715234220028,0.0954531580209732
29310,137.34375,0.09333515167236328,-0.03690560609102249,0.010293027572333812,0.0,0.556742250919342,0.08501777276396752,0.09333515167236328
29320,129.8125,0.08903151005506516,-0.006541824340820313,0.10698770880699157,0.0,0.5553426176309586,0.09457150399684906,0.08903151005506516
29330,131.0625,0.10047478973865509,-0.038017284497618674,0.020830322336405516,0.0,0.5582553178071976,0.08884000331163407,0.10047478973865509
29340,153.875,0.10051842033863068,-0.0025394595228135585,0.14147915467619895,0.0,0.5594824969768524,0.09186023902148008,0.10051842033863068
29350,117.21875,0.10052619874477386,-0.023371848464012145,0.5944505125284195,0.0,0.5552036970853805,0.0954092476516962,0.10052619874477386
29360,137.1875,0.08907236158847809,-0.00435117743909359,0.38554022908210756,0.0,0.5633357852697373,0.09707829020917416,0.08907236158847809
29370,118.0625,0.0845741480588913,-0.027734704315662384,0.08567276755347848,0.0,0.559411096572876,0.08634150139987469,0.0845741480588913
29380,131.0,0.09848015010356903,-0.015247644484043121,0.1346909672021866,0.0,0.5626799166202545,0.09441870003938675,0.09848015010356903
29390,100.90625,0.07492847740650177,-0.022985931299626828,0.39540433287620547,0.0,0.5587108075618744,0.08963933363556861,0.07492847740650177
29400,135.6875,0.06819885224103928,-0.0022795919328927996,0.14465380944311618,0.0,0.5618567109107971,0.09258939288556575,0.06819885224103928
29410,124.6875,0.09489136934280396,-0.012787745893001556,0.21581058204174042,0.0,0.5566710472106934,0.09263387285172939,0.09489136934280396
29420,123.4375,0.09611275792121887,-0.010606177942827344,0.23255395740270615,0.0,0.5588431656360626,0.09109459295868874,0.09611275792121887
29430,122.25,0.09890508651733398,-0.025220986269414426,0.40868847668170927,0.0,0.5547155648469925,0.09125538282096386,0.09890508651733398
29440,125.8125,0.09243106842041016,-0.010955565050244332,0.054307086020708085,0.0,0.5543989300727844,0.07602067738771438,0.09243106842041016
29450,155.0,0.10360568761825562,-0.03772756494581699,0.024554306454956532,0.0,0.5560249447822571,0.0928127259016037,0.10360568761825562
29460,122.8125,0.0963236391544342,-0.034047164209187034,0.46421687602996825,0.0,0.5546879559755326,0.09241324588656426,0.0963236391544342
29470,126.4375,0.09218433499336243,-0.02246646024286747,0.26413841247558595,0.0,0.555253991484642,0.08748129718005657,0.09218433499336243
29480,125.5625,0.09508226811885834,-0.026180060394108296,0.09259887002408504,0.0,0.5561194121837616,0.08296119179576636,0.09508226811885834
29490,136.40625,0.09815084934234619,-0.03427757839672267,0.021188070811331273,0.0,0.5559737265110016,0.08136303275823593,0.09815084934234619
29500,137.5625,0.10136695206165314,-0.03190830163657665,0.03604018092155457,0.0,0.5556579560041428,0.09249341674149036,0.10136695206165314
29510,136.125,0.09254322946071625,-0.04523579254746437,0.02676608944311738,0.0,0.55571328997612,0.09432092569768429,0.09254322946071625
29520,142.9375,0.0982300192117691,-0.024666993133723735,0.6900734454393387,0.0,0.5573888212442398,0.09869635403156281,0.0982300192117691
29530,145.46875,0.09839311242103577,-0.018015851266682148,0.5068406850099564,0.0,0.5610094279050827,0.09324486441910267,0.09839311242103577
29540,130.5625,0.10121063888072968,-0.019412034191191196,0.21493492126464844,0.0,0.5563540428876876,0.09841595813632012,0.10121063888072968
29550,157.875,0.0975029468536377,-0.021119946055114268,0.30006342828273774,0.0,0.55205839574337,0.09195120669901372,0.0975029468536377
29560,129.84375,0.07677530497312546,-0.013861921057105065,0.23402914106845857,0.0,0.5505591690540313,0.08606630023568869,0.07677530497312546
29570,136.90625,0.08713604509830475,-0.011856804136186838,0.09951268546283246,0.0,0.555741137266159,0.09525308832526207,0.08713604509830475
29580,124.75,0.08420480787754059,-0.026882621832191943,0.16818706169724465,0.0,0.5558195292949677,0.09233409985899925,0.08420480787754059
29590,133.34375,0.09728273749351501,-0.016361235454678536,0.26158812940120696,0.0,0.5574400335550308,0.09099185243248939,0.09728273749351501
29600,134.0625,0.09553885459899902,-0.028918462246656416,0.056881604809314014,0.0,0.554069647192955,0.08790021315217018,0.09553885459899902
29610,151.90625,0.09156298637390137,-0.021745271608233453,0.2244190588593483,0.0,0.5561518758535385,0.09243740364909173,0.09156298637390137
29620,107.3125,0.08408834040164948,-0.020653490209951997,0.24426464289426802,0.0,0.5570419639348984,0.09176492057740689,0.08408834040164948
29630,119.78125,0.07062375545501709,-0.019632612355053425,0.10435886643826961,0.0,0.5583604961633682,0.08532037362456321,0.07062375545501709
29640,135.34375,0.08345644176006317,-0.02821704000234604,0.11311164647340774,0.0,0.5506061553955078,0.08369446322321891,0.08345644176006317
29650,127.375,0.07599131762981415,-0.03715629084035754,0.01965327225625515,0.0,0.5583255648612976,0.0747617358341813,0.07599131762981415
29660,123.40625,0.1061955913901329,-0.017449335753917695,0.2904688253998756,0.0,0.5559175074100494,0.10183412209153175,0.1061955913901329
29670,133.84375,0.0861637219786644,-0.026572659611701965,0.2968123868107796,0.0,0.555701345205307,0.09854735918343067,0.0861637219786644
29680,137.3125,0.06764556467533112,0.010555423982441425,0.09610957093536854,0.0,0.5579468011856079,0.09643870145082474,0.06764556467533112
29690,109.75,0.08598649501800537,-0.006811701413244009,0.3704442664980888,0.0,0.554377818107605,0.1002817552536726,0.08598649501800537
29700,119.71875,0.10247726738452911,-0.029209740459918976,0.11106219068169594,0.0,0.5568779677152633,0.08980044350028038,0.10247726738452911
29710,126.75,0.0946049764752388,-0.026230859011411665,0.10286473482847214,0.0,0.5552729904651642,0.08994796536862851,0.0946049764752388
29720,141.4375,0.1034364253282547,-0.03381520863622427,0.25735503286123274,0.0,0.5576933145523071,0.1003277137875557,0.1034364253282547
29730,142.9375,0.10426846146583557,-0.019716132152825593,0.12757565081119537,0.0,0.5562286704778672,0.09693356193602085,0.10426846146583557
29740,120.9375,0.1155656948685646,-0.029664983227849006,0.45551190078258513,0.0,0.5552376478910446,0.10124353282153606,0.1155656948685646
29750,152.5,0.11816507577896118,-0.014144438505172729,0.018033881764858962,0.0,0.5622722238302231,0.11542395539581776,0.11816507577896118
29760,116.625,0.0769236609339714,-0.02096723821014166,0.12492218911647797,0.0,0.5580341756343842,0.10316462181508541,0.0769236609339714
29770,137.03125,0.10782492160797119,-0.0173025656491518,0.233799047768116,0.0,0.5574194252490997,0.1041771624237299,0.10782492160797119
29780,117.34375,0.1063520610332489,-0.011751496978104115,0.2605025485157967,0.0,0.5553340524435043,0.09879226014018058,0.1063520610332489
29790,155.09375,0.10037937015295029,-0.017766461428254842,0.07393094934523106,0.0,0.5567357212305069,0.10565656647086144,0.10037937015295029
29800,133.40625,0.10316547751426697,-0.020262140035629272,0.14981113076210023,0.0,0.557720598578453,0.10111336782574654,0.10316547751426697
29810,141.21875,0.10250819474458694,-0.019786487426608802,0.2446613699197769,0.0,0.5609216928482056,0.09497302658855915,0.10250819474458694
29820,128.21875,0.10137347877025604,-0.020050821267068385,0.13320416174829006,0.0,0.553979679942131,0.08474356885999441,0.10137347877025604
29830,137.75,0.08358848094940186,-0.012642018683254718,0.02566287750378251,0.0,0.5608840376138687,0.10085278190672398,0.08358848094940186
29840,142.59375,0.11457739770412445,-0.017785915173590183,0.11431059334427118,0.0,0.5541110128164292,0.09639805741608143,0.11457739770412445
29850,133.1875,0.1065424382686615,-0.02005483894608915,0.33938858807086947,0.0,0.5591386079788208,0.10260334424674511,0.1065424382686615
29860,146.5625,0.11110521852970123,-0.017401392757892608,0.45015150010585786,0.0,0.5554613053798676,0.10723188668489456,0.11110521852970123
29870,119.65625,0.09260912984609604,-0.02808501459658146,0.45307859480381013,0.0,0.5577968835830689,0.10383426249027253,0.09260912984609604
29880,130.59375,0.10273519903421402,-0.01762148439884186,0.20204565972089766,0.0,0.5533806473016739,0.09427817650139332,0.10273519903421402
29890,132.375,0.09145249426364899,-0.008875937014818192,0.10737426020205021,0.0,0.550227376818657,0.08975504022091627,0.09145249426364899
29900,137.90625,0.09032396972179413,-0.026165923103690147,0.018842585384845734,0.0,0.5544460564851761,0.09238491281867027,0.09032396972179413
29910,132.0625,0.0845109224319458,-0.010059703886508942,0.28667900785803796,0.0,0.5521584570407867,0.09670774526894092,0.0845109224319458
29920,127.0625,0.10125595331192017,-0.019982187915593384,0.3078433841466904,0.0,0.5576069325208663,0.09546822942793369,0.10125595331192017
29930,137.90625,0.10145831108093262,-0.008417611289769412,0.18474624529480935,0.0,0.5573007613420486,0.09485027566552162,0.10145831108093262
29940,145.6875,0.10565062612295151,-0.010287677310407162,0.13568087108433247,0.0,0.5547782391309738,0.09751012250781059,0.10565062612295151
29950,146.25,0.09534063935279846,-0.007646560482680797,0.2229219436645508,0.0,0.557237085700035,0.09891168288886547,0.09534063935279846
29960,117.28125,0.10143788903951645,-0.020361145213246345,0.31230988204479215,0.0,0.5497046619653702,0.09899809695780278,0.10143788903951645
29970,138.15625,0.09159539639949799,-0.022500362247228622,0.5348880410194397,0.0,0.5549041211605072,0.10250482335686684,0.09159539639949799
29980,120.1875,0.09075718373060226,-0.01765196621417999,0.23843666352331638,0.0,0.5547623544931412,0.0936831034719944,0.09075718373060226
29990,145.625,0.09469010680913925,-0.027186119696125388,0.46132065653800963,0.0,0.5521023839712143,0.09340701065957546,0.09469010680913925
30000,128.09375,0.09993661195039749,-0.0011922192759811878,0.0854648057371378,0.0,0.5548719972372055,0.08650694526731968,0.09993661195039749
