epoch,lifetime,reward_mean,policy_loss,value_loss,sym_loss,score_real__/full,score_fake__/full,disc_reward__/full
1,14.25,0.003938500769436359,0.20689206719398498,0.9987990379333496,1.2143499770900234e-05,0.0072594210505485535,0.015534750185906887,0.003938500769436359
10,12.5,-0.024977436289191246,-0.02155756503343582,0.22008115351200103,1.3515557839127723e-05,0.01113370961199204,0.02055405763288339,-0.024977436289191246
20,9.5,-0.03229999542236328,-0.022971491701900958,0.13731891214847564,1.462598011130467e-05,0.013069230038672686,0.02057076832279563,-0.03229999542236328
30,9.875,-0.028262559324502945,-0.022315463051199913,0.1712740033864975,1.1990281200269237e-05,0.013620070647448301,0.019298027828335763,-0.028262559324502945
40,10.8125,-0.031817417591810226,-0.01596909686923027,0.06510348245501518,1.3211918485467322e-05,0.014994252286851407,0.016395432967692615,-0.031817417591810226
50,13.4375,-0.04140685126185417,-0.02080290801823139,0.02556163929402828,1.136220816988498e-05,0.0163494105450809,0.015763372369110584,-0.04140685126185417
60,8.1875,-0.0351753905415535,-0.02061209939420223,0.040253492444753645,1.1296737102384214e-05,0.01867036856710911,0.01834516189992428,-0.0351753905415535
70,11.5625,-0.023096293210983276,-0.023209771513938902,0.037090453505516055,1.2553377928270493e-05,0.01966464389115572,0.01592325819656253,-0.023096293210983276
80,14.25,-0.03534531965851784,-0.020874876715242862,0.020511861145496368,1.3146362834959292e-05,0.021473218500614167,0.013410806749016046,-0.03534531965851784
90,9.375,-0.02728108875453472,-0.02094872444868088,0.023071899265050887,1.2281238559808116e-05,0.023288121446967125,0.014557570870965719,-0.02728108875453472
100,8.9375,-0.04423682764172554,-0.02114864569157362,0.019837957248091696,1.5627918037353085e-05,0.02530662976205349,0.014994437340646982,-0.04423682764172554
110,13.3125,-0.02525586634874344,-0.02015594020485878,0.010407244600355626,1.5867804177105426e-05,0.026804066635668276,0.012147009558975696,-0.02525586634874344
120,11.8125,-0.03645471855998039,-0.02465953752398491,0.010234597697854042,1.6133425378939138e-05,0.028625746630132197,0.012461536191403865,-0.03645471855998039
130,10.1875,-0.04158648103475571,-0.027316194400191306,0.016507800668478012,1.995904567593243e-05,0.03093611840158701,0.010178585420362651,-0.04158648103475571
140,11.5625,-0.04006968438625336,-0.024560915678739546,0.01357876118272543,2.113809641741682e-05,0.03257964681833982,0.009674772387370467,-0.04006968438625336
150,12.0,-0.03148984909057617,-0.02730062771588564,0.013702904805541039,2.2486735542770474e-05,0.03501207679510117,0.010068389819934964,-0.03148984909057617
160,12.5,-0.034106072038412094,-0.028559259325265884,0.016254896484315395,3.039014482055791e-05,0.03685753270983696,0.006747782649472356,-0.034106072038412094
170,14.375,-0.031122878193855286,-0.026001764833927153,0.013595606572926045,3.413864542380907e-05,0.03966120816767216,0.0030458322959020733,-0.031122878193855286
180,12.625,-0.041087131947278976,-0.024384932592511177,0.012383368611335755,3.356628149049356e-05,0.041229910030961034,0.0020105915958993138,-0.041087131947278976
190,12.4375,-0.036737699061632156,-0.023920953646302222,0.012166989035904408,3.177130784024484e-05,0.04275066070258617,0.000811162416357547,-0.036737699061632156
200,13.125,-0.04073850065469742,-0.029150255396962164,0.013736008293926716,5.002223770134151e-05,0.04618733003735542,-0.0003593751695007086,-0.04073850065469742
210,12.25,-0.047738708555698395,-0.026810600608587264,0.0184283547103405,5.4581237054662776e-05,0.047729549929499626,-0.0026839479804039003,-0.047738708555698395
220,15.1875,-0.038144562393426895,-0.021081206575036048,0.01917204149067402,6.415047391783446e-05,0.050411568209528926,-0.0030983073287643493,-0.038144562393426895
230,16.625,-0.04070659354329109,-0.025041044503450394,0.012925338186323642,5.736823077313602e-05,0.052549897134304045,-0.00766163133084774,-0.04070659354329109
240,13.1875,-0.03834225982427597,-0.027608275413513184,0.02101675756275654,6.899837026139722e-05,0.05479546524584293,-0.008294097054749728,-0.03834225982427597
250,14.125,-0.04623449966311455,-0.029955564811825753,0.011761672049760818,7.535238983109593e-05,0.05726663470268249,-0.011816106643527747,-0.04623449966311455
260,11.6875,-0.05780922994017601,-0.024746597185730933,0.010889158211648464,8.693252311786637e-05,0.0595067523419857,-0.012941037258133292,-0.05780922994017601
270,10.375,-0.054354339838027954,-0.02500893026590347,0.02312438189983368,8.942126441979781e-05,0.061743497475981714,-0.014317641500383615,-0.054354339838027954
280,9.0,-0.06389694660902023,-0.02803591899573803,0.03393402434885502,9.191206336254255e-05,0.06464276984333991,-0.016525403689593078,-0.06389694660902023
290,14.8125,-0.05546068772673607,-0.026581234484910964,0.019713399931788445,9.070436062756926e-05,0.06754752993583679,-0.019174516666680574,-0.05546068772673607
300,15.0,-0.05636070668697357,-0.028214864432811737,0.01592879295349121,0.00010074609017465263,0.06962055936455727,-0.019787138979882,-0.05636070668697357
310,13.25,-0.06916630268096924,-0.017690345272421838,0.23033676147460938,0.0001082067217794247,0.0719469927251339,-0.020613323897123337,-0.06916630268096924
320,14.0,-0.045650482177734375,-0.024833229929208757,0.02070203945040703,0.00011757513420889154,0.07487552911043167,-0.02088196389377117,-0.045650482177734375
330,14.0,-0.06815138459205627,-0.027300527691841124,0.01777762919664383,0.00012564943463075907,0.07644473016262054,-0.026810142770409585,-0.06815138459205627
340,9.8125,-0.07102051377296448,-0.019311590865254403,0.19413298070430757,0.00012318421504460276,0.07883268520236016,-0.024442338850349188,-0.07102051377296448
350,12.75,-0.06442631781101227,-0.023990942910313607,0.030104663968086243,0.00015561237232759596,0.08156484067440033,-0.024205115064978598,-0.06442631781101227
360,14.4375,-0.05703284591436386,-0.022468411922454835,0.1542457491159439,0.0001489940390456468,0.08317211493849755,-0.025423589162528515,-0.05703284591436386
370,13.25,-0.060773685574531555,-0.019877294823527337,0.022049517557024955,0.00016530189313925802,0.08617694154381753,-0.026187419332563876,-0.060773685574531555
380,15.0,-0.05931562930345535,-0.023461155779659747,0.016761803813278676,0.00013204387214500458,0.08753185793757438,-0.029477376118302347,-0.05931562930345535
390,14.125,-0.057749126106500626,-0.02655337266623974,0.09874407202005386,0.00015366520674433559,0.08997944965958596,-0.029172268696129322,-0.057749126106500626
400,11.5,-0.07949581742286682,-0.025025877403095365,0.043413204699754716,0.00017142229480668903,0.09201204553246498,-0.032349910400807855,-0.07949581742286682
410,10.8125,-0.07751584053039551,-0.019772017002105714,0.027274568006396292,0.00016456294397357852,0.09452774003148079,-0.031961137801408766,-0.07751584053039551
420,13.5625,-0.06528020650148392,-0.021519700810313225,0.09894500076770782,0.00017666190979070961,0.09565391391515732,-0.03145763464272022,-0.06528020650148392
430,13.375,-0.06031276285648346,-0.026192013919353486,0.02038150355219841,0.00017117650422733278,0.0983596310019493,-0.03089945763349533,-0.06031276285648346
440,14.25,-0.07322870194911957,-0.023561379685997964,0.08067615181207657,0.00016636216314509512,0.1001763217151165,-0.0316281333565712,-0.07322870194911957
450,11.375,-0.08464641869068146,-0.024370293691754343,0.10849954932928085,0.00016075836902018636,0.10224689319729804,-0.0343261344358325,-0.08464641869068146
460,16.8125,-0.06957820057868958,-0.026443592086434365,0.03981937393546105,0.00017172111838590354,0.10464873313903808,-0.03433823622763157,-0.06957820057868958
470,13.125,-0.06220289319753647,-0.02753758868202567,0.020624318346381187,0.0001428563758963719,0.10580410659313202,-0.03602650798857212,-0.06220289319753647
480,17.3125,-0.06669717282056808,-0.020079079642891885,0.15968497097492218,0.0001525621395558119,0.10784570574760437,-0.038728877902030945,-0.06669717282056808
490,11.8125,-0.08033140003681183,-0.027355115860700607,0.1630334347486496,0.00018105732742697002,0.10869893580675125,-0.037661812454462054,-0.08033140003681183
500,15.875,-0.05806484818458557,-0.025853727385401724,0.1065014898777008,0.00015996118017937988,0.11176616996526718,-0.039260150864720345,-0.05806484818458557
510,13.5625,-0.08522079885005951,-0.022664622962474824,0.09296365976333618,0.0001389581593684852,0.11358333230018616,-0.040143325366079806,-0.08522079885005951
520,13.5625,-0.07866966724395752,-0.027939071506261827,0.042796502262353896,0.00017410808359272779,0.11493545025587082,-0.044470451399683954,-0.07866966724395752
530,18.0,-0.05993211641907692,-0.024826589971780777,0.17178843170404434,0.00017864012625068426,0.11649352759122848,-0.03850147891789675,-0.05993211641907692
540,17.625,-0.07231905311346054,-0.02724820338189602,0.05856892988085747,0.00020600986608769744,0.11755345016717911,-0.046910136565566064,-0.07231905311346054
550,14.5625,-0.08568543195724487,-0.030455244705080986,0.06530877947807312,0.00016214015486184507,0.1181481845676899,-0.04607881158590317,-0.08568543195724487
560,16.875,-0.060250312089920044,-0.027328815683722495,0.04931740313768387,0.00018509340297896416,0.1192655734717846,-0.04657794870436192,-0.060250312089920044
570,16.875,-0.0700809583067894,-0.03144351840019226,0.08711206763982773,0.0001838373573264107,0.12130332887172698,-0.05099874883890152,-0.0700809583067894
580,15.3125,-0.07180199027061462,-0.025258255749940874,0.13361649811267853,0.00017367606051266193,0.12172878906130791,-0.04970986731350422,-0.07180199027061462
590,13.375,-0.08361921459436417,-0.030207081884145736,0.03146522156894207,0.00018563659978099167,0.12298014611005784,-0.05404322855174541,-0.08361921459436417
600,14.0,-0.07147487252950668,-0.031213489174842835,0.05253874585032463,0.00019238087406847626,0.12351334542036056,-0.052027168497443196,-0.07147487252950668
610,15.625,-0.08453508466482162,-0.026557354256510735,0.15684596598148345,0.00023094948555808515,0.1259058326482773,-0.05377127006649971,-0.08453508466482162
620,13.375,-0.09618011116981506,-0.02423760686069727,0.09431547224521637,0.00025112215080298484,0.12629541829228402,-0.05656310953199863,-0.09618011116981506
630,19.3125,-0.09776313602924347,-0.028953261859714984,0.18180519342422485,0.0002488981350325048,0.1280432313680649,-0.05726890787482262,-0.09776313602924347
640,13.1875,-0.09127140045166016,-0.030512767285108565,0.060318838059902194,0.0002442461554892361,0.12721430957317353,-0.0552974633872509,-0.09127140045166016
650,13.3125,-0.0881233662366867,-0.02515681814402342,0.042664891481399535,0.00023938103986438365,0.12885770052671433,-0.05500546172261238,-0.0881233662366867
660,19.9375,-0.08055862784385681,-0.029807230457663536,0.110336335003376,0.00023914337798487396,0.12962440699338912,-0.054931217432022096,-0.08055862784385681
670,10.9375,-0.0879698395729065,-0.02588263414800167,0.10069487541913986,0.0002999130985699594,0.1293347328901291,-0.056964854896068576,-0.0879698395729065
680,14.5625,-0.09240716695785522,-0.026379712298512457,0.20903267562389374,0.00028554431046359243,0.13108305782079696,-0.05500430725514889,-0.09240716695785522
690,12.5625,-0.10120190680027008,-0.027553338557481766,0.04683123230934143,0.0002998917072545737,0.1322524443268776,-0.058051380515098575,-0.10120190680027008
700,17.3125,-0.07410410046577454,-0.024342591315507887,0.125624418258667,0.0002778476744424552,0.13232142627239227,-0.058443828299641606,-0.07410410046577454
710,14.75,-0.07985692471265793,-0.032313867658376697,0.08176802098751068,0.00026158639811910687,0.13283425718545913,-0.06332608200609684,-0.07985692471265793
720,14.375,-0.09803879261016846,-0.027401450276374816,0.16252732872962952,0.0002670020388904959,0.133918921649456,-0.06098947003483772,-0.09803879261016846
730,13.5625,-0.09410639107227325,-0.02762568145990372,0.32784934639930724,0.00031506678205914793,0.13435689061880113,-0.06515712477266788,-0.09410639107227325
740,15.625,-0.10143090784549713,-0.028328264504671095,0.043868689239025115,0.00033561991876922547,0.13508271425962448,-0.06598770618438721,-0.10143090784549713
750,11.8125,-0.08851484209299088,-0.03222706783562899,0.07433795034885407,0.00029089050949551167,0.13507311046123505,-0.06669766157865524,-0.08851484209299088
760,14.0625,-0.09714020788669586,-0.027609953284263612,0.16865216493606566,0.0002950980269815773,0.1356165662407875,-0.07073528245091439,-0.09714020788669586
770,13.4375,-0.0924249216914177,-0.0329707283526659,0.18686919510364533,0.0002740678493864834,0.135594043135643,-0.07089886665344239,-0.0924249216914177
780,14.75,-0.09934049844741821,-0.030842460878193378,0.053606484085321426,0.0002770038321614265,0.13625748753547667,-0.0681532733142376,-0.09934049844741821
790,12.875,-0.11029835045337677,-0.020766041800379755,0.16594897508621215,0.00032950062886811794,0.136183063685894,-0.06951580494642258,-0.11029835045337677
800,12.9375,-0.10526394844055176,-0.028949905186891556,0.16353728771209716,0.00026794022414833307,0.13770776093006135,-0.06637519784271717,-0.10526394844055176
810,20.625,-0.08317489176988602,-0.02552478648722172,0.20963538587093353,0.0002622376661747694,0.13933950811624526,-0.06697808094322681,-0.08317489176988602
820,15.5625,-0.09700322151184082,-0.023837079852819444,0.09413917362689972,0.00023334634897764772,0.1388695567846298,-0.06703058890998363,-0.09700322151184082
830,13.6875,-0.10698874294757843,-0.025004592910408973,0.14860438406467438,0.00027663655928336086,0.14038633108139037,-0.0678222879767418,-0.10698874294757843
840,13.75,-0.1100209504365921,-0.027681879699230194,0.12875565588474275,0.00022278916148934513,0.14056648463010787,-0.06981487795710564,-0.1100209504365921
850,13.4375,-0.07210907340049744,-0.029023507982492446,0.05366036966443062,0.00021112477988936008,0.1411115363240242,-0.06734162904322147,-0.07210907340049744
860,14.25,-0.08667236566543579,-0.03303176946938038,0.10738297998905182,0.0002489177975803614,0.1414222702383995,-0.06654690429568291,-0.08667236566543579
870,17.9375,-0.07760448008775711,-0.02997330278158188,0.09389471262693405,0.0002633083146065474,0.1418088287115097,-0.0677925918251276,-0.07760448008775711
880,20.0,-0.06070426106452942,-0.028772356174886226,0.06741315275430679,0.00025569715071469543,0.14184005707502365,-0.06484549343585969,-0.06070426106452942
890,14.125,-0.09124696999788284,-0.03288527838885784,0.10784274339675903,0.00027482676669023933,0.14309675991535187,-0.06670315638184547,-0.09124696999788284
900,19.4375,-0.06627415120601654,-0.024431870505213737,0.06612729728221893,0.00020010393636766822,0.14459601789712906,-0.05512080267071724,-0.06627415120601654
910,17.25,-0.061295364052057266,-0.028350784629583358,0.055346178263425826,0.00017529078759253024,0.14525941908359527,-0.055215246975421906,-0.061295364052057266
920,20.0625,-0.05770733952522278,-0.027248785272240637,0.0467585489153862,0.0002347545902011916,0.14696911424398423,-0.04589632861316204,-0.05770733952522278
930,16.25,-0.061528123915195465,-0.023184140771627428,0.07628093212842942,0.0001998293533688411,0.14819285422563552,-0.052687103301286696,-0.061528123915195465
940,14.125,-0.07158064097166061,-0.024335538595914842,0.08447968810796738,0.0002370064292335883,0.14859772324562073,-0.04468363914638758,-0.07158064097166061
950,17.75,-0.05391867458820343,-0.026774999499320985,0.12346559315919876,0.00022766827314626425,0.14876864701509476,-0.04265505876392126,-0.05391867458820343
960,15.5625,-0.07270123064517975,-0.026343132182955743,0.08264806866645813,0.00023671875824220477,0.14811701476573944,-0.04228067956864834,-0.07270123064517975
970,22.75,-0.032439298927783966,-0.02745536994189024,0.07271776348352432,0.0002634540200233459,0.14987328201532363,-0.030885723512619735,-0.032439298927783966
980,16.125,-0.06910040974617004,-0.02328147701919079,0.11357838958501816,0.00026074768975377084,0.14984587877988814,-0.031266041286289695,-0.06910040974617004
990,19.6875,-0.039982207119464874,-0.0297520250082016,0.05300222337245941,0.0002694908704143018,0.15012964308261872,-0.03219575732946396,-0.039982207119464874
1000,12.125,-0.07675588876008987,-0.026797612197697163,0.06369400471448898,0.00030859928810968997,0.15027208030223846,-0.03749021310359239,-0.07675588876008987
1010,18.0625,-0.0419478677213192,-0.028222591057419776,0.08497693836688995,0.0003504084539599717,0.15080997496843337,-0.037346094474196435,-0.0419478677213192
1020,18.1875,-0.06689338386058807,-0.027072829008102418,0.0845097228884697,0.00033213578863069417,0.150294429063797,-0.0401538223028183,-0.06689338386058807
1030,22.5625,-0.061923760920763016,-0.027996866405010222,0.204294615983963,0.00037444802583195267,0.15191633701324464,-0.04281437322497368,-0.061923760920763016
1040,17.4375,-0.07866283506155014,-0.023495444655418397,0.05175611972808838,0.00036977375275455416,0.15143353044986724,-0.04394603166729212,-0.07866283506155014
1050,24.6875,-0.06892229616641998,-0.02932612635195255,0.1505144715309143,0.00038677105330862103,0.1520223692059517,-0.04553857333958149,-0.06892229616641998
1060,20.6875,-0.09969623386859894,-0.029011636972427368,0.11063518524169921,0.0003651197941508144,0.15110636949539186,-0.053279366344213486,-0.09969623386859894
1070,21.9375,-0.0680142343044281,-0.02610233873128891,0.038721124082803725,0.00040630523581057786,0.15191486477851868,-0.05132980532944202,-0.0680142343044281
1080,27.0,-0.08269894123077393,-0.021668815053999424,0.105645751953125,0.00041382185881957414,0.1513541266322136,-0.05686967261135578,-0.08269894123077393
1090,20.125,-0.06186051666736603,-0.028705019503831863,0.040108286589384076,0.000459387426963076,0.15166073739528657,-0.06011142842471599,-0.06186051666736603
1100,13.375,-0.08447577059268951,-0.02529461421072483,0.0774472713470459,0.0004041517968289554,0.1497983917593956,-0.06516343243420124,-0.08447577059268951
1110,28.5625,-0.09248823672533035,-0.02329454943537712,0.21641846597194672,0.0005025552120059729,0.15016828030347823,-0.06885664574801922,-0.09248823672533035
1120,21.25,-0.07374074310064316,-0.025693338364362717,0.1529885709285736,0.0005065912380814552,0.15018755197525024,-0.07086421884596347,-0.07374074310064316
1130,19.875,-0.09554096311330795,-0.02574855126440525,0.11577680557966233,0.00046127093955874445,0.15046292841434478,-0.07820520251989364,-0.09554096311330795
1140,18.8125,-0.09523601830005646,-0.027926989272236823,0.27346778810024264,0.0004689736932050437,0.1505726933479309,-0.0796626165509224,-0.09523601830005646
1150,23.6875,-0.07455489039421082,-0.020382236689329147,0.18108885884284973,0.00045993413077667357,0.14981651306152344,-0.08177798166871071,-0.07455489039421082
1160,21.0625,-0.1348094344139099,-0.022808754444122316,0.3565605044364929,0.0004400441248435527,0.14878392070531846,-0.08592189475893974,-0.1348094344139099
1170,18.75,-0.1057824045419693,-0.02884814888238907,0.3773802161216736,0.00040551123674958944,0.1495128020644188,-0.08695921450853347,-0.1057824045419693
1180,26.625,-0.10668081045150757,-0.024095628410577774,0.3633631467819214,0.0004895325400866568,0.1501184433698654,-0.09022845551371575,-0.10668081045150757
1190,25.6875,-0.09898556768894196,-0.028402796760201455,0.2064314752817154,0.00046194649767130615,0.14880712628364562,-0.09233329370617867,-0.09898556768894196
1200,19.75,-0.10200344026088715,-0.026433416455984116,0.18648763000965118,0.00041802081977948546,0.15017813593149185,-0.09287620261311531,-0.10200344026088715
1210,25.875,-0.09579229354858398,-0.026334198750555517,0.28912696838378904,0.00042788267019204794,0.14883484244346618,-0.09304029569029808,-0.09579229354858398
1220,26.5625,-0.09656773507595062,-0.02172883078455925,0.35465980768203736,0.0005091610946692526,0.14998387694358825,-0.09713951051235199,-0.09656773507595062
1230,19.6875,-0.11724187433719635,-0.02906939052045345,0.20571436285972594,0.0004330745490733534,0.1480070486664772,-0.09723825678229332,-0.11724187433719635
1240,19.1875,-0.11954957991838455,-0.026292834430933,0.28695157170295715,0.00040752485510893167,0.14816197752952576,-0.0963047280907631,-0.11954957991838455
1250,18.3125,-0.12789426743984222,-0.023385659046471118,0.3220158159732819,0.00043025131453759967,0.14756669998168945,-0.09643986150622368,-0.12789426743984222
1260,24.25,-0.10800321400165558,-0.018910036236047745,0.16162270307540894,0.0004730624204967171,0.1480712488293648,-0.09811781272292137,-0.10800321400165558
1270,19.125,-0.11991533637046814,-0.025270975753664972,0.2394453078508377,0.00040075276629067955,0.14803817719221116,-0.0970217116177082,-0.11991533637046814
1280,18.5,-0.10785919427871704,-0.026201574504375456,0.1745926856994629,0.0004556154482997954,0.14933535754680632,-0.09263254255056382,-0.10785919427871704
1290,17.125,-0.10819020122289658,-0.022141418978571893,0.17356709837913514,0.00041004603262990714,0.14928194433450698,-0.09111662432551385,-0.10819020122289658
1300,21.125,-0.11828245222568512,-0.0250418234616518,0.23108516931533812,0.00046685567940585315,0.1492849811911583,-0.09179629161953926,-0.11828245222568512
1310,22.25,-0.12225718796253204,-0.025336258113384247,0.15941362082958221,0.0004279122222214937,0.14834533631801605,-0.0868959181010723,-0.12225718796253204
1320,18.125,-0.11928172409534454,-0.022461720556020737,0.18844329714775085,0.0004195803194306791,0.14871052503585816,-0.08433348834514617,-0.11928172409534454
1330,29.0,-0.0914609283208847,-0.019389640912413596,0.22090458273887634,0.0004539010871667415,0.14813715368509292,-0.08708977550268174,-0.0914609283208847
1340,18.0,-0.09507808089256287,-0.026322527229785918,0.10869456678628922,0.0004208651662338525,0.14969212114810942,-0.08525830581784248,-0.09507808089256287
1350,15.0625,-0.11158706992864609,-0.0246469933539629,0.37807539105415344,0.00046280507813207806,0.15174455046653748,-0.08237952217459679,-0.11158706992864609
1360,19.0,-0.090816430747509,-0.027477393485605718,0.08717414289712906,0.0004954726551659405,0.15027182102203368,-0.07982591055333614,-0.090816430747509
1370,17.5625,-0.1057390421628952,-0.03159279525279999,0.2195236563682556,0.00047666299506090584,0.15160319358110427,-0.08037511333823204,-0.1057390421628952
1380,19.625,-0.082425057888031,-0.030549452267587186,0.11034981608390808,0.00045362599776126443,0.15315072238445282,-0.07542251795530319,-0.082425057888031
1390,17.6875,-0.10488655418157578,-0.02656385526061058,0.06003712415695191,0.0004033405566588044,0.15316417664289475,-0.07808189541101455,-0.10488655418157578
1400,15.9375,-0.08186537027359009,-0.02639760971069336,0.05809369534254074,0.00045659691095352174,0.15350243747234343,-0.07799246013164521,-0.08186537027359009
1410,20.0,-0.11012815684080124,-0.024049751460552216,0.15908550024032592,0.0004106301465071738,0.15529981553554534,-0.07715152651071548,-0.11012815684080124
1420,14.875,-0.09840542078018188,-0.025807357951998712,0.1305217444896698,0.00043605639366433023,0.15629628747701646,-0.07441215068101883,-0.09840542078018188
1430,23.0625,-0.0896223783493042,-0.026948656886816025,0.18623801469802856,0.0004592929151840508,0.15593921393156052,-0.07335105910897255,-0.0896223783493042
1440,21.4375,-0.09453050792217255,-0.024444347992539407,0.1462925612926483,0.0006185826612636447,0.158150315284729,-0.0749207779765129,-0.09453050792217255
1450,22.875,-0.07916486263275146,-0.026975665986537934,0.07385327965021134,0.000487782119307667,0.156692935526371,-0.07513832859694958,-0.07916486263275146
1460,14.9375,-0.09030531346797943,-0.026104265451431276,0.07406213879585266,0.0004896861268207431,0.15874427407979966,-0.0775221861898899,-0.09030531346797943
1470,18.375,-0.12112154066562653,-0.03086453378200531,0.11273389756679535,0.000452385691460222,0.16061212122440338,-0.07926646992564201,-0.12112154066562653
1480,18.125,-0.09433424472808838,-0.03274525254964829,0.11879278272390366,0.0005119469948112965,0.1591398149728775,-0.08021894842386246,-0.09433424472808838
1490,16.1875,-0.1229768842458725,-0.026391823962330817,0.1497205913066864,0.000503105588722974,0.15942397713661194,-0.07822396159172058,-0.1229768842458725
1500,19.625,-0.09818357229232788,-0.028248919546604155,0.13339388072490693,0.0005535278120078147,0.16121263504028321,-0.07608444206416606,-0.09818357229232788
1510,16.5,-0.10590393841266632,-0.02911603171378374,0.24482427537441254,0.0006394564872607589,0.1604926273226738,-0.07605880238115788,-0.10590393841266632
1520,25.75,-0.0832255557179451,-0.026735593751072883,0.13617147207260133,0.0006230092258192599,0.16119040846824645,-0.07463369406759739,-0.0832255557179451
1530,18.3125,-0.09547843039035797,-0.026803282275795936,0.1410128116607666,0.0006187477032653987,0.1602367103099823,-0.07878724262118339,-0.09547843039035797
1540,17.3125,-0.09849892556667328,-0.02963450439274311,0.10440738499164581,0.0005917849368415773,0.16329616457223892,-0.080529810115695,-0.09849892556667328
1550,17.3125,-0.10875335335731506,-0.026757330074906348,0.20781311094760896,0.0006214128574356437,0.16357614994049072,-0.0804269291460514,-0.10875335335731506
1560,18.625,-0.0839642882347107,-0.026005806773900984,0.07849425673484803,0.0006198251852765679,0.16212050318717958,-0.07769314423203469,-0.0839642882347107
1570,22.9375,-0.09809431433677673,-0.025995480082929134,0.15049377977848052,0.0007942623109556734,0.16195269227027892,-0.0772972621023655,-0.09809431433677673
1580,24.75,-0.10075832903385162,-0.030468079447746276,0.27804222106933596,0.0006901725777424872,0.16208469718694687,-0.07869418635964394,-0.10075832903385162
1590,20.6875,-0.08633363246917725,-0.025686125457286834,0.19618028104305268,0.0007176283048465848,0.16427456736564636,-0.07552484795451164,-0.08633363246917725
1600,21.9375,-0.08156321942806244,-0.022738756611943245,0.13969303369522096,0.0006823840085417032,0.16670426577329636,-0.07837477289140224,-0.08156321942806244
1610,20.5,-0.10323546826839447,-0.030316976457834245,0.08108742982149124,0.0007257823715917766,0.16401559114456177,-0.07988948673009873,-0.10323546826839447
1620,18.3125,-0.08724989742040634,-0.033407239243388176,0.04391743838787079,0.0007106564939022064,0.16335349380970002,-0.07869937308132649,-0.08724989742040634
1630,19.9375,-0.11838340759277344,-0.027783806994557382,0.19911490082740785,0.000848321511875838,0.16329012662172318,-0.08469772115349769,-0.11838340759277344
1640,18.3125,-0.09260004758834839,-0.030183085612952708,0.10930130183696747,0.0007402262184768915,0.16342209577560424,-0.07970401495695115,-0.09260004758834839
1650,18.1875,-0.09080420434474945,-0.025160338543355466,0.051290891319513324,0.0006717551965266466,0.16355008780956268,-0.08246182426810264,-0.09080420434474945
1660,25.0625,-0.1079334169626236,-0.02854782808572054,0.10388014614582061,0.0007766827940940857,0.16470955908298493,-0.08218110129237174,-0.1079334169626236
1670,16.75,-0.09068512171506882,-0.029288457706570625,0.11029089391231536,0.0007840367848984897,0.165057373046875,-0.08272851705551147,-0.09068512171506882
1680,16.9375,-0.10828672349452972,-0.027201722003519536,0.18314873576164245,0.0008394325384870171,0.16459430605173112,-0.08219079375267029,-0.10828672349452972
1690,20.625,-0.09220468252897263,-0.02433071993291378,0.12550559639930725,0.000684953888412565,0.16435563415288926,-0.0824912428855896,-0.09220468252897263
1700,15.625,-0.1174929291009903,-0.02779412269592285,0.10872612595558166,0.0008382570114918054,0.1635873556137085,-0.08131463080644608,-0.1174929291009903
1710,17.375,-0.10522257536649704,-0.027486258000135422,0.0882484719157219,0.0007076719775795937,0.16614585220813752,-0.0805426225066185,-0.10522257536649704
1720,16.375,-0.09223192930221558,-0.025586622953414916,0.25934761464595796,0.0009115831227973104,0.16461627036333085,-0.07969853281974792,-0.09223192930221558
1730,20.5,-0.10252511501312256,-0.031070496141910552,0.2101755976676941,0.0008035590522922576,0.16610532701015474,-0.07647127136588097,-0.10252511501312256
1740,24.0,-0.09052760899066925,-0.02993370182812214,0.15252150297164918,0.0009250268922187388,0.164423805475235,-0.07500231191515923,-0.09052760899066925
1750,16.3125,-0.0898393839597702,-0.02905063536018133,0.07359386831521988,0.0009184636990539729,0.16655813604593278,-0.07653373293578625,-0.0898393839597702
1760,26.25,-0.0937766581773758,-0.024544568732380867,0.12743412256240844,0.0009965828619897365,0.1667007490992546,-0.06832147510722279,-0.0937766581773758
1770,24.4375,-0.09604467451572418,-0.033986487053334714,0.22638878226280212,0.0011311814188957215,0.1683996081352234,-0.07634033411741256,-0.09604467451572418
1780,15.0,-0.10408429801464081,-0.03180181756615639,0.1328948587179184,0.0009955513523891568,0.16863296180963516,-0.07823158279061318,-0.10408429801464081
1790,14.8125,-0.09447154402732849,-0.026633337885141373,0.11748455464839935,0.0011459836503490805,0.16802227646112441,-0.07448115050792695,-0.09447154402732849
1800,21.1875,-0.07641211152076721,-0.025399673357605936,0.16208014786243438,0.0012138866586610675,0.16758799105882644,-0.07142361849546433,-0.07641211152076721
1810,16.5,-0.10356749594211578,-0.030277994088828565,0.17145110070705413,0.0012325637275353075,0.16773747503757477,-0.07878091782331467,-0.10356749594211578
1820,15.125,-0.09183432906866074,-0.02966400645673275,0.07093257009983063,0.0010935937752947211,0.16836379021406173,-0.08026040643453598,-0.09183432906866074
1830,22.5625,-0.06233584135770798,-0.027988526225090026,0.09326379746198654,0.001303904061205685,0.1700811430811882,-0.07431750372052193,-0.06233584135770798
1840,20.0625,-0.09313318133354187,-0.029883887991309165,0.17287307977676392,0.001179185905493796,0.16914956420660018,-0.079330063611269,-0.09313318133354187
1850,16.125,-0.10638630390167236,-0.0335135055705905,0.07596719563007355,0.0011115590343251825,0.16982818990945817,-0.08549093827605247,-0.10638630390167236
1860,18.375,-0.09201803058385849,-0.02926766946911812,0.10208266973495483,0.0013852478703483939,0.16886646449565887,-0.08447121754288674,-0.09201803058385849
1870,25.125,-0.08591695129871368,-0.030930574238300323,0.24077148139476776,0.0012172321090474724,0.1715507760643959,-0.08418284729123116,-0.08591695129871368
1880,19.9375,-0.08504192531108856,-0.027310609072446822,0.103788360953331,0.0012834521476179361,0.16981114745140075,-0.0834978349506855,-0.08504192531108856
1890,16.75,-0.11434945464134216,-0.031794223934412,0.09486228972673416,0.001300424337387085,0.17011972069740294,-0.08258918300271034,-0.11434945464134216
1900,23.0,-0.10497315227985382,-0.026846830174326895,0.2173832356929779,0.0012884709052741528,0.17055718153715133,-0.08293024152517318,-0.10497315227985382
1910,18.4375,-0.1141110435128212,-0.025978467985987665,0.2977312743663788,0.0012163549661636352,0.16861007809638978,-0.08339015766978264,-0.1141110435128212
1920,13.125,-0.10297022014856339,-0.032397540658712386,0.13113199025392533,0.0013935810653492807,0.17039572596549987,-0.08152416944503785,-0.10297022014856339
1930,14.8125,-0.09651721268892288,-0.03444634303450585,0.10976390838623047,0.0011951001593843102,0.16864360719919205,-0.08207873106002808,-0.09651721268892288
1940,22.125,-0.08469448983669281,-0.029080011881887913,0.07493394017219543,0.0014372434467077254,0.1691563084721565,-0.08144997283816338,-0.08469448983669281
1950,21.0625,-0.09827513992786407,-0.03031858876347542,0.12691309303045273,0.0012110900599509478,0.17108133286237717,-0.08345018364489079,-0.09827513992786407
1960,16.375,-0.09372055530548096,-0.028444519266486168,0.08146447241306305,0.0013456763233989477,0.17099041640758514,-0.08007574304938317,-0.09372055530548096
1970,17.9375,-0.11608405411243439,-0.025897004827857017,0.1895250618457794,0.0012912932084873318,0.17039280831813813,-0.0839424341917038,-0.11608405411243439
1980,19.625,-0.09560517966747284,-0.029000312276184558,0.16213352084159852,0.0012951832264661788,0.17179353684186935,-0.08274473324418068,-0.09560517966747284
1990,18.4375,-0.1130739226937294,-0.024476038850843908,0.11357144266366959,0.0013068360276520252,0.1709158629179001,-0.0842566356062889,-0.1130739226937294
2000,16.625,-0.13946101069450378,-0.027967451512813567,0.14552134573459624,0.001114088436588645,0.17232560217380524,-0.08934343308210373,-0.13946101069450378
2010,20.3125,-0.0895090252161026,-0.028963467106223106,0.11569455862045289,0.0014092919416725635,0.17135844230651856,-0.07904729023575782,-0.0895090252161026
2020,18.9375,-0.10216832160949707,-0.028024687618017196,0.1536067694425583,0.0013449641410261393,0.17132840007543565,-0.08327705636620522,-0.10216832160949707
2030,20.9375,-0.12844042479991913,-0.03207123801112175,0.12188291102647782,0.0013314884854480624,0.1706015333533287,-0.08411996178328991,-0.12844042479991913
2040,12.4375,-0.1346082091331482,-0.02957100085914135,0.17904402911663056,0.0014093398349359632,0.17183285802602768,-0.08695968091487885,-0.1346082091331482
2050,20.125,-0.10399124026298523,-0.027518509700894356,0.11955429762601852,0.0014808461302891374,0.17298721373081208,-0.07632942087948322,-0.10399124026298523
2060,19.875,-0.11595116555690765,-0.02313602976500988,0.14115175008773803,0.001414364855736494,0.1713591232895851,-0.0850968599319458,-0.11595116555690765
2070,24.125,-0.06540071219205856,-0.029995990730822087,0.1659465551376343,0.0015362396836280823,0.17148807942867278,-0.08170692548155785,-0.06540071219205856
2080,21.875,-0.08780248463153839,-0.026538186054676772,0.09166954755783081,0.0015618307050317525,0.1714877113699913,-0.08326435908675194,-0.08780248463153839
2090,24.1875,-0.07492803037166595,-0.029514808021485806,0.09598123580217362,0.0016861078329384327,0.17140379846096038,-0.08155926913022996,-0.07492803037166595
2100,24.4375,-0.10072240233421326,-0.02872832855209708,0.14016743898391723,0.0016439165687188507,0.1737148120999336,-0.08677626103162765,-0.10072240233421326
2110,18.0,-0.06952062994241714,-0.028570766746997833,0.056115897744894026,0.0017808222444728016,0.17190665602684022,-0.08030317202210427,-0.06952062994241714
2120,17.125,-0.1119309663772583,-0.027434127777814864,0.12952869832515718,0.0014579415787011386,0.1693125143647194,-0.08106030225753784,-0.1119309663772583
2130,20.5625,-0.08456339687108994,-0.025726906210184097,0.06392830610275269,0.0014425265602767468,0.17203324884176255,-0.08347735852003098,-0.08456339687108994
2140,19.0,-0.09387506544589996,-0.030723148956894875,0.15069812834262847,0.001438310812227428,0.16830587536096572,-0.0800401046872139,-0.09387506544589996
2150,19.0,-0.10790175199508667,-0.03172106631100178,0.1466444045305252,0.0013970225350931286,0.1715996578335762,-0.08519153073430061,-0.10790175199508667
2160,23.0,-0.1046309843659401,-0.028567899763584138,0.1655494213104248,0.0015421923017129302,0.17036517858505248,-0.08672368451952935,-0.1046309843659401
2170,23.75,-0.13162222504615784,-0.026684172078967096,0.3197524130344391,0.0012844983488321305,0.17137959003448486,-0.0800671212375164,-0.13162222504615784
2180,23.25,-0.12256735563278198,-0.023917337879538536,0.08549196720123291,0.0012469746172428132,0.17070917338132857,-0.08739609122276307,-0.12256735563278198
2190,19.0,-0.09065505862236023,-0.020054424926638604,0.05617455467581749,0.0015910800313577056,0.1707027941942215,-0.08222356140613556,-0.09065505862236023
2200,18.625,-0.11701251566410065,-0.023870938643813133,0.1792230188846588,0.0014485518680885435,0.16916946470737457,-0.09248892813920975,-0.11701251566410065
2210,15.375,-0.08729421347379684,-0.031887485086917876,0.0416019931435585,0.001478687417693436,0.16876812875270844,-0.07665288150310516,-0.08729421347379684
2220,17.0625,-0.10825204849243164,-0.02794682066887617,0.11192449480295182,0.0015285975765436887,0.1701311469078064,-0.08295480161905289,-0.10825204849243164
2230,19.75,-0.10365398973226547,-0.022466744855046274,0.16129522323608397,0.0016042887698858976,0.16971480548381807,-0.08624675273895263,-0.10365398973226547
2240,22.4375,-0.10137665271759033,-0.027813642844557764,0.08901178389787674,0.0015001652529463172,0.16967932283878326,-0.08674782663583755,-0.10137665271759033
2250,21.75,-0.10030803084373474,-0.02746542952954769,0.12415639460086822,0.0014586964156478644,0.1690267115831375,-0.08522391542792321,-0.10030803084373474
2260,14.0,-0.11301678419113159,-0.03158349189907313,0.08905215263366699,0.0013569847447797655,0.1705940544605255,-0.07925365790724755,-0.11301678419113159
2270,16.3125,-0.08216279745101929,-0.027511638775467872,0.07786201536655427,0.001639443961903453,0.17060474455356597,-0.08537890985608101,-0.08216279745101929
2280,13.0,-0.14551454782485962,-0.031434718146920206,0.11265103667974471,0.0014806607505306602,0.16949517726898194,-0.08910326883196831,-0.14551454782485962
2290,16.3125,-0.11229944229125977,-0.0279043585062027,0.06942180693149566,0.0016677071806043386,0.1709652930498123,-0.08530766069889069,-0.11229944229125977
2300,16.6875,-0.09411250054836273,-0.031777987629175185,0.06425712257623672,0.0016125721158459783,0.1689726158976555,-0.08780193626880646,-0.09411250054836273
2310,17.75,-0.12999585270881653,-0.036037396639585495,0.15067537426948546,0.0017396531766280532,0.167643703520298,-0.0928416095674038,-0.12999585270881653
2320,19.3125,-0.12148652970790863,-0.03074451982975006,0.1244451254606247,0.0015622570179402828,0.16657717525959015,-0.09330237433314323,-0.12148652970790863
2330,18.375,-0.1525578498840332,-0.02927601560950279,0.29023186564445497,0.0015172072919085622,0.16822746247053147,-0.09976122453808785,-0.1525578498840332
2340,14.125,-0.10777071863412857,-0.02906721383333206,0.08773988634347915,0.0016011416213586927,0.16645591855049133,-0.094634860008955,-0.10777071863412857
2350,18.4375,-0.1098756194114685,-0.02545779198408127,0.10614737123250961,0.0016217403812333942,0.16286099702119827,-0.09749654531478882,-0.1098756194114685
2360,15.75,-0.13906429708003998,-0.035216567479074,0.07484997659921647,0.0016372964950278402,0.16356153786182404,-0.10371591225266456,-0.13906429708003998
2370,21.0625,-0.11343522369861603,-0.029821630194783212,0.07033716440200806,0.0016204829793423415,0.16352767944335939,-0.10474277287721634,-0.11343522369861603
2380,26.75,-0.085161492228508,-0.02514034081250429,0.08206535130739212,0.001589002413675189,0.16329868882894516,-0.10452048480510712,-0.085161492228508
2390,21.25,-0.1089458018541336,-0.026139675080776213,0.12799462527036667,0.001650664838962257,0.1629812553524971,-0.10387418419122696,-0.1089458018541336
2400,16.0625,-0.1321130245923996,-0.026165103912353514,0.10213698595762252,0.0014292663428932429,0.16220111548900604,-0.10616306960582733,-0.1321130245923996
2410,18.9375,-0.10495670139789581,-0.03350731655955315,0.06473038941621781,0.0015127778751775622,0.16218312680721284,-0.10189599692821502,-0.10495670139789581
2420,22.8125,-0.0927385538816452,-0.028597279451787472,0.06455783098936081,0.0016135595738887786,0.16143829077482225,-0.10612290725111961,-0.0927385538816452
2430,15.5625,-0.14182929694652557,-0.023022840917110442,0.10329862087965011,0.0013764523435384035,0.16220981627702713,-0.10258312076330185,-0.14182929694652557
2440,21.1875,-0.08234520256519318,-0.02667498365044594,0.05077354311943054,0.0015384034486487508,0.16495778411626816,-0.09913684725761414,-0.08234520256519318
2450,19.0,-0.11179459095001221,-0.029575958847999573,0.10020656883716583,0.0012749823974445463,0.16139294505119323,-0.09741039834916591,-0.11179459095001221
2460,14.8125,-0.1287999153137207,-0.028288108855485918,0.10331856608390808,0.0014365567592903971,0.16309179365634918,-0.10151101648807526,-0.1287999153137207
2470,20.6875,-0.09699027240276337,-0.02445151414722204,0.07059488147497177,0.0014699173858389258,0.16326334923505784,-0.09600880667567253,-0.09699027240276337
2480,22.25,-0.15598344802856445,-0.027892441675066947,0.16902166306972505,0.0012947882991284133,0.16472834646701812,-0.09710220023989677,-0.15598344802856445
2490,20.9375,-0.1040629893541336,-0.029663778096437454,0.1816720187664032,0.0012878866167739035,0.16460044533014298,-0.09010627865791321,-0.1040629893541336
2500,19.8125,-0.11643234640359879,-0.03162629622966051,0.1021902620792389,0.0013104062527418137,0.16341118216514589,-0.08795025944709778,-0.11643234640359879
2510,16.0,-0.13218307495117188,-0.03125462308526039,0.09953100383281707,0.0011627598898485303,0.16394426822662353,-0.09372213929891586,-0.13218307495117188
2520,20.8125,-0.09650158882141113,-0.028903618082404138,0.06145505607128143,0.0013061685254797339,0.1671901062130928,-0.08021750897169114,-0.09650158882141113
2530,22.0625,-0.11533285677433014,-0.035466158762574196,0.14118890911340715,0.001269672717899084,0.16635214537382126,-0.07997534945607185,-0.11533285677433014
2540,22.0625,-0.11121074110269547,-0.034672983642667535,0.0985466256737709,0.0012715887045487762,0.16717347055673598,-0.08740483298897743,-0.11121074110269547
2550,19.0625,-0.09769673645496368,-0.028402669727802275,0.08265779167413712,0.0012256104731932283,0.16740555465221404,-0.0793844435364008,-0.09769673645496368
2560,18.0625,-0.09574072062969208,-0.024685001000761986,0.0893539771437645,0.001317759766243398,0.16894421130418777,-0.08232888132333756,-0.09574072062969208
2570,19.0,-0.09845031797885895,-0.03151693716645241,0.06129084005951881,0.0012972764670848846,0.16795880496501922,-0.0857509769499302,-0.09845031797885895
2580,25.125,-0.0851871520280838,-0.02427292466163635,0.19339214861392975,0.0014099402353167534,0.1701018750667572,-0.08112421557307244,-0.0851871520280838
2590,18.6875,-0.1385471522808075,-0.03104100525379181,0.1055398315191269,0.001227880991064012,0.16933555752038956,-0.08907295539975166,-0.1385471522808075
2600,18.125,-0.10026369988918304,-0.03226386718451977,0.04045277312397957,0.0012516320683062076,0.17082976251840593,-0.0814010664820671,-0.10026369988918304
2610,22.5,-0.11513786017894745,-0.028819368779659273,0.20604387819766998,0.0013928062282502652,0.17101916819810867,-0.0872398242354393,-0.11513786017894745
2620,23.4375,-0.10843057930469513,-0.03174851685762405,0.12060363441705704,0.0013112474465742708,0.1702255293726921,-0.08649582043290138,-0.10843057930469513
2630,18.3125,-0.07025783509016037,-0.03494037427008152,0.056943035870790484,0.0013149970211088658,0.17004936933517456,-0.09112755544483661,-0.07025783509016037
2640,15.5,-0.16505062580108643,-0.03656629882752895,0.08644836843013763,0.0013352877693250775,0.1705504134297371,-0.09052883945405484,-0.16505062580108643
2650,21.8125,-0.08280715346336365,-0.030655736476182936,0.13072620034217836,0.0012687769951298833,0.171149443089962,-0.08884733244776725,-0.08280715346336365
2660,15.8125,-0.1213945671916008,-0.03207670375704765,0.3440880060195923,0.0012514995411038398,0.17153066247701645,-0.09401578828692436,-0.1213945671916008
2670,16.1875,-0.13752128183841705,-0.0326240848749876,0.20813058018684388,0.0013301560888066889,0.1710776701569557,-0.09082846790552139,-0.13752128183841705
2680,23.75,-0.1336110532283783,-0.03082294799387455,0.07716311365365983,0.001128369220532477,0.1721075415611267,-0.09097532257437706,-0.1336110532283783
2690,18.5625,-0.10452905297279358,-0.024631002545356752,0.08207385689020157,0.0013027675915509463,0.17159262150526047,-0.09096694141626357,-0.10452905297279358
2700,20.5625,-0.0869302749633789,-0.036819325760006905,0.09502295851707458,0.0014301640680059791,0.17164215445518494,-0.09764700308442116,-0.0869302749633789
2710,24.875,-0.09858307242393494,-0.029014742374420165,0.046683643758296964,0.0010761112440377473,0.1717784509062767,-0.0968374602496624,-0.09858307242393494
2720,27.125,-0.09373742341995239,-0.036939576268196106,0.042592068761587144,0.0011711377184838057,0.17116007059812546,-0.09041781201958657,-0.09373742341995239
2730,29.875,-0.12075565755367279,-0.03155009932816029,0.0725292682647705,0.0011655468959361314,0.17053004801273347,-0.09087423346936703,-0.12075565755367279
2740,20.0625,-0.10273391753435135,-0.027937339246273042,0.04632648304104805,0.0011402767151594162,0.17052726745605468,-0.09656936526298524,-0.10273391753435135
2750,22.375,-0.1295545995235443,-0.03265617676079273,0.05771685391664505,0.001177029311656952,0.1703355848789215,-0.09971022233366966,-0.1295545995235443
2760,24.8125,-0.11488509178161621,-0.0328596156090498,0.07217119634151459,0.0011067711282521486,0.1690000593662262,-0.09840893223881722,-0.11488509178161621
2770,23.4375,-0.14698202908039093,-0.03434672597795725,0.09276428371667862,0.001265016640536487,0.17019269168376921,-0.10169181749224662,-0.14698202908039093
2780,17.25,-0.12409155070781708,-0.03451415952295065,0.19480664134025574,0.0012662827735766768,0.16960531026124953,-0.1061662957072258,-0.12409155070781708
2790,22.3125,-0.09453403949737549,-0.027080336958169936,0.04313422292470932,0.0013090108521282672,0.17085401266813277,-0.10195869952440262,-0.09453403949737549
2800,27.625,-0.08862277865409851,-0.0331106711179018,0.11831146031618119,0.0012127108173444867,0.16885986030101777,-0.10211943164467811,-0.08862277865409851
2810,32.3125,-0.08989018201828003,-0.024005552753806114,0.05653956308960915,0.0012925491435453295,0.16958604902029037,-0.10363784655928612,-0.08989018201828003
2820,26.0,-0.11871470510959625,-0.033309828490018845,0.08149470388889313,0.0012493675807490946,0.16773101538419724,-0.11394137665629386,-0.11871470510959625
2830,22.6875,-0.11020085960626602,-0.02451112400740385,0.11174924522638321,0.001224054442718625,0.16833217591047286,-0.1064294420182705,-0.11020085960626602
2840,21.4375,-0.11397483944892883,-0.025195482838898896,0.0608414925634861,0.0011390806874260306,0.1670288249850273,-0.10731197893619537,-0.11397483944892883
2850,28.0,-0.09060472249984741,-0.031967956200242044,0.05496528670191765,0.001340880012139678,0.16848739832639695,-0.10468706861138344,-0.09060472249984741
2860,25.6875,-0.10345043987035751,-0.026465322636067868,0.052073056995868686,0.0012030050158500672,0.16756560355424882,-0.10443438589572906,-0.10345043987035751
2870,26.9375,-0.11517694592475891,-0.029678556323051452,0.08127780109643937,0.0011993551626801491,0.1679789498448372,-0.10272100046277047,-0.11517694592475891
2880,25.0625,-0.14459222555160522,-0.03053998351097107,0.14794606268405913,0.0012516594724729657,0.1669558346271515,-0.11241205856204033,-0.14459222555160522
2890,28.0,-0.09849324822425842,-0.027458231896162033,0.0613577127456665,0.001338809938170016,0.1678774744272232,-0.09825827702879905,-0.09849324822425842
2900,19.5,-0.10000846534967422,-0.028832207061350347,0.13192808032035827,0.0013513449113816023,0.16655395925045013,-0.10523279011249542,-0.10000846534967422
2910,28.125,-0.10755877941846848,-0.031644869968295096,0.10774492174386978,0.001507029659114778,0.16661736220121384,-0.09664053060114383,-0.10755877941846848
2920,31.4375,-0.11957866698503494,-0.0309666158631444,0.11945332884788513,0.0015048642177134751,0.1653964102268219,-0.09961870238184929,-0.11957866698503494
2930,30.75,-0.09955231845378876,-0.029672765359282493,0.11152016520500183,0.0014887164579704404,0.1671323835849762,-0.10195420533418656,-0.09955231845378876
2940,31.8125,-0.10165044665336609,-0.034138673543930055,0.0298164289444685,0.0014589958358556033,0.16550474613904953,-0.09644939750432968,-0.10165044665336609
2950,23.5625,-0.10469066351652145,-0.034118582494556904,0.07228656858205795,0.001486847223713994,0.16324233263731003,-0.09802445843815803,-0.10469066351652145
2960,27.875,-0.1032552570104599,-0.03631750866770744,0.07692876905202865,0.0013981521129608153,0.16474869549274446,-0.09985613524913788,-0.1032552570104599
2970,23.0,-0.08670714497566223,-0.03243061974644661,0.12207100242376327,0.0013915343442931771,0.16328712403774262,-0.09847620353102685,-0.08670714497566223
2980,30.5,-0.11433430016040802,-0.03663611523807049,0.0825980082154274,0.0016986637376248837,0.16390548944473265,-0.09919066056609153,-0.11433430016040802
2990,21.875,-0.13873519003391266,-0.03243774697184563,0.08629345297813415,0.0016073396895080806,0.16474620401859283,-0.10378074124455453,-0.13873519003391266
3000,25.875,-0.1246083527803421,-0.03323196955025196,0.10035054236650467,0.001375062996521592,0.16444123089313506,-0.1076088860630989,-0.1246083527803421
3010,30.3125,-0.10492435097694397,-0.030107061564922332,0.12472432851791382,0.001689097797498107,0.16486580520868302,-0.09805895313620568,-0.10492435097694397
3020,34.4375,-0.09897128492593765,-0.03803632967174053,0.10049249529838562,0.0016324996016919614,0.16387763023376464,-0.09933926537632942,-0.09897128492593765
3030,32.5625,-0.15633803606033325,-0.036551586166024205,0.12297805696725846,0.0016890836879611016,0.16319445967674256,-0.1105473779141903,-0.15633803606033325
3040,33.25,-0.13556085526943207,-0.03374794274568558,0.06863931715488433,0.0015427411533892154,0.16310883909463883,-0.10882373750209809,-0.13556085526943207
3050,22.8125,-0.10031222552061081,-0.030954126827418806,0.04778182506561279,0.0014189301058650018,0.16303390115499497,-0.10429590940475464,-0.10031222552061081
3060,23.875,-0.13026213645935059,-0.03233555667102337,0.1324249118566513,0.0015220051864162087,0.16196088194847108,-0.10500023066997528,-0.13026213645935059
3070,28.0625,-0.13283157348632812,-0.03351409323513508,0.05406143441796303,0.0014652403537184,0.16242456883192063,-0.10941385999321937,-0.13283157348632812
3080,20.75,-0.11177291721105576,-0.03645049035549164,0.10021084994077682,0.0016177833545953034,0.1622560739517212,-0.10873963311314583,-0.11177291721105576
3090,22.9375,-0.1484553962945938,-0.03463840298354626,0.1047202005982399,0.0015579224564135075,0.163268281519413,-0.1107363186776638,-0.1484553962945938
3100,30.25,-0.179045170545578,-0.026720422506332397,0.19635285139083863,0.0014309428865090013,0.16337198466062547,-0.12014673128724099,-0.179045170545578
3110,28.75,-0.11693941801786423,-0.03561566919088364,0.07771151661872863,0.0016469962196424604,0.1630057394504547,-0.11174038723111153,-0.11693941801786423
3120,26.75,-0.10647740960121155,-0.032872724905610086,0.08872932046651841,0.0015552876051515342,0.16206901520490646,-0.12005304917693138,-0.10647740960121155
3130,32.3125,-0.11196722090244293,-0.037236372195184234,0.0843664288520813,0.0017906560562551022,0.16096705943346024,-0.12404567748308182,-0.11196722090244293
3140,28.6875,-0.10567515343427658,-0.03595615290105343,0.10105243921279908,0.0014886731514707208,0.16101785749197006,-0.12697436437010765,-0.10567515343427658
3150,28.375,-0.1282179355621338,-0.032881849259138105,0.06601533591747284,0.0019169831648468971,0.16030344367027283,-0.13197724819183348,-0.1282179355621338
3160,37.625,-0.13912071287631989,-0.02721520997583866,0.06565872728824615,0.0015001972671598196,0.15932042449712752,-0.125334944576025,-0.13912071287631989
3170,31.5,-0.10306061059236526,-0.0333917947486043,0.10947382003068924,0.0015895506134256721,0.159820756316185,-0.11854736432433129,-0.10306061059236526
3180,35.8125,-0.10452040284872055,-0.03682362958788872,0.07134084701538086,0.0016643419396132231,0.16104462146759033,-0.1226766973733902,-0.10452040284872055
3190,38.875,-0.11036737263202667,-0.026265614479780198,0.13357090950012207,0.0015239908825606108,0.15839127600193023,-0.11515294089913368,-0.11036737263202667
3200,36.4375,-0.08301235735416412,-0.02981199845671654,0.1431083858013153,0.0017176831606775522,0.1578898936510086,-0.12318254634737968,-0.08301235735416412
3210,30.625,-0.1637515425682068,-0.03664661124348641,0.16821441948413848,0.0016389868455007673,0.15830420702695847,-0.12902472019195557,-0.1637515425682068
3220,28.9375,-0.1380545049905777,-0.031176014989614486,0.16444982290267945,0.0013167289551347494,0.15809585601091386,-0.1234033614397049,-0.1380545049905777
3230,25.5625,-0.1246236264705658,-0.033606139570474626,0.11849455088376999,0.0016349299112334847,0.159094175696373,-0.11737090721726418,-0.1246236264705658
3240,30.125,-0.12102320790290833,-0.03578073456883431,0.07558707743883133,0.001674641203135252,0.15796906054019927,-0.13129109069705008,-0.12102320790290833
3250,28.4375,-0.1256292760372162,-0.03894575498998165,0.09225377291440964,0.0015878078294917942,0.15793066918849946,-0.12729332521557807,-0.1256292760372162
3260,34.125,-0.14671196043491364,-0.034414879977703094,0.14381567537784576,0.0015559181571006774,0.1578613743185997,-0.12864684760570527,-0.14671196043491364
3270,35.5,-0.14376071095466614,-0.03118359446525574,0.0961576133966446,0.0016328113153576851,0.15684178918600084,-0.13292805328965188,-0.14376071095466614
3280,28.0,-0.10769686847925186,-0.031318047642707826,0.08077667653560638,0.0019188353326171637,0.15810042172670363,-0.13261449560523034,-0.10769686847925186
3290,37.1875,-0.15912702679634094,-0.03274544440209866,0.13217953145503997,0.0014937653206288815,0.15798154920339585,-0.131850778311491,-0.15912702679634094
3300,30.4375,-0.12957915663719177,-0.03335019201040268,0.05253246203064919,0.0014901019865646958,0.15732279121875764,-0.12688755765557289,-0.12957915663719177
3310,27.25,-0.12476736307144165,-0.03195827286690474,0.0956672802567482,0.0016964864451438188,0.1570514053106308,-0.13314519450068474,-0.12476736307144165
3320,27.0625,-0.17751342058181763,-0.037387692183256147,0.15178515315055846,0.0014871921157464385,0.15672461688518524,-0.13567585721611977,-0.17751342058181763
3330,21.0625,-0.1556304693222046,-0.03195541333407163,0.06585983783006669,0.0016505640698596836,0.1548262283205986,-0.13452206626534463,-0.1556304693222046
3340,30.6875,-0.13019028306007385,-0.031361022219061854,0.08567011505365371,0.0015742680057883262,0.15698627531528472,-0.13161950930953026,-0.13019028306007385
3350,35.6875,-0.10726767033338547,-0.026179861277341843,0.11375809162855148,0.0017544405767694117,0.15693923383951186,-0.12900588884949685,-0.10726767033338547
3360,32.8125,-0.12957735359668732,-0.03337869122624397,0.061244499683380124,0.001589728589169681,0.15586017519235612,-0.133904517441988,-0.12957735359668732
3370,23.0,-0.14117497205734253,-0.03613222669810057,0.0655793897807598,0.0015522509114816786,0.1548244908452034,-0.13740612342953681,-0.14117497205734253
3380,37.375,-0.15184785425662994,-0.03443644568324089,0.11417884081602096,0.0018151723546907307,0.15395150184631348,-0.1381648913025856,-0.15184785425662994
3390,34.875,-0.1452590525150299,-0.030140665546059608,0.11554142087697983,0.0015662280842661858,0.15331080704927444,-0.13147517144680024,-0.1452590525150299
3400,42.0625,-0.15468981862068176,-0.03131571337580681,0.11069909185171127,0.001796125713735819,0.15363178700208663,-0.13715709149837493,-0.15468981862068176
3410,26.0,-0.18145577609539032,-0.03475945629179478,0.10594475865364075,0.001404664502479136,0.15313935726881028,-0.1352491170167923,-0.18145577609539032
3420,24.5625,-0.1092367023229599,-0.026903396658599376,0.06512160524725914,0.0015910825692117213,0.15290845334529876,-0.12700778767466545,-0.1092367023229599
3430,29.0625,-0.1443307101726532,-0.030739321187138558,0.07203448340296745,0.001900449814274907,0.15380635857582092,-0.131203693151474,-0.1443307101726532
3440,25.8125,-0.08607029914855957,-0.03076122608035803,0.0746341034770012,0.0018747862661257387,0.15369791984558107,-0.1206708423793316,-0.08607029914855957
3450,34.8125,-0.17056596279144287,-0.03119213581085205,0.0995995819568634,0.0016018985537812115,0.15318528562784195,-0.12940772697329522,-0.17056596279144287
3460,28.0,-0.1253882497549057,-0.030205688811838625,0.05356089323759079,0.0015321784652769566,0.15367276668548585,-0.1266593463718891,-0.1253882497549057
3470,29.875,-0.18954406678676605,-0.033876069262623786,0.203068283200264,0.0014730358496308326,0.15321920216083526,-0.12843164354562758,-0.18954406678676605
3480,25.875,-0.12034783512353897,-0.026818687841296197,0.12563078999519348,0.0016259959433227778,0.1532183364033699,-0.12245122864842414,-0.12034783512353897
3490,27.3125,-0.12614163756370544,-0.03740333467721939,0.06933390945196152,0.0016794939525425433,0.15286633223295212,-0.12752417400479316,-0.12614163756370544
3500,22.0625,-0.131443589925766,-0.02854178790003061,0.10457526445388794,0.0016236776951700448,0.15515117347240448,-0.12450066953897476,-0.131443589925766
3510,27.5,-0.09747804701328278,-0.03645157441496849,0.0746123731136322,0.0015802001813426613,0.15316886752843856,-0.120793766528368,-0.09747804701328278
3520,42.0,-0.13009098172187805,-0.03531975820660591,0.1544596552848816,0.0017252415418624878,0.15331809371709823,-0.13191291093826293,-0.13009098172187805
3530,25.1875,-0.1420564353466034,-0.03614398762583733,0.055930788069963454,0.0015359590295702219,0.15170242190361022,-0.13020669743418695,-0.1420564353466034
3540,29.1875,-0.126663938164711,-0.028638318926095963,0.03998541831970215,0.0016232764814049006,0.15267679542303086,-0.12534992322325705,-0.126663938164711
3550,34.625,-0.12599846720695496,-0.030885667912662028,0.08913493603467941,0.0014152054442092775,0.15275316387414933,-0.12079454511404038,-0.12599846720695496
3560,32.5625,-0.08047111332416534,-0.024675768427550794,0.07496857792139053,0.0014507668558508158,0.15456257611513138,-0.12060700878500938,-0.08047111332416534
3570,33.375,-0.1408754289150238,-0.029983853548765184,0.12626166939735411,0.0012788660125806928,0.15371213853359222,-0.12197260186076164,-0.1408754289150238
3580,36.9375,-0.14137855172157288,-0.030530326813459397,0.1253198966383934,0.0013597585028037428,0.15435571521520614,-0.11998422592878341,-0.14137855172157288
3590,33.875,-0.1460539698600769,-0.03075312841683626,0.10108914375305175,0.001405567699111998,0.15315394401550292,-0.12851522564888002,-0.1460539698600769
3600,39.125,-0.1256779432296753,-0.036885257437825204,0.0564803309738636,0.0015117764240130782,0.15431805849075317,-0.11990781500935555,-0.1256779432296753
3610,22.9375,-0.13923794031143188,-0.03043849691748619,0.28477281928062437,0.0013987544691190124,0.15364535599946977,-0.12896500006318093,-0.13923794031143188
3620,25.125,-0.09844672679901123,-0.03136136047542095,0.08973986953496933,0.0016003051539883017,0.15198805630207063,-0.1252563364803791,-0.09844672679901123
3630,31.9375,-0.1039189025759697,-0.02778117097914219,0.05965959951281548,0.001547430455684662,0.1516430452466011,-0.12735322043299674,-0.1039189025759697
3640,27.625,-0.1319427639245987,-0.02632690854370594,0.10965582430362701,0.0016410339623689652,0.15249947905540467,-0.12374695464968681,-0.1319427639245987
3650,29.5,-0.12291920185089111,-0.03764457106590271,0.06382080018520356,0.001686096121557057,0.152952079474926,-0.1244230918586254,-0.12291920185089111
3660,23.875,-0.1026512011885643,-0.02901936024427414,0.08110192865133285,0.0014542879071086645,0.15204298347234727,-0.11999557316303253,-0.1026512011885643
3670,26.3125,-0.14802052080631256,-0.034784805960953236,0.0412465512752533,0.001473637600429356,0.15260109603404998,-0.12297663763165474,-0.14802052080631256
3680,35.5,-0.13699761033058167,-0.03254167325794697,0.0947587251663208,0.0015486470889300107,0.15237608253955842,-0.12324712425470352,-0.13699761033058167
3690,25.4375,-0.1311023086309433,-0.03354376023635268,0.07832286953926086,0.0014096680097281933,0.15115293562412263,-0.12756898924708365,-0.1311023086309433
3700,22.6875,-0.1432885229587555,-0.028592753410339355,0.10555913895368577,0.001469972264021635,0.15305123031139373,-0.12459193840622902,-0.1432885229587555
3710,27.8125,-0.14782778918743134,-0.034820337779819965,0.10815914273262024,0.0014248658902943135,0.15279295891523362,-0.12432691529393196,-0.14782778918743134
3720,25.9375,-0.16699515283107758,-0.03272228166460991,0.20095722675323485,0.0016717124031856655,0.15443938672542573,-0.13000201806426048,-0.16699515283107758
3730,31.0625,-0.1405741572380066,-0.03546511307358742,0.0929306462407112,0.001541347405873239,0.15347333550453185,-0.12396876290440559,-0.1405741572380066
3740,24.5,-0.15130212903022766,-0.028052890487015248,0.10253792405128478,0.0015066395979374647,0.15258683413267135,-0.12421739920973777,-0.15130212903022766
3750,31.4375,-0.09377837181091309,-0.029649809002876282,0.08317530155181885,0.0014727270463481545,0.15252502411603927,-0.12094893604516983,-0.09377837181091309
3760,27.75,-0.1485910564661026,-0.026557146199047567,0.11830112636089325,0.001631223945878446,0.15244666635990142,-0.12638733237981797,-0.1485910564661026
3770,20.6875,-0.16165420413017273,-0.03034457489848137,0.650437867641449,0.001491387072019279,0.15329834967851638,-0.12538404911756515,-0.16165420413017273
3780,35.8125,-0.14397530257701874,-0.03493361845612526,0.10342995822429657,0.0015520475804805755,0.15331868678331376,-0.1264635555446148,-0.14397530257701874
3790,34.375,-0.1450422704219818,-0.028602725267410277,0.12525640726089476,0.0014322425238788127,0.1531115710735321,-0.1276610530912876,-0.1450422704219818
3800,31.3125,-0.1359599232673645,-0.03127517271786928,0.10095501840114593,0.0016463400796055793,0.15255204290151597,-0.13094462454319,-0.1359599232673645
3810,21.875,-0.10305405408143997,-0.032510827854275705,0.05396662503480911,0.0013625766383484005,0.15180533826351167,-0.1229356162250042,-0.10305405408143997
3820,21.875,-0.1465119570493698,-0.03327860124409199,0.09774767607450485,0.001485825073905289,0.15233602076768876,-0.12849727571010588,-0.1465119570493698
3830,29.3125,-0.09766104817390442,-0.030654998309910298,0.07186910286545753,0.001553635369054973,0.15194995552301407,-0.12005032524466515,-0.09766104817390442
3840,33.625,-0.1295577734708786,-0.03163293153047562,0.13262106478214264,0.0016197688179090618,0.154135000705719,-0.12764813080430032,-0.1295577734708786
3850,39.5625,-0.10942589491605759,-0.027536313980817795,0.06127645000815392,0.0015419638948515058,0.1532716691493988,-0.12445114850997925,-0.10942589491605759
3860,25.5625,-0.12195546925067902,-0.027929540537297726,0.08214979469776154,0.0015564897563308477,0.15105846673250198,-0.13689822778105737,-0.12195546925067902
3870,44.1875,-0.12854553759098053,-0.030348971858620642,0.05150093361735344,0.0015730041544884444,0.15369938015937806,-0.12744813933968543,-0.12854553759098053
3880,27.25,-0.15330161154270172,-0.02684686928987503,0.11556574553251267,0.0014086817391216755,0.1525028795003891,-0.1342516429722309,-0.15330161154270172
3890,54.6875,-0.11074130237102509,-0.033079203218221664,0.08760660588741302,0.0017111161025241018,0.15272293835878373,-0.12730730772018434,-0.11074130237102509
3900,31.0625,-0.12635347247123718,-0.025759043730795385,0.052005845308303836,0.0013832031516358256,0.1517210930585861,-0.12934520468115807,-0.12635347247123718
3910,45.3125,-0.15830235183238983,-0.029077636264264583,0.11432502716779709,0.0014349145349115133,0.15141203850507737,-0.1288459047675133,-0.15830235183238983
3920,36.5625,-0.08586359024047852,-0.03323659570887685,0.06344053968787193,0.0012926894472911955,0.15284779220819472,-0.11782568022608757,-0.08586359024047852
3930,37.4375,-0.11263509839773178,-0.03360409177839756,0.1135045900940895,0.0014613237231969833,0.1529954582452774,-0.12993483245372772,-0.11263509839773178
3940,39.4375,-0.11134102940559387,-0.029415930435061455,0.06734096109867097,0.0013638969510793685,0.15264997482299805,-0.13816830813884734,-0.11134102940559387
3950,29.375,-0.11592008918523788,-0.036302568204700944,0.06975155919790268,0.0013805112801492214,0.1524636209011078,-0.12701688706874847,-0.11592008918523788
3960,27.4375,-0.1330578774213791,-0.02516429014503956,0.08226056545972824,0.0013187544886022807,0.15429651141166686,-0.12107158973813056,-0.1330578774213791
3970,37.8125,-0.11148067563772202,-0.026591073907911777,0.10586502701044083,0.0013862654566764831,0.1563766434788704,-0.12157010659575462,-0.11148067563772202
3980,32.3125,-0.14126305282115936,-0.03487614132463932,0.07641336247324944,0.0012309618294239044,0.1536879912018776,-0.12053141668438912,-0.14126305282115936
3990,34.6875,-0.13015827536582947,-0.03044859953224659,0.10444377362728119,0.0012438862351700664,0.15738186091184617,-0.12267433181405067,-0.13015827536582947
4000,44.8125,-0.1348811537027359,-0.031271970644593236,0.13143351078033447,0.0014780642930418253,0.1552695080637932,-0.12395384162664413,-0.1348811537027359
4010,31.125,-0.10510389506816864,-0.02765691503882408,0.11684879213571549,0.001327207311987877,0.15841852873563766,-0.12623269185423852,-0.10510389506816864
4020,34.75,-0.13170470297336578,-0.0275696724653244,0.21937834620475768,0.001384701393544674,0.1569501578807831,-0.12025346457958222,-0.13170470297336578
4030,38.5,-0.16492077708244324,-0.03329286202788353,0.13642790019512177,0.0013245156267657876,0.1571720153093338,-0.12353021949529648,-0.16492077708244324
4040,24.5,-0.1435750126838684,-0.031508350372314455,0.07229118943214416,0.0012890717014670372,0.15730433017015458,-0.13029299303889275,-0.1435750126838684
4050,32.1875,-0.14830762147903442,-0.031624554097652434,0.14582094848155974,0.0011912223184481264,0.15628769844770432,-0.12142917960882187,-0.14830762147903442
4060,40.0,-0.13703584671020508,-0.027530783042311668,0.07536066174507142,0.0013468817109242083,0.1577705442905426,-0.1240728534758091,-0.13703584671020508
4070,42.75,-0.1150098592042923,-0.034246927313506606,0.0910610169172287,0.0012572796549648046,0.1584686368703842,-0.12646225914359094,-0.1150098592042923
4080,37.0625,-0.11687362194061279,-0.028160689398646355,0.09517762959003448,0.0012742463033646346,0.1581695556640625,-0.1257858581840992,-0.11687362194061279
4090,46.9375,-0.13763253390789032,-0.02674332372844219,0.12567570954561233,0.0011409624246880412,0.15924492627382278,-0.12341796532273293,-0.13763253390789032
4100,50.6875,-0.14228136837482452,-0.029074710234999655,0.09709934592247009,0.001166970212943852,0.15940932035446168,-0.1268920250236988,-0.14228136837482452
4110,58.5625,-0.13948282599449158,-0.024867256730794908,0.13568692803382873,0.001128753344528377,0.16002390235662461,-0.12249357998371124,-0.13948282599449158
4120,48.375,-0.11947797983884811,-0.02985030636191368,0.13858977556228638,0.0012721343897283076,0.1576614946126938,-0.12799098789691926,-0.11947797983884811
4130,50.125,-0.13795694708824158,-0.0313542740419507,0.06160146594047546,0.001306429412215948,0.15935594737529754,-0.1367858000099659,-0.13795694708824158
4140,54.75,-0.1457027792930603,-0.025993210915476083,0.10663082748651505,0.0011208728654310107,0.15864858627319336,-0.1332472249865532,-0.1457027792930603
4150,39.6875,-0.11138658970594406,-0.027589131519198416,0.0685290515422821,0.0012546082260087132,0.15816827565431596,-0.1320711389183998,-0.11138658970594406
4160,46.0,-0.1364603340625763,-0.031992974877357486,0.07565829455852509,0.001258876849897206,0.15804522782564162,-0.13707112297415733,-0.1364603340625763
4170,57.3125,-0.16735416650772095,-0.030660032853484155,0.09048952311277389,0.0012335480190813542,0.1601128563284874,-0.12828526124358178,-0.16735416650772095
4180,54.25,-0.1810767948627472,-0.02958374433219433,0.11946203261613846,0.0011740440968424082,0.15951974391937257,-0.13745235949754714,-0.1810767948627472
4190,68.125,-0.1375940442085266,-0.027904217317700385,0.08910778760910035,0.0013239541556686163,0.15985297411680222,-0.1264789119362831,-0.1375940442085266
4200,48.125,-0.1296881139278412,-0.024632798787206412,0.11245772242546082,0.0012044843984767794,0.15981495827436448,-0.1307639956474304,-0.1296881139278412
4210,53.125,-0.13799551129341125,-0.03243732713162899,0.09217615723609925,0.0011613211128860712,0.1597251608967781,-0.1436900392174721,-0.13799551129341125
4220,49.375,-0.10044392943382263,-0.03308770377188921,0.06555119454860688,0.001114597194828093,0.1580527201294899,-0.12976420819759368,-0.10044392943382263
4230,42.0,-0.13625937700271606,-0.03300337735563517,0.1147399127483368,0.0012255588313564657,0.15868680477142333,-0.1283566579222679,-0.13625937700271606
4240,34.5625,-0.14311203360557556,-0.031250011548399924,0.056764868646860124,0.001337284524925053,0.16146850287914277,-0.12633647471666337,-0.14311203360557556
4250,49.75,-0.14680899679660797,-0.03825659770518541,0.11392390131950378,0.0014486351748928428,0.16238727867603303,-0.13258224576711655,-0.14680899679660797
4260,47.5625,-0.15273569524288177,-0.027370746061205865,0.09122636765241623,0.001450998173095286,0.15892766416072845,-0.1270599029958248,-0.15273569524288177
4270,38.8125,-0.16245806217193604,-0.02870629858225584,0.0902952641248703,0.0014225159771740436,0.1613275483250618,-0.12825741544365882,-0.16245806217193604
4280,40.125,-0.1425587683916092,-0.031069303490221502,0.08246626257896424,0.001291175838559866,0.15897123366594315,-0.1295263685286045,-0.1425587683916092
4290,30.4375,-0.14162299036979675,-0.02890585847198963,0.11850876957178116,0.001328214048407972,0.15986647158861161,-0.12259871661663055,-0.14162299036979675
4300,42.0625,-0.14833423495292664,-0.028204872086644173,0.07520841658115388,0.001234080968424678,0.1602744609117508,-0.12835359051823617,-0.14833423495292664
4310,51.125,-0.11702781915664673,-0.02700730413198471,0.1820826470851898,0.001316272560507059,0.16132608950138091,-0.130469461530447,-0.11702781915664673
4320,38.0625,-0.11255723237991333,-0.03163948617875576,0.10349584370851517,0.0012405955232679844,0.16096934527158738,-0.1305846892297268,-0.11255723237991333
4330,47.5625,-0.1568499207496643,-0.03203403875231743,0.14504515528678893,0.0013530535157769918,0.16136584132909776,-0.12957798540592194,-0.1568499207496643
4340,37.875,-0.15537439286708832,-0.026881008036434652,0.16026744842529297,0.0012641669251024722,0.1589492991566658,-0.1375550791621208,-0.15537439286708832
4350,44.5625,-0.1604093462228775,-0.03268396332859993,0.06681035459041595,0.001283365278504789,0.1609547719359398,-0.13459882140159607,-0.1604093462228775
4360,65.5,-0.13454179465770721,-0.02923339307308197,0.14425554275512695,0.0013631743378937245,0.16159452199935914,-0.13535056933760642,-0.13454179465770721
4370,40.375,-0.14156290888786316,-0.032592988573014736,0.06131865158677101,0.0013924474595114588,0.16029292941093445,-0.13654023110866548,-0.14156290888786316
4380,33.0625,-0.16622845828533173,-0.034113922715187074,0.07903019487857818,0.0012416160898283124,0.15950958132743837,-0.13605434596538543,-0.16622845828533173
4390,39.5,-0.12863394618034363,-0.03482852131128311,0.14082568883895874,0.0011769400909543038,0.1590004175901413,-0.13277142494916916,-0.12863394618034363
4400,49.3125,-0.17057445645332336,-0.035657814145088194,0.15089695453643798,0.0012939802138134838,0.1570385217666626,-0.13640566989779473,-0.17057445645332336
4410,51.125,-0.16009679436683655,-0.03300409447401762,0.09235259890556335,0.001336086983792484,0.15868527442216873,-0.13683920949697495,-0.16009679436683655
4420,66.3125,-0.11991208791732788,-0.03232047781348228,0.07802644222974778,0.0012942382832989096,0.15663767904043197,-0.13419686108827591,-0.11991208791732788
4430,47.0625,-0.10087578743696213,-0.027077465690672396,0.09598453342914581,0.0013280276209115982,0.15868560820817948,-0.1315700404345989,-0.10087578743696213
4440,47.4375,-0.13002434372901917,-0.02777446825057268,0.08218408524990081,0.0012664380483329296,0.15708634555339812,-0.13244298323988915,-0.13002434372901917
4450,38.625,-0.10965889692306519,-0.032091773301362994,0.10407698154449463,0.0012657169252634048,0.15710620284080506,-0.13051360324025155,-0.10965889692306519
4460,32.6875,-0.12494947016239166,-0.03716276660561561,0.05323154479265213,0.0012496059760451316,0.1580180659890175,-0.13642278984189032,-0.12494947016239166
4470,31.625,-0.1340765655040741,-0.033792484924197196,0.051472076773643495,0.0012664787471294403,0.15446164160966874,-0.12791813537478447,-0.1340765655040741
4480,35.0625,-0.12722262740135193,-0.030127173662185668,0.07728915363550186,0.0011137079680338501,0.15732369422912598,-0.13228743597865106,-0.12722262740135193
4490,40.625,-0.11218923330307007,-0.03215386662632227,0.15213378369808198,0.0013043229700997472,0.15909075736999512,-0.12836745530366897,-0.11218923330307007
4500,48.25,-0.123428113758564,-0.02848685411736369,0.04739584177732468,0.0014087230898439883,0.15753730684518813,-0.13754087388515474,-0.123428113758564
4510,47.4375,-0.17067411541938782,-0.03155508562922478,0.21021176278591155,0.0013708803337067366,0.1571975663304329,-0.12787129804491998,-0.17067411541938782
4520,42.0,-0.18342608213424683,-0.03334741070866585,0.1240918681025505,0.0015328183071687818,0.156443789601326,-0.1435480907559395,-0.18342608213424683
4530,52.1875,-0.1453237235546112,-0.03752187732607126,0.0481701172888279,0.0016210750211030245,0.15459389984607697,-0.14244699403643607,-0.1453237235546112
4540,50.6875,-0.11807932704687119,-0.028196553885936736,0.06459499225020408,0.0014809557935222984,0.15420840233564376,-0.13676777109503746,-0.11807932704687119
4550,52.5,-0.1634085476398468,-0.03680204004049301,0.03950841054320335,0.0015459822956472636,0.15325959026813507,-0.14438897073268891,-0.1634085476398468
4560,34.5,-0.15195709466934204,-0.03453357443213463,0.0745012879371643,0.0015003973850980401,0.15367303788661957,-0.13908892571926118,-0.15195709466934204
4570,36.5,-0.15599575638771057,-0.034556960314512254,0.06909932643175125,0.0014726029941812158,0.15359641164541243,-0.1337067551910877,-0.15599575638771057
4580,39.4375,-0.09533856809139252,-0.03108610063791275,0.09423684179782868,0.0014856326626613737,0.15242391526699067,-0.13621637746691703,-0.09533856809139252
4590,35.875,-0.09432985633611679,-0.03419043347239494,0.07935020476579666,0.001484282361343503,0.15277062654495238,-0.1364860676229,-0.09432985633611679
4600,34.625,-0.13378039002418518,-0.03516553584486246,0.06836791485548019,0.0013411117484793066,0.15314456522464753,-0.13989532366394997,-0.13378039002418518
4610,30.625,-0.15206816792488098,-0.03134255632758141,0.055601869523525235,0.0013957326766103507,0.15422822535037994,-0.13450795859098436,-0.15206816792488098
4620,30.5625,-0.12335211783647537,-0.033659563213586804,0.09438772797584534,0.001359697594307363,0.15037230849266053,-0.13724069893360138,-0.12335211783647537
4630,28.5625,-0.14470118284225464,-0.030105460807681082,0.07100111693143844,0.0012712069554254412,0.15401401966810227,-0.13705941513180733,-0.14470118284225464
4640,28.0625,-0.1484752595424652,-0.033332107774913314,0.05120873302221298,0.0012870022794231773,0.1527236670255661,-0.131574410200119,-0.1484752595424652
4650,28.5,-0.13147148489952087,-0.035791577957570556,0.07049732357263565,0.0014301594346761703,0.15120063573122025,-0.13110638037323952,-0.13147148489952087
4660,24.375,-0.1662890762090683,-0.03008252549916506,0.041292817890644075,0.0011868790257722138,0.15170976668596267,-0.1348232187330723,-0.1662890762090683
4670,23.25,-0.13865596055984497,-0.026111683063209056,0.0839333027601242,0.0013753901701420545,0.15269302129745482,-0.1338059425354004,-0.13865596055984497
4680,31.1875,-0.15684837102890015,-0.030657787807285786,0.1033239260315895,0.001233751024119556,0.15187228322029114,-0.1324308343231678,-0.15684837102890015
4690,23.75,-0.11734174937009811,-0.02964092344045639,0.1153547778725624,0.001450640824623406,0.15064983814954758,-0.13298383802175523,-0.11734174937009811
4700,30.0,-0.12486079335212708,-0.03547023832798004,0.07523916512727738,0.0013046605745330453,0.15383286029100418,-0.13075032383203505,-0.12486079335212708
4710,38.5,-0.13414189219474792,-0.031772755458950995,0.08893776088953018,0.0012340087676420807,0.15185170620679855,-0.13287875950336456,-0.13414189219474792
4720,31.8125,-0.15315668284893036,-0.04175878576934337,0.09822654873132705,0.0011889368761330843,0.15302735716104507,-0.1323714919388294,-0.15315668284893036
4730,33.0,-0.11635185778141022,-0.034768881648778914,0.09565412849187852,0.0014176183380186559,0.15310549437999726,-0.13015201091766357,-0.11635185778141022
4740,32.0625,-0.15027755498886108,-0.030135981366038324,0.08259957283735275,0.0013470301637426019,0.15131343007087708,-0.1390182115137577,-0.15027755498886108
4750,35.75,-0.1800982505083084,-0.03701560162007809,0.06928398534655571,0.0012557644629850983,0.150564281642437,-0.1343023769557476,-0.1800982505083084
4760,33.5625,-0.1538379043340683,-0.03432145267724991,0.10726116448640824,0.0014203048078343273,0.1524760454893112,-0.13891423866152763,-0.1538379043340683
4770,36.0,-0.15211206674575806,-0.030130167491734028,0.053767184168100356,0.0013606467517092824,0.15057398825883866,-0.1358988791704178,-0.15211206674575806
4780,28.8125,-0.12636591494083405,-0.03795362450182438,0.061435749381780626,0.0013503086287528277,0.15313295572996138,-0.14084673672914505,-0.12636591494083405
4790,43.4375,-0.15100598335266113,-0.02964186668395996,0.07151476293802261,0.0014163638232275843,0.149601748585701,-0.13575020134449006,-0.15100598335266113
4800,42.875,-0.13537661731243134,-0.03449607528746128,0.08698035031557083,0.0014185632113367318,0.15075523555278778,-0.13151565864682196,-0.13537661731243134
4810,39.1875,-0.15874336659908295,-0.03392481245100498,0.0563540942966938,0.0014498358825221658,0.1534337192773819,-0.13589871749281884,-0.15874336659908295
4820,31.1875,-0.14078876376152039,-0.03555936384946108,0.0980137437582016,0.0013634145725518465,0.15102123022079467,-0.13801754340529443,-0.14078876376152039
4830,20.0625,-0.11607372760772705,-0.03020656406879425,0.04658506289124489,0.0012651012046262621,0.15195227712392806,-0.1414322443306446,-0.11607372760772705
4840,37.25,-0.14816364645957947,-0.033719372004270554,0.06530618965625763,0.001404878171160817,0.15226655304431916,-0.13759616613388062,-0.14816364645957947
4850,32.8125,-0.0796549841761589,-0.03913430720567703,0.09014777690172196,0.001358897448517382,0.1523440882563591,-0.13135935515165328,-0.0796549841761589
4860,36.25,-0.13832467794418335,-0.027382396906614304,0.08517256379127502,0.001265083160251379,0.15318919718265533,-0.13618960306048394,-0.13832467794418335
4870,38.125,-0.09274396300315857,-0.02388443984091282,0.045057305693626405,0.001341012236662209,0.1539691686630249,-0.13188766017556192,-0.09274396300315857
4880,33.5,-0.1536240577697754,-0.033947202190756795,0.045230476558208464,0.0012448885245248675,0.15486977696418763,-0.1382877953350544,-0.1536240577697754
4890,36.3125,-0.15137167274951935,-0.03668097071349621,0.09312082529067993,0.001385396858677268,0.15539388358592987,-0.14570042937994004,-0.15137167274951935
4900,48.375,-0.14889951050281525,-0.03099076859652996,0.03042934723198414,0.0012744117993861437,0.15634312480688095,-0.1445906102657318,-0.14889951050281525
4910,23.75,-0.17178893089294434,-0.03938360959291458,0.06101632565259933,0.001166518940590322,0.15587495714426042,-0.15304979532957078,-0.17178893089294434
4920,37.4375,-0.11942364275455475,-0.03218516409397125,0.03792750313878059,0.0012014432344585658,0.1569021850824356,-0.13312656730413436,-0.11942364275455475
4930,40.75,-0.16391074657440186,-0.03305507246404886,0.06418607980012894,0.001228611241094768,0.15498535037040712,-0.13734756410121918,-0.16391074657440186
4940,26.375,-0.17209117114543915,-0.028511961549520494,0.05560027062892914,0.0011678562965244054,0.15858700573444368,-0.14206648394465446,-0.17209117114543915
4950,47.0625,-0.10704294592142105,-0.034856722503900525,0.04422515258193016,0.001206268183887005,0.15697621256113053,-0.1390615940093994,-0.10704294592142105
4960,55.375,-0.1754034161567688,-0.03005740661174059,0.06681375652551651,0.0011971015948802233,0.15536979883909224,-0.1485125280916691,-0.1754034161567688
4970,37.5625,-0.1538379192352295,-0.030977904424071313,0.10495402663946152,0.0012666703667491674,0.15734444558620453,-0.13624264895915986,-0.1538379192352295
4980,32.0,-0.12194843590259552,-0.030681762844324112,0.0864141583442688,0.0010997425997629762,0.15715409368276595,-0.1362556077539921,-0.12194843590259552
4990,42.5,-0.17972537875175476,-0.028840267844498158,0.05099038481712341,0.0013180885463953019,0.15790564715862274,-0.13014063015580177,-0.17972537875175476
5000,40.125,-0.16086697578430176,-0.03181776441633701,0.10306088030338287,0.0010982288047671318,0.1588897630572319,-0.13901975005865097,-0.16086697578430176
5010,32.875,-0.18921175599098206,-0.030325477384030818,0.10451767295598983,0.0011541208485141396,0.15912578850984574,-0.1418119788169861,-0.18921175599098206
5020,38.3125,-0.1498222053050995,-0.03282995540648699,0.1117921769618988,0.0012402655789628624,0.16267640739679337,-0.13493887782096864,-0.1498222053050995
5030,27.0625,-0.14277896285057068,-0.03371014893054962,0.06798851639032363,0.001221523666754365,0.16020765602588655,-0.13946121782064438,-0.14277896285057068
5040,47.0625,-0.15852907299995422,-0.03353207353502512,0.11288064569234849,0.0011801124783232808,0.16070141196250914,-0.13222989439964294,-0.15852907299995422
5050,28.375,-0.11846211552619934,-0.028152883239090442,0.07173517644405365,0.0012150434078648687,0.16209297329187394,-0.1317822240293026,-0.11846211552619934
5060,36.625,-0.12812387943267822,-0.031652942299842834,0.03861826062202454,0.00118422145023942,0.1618189826607704,-0.1374320186674595,-0.12812387943267822
5070,53.1875,-0.11899229139089584,-0.02307596243917942,0.09276411980390549,0.0011250827694311738,0.16307444721460343,-0.13538676947355271,-0.11899229139089584
5080,36.0625,-0.15270723402500153,-0.02875472530722618,0.11014323234558106,0.0012045065173879265,0.16280879378318786,-0.1449773833155632,-0.15270723402500153
5090,40.1875,-0.11641313135623932,-0.0315346896648407,0.08525348752737046,0.001192857208661735,0.1625925213098526,-0.13800673112273215,-0.11641313135623932
5100,35.375,-0.15669406950473785,-0.03155051954090595,0.06176433488726616,0.001044599455781281,0.1635097935795784,-0.14190766513347625,-0.15669406950473785
5110,37.0,-0.1700674593448639,-0.03652038723230362,0.07869204133749008,0.0010618764674291015,0.1630043089389801,-0.14398882314562797,-0.1700674593448639
5120,36.1875,-0.11437948048114777,-0.02596790101379156,0.05994323343038559,0.001165045378729701,0.16354002207517623,-0.13419220075011254,-0.11437948048114777
5130,51.6875,-0.12839317321777344,-0.03242096118628979,0.10499898344278336,0.0010874480241909624,0.16354765594005585,-0.1356428548693657,-0.12839317321777344
5140,41.25,-0.18505379557609558,-0.03248530402779579,0.1448826849460602,0.0012001779396086931,0.1669839009642601,-0.12639568001031876,-0.18505379557609558
5150,29.875,-0.14192689955234528,-0.03312785997986793,0.08764079958200455,0.0012231939239427448,0.164995276927948,-0.12817403748631478,-0.14192689955234528
5160,40.875,-0.17068953812122345,-0.03689481765031814,0.08080658763647079,0.0012154724216088652,0.1652253106236458,-0.12837049439549447,-0.17068953812122345
5170,31.4375,-0.13976497948169708,-0.03278641179203987,0.03387901671230793,0.0012129834620282054,0.1668933853507042,-0.1345376640558243,-0.13976497948169708
5180,24.375,-0.14122173190116882,-0.02858937196433544,0.07972267121076584,0.0010889789555221796,0.1642641916871071,-0.1310952141880989,-0.14122173190116882
5190,36.75,-0.1589777171611786,-0.039956570416688916,0.07707245498895646,0.0011815354693681002,0.16482625603675843,-0.12970107272267342,-0.1589777171611786
5200,21.4375,-0.12698125839233398,-0.025379040464758872,0.04070556610822677,0.0011227582348510624,0.16564504355192183,-0.12904499992728233,-0.12698125839233398
5210,33.625,-0.1348864734172821,-0.029621759615838527,0.05029456838965416,0.0011275420431047678,0.1659419685602188,-0.12219630852341652,-0.1348864734172821
5220,30.6875,-0.16377681493759155,-0.03373510763049126,0.0890332207083702,0.0010547847952693701,0.16709842532873154,-0.14044539630413055,-0.16377681493759155
5230,47.8125,-0.16283264756202698,-0.03492452278733253,0.042847811430692676,0.0012051740428432821,0.16773936599493028,-0.14481932371854783,-0.16283264756202698
5240,35.9375,-0.10887318849563599,-0.03090998958796263,0.06729212254285813,0.0012059780303388834,0.16713832467794418,-0.14047247022390366,-0.10887318849563599
5250,39.375,-0.10568325221538544,-0.03383260238915682,0.04929977953433991,0.001220302446745336,0.16733163297176362,-0.14877113476395606,-0.10568325221538544
5260,27.0625,-0.15948952734470367,-0.03452015798538923,0.05252183303236961,0.0011536980979144572,0.16759987622499467,-0.14989608079195021,-0.15948952734470367
5270,30.375,-0.18826857209205627,-0.03298635371029377,0.10966415405273437,0.0009343181620351971,0.1668814241886139,-0.14571513533592223,-0.18826857209205627
5280,36.0,-0.11702854186296463,-0.03275890499353409,0.038797281309962274,0.0013113614404574037,0.16806099861860274,-0.14469883739948272,-0.11702854186296463
5290,42.75,-0.14559605717658997,-0.03305804133415222,0.05250391811132431,0.0011536591686308385,0.16669853776693344,-0.15049655139446258,-0.14559605717658997
5300,45.8125,-0.15769493579864502,-0.02816185113042593,0.09545498490333557,0.0012631077785044908,0.1657537192106247,-0.15390923619270325,-0.15769493579864502
5310,47.6875,-0.12581607699394226,-0.032707088999450205,0.052843020856380464,0.0011665356578305364,0.16647695302963256,-0.13881635889410973,-0.12581607699394226
5320,42.625,-0.15551403164863586,-0.035471442900598046,0.09350205063819886,0.0011882992926985025,0.1663942039012909,-0.1398920275270939,-0.15551403164863586
5330,49.125,-0.1847289651632309,-0.03599847685545683,0.18042684197425843,0.0012003226205706597,0.16557580083608628,-0.13937795385718346,-0.1847289651632309
5340,47.25,-0.13727104663848877,-0.03791295029222965,0.058329292386770246,0.0012071890057995915,0.16428270041942597,-0.14046862870454788,-0.13727104663848877
5350,39.3125,-0.10038841515779495,-0.03251591697335243,0.06937425136566162,0.0011225808411836624,0.16466523408889772,-0.13131330534815788,-0.10038841515779495
5360,43.375,-0.1331912875175476,-0.02449951842427254,0.10101533085107803,0.0012108259368687868,0.16554493010044097,-0.13689808025956154,-0.1331912875175476
5370,43.75,-0.15975195169448853,-0.031049033254384996,0.09279050379991531,0.0012611911864951254,0.16572120636701584,-0.1427524633705616,-0.15975195169448853
5380,50.5,-0.15017950534820557,-0.033100842218846085,0.11649405509233475,0.001282933633774519,0.16601658761501312,-0.13627707883715628,-0.15017950534820557
5390,39.625,-0.13101333379745483,-0.03437276920303702,0.051821114122867586,0.0012045904062688352,0.16767650991678237,-0.14265114217996597,-0.13101333379745483
5400,52.3125,-0.16655920445919037,-0.030143890529870987,0.17472782731056213,0.0012701146770268679,0.16662417352199554,-0.1424517497420311,-0.16655920445919037
5410,43.5,-0.12780235707759857,-0.03072211444377899,0.0775137111544609,0.0011341419070959092,0.16625232845544816,-0.12974933832883834,-0.12780235707759857
5420,42.9375,-0.13336870074272156,-0.030417701974511147,0.07849521189928055,0.0011038611875846982,0.16478824466466904,-0.1405293121933937,-0.13336870074272156
5430,59.9375,-0.1560613512992859,-0.03180676586925983,0.0815278336405754,0.0012640546075999737,0.16798694282770157,-0.1433682546019554,-0.1560613512992859
5440,55.1875,-0.13466086983680725,-0.037423352152109145,0.07632747888565064,0.0011133705032989384,0.16579804718494415,-0.12954456508159637,-0.13466086983680725
5450,35.25,-0.13589447736740112,-0.03102157711982727,0.0776795893907547,0.0011613135924562813,0.1660955712199211,-0.13890109658241273,-0.13589447736740112
5460,46.25,-0.15792739391326904,-0.035179988294839856,0.10931154787540436,0.0010677387937903405,0.16697838455438613,-0.13159176111221313,-0.15792739391326904
5470,37.75,-0.13432341814041138,-0.031882858276367186,0.12048311531543732,0.001188009651377797,0.16744733452796937,-0.1405353233218193,-0.13432341814041138
5480,34.8125,-0.14191508293151855,-0.03518643379211426,0.09616545736789703,0.000990276294760406,0.16792540848255158,-0.1369898296892643,-0.14191508293151855
5490,37.5,-0.11922270804643631,-0.030519560910761356,0.09446490406990052,0.0011025682324543595,0.16715339869260787,-0.13253753036260604,-0.11922270804643631
5500,44.25,-0.127205029129982,-0.03183439299464226,0.0825665533542633,0.001071973145008087,0.17024010866880418,-0.13354729861021042,-0.127205029129982
5510,47.3125,-0.15347464382648468,-0.02843991555273533,0.14874972105026246,0.0011727888835594059,0.16854953169822692,-0.13824307471513747,-0.15347464382648468
5520,26.375,-0.15711697936058044,-0.029885131493210794,0.0736027866601944,0.0009597702184692026,0.1677468940615654,-0.13890599608421325,-0.15711697936058044
5530,44.4375,-0.17688323557376862,-0.030099104810506105,0.12177014648914337,0.0011376202804967762,0.16909681260585785,-0.14085024818778039,-0.17688323557376862
5540,31.625,-0.15573638677597046,-0.03737770952284336,0.08505536764860153,0.0010502973105758428,0.17170283943414688,-0.13323625400662423,-0.15573638677597046
5550,43.8125,-0.11262743920087814,-0.0338972307741642,0.0889802560210228,0.001143769733607769,0.17071213126182555,-0.13175374567508696,-0.11262743920087814
5560,30.5625,-0.16359740495681763,-0.028084764443337917,0.09060582220554352,0.0009695942397229373,0.1710695743560791,-0.13390233591198922,-0.16359740495681763
5570,28.5625,-0.1174248605966568,-0.03341805394738913,0.08881578296422958,0.0012380312662571668,0.17225431352853776,-0.13892344981431962,-0.1174248605966568
5580,31.875,-0.14688867330551147,-0.03433599919080734,0.11213185787200927,0.0011364667909219861,0.17261320799589158,-0.13058475628495217,-0.14688867330551147
5590,44.4375,-0.08508192002773285,-0.031126019731163978,0.053788211196660995,0.001160773355513811,0.17050514221191407,-0.13157990723848342,-0.08508192002773285
5600,45.625,-0.08611807972192764,-0.03716722130775452,0.054333996027708054,0.00122587566729635,0.17081498354673386,-0.1386498011648655,-0.08611807972192764
5610,48.5625,-0.13458935916423798,-0.03322555776685476,0.08088287115097045,0.0011643104022368788,0.17164939492940903,-0.14725652411580087,-0.13458935916423798
5620,39.875,-0.1432536244392395,-0.029732497036457063,0.0688586950302124,0.0011599709978327155,0.1706806167960167,-0.13434401154518127,-0.1432536244392395
5630,44.4375,-0.13131003081798553,-0.03632857725024223,0.08980966210365296,0.0011501072673127054,0.17083595395088197,-0.13198441937565802,-0.13131003081798553
5640,35.375,-0.12608298659324646,-0.02909044548869133,0.06160318031907082,0.0010102388681843878,0.17094087451696396,-0.12978505194187165,-0.12608298659324646
5650,37.625,-0.15102536976337433,-0.03188511673361063,0.1442507565021515,0.0010909421602264048,0.17055247575044633,-0.13693757280707358,-0.15102536976337433
5660,29.875,-0.1056337058544159,-0.025296687707304956,0.028793169558048247,0.0010864396812394262,0.16987532377243042,-0.1323831222951412,-0.1056337058544159
5670,44.3125,-0.11504965275526047,-0.031628634035587314,0.08107640445232392,0.0012125446461141109,0.17084478735923767,-0.13891399577260016,-0.11504965275526047
5680,54.5,-0.18108022212982178,-0.03730747774243355,0.09751035571098328,0.001176636666059494,0.1708340585231781,-0.14026995673775672,-0.18108022212982178
5690,57.25,-0.15955576300621033,-0.03305045217275619,0.0833809271454811,0.0011968604056164622,0.16963044852018355,-0.1425162598490715,-0.15955576300621033
5700,50.25,-0.17582586407661438,-0.03653264343738556,0.08483249545097352,0.0010890488047152758,0.17045655697584153,-0.1363864414393902,-0.17582586407661438
5710,43.5625,-0.17679011821746826,-0.031197843328118324,0.05322481840848923,0.0010590474121272564,0.17253708988428115,-0.13221142403781413,-0.17679011821746826
5720,48.3125,-0.15534678101539612,-0.028265261556953192,0.07863589972257615,0.0010907428804785013,0.17166092842817307,-0.13608390241861343,-0.15534678101539612
5730,39.5625,-0.10779175162315369,-0.026303055882453918,0.04930863901972771,0.001011329935863614,0.17144003361463547,-0.13083921745419502,-0.10779175162315369
5740,40.0625,-0.1458129733800888,-0.03378579169511795,0.109101203083992,0.0011457954300567509,0.17273856848478317,-0.13763088136911392,-0.1458129733800888
5750,53.4375,-0.1426495611667633,-0.03714497238397598,0.15504006743431092,0.0010761873563751578,0.17298310548067092,-0.1387364849448204,-0.1426495611667633
5760,69.875,-0.11750951409339905,-0.03622012883424759,0.13543430268764495,0.00133392671123147,0.17300539761781691,-0.12305342257022858,-0.11750951409339905
5770,60.125,-0.16334471106529236,-0.031449615862220524,0.13392286598682404,0.001187886414118111,0.17322798073291779,-0.13358047157526015,-0.16334471106529236
5780,41.875,-0.09876669943332672,-0.03153344765305519,0.10835533142089844,0.001242567435838282,0.17545370161533355,-0.13003270030021669,-0.09876669943332672
5790,48.375,-0.16273233294487,-0.032317957282066344,0.1814829796552658,0.001174103911034763,0.17499966770410538,-0.12637677639722825,-0.16273233294487
5800,61.6875,-0.20289835333824158,-0.03588134497404098,0.12740192115306853,0.0012719663558527828,0.17459932565689087,-0.13787258192896842,-0.20289835333824158
5810,52.625,-0.15928927063941956,-0.03252158984541893,0.07176335602998733,0.0009809978771954774,0.174878890812397,-0.1387825071811676,-0.15928927063941956
5820,36.5,-0.11123187839984894,-0.03184826076030731,0.052498336881399155,0.001207204652018845,0.17438107579946518,-0.11973360478878022,-0.11123187839984894
5830,33.4375,-0.1269896924495697,-0.038337381556630135,0.07362632751464844,0.0012406988302245737,0.17550102025270461,-0.14048027843236924,-0.1269896924495697
5840,66.625,-0.1259051263332367,-0.03460403997451067,0.06703070625662803,0.001145236543379724,0.1743603155016899,-0.1309739425778389,-0.1259051263332367
5850,36.5,-0.06616905331611633,-0.03103162460029125,0.0433718740940094,0.0011811377247795463,0.17661742717027665,-0.12674398869276046,-0.06616905331611633
5860,48.125,-0.08283830434083939,-0.029067018255591392,0.06162694022059441,0.0010485266568139196,0.1749189630150795,-0.1312971293926239,-0.08283830434083939
5870,43.0,-0.11565061658620834,-0.0351562425494194,0.11467323750257492,0.0011516681406646967,0.17493121922016144,-0.12534818947315216,-0.11565061658620834
5880,41.375,-0.1082049161195755,-0.03180365152657032,0.08286523371934891,0.0012343591079115868,0.17668430656194686,-0.12722729742527009,-0.1082049161195755
5890,40.1875,-0.18143975734710693,-0.030388016998767853,0.08525837808847428,0.0011883100727573038,0.1772131010890007,-0.1407667651772499,-0.18143975734710693
5900,49.375,-0.168439581990242,-0.028069394081830977,0.13404593169689177,0.0010660909349098802,0.17799171656370164,-0.13536444529891015,-0.168439581990242
5910,31.375,-0.11122606694698334,-0.02724238410592079,0.047188205271959306,0.0012191521003842355,0.17760857045650483,-0.13225680142641066,-0.11122606694698334
5920,51.375,-0.12804698944091797,-0.03499151170253754,0.046197903156280515,0.0013304039603099227,0.17812567949295044,-0.1482454717159271,-0.12804698944091797
5930,42.875,-0.13129884004592896,-0.035340548306703565,0.08428578972816467,0.0012427144683897495,0.17619225829839708,-0.14272843822836875,-0.13129884004592896
5940,20.8125,-0.13134072721004486,-0.03667612560093403,0.05912843644618988,0.0011980449547991157,0.17548076957464218,-0.1414795607328415,-0.13134072721004486
5950,44.5,-0.11251723021268845,-0.02771756239235401,0.08006929457187653,0.0011691031977534294,0.17627484649419783,-0.1453883692622185,-0.11251723021268845
5960,64.5,-0.1300857663154602,-0.03040379360318184,0.031028496846556664,0.001297397445887327,0.17610161751508713,-0.14557957351207734,-0.1300857663154602
5970,38.1875,-0.14562396705150604,-0.02691988553851843,0.06038845628499985,0.0012889644131064415,0.17530999779701234,-0.1485592968761921,-0.14562396705150604
5980,45.3125,-0.12663300335407257,-0.03352599795907736,0.07258256375789643,0.0011704168282449245,0.17663410156965256,-0.1428026244044304,-0.12663300335407257
5990,33.5,-0.15397067368030548,-0.029699693992733957,0.07940482944250107,0.0011588049121201039,0.1757745698094368,-0.15419967323541642,-0.15397067368030548
6000,33.0,-0.16068404912948608,-0.031746421754360196,0.07048961520195007,0.0011435685912147165,0.17608662843704223,-0.1436225466430187,-0.16068404912948608
6010,78.3125,-0.14889591932296753,-0.03672371357679367,0.07332420200109482,0.0012663234025239944,0.17568425238132476,-0.14733901172876357,-0.14889591932296753
6020,57.6875,-0.18674209713935852,-0.034272094070911405,0.10769395530223846,0.0013241679640486836,0.17880312353372574,-0.149428354203701,-0.18674209713935852
6030,42.3125,-0.13064579665660858,-0.029981163144111634,0.09783235043287278,0.0010857122717425228,0.17433953434228897,-0.12853475734591485,-0.13064579665660858
6040,37.5,-0.08737100660800934,-0.03525571962818504,0.08297048956155777,0.001318089757114649,0.17616413682699203,-0.13323779851198198,-0.08737100660800934
6050,31.9375,-0.09097647666931152,-0.028159134462475775,0.04887112081050873,0.0011503082467243075,0.17700081914663315,-0.12762162685394288,-0.09097647666931152
6060,34.625,-0.1474391371011734,-0.030291571095585824,0.10780974626541137,0.0011305637191981078,0.17668961584568024,-0.13206204809248448,-0.1474391371011734
6070,41.625,-0.12468826770782471,-0.03587822671979666,0.11501948386430741,0.0011040369048714639,0.1785907045006752,-0.13539738357067108,-0.12468826770782471
6080,38.5,-0.12741154432296753,-0.025048238784074785,0.08437678664922714,0.001213377178646624,0.17861030250787735,-0.1281693659722805,-0.12741154432296753
6090,39.5625,-0.17238891124725342,-0.026986049860715865,0.13381546437740327,0.0010930442484095692,0.17835127264261247,-0.13096826821565627,-0.17238891124725342
6100,46.25,-0.1407458335161209,-0.03554372005164623,0.15542528331279754,0.0010549371130764485,0.18065085709095002,-0.1259309597313404,-0.1407458335161209
6110,59.0,-0.14734375476837158,-0.03580935224890709,0.15148403942584993,0.0010943995555862784,0.17936005741357802,-0.13137434050440788,-0.14734375476837158
6120,49.875,-0.18970368802547455,-0.030418478697538377,0.12315620183944702,0.0010766080347821116,0.17814022600650786,-0.13568234518170358,-0.18970368802547455
6130,55.0,-0.1412402093410492,-0.035324639081954955,0.07375469505786895,0.0011254957411438228,0.1807138666510582,-0.13309067487716675,-0.1412402093410492
6140,43.25,-0.11574099212884903,-0.03269223943352699,0.060157854855060575,0.001206605415791273,0.18068685680627822,-0.13902701884508134,-0.11574099212884903
6150,45.125,-0.14152398705482483,-0.03296975642442703,0.08350493609905243,0.0012541847303509713,0.18030951172113419,-0.15391913205385208,-0.14152398705482483
6160,35.25,-0.203372061252594,-0.03247986175119877,0.12980636805295945,0.0013065115781500936,0.17905651032924652,-0.16128197312355042,-0.203372061252594
6170,43.5,-0.1250164955854416,-0.030202675610780716,0.03496953174471855,0.0012080982560291886,0.18005327135324478,-0.1394413210451603,-0.1250164955854416
6180,36.1875,-0.12560075521469116,-0.02875969922170043,0.06525418609380722,0.0010718044824898243,0.179694764316082,-0.14229944795370103,-0.12560075521469116
6190,51.625,-0.1443575620651245,-0.03229296151548624,0.06298894286155701,0.0013055128045380115,0.17873985320329666,-0.13762847781181337,-0.1443575620651245
6200,50.0625,-0.15583251416683197,-0.03394037783145905,0.04515468254685402,0.0011697525391355158,0.18037426024675368,-0.15074731409549713,-0.15583251416683197
6210,50.0,-0.1871548295021057,-0.030703414976596833,0.10055181831121444,0.0012016644468531013,0.17800761610269547,-0.1502187043428421,-0.1871548295021057
6220,35.5,-0.17350657284259796,-0.02721008062362671,0.04468950256705284,0.001122912485152483,0.1800372153520584,-0.14710802733898162,-0.17350657284259796
6230,55.75,-0.15712356567382812,-0.034261199086904524,0.13247409760951995,0.0011269512353464961,0.17896465212106705,-0.13599726930260658,-0.15712356567382812
6240,40.25,-0.10514749586582184,-0.026051286607980728,0.09282122254371643,0.0011514100944623352,0.17854114174842833,-0.14103445783257484,-0.10514749586582184
6250,45.25,-0.11035400629043579,-0.03399513103067875,0.04614981114864349,0.0012340666027739644,0.17927762120962143,-0.135011937469244,-0.11035400629043579
6260,46.0,-0.13294342160224915,-0.03254693690687418,0.043066611886024474,0.0010304746450856329,0.17922239303588866,-0.14493050500750543,-0.13294342160224915
6270,38.8125,-0.09812653809785843,-0.03688352145254612,0.05102676078677178,0.001241967617534101,0.17910118997097016,-0.14129015654325486,-0.09812653809785843
6280,45.9375,-0.19295573234558105,-0.03249380588531494,0.07002316117286682,0.000983265065588057,0.17924222946166993,-0.154075288772583,-0.19295573234558105
6290,52.6875,-0.14288315176963806,-0.03420424778014421,0.14116613566875458,0.001105337799526751,0.17808225750923157,-0.1341811329126358,-0.14288315176963806
6300,56.125,-0.1674301028251648,-0.025826194882392885,0.13469530045986175,0.0008911403827369213,0.1794508472084999,-0.13652699515223504,-0.1674301028251648
6310,43.4375,-0.15735486149787903,-0.031029260158538817,0.10542727112770081,0.000979351904243231,0.1799113929271698,-0.13723337054252624,-0.15735486149787903
6320,37.9375,-0.13593780994415283,-0.03419639356434345,0.07241600155830383,0.0009670646744780242,0.17954196333885192,-0.134827471524477,-0.13593780994415283
6330,45.0,-0.14406505227088928,-0.03257929980754852,0.06799859330058097,0.001120713958516717,0.18179642260074616,-0.14917417317628862,-0.14406505227088928
6340,45.6875,-0.12315400689840317,-0.03330301679670811,0.05670661851763725,0.0013341664103791117,0.18141749054193496,-0.14459240362048148,-0.12315400689840317
6350,63.75,-0.1615752875804901,-0.030849924124777318,0.1493150919675827,0.001167349796742201,0.1822197899222374,-0.14597728699445725,-0.1615752875804901
6360,56.5,-0.15443159639835358,-0.03406300898641348,0.05232706367969513,0.0012220276752486826,0.18147793114185334,-0.1323934469372034,-0.15443159639835358
6370,52.1875,-0.12768304347991943,-0.030120731703937052,0.05603005737066269,0.0011937566800042988,0.18353135287761688,-0.130891103297472,-0.12768304347991943
6380,65.6875,-0.1619696319103241,-0.031098167598247527,0.0858833447098732,0.0010595011757686735,0.18146280497312545,-0.13426359593868256,-0.1619696319103241
6390,47.75,-0.09712734073400497,-0.032827329263091086,0.06332218125462533,0.0012786344159394503,0.1826846644282341,-0.1279330998659134,-0.09712734073400497
6400,44.5625,-0.1203567162156105,-0.03383114151656628,0.08447648733854293,0.0011225842870771884,0.1825174331665039,-0.14157790467143058,-0.1203567162156105
6410,35.8125,-0.15503598749637604,-0.032479120045900346,0.04701893255114555,0.0011934267356991767,0.18228953182697297,-0.13952692821621895,-0.15503598749637604
6420,53.1875,-0.16255874931812286,-0.03280247300863266,0.05212328806519508,0.0011384942568838595,0.18410713970661163,-0.15332262739539146,-0.16255874931812286
6430,64.5625,-0.201229527592659,-0.030960133671760558,0.08536822348833084,0.0010422591585665941,0.1816687136888504,-0.15276080295443534,-0.201229527592659
6440,52.8125,-0.14662837982177734,-0.029413941130042077,0.11311701238155365,0.00106372837908566,0.18541242331266403,-0.14418983906507493,-0.14662837982177734
6450,43.0625,-0.1579967439174652,-0.03501218557357788,0.05799395218491554,0.001088034105487168,0.1836368978023529,-0.14814369529485702,-0.1579967439174652
6460,66.0625,-0.1325358748435974,-0.03317646104842424,0.14367115199565889,0.0010512961540371179,0.18444504737854003,-0.13439150303602218,-0.1325358748435974
6470,61.8125,-0.1033109575510025,-0.02323259934782982,0.08394843935966492,0.0010125234955921769,0.1864984229207039,-0.1220143511891365,-0.1033109575510025
6480,50.9375,-0.09892843663692474,-0.025010210275650025,0.07679854780435562,0.0009335845708847046,0.18682222068309784,-0.12636173963546754,-0.09892843663692474
6490,43.75,-0.10396021604537964,-0.02827979773283005,0.07856191694736481,0.0009237544727511704,0.1883043095469475,-0.13312595337629318,-0.10396021604537964
6500,33.0,-0.14778965711593628,-0.03554836008697748,0.12438162565231323,0.0010285286698490381,0.18951101005077362,-0.135661381483078,-0.14778965711593628
6510,42.0625,-0.10991032421588898,-0.03129623867571354,0.09306571334600448,0.0010068118339404465,0.18828253000974654,-0.12837711945176125,-0.10991032421588898
6520,45.375,-0.1892355978488922,-0.032974226772785185,0.09410092234611511,0.0008625451009720564,0.18792205899953843,-0.14447924941778184,-0.1892355978488922
6530,59.5,-0.12768340110778809,-0.036192489042878154,0.09966416209936142,0.0009539857972413301,0.18791267573833464,-0.1255768470466137,-0.12768340110778809
6540,75.25,-0.20615708827972412,-0.029089160077273846,0.3312500238418579,0.0009231479372829199,0.1887028619647026,-0.12520822323858738,-0.20615708827972412
6550,54.25,-0.12032661586999893,-0.02989639937877655,0.14789251685142518,0.0009355271933600307,0.19082797765731813,-0.1212038017809391,-0.12032661586999893
6560,41.125,-0.1327584683895111,-0.03590991832315922,0.10377790927886962,0.0009567405912093818,0.18934380561113356,-0.12639626115560532,-0.1327584683895111
6570,48.5625,-0.044058822095394135,-0.029516589269042014,0.07051665931940079,0.0009899992262944579,0.1917647525668144,-0.11497071944177151,-0.044058822095394135
6580,53.0,-0.10202774405479431,-0.03207821622490883,0.07168564200401306,0.001040354883298278,0.1912525087594986,-0.13563063591718674,-0.10202774405479431
6590,67.875,-0.10672885924577713,-0.031959461607038976,0.0991133213043213,0.0009942193748429418,0.1907898172736168,-0.1363270990550518,-0.10672885924577713
6600,40.875,-0.12638038396835327,-0.03382897675037384,0.05718112140893936,0.001061289943754673,0.19150273948907853,-0.13850326091051102,-0.12638038396835327
6610,43.0,-0.13897113502025604,-0.027595484256744386,0.06655526459217072,0.0010313936043530702,0.1924797549843788,-0.1386403761804104,-0.13897113502025604
6620,32.25,-0.12383270263671875,-0.03174842037260532,0.0321663536131382,0.00111635597422719,0.19265284836292268,-0.13938201516866683,-0.12383270263671875
6630,35.875,-0.13568726181983948,-0.029775578156113626,0.05089979246258736,0.0010317045031115412,0.19205190539360045,-0.13113102316856384,-0.13568726181983948
6640,38.3125,-0.08565352857112885,-0.03285782877355814,0.08422530889511108,0.0010704093612730504,0.19180075377225875,-0.11482789590954781,-0.08565352857112885
6650,80.5,-0.1445588767528534,-0.030428073182702065,0.09511376917362213,0.0010714433621615172,0.19370554983615876,-0.1177124984562397,-0.1445588767528534
6660,57.75,-0.10382182896137238,-0.02986651975661516,0.08554851114749909,0.0010911921504884957,0.19257953763008118,-0.11930884569883346,-0.10382182896137238
6670,61.625,-0.13779887557029724,-0.027502989768981932,0.11818541288375854,0.0011191672179847955,0.1923776313662529,-0.12237686738371849,-0.13779887557029724
6680,39.125,-0.1536092907190323,-0.030985651910305022,0.12204353511333466,0.0011447568191215395,0.19243408888578414,-0.12531932815909386,-0.1536092907190323
6690,55.375,-0.11061646044254303,-0.0328933103941381,0.07138650119304657,0.0011244676541537046,0.19468478709459305,-0.12338072508573532,-0.11061646044254303
6700,81.5625,-0.11566638946533203,-0.0302148025482893,0.10686549842357636,0.001013193349353969,0.19397857934236526,-0.12507553547620773,-0.11566638946533203
6710,61.5625,-0.1440470814704895,-0.03187138382345438,0.09388792216777801,0.0010470428271219135,0.19463982582092285,-0.11545045301318169,-0.1440470814704895
6720,55.4375,-0.08020955324172974,-0.029425687342882156,0.12593743652105333,0.001102367276325822,0.19518532752990722,-0.10443925485014915,-0.08020955324172974
6730,84.125,-0.09653551876544952,-0.034843364357948305,0.09453216046094895,0.0010696656769141554,0.19444534927606583,-0.12327371686697006,-0.09653551876544952
6740,45.3125,-0.11743909120559692,-0.034667393565177916,0.13390256464481354,0.001048871991224587,0.19277655482292175,-0.11277492567896844,-0.11743909120559692
6750,53.875,-0.08102282881736755,-0.025727953016757964,0.10720845460891723,0.0011086259968578816,0.19608527719974517,-0.11853869780898094,-0.08102282881736755
6760,73.0625,-0.08813230693340302,-0.028326066210865974,0.13712548613548278,0.0010774604743346572,0.19402093738317489,-0.12754477933049202,-0.08813230693340302
6770,91.4375,-0.1486816704273224,-0.03237292654812336,0.08746908903121949,0.0010979513870552182,0.19649089872837067,-0.12288009151816368,-0.1486816704273224
6780,58.6875,-0.09743033349514008,-0.033050309866666794,0.046346813440322876,0.0011366773396730423,0.19614119827747345,-0.11563051715493203,-0.09743033349514008
6790,45.625,-0.14511048793792725,-0.03472770527005196,0.07033630758523941,0.0010617346270009875,0.19666931927204132,-0.12673374339938165,-0.14511048793792725
6800,37.625,-0.08474583923816681,-0.029944822005927563,0.050621575117111205,0.0010793877765536309,0.19547362476587296,-0.11945644542574882,-0.08474583923816681
6810,49.4375,-0.11392266303300858,-0.0340881260111928,0.11450963914394378,0.0012180114397779107,0.1943852871656418,-0.11930330321192742,-0.11392266303300858
6820,69.1875,-0.12772661447525024,-0.032697705924510954,0.12665571868419648,0.0011029981076717376,0.19418562650680543,-0.12428504526615143,-0.12772661447525024
6830,47.8125,-0.1542670726776123,-0.03238491378724575,0.10636201947927475,0.0012810685206204654,0.1937779739499092,-0.12993597835302353,-0.1542670726776123
6840,54.8125,-0.1695394217967987,-0.03781488686800003,0.08440131396055221,0.0012261277297511697,0.19530693292617798,-0.12855588160455228,-0.1695394217967987
6850,58.625,-0.07345519214868546,-0.028972502052783965,0.050560411810874936,0.0011679615126922727,0.19393109083175658,-0.1258776865899563,-0.07345519214868546
6860,62.75,-0.0816294401884079,-0.035917545296251775,0.06073049753904343,0.0012454676674678923,0.19428794234991073,-0.13463547751307486,-0.0816294401884079
6870,54.9375,-0.11073504388332367,-0.02658492252230644,0.1135278046131134,0.0010928909294307231,0.19581600576639174,-0.1279085695743561,-0.11073504388332367
6880,70.4375,-0.12974092364311218,-0.030786401685327293,0.15798517763614656,0.001202262588776648,0.19434229135513306,-0.12418104335665703,-0.12974092364311218
6890,43.75,-0.14747890830039978,-0.031638499721884726,0.09375353157520294,0.0010791917098686098,0.19339755922555923,-0.13539737239480018,-0.14747890830039978
6900,59.9375,-0.13608044385910034,-0.03929288238286972,0.10001894384622574,0.001148644811473787,0.1939141035079956,-0.13001637607812883,-0.13608044385910034
6910,61.25,-0.115530826151371,-0.035207091830670834,0.16089773178100586,0.0011862681014463306,0.19460549503564833,-0.1231555201113224,-0.115530826151371
6920,70.875,-0.11038646101951599,-0.032786653749644755,0.1580612301826477,0.0011149756843224167,0.19313926249742508,-0.1329442322254181,-0.11038646101951599
6930,71.375,-0.1400071382522583,-0.03517743851989508,0.19071399569511413,0.0010192613815888762,0.19495406597852707,-0.1278610870242119,-0.1400071382522583
6940,68.9375,-0.15013447403907776,-0.03865180686116219,0.1074500024318695,0.0010937785496935248,0.19420397728681565,-0.11889174059033394,-0.15013447403907776
6950,86.5625,-0.1554306149482727,-0.030035548284649848,0.2019093006849289,0.0010078998049721122,0.194647853076458,-0.1244321309030056,-0.1554306149482727
6960,58.3125,-0.13033521175384521,-0.03470389526337385,0.16672066152095794,0.0011704394593834877,0.19623019248247148,-0.12019920721650124,-0.13033521175384521
6970,73.6875,-0.11492558568716049,-0.028928895480930805,0.11943745166063309,0.0010922677349299193,0.19749385267496108,-0.12531085908412934,-0.11492558568716049
6980,67.0,-0.12797144055366516,-0.039886657148599625,0.12457536160945892,0.0011805277084931732,0.1961590379476547,-0.1278452605009079,-0.12797144055366516
6990,69.0,-0.08727005869150162,-0.028684036666527392,0.0799892246723175,0.0011421866016462444,0.19632599949836732,-0.12931620925664902,-0.08727005869150162
7000,62.5,-0.10953471809625626,-0.03560936469584704,0.09955357015132904,0.0011466459836810827,0.19791841208934785,-0.1151552937924862,-0.10953471809625626
7010,41.125,-0.1290440708398819,-0.03139273636043072,0.0853240206837654,0.0010933531913906336,0.19990610629320144,-0.1162473089993,-0.1290440708398819
7020,45.0625,-0.09619224071502686,-0.037573904544115064,0.06948726177215576,0.0010219739517197013,0.19970792084932326,-0.12362700179219246,-0.09619224071502686
7030,47.25,-0.18697702884674072,-0.03735651895403862,0.13381483107805253,0.0009818730875849723,0.19919532388448716,-0.1302018105983734,-0.18697702884674072
7040,61.9375,-0.13852852582931519,-0.03180477395653725,0.20339378714561462,0.0010800516698509454,0.20070551186800004,-0.13665893226861953,-0.13852852582931519
7050,48.3125,-0.16033683717250824,-0.03568900860846043,0.10726160556077957,0.0010016943560913205,0.2007650390267372,-0.1383230246603489,-0.16033683717250824
7060,77.6875,-0.16555079817771912,-0.029285114631056784,0.17283987998962402,0.0009744013776071369,0.20078177154064178,-0.1308666542172432,-0.16555079817771912
7070,55.6875,-0.1623372584581375,-0.03347111400216818,0.19524499773979187,0.0011314537608996035,0.19981137067079544,-0.12676692605018616,-0.1623372584581375
7080,53.9375,-0.12508372962474823,-0.029976382106542587,0.21402109861373902,0.0009791405638679862,0.2025323212146759,-0.11606615930795669,-0.12508372962474823
7090,50.1875,-0.12933997809886932,-0.033140615187585355,0.131256365776062,0.0009949410567060113,0.20406731814146042,-0.11709049344062805,-0.12933997809886932
7100,52.8125,-0.09643922746181488,-0.031331866979599,0.14387187957763672,0.0010021735448390245,0.2056367963552475,-0.10945922359824181,-0.09643922746181488
7110,69.375,-0.1312471181154251,-0.032916921004652974,0.15530261695384978,0.0010955684818327426,0.20648353099822997,-0.11024376004934311,-0.1312471181154251
7120,50.1875,-0.08415919542312622,-0.029396117106080054,0.20660226941108703,0.0011670501204207539,0.20614284723997117,-0.10900062173604966,-0.08415919542312622
7130,46.1875,-0.04791414365172386,-0.03195298202335835,0.1282267913222313,0.0011053157038986682,0.20548545122146605,-0.10690351277589798,-0.04791414365172386
7140,52.3125,-0.09502824395895004,-0.033122938871383664,0.10977354794740676,0.0010449476074427366,0.20763993859291077,-0.10976730100810528,-0.09502824395895004
7150,37.6875,-0.151455819606781,-0.033972504734992984,0.16466762125492096,0.0011340146418660879,0.2077159821987152,-0.11012908555567265,-0.151455819606781
7160,56.125,-0.12157319486141205,-0.03273098636418581,0.2085245281457901,0.0010387218557298184,0.2089063659310341,-0.11113797649741172,-0.12157319486141205
7170,68.625,-0.10890428721904755,-0.026929976418614388,0.21812605559825898,0.0011033829301595687,0.2096017226576805,-0.11744769886136056,-0.10890428721904755
7180,63.6875,-0.1488928347826004,-0.03577964156866074,0.14273583889007568,0.0011333726812154054,0.20936467945575715,-0.11694019064307212,-0.1488928347826004
7190,73.125,-0.13112731277942657,-0.03026729542762041,0.13026551455259322,0.001002156315371394,0.20893327444791793,-0.10898250080645085,-0.13112731277942657
7200,70.625,-0.15324321389198303,-0.03431309089064598,0.1630190372467041,0.000983909796923399,0.2105315387248993,-0.10709460191428662,-0.15324321389198303
7210,70.75,-0.13157495856285095,-0.02352251559495926,0.09321855008602142,0.001008831220678985,0.21194618344306945,-0.10460931211709976,-0.13157495856285095
7220,63.5625,-0.15252342820167542,-0.03242439180612564,0.15400195717811585,0.001004228158853948,0.21033973693847657,-0.12095752358436584,-0.15252342820167542
7230,86.875,-0.10863377153873444,-0.038291971385478976,0.13409206569194793,0.0009644637117162347,0.21285689622163773,-0.11085582673549652,-0.10863377153873444
7240,50.375,-0.1265467405319214,-0.0310237567871809,0.12568482756614685,0.0009149814955890179,0.21180409342050552,-0.10611492842435837,-0.1265467405319214
7250,53.0625,-0.15769459307193756,-0.04035228490829468,0.1307922422885895,0.0010291965445503592,0.21239932179450988,-0.11088174656033516,-0.15769459307193756
7260,67.1875,-0.16357620060443878,-0.026563361659646033,0.1187631443142891,0.0010589014040306211,0.21334070563316346,-0.1072245791554451,-0.16357620060443878
7270,67.625,-0.11543411016464233,-0.03502808110788465,0.18693329989910126,0.0010876275366172195,0.21480277478694915,-0.10040522068738937,-0.11543411016464233
7280,67.8125,-0.09063713252544403,-0.03192472122609615,0.13039605021476747,0.0010123570216819644,0.2136186257004738,-0.10596488192677497,-0.09063713252544403
7290,73.0625,-0.13586372137069702,-0.022448188066482543,0.2343663364648819,0.0009950631530955434,0.2143933206796646,-0.10647212266921997,-0.13586372137069702
7300,71.125,-0.15944448113441467,-0.03185257539153099,0.16553123891353608,0.0009934237925335765,0.21353525221347808,-0.10653242841362953,-0.15944448113441467
7310,76.4375,-0.14694975316524506,-0.03068939782679081,0.2801419019699097,0.0010297507280483842,0.21518911123275758,-0.11077575124800206,-0.14694975316524506
7320,73.1875,-0.12376566231250763,-0.027326594293117522,0.14775579571723937,0.0009080463205464184,0.21637148559093475,-0.10806331858038902,-0.12376566231250763
7330,49.6875,-0.09604412317276001,-0.027414709329605103,0.2555985748767853,0.0009657917311415076,0.2140709191560745,-0.1063574742525816,-0.09604412317276001
7340,49.0,-0.08946026861667633,-0.02700900062918663,0.21659580171108245,0.00099501998629421,0.2150198698043823,-0.11009402573108673,-0.08946026861667633
7350,56.625,-0.10963152348995209,-0.030832774937152863,0.1224935919046402,0.0009195046499371528,0.2138151377439499,-0.11300422847270966,-0.10963152348995209
7360,66.5,-0.10132355988025665,-0.030691816471517086,0.12261296957731246,0.0009457233711145819,0.21649830937385559,-0.11132052093744278,-0.10132355988025665
7370,43.3125,-0.08829201012849808,-0.03286915235221386,0.13293213546276092,0.0009409169433638453,0.2158532366156578,-0.09979707300662995,-0.08829201012849808
7380,53.5625,-0.0986686497926712,-0.036745870299637315,0.13031214475631714,0.001039835624396801,0.2151787295937538,-0.1095372498035431,-0.0986686497926712
7390,39.125,-0.058631252497434616,-0.03356250487267971,0.12424199134111405,0.0010761817451566459,0.21638671755790712,-0.09367245621979237,-0.058631252497434616
7400,75.4375,-0.08389102667570114,-0.03302683942019939,0.1833534926176071,0.0009965667268261313,0.21449218541383744,-0.10697181299328803,-0.08389102667570114
7410,54.25,-0.08825575560331345,-0.033256055973470214,0.10085115879774094,0.0011211116099730134,0.21542109847068786,-0.09993738606572151,-0.08825575560331345
7420,43.0625,-0.12492429465055466,-0.02774536833167076,0.10015155524015426,0.0012181704165413975,0.21397071927785874,-0.1099292553961277,-0.12492429465055466
7430,62.1875,-0.1355728805065155,-0.036062254756689074,0.10623735636472702,0.0011826755711808802,0.21565994173288344,-0.1050112284719944,-0.1355728805065155
7440,48.3125,-0.10296423733234406,-0.03245637528598309,0.08395932018756866,0.0012208935804665089,0.21408673077821733,-0.1080385074019432,-0.10296423733234406
7450,57.6875,-0.10955391824245453,-0.028276104107499124,0.25241839289665224,0.0011786129791289568,0.21453718096017838,-0.10754138603806496,-0.10955391824245453
7460,68.25,-0.12343142926692963,-0.030512781254947184,0.14070573449134827,0.0011626740219071508,0.2111068069934845,-0.11109165102243423,-0.12343142926692963
7470,52.5625,-0.14930975437164307,-0.03558469116687775,0.15690472722053528,0.0013172903098165988,0.2113667607307434,-0.11174842566251755,-0.14930975437164307
7480,56.875,-0.16878676414489746,-0.045013377815485,0.17017360031604767,0.0012865024153143167,0.20923605859279631,-0.13300570473074913,-0.16878676414489746
7490,57.75,-0.14070212841033936,-0.032538706064224245,0.19754357039928436,0.0012027862714603544,0.2091207355260849,-0.12036404013633728,-0.14070212841033936
7500,72.25,-0.19419264793395996,-0.03398194219917059,0.11704616695642471,0.0011770057259127497,0.2087717667222023,-0.13338634222745896,-0.19419264793395996
7510,62.625,-0.1023547574877739,-0.0359190784394741,0.07549359500408173,0.001214539585635066,0.2090835765004158,-0.1156451478600502,-0.1023547574877739
7520,53.9375,-0.1197081059217453,-0.034039749205112456,0.07298934161663055,0.001213925750926137,0.20904608815908432,-0.11384075954556465,-0.1197081059217453
7530,65.875,-0.09448684006929398,-0.03306841775774956,0.1383405089378357,0.001243545487523079,0.20828320384025573,-0.10920188277959823,-0.09448684006929398
7540,66.5625,-0.12763690948486328,-0.026164480298757554,0.09155770987272263,0.0012207135092467069,0.21019831895828248,-0.11856417134404182,-0.12763690948486328
7550,62.4375,-0.13214774429798126,-0.0350383572280407,0.1901370942592621,0.0012157390592619777,0.21057153344154358,-0.11106329783797264,-0.13214774429798126
7560,53.125,-0.12439337372779846,-0.03605078682303429,0.08640858680009841,0.0012813132489100099,0.20971118807792663,-0.11606186628341675,-0.12439337372779846
7570,56.5,-0.1389411985874176,-0.028601603768765926,0.05549701377749443,0.0011870048707351088,0.2099223718047142,-0.12062659263610839,-0.1389411985874176
7580,63.3125,-0.1279708296060562,-0.036749286204576494,0.15166706442832947,0.001151699712499976,0.2103300243616104,-0.10586018580943346,-0.1279708296060562
7590,75.25,-0.16191385686397552,-0.030355863645672797,0.0739364504814148,0.0013291833689436316,0.20949323624372482,-0.11087165400385857,-0.16191385686397552
7600,71.1875,-0.09659575670957565,-0.02434084303677082,0.08450417071580887,0.00118796955794096,0.210738168656826,-0.11408913135528564,-0.09659575670957565
7610,56.4375,-0.13010475039482117,-0.03760532066226006,0.07485473901033401,0.0012458133278414607,0.20980870276689528,-0.11083395928144454,-0.13010475039482117
7620,42.8125,-0.14815407991409302,-0.03786154761910439,0.11885039210319519,0.0012274866690859198,0.2091490000486374,-0.12036496549844741,-0.14815407991409302
7630,54.25,-0.10605822503566742,-0.026201656833291054,0.12246193289756775,0.0011372776702046395,0.2095834195613861,-0.11700525060296059,-0.10605822503566742
7640,45.375,-0.0961608812212944,-0.03272845074534416,0.11980203688144683,0.0012609766563400626,0.209756501019001,-0.11450992152094841,-0.0961608812212944
7650,44.25,-0.09585178643465042,-0.025994892604649066,0.10822629332542419,0.001109724468551576,0.2103482663631439,-0.11062813475728035,-0.09585178643465042
7660,59.3125,-0.13356167078018188,-0.02732076607644558,0.14135874509811402,0.001276705996133387,0.21152734011411667,-0.11157401725649833,-0.13356167078018188
7670,60.5625,-0.10183405876159668,-0.025360545516014098,0.10040905326604843,0.0011282339226454496,0.2103862062096596,-0.10874482318758964,-0.10183405876159668
7680,62.9375,-0.07701136916875839,-0.02626354470849037,0.13355888724327086,0.0011461988091468812,0.21142807751893997,-0.10967763662338256,-0.07701136916875839
7690,56.75,-0.14289423823356628,-0.03192035108804703,0.09972886592149735,0.0011988115729764104,0.2129304125905037,-0.11595561876893043,-0.14289423823356628
7700,78.0625,-0.14702585339546204,-0.031118446588516237,0.17749580442905427,0.0012695387238636612,0.21336513459682466,-0.11491340529173613,-0.14702585339546204
7710,63.9375,-0.13844826817512512,-0.03090720735490322,0.1710076481103897,0.0012140335980802774,0.21304040253162385,-0.1143819086253643,-0.13844826817512512
7720,58.1875,-0.07856129109859467,-0.035831544734537604,0.07865301370620728,0.00123906631488353,0.2126697912812233,-0.10717414692044258,-0.07856129109859467
7730,71.0,-0.12778058648109436,-0.03488433845341206,0.09600585401058197,0.0011731018079444767,0.2126799315214157,-0.12539478465914727,-0.12778058648109436
7740,86.4375,-0.20408883690834045,-0.034481984376907346,0.18354389071464539,0.0011828277027234435,0.2139334723353386,-0.11843337826430797,-0.20408883690834045
7750,54.9375,-0.18669170141220093,-0.03701788149774075,0.1337806835770607,0.001204678905196488,0.21240434050559998,-0.11556925103068352,-0.18669170141220093
7760,47.375,-0.13527891039848328,-0.037165815383195876,0.05754297748208046,0.0012181647354736925,0.21353855580091477,-0.12234194986522198,-0.13527891039848328
7770,69.5625,-0.09611514210700989,-0.0370531776919961,0.0928813323378563,0.0012371802236884832,0.21429549157619476,-0.11630182042717933,-0.09611514210700989
7780,61.875,-0.06727737188339233,-0.031759575754404065,0.10156693011522293,0.0012236624956130982,0.21435979902744293,-0.11420350670814514,-0.06727737188339233
7790,58.0625,-0.10703668743371964,-0.034981170669198036,0.11179598271846772,0.0011148632038384676,0.2146426260471344,-0.12396932020783424,-0.10703668743371964
7800,62.4375,-0.11073073744773865,-0.03725641965866089,0.06683819219470025,0.0012746511492878199,0.2157225415110588,-0.11464898735284805,-0.11073073744773865
7810,55.5625,-0.10200738161802292,-0.030997071787714957,0.1220743328332901,0.0011084567289799453,0.21676736325025558,-0.1187377117574215,-0.10200738161802292
7820,50.5625,-0.10106100142002106,-0.034478620067238806,0.10989365428686142,0.0013035039883106947,0.2170523777604103,-0.1254408299922943,-0.10106100142002106
7830,55.625,-0.14495818316936493,-0.03370329812169075,0.06151223182678223,0.0013075551949441433,0.21471547484397888,-0.1263338401913643,-0.14495818316936493
7840,70.125,-0.09228306263685226,-0.0361878901720047,0.09730866849422455,0.001255251350812614,0.21555846333503723,-0.11756663620471955,-0.09228306263685226
7850,58.375,-0.10886390507221222,-0.03242692984640598,0.18013037145137786,0.001339365099556744,0.21553359627723695,-0.12092691361904144,-0.10886390507221222
7860,77.4375,-0.15525120496749878,-0.032318140380084515,0.18727966547012329,0.0012378093553707004,0.21442224085330963,-0.11162662096321582,-0.15525120496749878
7870,56.5625,-0.1023523136973381,-0.029008439183235167,0.15149839222431183,0.0012325182324275374,0.21709278523921965,-0.10529417544603348,-0.1023523136973381
7880,67.125,-0.1001800075173378,-0.04101725593209267,0.10199922323226929,0.001417168672196567,0.2164015382528305,-0.11008640676736832,-0.1001800075173378
7890,79.1875,-0.11780831962823868,-0.033527756482362746,0.13686758279800415,0.0012729866895824671,0.21700204461812972,-0.11864193454384804,-0.11780831962823868
7900,41.5625,-0.05094921961426735,-0.03130585327744484,0.1273593097925186,0.0013558455742895604,0.2168200984597206,-0.10074766464531422,-0.05094921961426735
7910,49.875,-0.14193753898143768,-0.03603452667593956,0.14460455775260925,0.0012918825494125485,0.21815274506807328,-0.11357143595814705,-0.14193753898143768
7920,43.375,-0.07513544708490372,-0.030845316499471663,0.06348821073770523,0.0012835391564294696,0.21721301227808,-0.11359592825174332,-0.07513544708490372
7930,53.875,-0.11421332508325577,-0.03241098243743181,0.07502077519893646,0.001307786488905549,0.21588800549507142,-0.12295812517404556,-0.11421332508325577
7940,67.4375,-0.10946974158287048,-0.032779809460043906,0.0998985454440117,0.0011096192989498376,0.21600086390972137,-0.11196152418851853,-0.10946974158287048
7950,44.3125,-0.09067406505346298,-0.03693929351866245,0.0804208129644394,0.0012194066075608134,0.2167006552219391,-0.11036419048905373,-0.09067406505346298
7960,51.1875,-0.11588156968355179,-0.0369991285726428,0.12513448745012284,0.0012045770417898893,0.216205333173275,-0.10775058344006538,-0.11588156968355179
7970,57.5625,-0.1042773425579071,-0.033408567681908606,0.05524669587612152,0.0013690462103113533,0.21660199463367463,-0.11786977797746659,-0.1042773425579071
7980,73.9375,-0.09207586944103241,-0.034182735905051234,0.10575833767652512,0.0012496021576225758,0.21746663749217987,-0.11800562888383866,-0.09207586944103241
7990,48.875,-0.12608537077903748,-0.034846581146121026,0.07380581945180893,0.0013250630581751466,0.21717625856399536,-0.12596450969576836,-0.12608537077903748
8000,57.5625,-0.0396394282579422,-0.034084911458194256,0.03743112236261368,0.0012428826885297894,0.22026468217372894,-0.11170884519815445,-0.0396394282579422
8010,63.625,-0.12773573398590088,-0.03316250294446945,0.05802934989333153,0.0012189195491373538,0.2181762456893921,-0.12478404715657235,-0.12773573398590088
8020,78.8125,-0.08713604509830475,-0.031924857571721074,0.11911295503377914,0.0012840445386245846,0.21614829301834107,-0.11656799688935279,-0.08713604509830475
8030,66.125,-0.17750313878059387,-0.03661898598074913,0.16358526051044464,0.0011702245334163307,0.2179155796766281,-0.12042416334152221,-0.17750313878059387
8040,60.5,-0.07091681659221649,-0.030818338319659234,0.10857027769088745,0.0010917257983237504,0.22088661044836044,-0.1015266977250576,-0.07091681659221649
8050,77.75,-0.08236515522003174,-0.03588557317852974,0.1414661943912506,0.001143248938024044,0.21830819100141524,-0.11323792338371277,-0.08236515522003174
8060,63.875,-0.1293346881866455,-0.037905145436525345,0.11735644936561584,0.001337146060541272,0.21960253417491912,-0.11157983019948006,-0.1293346881866455
8070,57.5625,-0.12731191515922546,-0.03189967125654221,0.09587042033672333,0.0011470602359622717,0.22166652828454972,-0.11995981931686402,-0.12731191515922546
8080,85.75,-0.05772019177675247,-0.02812679875642061,0.09613477885723114,0.0011084787314757706,0.22095606625080108,-0.11222102865576744,-0.05772019177675247
8090,69.5,-0.08990232646465302,-0.02728915810585022,0.11786298751831055,0.0011123841162770987,0.21796027570962906,-0.11532607860863209,-0.08990232646465302
8100,69.3125,-0.05931810662150383,-0.0341064415872097,0.13627740740776062,0.001128170476295054,0.22133913934230803,-0.1089583083987236,-0.05931810662150383
8110,64.9375,-0.18060985207557678,-0.03155997060239315,0.16166548132896424,0.001189389917999506,0.22201421856880188,-0.11993616968393325,-0.18060985207557678
8120,82.5625,-0.1335299015045166,-0.033014751598238946,0.22237695455551149,0.0011516171973198653,0.2227206900715828,-0.11123163998126984,-0.1335299015045166
8130,63.8125,-0.12997695803642273,-0.03479800727218389,0.12474268972873688,0.0012876075226813555,0.22280104607343673,-0.11497737169265747,-0.12997695803642273
8140,76.125,-0.14634115993976593,-0.032535478472709656,0.13761395812034607,0.0012551812455058099,0.2237233877182007,-0.11338835433125496,-0.14634115993976593
8150,46.8125,-0.12421949952840805,-0.033004551008343694,0.10729204714298249,0.0011895706644281744,0.22198559641838073,-0.11369109973311424,-0.12421949952840805
8160,60.0,-0.10164618492126465,-0.0291174553334713,0.08042265474796295,0.0012273385422304274,0.2216466799378395,-0.11053473576903343,-0.10164618492126465
8170,79.3125,-0.11299487948417664,-0.03153326325118542,0.16713512241840361,0.00122604260686785,0.22422025501728057,-0.11659171804785728,-0.11299487948417664
8180,70.8125,-0.12176128476858139,-0.028403068706393243,0.04746146574616432,0.0012631431920453906,0.22364817708730697,-0.12212165221571922,-0.12176128476858139
8190,54.625,-0.10171783715486526,-0.02972283735871315,0.06912968456745147,0.001176728680729866,0.22359910756349563,-0.12430886030197144,-0.10171783715486526
8200,74.0625,-0.12064225226640701,-0.033577853441238405,0.09590555280447007,0.0012089283438399435,0.22556852251291276,-0.12020679414272309,-0.12064225226640701
8210,89.1875,-0.10397735238075256,-0.03195328786969185,0.10453890413045883,0.001238995767198503,0.22465980798006058,-0.11332470253109932,-0.10397735238075256
8220,70.8125,-0.1653950959444046,-0.02967442199587822,0.14887492656707763,0.0013417061883956194,0.22342845648527146,-0.12213890999555588,-0.1653950959444046
8230,76.125,-0.11150361597537994,-0.03713075700215995,0.08868066966533661,0.0012826763559132814,0.22388914674520494,-0.10961173698306084,-0.11150361597537994
8240,86.625,-0.08404506742954254,-0.0290575485676527,0.13233266323804854,0.0011704702163115143,0.22451911121606827,-0.11256197020411492,-0.08404506742954254
8250,70.75,-0.08408010005950928,-0.022081029787659644,0.13680704534053803,0.0012837944319471716,0.22356254011392593,-0.11612243205308914,-0.08408010005950928
8260,80.25,-0.09078749269247055,-0.029536478966474534,0.18995659947395324,0.0013010367983952165,0.22271658182144166,-0.11660834848880768,-0.09078749269247055
8270,85.375,-0.1501440852880478,-0.034998975694179535,0.3026320517063141,0.0012417284306138754,0.22138620764017106,-0.11959810703992843,-0.1501440852880478
8280,98.1875,-0.1457929015159607,-0.03136531300842762,0.28320525884628295,0.0012103634420782329,0.2232414022088051,-0.11571073494851589,-0.1457929015159607
8290,62.1875,-0.10556383430957794,-0.03846487179398537,0.06467418819665909,0.0012385278241708875,0.22295520901679994,-0.11209637224674225,-0.10556383430957794
8300,64.3125,-0.10725675523281097,-0.03099718168377876,0.10338236540555953,0.001328074187040329,0.22335126101970673,-0.12126385048031807,-0.10725675523281097
8310,73.1875,-0.08813194185495377,-0.03234233865514398,0.08976293653249741,0.0011482695350423454,0.22270346581935882,-0.12299388125538827,-0.08813194185495377
8320,73.0,-0.1544739305973053,-0.030655619502067567,0.24024954736232756,0.0011824670713394881,0.22196381241083146,-0.1269702475517988,-0.1544739305973053
8330,64.1875,-0.11239885538816452,-0.03662904128432274,0.17154498696327208,0.0012882598442956806,0.22294129580259323,-0.1195588581264019,-0.11239885538816452
8340,76.4375,-0.1517372727394104,-0.030899668857455254,0.07964238226413727,0.0011719166534021497,0.22325339764356614,-0.12246237322688103,-0.1517372727394104
8350,86.25,-0.09573514759540558,-0.03280054833739996,0.17189292907714843,0.0012010986916720866,0.22385207265615464,-0.11829125508666039,-0.09573514759540558
8360,77.4375,-0.14433948695659637,-0.03467675745487213,0.2022465407848358,0.001138701499439776,0.2220255985856056,-0.11816182434558868,-0.14433948695659637
8370,60.4375,-0.06969178467988968,-0.032908059656620026,0.1078078269958496,0.0011639572447165846,0.22344914078712463,-0.11651562303304672,-0.06969178467988968
8380,84.9375,-0.1512170433998108,-0.03548765890300274,0.16349246799945832,0.0012337909545749425,0.22349858433008193,-0.12852905169129372,-0.1512170433998108
8390,66.375,-0.1406809538602829,-0.0370231669396162,0.20750097632408143,0.0013432172825559973,0.22315242886543274,-0.11756651028990746,-0.1406809538602829
8400,79.375,-0.09155479818582535,-0.0247652281075716,0.15945350229740143,0.0013165469048544765,0.2240404799580574,-0.11233851835131645,-0.09155479818582535
8410,66.625,-0.16957274079322815,-0.03360442779958248,0.12987721264362334,0.001249864511191845,0.22365909516811372,-0.13198316618800163,-0.16957274079322815
8420,74.0,-0.08993716537952423,-0.03762300871312618,0.11412168443202972,0.0012163664447143673,0.2231218621134758,-0.11541008725762367,-0.08993716537952423
8430,62.875,-0.060976747423410416,-0.03530030846595764,0.08044389486312867,0.0012518085772171617,0.22353062480688096,-0.12778514064848423,-0.060976747423410416
8440,74.375,-0.14195474982261658,-0.027765797078609468,0.19766986668109893,0.00123078643810004,0.22324985414743423,-0.13426436111330986,-0.14195474982261658
8450,61.5,-0.10748559236526489,-0.037798928841948506,0.10166447758674621,0.0013136846711859107,0.2218184471130371,-0.12535171657800676,-0.10748559236526489
8460,55.1875,-0.12071545422077179,-0.03629487678408623,0.08679146468639373,0.0011390344938263298,0.22234096378087997,-0.12619398906826973,-0.12071545422077179
8470,76.75,-0.11846442520618439,-0.03146293424069881,0.07309212982654571,0.0012925728457048534,0.22173340767621993,-0.13400334268808364,-0.11846442520618439
8480,73.375,-0.12530378997325897,-0.03543674424290657,0.05373145490884781,0.001184420008212328,0.22181181162595748,-0.13259583041071893,-0.12530378997325897
8490,90.125,-0.10352395474910736,-0.03569084573537111,0.10912436693906784,0.0011331011075526476,0.2246616929769516,-0.12876251637935637,-0.10352395474910736
8500,81.0625,-0.13869482278823853,-0.03257961422204971,0.12926267832517624,0.0011098705930635334,0.22545143216848373,-0.12638289406895636,-0.13869482278823853
8510,91.9375,-0.1830339878797531,-0.032781283184885976,0.17750070691108705,0.0010711247567087411,0.2246105045080185,-0.12843529731035233,-0.1830339878797531
8520,92.125,-0.12664802372455597,-0.033383240550756456,0.13113669455051422,0.0010345113929361104,0.22515519112348556,-0.11939496025443078,-0.12664802372455597
8530,78.125,-0.12235671281814575,-0.03509318381547928,0.10826530456542968,0.001118405908346176,0.2264641597867012,-0.12567683011293412,-0.12235671281814575
8540,57.3125,-0.11551892012357712,-0.0375649007037282,0.17635546028614044,0.0010500758653506637,0.22720189541578292,-0.13198383152484894,-0.11551892012357712
8550,75.4375,-0.10787606239318848,-0.03027742225676775,0.08390289843082428,0.0010084351291880012,0.22635528296232224,-0.13421098589897157,-0.10787606239318848
8560,79.5,-0.12144079804420471,-0.03496430814266205,0.09581162929534912,0.0010969583643600344,0.23020442724227905,-0.12051914110779763,-0.12144079804420471
8570,62.3125,-0.07009919732809067,-0.029035834595561028,0.1259300634264946,0.0011854660464450718,0.23096711933612823,-0.12736975774168968,-0.07009919732809067
8580,78.6875,-0.11759540438652039,-0.03814801797270775,0.16251144111156463,0.0011796092614531517,0.22766592502593994,-0.13462415263056754,-0.11759540438652039
8590,62.5,-0.1228165328502655,-0.033826755732297896,0.15441475808620453,0.000998448277823627,0.23248725533485412,-0.12450425550341607,-0.1228165328502655
8600,62.125,-0.14710262417793274,-0.03125738203525543,0.11499034762382507,0.0010263163363561033,0.23070720285177232,-0.12325863242149353,-0.14710262417793274
8610,63.8125,-0.16601932048797607,-0.03240168634802103,0.1643426537513733,0.0011799740605056286,0.23056557923555374,-0.12300371900200843,-0.16601932048797607
8620,73.1875,-0.09056703001260757,-0.03299532569944859,0.1325351595878601,0.0012329081073403358,0.23415084779262543,-0.11446220763027667,-0.09056703001260757
8630,53.6875,-0.09008441865444183,-0.03148545138537884,0.09057984799146652,0.001182661741040647,0.2326921656727791,-0.12359667420387269,-0.09008441865444183
8640,58.25,-0.09907644987106323,-0.02601159755140543,0.08538345843553544,0.001182424509897828,0.23201185017824172,-0.11222911775112152,-0.09907644987106323
8650,76.1875,-0.08194036036729813,-0.02932760361582041,0.1339595526456833,0.0011705879587680101,0.23312602192163467,-0.11551014184951783,-0.08194036036729813
8660,75.5,-0.13791045546531677,-0.03378022573888302,0.12845225334167482,0.0012602910166606307,0.23336094468832017,-0.10925563052296638,-0.13791045546531677
8670,67.5,-0.10516670346260071,-0.03244960159063339,0.14234395325183868,0.0011624762322753669,0.23264240026473998,-0.1133612036705017,-0.10516670346260071
8680,69.875,-0.11856291443109512,-0.03296926375478506,0.13079806566238403,0.001133348629809916,0.23426977097988128,-0.11586121246218681,-0.11856291443109512
8690,106.4375,-0.13693973422050476,-0.032421787083148954,0.19424595236778258,0.001115013542585075,0.23387557417154312,-0.1120915312319994,-0.13693973422050476
8700,73.75,-0.12101750820875168,-0.025579196214675904,0.14712678492069245,0.001090761716477573,0.2344536989927292,-0.11171232610940933,-0.12101750820875168
8710,53.4375,-0.07276874035596848,-0.028701389394700526,0.16910316050052643,0.001135568111203611,0.23404983878135682,-0.10323317274451256,-0.07276874035596848
8720,73.8125,-0.0684976801276207,-0.03459912240505218,0.12676665484905242,0.0012429503025487066,0.23578680157661439,-0.10671031959354878,-0.0684976801276207
8730,59.625,-0.15432724356651306,-0.03870104402303696,0.09337561130523682,0.0012089040828868747,0.23571239560842513,-0.11654875725507736,-0.15432724356651306
8740,78.4375,-0.13838474452495575,-0.03136896081268788,0.1862159937620163,0.001242580357939005,0.23671955466270447,-0.11463576406240464,-0.13838474452495575
8750,60.375,-0.09686872363090515,-0.03207742869853973,0.16683395802974701,0.0013916593743488193,0.23647240400314332,-0.11888091713190078,-0.09686872363090515
8760,58.25,-0.12970362603664398,-0.048653623461723326,0.08904525339603424,0.001345275342464447,0.23470368534326552,-0.11663679108023643,-0.12970362603664398
8770,38.625,-0.10013370215892792,-0.033118798211216924,0.0887760043144226,0.0013730460777878761,0.23446566015481948,-0.1150015078485012,-0.10013370215892792
8780,56.8125,-0.1318337321281433,-0.029805822670459746,0.11801592260599136,0.0012938811210915445,0.23570971190929413,-0.11570805609226227,-0.1318337321281433
8790,53.6875,-0.10311698168516159,-0.040655914880335334,0.13695137202739716,0.0012195223942399025,0.23686087876558304,-0.11383834034204483,-0.10311698168516159
8800,63.6875,-0.08258386701345444,-0.03595731090754271,0.18077615201473235,0.0014255778165534138,0.23671420514583588,-0.12081079632043838,-0.08258386701345444
8810,79.0,-0.06463555991649628,-0.035510774701833725,0.08509062230587006,0.0012415658682584762,0.23594760298728942,-0.12368932738900185,-0.06463555991649628
8820,66.1875,-0.13390487432479858,-0.033913423866033555,0.15781661570072175,0.0014161817962303758,0.2355636641383171,-0.12078495770692825,-0.13390487432479858
8830,48.375,-0.08728071302175522,-0.034597140923142436,0.08232700526714325,0.0011530386516824364,0.23826908320188522,-0.10573316439986229,-0.08728071302175522
8840,56.5,-0.11499112844467163,-0.03612041417509317,0.08076285868883133,0.0012352116173133254,0.23796616941690446,-0.13352541029453277,-0.11499112844467163
8850,80.4375,-0.10049490630626678,-0.03452146891504526,0.1715674877166748,0.0011705993209034204,0.23796648979187013,-0.11756218783557415,-0.10049490630626678
8860,50.0,-0.12000766396522522,-0.03299286924302578,0.09492485076189042,0.0013480816036462785,0.23708043545484542,-0.11607423201203346,-0.12000766396522522
8870,71.375,-0.09664621949195862,-0.03686327077448368,0.06810985654592513,0.0013141056522727012,0.23883917480707167,-0.1177974782884121,-0.09664621949195862
8880,52.0625,-0.1314452737569809,-0.03349636793136597,0.15446577966213226,0.0012904600007459521,0.23842084109783174,-0.12222708389163017,-0.1314452737569809
8890,72.0625,-0.1330992728471756,-0.03383512757718563,0.08808718025684356,0.0012342971749603748,0.24072454422712325,-0.12610550373792648,-0.1330992728471756
8900,88.375,-0.08208313584327698,-0.03299733735620976,0.19273854196071624,0.001143887685611844,0.24012808054685592,-0.11321754828095436,-0.08208313584327698
8910,44.375,-0.11562967300415039,-0.03599553927779198,0.06541161388158798,0.001289300131611526,0.23891035765409468,-0.11256987750530242,-0.11562967300415039
8920,62.0625,-0.06285078078508377,-0.027744299545884133,0.10076519697904587,0.0012470281217247248,0.24083161652088164,-0.11234342604875565,-0.06285078078508377
8930,83.6875,-0.11862298846244812,-0.03765074238181114,0.10477013736963273,0.0012198518728837372,0.241273432970047,-0.11292652562260627,-0.11862298846244812
8940,65.1875,-0.14963343739509583,-0.032778751105070114,0.1442240744829178,0.0011727948673069476,0.24157187193632126,-0.10778986364603042,-0.14963343739509583
8950,73.125,-0.10491953045129776,-0.03264391720294953,0.19710097312927247,0.0012668041046708823,0.24226987063884736,-0.11095638014376163,-0.10491953045129776
8960,66.3125,-0.1228112131357193,-0.029909780621528624,0.09974706023931504,0.0012725818436592818,0.24380427598953247,-0.11319410055875778,-0.1228112131357193
8970,56.0,-0.11275482177734375,-0.034611624851822856,0.18525051176548005,0.0012695549754425882,0.24327476918697358,-0.10843755975365639,-0.11275482177734375
8980,54.5625,-0.12977942824363708,-0.032178203389048574,0.204533851146698,0.0013396747643128037,0.2433399513363838,-0.11934653595089913,-0.12977942824363708
8990,62.8125,-0.09802871942520142,-0.030897021293640137,0.1167855829000473,0.001305982330814004,0.2438284307718277,-0.12363983318209648,-0.09802871942520142
9000,40.5625,-0.14520759880542755,-0.039157460629940036,0.06674229502677917,0.0013764304574579,0.24308861792087555,-0.13496863096952438,-0.14520759880542755
9010,52.3125,-0.060597144067287445,-0.03162151798605919,0.06800862848758697,0.0013179067987948655,0.24562180042266846,-0.12188366316258907,-0.060597144067287445
9020,68.75,-0.1698775291442871,-0.03357192371040583,0.06460679173469544,0.0014577157096937298,0.24494941383600236,-0.11760967373847961,-0.1698775291442871
9030,85.375,-0.10160768032073975,-0.027425500750541686,0.08828995674848557,0.0012110959738492965,0.24501075595617294,-0.10691701918840409,-0.10160768032073975
9040,60.5625,-0.11865502595901489,-0.02650729864835739,0.17270316183567047,0.001195585704408586,0.24641120582818984,-0.10069273933768272,-0.11865502595901489
9050,62.625,-0.0763663500547409,-0.033194659650325774,0.0811702162027359,0.0012542206328362226,0.24915191680192947,-0.11090920045971871,-0.0763663500547409
9060,65.5,-0.1507575362920761,-0.03949626386165619,0.06381487995386123,0.0013371076667681337,0.24805801808834077,-0.11605732068419457,-0.1507575362920761
9070,76.125,-0.10307048261165619,-0.027706039883196355,0.17327489852905273,0.0011214367346838116,0.24932099431753157,-0.09641360938549041,-0.10307048261165619
9080,78.875,-0.07520633935928345,-0.031514466553926465,0.14882582128047944,0.0011251447722315788,0.2527072310447693,-0.08824480473995208,-0.07520633935928345
9090,85.0,-0.10668234527111053,-0.026307934895157814,0.29486011266708373,0.0010380796389654278,0.25145669281482697,-0.09499748684465885,-0.10668234527111053
9100,79.25,-0.033778801560401917,-0.03888574577867985,0.13126768469810485,0.0012519218260422349,0.252204903960228,-0.08818178959190845,-0.033778801560401917
9110,79.3125,-0.08449656516313553,-0.040034571290016176,0.06906137764453887,0.0014400913612917065,0.25483409464359286,-0.09263210222125054,-0.08449656516313553
9120,72.0625,-0.12757614254951477,-0.03382323533296585,0.13296633660793306,0.001251004682853818,0.2540536403656006,-0.10626083873212337,-0.12757614254951477
9130,54.9375,-0.1050662100315094,-0.031594454869627954,0.10342633426189422,0.0013790450524538756,0.25564858317375183,-0.10234624613076448,-0.1050662100315094
9140,52.8125,-0.13010787963867188,-0.03324539568275213,0.16489070951938628,0.0011222945991903543,0.25525383949279784,-0.09546232130378485,-0.13010787963867188
9150,66.3125,-0.07893361896276474,-0.023450556211173534,0.1524352490901947,0.001254592719487846,0.25605299770832063,-0.08903696686029434,-0.07893361896276474
9160,86.125,-0.12971383333206177,-0.03397518489509821,0.12083596140146255,0.0012009609024971723,0.2561739027500153,-0.10040521807968616,-0.12971383333206177
9170,85.875,-0.03843594342470169,-0.031004151329398155,0.1956603854894638,0.0011037260526791215,0.2579014986753464,-0.08638781495392323,-0.03843594342470169
9180,66.4375,-0.14005598425865173,-0.037205523997545245,0.09137005060911178,0.0012727599358186125,0.25744882225990295,-0.10270654801279307,-0.14005598425865173
9190,59.1875,-0.07222339510917664,-0.03336259480565786,0.12028293609619141,0.0012129211332648992,0.2590507835149765,-0.09922440573573113,-0.07222339510917664
9200,62.3125,-0.07319863140583038,-0.02930865865200758,0.13820647001266478,0.001166863343678415,0.2588547557592392,-0.09843787625432014,-0.07319863140583038
9210,75.3125,-0.08516746014356613,-0.03067070320248604,0.11507783979177474,0.0011792555917054415,0.2597357988357544,-0.10668347030878067,-0.08516746014356613
9220,72.25,-0.105690136551857,-0.034650854766368866,0.1060068815946579,0.0011364675592631102,0.26106570065021517,-0.09539167992770672,-0.105690136551857
9230,69.3125,-0.08878482133150101,-0.030455831438302994,0.19817356765270233,0.0011761321453377604,0.26062873303890227,-0.11223678663372993,-0.08878482133150101
9240,54.625,-0.12017787247896194,-0.03116411492228508,0.05705200806260109,0.0012164348736405373,0.26131620109081266,-0.1089734809473157,-0.12017787247896194
9250,70.625,-0.07816115021705627,-0.03727942183613777,0.14977657198905944,0.001185612310655415,0.26377536058425904,-0.1036672905087471,-0.07816115021705627
9260,76.75,-0.06276994943618774,-0.02985391914844513,0.11378428488969802,0.0011464265175163747,0.26414582431316375,-0.10090655758976937,-0.06276994943618774
9270,74.25,-0.024184707552194595,-0.03647197410464287,0.08815931081771851,0.0012598109897226095,0.2640999734401703,-0.09065721668303013,-0.024184707552194595
9280,87.25,-0.14948463439941406,-0.03544844482094049,0.13004172444343567,0.0011890085646882654,0.2654461026191711,-0.08860351343173534,-0.14948463439941406
9290,80.25,-0.11141349375247955,-0.03406198807060719,0.13358848690986633,0.001132696750573814,0.2655801236629486,-0.0853871688246727,-0.11141349375247955
9300,74.75,-0.05130671337246895,-0.03607548763975501,0.06424788981676102,0.0012435254408046602,0.2657947659492493,-0.09378010146319866,-0.05130671337246895
9310,55.5625,-0.06038645654916763,-0.028364696353673936,0.12406827360391617,0.0013062187936156988,0.26524982452392576,-0.09681068696081638,-0.06038645654916763
9320,67.0,-0.03197619318962097,-0.03780943062156439,0.08566177040338516,0.0011950532207265496,0.266431525349617,-0.10074184313416482,-0.03197619318962097
9330,53.125,-0.11246650665998459,-0.04008661545813084,0.0781931459903717,0.001313923322595656,0.2664985865354538,-0.0962174441665411,-0.11246650665998459
9340,87.1875,-0.11335192620754242,-0.03556157574057579,0.22502778172492982,0.0011838553939014674,0.2654601991176605,-0.09075604118406773,-0.11335192620754242
9350,47.875,-0.06000373512506485,-0.026306787505745888,0.1725712835788727,0.0012463347287848593,0.26641212999820707,-0.08056279234588146,-0.06000373512506485
9360,57.375,-0.06655290722846985,-0.030061591416597366,0.12756927013397218,0.001133731845766306,0.266218963265419,-0.08428429737687111,-0.06655290722846985
9370,47.6875,-0.06420016288757324,-0.032896950468420984,0.10684788823127747,0.0012921155197545887,0.26698005199432373,-0.0839834414422512,-0.06420016288757324
9380,77.875,-0.0968349352478981,-0.032515675947070125,0.2499018281698227,0.0011978721944615246,0.26657738983631135,-0.08831026069819928,-0.0968349352478981
9390,80.875,-0.027808278799057007,-0.031895188800990584,0.11350945681333542,0.0012548572616651655,0.26900596618652345,-0.07267415858805179,-0.027808278799057007
9400,54.5,-0.12654927372932434,-0.030040031298995018,0.25225123167037966,0.001164132636040449,0.2678022414445877,-0.09307284206151963,-0.12654927372932434
9410,42.0625,-0.07046279311180115,-0.034475593455135824,0.11378282606601715,0.0012781223515048624,0.267395356297493,-0.0856780793517828,-0.07046279311180115
9420,90.75,-0.09293674677610397,-0.03522622920572758,0.18136144876480104,0.001276014605537057,0.2700299948453903,-0.08659696392714977,-0.09293674677610397
9430,57.125,-0.05599536746740341,-0.029082055762410165,0.16906286776065826,0.00124023521784693,0.26813549995422364,-0.085471860319376,-0.05599536746740341
9440,54.3125,-0.08579042553901672,-0.032995445653796196,0.18634997606277465,0.0014058879809454084,0.2681223064661026,-0.08585712984204293,-0.08579042553901672
9450,49.0,-0.11792182922363281,-0.03763230964541435,0.054702725261449814,0.0014836214017122985,0.26776668429374695,-0.10173634774982929,-0.11792182922363281
9460,93.6875,-0.09387442469596863,-0.03847384843975306,0.2786829471588135,0.0012678619008511306,0.2687146425247192,-0.09030507802963257,-0.09387442469596863
9470,68.4375,-0.052712999284267426,-0.03590908274054527,0.060533424466848375,0.0012531838146969676,0.268095400929451,-0.0962844604626298,-0.052712999284267426
9480,65.5,-0.043133292347192764,-0.040609354712069036,0.13813678324222564,0.0011380702257156373,0.27055099606513977,-0.09489233493804931,-0.043133292347192764
9490,54.5,-0.11186103522777557,-0.02813797015696764,0.18929731249809265,0.0012809422332793474,0.2700174540281296,-0.09628572650253772,-0.11186103522777557
9500,59.5,-0.10606640577316284,-0.03595975637435913,0.07599875181913376,0.0012489050393924117,0.27113220393657683,-0.09474497362971306,-0.10606640577316284
9510,62.8125,-0.07788863778114319,-0.034342095255851746,0.07979922145605087,0.0011641251854598521,0.27163514494895935,-0.07705836668610573,-0.07788863778114319
9520,67.6875,-0.1134350597858429,-0.03048415035009384,0.15419834554195405,0.0012235385365784168,0.27341203689575194,-0.09669312611222267,-0.1134350597858429
9530,77.5625,0.0032081217505037785,-0.03745299726724625,0.12972296476364137,0.0011444750940427183,0.2746207892894745,-0.08920529745519161,0.0032081217505037785
9540,62.0,-0.10204115509986877,-0.0323729619383812,0.09434572458267212,0.001333203655667603,0.2734720915555954,-0.1029911044985056,-0.10204115509986877
9550,68.1875,-0.06521042436361313,-0.03255737777799368,0.15314561426639556,0.001129352324642241,0.27299864292144777,-0.09468054175376892,-0.06521042436361313
9560,44.6875,-0.10282353311777115,-0.034385258331894875,0.09729641526937485,0.0012352266814559699,0.2754592686891556,-0.09937252327799798,-0.10282353311777115
9570,68.125,-0.10296180844306946,-0.03152202367782593,0.09858160614967346,0.0012928049080073833,0.27588315308094025,-0.09681833405047655,-0.10296180844306946
9580,62.1875,-0.15582704544067383,-0.025864100828766824,0.10978929847478866,0.0012456733966246247,0.2763742983341217,-0.10279668159782887,-0.15582704544067383
9590,54.6875,-0.12307711690664291,-0.03693500980734825,0.09313214868307114,0.0012643436901271343,0.27543860375881196,-0.0929842334240675,-0.12307711690664291
9600,48.1875,-0.13019616901874542,-0.0351779468357563,0.0631065770983696,0.0012941325083374977,0.2782484024763107,-0.09978523403406143,-0.13019616901874542
9610,57.625,-0.03437492251396179,-0.03174552172422409,0.0792426273226738,0.001278040511533618,0.2782303363084793,-0.09207027480006218,-0.03437492251396179
9620,51.0625,-0.08865697681903839,-0.03590212166309357,0.08547946214675903,0.0012141129933297633,0.2779789626598358,-0.0853658776730299,-0.08865697681903839
9630,81.125,-0.11283247172832489,-0.034395016729831696,0.15459301173686982,0.0013542158761993051,0.2794500768184662,-0.08951719719916582,-0.11283247172832489
9640,64.75,-0.06084670126438141,-0.03941402621567249,0.06251811534166336,0.0013040951453149319,0.27899048626422884,-0.08701263815164566,-0.06084670126438141
9650,74.9375,-0.07849551737308502,-0.03123730272054672,0.10861739367246628,0.0012110277777537704,0.27843979001045227,-0.07764881383627653,-0.07849551737308502
9660,67.375,-0.07149909436702728,-0.033042931370437144,0.10914071500301362,0.001228717132471502,0.2798042118549347,-0.08296955935657024,-0.07149909436702728
9670,60.5,-0.08564892411231995,-0.029544005542993544,0.07404752671718598,0.0011464207898825407,0.27914993464946747,-0.09434620589017868,-0.08564892411231995
9680,42.375,-0.0705975815653801,-0.03745205719023943,0.040081008523702624,0.0014394434168934823,0.2792991608381271,-0.08645677119493485,-0.0705975815653801
9690,64.0,-0.08349178731441498,-0.03141667768359184,0.09422357678413391,0.0014097655657678843,0.27879573702812194,-0.09113301672041416,-0.08349178731441498
9700,74.0625,-0.09561259299516678,-0.03071318306028843,0.0765561193227768,0.0013357729651033879,0.28099245429039,-0.08194032218307257,-0.09561259299516678
9710,58.3125,-0.06215837597846985,-0.030351029708981514,0.1423911690711975,0.001268932013772428,0.2805309295654297,-0.08622763678431511,-0.06215837597846985
9720,60.0,-0.03821893408894539,-0.034797528944909575,0.10005788654088973,0.0012720748549327255,0.28142215609550475,-0.08569228872656823,-0.03821893408894539
9730,46.25,-0.13564559817314148,-0.03796520121395588,0.09493995159864425,0.0013096445705741643,0.280915892124176,-0.09253799375146628,-0.13564559817314148
9740,59.0,-0.034424226731061935,-0.03595517575740814,0.09708376675844192,0.001378320762887597,0.28250007927417753,-0.08307377882301807,-0.034424226731061935
9750,53.4375,-0.08779409527778625,-0.034066912904381755,0.08053106367588043,0.0013688845559954644,0.28217663168907164,-0.07654120698571205,-0.08779409527778625
9760,65.8125,-0.12528783082962036,-0.03368307631462812,0.24518803060054778,0.0011663483455777168,0.2824676692485809,-0.07800625166855753,-0.12528783082962036
9770,77.5,-0.11507990956306458,-0.031110477074980734,0.15886472761631013,0.0012679278617724777,0.28093926310539247,-0.08147374093532563,-0.11507990956306458
9780,62.5,-0.05382387712597847,-0.028509042970836163,0.1635543406009674,0.0011351192602887749,0.28375981748104095,-0.0717861492652446,-0.05382387712597847
9790,85.4375,-0.045754145830869675,-0.031142625585198404,0.10320480614900589,0.001235723914578557,0.28269406259059904,-0.07761136265471577,-0.045754145830869675
9800,74.375,-0.08472598344087601,-0.035946789756417276,0.1319190502166748,0.0013514020945876836,0.2811822444200516,-0.0890611281618476,-0.08472598344087601
9810,72.8125,-0.04849059134721756,-0.03211111798882484,0.09251977205276489,0.0014424845343455673,0.28231643736362455,-0.07535841315984726,-0.04849059134721756
9820,50.0,-0.060318201780319214,-0.02858355436474085,0.13927747011184693,0.0012044978560879827,0.28221169412136077,-0.06651843152940273,-0.060318201780319214
9830,75.4375,-0.06969141960144043,-0.03369954489171505,0.15827368795871735,0.0012276147259399294,0.28202238380908967,-0.07029225677251816,-0.06969141960144043
9840,59.25,-0.04957788437604904,-0.0342804316431284,0.14533313512802123,0.0013641151133924722,0.2825285941362381,-0.08043949156999589,-0.04957788437604904
9850,62.875,-0.056668970733881,-0.03179043345153332,0.12181319743394851,0.0012779817450791597,0.2818265646696091,-0.07833569683134556,-0.056668970733881
9860,60.5625,-0.07074938714504242,-0.03282440006732941,0.1441580832004547,0.0013359331991523505,0.2831993907690048,-0.07926638238132,-0.07074938714504242
9870,69.3125,-0.09331220388412476,-0.03640071339905262,0.21629652082920076,0.0014223920647054912,0.2839805752038956,-0.08292875457555056,-0.09331220388412476
9880,86.375,-0.02047041617333889,-0.03222854975610971,0.1313462883234024,0.0012627862859517335,0.2840546429157257,-0.07122496403753757,-0.02047041617333889
9890,79.0,-0.05104923993349075,-0.03228605296462774,0.12546828538179397,0.0011059796204790473,0.28424392342567445,-0.08183811455965043,-0.05104923993349075
9900,66.4375,-0.0789417251944542,-0.026838185824453832,0.0976248562335968,0.0011701332172378899,0.28395600616931915,-0.07467076051980256,-0.0789417251944542
9910,64.125,-0.03628743067383766,-0.030772484838962555,0.11758925914764404,0.0012077398365363478,0.2857154309749603,-0.0782487478107214,-0.03628743067383766
9920,57.1875,-0.09519858658313751,-0.02567912433296442,0.13561297059059144,0.0013170362217351794,0.28564044237136843,-0.07028668913990259,-0.09519858658313751
9930,42.375,-0.11383944749832153,-0.03659518361091614,0.08262691199779511,0.0013285728404298426,0.28487599492073057,-0.10193776562809945,-0.11383944749832153
9940,46.6875,-0.08457277715206146,-0.0392340786755085,0.06449386551976204,0.0013374472269788384,0.2849614769220352,-0.08966590538620949,-0.08457277715206146
9950,58.3125,-0.040974006056785583,-0.034365501068532464,0.03900641053915024,0.0013391376240178942,0.2861669838428497,-0.08261180054396391,-0.040974006056785583
9960,59.125,-0.12647958099842072,-0.031672215461730956,0.06278696060180664,0.0013899574987590313,0.284725558757782,-0.0966889277100563,-0.12647958099842072
9970,55.0625,-0.07398182153701782,-0.028476881235837935,0.07990347146987915,0.0012849289923906326,0.2852846264839172,-0.08838517032563686,-0.07398182153701782
9980,63.25,-0.020414916798472404,-0.0344123475253582,0.052921099960803984,0.001355716702528298,0.28602315187454225,-0.07457138486206531,-0.020414916798472404
9990,73.1875,-0.0727633610367775,-0.03344152346253395,0.1465759515762329,0.0013050326611846685,0.28540149331092834,-0.08203947097063065,-0.0727633610367775
10000,47.0625,-0.009793278761208057,-0.035613108053803445,0.09720429480075836,0.001433826214633882,0.28629057109355927,-0.07390683675184846,-0.009793278761208057
