epoch,lifetime,reward_mean,policy_loss,value_loss,sym_loss,score_real__/full,score_fake__/full,disc_reward__/full
1,15.65625,-0.0006190156564116478,0.16816794499754906,0.9652479887008667,0.0,0.014316024258732796,0.003802094841375947,-0.0006190156564116478
10,14.4375,-0.030585233122110367,-0.039908111467957495,0.08965793251991272,0.0,0.016025444958359003,0.006104608544976347,-0.030585233122110367
20,16.78125,-0.02994471788406372,-0.03374603781849146,0.06865068562328816,0.0,0.02250719554722309,0.004116312152473256,-0.02994471788406372
30,18.46875,-0.034868236631155014,-0.029649842670187353,0.05694067031145096,0.0,0.02925760531798005,-0.0004108922672457993,-0.034868236631155014
40,15.78125,-0.038259029388427734,-0.03383900541812181,0.07904058434069157,0.0,0.03698018044233322,-0.007163189997663721,-0.038259029388427734
50,19.65625,-0.04999419301748276,-0.03379350062459707,0.045867905393242835,0.0,0.045421785302460195,-0.01546612218953669,-0.04999419301748276
60,20.46875,-0.05026019364595413,-0.03183652237057686,0.04288894832134247,0.0,0.053859437629580495,-0.024391355458647013,-0.05026019364595413
70,15.4375,-0.07043485343456268,-0.03585957083851099,0.053528892993927005,0.0,0.061046722903847696,-0.03284903028979898,-0.07043485343456268
80,17.625,-0.06452061235904694,-0.031154744792729616,0.05393034219741821,0.0,0.06950095035135746,-0.03988212216645479,-0.06452061235904694
90,17.0625,-0.07383742928504944,-0.03425944056361914,0.059533394128084186,0.0,0.07800808772444726,-0.04928441233932972,-0.07383742928504944
100,19.53125,-0.09082990884780884,-0.033106336183845994,0.06921582333743573,0.0,0.08599793426692486,-0.058285842277109624,-0.09082990884780884
110,22.90625,-0.08505316078662872,-0.02993980348110199,0.03637807797640562,0.0,0.09268207363784313,-0.06617046929895878,-0.08505316078662872
120,14.78125,-0.11086870729923248,-0.040164112392812965,0.0620708879083395,0.0,0.09797812514007091,-0.0759986836463213,-0.11086870729923248
130,19.03125,-0.10048120468854904,-0.03537113117054105,0.055082541331648825,0.0,0.10415972843766212,-0.08066253177821636,-0.10048120468854904
140,19.5,-0.1147594228386879,-0.03408468347042799,0.053552735969424246,0.0,0.10988343097269535,-0.08659005835652352,-0.1147594228386879
150,18.59375,-0.11227846145629883,-0.036375473532825706,0.04409460611641407,0.0,0.11586248427629471,-0.0910957980901003,-0.11227846145629883
160,21.96875,-0.12759339809417725,-0.028586156480014325,0.05391392782330513,0.0,0.12225111350417137,-0.09464163519442081,-0.12759339809417725
170,17.65625,-0.13590550422668457,-0.036151425540447236,0.026517530903220177,0.0,0.12704081162810327,-0.10269292816519737,-0.13590550422668457
180,18.34375,-0.1294185221195221,-0.0321452028118074,0.017841988895088434,0.0,0.1285974033176899,-0.10289404317736625,-0.1294185221195221
190,23.59375,-0.12740547955036163,-0.027836971823126076,0.03457936327904463,0.0,0.1325717478990555,-0.11154928803443909,-0.12740547955036163
200,17.3125,-0.14684775471687317,-0.03374669943004847,0.0240476144477725,0.0,0.1354175865650177,-0.12128930799663067,-0.14684775471687317
210,20.5,-0.1650606095790863,-0.036746757477521895,0.02319551110267639,0.0,0.1380879282951355,-0.13026865012943745,-0.1650606095790863
220,21.28125,-0.14603611826896667,-0.032881584390997885,0.02740938439965248,0.0,0.13966997638344764,-0.13780441135168076,-0.14603611826896667
230,20.84375,-0.16301651298999786,-0.029232945572584868,0.036703471839427945,0.0,0.1431825987994671,-0.14436950162053108,-0.16301651298999786
240,17.71875,-0.16033515334129333,-0.037211756221950054,0.043577256985008715,0.0,0.14592585116624832,-0.14027835614979267,-0.16033515334129333
250,21.46875,-0.14992953836917877,-0.035471141804009676,0.02589767165482044,0.0,0.14932927265763282,-0.1330930817872286,-0.14992953836917877
260,20.9375,-0.13762463629245758,-0.0348649874329567,0.02366386856883764,0.0,0.1542120724916458,-0.12929106839001178,-0.13762463629245758
270,18.40625,-0.1588084101676941,-0.03965204395353794,0.029076636582612992,0.0,0.15663717761635781,-0.12978817597031594,-0.1588084101676941
280,19.65625,-0.16721686720848083,-0.03260267591103912,0.022992817126214503,0.0,0.16009315177798272,-0.1410105362534523,-0.16721686720848083
290,20.5625,-0.15919606387615204,-0.0351448480039835,0.026941887475550173,0.0,0.16367995515465736,-0.1477021038532257,-0.15919606387615204
300,19.9375,-0.18491755425930023,-0.034990976378321645,0.025305514223873615,0.0,0.16584625989198684,-0.1537381164729595,-0.18491755425930023
310,21.21875,-0.17910490930080414,-0.030737410951405763,0.027066443301737308,0.0,0.1684281349182129,-0.15751924589276314,-0.17910490930080414
320,18.15625,-0.17749369144439697,-0.03837793804705143,0.026072399131953715,0.0,0.16997189819812775,-0.1641332045197487,-0.17749369144439697
330,21.0625,-0.17937183380126953,-0.03771610977128148,0.021283900178968907,0.0,0.17487488985061644,-0.16225557029247284,-0.17937183380126953
340,17.40625,-0.18787217140197754,-0.03663293868303299,0.032017227821052076,0.0,0.17348630875349044,-0.1667935721576214,-0.18787217140197754
350,19.53125,-0.18968099355697632,-0.036690552812069656,0.024305745400488375,0.0,0.17716324105858802,-0.1685899905860424,-0.18968099355697632
360,23.78125,-0.19562140107154846,-0.03357750028371811,0.026224224269390105,0.0,0.1767977498471737,-0.1725284330546856,-0.19562140107154846
370,16.21875,-0.20810064673423767,-0.035747130215167996,0.027325513213872908,0.0,0.17492688819766045,-0.1791161224246025,-0.20810064673423767
380,16.71875,-0.19596239924430847,-0.03839733805507421,0.03194196429103613,0.0,0.17797138169407845,-0.18112984895706177,-0.19596239924430847
390,24.46875,-0.20081043243408203,-0.035137296002358195,0.02673434354364872,0.0,0.17863012999296188,-0.18033353984355927,-0.20081043243408203
400,22.75,-0.1792745590209961,-0.03819154668599367,0.02151395659893751,0.0,0.18054380416870117,-0.1695684775710106,-0.1792745590209961
410,16.25,-0.19207213819026947,-0.04025632962584495,0.03457046113908291,0.0,0.18171750456094743,-0.16394567340612412,-0.19207213819026947
420,20.6875,-0.1685466766357422,-0.03614636212587356,0.04017812088131904,0.0,0.18424715995788574,-0.15778049528598787,-0.1685466766357422
430,18.09375,-0.18967145681381226,-0.0387586073949933,0.033471412397921084,0.0,0.18633369281888007,-0.16007350385189056,-0.18967145681381226
440,20.28125,-0.1699744313955307,-0.03539936859160662,0.033351548947393894,0.0,0.18765592724084854,-0.1601380906999111,-0.1699744313955307
450,21.8125,-0.20388829708099365,-0.03786993315443397,0.018613963574171066,0.0,0.18690531253814696,-0.16765714287757874,-0.20388829708099365
460,17.53125,-0.20048271119594574,-0.03167300159111619,0.039540288411080836,0.0,0.1874213233590126,-0.17223280742764474,-0.20048271119594574
470,22.78125,-0.19217491149902344,-0.04354105126112699,0.02322726510465145,0.0,0.18863322362303733,-0.17428740933537484,-0.19217491149902344
480,17.0625,-0.1976696103811264,-0.039646838791668415,0.025736370123922825,0.0,0.1867375575006008,-0.1717155985534191,-0.1976696103811264
490,19.1875,-0.20212408900260925,-0.04197023352608085,0.022699436545372008,0.0,0.18692013397812843,-0.17971842512488365,-0.20212408900260925
500,25.0625,-0.17547665536403656,-0.038236858509480956,0.01493948008865118,0.0,0.1906900644302368,-0.17347392961382865,-0.17547665536403656
510,17.0,-0.18557444214820862,-0.03792446125298739,0.033273694850504396,0.0,0.19148528575897217,-0.17267628610134125,-0.18557444214820862
520,16.46875,-0.19398099184036255,-0.038188496604561806,0.028124102391302586,0.0,0.19434161558747293,-0.17309408262372017,-0.19398099184036255
530,17.09375,-0.20137488842010498,-0.03668401557952165,0.02390928417444229,0.0,0.19762107133865356,-0.17694499269127845,-0.20137488842010498
540,16.8125,-0.18715959787368774,-0.04008902832865715,0.03390226867049932,0.0,0.1986808694899082,-0.17658872455358504,-0.18715959787368774
550,16.84375,-0.1838320791721344,-0.040251788776367904,0.02149234712123871,0.0,0.1982848636806011,-0.1792152501642704,-0.1838320791721344
560,18.5,-0.17096199095249176,-0.03633146295323968,0.02180632147938013,0.0,0.20160888954997064,-0.17777976095676423,-0.17096199095249176
570,17.8125,-0.191511869430542,-0.038580653443932536,0.02220251616090536,0.0,0.20134396329522133,-0.17920829877257347,-0.191511869430542
580,19.8125,-0.1713508665561676,-0.03726874366402626,0.019920137338340284,0.0,0.20298160165548323,-0.17306281477212906,-0.1713508665561676
590,17.28125,-0.19345538318157196,-0.03763837860897183,0.024914370104670524,0.0,0.2045459434390068,-0.16872205063700677,-0.19345538318157196
600,19.0,-0.18608660995960236,-0.04404651485383511,0.02423984184861183,0.0,0.20690704509615898,-0.1670567899942398,-0.18608660995960236
610,15.9375,-0.1947784721851349,-0.036200405657291414,0.026058020442724227,0.0,0.2060055159032345,-0.16579198017716407,-0.1947784721851349
620,18.25,-0.18716786801815033,-0.04098251843824983,0.015348328836262226,0.0,0.20928245410323143,-0.16302643865346908,-0.18716786801815033
630,22.25,-0.17423216998577118,-0.04020379036664963,0.022685696184635163,0.0,0.20905659571290017,-0.16164190843701362,-0.17423216998577118
640,16.125,-0.1857568919658661,-0.042813430167734624,0.01653247941285372,0.0,0.21041490510106087,-0.1666846714913845,-0.1857568919658661
650,17.28125,-0.1828729510307312,-0.041403278894722464,0.027347528003156187,0.0,0.21253286078572273,-0.1611928440630436,-0.1828729510307312
660,19.6875,-0.16265198588371277,-0.040334404818713664,0.0231146976351738,0.0,0.21224212348461152,-0.1626777693629265,-0.16265198588371277
670,19.28125,-0.1694529950618744,-0.04084144569933414,0.03102236967533827,0.0,0.2116817869246006,-0.15555258914828302,-0.1694529950618744
680,17.15625,-0.19167731702327728,-0.03904428919777274,0.02282541524618864,0.0,0.21388959810137748,-0.1554169125854969,-0.19167731702327728
690,19.65625,-0.177669495344162,-0.03916223682463169,0.02368749864399433,0.0,0.21599651724100113,-0.1570318467915058,-0.177669495344162
700,19.34375,-0.1680077612400055,-0.04311258252710104,0.01835171105340123,0.0,0.21662791967391967,-0.1508129879832268,-0.1680077612400055
710,23.09375,-0.16975241899490356,-0.03863395312801003,0.01860812259837985,0.0,0.21863635182380675,-0.14980334490537645,-0.16975241899490356
720,20.625,-0.15921954810619354,-0.03522279430180788,0.027553291246294975,0.0,0.22057688757777213,-0.1537536807358265,-0.15921954810619354
730,16.8125,-0.17113932967185974,-0.0414626644924283,0.035368100926280024,0.0,0.22009179145097732,-0.14732096418738366,-0.17113932967185974
740,19.03125,-0.15421094000339508,-0.04125482253730297,0.024775372818112373,0.0,0.21981723308563234,-0.14069438837468623,-0.15421094000339508
750,17.9375,-0.1687633991241455,-0.04356019292026758,0.04481258951127529,0.0,0.22251519486308097,-0.14270319268107415,-0.1687633991241455
760,17.28125,-0.16343620419502258,-0.04068833272904158,0.021155055984854697,0.0,0.22238722145557405,-0.14192643463611604,-0.16343620419502258
770,17.71875,-0.15349403023719788,-0.04240492880344391,0.030419567227363588,0.0,0.22283394783735275,-0.14271285608410836,-0.15349403023719788
780,20.625,-0.16582071781158447,-0.04226618008688092,0.039185916818678376,0.0,0.22276398539543152,-0.14456764794886112,-0.16582071781158447
790,17.6875,-0.16144706308841705,-0.04111695364117622,0.025807956233620644,0.0,0.22205608412623407,-0.1474172979593277,-0.16144706308841705
800,21.34375,-0.16267304122447968,-0.03643527962267399,0.10506986565887928,0.0,0.22140554264187812,-0.1429938141256571,-0.16267304122447968
810,18.9375,-0.14658579230308533,-0.04075447507202625,0.02268954589962959,0.0,0.22174973264336587,-0.1454373635351658,-0.14658579230308533
820,13.8125,-0.1843162178993225,-0.04280115570873022,0.05810824818909168,0.0,0.2237166829407215,-0.15201312750577928,-0.1843162178993225
830,19.03125,-0.1680055856704712,-0.0382118659093976,0.03596754316240549,0.0,0.22365011125802994,-0.14564773961901664,-0.1680055856704712
840,18.125,-0.172037273645401,-0.036053217481821775,0.0577212356030941,0.0,0.22336024791002274,-0.14938356652855872,-0.172037273645401
850,18.59375,-0.15293091535568237,-0.037548238411545753,0.03324628435075283,0.0,0.22347765117883683,-0.1515176694840193,-0.15293091535568237
860,18.21875,-0.16685475409030914,-0.04122711531817913,0.04595937393605709,0.0,0.22310928255319595,-0.15187516435980797,-0.16685475409030914
870,15.5,-0.1744103878736496,-0.039725951571017507,0.07203658446669578,0.0,0.2233791247010231,-0.15219080969691276,-0.1744103878736496
880,19.5625,-0.17349563539028168,-0.042879074905067684,0.07027310468256473,0.0,0.22366121411323547,-0.156521225720644,-0.17349563539028168
890,22.78125,-0.1679941564798355,-0.040681824833154676,0.03660432267934084,0.0,0.22214946523308754,-0.15564031675457954,-0.1679941564798355
900,14.5,-0.17334315180778503,-0.04824544545263052,0.046032554283738134,0.0,0.21892624348402023,-0.16162875816226005,-0.17334315180778503
910,18.0,-0.15768128633499146,-0.03663861285895109,0.10351826921105385,0.0,0.2240904912352562,-0.1565243825316429,-0.15768128633499146
920,20.0625,-0.16079385578632355,-0.042536113411188126,0.034684079326689245,0.0,0.2227352626621723,-0.1521323412656784,-0.16079385578632355
930,20.71875,-0.1662498414516449,-0.0383334175683558,0.03046859838068485,0.0,0.22359279692173004,-0.1520165078341961,-0.1662498414516449
940,24.71875,-0.17207159101963043,-0.04545455882325768,0.05134190283715725,0.0,0.22245017513632775,-0.1516985647380352,-0.17207159101963043
950,20.28125,-0.16241410374641418,-0.041928171552717684,0.042768375016748905,0.0,0.22586825266480445,-0.1537056528031826,-0.16241410374641418
960,23.09375,-0.1629238873720169,-0.03870287835597992,0.03813058137893677,0.0,0.2242954693734646,-0.14908344075083732,-0.1629238873720169
970,21.53125,-0.16081225872039795,-0.04157210607081652,0.039847441017627716,0.0,0.22701006829738618,-0.1485591284930706,-0.16081225872039795
980,18.28125,-0.167766273021698,-0.039046259317547086,0.03374721575528383,0.0,0.22626493349671364,-0.14818260222673416,-0.167766273021698
990,21.3125,-0.1481916606426239,-0.04485555086284876,0.0394479788839817,0.0,0.2266744650900364,-0.14441709518432616,-0.1481916606426239
1000,17.78125,-0.1589648574590683,-0.03759245313704014,0.04536791983991861,0.0,0.2233021676540375,-0.1475670851767063,-0.1589648574590683
1010,23.125,-0.14814922213554382,-0.043650956079363826,0.05413329526782036,0.0,0.22801780179142953,-0.14663754999637604,-0.14814922213554382
1020,18.125,-0.16759923100471497,-0.03944561295211315,0.054941360652446744,0.0,0.22876629307866098,-0.14611899554729463,-0.16759923100471497
1030,21.9375,-0.1736094057559967,-0.04044490437954664,0.05106447897851467,0.0,0.22869941145181655,-0.1451829880475998,-0.1736094057559967
1040,15.625,-0.16075362265110016,-0.041626196913421155,0.0348652919754386,0.0,0.22784102708101273,-0.13991905003786087,-0.16075362265110016
1050,24.15625,-0.15268602967262268,-0.037974635139107704,0.06971543617546558,0.0,0.2290237195789814,-0.1381277471780777,-0.15268602967262268
1060,23.3125,-0.15654636919498444,-0.03655835827812552,0.05645476318895817,0.0,0.2304785892367363,-0.1367843896150589,-0.15654636919498444
1070,21.25,-0.15463241934776306,-0.0428739445284009,0.045228245109319686,0.0,0.2293634794652462,-0.1364554598927498,-0.15463241934776306
1080,20.84375,-0.14139385521411896,-0.04184419699013233,0.05277575924992561,0.0,0.23194995298981666,-0.13547485284507274,-0.14139385521411896
1090,18.125,-0.17516401410102844,-0.042365073785185815,0.0710784763097763,0.0,0.231456258893013,-0.1376421269029379,-0.17516401410102844
1100,19.0625,-0.15434861183166504,-0.04263059543445706,0.0957280494272709,0.0,0.23188053742051123,-0.12857407741248608,-0.15434861183166504
1110,19.5625,-0.1387459933757782,-0.03761283867061138,0.060364506021142,0.0,0.23287630528211595,-0.12943059019744396,-0.1387459933757782
1120,17.6875,-0.15022623538970947,-0.045996717922389505,0.05732795894145966,0.0,0.23448044061660767,-0.13034819066524506,-0.15022623538970947
1130,21.625,-0.14538295567035675,-0.03616154901683331,0.050608358904719354,0.0,0.23618223369121552,-0.1288863390684128,-0.14538295567035675
1140,24.46875,-0.1358582228422165,-0.040959281101822856,0.0534732349216938,0.0,0.23462110981345177,-0.1262987945228815,-0.1358582228422165
1150,15.75,-0.1402299404144287,-0.03714955607429147,0.06144259497523308,0.0,0.23305974826216697,-0.12576849795877934,-0.1402299404144287
1160,16.21875,-0.16196736693382263,-0.039300893992185594,0.05757153406739235,0.0,0.2345280133187771,-0.12808588445186614,-0.16196736693382263
1170,23.375,-0.12300430238246918,-0.038602082151919605,0.05417892821133137,0.0,0.2325559951364994,-0.1246229164302349,-0.12300430238246918
1180,19.09375,-0.13685700297355652,-0.039201154932379724,0.06761153787374496,0.0,0.23643135726451875,-0.12670570313930513,-0.13685700297355652
1190,23.1875,-0.12134692072868347,-0.040539213456213474,0.06746707074344158,0.0,0.234514332562685,-0.127333078160882,-0.12134692072868347
1200,18.8125,-0.12829206883907318,-0.043608297035098074,0.048434628173708916,0.0,0.23336025327444077,-0.12405864223837852,-0.12829206883907318
1210,19.0,-0.13025090098381042,-0.042425719927996396,0.04321230258792639,0.0,0.23584965616464615,-0.12246857360005378,-0.13025090098381042
1220,22.25,-0.1236620619893074,-0.03828460425138473,0.037565849162638186,0.0,0.23187255188822747,-0.1213968399912119,-0.1236620619893074
1230,23.0625,-0.11985994130373001,-0.03553580390289426,0.04510408565402031,0.0,0.234101153165102,-0.12457489371299743,-0.11985994130373001
1240,15.8125,-0.14166122674942017,-0.04280289998278022,0.05963887460529804,0.0,0.23476735278964042,-0.12288413308560849,-0.14166122674942017
1250,17.96875,-0.1408747434616089,-0.0430585352703929,0.06345000378787517,0.0,0.23479874804615974,-0.11760127544403076,-0.1408747434616089
1260,17.125,-0.14201873540878296,-0.04457183443009853,0.06411598287522793,0.0,0.234073306620121,-0.12077920027077198,-0.14201873540878296
1270,24.34375,-0.1267451047897339,-0.04320762064307928,0.04696062207221985,0.0,0.23646372258663179,-0.1182318538427353,-0.1267451047897339
1280,17.21875,-0.1663873791694641,-0.04359200932085514,0.03463246636092663,0.0,0.2334493838250637,-0.12052997127175331,-0.1663873791694641
1290,24.0625,-0.12296268343925476,-0.04348447192460299,0.05523281954228878,0.0,0.23408095985651017,-0.12012704648077488,-0.12296268343925476
1300,22.03125,-0.14461664855480194,-0.04390070326626301,0.03879781812429428,0.0,0.23434560596942902,-0.12002004273235797,-0.14461664855480194
1310,17.0,-0.15352308750152588,-0.042766655702143906,0.03920707106590271,0.0,0.2305611975491047,-0.124435930326581,-0.15352308750152588
1320,20.4375,-0.13882729411125183,-0.048954080790281296,0.04186673257499933,0.0,0.23346055597066878,-0.1255689900368452,-0.13882729411125183
1330,20.6875,-0.14995014667510986,-0.04769803714007139,0.07642082571983337,0.0,0.2304407201707363,-0.12492370419204235,-0.14995014667510986
1340,23.0625,-0.14210589230060577,-0.047054394707083703,0.0455763217061758,0.0,0.23285946175456046,-0.12497644089162349,-0.14210589230060577
1350,14.8125,-0.14070633053779602,-0.045980030298233034,0.05279015153646469,0.0,0.2332673743367195,-0.12027229331433772,-0.14070633053779602
1360,23.0625,-0.13341866433620453,-0.04179548844695091,0.06570673249661922,0.0,0.23239878416061402,-0.1239714540541172,-0.13341866433620453
1370,17.5,-0.1516110599040985,-0.04785876348614693,0.05048974864184856,0.0,0.2283785566687584,-0.12383073158562183,-0.1516110599040985
1380,22.96875,-0.15655647218227386,-0.043984024226665495,0.06396985054016113,0.0,0.22898042127490043,-0.1255260154604912,-0.15655647218227386
1390,20.125,-0.15280263125896454,-0.043685156386345625,0.04819697290658951,0.0,0.2314659170806408,-0.1248223777860403,-0.15280263125896454
1400,15.03125,-0.15880079567432404,-0.03925508540123701,0.10671967491507531,0.0,0.22978782877326012,-0.12485537752509117,-0.15880079567432404
1410,16.59375,-0.15357297658920288,-0.04617244489490986,0.05098910927772522,0.0,0.22981564253568648,-0.1267254289239645,-0.15357297658920288
1420,19.0,-0.15681108832359314,-0.04683216717094183,0.05755593776702881,0.0,0.2279087111353874,-0.1295112483203411,-0.15681108832359314
1430,17.65625,-0.1487393081188202,-0.04142061248421669,0.0664947610348463,0.0,0.2270351953804493,-0.13283864296972753,-0.1487393081188202
1440,22.59375,-0.13213644921779633,-0.04317618738859892,0.05136936157941818,0.0,0.22647595182061195,-0.13063770942389966,-0.13213644921779633
1450,16.84375,-0.16068431735038757,-0.04376402143388987,0.059197204560041426,0.0,0.22515214532613753,-0.13486419655382634,-0.16068431735038757
1460,16.75,-0.15013569593429565,-0.04485213458538055,0.0626464132219553,0.0,0.22672268599271775,-0.1287201825529337,-0.15013569593429565
1470,20.1875,-0.14695018529891968,-0.04179123044013977,0.06601950787007808,0.0,0.22492748349905015,-0.12477210536599159,-0.14695018529891968
1480,17.5625,-0.12912528216838837,-0.043644385598599914,0.09430240206420422,0.0,0.22375497967004776,-0.13384497687220573,-0.12912528216838837
1490,18.25,-0.14766168594360352,-0.04364740177989006,0.043769100680947304,0.0,0.22498922124505044,-0.1372591994702816,-0.14766168594360352
1500,19.875,-0.15364554524421692,-0.04028800148516894,0.05324895530939102,0.0,0.2208799995481968,-0.1311102569103241,-0.15364554524421692
1510,20.0625,-0.1571059226989746,-0.04182246197015047,0.07774330154061318,0.0,0.21844875663518906,-0.13870827704668046,-0.1571059226989746
1520,20.34375,-0.15243634581565857,-0.04471091702580452,0.043462542816996574,0.0,0.2185993805527687,-0.13632616139948367,-0.15243634581565857
1530,21.09375,-0.13887110352516174,-0.04623099099844694,0.07248853109776973,0.0,0.2169920638203621,-0.1315709926187992,-0.13887110352516174
1540,16.40625,-0.14935746788978577,-0.04688235986977816,0.03381349910050631,0.0,0.220529605448246,-0.1355767570436001,-0.14935746788978577
1550,21.03125,-0.15754666924476624,-0.039528520032763484,0.049618784338235855,0.0,0.21851627975702287,-0.1329463344067335,-0.15754666924476624
1560,15.625,-0.15869945287704468,-0.046254359744489194,0.04969441518187523,0.0,0.21753447577357293,-0.13497698232531546,-0.15869945287704468
1570,18.59375,-0.14152851700782776,-0.042662940267473456,0.06880020350217819,0.0,0.21746115386486053,-0.13362292908132076,-0.14152851700782776
1580,15.84375,-0.16673782467842102,-0.04565989915281534,0.07079967521131039,0.0,0.21829503104090692,-0.13755099475383759,-0.16673782467842102
1590,18.03125,-0.16342082619667053,-0.04729309678077698,0.05540664345026016,0.0,0.21820108816027642,-0.1357756469398737,-0.16342082619667053
1600,18.21875,-0.155132457613945,-0.0432853446342051,0.0862518921494484,0.0,0.2143143132328987,-0.13720197305083276,-0.155132457613945
1610,15.9375,-0.15566378831863403,-0.046830215211957696,0.04185354709625244,0.0,0.21211629062891008,-0.13974924460053445,-0.15566378831863403
1620,20.5625,-0.1572416126728058,-0.043129051104187965,0.0423454450443387,0.0,0.21417910158634185,-0.14232132881879805,-0.1572416126728058
1630,18.6875,-0.1586472988128662,-0.04814043119549751,0.057620369270443915,0.0,0.20893028974533082,-0.14591799154877663,-0.1586472988128662
1640,21.71875,-0.16827356815338135,-0.0434097345918417,0.0485367376357317,0.0,0.20844990983605385,-0.1490916468203068,-0.16827356815338135
1650,15.28125,-0.18597060441970825,-0.04601009050384164,0.03200731109827757,0.0,0.20680762380361556,-0.15195368267595769,-0.18597060441970825
1660,15.59375,-0.17417848110198975,-0.04544681254774332,0.040210414305329324,0.0,0.2079571157693863,-0.15177769884467124,-0.17417848110198975
1670,19.84375,-0.15337827801704407,-0.03952206410467625,0.057569130510091784,0.0,0.20814532712101935,-0.15217253789305688,-0.15337827801704407
1680,25.6875,-0.15985766053199768,-0.04262424409389496,0.03878798894584179,0.0,0.20403434559702874,-0.15190037302672862,-0.15985766053199768
1690,21.84375,-0.16039207577705383,-0.04961925074458122,0.032940450496971606,0.0,0.20712795704603196,-0.14547629728913308,-0.16039207577705383
1700,21.03125,-0.15868335962295532,-0.04570790696889162,0.03824346624314785,0.0,0.20621220991015435,-0.14893065467476846,-0.15868335962295532
1710,21.875,-0.17366763949394226,-0.047581926733255384,0.04293237440288067,0.0,0.20622399747371672,-0.15300159975886346,-0.17366763949394226
1720,22.03125,-0.15320630371570587,-0.03876907043159008,0.05943111218512058,0.0,0.2084249660372734,-0.15244094878435135,-0.15320630371570587
1730,13.75,-0.1926635205745697,-0.04553105346858501,0.04442619290202856,0.0,0.20970437228679656,-0.15415074452757835,-0.1926635205745697
1740,19.78125,-0.14147615432739258,-0.048016350530087945,0.044719528406858444,0.0,0.2103808455169201,-0.13754666671156884,-0.14147615432739258
1750,16.125,-0.15932050347328186,-0.04586146892979741,0.06781135350465775,0.0,0.21192632988095284,-0.14218748919665813,-0.15932050347328186
1760,24.46875,-0.15185391902923584,-0.04400088526308536,0.04154340773820877,0.0,0.2115687608718872,-0.14178937301039696,-0.15185391902923584
1770,20.96875,-0.16223686933517456,-0.04123750999569893,0.0530044425278902,0.0,0.2080233246088028,-0.1477514088153839,-0.16223686933517456
1780,18.9375,-0.1568688452243805,-0.04116744017228484,0.053887588530778886,0.0,0.20641239285469054,-0.15139131546020507,-0.1568688452243805
1790,23.03125,-0.15978436172008514,-0.040279428288340566,0.051236390322446826,0.0,0.2047689326107502,-0.16051966920495034,-0.15978436172008514
1800,19.21875,-0.1746188849210739,-0.04635634608566761,0.0792793694883585,0.0,0.20504504442214966,-0.16101812720298767,-0.1746188849210739
1810,20.40625,-0.14750665426254272,-0.04705807957798243,0.06296950355172157,0.0,0.2061515875160694,-0.14980638325214385,-0.14750665426254272
1820,16.0,-0.18326617777347565,-0.04048479534685612,0.07255899794399738,0.0,0.20724352970719337,-0.15985775142908096,-0.18326617777347565
1830,16.65625,-0.16882072389125824,-0.050343123637139796,0.051815543323755264,0.0,0.20705796182155609,-0.14838877208530904,-0.16882072389125824
1840,15.1875,-0.18294450640678406,-0.04806012585759163,0.059741394221782686,0.0,0.20763192176818848,-0.1567612238228321,-0.18294450640678406
1850,20.21875,-0.16479110717773438,-0.047411134093999864,0.04608363099396229,0.0,0.20971923023462297,-0.14698236659169198,-0.16479110717773438
1860,18.59375,-0.15876685082912445,-0.051035684440284966,0.04816698245704174,0.0,0.20693428441882133,-0.15291676744818689,-0.15876685082912445
1870,20.71875,-0.17467275261878967,-0.03957122173160314,0.05820346139371395,0.0,0.20671768859028816,-0.15978429615497589,-0.17467275261878967
1880,21.84375,-0.17815928161144257,-0.039370130933821204,0.08987415879964829,0.0,0.20388353988528252,-0.16010379195213317,-0.17815928161144257
1890,18.25,-0.15667203068733215,-0.045189975015819075,0.046517516300082204,0.0,0.2068912260234356,-0.1537017308175564,-0.15667203068733215
1900,22.90625,-0.17149367928504944,-0.03877212330698967,0.09989327490329743,0.0,0.20394953414797784,-0.15971818566322327,-0.17149367928504944
1910,17.25,-0.16142584383487701,-0.04153440687805414,0.04682962242513895,0.0,0.20220399796962737,-0.1597668334841728,-0.16142584383487701
1920,16.53125,-0.19018855690956116,-0.042673015221953395,0.0604514479637146,0.0,0.20451050326228143,-0.1566914688795805,-0.19018855690956116
1930,18.5625,-0.1567392349243164,-0.041544292494654654,0.05605332739651203,0.0,0.2006436362862587,-0.15619926005601883,-0.1567392349243164
1940,16.09375,-0.17971132695674896,-0.047702792752534154,0.04220609366893768,0.0,0.20084095373749733,-0.1621307723224163,-0.17971132695674896
1950,14.0625,-0.1757887303829193,-0.04464016202837229,0.04357044473290443,0.0,0.2006946735084057,-0.16127219349145888,-0.1757887303829193
1960,22.0625,-0.16462886333465576,-0.04467888306826353,0.02908100578933954,0.0,0.2009112887084484,-0.1685469537973404,-0.16462886333465576
1970,23.03125,-0.1840655356645584,-0.040559175051748754,0.0671471580862999,0.0,0.20201985016465188,-0.16746473759412767,-0.1840655356645584
1980,17.90625,-0.18990591168403625,-0.03996864035725593,0.0640673205256462,0.0,0.2044311724603176,-0.16340962126851083,-0.18990591168403625
1990,15.40625,-0.16130414605140686,-0.048763057217001915,0.051986267790198326,0.0,0.20271423682570458,-0.1628803201019764,-0.16130414605140686
2000,18.90625,-0.1936178356409073,-0.05164965726435185,0.0618550643324852,0.0,0.20580151602625846,-0.1619240991771221,-0.1936178356409073
2010,17.5625,-0.18048489093780518,-0.04728694362565875,0.04805588126182556,0.0,0.205496596544981,-0.15796882957220076,-0.18048489093780518
2020,19.1875,-0.1604931652545929,-0.04286113083362579,0.047663236409425734,0.0,0.2074372075498104,-0.15843052715063094,-0.1604931652545929
2030,23.53125,-0.1541234850883484,-0.04604542274028063,0.030341200716793536,0.0,0.2067966103553772,-0.16257833316922188,-0.1541234850883484
2040,15.46875,-0.17950230836868286,-0.04407727401703596,0.043037749081850055,0.0,0.20656149685382844,-0.16425531581044198,-0.17950230836868286
2050,20.625,-0.15027233958244324,-0.042667531222105023,0.05312268920242787,0.0,0.21037064418196677,-0.15638629123568534,-0.15027233958244324
2060,16.0,-0.14340505003929138,-0.045516795571893455,0.04015120528638363,0.0,0.20948389917612076,-0.1563665673136711,-0.14340505003929138
2070,12.4375,-0.18339131772518158,-0.045797724090516564,0.045786045119166376,0.0,0.20865524783730507,-0.16180705577135085,-0.18339131772518158
2080,18.96875,-0.15593016147613525,-0.038322323746979234,0.04240941684693098,0.0,0.2103804886341095,-0.16075601428747177,-0.15593016147613525
2090,23.09375,-0.14182589948177338,-0.039633679389953616,0.052732282876968385,0.0,0.20627069100737572,-0.15891002267599105,-0.14182589948177338
2100,23.40625,-0.17520684003829956,-0.04725322462618351,0.036102301254868505,0.0,0.2076312243938446,-0.1585805594921112,-0.17520684003829956
2110,20.65625,-0.19544470310211182,-0.040293519385159016,0.049100979790091516,0.0,0.20601166635751725,-0.16402380615472795,-0.19544470310211182
2120,19.75,-0.16618114709854126,-0.04059386402368546,0.05790677741169929,0.0,0.2086440935730934,-0.1545255184173584,-0.16618114709854126
2130,20.0,-0.14886966347694397,-0.04818073632195592,0.027984528243541716,0.0,0.21167717948555947,-0.15263814777135848,-0.14886966347694397
2140,19.9375,-0.18561629951000214,-0.04102161163464189,0.06283832639455796,0.0,0.21007990837097168,-0.16134246736764907,-0.18561629951000214
2150,18.46875,-0.20970918238162994,-0.04339476153254509,0.06941720433533191,0.0,0.2055080749094486,-0.16762463226914406,-0.20970918238162994
2160,13.0,-0.18293076753616333,-0.04355437085032463,0.06290685832500457,0.0,0.205338691174984,-0.16842425391077995,-0.18293076753616333
2170,17.46875,-0.20713463425636292,-0.04211447611451149,0.04357603378593922,0.0,0.2057960756123066,-0.16931318268179893,-0.20713463425636292
2180,21.875,-0.1507575958967209,-0.04206746108829975,0.034254512190818785,0.0,0.20482174754142762,-0.15781453400850295,-0.1507575958967209
2190,19.65625,-0.1663830727338791,-0.04190498143434525,0.03662998024374246,0.0,0.20683759972453117,-0.16331075355410576,-0.1663830727338791
2200,20.625,-0.17451831698417664,-0.049713934864848854,0.06564144603908062,0.0,0.20830169916152955,-0.16129179522395135,-0.17451831698417664
2210,20.5625,-0.18623602390289307,-0.04633404798805714,0.05103043057024479,0.0,0.20905126854777337,-0.16152574867010117,-0.18623602390289307
2220,19.53125,-0.18833953142166138,-0.044930461794137955,0.04493341855704784,0.0,0.20856753140687942,-0.16450354531407357,-0.18833953142166138
2230,20.625,-0.16841107606887817,-0.045225179940462115,0.05603414885699749,0.0,0.2092059388756752,-0.16083510145545005,-0.16841107606887817
2240,19.75,-0.16302557289600372,-0.046389239653944966,0.034614816308021545,0.0,0.20828850269317628,-0.1611160807311535,-0.16302557289600372
2250,21.34375,-0.18302860856056213,-0.05070578120648861,0.05947422757744789,0.0,0.20929414331912993,-0.16457117721438408,-0.18302860856056213
2260,21.0,-0.19144666194915771,-0.04588429452851415,0.02945731170475483,0.0,0.210080486536026,-0.16273380741477012,-0.19144666194915771
2270,16.46875,-0.1678517758846283,-0.046231027506291864,0.06216515302658081,0.0,0.2092733733355999,-0.1622801676392555,-0.1678517758846283
2280,19.125,-0.1724749058485031,-0.04155435431748629,0.039907888136804105,0.0,0.21245654225349425,-0.15425904132425786,-0.1724749058485031
2290,21.21875,-0.15871116518974304,-0.04595550503581762,0.047696592286229134,0.0,0.21324803605675696,-0.1626801684498787,-0.15871116518974304
2300,23.9375,-0.18284200131893158,-0.0425150653347373,0.04172185119241476,0.0,0.21086960434913635,-0.1618357740342617,-0.18284200131893158
2310,18.875,-0.1844824105501175,-0.037106871418654916,0.039972041733562946,0.0,0.20917652770876885,-0.16592055857181548,-0.1844824105501175
2320,20.28125,-0.16907243430614471,-0.046229098178446296,0.02207440361380577,0.0,0.20692104548215867,-0.17179906368255615,-0.16907243430614471
2330,20.28125,-0.18424469232559204,-0.04842838142067194,0.03445489797741175,0.0,0.20449090078473092,-0.17452171295881272,-0.18424469232559204
2340,18.5,-0.1938190460205078,-0.045761557295918465,0.03275532629340887,0.0,0.20822338610887528,-0.16504153460264206,-0.1938190460205078
2350,19.125,-0.18403756618499756,-0.04521410316228867,0.033776459842920305,0.0,0.21190523132681846,-0.16782495602965355,-0.18403756618499756
2360,18.25,-0.21287506818771362,-0.04796257233247161,0.06452987715601921,0.0,0.2094620645046234,-0.16823502257466316,-0.21287506818771362
2370,18.4375,-0.1990116685628891,-0.050463490560650824,0.016178179997950792,0.0,0.20803146585822105,-0.1727733574807644,-0.1990116685628891
2380,20.375,-0.18357543647289276,-0.03982482152059674,0.047178960591554644,0.0,0.21156514063477516,-0.16255322992801666,-0.18357543647289276
2390,22.6875,-0.1807015985250473,-0.04676883183419704,0.041380415484309194,0.0,0.2111262246966362,-0.16193695664405822,-0.1807015985250473
2400,19.8125,-0.17917229235172272,-0.04170421501621604,0.054065064340829846,0.0,0.2091333270072937,-0.16755364015698432,-0.17917229235172272
2410,18.8125,-0.16949933767318726,-0.041647838428616524,0.042274486646056174,0.0,0.21154460236430167,-0.1653919480741024,-0.16949933767318726
2420,16.0,-0.16355594992637634,-0.04712225683033466,0.03994313590228558,0.0,0.21218224465847016,-0.16078973114490508,-0.16355594992637634
2430,16.78125,-0.1966344118118286,-0.04032872298266739,0.05138750001788139,0.0,0.21372944861650467,-0.16317289248108863,-0.1966344118118286
2440,14.5,-0.18322665989398956,-0.039936359785497186,0.08764989040791989,0.0,0.21112380027770997,-0.17100203782320023,-0.18322665989398956
2450,17.5625,-0.1883455514907837,-0.04410169925540686,0.048324113711714745,0.0,0.2114103302359581,-0.16834475770592688,-0.1883455514907837
2460,21.5625,-0.1650802195072174,-0.04086293466389179,0.023494436219334603,0.0,0.20938647761940957,-0.16505277529358864,-0.1650802195072174
2470,19.40625,-0.16447292268276215,-0.042321938835084436,0.04125601574778557,0.0,0.2097528137266636,-0.16125746592879295,-0.16447292268276215
2480,17.1875,-0.20024971663951874,-0.04168053362518549,0.03507665582001209,0.0,0.20706785395741462,-0.1680023767054081,-0.20024971663951874
2490,21.15625,-0.15868599712848663,-0.04656464606523514,0.023837036453187466,0.0,0.20817487463355064,-0.16814064383506774,-0.15868599712848663
2500,19.53125,-0.17005538940429688,-0.04323581978678703,0.06419923827052117,0.0,0.20648763552308083,-0.17032804787158967,-0.17005538940429688
2510,22.1875,-0.1719236969947815,-0.03676797598600388,0.07059843018651009,0.0,0.2079906828701496,-0.1675373800098896,-0.1719236969947815
2520,18.6875,-0.1874450147151947,-0.046875215135514736,0.04841665029525757,0.0,0.20882921889424325,-0.1732933357357979,-0.1874450147151947
2530,19.6875,-0.17595860362052917,-0.044290826097130774,0.05279627125710249,0.0,0.21121781021356584,-0.16587859839200975,-0.17595860362052917
2540,16.96875,-0.1809527724981308,-0.03711219578981399,0.042262133583426474,0.0,0.2122959278523922,-0.1622861407697201,-0.1809527724981308
2550,17.5,-0.19178813695907593,-0.040695705264806745,0.07290006428956985,0.0,0.21468619108200074,-0.16056568324565887,-0.19178813695907593
2560,14.71875,-0.17983189225196838,-0.04184492789208889,0.0481952540576458,0.0,0.21488272920250892,-0.1594569832086563,-0.17983189225196838
2570,22.09375,-0.14768418669700623,-0.04315791465342045,0.04432871900498867,0.0,0.2157040148973465,-0.15487770587205887,-0.14768418669700623
2580,16.65625,-0.16430488228797913,-0.04934455584734678,0.031050025299191476,0.0,0.213947319239378,-0.16690031811594963,-0.16430488228797913
2590,16.90625,-0.18158574402332306,-0.04141923151910305,0.07643290385603904,0.0,0.21509738713502885,-0.16317724585533142,-0.18158574402332306
2600,17.96875,-0.17341580986976624,-0.0382312735542655,0.0430279515683651,0.0,0.21850723549723625,-0.1610327757894993,-0.17341580986976624
2610,18.84375,-0.1713375449180603,-0.04183891024440527,0.03354945201426744,0.0,0.21743420735001565,-0.16214088648557662,-0.1713375449180603
2620,17.375,-0.19913148880004883,-0.048086886201053856,0.027033894881606103,0.0,0.21676737144589425,-0.16329487785696983,-0.19913148880004883
2630,15.09375,-0.1742139756679535,-0.04886511685326696,0.03273508902639151,0.0,0.21543499156832696,-0.16450924426317215,-0.1742139756679535
2640,18.625,-0.1655248999595642,-0.04487370140850544,0.03724533095955849,0.0,0.21589622125029564,-0.15879004448652267,-0.1655248999595642
2650,20.71875,-0.17968958616256714,-0.04365685610100627,0.03185016680508852,0.0,0.2169649861752987,-0.1570071078836918,-0.17968958616256714
2660,16.625,-0.18654483556747437,-0.04350051861256361,0.030247574113309382,0.0,0.21499393805861472,-0.1630624197423458,-0.18654483556747437
2670,24.15625,-0.1827613115310669,-0.048737945547327396,0.03352332934737205,0.0,0.21552565321326256,-0.16142672225832938,-0.1827613115310669
2680,15.84375,-0.18293462693691254,-0.043844374269247054,0.05048819370567799,0.0,0.21617588475346566,-0.16492086946964263,-0.18293462693691254
2690,15.09375,-0.1607990711927414,-0.046493040025234224,0.02689191624522209,0.0,0.21343065947294235,-0.16613010093569755,-0.1607990711927414
2700,21.8125,-0.1733267605304718,-0.04190603829920292,0.03377390932291746,0.0,0.21405159085988998,-0.15630592852830888,-0.1733267605304718
2710,19.1875,-0.17587754130363464,-0.04877728763967752,0.01847205925732851,0.0,0.21709091439843178,-0.15943463891744614,-0.17587754130363464
2720,18.625,-0.15071135759353638,-0.04289428750053048,0.02108916696161032,0.0,0.21413209065794944,-0.15767381712794304,-0.15071135759353638
2730,18.8125,-0.17408695816993713,-0.04405295578762889,0.03912079334259033,0.0,0.21495843529701233,-0.1708984225988388,-0.17408695816993713
2740,22.0,-0.1666986048221588,-0.045863162726163864,0.04119365606456995,0.0,0.21748534291982652,-0.16288891509175302,-0.1666986048221588
2750,22.28125,-0.1460706740617752,-0.044724351912736895,0.03155069202184677,0.0,0.21716209426522254,-0.15082965046167374,-0.1460706740617752
2760,22.03125,-0.14961284399032593,-0.04742014445364475,0.03268781770020723,0.0,0.2196515180170536,-0.158548042178154,-0.14961284399032593
2770,19.8125,-0.17506501078605652,-0.04785622209310532,0.0337048651650548,0.0,0.2219725802540779,-0.1546055231243372,-0.17506501078605652
2780,19.0,-0.1482931673526764,-0.0443818274885416,0.048384188860654834,0.0,0.221516752243042,-0.15984248220920563,-0.1482931673526764
2790,17.09375,-0.17573870718479156,-0.04951601102948189,0.03712341114878655,0.0,0.22198125571012498,-0.156674013286829,-0.17573870718479156
2800,18.1875,-0.16736437380313873,-0.049500335566699506,0.030714224837720395,0.0,0.22070267796516418,-0.15409611016511918,-0.16736437380313873
2810,17.1875,-0.1617094874382019,-0.04606177099049091,0.025673692300915717,0.0,0.21888671368360518,-0.1609596751630306,-0.1617094874382019
2820,17.21875,-0.17089860141277313,-0.042588673159480096,0.04475533626973629,0.0,0.21918164566159248,-0.15907710120081903,-0.17089860141277313
2830,21.5,-0.17327895760536194,-0.049950170516967776,0.029956483095884324,0.0,0.21886043548583983,-0.16405577063560486,-0.17327895760536194
2840,17.5,-0.17939315736293793,-0.05185189032927155,0.03211859576404095,0.0,0.2172916501760483,-0.1634738527238369,-0.17939315736293793
2850,16.84375,-0.17035028338432312,-0.0393541757017374,0.08084651418030261,0.0,0.21953421458601952,-0.15813656002283097,-0.17035028338432312
2860,20.375,-0.1613031029701233,-0.046828274987637995,0.0221582455560565,0.0,0.22017406672239304,-0.15373682528734206,-0.1613031029701233
2870,19.03125,-0.18216188251972198,-0.04575931634753942,0.06402045898139477,0.0,0.21925047188997268,-0.15886639356613158,-0.18216188251972198
2880,18.0625,-0.15581974387168884,-0.048138908203691246,0.031329413130879405,0.0,0.22201877310872078,-0.1547666870057583,-0.15581974387168884
2890,19.1875,-0.1597418189048767,-0.04217127505689859,0.03594239577651024,0.0,0.2222178138792515,-0.15541869327425956,-0.1597418189048767
2900,18.59375,-0.179355651140213,-0.04084844971075654,0.06473970226943493,0.0,0.216369815915823,-0.1586042657494545,-0.179355651140213
2910,18.1875,-0.17602434754371643,-0.05072824582457543,0.03409725818783045,0.0,0.21761077418923377,-0.16041252128779887,-0.17602434754371643
2920,18.625,-0.17259334027767181,-0.04241025494411588,0.06734467633068561,0.0,0.21878063529729844,-0.15799645856022834,-0.17259334027767181
2930,20.3125,-0.17944836616516113,-0.04937227964401245,0.032989073917269705,0.0,0.22010070756077765,-0.15671900287270546,-0.17944836616516113
2940,22.5625,-0.1536875218153,-0.050192294828593734,0.018892924394458534,0.0,0.21562042757868766,-0.16473353877663613,-0.1536875218153
2950,17.78125,-0.17588680982589722,-0.04521893542259932,0.04757488742470741,0.0,0.2178065687417984,-0.16349536031484604,-0.17588680982589722
2960,17.59375,-0.1646592915058136,-0.04733178708702326,0.03887558802962303,0.0,0.21847899556159972,-0.1610620327293873,-0.1646592915058136
2970,16.875,-0.17794324457645416,-0.05203736685216427,0.03698327466845512,0.0,0.2164294421672821,-0.16436351090669632,-0.17794324457645416
2980,18.40625,-0.1811288595199585,-0.050776231475174426,0.02347877323627472,0.0,0.21356145665049553,-0.1657550498843193,-0.1811288595199585
2990,16.71875,-0.1679929494857788,-0.047843826934695244,0.02465643286705017,0.0,0.2154794842004776,-0.1621153637766838,-0.1679929494857788
3000,16.65625,-0.17532509565353394,-0.04628630150109529,0.04357564225792885,0.0,0.21824807822704315,-0.16178945526480676,-0.17532509565353394
3010,17.6875,-0.15634053945541382,-0.05004858560860157,0.038231925666332246,0.0,0.21860193461179733,-0.1608144760131836,-0.15634053945541382
3020,19.34375,-0.16969019174575806,-0.043876327201724054,0.028625865839421748,0.0,0.2206635892391205,-0.15886896774172782,-0.16969019174575806
3030,16.0625,-0.17446070909500122,-0.046115791983902456,0.03317450527101755,0.0,0.2210668534040451,-0.16759420111775397,-0.17446070909500122
3040,21.46875,-0.16358976066112518,-0.04517777021974325,0.027481640130281447,0.0,0.2193196713924408,-0.16258093491196632,-0.16358976066112518
3050,15.1875,-0.19275090098381042,-0.047597609274089334,0.02571367286145687,0.0,0.21950548142194748,-0.16383118331432342,-0.19275090098381042
3060,21.65625,-0.149189293384552,-0.04205113667994738,0.022543668933212756,0.0,0.2212939977645874,-0.15873597860336303,-0.149189293384552
3070,15.125,-0.2027088701725006,-0.047617956437170504,0.039831122010946275,0.0,0.21938997581601144,-0.1630421608686447,-0.2027088701725006
3080,18.84375,-0.16447660326957703,-0.044618917442858216,0.045993943512439725,0.0,0.2205684319138527,-0.16325525268912316,-0.16447660326957703
3090,15.9375,-0.14804667234420776,-0.050597882084548476,0.01784111261367798,0.0,0.22165895402431487,-0.1548497386276722,-0.14804667234420776
3100,20.625,-0.15845602750778198,-0.04228658974170685,0.025289023108780385,0.0,0.22259560525417327,-0.15159473344683647,-0.15845602750778198
3110,21.5625,-0.1589478850364685,-0.03605254702270031,0.014906932413578034,0.0,0.21989985406398774,-0.15677864849567413,-0.1589478850364685
3120,22.25,-0.16593283414840698,-0.04622633680701256,0.030293798260390758,0.0,0.2176456168293953,-0.1611883170902729,-0.16593283414840698
3130,21.5625,-0.15287578105926514,-0.04883624333888292,0.019877924118191004,0.0,0.2205131970345974,-0.15688037723302842,-0.15287578105926514
3140,22.5625,-0.16207662224769592,-0.046611068304628134,0.028355321474373342,0.0,0.21938175484538078,-0.15979672595858574,-0.16207662224769592
3150,17.5,-0.17323675751686096,-0.04527712166309357,0.03156331293284893,0.0,0.22125839218497276,-0.15950802639126777,-0.17323675751686096
3160,19.21875,-0.18544644117355347,-0.04378284104168415,0.023569867946207523,0.0,0.22016243040561675,-0.15526452362537385,-0.18544644117355347
3170,16.28125,-0.16893993318080902,-0.04668502043932676,0.02591851670295,0.0,0.21945577040314673,-0.1526395794004202,-0.16893993318080902
3180,22.0,-0.1886540800333023,-0.046831277385354045,0.02154940851032734,0.0,0.21845913231372832,-0.1602474920451641,-0.1886540800333023
3190,17.21875,-0.18750664591789246,-0.04750608932226896,0.03478244077414274,0.0,0.21719788387417793,-0.16501633450388908,-0.18750664591789246
3200,22.78125,-0.19685491919517517,-0.05220054881647229,0.02760344687849283,0.0,0.21648186072707176,-0.16458322256803512,-0.19685491919517517
3210,14.53125,-0.1803533434867859,-0.049429926648736,0.040364847704768184,0.0,0.21801550164818764,-0.16927245110273362,-0.1803533434867859
3220,26.46875,-0.15155743062496185,-0.04760398883372545,0.01683689756318927,0.0,0.21893991008400918,-0.16083830520510672,-0.15155743062496185
3230,17.15625,-0.18188020586967468,-0.04284398145973682,0.02496294267475605,0.0,0.2203131526708603,-0.16722288802266122,-0.18188020586967468
3240,23.15625,-0.16277426481246948,-0.040840597450733186,0.05539509803056717,0.0,0.22126884013414383,-0.15449010133743285,-0.16277426481246948
3250,25.8125,-0.15367600321769714,-0.0428902642801404,0.017476897314190866,0.0,0.22609831541776657,-0.15344523936510085,-0.15367600321769714
3260,18.3125,-0.19117006659507751,-0.04194781966507435,0.034185444749891755,0.0,0.22550737336277962,-0.15458764582872392,-0.19117006659507751
3270,21.90625,-0.17245562374591827,-0.04867750834673643,0.030388908088207246,0.0,0.22605307921767234,-0.15617734119296073,-0.17245562374591827
3280,20.59375,-0.16502074897289276,-0.04440190102905035,0.018576825875788926,0.0,0.22989002391695976,-0.14277953691780568,-0.16502074897289276
3290,19.15625,-0.15283460915088654,-0.03908611051738262,0.06005716174840927,0.0,0.22946478053927422,-0.15395887345075607,-0.15283460915088654
3300,19.75,-0.15329867601394653,-0.04790017604827881,0.019231195747852325,0.0,0.22923198193311692,-0.15876744389533998,-0.15329867601394653
3310,18.46875,-0.16747142374515533,-0.04638171531260014,0.02655169051140547,0.0,0.22817352339625357,-0.15520184934139253,-0.16747142374515533
3320,22.90625,-0.15442998707294464,-0.05376471634954214,0.019398621190339325,0.0,0.22729383334517478,-0.15399176329374314,-0.15442998707294464
3330,18.5625,-0.1744324415922165,-0.048296177946031096,0.024511246383190154,0.0,0.22507255896925926,-0.16164971143007278,-0.1744324415922165
3340,23.90625,-0.15593156218528748,-0.04681463781744242,0.03007594309747219,0.0,0.22379666492342948,-0.15301319286227227,-0.15593156218528748
3350,25.5,-0.15936493873596191,-0.05096635669469833,0.022582868300378322,0.0,0.2247532807290554,-0.15563659369945526,-0.15936493873596191
3360,15.21875,-0.1816508173942566,-0.05122334193438292,0.0291579632088542,0.0,0.22653967663645744,-0.15797745138406755,-0.1816508173942566
3370,16.5,-0.17306563258171082,-0.048465216811746356,0.029934123903512955,0.0,0.2229468084871769,-0.15603115670382978,-0.17306563258171082
3380,19.1875,-0.16058170795440674,-0.03936780542135239,0.03018776625394821,0.0,0.22432504445314408,-0.1516262847930193,-0.16058170795440674
3390,19.9375,-0.15214203298091888,-0.049781146459281445,0.020872581005096435,0.0,0.22523682415485383,-0.15509444996714591,-0.15214203298091888
3400,24.21875,-0.16366495192050934,-0.04700062945485115,0.026171099580824374,0.0,0.22400607243180276,-0.16008912287652494,-0.16366495192050934
3410,18.5,-0.16605210304260254,-0.04544441848993301,0.03535005711019039,0.0,0.22250720337033272,-0.15490150079131126,-0.16605210304260254
3420,19.0,-0.17976300418376923,-0.04426143690943718,0.030607900023460387,0.0,0.2242148943245411,-0.16076802760362624,-0.17976300418376923
3430,19.5,-0.1665182113647461,-0.048565516248345375,0.031505917012691495,0.0,0.2238406017422676,-0.1614864394068718,-0.1665182113647461
3440,18.96875,-0.17415763437747955,-0.035628275107592346,0.08882106766104698,0.0,0.221169763058424,-0.1612030752003193,-0.17415763437747955
3450,14.78125,-0.17831066250801086,-0.04538479661568999,0.030171873234212398,0.0,0.22034155130386351,-0.16418197974562646,-0.17831066250801086
3460,16.3125,-0.16637055575847626,-0.04933235589414835,0.024017156660556795,0.0,0.2203432083129883,-0.1625668779015541,-0.16637055575847626
3470,17.15625,-0.18136382102966309,-0.0411687788553536,0.03348843771964312,0.0,0.22009198293089866,-0.168097934871912,-0.18136382102966309
3480,17.1875,-0.18748104572296143,-0.04782501086592674,0.033081601932644845,0.0,0.21928472071886063,-0.16899479553103447,-0.18748104572296143
3490,21.9375,-0.15200497210025787,-0.05462969820946455,0.020891344361007213,0.0,0.22137330025434493,-0.1583421878516674,-0.15200497210025787
3500,17.78125,-0.19682438671588898,-0.04661941789090633,0.045493025705218314,0.0,0.22195026725530625,-0.16334894075989723,-0.19682438671588898
3510,18.8125,-0.15814633667469025,-0.046739937737584114,0.028196510672569276,0.0,0.2239584818482399,-0.1593361131846905,-0.15814633667469025
3520,14.875,-0.16092786192893982,-0.04526172149926424,0.02838784772902727,0.0,0.22536449655890464,-0.1637287825345993,-0.16092786192893982
3530,22.3125,-0.16762074828147888,-0.04542842451483011,0.03382493741810322,0.0,0.22371222227811813,-0.15691006258130075,-0.16762074828147888
3540,19.59375,-0.17670705914497375,-0.039518588595092295,0.056019974127411845,0.0,0.22058652937412263,-0.1670937180519104,-0.17670705914497375
3550,20.125,-0.15887680649757385,-0.046183715015649794,0.022352795116603374,0.0,0.2210908256471157,-0.16769721657037734,-0.15887680649757385
3560,25.0,-0.18012869358062744,-0.04532882422208786,0.02267068428918719,0.0,0.2213064968585968,-0.16324246376752855,-0.18012869358062744
3570,19.53125,-0.14764747023582458,-0.04404894188046456,0.02308261226862669,0.0,0.22164016216993332,-0.1600221388041973,-0.14764747023582458
3580,17.25,-0.1590360850095749,-0.045211517810821535,0.02724341433495283,0.0,0.22460581138730049,-0.1587603323161602,-0.1590360850095749
3590,20.15625,-0.18855540454387665,-0.05206282213330269,0.02974280044436455,0.0,0.22615901827812196,-0.1560177095234394,-0.18855540454387665
3600,22.46875,-0.17947858572006226,-0.048031252808868885,0.036132146045565604,0.0,0.22504159733653067,-0.1564120166003704,-0.17947858572006226
3610,20.34375,-0.14883658289909363,-0.05018661953508854,0.025797766260802747,0.0,0.22512435987591745,-0.1572627119719982,-0.14883658289909363
3620,22.3125,-0.16828653216362,-0.053870132006704805,0.019660557433962823,0.0,0.22460425943136214,-0.15262535139918326,-0.16828653216362
3630,19.375,-0.18989552557468414,-0.0454105653334409,0.05705221295356751,0.0,0.22476374953985215,-0.1552027553319931,-0.18989552557468414
3640,19.40625,-0.15428462624549866,-0.04457297744229436,0.035528252832591534,0.0,0.2267368830740452,-0.15658701732754707,-0.15428462624549866
3650,19.40625,-0.17387767136096954,-0.04464469775557518,0.08325847275555134,0.0,0.22493563890457152,-0.1577817551791668,-0.17387767136096954
3660,18.0625,-0.17560064792633057,-0.04592704251408577,0.034357544220983985,0.0,0.22297531813383104,-0.1596437744796276,-0.17560064792633057
3670,14.53125,-0.1788606345653534,-0.04647181872278452,0.03751440737396479,0.0,0.2234247885644436,-0.17176220268011094,-0.1788606345653534
3680,15.5625,-0.17891569435596466,-0.05077804336324334,0.016808434668928385,0.0,0.22571282237768173,-0.16461533084511756,-0.17891569435596466
3690,18.1875,-0.17281772196292877,-0.04514838177710771,0.028485840931534768,0.0,0.226596137881279,-0.16105514243245125,-0.17281772196292877
3700,15.375,-0.18223071098327637,-0.04855994917452335,0.018728381581604482,0.0,0.22625924423336982,-0.1657506011426449,-0.18223071098327637
3710,20.34375,-0.16668996214866638,-0.03715748302638531,0.06274499036371708,0.0,0.22687091752886773,-0.16065068989992143,-0.16668996214866638
3720,20.59375,-0.16652125120162964,-0.04100745972245932,0.03604856766760349,0.0,0.22753023952245713,-0.15230120830237864,-0.16652125120162964
3730,15.78125,-0.1706172376871109,-0.043122339993715286,0.0265383655205369,0.0,0.22357609048485755,-0.16118825748562812,-0.1706172376871109
3740,19.75,-0.18015508353710175,-0.047234971262514594,0.029196836799383164,0.0,0.22250939384102822,-0.1631594866514206,-0.18015508353710175
3750,14.75,-0.18508289754390717,-0.04929697094485164,0.026329129561781885,0.0,0.22395313158631325,-0.16007059514522554,-0.18508289754390717
3760,19.28125,-0.1644328236579895,-0.05069704316556454,0.023347965441644192,0.0,0.22117102146148682,-0.1574431598186493,-0.1644328236579895
3770,22.875,-0.1562645435333252,-0.039550045132637025,0.03703964706510306,0.0,0.22325646057724952,-0.1603792764246464,-0.1562645435333252
3780,20.09375,-0.17711567878723145,-0.0516352366656065,0.01935343276709318,0.0,0.22496979385614396,-0.16230303943157195,-0.17711567878723145
3790,17.625,-0.1494661569595337,-0.046059636678546664,0.0321348438039422,0.0,0.2251543588936329,-0.15714021474123002,-0.1494661569595337
3800,22.4375,-0.15883800387382507,-0.045855528116226195,0.023932728730142117,0.0,0.22345819249749183,-0.16014452502131463,-0.15883800387382507
3810,18.71875,-0.16154927015304565,-0.050724036246538165,0.02725369594991207,0.0,0.2257079727947712,-0.16294722855091096,-0.16154927015304565
3820,14.6875,-0.1700141578912735,-0.04166645854711533,0.049975013360381126,0.0,0.22536777034401895,-0.15399079769849777,-0.1700141578912735
3830,20.875,-0.1609904170036316,-0.04555927291512489,0.02576106134802103,0.0,0.22288994938135148,-0.15891153439879419,-0.1609904170036316
3840,18.75,-0.1661357879638672,-0.03654976608231664,0.06916150785982608,0.0,0.2260034702718258,-0.15674519762396813,-0.1661357879638672
3850,17.3125,-0.1670500487089157,-0.049558794125914574,0.03997732549905777,0.0,0.2240407310426235,-0.16361866295337676,-0.1670500487089157
3860,21.0,-0.16378438472747803,-0.0442810183390975,0.04536786898970604,0.0,0.22632971331477164,-0.15912019573152064,-0.16378438472747803
3870,22.6875,-0.18144813179969788,-0.041980427131056784,0.03379231765866279,0.0,0.22378168553113936,-0.16933344230055808,-0.18144813179969788
3880,22.78125,-0.18027886748313904,-0.04659386426210403,0.04015013016760349,0.0,0.22355543375015258,-0.16278575137257575,-0.18027886748313904
3890,18.5625,-0.1881834864616394,-0.04565666951239109,0.05662606619298458,0.0,0.22014374732971193,-0.1702809937298298,-0.1881834864616394
3900,19.1875,-0.21249723434448242,-0.0412225279957056,0.05870432741940022,0.0,0.21794606745243073,-0.17795584425330163,-0.21249723434448242
3910,14.625,-0.17756588757038116,-0.0470753756351769,0.02494602408260107,0.0,0.22058473750948906,-0.16431906521320344,-0.17756588757038116
3920,16.5,-0.1876884400844574,-0.048686382547020915,0.022027709521353245,0.0,0.2225419245660305,-0.1653578519821167,-0.1876884400844574
3930,19.90625,-0.18154631555080414,-0.050628126971423625,0.025214025378227235,0.0,0.22467341795563697,-0.1672448880970478,-0.18154631555080414
3940,19.53125,-0.1634334921836853,-0.04457721970975399,0.05811626985669136,0.0,0.22275305464863776,-0.16594361662864685,-0.1634334921836853
3950,20.5,-0.1823883354663849,-0.054618232697248456,0.023016827739775182,0.0,0.2266168162226677,-0.16463930085301398,-0.1823883354663849
3960,18.5,-0.16955038905143738,-0.04801274687051773,0.028321310877799988,0.0,0.22569512948393822,-0.16717347800731658,-0.16955038905143738
3970,18.65625,-0.16575534641742706,-0.05406269342638552,0.022979893907904624,0.0,0.2279377520084381,-0.1639519914984703,-0.16575534641742706
3980,18.59375,-0.1755324751138687,-0.04115822045132518,0.04453777801245451,0.0,0.22742532417178155,-0.15753919631242752,-0.1755324751138687
3990,15.03125,-0.16416001319885254,-0.05382181401364505,0.0284376610070467,0.0,0.2281912386417389,-0.15774726048111914,-0.16416001319885254
4000,17.0,-0.16429480910301208,-0.032729717716574666,0.07391679771244526,0.0,0.23257744312286377,-0.15316357389092444,-0.16429480910301208
4010,18.21875,-0.15774652361869812,-0.05005008541047573,0.020950681529939175,0.0,0.23288797363638877,-0.1576356790959835,-0.15774652361869812
4020,21.5,-0.17855149507522583,-0.038646971620619294,0.029689526557922362,0.0,0.23556293919682503,-0.15160913914442062,-0.17855149507522583
4030,15.84375,-0.17088191211223602,-0.04856382235884667,0.028621937334537505,0.0,0.23210482373833657,-0.15351737067103385,-0.17088191211223602
4040,17.65625,-0.16348853707313538,-0.04717205138877034,0.021720140986144543,0.0,0.23106761202216147,-0.15201406553387642,-0.16348853707313538
4050,15.375,-0.16250792145729065,-0.03914042692631483,0.09888134971261024,0.0,0.2352857068181038,-0.14994799494743347,-0.16250792145729065
4060,19.59375,-0.14878129959106445,-0.04780487110838294,0.027310878038406372,0.0,0.23182331249117852,-0.15081568025052547,-0.14878129959106445
4070,18.15625,-0.15192759037017822,-0.04827507054433226,0.026537934504449367,0.0,0.23352566510438919,-0.14893899634480476,-0.15192759037017822
4080,21.25,-0.1496572345495224,-0.050141329504549505,0.01923430087044835,0.0,0.23284594118595123,-0.15935848727822305,-0.1496572345495224
4090,15.9375,-0.15976080298423767,-0.04133523963391781,0.05893418043851852,0.0,0.23082673624157907,-0.15907488614320756,-0.15976080298423767
4100,20.21875,-0.1756853461265564,-0.04410826629027724,0.02787253987044096,0.0,0.22763715609908103,-0.16324845552444459,-0.1756853461265564
4110,20.3125,-0.17358341813087463,-0.03633362585678697,0.04464850910007954,0.0,0.22901418730616568,-0.16689285337924958,-0.17358341813087463
4120,18.03125,-0.1776999831199646,-0.048675659112632275,0.022037148475646973,0.0,0.22874047830700875,-0.16986401602625847,-0.1776999831199646
4130,18.0625,-0.16300979256629944,-0.04323331406340003,0.021889353170990944,0.0,0.23045546263456346,-0.15514761134982108,-0.16300979256629944
4140,18.875,-0.15411227941513062,-0.04186899159103632,0.03316059708595276,0.0,0.23479646891355516,-0.15353090465068817,-0.15411227941513062
4150,18.75,-0.14605513215065002,-0.04849386569112539,0.024188343808054923,0.0,0.23556099086999893,-0.1472850300371647,-0.14605513215065002
4160,19.46875,-0.13795524835586548,-0.048867798130959275,0.019441794231534006,0.0,0.23362041860818863,-0.15647913739085198,-0.13795524835586548
4170,23.0625,-0.16012239456176758,-0.04869661815464497,0.02689655628055334,0.0,0.2340176932513714,-0.15544341653585433,-0.16012239456176758
4180,16.0,-0.17735075950622559,-0.04787583276629448,0.02580819223076105,0.0,0.23318794816732408,-0.15821390151977538,-0.17735075950622559
4190,20.75,-0.140229269862175,-0.0420565489679575,0.03346034027636051,0.0,0.2341407924890518,-0.15248614624142648,-0.140229269862175
4200,20.125,-0.16434246301651,-0.046686339937150476,0.019865523930639027,0.0,0.23319323286414145,-0.15184247270226478,-0.16434246301651
4210,17.71875,-0.18280954658985138,-0.0390133211389184,0.10549901649355889,0.0,0.23354869782924653,-0.15226105302572251,-0.18280954658985138
4220,18.875,-0.15836048126220703,-0.04802407249808312,0.02349228747189045,0.0,0.2348528817296028,-0.15111985579133033,-0.15836048126220703
4230,20.21875,-0.19145885109901428,-0.045129343308508395,0.029274758696556092,0.0,0.2379755899310112,-0.15923914611339568,-0.19145885109901428
4240,16.5625,-0.16701793670654297,-0.04892923291772604,0.025982951372861864,0.0,0.23433972597122193,-0.15220920518040656,-0.16701793670654297
4250,17.0625,-0.17427165806293488,-0.05387299712747336,0.019369999784976243,0.0,0.23029833659529686,-0.16059482619166374,-0.17427165806293488
4260,18.3125,-0.17370837926864624,-0.04628180144354701,0.027871493808925153,0.0,0.2273453764617443,-0.1598847597837448,-0.17370837926864624
4270,21.71875,-0.17155829071998596,-0.04458531886339188,0.05640090368688107,0.0,0.22959216311573982,-0.15973684787750245,-0.17155829071998596
4280,22.71875,-0.1649726927280426,-0.05103920847177505,0.027186215855181217,0.0,0.22919639125466346,-0.16818009689450264,-0.1649726927280426
4290,17.65625,-0.16686487197875977,-0.05228676199913025,0.018578947335481644,0.0,0.23115739971399307,-0.15608465820550918,-0.16686487197875977
4300,19.0625,-0.1553407460451126,-0.04418874233961105,0.042526216991245744,0.0,0.23468359634280206,-0.15025174245238304,-0.1553407460451126
4310,16.625,-0.15776723623275757,-0.043016301840543746,0.02336262632161379,0.0,0.23567561879754068,-0.15819001942873,-0.15776723623275757
4320,19.3125,-0.18141613900661469,-0.048886677622795104,0.04217461608350277,0.0,0.23313646167516708,-0.16151826791465282,-0.18141613900661469
4330,15.90625,-0.18036684393882751,-0.04896683562546968,0.02177407518029213,0.0,0.23112807050347328,-0.15552112981677055,-0.18036684393882751
4340,20.28125,-0.17520971596240997,-0.04606613665819168,0.020735295303165913,0.0,0.22912113144993781,-0.16115458011627198,-0.17520971596240997
4350,18.21875,-0.16362670063972473,-0.05367626389488578,0.01850715493783355,0.0,0.2304313600063324,-0.16073112338781356,-0.16362670063972473
4360,17.125,-0.1901663839817047,-0.05079802349209785,0.04632031805813312,0.0,0.23059054091572762,-0.15415679886937142,-0.1901663839817047
4370,17.96875,-0.1594967246055603,-0.050985106453299525,0.03357246667146683,0.0,0.23351392894983292,-0.15312678925693035,-0.1594967246055603
4380,23.65625,-0.16814666986465454,-0.04947042688727379,0.017123025562614202,0.0,0.2331162802875042,-0.15077453330159188,-0.16814666986465454
4390,15.25,-0.16645628213882446,-0.04558591730892658,0.02428797334432602,0.0,0.23282271772623062,-0.16157731041312218,-0.16645628213882446
4400,19.03125,-0.15813982486724854,-0.04630796192213893,0.017104399111121892,0.0,0.23047294467687607,-0.15819848850369453,-0.15813982486724854
4410,16.71875,-0.16664433479309082,-0.05073961801826954,0.023592162318527697,0.0,0.23205984458327295,-0.16199275404214858,-0.16664433479309082
4420,17.125,-0.17976324260234833,-0.04581126924604177,0.05101233310997486,0.0,0.23162440359592437,-0.1528869617730379,-0.17976324260234833
4430,16.65625,-0.17990419268608093,-0.04553599236533046,0.03407038319855928,0.0,0.23332676365971566,-0.1568441905081272,-0.17990419268608093
4440,15.40625,-0.19006630778312683,-0.05290809385478497,0.02956376355141401,0.0,0.23409839794039727,-0.15424770936369897,-0.19006630778312683
4450,14.4375,-0.17861267924308777,-0.05212931483983994,0.024123119190335274,0.0,0.23135635629296303,-0.16042887344956397,-0.17861267924308777
4460,16.4375,-0.15479423105716705,-0.05007181875407696,0.02209783848375082,0.0,0.2343315601348877,-0.15349284708499908,-0.15479423105716705
4470,18.28125,-0.16509610414505005,-0.037255828641355036,0.04580959789454937,0.0,0.23211641237139702,-0.1591820478439331,-0.16509610414505005
4480,19.03125,-0.1735912561416626,-0.04646048042923212,0.03367811292409897,0.0,0.2332938753068447,-0.15483813136816024,-0.1735912561416626
4490,19.0625,-0.15195046365261078,-0.04955212064087391,0.01729867858812213,0.0,0.23021969348192214,-0.16147715598344803,-0.15195046365261078
4500,12.84375,-0.17936696112155914,-0.040294773504137994,0.041378417424857615,0.0,0.23127951994538307,-0.1568754017353058,-0.17936696112155914
4510,18.09375,-0.1621120572090149,-0.04970293156802654,0.02795676812529564,0.0,0.23219315558671952,-0.15869057253003122,-0.1621120572090149
4520,19.59375,-0.1595909297466278,-0.05168075039982796,0.018867544550448655,0.0,0.23314815387129784,-0.15137043073773385,-0.1595909297466278
4530,16.4375,-0.14191508293151855,-0.05423608343116939,0.017800565902143718,0.0,0.23293929547071457,-0.15649239718914032,-0.14191508293151855
4540,18.5,-0.18002933263778687,-0.04940243922173977,0.04106653816998005,0.0,0.23190161660313607,-0.15869643688201904,-0.18002933263778687
4550,19.6875,-0.142370343208313,-0.04744099695235491,0.029290742147713898,0.0,0.23000322952866553,-0.1556015357375145,-0.142370343208313
4560,21.53125,-0.13798721134662628,-0.047178278863430026,0.017745068576186896,0.0,0.23042819350957872,-0.16045257970690727,-0.13798721134662628
4570,18.15625,-0.14289505779743195,-0.05134846800938249,0.01825138824060559,0.0,0.2316993974149227,-0.1563736006617546,-0.14289505779743195
4580,16.4375,-0.1528443992137909,-0.050048678927123544,0.017454564198851587,0.0,0.23279850035905839,-0.14805265069007872,-0.1528443992137909
4590,17.34375,-0.15851548314094543,-0.0503735726699233,0.02120114415884018,0.0,0.2357925742864609,-0.15498809963464738,-0.15851548314094543
4600,20.6875,-0.15819591283798218,-0.05035322047770023,0.026894331723451615,0.0,0.23405320718884468,-0.15392719581723213,-0.15819591283798218
4610,17.03125,-0.16368024051189423,-0.05049126124940813,0.029158366098999976,0.0,0.2331712707877159,-0.16044892892241477,-0.16368024051189423
4620,16.59375,-0.20650562644004822,-0.04738455936312676,0.03838900811970234,0.0,0.23062267079949378,-0.16679992154240608,-0.20650562644004822
4630,19.1875,-0.17954504489898682,-0.042455241456627844,0.02397797107696533,0.0,0.22771500125527383,-0.1679326795041561,-0.17954504489898682
4640,18.78125,-0.16785964369773865,-0.05020715799182653,0.016951270587742328,0.0,0.2319556325674057,-0.15109669789671898,-0.16785964369773865
4650,18.09375,-0.17329271137714386,-0.050159597862511875,0.02063411707058549,0.0,0.2342704527080059,-0.15868372321128846,-0.17329271137714386
4660,20.125,-0.17798829078674316,-0.052071689441800115,0.022451300360262393,0.0,0.2336084358394146,-0.15959111154079436,-0.17798829078674316
4670,14.71875,-0.16085441410541534,-0.048528120294213294,0.02497562486678362,0.0,0.2312404803931713,-0.15506719872355462,-0.16085441410541534
4680,16.625,-0.16333866119384766,-0.04512387253344059,0.01596583882346749,0.0,0.23221160396933554,-0.1589823082089424,-0.16333866119384766
4690,20.15625,-0.1751645803451538,-0.03933986984193325,0.04638537336140871,0.0,0.2327206812798977,-0.15621628016233444,-0.1751645803451538
4700,21.28125,-0.16125606000423431,-0.052054640371352434,0.03193369358778,0.0,0.2355954773724079,-0.1636241689324379,-0.16125606000423431
4710,15.75,-0.17120741307735443,-0.05020831692963838,0.023683507181704044,0.0,0.2356574572622776,-0.16763945147395135,-0.17120741307735443
4720,16.5625,-0.17385217547416687,-0.05492163989692926,0.021171535551548003,0.0,0.234438905864954,-0.1591508522629738,-0.17385217547416687
4730,17.625,-0.17181068658828735,-0.045060689002275466,0.0194152994081378,0.0,0.23668719530105592,-0.1595122627913952,-0.17181068658828735
4740,18.375,-0.14800208806991577,-0.045956867188215254,0.018905585072934626,0.0,0.23701695203781128,-0.1545282818377018,-0.14800208806991577
4750,19.46875,-0.14421096444129944,-0.047432686854153874,0.021446384582668544,0.0,0.23856182098388673,-0.1483717828989029,-0.14421096444129944
4760,15.8125,-0.15607571601867676,-0.0355918999761343,0.06455697678029537,0.0,0.23846106752753257,-0.15698546692728996,-0.15607571601867676
4770,16.28125,-0.14740018546581268,-0.0472354456782341,0.022416163049638272,0.0,0.23514814004302026,-0.1550326906144619,-0.14740018546581268
4780,17.0,-0.18647584319114685,-0.0503739632666111,0.035748502053320405,0.0,0.2358200654387474,-0.1673280529677868,-0.18647584319114685
4790,19.3125,-0.18226675689220428,-0.046230700053274634,0.04002991300076246,0.0,0.2354348048567772,-0.16026596240699292,-0.18226675689220428
4800,20.4375,-0.1582898199558258,-0.047199652530252934,0.03889494352042675,0.0,0.2343684434890747,-0.16245781779289245,-0.1582898199558258
4810,19.9375,-0.17137502133846283,-0.04890307495370507,0.0221660777926445,0.0,0.23362464383244513,-0.15415550246834755,-0.17137502133846283
4820,19.28125,-0.15737338364124298,-0.04633031710982323,0.03758523724973202,0.0,0.23537878841161727,-0.1576658971607685,-0.15737338364124298
4830,23.0625,-0.15808555483818054,-0.04422315172851086,0.047071796096861365,0.0,0.2388374015688896,-0.15665370970964432,-0.15808555483818054
4840,20.40625,-0.16628602147102356,-0.04197123586200178,0.036979676224291325,0.0,0.24026020616292953,-0.15664275735616684,-0.16628602147102356
4850,18.15625,-0.16161689162254333,-0.04198540709912777,0.05932555124163628,0.0,0.24188097193837166,-0.15777552947402002,-0.16161689162254333
4860,18.5625,-0.14056456089019775,-0.04563050540164113,0.04910380356013775,0.0,0.2428262196481228,-0.1479990292340517,-0.14056456089019775
4870,16.375,-0.1618613451719284,-0.048033696599304676,0.04803092963993549,0.0,0.23902397677302362,-0.15981220528483392,-0.1618613451719284
4880,20.28125,-0.17379967868328094,-0.04190747309476137,0.08822539821267128,0.0,0.24257483780384065,-0.15375081896781922,-0.17379967868328094
4890,19.125,-0.16867013275623322,-0.04162018783390522,0.053889278694987296,0.0,0.2421299584209919,-0.1601328883320093,-0.16867013275623322
4900,18.375,-0.17954862117767334,-0.04957966133952141,0.04263722822070122,0.0,0.24247125461697577,-0.15232427790760994,-0.17954862117767334
4910,17.4375,-0.13885101675987244,-0.04942213166505098,0.02454971577972174,0.0,0.24248577505350113,-0.15471911951899528,-0.13885101675987244
4920,14.8125,-0.17058351635932922,-0.04177753683179617,0.06643178090453147,0.0,0.24324315711855887,-0.14958505444228648,-0.17058351635932922
4930,18.21875,-0.15357689559459686,-0.049238212034106256,0.03268413096666336,0.0,0.24702765345573424,-0.14789003431797026,-0.15357689559459686
4940,18.25,-0.15272462368011475,-0.0527300875633955,0.030005171708762646,0.0,0.24457032158970832,-0.1503283955156803,-0.15272462368011475
4950,20.8125,-0.15561813116073608,-0.045470768213272096,0.047706179320812225,0.0,0.2458337977528572,-0.15204352214932443,-0.15561813116073608
4960,18.125,-0.17045235633850098,-0.03801499679684639,0.09051957875490188,0.0,0.24554040282964706,-0.15389521345496177,-0.17045235633850098
4970,16.34375,-0.1639743596315384,-0.048173701576888564,0.02996289748698473,0.0,0.24734941944479943,-0.14906177073717117,-0.1639743596315384
4980,16.21875,-0.15781784057617188,-0.050666315294802186,0.05076686143875122,0.0,0.24354416877031326,-0.1490766480565071,-0.15781784057617188
4990,16.875,-0.163156658411026,-0.03851982718333602,0.08431885987520218,0.0,0.24447036832571029,-0.15931499302387236,-0.163156658411026
5000,17.4375,-0.17031508684158325,-0.05133754275739193,0.037173849530518055,0.0,0.24273327067494394,-0.16301694586873056,-0.17031508684158325
5010,11.9375,-0.20069222152233124,-0.04053053334355354,0.09373404830694199,0.0,0.24065172523260117,-0.161313509196043,-0.20069222152233124
5020,17.34375,-0.1475185751914978,-0.04838319793343544,0.03022704869508743,0.0,0.24218303561210633,-0.1498290069401264,-0.1475185751914978
5030,20.09375,-0.16548389196395874,-0.044907848723232745,0.04893158823251724,0.0,0.24429628774523734,-0.15593726485967635,-0.16548389196395874
5040,16.90625,-0.16398999094963074,-0.04250737791880965,0.06500115282833577,0.0,0.24380375146865846,-0.15632530078291892,-0.16398999094963074
5050,16.1875,-0.16988317668437958,-0.03819775292649865,0.10799530372023583,0.0,0.2448594443500042,-0.15544767156243325,-0.16988317668437958
5060,21.71875,-0.1762257069349289,-0.051049537397921084,0.03477290887385607,0.0,0.24407905265688895,-0.14350537434220315,-0.1762257069349289
5070,16.34375,-0.17888996005058289,-0.058035390265285966,0.020236205123364926,0.0,0.24123331531882286,-0.15560586005449295,-0.17888996005058289
5080,17.40625,-0.16839143633842468,-0.04786869771778583,0.025772678293287755,0.0,0.2411736346781254,-0.15396822467446328,-0.16839143633842468
5090,18.96875,-0.16405999660491943,-0.052146243024617435,0.03319145664572716,0.0,0.24269431680440903,-0.15766165889799594,-0.16405999660491943
5100,17.28125,-0.15765595436096191,-0.05034477226436138,0.03275442961603403,0.0,0.24268878623843193,-0.15438004955649376,-0.15765595436096191
5110,17.0,-0.19535765051841736,-0.046508966200053695,0.05241148807108402,0.0,0.24293733909726142,-0.15040213391184806,-0.19535765051841736
5120,19.3125,-0.15284417569637299,-0.052770108357071875,0.023702220991253853,0.0,0.24284943342208862,-0.14754316881299018,-0.15284417569637299
5130,17.5625,-0.16117584705352783,-0.05163885354995727,0.0603995393961668,0.0,0.2440834105014801,-0.1483885958790779,-0.16117584705352783
5140,12.28125,-0.18005353212356567,-0.0551205032505095,0.030824461579322816,0.0,0.2468159757554531,-0.15245122388005256,-0.18005353212356567
5150,19.09375,-0.15785250067710876,-0.05573658309876919,0.035925484634935854,0.0,0.24605669006705283,-0.14595761932432652,-0.15785250067710876
5160,15.84375,-0.17339302599430084,-0.05235477536916733,0.024878853373229502,0.0,0.24372027888894082,-0.1519283030182123,-0.17339302599430084
5170,17.90625,-0.15541180968284607,-0.044749540835618974,0.02891046404838562,0.0,0.2419844776391983,-0.1558172471821308,-0.15541180968284607
5180,16.78125,-0.1765286922454834,-0.044645400159060954,0.058727700263261795,0.0,0.24012935385107995,-0.159238450974226,-0.1765286922454834
5190,16.3125,-0.15709134936332703,-0.047191974427551034,0.03787051066756249,0.0,0.24141754806041718,-0.15366777256131173,-0.15709134936332703
5200,14.8125,-0.17981423437595367,-0.05241173394024372,0.039174786768853664,0.0,0.2399154156446457,-0.15995352044701577,-0.17981423437595367
5210,19.4375,-0.1641073226928711,-0.05111754704266787,0.02033567875623703,0.0,0.24165725484490394,-0.1571786195039749,-0.1641073226928711
5220,19.0625,-0.16969707608222961,-0.05434357412159443,0.02339548021554947,0.0,0.2420845001935959,-0.1596033215522766,-0.16969707608222961
5230,15.03125,-0.16038036346435547,-0.05465003000572324,0.01683381050825119,0.0,0.2401220239698887,-0.15338532030582427,-0.16038036346435547
5240,17.5,-0.15174470841884613,-0.04866162687540054,0.021614686585962772,0.0,0.24427565708756446,-0.14876946806907654,-0.15174470841884613
5250,16.0,-0.18776622414588928,-0.04137611729092896,0.09820890240371227,0.0,0.24613131657242776,-0.14723122492432594,-0.18776622414588928
5260,20.65625,-0.17745846509933472,-0.0422000028192997,0.03130569066852331,0.0,0.2475029431283474,-0.14441578313708306,-0.17745846509933472
5270,19.21875,-0.1599838137626648,-0.04809007942676544,0.026449515484273434,0.0,0.24641262143850326,-0.15337564349174498,-0.1599838137626648
5280,14.375,-0.16314111649990082,-0.0454603785648942,0.0376471821218729,0.0,0.24586700052022933,-0.15661578215658664,-0.16314111649990082
5290,17.71875,-0.16225656867027283,-0.04257160071283579,0.04165454842150211,0.0,0.24594211727380752,-0.15102027021348477,-0.16225656867027283
5300,16.90625,-0.17005228996276855,-0.05359242046251893,0.05362986996769905,0.0,0.24656891077756882,-0.147592518851161,-0.17005228996276855
5310,19.96875,-0.17089392244815826,-0.047703273594379425,0.027067140117287634,0.0,0.24620774611830712,-0.14549298845231534,-0.17089392244815826
5320,14.25,-0.15979932248592377,-0.04655817840248346,0.04014725089073181,0.0,0.24639083966612815,-0.14925675950944423,-0.15979932248592377
5330,17.03125,-0.15934425592422485,-0.04411513116210699,0.0480690635740757,0.0,0.24839529395103455,-0.1419072315096855,-0.15934425592422485
5340,18.71875,-0.15031243860721588,-0.03997129388153553,0.03994275666773319,0.0,0.2522491060197353,-0.1490756008774042,-0.15031243860721588
5350,17.25,-0.16490569710731506,-0.0457177447155118,0.0665588453412056,0.0,0.24958995580673218,-0.14578929021954537,-0.16490569710731506
5360,17.125,-0.15880338847637177,-0.0503666453063488,0.027765949442982673,0.0,0.25077552571892736,-0.1451173409819603,-0.15880338847637177
5370,17.75,-0.1498262584209442,-0.05049466900527477,0.021957629173994065,0.0,0.25065836012363435,-0.14443334452807904,-0.1498262584209442
5380,17.59375,-0.18356400728225708,-0.04148864159360528,0.06603454872965812,0.0,0.24967364072799683,-0.1483547121286392,-0.18356400728225708
5390,15.78125,-0.17603380978107452,-0.04349552020430565,0.05333131887018681,0.0,0.24649904146790505,-0.154971232265234,-0.17603380978107452
5400,15.3125,-0.15028619766235352,-0.05219030417501926,0.02653975859284401,0.0,0.24476665779948234,-0.14948529824614526,-0.15028619766235352
5410,16.65625,-0.15639156103134155,-0.03850850649178028,0.028650901280343533,0.0,0.2458952248096466,-0.15335993394255637,-0.15639156103134155
5420,19.4375,-0.15644752979278564,-0.04944450557231903,0.03209465034306049,0.0,0.24430155009031296,-0.14453962966799735,-0.15644752979278564
5430,17.53125,-0.1281939595937729,-0.04122885540127754,0.032270807027816775,0.0,0.24299776628613473,-0.15676613114774227,-0.1281939595937729
5440,19.96875,-0.14987345039844513,-0.05357833849266171,0.0199849259108305,0.0,0.24623098373413085,-0.15138019509613515,-0.14987345039844513
5450,16.84375,-0.15382295846939087,-0.043103954568505284,0.03540941216051578,0.0,0.24726097136735917,-0.15406584814190866,-0.15382295846939087
5460,15.9375,-0.18129852414131165,-0.04273254508152604,0.18296804279088974,0.0,0.2469316080212593,-0.15556561201810837,-0.18129852414131165
5470,16.0,-0.16942191123962402,-0.05072883572429419,0.056656412035226825,0.0,0.2457955561578274,-0.15363260433077813,-0.16942191123962402
5480,18.3125,-0.15505337715148926,-0.053855961561203,0.026455153338611127,0.0,0.2466399498283863,-0.15005175955593586,-0.15505337715148926
5490,12.09375,-0.1727994829416275,-0.03442925550043583,0.11622539311647415,0.0,0.2463573269546032,-0.14903205633163452,-0.1727994829416275
5500,15.53125,-0.15272660553455353,-0.040270057041198015,0.05485232323408127,0.0,0.24761949852108955,-0.149275828525424,-0.15272660553455353
5510,13.53125,-0.18744269013404846,-0.043093121238052846,0.05898100659251213,0.0,0.25010478496551514,-0.15842393711209296,-0.18744269013404846
5520,21.3125,-0.14168524742126465,-0.036221935600042346,0.04960871245712042,0.0,0.24956033900380134,-0.14379215389490127,-0.14168524742126465
5530,14.5625,-0.18882423639297485,-0.04673220179975033,0.0868558321148157,0.0,0.25186087042093275,-0.1476549930870533,-0.18882423639297485
5540,15.0625,-0.20191077888011932,-0.03757921531796456,0.14981221184134483,0.0,0.2510551206767559,-0.14927425123751165,-0.20191077888011932
5550,14.71875,-0.1689586341381073,-0.045429695025086404,0.053675587847828866,0.0,0.25476275831460954,-0.14832746759057044,-0.1689586341381073
5560,17.1875,-0.16510695219039917,-0.05231750253587961,0.03055702764540911,0.0,0.25646164938807486,-0.14571011066436768,-0.16510695219039917
5570,17.75,-0.15330570936203003,-0.04940663976594806,0.049471146613359454,0.0,0.2576534926891327,-0.14525632113218306,-0.15330570936203003
5580,12.59375,-0.16138474643230438,-0.04470830112695694,0.06350561864674091,0.0,0.25606345385313034,-0.15286423079669476,-0.16138474643230438
5590,15.84375,-0.17829912900924683,-0.03370861136354506,0.12753404676914215,0.0,0.25510352551937104,-0.1507002130150795,-0.17829912900924683
5600,21.34375,-0.14962264895439148,-0.044429773557931186,0.04220150038599968,0.0,0.25497217997908594,-0.1414791688323021,-0.14962264895439148
5610,16.4375,-0.16813170909881592,-0.04116298453882337,0.0589201694354415,0.0,0.2601434975862503,-0.14047000594437123,-0.16813170909881592
5620,16.375,-0.15681961178779602,-0.04643119610846043,0.030331948399543764,0.0,0.2578038714826107,-0.14762338474392891,-0.15681961178779602
5630,18.90625,-0.16438932716846466,-0.05575402248650789,0.03599023390561342,0.0,0.25703621804714205,-0.13904516100883485,-0.16438932716846466
5640,19.625,-0.12966960668563843,-0.045854111202061176,0.045385034382343294,0.0,0.2578137621283531,-0.14012331143021584,-0.12966960668563843
5650,20.40625,-0.13410644233226776,-0.0455558342859149,0.05985061638057232,0.0,0.2583168186247349,-0.1399848785251379,-0.13410644233226776
5660,16.84375,-0.12361680716276169,-0.05110988821834326,0.03353819902986288,0.0,0.25650090500712397,-0.13713831678032876,-0.12361680716276169
5670,18.09375,-0.14520809054374695,-0.02847089972347021,0.1820661909878254,0.0,0.25530756935477256,-0.14561849348247052,-0.14520809054374695
5680,18.375,-0.15680484473705292,-0.05108716087415814,0.03742850553244352,0.0,0.2540429852902889,-0.1362409021705389,-0.15680484473705292
5690,23.09375,-0.1649598777294159,-0.04768504202365875,0.045105262845754626,0.0,0.25720886141061783,-0.13893541246652602,-0.1649598777294159
5700,14.5625,-0.18181729316711426,-0.04660577680915594,0.0861185260117054,0.0,0.25631915479898454,-0.14726437479257584,-0.18181729316711426
5710,16.125,-0.1392519325017929,-0.04509800337255001,0.022820723615586756,0.0,0.25477623045444486,-0.14783630147576332,-0.1392519325017929
5720,18.53125,-0.15069851279258728,-0.05185645129531622,0.046543079614639285,0.0,0.2576575383543968,-0.14895226955413818,-0.15069851279258728
5730,16.0625,-0.14139530062675476,-0.03805120829492807,0.02812363263219595,0.0,0.25735693499445916,-0.14094578586518763,-0.14139530062675476
5740,19.09375,-0.13810455799102783,-0.050729413703083995,0.01932964436709881,0.0,0.25995366275310516,-0.14323190674185754,-0.13810455799102783
5750,16.6875,-0.14724388718605042,-0.0362912829965353,0.1075364701449871,0.0,0.2609397493302822,-0.14372688047587873,-0.14724388718605042
5760,18.03125,-0.11165155470371246,-0.04827284831553698,0.02193431630730629,0.0,0.2611037090420723,-0.1374534446746111,-0.11165155470371246
5770,19.8125,-0.15456239879131317,-0.04703109059482813,0.03166816905140877,0.0,0.26495974510908127,-0.1398400004953146,-0.15456239879131317
5780,18.03125,-0.16113921999931335,-0.049279624596238136,0.031963773630559446,0.0,0.26922560632228854,-0.13509499579668044,-0.16113921999931335
5790,16.09375,-0.15176226198673248,-0.03969267196953297,0.07374414149671793,0.0,0.2672839894890785,-0.13559670820832254,-0.15176226198673248
5800,17.9375,-0.15820303559303284,-0.03314235815778375,0.06011926047503948,0.0,0.26913599371910096,-0.14035167284309863,-0.15820303559303284
5810,18.03125,-0.13070301711559296,-0.03724493179470301,0.03398512285202741,0.0,0.2676451295614243,-0.1348025780171156,-0.13070301711559296
5820,20.625,-0.1445886790752411,-0.04761852789670229,0.03411538805812597,0.0,0.2686774268746376,-0.12629283927381038,-0.1445886790752411
5830,15.3125,-0.14960232377052307,-0.053735497407615185,0.056816300749778746,0.0,0.269139789044857,-0.13139253258705139,-0.14960232377052307
5840,20.6875,-0.13698554039001465,-0.052260459214448926,0.03130020909011364,0.0,0.26693185418844223,-0.1314846783876419,-0.13698554039001465
5850,24.09375,-0.13333028554916382,-0.04593947613611817,0.09195493087172509,0.0,0.26545830219984057,-0.14480636939406394,-0.13333028554916382
5860,18.125,-0.16027717292308807,-0.05005708411335945,0.054513084888458255,0.0,0.2668335407972336,-0.13717859238386154,-0.16027717292308807
5870,17.84375,-0.1165631040930748,-0.04468547962605953,0.04001093190163374,0.0,0.26785202622413634,-0.1368475791066885,-0.1165631040930748
5880,15.15625,-0.14144586026668549,-0.045548886992037296,0.02362787500023842,0.0,0.2678522989153862,-0.13471179269254208,-0.14144586026668549
5890,16.875,-0.14272207021713257,-0.05176529884338379,0.021969796903431416,0.0,0.26787302643060684,-0.13714062608778477,-0.14272207021713257
5900,17.8125,-0.13331177830696106,-0.03206792101264,0.12145933285355567,0.0,0.2693758010864258,-0.1358468808233738,-0.13331177830696106
5910,20.84375,-0.13238221406936646,-0.04936364009045065,0.02234892137348652,0.0,0.2708971679210663,-0.1352793850004673,-0.13238221406936646
5920,17.875,-0.15880970656871796,-0.04646775554865599,0.09495711997151375,0.0,0.2685266897082329,-0.13289663158357143,-0.15880970656871796
5930,17.46875,-0.137460857629776,-0.0442777581512928,0.050728801637887955,0.0,0.26827110201120374,-0.13168285973370075,-0.137460857629776
5940,15.71875,-0.16063497960567474,-0.0500741858035326,0.032574543915688994,0.0,0.26638651043176653,-0.1418537709861994,-0.16063497960567474
5950,18.25,-0.13960517942905426,-0.05332481376826763,0.03293365892022848,0.0,0.26698648035526273,-0.13723701797425747,-0.13960517942905426
5960,18.0625,-0.15916520357131958,-0.05669502429664135,0.02769801039248705,0.0,0.267588397860527,-0.1346000123769045,-0.15916520357131958
5970,18.34375,-0.1339033842086792,-0.049000834859907624,0.027277468331158163,0.0,0.26839844733476637,-0.1359473116695881,-0.1339033842086792
5980,18.875,-0.13107648491859436,-0.04524475559592247,0.0337629072368145,0.0,0.26916846334934236,-0.13319128900766372,-0.13107648491859436
5990,16.4375,-0.14874616265296936,-0.04022316420450807,0.1333565056324005,0.0,0.2700164258480072,-0.13721247501671313,-0.14874616265296936
6000,16.46875,-0.14367103576660156,-0.03757260739803314,0.11238268353044986,0.0,0.2693923830986023,-0.13261145427823068,-0.14367103576660156
6010,18.625,-0.13848534226417542,-0.04385277554392815,0.05787197761237621,0.0,0.2705796718597412,-0.13398470915853977,-0.13848534226417542
6020,15.34375,-0.15043219923973083,-0.046716061793267726,0.0583906464278698,0.0,0.27126830220222475,-0.1342721998691559,-0.15043219923973083
6030,17.375,-0.14439259469509125,-0.05023947125300765,0.04311914574354887,0.0,0.27148340791463854,-0.13726198486983776,-0.14439259469509125
6040,19.125,-0.15313470363616943,-0.05106941852718592,0.03453904185444116,0.0,0.27376101315021517,-0.13011693432927132,-0.15313470363616943
6050,19.59375,-0.17509178817272186,-0.04522080197930336,0.0916649978607893,0.0,0.2717671737074852,-0.1285263329744339,-0.17509178817272186
6060,19.3125,-0.13238514959812164,-0.04310551034286618,0.04883997663855553,0.0,0.2710108011960983,-0.13435867205262184,-0.13238514959812164
6070,14.84375,-0.14274871349334717,-0.04959814921021462,0.019358691200613974,0.0,0.2705776944756508,-0.13421892002224922,-0.14274871349334717
6080,19.5,-0.15421262383460999,-0.04480037409812212,0.034109012223780155,0.0,0.27293636798858645,-0.12744515277445317,-0.15421262383460999
6090,22.21875,-0.15358032286167145,-0.05176247297786176,0.038427715003490445,0.0,0.2732579126954079,-0.12972038462758065,-0.15358032286167145
6100,19.65625,-0.13124889135360718,-0.030740982480347158,0.14029861316084863,0.0,0.27273974269628526,-0.13310244381427766,-0.13124889135360718
6110,21.34375,-0.12493276596069336,-0.0518300729803741,0.014593550376594067,0.0,0.2756083071231842,-0.13043615221977234,-0.12493276596069336
6120,15.8125,-0.1279011070728302,-0.05447352211922407,0.03346165977418423,0.0,0.2723951369524002,-0.12815763652324677,-0.1279011070728302
6130,17.78125,-0.15729248523712158,-0.03008294366300106,0.5403130359947681,0.0,0.2708436444401741,-0.13298300094902515,-0.15729248523712158
6140,17.96875,-0.16768008470535278,-0.047866127267479894,0.06333689726889133,0.0,0.2736422911286354,-0.13277912102639675,-0.16768008470535278
6150,24.65625,-0.11922340095043182,-0.05751537773758173,0.023205925524234772,0.0,0.27580021023750306,-0.12809046618640424,-0.11922340095043182
6160,24.09375,-0.11579003185033798,-0.04041788429021835,0.03132075723260641,0.0,0.27480009347200396,-0.12314738295972347,-0.11579003185033798
6170,17.09375,-0.150712788105011,-0.053883914090693,0.03582951631397009,0.0,0.2737921327352524,-0.13379100374877453,-0.150712788105011
6180,18.75,-0.15795192122459412,-0.04192585283890367,0.05598224475979805,0.0,0.2716060861945152,-0.1325864277780056,-0.15795192122459412
6190,14.3125,-0.15635335445404053,-0.05483846329152584,0.02831781208515167,0.0,0.27581987380981443,-0.13038505278527737,-0.15635335445404053
6200,18.03125,-0.1333174854516983,-0.05003188159316778,0.03087240569293499,0.0,0.27560135126113894,-0.1272114135324955,-0.1333174854516983
6210,16.96875,-0.13532012701034546,-0.040833890065550806,0.07272496186196804,0.0,0.2766119748353958,-0.12602798230946063,-0.13532012701034546
6220,16.96875,-0.15327242016792297,-0.052627003332599995,0.045226069539785384,0.0,0.2800883799791336,-0.12232269458472729,-0.15327242016792297
6230,21.09375,-0.1638524830341339,-0.031031001079827546,0.19566409327089787,0.0,0.27666508555412295,-0.13054238595068454,-0.1638524830341339
6240,17.125,-0.13231351971626282,-0.048895042203366754,0.02960278056561947,0.0,0.2765935853123665,-0.12558224983513355,-0.13231351971626282
6250,20.71875,-0.1374892145395279,-0.04848056631162763,0.028519204631447793,0.0,0.274177023768425,-0.12037860453128815,-0.1374892145395279
6260,12.78125,-0.15763363242149353,-0.0432512829080224,0.047542215511202815,0.0,0.2741181284189224,-0.1220678448677063,-0.15763363242149353
6270,15.90625,-0.1340124011039734,-0.050763681158423425,0.03829592186957598,0.0,0.2777604967355728,-0.12400275319814683,-0.1340124011039734
6280,22.15625,-0.13331665098667145,-0.04537307843565941,0.04563326127827168,0.0,0.27674585282802583,-0.11910045742988587,-0.13331665098667145
6290,18.46875,-0.12758928537368774,-0.05186320953071118,0.029203514754772186,0.0,0.27528223395347595,-0.12725968956947326,-0.12758928537368774
6300,17.625,-0.10814684629440308,-0.03866796121001244,0.061760299280285834,0.0,0.27580454349517824,-0.12312532104551792,-0.10814684629440308
6310,19.53125,-0.13758176565170288,-0.04932962292805314,0.04333067610859871,0.0,0.27437732070684434,-0.12819270491600038,-0.13758176565170288
6320,16.6875,-0.11802253127098083,-0.05403257943689823,0.021980775892734526,0.0,0.2770656138658524,-0.11804930828511714,-0.11802253127098083
6330,15.625,-0.1387932300567627,-0.04263779744505882,0.04869382604956627,0.0,0.27595944702625275,-0.11760571002960205,-0.1387932300567627
6340,19.34375,-0.13202911615371704,-0.040479525551199914,0.0647064559161663,0.0,0.2779849857091904,-0.12287540920078754,-0.13202911615371704
6350,14.375,-0.14485280215740204,-0.05407251603901386,0.023756334744393825,0.0,0.276153527200222,-0.12272182777523995,-0.14485280215740204
6360,14.8125,-0.1313331127166748,-0.046267977077513935,0.03585021886974573,0.0,0.27373157143592836,-0.12332792282104492,-0.1313331127166748
6370,15.6875,-0.1467638611793518,-0.05220483997836709,0.029250939562916755,0.0,0.2712740510702133,-0.12130775973200798,-0.1467638611793518
6380,15.96875,-0.14350396394729614,-0.04775245953351259,0.03064571861177683,0.0,0.2730845659971237,-0.1177407082170248,-0.14350396394729614
6390,17.78125,-0.13161928951740265,-0.046816632896661756,0.09913333356380463,0.0,0.27487168163061143,-0.12708752304315568,-0.13161928951740265
6400,17.125,-0.14654383063316345,-0.04826653115451336,0.05334473364055157,0.0,0.27537489831447604,-0.12396684065461158,-0.14654383063316345
6410,17.6875,-0.1339639127254486,-0.054102597571909425,0.03535542562603951,0.0,0.27721595764160156,-0.11908855810761451,-0.1339639127254486
6420,15.15625,-0.12885625660419464,-0.05242457985877991,0.043481843546032906,0.0,0.2739794433116913,-0.11380655057728291,-0.12885625660419464
6430,18.21875,-0.15749788284301758,-0.050274301692843436,0.05692090168595314,0.0,0.277132485806942,-0.13095425739884375,-0.15749788284301758
6440,20.0,-0.16657285392284393,-0.03798230327665806,0.10489951074123383,0.0,0.27403354942798613,-0.12435114532709121,-0.16657285392284393
6450,19.0,-0.13135643303394318,-0.05214683888480067,0.031910781562328336,0.0,0.27414390444755554,-0.12780675254762172,-0.13135643303394318
6460,16.875,-0.16141444444656372,-0.04096084460616112,0.0338632557541132,0.0,0.27465575039386747,-0.13039470799267291,-0.16141444444656372
6470,20.21875,-0.12488356232643127,-0.05418423861265183,0.02745714448392391,0.0,0.27527351677417755,-0.11970659606158733,-0.12488356232643127
6480,17.71875,-0.10514941811561584,-0.05413679843768478,0.05105042159557342,0.0,0.2799752548336983,-0.11818350963294506,-0.10514941811561584
6490,17.625,-0.1083124577999115,-0.0522696565836668,0.021809807606041433,0.0,0.2800221413373947,-0.11880233138799667,-0.1083124577999115
6500,18.21875,-0.14125564694404602,-0.0552604871802032,0.042412012442946435,0.0,0.27753263562917707,-0.12829746268689632,-0.14125564694404602
6510,12.59375,-0.16867588460445404,-0.04258082509040832,0.10495840758085251,0.0,0.2788665607571602,-0.1195694237947464,-0.16867588460445404
6520,19.25,-0.126422718167305,-0.042032935097813605,0.061205094680190086,0.0,0.279658605158329,-0.12344076074659824,-0.126422718167305
6530,18.125,-0.1346573531627655,-0.042747512366622685,0.044949212297797206,0.0,0.27931381613016126,-0.11994686536490917,-0.1346573531627655
6540,17.375,-0.13588356971740723,-0.04413870628923178,0.051186006888747214,0.0,0.27924608141183854,-0.12027774080634117,-0.13588356971740723
6550,15.3125,-0.14650404453277588,-0.0480009300634265,0.029230151697993277,0.0,0.27846755236387255,-0.12215545661747455,-0.14650404453277588
6560,18.5625,-0.12267197668552399,-0.04571406915783882,0.09851002842187881,0.0,0.27990562468767166,-0.12155193835496902,-0.12267197668552399
6570,13.375,-0.14016811549663544,-0.052548828162252904,0.037430799752473834,0.0,0.27693173438310625,-0.11931969821453095,-0.14016811549663544
6580,20.46875,-0.12483882904052734,-0.04683417174965143,0.0383079145103693,0.0,0.2804454296827316,-0.1194788433611393,-0.12483882904052734
6590,23.75,-0.11445678770542145,-0.05275383461266756,0.0255129124969244,0.0,0.27911986112594606,-0.12251176573336124,-0.11445678770542145
6600,15.625,-0.14335346221923828,-0.04706177171319723,0.04150315746665001,0.0,0.27732049226760863,-0.13200381062924862,-0.14335346221923828
6610,15.78125,-0.13709883391857147,-0.05341425063088536,0.03965869471430779,0.0,0.2767930328845978,-0.12135891281068326,-0.13709883391857147
6620,16.0625,-0.1407562494277954,-0.04382188692688942,0.052301498129963875,0.0,0.2787632390856743,-0.13002196811139582,-0.1407562494277954
6630,17.4375,-0.11481551826000214,-0.050681174546480176,0.025486754067242146,0.0,0.2794600069522858,-0.12017826959490777,-0.11481551826000214
6640,17.5625,-0.12395312637090683,-0.046739842556416986,0.06291298009455204,0.0,0.28151905685663225,-0.1245498664677143,-0.12395312637090683
6650,22.9375,-0.13177505135536194,-0.047756835259497164,0.03001443613320589,0.0,0.28150215148925783,-0.11695549823343754,-0.13177505135536194
6660,23.15625,-0.1144372746348381,-0.04070421047508717,0.0425387293100357,0.0,0.2780256405472755,-0.12497135512530803,-0.1144372746348381
6670,16.3125,-0.12036561220884323,-0.04005172867327929,0.04425560794770718,0.0,0.27880155593156813,-0.128090950101614,-0.12036561220884323
6680,17.96875,-0.14189375936985016,-0.054615646786987784,0.03837255761027336,0.0,0.2798531919717789,-0.11767072640359402,-0.14189375936985016
6690,17.84375,-0.11097468435764313,-0.05127022936940193,0.02324175238609314,0.0,0.28255932331085204,-0.11202696114778518,-0.11097468435764313
6700,19.0,-0.11986438184976578,-0.05569554939866066,0.016065158229321242,0.0,0.28109621703624726,-0.11769848428666592,-0.11986438184976578
6710,18.4375,-0.11300139129161835,-0.049445032887160775,0.03347602561116218,0.0,0.2850672289729118,-0.11736069992184639,-0.11300139129161835
6720,19.5625,-0.1412557065486908,-0.0536287035793066,0.022926142811775206,0.0,0.2827198803424835,-0.1274426907300949,-0.1412557065486908
6730,11.78125,-0.15343326330184937,-0.0531408341601491,0.09963817521929741,0.0,0.2818483799695969,-0.13029396086931228,-0.15343326330184937
6740,18.09375,-0.1389027237892151,-0.0528692115098238,0.022956452704966067,0.0,0.2845101833343506,-0.12370744198560715,-0.1389027237892151
6750,18.25,-0.12299324572086334,-0.039938373118638994,0.03431035503745079,0.0,0.28105751127004625,-0.11925874724984169,-0.12299324572086334
6760,18.875,-0.10336045920848846,-0.050936568342149255,0.03005992416292429,0.0,0.28450299352407454,-0.10940898023545742,-0.10336045920848846
6770,18.84375,-0.11131589114665985,-0.047598295100033286,0.02176991607993841,0.0,0.2821553498506546,-0.11442907862365245,-0.11131589114665985
6780,20.0625,-0.12718012928962708,-0.0551942341029644,0.03935457766056061,0.0,0.2832177639007568,-0.11509163491427898,-0.12718012928962708
6790,23.1875,-0.1403079628944397,-0.051890714839100835,0.03201534375548363,0.0,0.2823284327983856,-0.11553771868348121,-0.1403079628944397
6800,19.59375,-0.13564717769622803,-0.04650452239438892,0.07790320590138436,0.0,0.2814395174384117,-0.11554580926895142,-0.13564717769622803
6810,14.71875,-0.1587575376033783,-0.045172232668846846,0.05837699957191944,0.0,0.279610151052475,-0.12121190242469311,-0.1587575376033783
6820,17.90625,-0.14376096427440643,-0.05000447295606136,0.037205005437135695,0.0,0.27738137990236283,-0.12002881914377213,-0.14376096427440643
6830,14.34375,-0.1324116587638855,-0.055811324156820774,0.031173033826053142,0.0,0.2781247481703758,-0.12180550955235958,-0.1324116587638855
6840,14.84375,-0.16959010064601898,-0.04439000403508544,0.07521848641335964,0.0,0.27892431169748305,-0.12860367745161055,-0.16959010064601898
6850,18.21875,-0.1317729949951172,-0.054099620413035156,0.01689349701628089,0.0,0.2767318308353424,-0.11948218606412411,-0.1317729949951172
6860,17.9375,-0.12702766060829163,-0.05565101578831673,0.03146199695765972,0.0,0.27849930375814436,-0.1215041771531105,-0.12702766060829163
6870,19.53125,-0.1311529278755188,-0.05807995982468128,0.0230849152430892,0.0,0.2787394687533379,-0.12143021784722804,-0.1311529278755188
6880,13.28125,-0.13710910081863403,-0.05101927444338798,0.03419867642223835,0.0,0.27756933867931366,-0.12166955247521401,-0.13710910081863403
6890,16.09375,-0.14183007180690765,-0.05331052951514721,0.06029074490070343,0.0,0.27991288155317307,-0.1251507755368948,-0.14183007180690765
6900,17.34375,-0.12925079464912415,-0.04458871753886342,0.045807625912129876,0.0,0.27964635491371154,-0.11953002028167248,-0.12925079464912415
6910,13.90625,-0.1521151065826416,-0.05121992230415344,0.08037908896803855,0.0,0.2820081725716591,-0.1159730788320303,-0.1521151065826416
6920,23.125,-0.1249532699584961,-0.05068679712712765,0.017500654701143502,0.0,0.28117022961378096,-0.11397463530302047,-0.1249532699584961
6930,20.0,-0.11879552900791168,-0.0491605244576931,0.024631821364164353,0.0,0.2808696448802948,-0.11413484960794448,-0.11879552900791168
6940,18.15625,-0.11634014546871185,-0.04859056547284126,0.02921909037977457,0.0,0.2802409216761589,-0.11462622359395028,-0.11634014546871185
6950,19.0,-0.13569268584251404,-0.05200432240962982,0.035007893666625024,0.0,0.28175984919071195,-0.11882377192378044,-0.13569268584251404
6960,23.59375,-0.11098982393741608,-0.05227806400507688,0.040586356446146964,0.0,0.28377815186977384,-0.11158013716340065,-0.11098982393741608
6970,19.34375,-0.1287507712841034,-0.04975556880235672,0.06082751601934433,0.0,0.2846521273255348,-0.11887125633656978,-0.1287507712841034
6980,18.40625,-0.14135754108428955,-0.053463950846344234,0.02810368947684765,0.0,0.2828423038125038,-0.12168744131922722,-0.14135754108428955
6990,15.8125,-0.11217902600765228,-0.05841050129383803,0.0260646840557456,0.0,0.2824097216129303,-0.12048825807869434,-0.11217902600765228
7000,16.71875,-0.14785955846309662,-0.05325650684535503,0.02724419701844454,0.0,0.282311150431633,-0.11145204827189445,-0.14785955846309662
7010,19.84375,-0.1146293357014656,-0.037590949796140194,0.07763630598783493,0.0,0.2845252737402916,-0.12076608166098594,-0.1146293357014656
7020,16.90625,-0.1267973929643631,-0.04251066781580448,0.0894306592643261,0.0,0.28562197983264925,-0.1193221289664507,-0.1267973929643631
7030,23.1875,-0.10352329909801483,-0.05243491865694523,0.04144912362098694,0.0,0.28578881323337557,-0.10644301548600196,-0.10352329909801483
7040,19.65625,-0.1318146288394928,-0.05052390024065971,0.07429220899939537,0.0,0.2859204649925232,-0.10932043679058552,-0.1318146288394928
7050,19.875,-0.1123080626130104,-0.05011969804763794,0.030995012447237968,0.0,0.28544093668460846,-0.11331100575625896,-0.1123080626130104
7060,20.46875,-0.1253306269645691,-0.0511533260345459,0.0380699610337615,0.0,0.28780373334884646,-0.11357551403343677,-0.1253306269645691
7070,15.9375,-0.1568123996257782,-0.037187283486127855,0.102032470703125,0.0,0.28946753591299057,-0.11786026507616043,-0.1568123996257782
7080,19.8125,-0.10584303736686707,-0.044389417953789236,0.03320794384926558,0.0,0.28816876858472823,-0.11929570026695728,-0.10584303736686707
7090,18.71875,-0.10615677386522293,-0.058446714840829375,0.021825492195785046,0.0,0.28926445692777636,-0.11402570866048337,-0.10615677386522293
7100,18.65625,-0.08767667412757874,-0.04550836905837059,0.061606277152895926,0.0,0.29032367318868635,-0.11143421679735184,-0.08767667412757874
7110,19.875,-0.12292934209108353,-0.05254434440284968,0.04012891352176666,0.0,0.289614799618721,-0.11270325295627118,-0.12292934209108353
7120,17.9375,-0.11154507100582123,-0.04763788534328341,0.048673711344599725,0.0,0.28727113008499144,-0.11195489354431629,-0.11154507100582123
7130,16.59375,-0.12635530531406403,-0.05433746073395014,0.03521083854138851,0.0,0.28720885813236235,-0.11524482853710652,-0.12635530531406403
7140,14.4375,-0.13820600509643555,-0.049837426654994486,0.05536065138876438,0.0,0.2877361238002777,-0.11361211575567723,-0.13820600509643555
7150,23.375,-0.13801586627960205,-0.049518187344074246,0.023253943398594858,0.0,0.28909133523702624,-0.10954079627990723,-0.13801586627960205
7160,18.96875,-0.1272309422492981,-0.04952096976339817,0.03850480373948813,0.0,0.28820603638887404,-0.11491175331175327,-0.1272309422492981
7170,21.625,-0.10651712119579315,-0.047178497444838284,0.03255923073738813,0.0,0.29135249704122546,-0.10927403382956982,-0.10651712119579315
7180,17.5625,-0.12141603231430054,-0.044121294375509025,0.03557568658143282,0.0,0.2902951121330261,-0.11526210904121399,-0.12141603231430054
7190,15.8125,-0.1399008333683014,-0.04501301813870669,0.05831725001335144,0.0,0.2879723280668259,-0.11779019087553025,-0.1399008333683014
7200,20.28125,-0.11928624659776688,-0.055063403025269506,0.024042265303432942,0.0,0.2915704309940338,-0.10689177364110947,-0.11928624659776688
7210,17.59375,-0.10462985187768936,-0.04836357720196247,0.021904710866510867,0.0,0.29307110607624054,-0.10897829644382,-0.10462985187768936
7220,15.875,-0.1309865415096283,-0.047890354227274654,0.03609137646853924,0.0,0.2905024975538254,-0.11049168817698955,-0.1309865415096283
7230,20.625,-0.12810811400413513,-0.0412787382490933,0.03544330820441246,0.0,0.28815925419330596,-0.11296477392315865,-0.12810811400413513
7240,17.21875,-0.12368744611740112,-0.04601350761950016,0.04089683704078197,0.0,0.2914584010839462,-0.1117176990956068,-0.12368744611740112
7250,18.5625,-0.11832748353481293,-0.04941721633076668,0.048161786049604416,0.0,0.29376584887504575,-0.10679118372499943,-0.11832748353481293
7260,17.71875,-0.12519997358322144,-0.04853692129254341,0.03067650757730007,0.0,0.29328407496213915,-0.10529483444988727,-0.12519997358322144
7270,14.1875,-0.128485769033432,-0.04441346060484648,0.044283505901694296,0.0,0.29230142682790755,-0.10928100049495697,-0.128485769033432
7280,16.96875,-0.09233370423316956,-0.04337148508056998,0.023758997209370136,0.0,0.29487882256507875,-0.10624835044145584,-0.09233370423316956
7290,13.21875,-0.1486208289861679,-0.05041655786335468,0.052080148831009865,0.0,0.2934273824095726,-0.11516252793371677,-0.1486208289861679
7300,15.75,-0.1423046588897705,-0.04858287889510393,0.0348343700170517,0.0,0.29022539854049684,-0.11588162705302238,-0.1423046588897705
7310,18.8125,-0.09862068295478821,-0.05551968384534121,0.02272387370467186,0.0,0.29239282459020616,-0.10975018851459026,-0.09862068295478821
7320,15.8125,-0.10389366000890732,-0.055500507820397615,0.01774389445781708,0.0,0.28944469690322877,-0.10955250598490238,-0.10389366000890732
7330,14.75,-0.12867344915866852,-0.04937309715896845,0.03632374033331871,0.0,0.2876128047704697,-0.10784663408994674,-0.12867344915866852
7340,15.6875,-0.12066957354545593,-0.05115129416808486,0.03345191888511181,0.0,0.2866291955113411,-0.11648304499685765,-0.12066957354545593
7350,26.84375,-0.11626851558685303,-0.04669300792738795,0.02904879432171583,0.0,0.2886292427778244,-0.10331759117543697,-0.11626851558685303
7360,21.4375,-0.12350712716579437,-0.061946915835142134,0.03531501982361078,0.0,0.2883365243673325,-0.11350478045642376,-0.12350712716579437
7370,20.625,-0.11263605952262878,-0.05577915646135807,0.03463573753833771,0.0,0.29016863107681273,-0.1113095797598362,-0.11263605952262878
7380,16.125,-0.10573549568653107,-0.056598576717078686,0.022251234389841557,0.0,0.2897145450115204,-0.11014207825064659,-0.10573549568653107
7390,16.40625,-0.1466849446296692,-0.04283587844111025,0.04721516445279121,0.0,0.28879970163106916,-0.11299820728600025,-0.1466849446296692
7400,16.5,-0.12286688387393951,-0.05136657059192658,0.019456887058913706,0.0,0.289387920498848,-0.10932600870728493,-0.12286688387393951
7410,19.59375,-0.10822037607431412,-0.05453754626214504,0.0263494161888957,0.0,0.2905584290623665,-0.1114832527935505,-0.10822037607431412
7420,14.46875,-0.11296961456537247,-0.04625801499933004,0.032630577497184274,0.0,0.2902081534266472,-0.1134132757782936,-0.11296961456537247
7430,19.03125,-0.11703065782785416,-0.04616328114643693,0.03271730467677116,0.0,0.29093617349863055,-0.11449972577393056,-0.11703065782785416
7440,18.3125,-0.10771439969539642,-0.05532091399654746,0.021788998506963253,0.0,0.28845573514699935,-0.11031059734523296,-0.10771439969539642
7450,18.78125,-0.11700940132141113,-0.055019780341535804,0.026821736805140974,0.0,0.28924708664417265,-0.1207058496773243,-0.11700940132141113
7460,13.53125,-0.12950989603996277,-0.045417331345379355,0.0327741265296936,0.0,0.2896550759673119,-0.11566887088119984,-0.12950989603996277
7470,17.4375,-0.11303605139255524,-0.04634251445531845,0.038128848746418954,0.0,0.29254207015037537,-0.1079067274928093,-0.11303605139255524
7480,15.625,-0.1304999440908432,-0.04716155305504799,0.03893862683326006,0.0,0.29226685166358946,-0.1072385136038065,-0.1304999440908432
7490,17.8125,-0.1190367192029953,-0.054972590319812296,0.01997643206268549,0.0,0.2899415224790573,-0.11138531938195229,-0.1190367192029953
7500,14.71875,-0.13924512267112732,-0.04826016705483198,0.029627959616482256,0.0,0.29110940396785734,-0.10575588680803776,-0.13924512267112732
7510,17.0,-0.14196714758872986,-0.026618843991309406,0.2890482500195503,0.0,0.2938669413328171,-0.11016923114657402,-0.14196714758872986
7520,22.15625,-0.09637920558452606,-0.050426910445094106,0.03237223997712135,0.0,0.29027205258607863,-0.10250499323010445,-0.09637920558452606
7530,14.71875,-0.1339743584394455,-0.04802510272711515,0.049187039770185945,0.0,0.29089843928813935,-0.10854403935372829,-0.1339743584394455
7540,16.21875,-0.13905437290668488,-0.057946051470935345,0.02737773787230253,0.0,0.29160324335098264,-0.11168883740901947,-0.13905437290668488
7550,15.3125,-0.1367906630039215,-0.05085738785564899,0.021252203173935412,0.0,0.2919257789850235,-0.10845509767532349,-0.1367906630039215
7560,16.375,-0.12214236706495285,-0.05137678878381848,0.030731577426195145,0.0,0.29163856357336043,-0.10395519733428955,-0.12214236706495285
7570,14.5625,-0.12999007105827332,-0.05678369160741568,0.029283484257757664,0.0,0.2961819753050804,-0.11460257768630981,-0.12999007105827332
7580,21.78125,-0.09382631629705429,-0.056231565028429034,0.02099320348352194,0.0,0.2957900404930115,-0.10463091991841793,-0.09382631629705429
7590,19.5,-0.11190393567085266,-0.0544241713359952,0.022479266859591007,0.0,0.29854662269353865,-0.10228343494236469,-0.11190393567085266
7600,18.71875,-0.10924740135669708,-0.052678082883358,0.021635606698691846,0.0,0.29817250072956086,-0.10751191824674607,-0.10924740135669708
7610,19.125,-0.11311209201812744,-0.05430323332548141,0.01669052056968212,0.0,0.2958237588405609,-0.10879836641252041,-0.11311209201812744
7620,14.4375,-0.12260843813419342,-0.05206043403595686,0.031680840998888016,0.0,0.2945450872182846,-0.1103946465998888,-0.12260843813419342
7630,20.375,-0.10542342066764832,-0.053454113006591794,0.038249635323882106,0.0,0.2962655112147331,-0.10359155684709549,-0.10542342066764832
7640,20.5625,-0.11693461239337921,-0.05282048173248768,0.025359622575342654,0.0,0.2963740572333336,-0.10863736532628536,-0.11693461239337921
7650,15.65625,-0.11355888843536377,-0.053756427578628065,0.032842058874666694,0.0,0.2967085227370262,-0.11100856140255928,-0.11355888843536377
7660,13.9375,-0.13198882341384888,-0.051266570761799815,0.02824538517743349,0.0,0.29178790748119354,-0.1072080448269844,-0.13198882341384888
7670,18.0625,-0.11930572986602783,-0.05005167033523321,0.023904949054121973,0.0,0.29616445004940034,-0.10020671561360359,-0.11930572986602783
7680,17.09375,-0.10928285121917725,-0.054783161357045175,0.029612922109663486,0.0,0.2980229318141937,-0.10413231514394283,-0.10928285121917725
7690,17.28125,-0.1523963212966919,-0.046882934868335724,0.04449812956154346,0.0,0.29709476232528687,-0.1065868578851223,-0.1523963212966919
7700,15.6875,-0.10620693117380142,-0.055800414830446246,0.024111627228558065,0.0,0.29681950956583025,-0.10081534255295992,-0.10620693117380142
7710,18.65625,-0.1184554249048233,-0.049592971615493295,0.03407152220606804,0.0,0.2974334806203842,-0.10279301516711711,-0.1184554249048233
7720,19.9375,-0.09548404812812805,-0.049642169289290904,0.03359207957983017,0.0,0.29963580667972567,-0.09746654741466046,-0.09548404812812805
7730,19.4375,-0.10829351842403412,-0.056902064196765426,0.028622284717857837,0.0,0.29712159633636476,-0.10030223429203033,-0.10829351842403412
7740,16.1875,-0.10823021829128265,-0.047705812565982345,0.03961590379476547,0.0,0.29618127197027205,-0.1059387918561697,-0.10823021829128265
7750,18.0,-0.11967501789331436,-0.05151322912424803,0.026669864915311335,0.0,0.29609220623970034,-0.1071377594023943,-0.11967501789331436
7760,21.03125,-0.10241164267063141,-0.052600421011447906,0.017957552708685397,0.0,0.2978920593857765,-0.10302950404584407,-0.10241164267063141
7770,17.9375,-0.10103452205657959,-0.04751239232718944,0.04059514030814171,0.0,0.2974655404686928,-0.10417428500950336,-0.10103452205657959
7780,13.3125,-0.11136727035045624,-0.04539399668574333,0.03953632265329361,0.0,0.2966060981154442,-0.11459587104618549,-0.11136727035045624
7790,20.59375,-0.11826346069574356,-0.04656736571341753,0.022337880730628968,0.0,0.2968226119875908,-0.10355042479932308,-0.11826346069574356
7800,17.09375,-0.1203804612159729,-0.04644063804298639,0.07121425084769725,0.0,0.2978771567344666,-0.10236286614090204,-0.1203804612159729
7810,16.28125,-0.1081274151802063,-0.05461026635020971,0.025748678483068943,0.0,0.2976431980729103,-0.10247622020542621,-0.1081274151802063
7820,16.34375,-0.11918973177671432,-0.046540064830332996,0.04018415715545416,0.0,0.2975111290812492,-0.10974541231989861,-0.11918973177671432
7830,20.09375,-0.09173649549484253,-0.05191581733524799,0.04802464358508587,0.0,0.2961797446012497,-0.10177864246070385,-0.09173649549484253
7840,17.15625,-0.11409080028533936,-0.057796698063611984,0.02631190847605467,0.0,0.29741294384002687,-0.10457684695720673,-0.11409080028533936
7850,22.15625,-0.11071965098381042,-0.05259943399578333,0.02247911561280489,0.0,0.29537578374147416,-0.10443130284547805,-0.11071965098381042
7860,17.28125,-0.116573765873909,-0.04756281096488237,0.05110583715140819,0.0,0.29574324786663053,-0.10355370566248893,-0.116573765873909
7870,20.71875,-0.09640230983495712,-0.04899784345179796,0.032598193548619744,0.0,0.29641534835100175,-0.1000851970165968,-0.09640230983495712
7880,16.46875,-0.10163640975952148,-0.051500375010073186,0.04437998197972774,0.0,0.2993192359805107,-0.10998141840100288,-0.10163640975952148
7890,20.3125,-0.11154243350028992,-0.05544981900602579,0.020174411218613388,0.0,0.29759701192378996,-0.10469196476042271,-0.11154243350028992
7900,15.6875,-0.10358986258506775,-0.0579651840031147,0.02083784490823746,0.0,0.29735752642154695,-0.1052980151027441,-0.10358986258506775
7910,13.65625,-0.11762219667434692,-0.05013327766209841,0.019188068620860577,0.0,0.2955340653657913,-0.10548855811357498,-0.11762219667434692
7920,21.53125,-0.09691928327083588,-0.048264266550540925,0.029235166497528553,0.0,0.2999814122915268,-0.10641692280769348,-0.09691928327083588
7930,19.65625,-0.11696123331785202,-0.056625562533736226,0.03449904415756464,0.0,0.29921954274177553,-0.10745064504444599,-0.11696123331785202
7940,15.15625,-0.11132241040468216,-0.05620506936684251,0.0266643974930048,0.0,0.2991767466068268,-0.09883016087114811,-0.11132241040468216
7950,13.375,-0.11988309025764465,-0.05233212048187852,0.025573945418000222,0.0,0.30041096061468125,-0.10891770385205746,-0.11988309025764465
7960,18.0,-0.1291971206665039,-0.052732496522367,0.03778199963271618,0.0,0.3000227645039558,-0.10536051914095879,-0.1291971206665039
7970,17.59375,-0.13390067219734192,-0.043045032769441605,0.08082670494914054,0.0,0.2987146586179733,-0.09985930994153022,-0.13390067219734192
7980,18.0625,-0.12156124413013458,-0.05309263616800308,0.029871781170368195,0.0,0.29810207188129423,-0.10858941935002804,-0.12156124413013458
7990,21.34375,-0.09558683633804321,-0.05818810742348433,0.02683093920350075,0.0,0.2993676260113716,-0.10712463520467282,-0.09558683633804321
8000,15.375,-0.13684797286987305,-0.051666466798633334,0.04943882636725903,0.0,0.30004526674747467,-0.10205773562192917,-0.13684797286987305
8010,14.71875,-0.11135950684547424,-0.04690447319298983,0.048288934677839276,0.0,0.301268607378006,-0.10570182763040066,-0.11135950684547424
8020,18.875,-0.11282864958047867,-0.05326506569981575,0.03518312554806471,0.0,0.30012841522693634,-0.10896739922463894,-0.11282864958047867
8030,14.875,-0.1334557682275772,-0.04885656908154488,0.0494424894452095,0.0,0.3037128999829292,-0.10378945209085941,-0.1334557682275772
8040,15.1875,-0.12839765846729279,-0.043640507571399215,0.07220246158540249,0.0,0.30077395439147947,-0.10466758273541928,-0.12839765846729279
8050,18.71875,-0.09437809139490128,-0.04924311861395836,0.0181201109662652,0.0,0.2985313609242439,-0.10135053284466267,-0.09437809139490128
8060,18.0,-0.09763392806053162,-0.049843604862689975,0.024485315196216106,0.0,0.30492491871118543,-0.10189765244722367,-0.09763392806053162
8070,15.9375,-0.10418448597192764,-0.051524469070136546,0.033504221402108667,0.0,0.3038286194205284,-0.09964935183525085,-0.10418448597192764
8080,15.0625,-0.11318199336528778,-0.047871396876871586,0.03773303627967835,0.0,0.3020205408334732,-0.10210626907646655,-0.11318199336528778
8090,16.5,-0.12041370570659637,-0.05620619896799326,0.023942684940993785,0.0,0.3036129504442215,-0.10152574572712184,-0.12041370570659637
8100,16.15625,-0.14332354068756104,-0.03785476493649185,0.05811198726296425,0.0,0.30221676975488665,-0.10327252149581909,-0.14332354068756104
8110,16.8125,-0.102999746799469,-0.0466324576176703,0.032140692323446275,0.0,0.30424915850162504,-0.09468357227742671,-0.102999746799469
8120,17.90625,-0.1539878249168396,-0.05007437812164426,0.060316440835595134,0.0,0.3050967827439308,-0.11015328094363212,-0.1539878249168396
8130,14.65625,-0.13123002648353577,-0.04666873160749674,0.058590469881892204,0.0,0.3018863245844841,-0.10135591551661491,-0.13123002648353577
8140,19.84375,-0.10673205554485321,-0.0559333436191082,0.027838709764182568,0.0,0.3027952238917351,-0.10229415968060493,-0.10673205554485321
8150,21.34375,-0.1193312555551529,-0.05334621202200651,0.03606531396508217,0.0,0.30431474894285204,-0.09831226468086243,-0.1193312555551529
8160,17.75,-0.1156313568353653,-0.04983945824205875,0.03936617784202099,0.0,0.3025875225663185,-0.1067606657743454,-0.1156313568353653
8170,21.28125,-0.11877414584159851,-0.04843524377793074,0.10430947467684745,0.0,0.30308028012514115,-0.10401356182992458,-0.11877414584159851
8180,17.1875,-0.10402734577655792,-0.06021149111911654,0.03151626642793417,0.0,0.29976444095373156,-0.10397052057087422,-0.10402734577655792
8190,17.28125,-0.1321624517440796,-0.034565874561667445,0.16442790478467942,0.0,0.29808652997016905,-0.11487015858292579,-0.1321624517440796
8200,16.53125,-0.11324287205934525,-0.05229472890496254,0.020362196117639543,0.0,0.29838179647922514,-0.10756535641849041,-0.11324287205934525
8210,16.25,-0.13456010818481445,-0.05103440904058516,0.044796309620141986,0.0,0.3025739282369614,-0.10603335201740265,-0.13456010818481445
8220,18.3125,-0.1220347136259079,-0.05766883995383978,0.022539973072707654,0.0,0.30102315843105315,-0.10226731821894645,-0.1220347136259079
8230,19.21875,-0.10815396904945374,-0.046411029249429706,0.01802842868492007,0.0,0.29867575913667677,-0.10566859617829323,-0.10815396904945374
8240,17.34375,-0.12137909978628159,-0.04871551636606455,0.03532476983964443,0.0,0.29787545204162597,-0.11413446068763733,-0.12137909978628159
8250,15.59375,-0.10482059419155121,-0.05201395023614168,0.04696668907999992,0.0,0.2999190092086792,-0.1067569948732853,-0.10482059419155121
8260,14.71875,-0.1217406839132309,-0.05006681475788355,0.03068189099431038,0.0,0.29730743914842606,-0.11303353309631348,-0.1217406839132309
8270,16.46875,-0.11085143685340881,-0.04203768912702799,0.06127907037734985,0.0,0.29863439947366716,-0.10683597214519977,-0.11085143685340881
8280,14.34375,-0.11377698928117752,-0.054325027763843535,0.021562126651406287,0.0,0.30028066188097,-0.1054872676730156,-0.11377698928117752
8290,21.15625,-0.11546006798744202,-0.041620956175029276,0.08428097628057003,0.0,0.3018492504954338,-0.10316000543534756,-0.11546006798744202
8300,18.125,-0.10714837908744812,-0.026958107575774194,0.18665047325193881,0.0,0.30057383328676224,-0.10071345716714859,-0.10714837908744812
8310,16.75,-0.11353464424610138,-0.04419563161209226,0.039894435182213785,0.0,0.3000588834285736,-0.10337326787412167,-0.11353464424610138
8320,18.625,-0.12999194860458374,-0.039795422554016115,0.11589906066656112,0.0,0.3039690047502518,-0.10408513471484185,-0.12999194860458374
8330,19.625,-0.1126585602760315,-0.05598943158984184,0.03947884291410446,0.0,0.30258391350507735,-0.10502432063221931,-0.1126585602760315
8340,18.9375,-0.12079140543937683,-0.05171432290226221,0.059486518055200575,0.0,0.30339476466178894,-0.1028071079403162,-0.12079140543937683
8350,20.875,-0.09225387871265411,-0.0522508030757308,0.032484513334929944,0.0,0.30624492168426515,-0.10973253026604653,-0.09225387871265411
8360,20.21875,-0.10974754393100739,-0.04789227619767189,0.027938763611018658,0.0,0.3031097695231438,-0.10331602543592452,-0.10974754393100739
8370,16.03125,-0.11000406742095947,-0.055972744897007945,0.023681179620325565,0.0,0.30383254289627076,-0.10636482015252113,-0.11000406742095947
8380,13.28125,-0.1378994882106781,-0.058223904483020304,0.030946286953985692,0.0,0.3063980549573898,-0.10334129221737384,-0.1378994882106781
8390,22.6875,-0.10231457650661469,-0.05210771234706044,0.02123775202780962,0.0,0.3044567689299583,-0.0968040380626917,-0.10231457650661469
8400,18.0,-0.12971258163452148,-0.04482265673577786,0.03576058950275183,0.0,0.30472896695137025,-0.10451947525143623,-0.12971258163452148
8410,13.5,-0.12559464573860168,-0.04428305393084884,0.03630035482347012,0.0,0.3065375730395317,-0.09939336627721787,-0.12559464573860168
8420,19.0625,-0.13318297266960144,-0.049013485107570885,0.05292699858546257,0.0,0.30386867076158525,-0.10253284797072411,-0.13318297266960144
8430,18.25,-0.10855431854724884,-0.04871222581714392,0.045730406418442726,0.0,0.3035836458206177,-0.10425590053200721,-0.10855431854724884
8440,20.0625,-0.1047460064291954,-0.04576626997441054,0.03684062156826258,0.0,0.30515548288822175,-0.10449419990181923,-0.1047460064291954
8450,11.5,-0.12068300694227219,-0.05180821437388659,0.0490902416408062,0.0,0.3043461084365845,-0.10513695739209653,-0.12068300694227219
8460,16.90625,-0.12958011031150818,-0.04072321243584156,0.036780796758830545,0.0,0.3054401159286499,-0.09705436825752259,-0.12958011031150818
8470,14.53125,-0.1395421326160431,-0.04588349722325802,0.07349364496767521,0.0,0.30409298092126846,-0.11146311275660992,-0.1395421326160431
8480,21.0,-0.0961192399263382,-0.04827438089996576,0.0426375187933445,0.0,0.3032607093453407,-0.09484176822006703,-0.0961192399263382
8490,20.34375,-0.12208157777786255,-0.04850961044430733,0.06293972432613373,0.0,0.30724425464868543,-0.10374096035957336,-0.12208157777786255
8500,23.15625,-0.09037629514932632,-0.05335655584931374,0.02197269778698683,0.0,0.30315363109111787,-0.10288207605481148,-0.09037629514932632
8510,19.46875,-0.12888005375862122,-0.043879116140306,0.05019786842167377,0.0,0.30642053186893464,-0.10759030394256115,-0.12888005375862122
8520,16.4375,-0.13103526830673218,-0.04640988875180483,0.028706790506839754,0.0,0.30616673082113266,-0.10319863930344582,-0.13103526830673218
8530,17.34375,-0.0861506536602974,-0.052389261312782764,0.02777666673064232,0.0,0.30368004739284515,-0.09580805674195289,-0.0861506536602974
8540,14.15625,-0.11106735467910767,-0.05808349084109068,0.026836368441581725,0.0,0.30365572273731234,-0.10052696168422699,-0.11106735467910767
8550,16.03125,-0.0901612639427185,-0.060103122517466544,0.021242682076990604,0.0,0.3060397282242775,-0.10243839211761951,-0.0901612639427185
8560,14.84375,-0.10855402052402496,-0.04342282051220536,0.07266105879098177,0.0,0.30441989600658415,-0.10724296234548092,-0.10855402052402496
8570,17.28125,-0.10224084556102753,-0.054092347249388696,0.05197434462606907,0.0,0.30455842763185503,-0.09673009365797043,-0.10224084556102753
8580,15.75,-0.11974432319402695,-0.05275509729981422,0.028792543895542623,0.0,0.302763731777668,-0.10159863643348217,-0.11974432319402695
8590,18.71875,-0.1096707433462143,-0.04428253881633282,0.04063287395983935,0.0,0.3021064162254333,-0.09642266929149627,-0.1096707433462143
8600,17.875,-0.12422497570514679,-0.0538865152746439,0.04155252054333687,0.0,0.30361532866954805,-0.10158915668725968,-0.12422497570514679
8610,20.59375,-0.10016083717346191,-0.05635227896273136,0.024779157526791096,0.0,0.3037121847271919,-0.10225230418145656,-0.10016083717346191
8620,18.375,-0.08423252403736115,-0.0555464293807745,0.022693950124084948,0.0,0.3014183759689331,-0.09866723380982875,-0.08423252403736115
8630,13.875,-0.13782630860805511,-0.026895070821046828,0.19331360161304473,0.0,0.30330500155687334,-0.10514634624123573,-0.13782630860805511
8640,19.5,-0.1049538105726242,-0.041010836511850356,0.052417191490530965,0.0,0.30175311863422394,-0.10408226400613785,-0.1049538105726242
8650,15.40625,-0.13406670093536377,-0.046051114052534106,0.0745928280055523,0.0,0.30088682621717455,-0.1062216229736805,-0.13406670093536377
8660,20.5625,-0.10642950236797333,-0.05302800908684731,0.03657280616462231,0.0,0.30307919532060623,-0.10864864960312844,-0.10642950236797333
8670,19.84375,-0.11640318483114243,-0.05047639310359955,0.03041067849844694,0.0,0.30180278420448303,-0.09680004194378852,-0.11640318483114243
8680,21.6875,-0.1251228153705597,-0.03659250792115927,0.12891334742307664,0.0,0.3023180216550827,-0.10502172261476517,-0.1251228153705597
8690,19.15625,-0.10087274760007858,-0.05998152485117316,0.020311008673161268,0.0,0.30474612712860105,-0.10305943042039871,-0.10087274760007858
8700,17.4375,-0.1145983636379242,-0.05304696355015039,0.03317687977105379,0.0,0.30270315855741503,-0.10111158974468708,-0.1145983636379242
8710,20.6875,-0.10506002604961395,-0.047783375903964045,0.0309579748660326,0.0,0.3037473738193512,-0.09530448541045189,-0.10506002604961395
8720,17.78125,-0.1203039139509201,-0.04414838720113039,0.05670854225754738,0.0,0.3019397795200348,-0.11002930253744125,-0.1203039139509201
8730,18.875,-0.0998087227344513,-0.0556899948976934,0.03825054839253426,0.0,0.30159447640180587,-0.10504254586994648,-0.0998087227344513
8740,17.125,-0.11025293171405792,-0.053852754458785054,0.018627488799393178,0.0,0.3016408920288086,-0.11033233366906643,-0.11025293171405792
8750,17.78125,-0.10263865441083908,-0.05390901155769825,0.03269914574921131,0.0,0.3020106703042984,-0.09672105982899666,-0.10263865441083908
8760,18.1875,-0.10917089879512787,-0.052096633799374105,0.018285429291427135,0.0,0.303679421544075,-0.10497877784073353,-0.10917089879512787
8770,17.78125,-0.107728973031044,-0.05462514646351337,0.03355553839355707,0.0,0.3036282628774643,-0.10045244917273521,-0.107728973031044
8780,19.625,-0.09292057901620865,-0.046043280884623526,0.04550949577242136,0.0,0.30427760630846024,-0.09545748271048068,-0.09292057901620865
8790,17.4375,-0.1459949016571045,-0.041134771332144736,0.08893974237143994,0.0,0.3052385598421097,-0.10711741000413895,-0.1459949016571045
8800,19.8125,-0.08905620872974396,-0.04725668616592884,0.039342320151627065,0.0,0.3041246086359024,-0.10429164841771126,-0.08905620872974396
8810,15.6875,-0.127638578414917,-0.04168851263821125,0.05098415166139603,0.0,0.3027009814977646,-0.09830223061144353,-0.127638578414917
8820,19.0,-0.10979097336530685,-0.04889927180483937,0.01835915306583047,0.0,0.3050327286124229,-0.1018030870705843,-0.10979097336530685
8830,21.21875,-0.0879170298576355,-0.04154112841933966,0.05173631496727467,0.0,0.3056898668408394,-0.1002455148845911,-0.0879170298576355
8840,17.96875,-0.11021364480257034,-0.05181590896099806,0.06996641047298909,0.0,0.30258710533380506,-0.10158419981598854,-0.11021364480257034
8850,18.21875,-0.11002172529697418,-0.033440325409173965,0.09229239448904991,0.0,0.3062350139021873,-0.09646189473569393,-0.11002172529697418
8860,18.09375,-0.1161554604768753,-0.04780946336686611,0.0400643777102232,0.0,0.30527191162109374,-0.09532390758395196,-0.1161554604768753
8870,16.9375,-0.09445367753505707,-0.061974110268056395,0.0230371730402112,0.0,0.3028723582625389,-0.09523901604115963,-0.09445367753505707
8880,16.625,-0.12724198400974274,-0.053545035794377326,0.039706742763519286,0.0,0.30768925994634627,-0.09827661849558353,-0.12724198400974274
8890,19.40625,-0.1421915590763092,-0.03498734328895807,0.08093145601451397,0.0,0.3050550729036331,-0.10957479663193226,-0.1421915590763092
8900,23.03125,-0.11767050623893738,-0.04820580780506134,0.035347617231309414,0.0,0.3023352175951004,-0.10986525267362594,-0.11767050623893738
8910,14.71875,-0.10480883717536926,-0.05331246629357338,0.02864537015557289,0.0,0.3015087619423866,-0.10667528733611106,-0.10480883717536926
8920,14.59375,-0.12593568861484528,-0.04862445611506701,0.03152146227657795,0.0,0.3046077251434326,-0.10013303942978383,-0.12593568861484528
8930,16.46875,-0.1192081868648529,-0.05755740441381931,0.04950133077800274,0.0,0.3065337911248207,-0.09781560897827149,-0.1192081868648529
8940,17.6875,-0.10454198718070984,-0.05103903021663427,0.027600893564522267,0.0,0.30664298087358477,-0.09613092318177223,-0.10454198718070984
8950,16.875,-0.1339176893234253,-0.05067738946527243,0.032959561608731744,0.0,0.3064662516117096,-0.0966883186250925,-0.1339176893234253
8960,19.0625,-0.11865802854299545,-0.0626401111483574,0.026253386028110982,0.0,0.30561967492103576,-0.09927649199962615,-0.11865802854299545
8970,18.15625,-0.10564670711755753,-0.048731306195259096,0.04585505425930023,0.0,0.3043566048145294,-0.09531082920730113,-0.10564670711755753
8980,16.46875,-0.12927870452404022,-0.05535722598433494,0.048898888379335405,0.0,0.3076752007007599,-0.10339527912437915,-0.12927870452404022
8990,16.75,-0.10870864242315292,-0.05897943079471588,0.025160456821322442,0.0,0.307781545817852,-0.10412689745426178,-0.10870864242315292
9000,17.125,-0.11536776274442673,-0.04690400715917349,0.06840323135256768,0.0,0.31026861518621446,-0.10019048750400543,-0.11536776274442673
9010,18.78125,-0.10967446118593216,-0.04936780603602529,0.031711500883102414,0.0,0.3113867983222008,-0.10031760521233082,-0.10967446118593216
9020,16.6875,-0.10974165052175522,-0.05153626278042793,0.022434087842702864,0.0,0.30925012230873106,-0.10289668515324593,-0.10974165052175522
9030,17.5,-0.10342932492494583,-0.05720331370830536,0.033580825105309485,0.0,0.3065174788236618,-0.10465208627283573,-0.10342932492494583
9040,17.375,-0.11337220668792725,-0.0507979515939951,0.043938704580068585,0.0,0.3079855039715767,-0.10315427966415883,-0.11337220668792725
9050,19.0,-0.0906878411769867,-0.049823809415102005,0.03975379876792431,0.0,0.3079128623008728,-0.09034412354230881,-0.0906878411769867
9060,13.8125,-0.1317870318889618,-0.04895923919975757,0.03377856146544218,0.0,0.3058598980307579,-0.10626320205628872,-0.1317870318889618
9070,16.75,-0.11027829349040985,-0.05843907594680786,0.031719820387661454,0.0,0.3079171285033226,-0.10216122902929783,-0.11027829349040985
9080,19.25,-0.10154640674591064,-0.06056887619197369,0.018715629819780588,0.0,0.30814579129219055,-0.10055151581764221,-0.10154640674591064
9090,18.1875,-0.1090502142906189,-0.05317409560084343,0.027295398339629174,0.0,0.30997511446475984,-0.10085810571908951,-0.1090502142906189
9100,15.625,-0.12635867297649384,-0.048661550506949425,0.0578981552273035,0.0,0.30823564529418945,-0.09562907405197621,-0.12635867297649384
9110,18.90625,-0.09556680172681808,-0.04877023212611675,0.03158696107566357,0.0,0.3059377908706665,-0.10164735913276672,-0.09556680172681808
9120,21.9375,-0.12863968312740326,-0.03898661402054131,0.06718415208160877,0.0,0.3080271750688553,-0.10369419865310192,-0.12863968312740326
9130,19.71875,-0.10363223403692245,-0.05745636159554124,0.025067920237779616,0.0,0.31184338331222533,-0.10222691968083382,-0.10363223403692245
9140,20.6875,-0.11719346046447754,-0.04893735907971859,0.022822129540145397,0.0,0.311005999147892,-0.1014116458594799,-0.11719346046447754
9150,19.4375,-0.09865465760231018,-0.05309167811647057,0.019990625325590372,0.0,0.3100394144654274,-0.09354553781449795,-0.09865465760231018
9160,14.84375,-0.10291741788387299,-0.055326080322265624,0.02240427117794752,0.0,0.3105064660310745,-0.09709429368376732,-0.10291741788387299
9170,20.625,-0.08398591727018356,-0.06413787100464105,0.02418620456010103,0.0,0.3075200513005257,-0.1010743286460638,-0.08398591727018356
9180,17.3125,-0.11043190956115723,-0.055761451739817856,0.012352222111076117,0.0,0.30783150941133497,-0.10794484205543994,-0.11043190956115723
9190,15.09375,-0.1462015062570572,-0.048117567971348765,0.030116314254701137,0.0,0.3078592598438263,-0.09750030785799027,-0.1462015062570572
9200,20.5,-0.12833689153194427,-0.04203899074345827,0.028323772922158243,0.0,0.3067809730768204,-0.10078574046492576,-0.12833689153194427
9210,22.5625,-0.09572003036737442,-0.05452583357691765,0.024557181634008884,0.0,0.3090065121650696,-0.09624682813882827,-0.09572003036737442
9220,19.40625,-0.1165139377117157,-0.05584894437342882,0.03287737239152193,0.0,0.31347101777791975,-0.10215658694505692,-0.1165139377117157
9230,22.21875,-0.09637227654457092,-0.05576653648167849,0.016694017313420774,0.0,0.31165344566106795,-0.09226788878440857,-0.09637227654457092
9240,18.65625,-0.12823975086212158,-0.054152403771877286,0.027154937759041785,0.0,0.3130083367228508,-0.09643547497689724,-0.12823975086212158
9250,18.5625,-0.10886363685131073,-0.04772029984742403,0.04174798149615526,0.0,0.31305774599313735,-0.0920402031391859,-0.10886363685131073
9260,15.8125,-0.1294245570898056,-0.04718104377388954,0.04656485505402088,0.0,0.3136056408286095,-0.09328471384942531,-0.1294245570898056
9270,16.4375,-0.12842130661010742,-0.03640225436538458,0.08786906525492669,0.0,0.31112555861473085,-0.09211251437664032,-0.12842130661010742
9280,16.21875,-0.0907464325428009,-0.05544899702072144,0.019265717547386884,0.0,0.3114622235298157,-0.0946542963385582,-0.0907464325428009
9290,15.40625,-0.10629589855670929,-0.06083414880558848,0.01821069708094001,0.0,0.3111086517572403,-0.09342882335186005,-0.10629589855670929
9300,15.6875,-0.1197577640414238,-0.05199564816430211,0.026067616418004036,0.0,0.3104448959231377,-0.09459910430014133,-0.1197577640414238
9310,15.0,-0.10936672985553741,-0.05547529123723507,0.026881146244704723,0.0,0.308995746076107,-0.09457389153540134,-0.10936672985553741
9320,22.59375,-0.08914512395858765,-0.05560542494058609,0.03866876233369112,0.0,0.3108892753720284,-0.09768082052469254,-0.08914512395858765
9330,20.0625,-0.11489807069301605,-0.04717748966068029,0.028670216165482997,0.0,0.3118945524096489,-0.09267823025584221,-0.11489807069301605
9340,20.0625,-0.09447449445724487,-0.05067182444036007,0.031081323511898518,0.0,0.3119542822241783,-0.09229833036661148,-0.09447449445724487
9350,17.84375,-0.10432635247707367,-0.054466106742620465,0.0318712031468749,0.0,0.3131741926074028,-0.0926789041608572,-0.10432635247707367
9360,17.71875,-0.10001926869153976,-0.05223914738744497,0.03001069128513336,0.0,0.3121958181262016,-0.0961271222680807,-0.10001926869153976
9370,16.78125,-0.10764630138874054,-0.05431380812078714,0.021610523015260695,0.0,0.314209395647049,-0.09096915125846863,-0.10764630138874054
9380,17.28125,-0.08329202979803085,-0.06018521953374147,0.021698019281029702,0.0,0.3108296200633049,-0.095090252161026,-0.08329202979803085
9390,16.15625,-0.10706265270709991,-0.04303892832249403,0.05313744656741619,0.0,0.30748363584280014,-0.09526428431272507,-0.10706265270709991
9400,21.75,-0.10998040437698364,-0.05218926640227437,0.04574119672179222,0.0,0.3082629531621933,-0.0968307875096798,-0.10998040437698364
9410,22.84375,-0.09286285191774368,-0.062031131237745285,0.014436571300029755,0.0,0.3098859950900078,-0.09469340480864048,-0.09286285191774368
9420,16.4375,-0.1252240538597107,-0.04775374224409461,0.0362157603725791,0.0,0.30908388942480086,-0.09079075120389461,-0.1252240538597107
9430,23.90625,-0.09448149800300598,-0.0565648052841425,0.02934385035187006,0.0,0.3118448182940483,-0.09676858894526959,-0.09448149800300598
9440,17.34375,-0.09749212861061096,-0.04816515929996967,0.03755438141524792,0.0,0.3096423789858818,-0.09463673084974289,-0.09749212861061096
9450,21.1875,-0.10809087008237839,-0.043579619564116004,0.07864454947412014,0.0,0.30624105632305143,-0.09511846639215946,-0.10809087008237839
9460,22.875,-0.10172884166240692,-0.05180584155023098,0.02703049164265394,0.0,0.30791750103235244,-0.0949703048914671,-0.10172884166240692
9470,19.09375,-0.12595944106578827,-0.060483185760676864,0.041590305790305135,0.0,0.308378703892231,-0.09418917521834373,-0.12595944106578827
9480,16.6875,-0.11382579058408737,-0.05075671710073948,0.03315977044403553,0.0,0.3081495866179466,-0.09601312503218651,-0.11382579058408737
9490,20.40625,-0.10329605638980865,-0.06058365888893604,0.025682403519749642,0.0,0.30713623613119123,-0.09611935764551163,-0.10329605638980865
9500,14.625,-0.11218394339084625,-0.04797339960932732,0.026548958010971548,0.0,0.3081314444541931,-0.09713916331529618,-0.11218394339084625
9510,16.59375,-0.11412560939788818,-0.0512863676995039,0.04537031278014183,0.0,0.3078345999121666,-0.09844063334167004,-0.11412560939788818
9520,16.34375,-0.11145394295454025,-0.058491010870784524,0.028945878520607947,0.0,0.3059364378452301,-0.09966582991182804,-0.11145394295454025
9530,20.59375,-0.11209508776664734,-0.05063712168484926,0.015000466629862786,0.0,0.309059864282608,-0.09663623608648778,-0.11209508776664734
9540,18.40625,-0.11039397120475769,-0.052194029465317725,0.028094743378460407,0.0,0.3069880694150925,-0.10100882723927498,-0.11039397120475769
9550,19.09375,-0.10561421513557434,-0.05194531176239252,0.039091906696558,0.0,0.31052939146757125,-0.09911464154720306,-0.10561421513557434
9560,19.96875,-0.11348144710063934,-0.057842984423041345,0.03397762402892113,0.0,0.3112574428319931,-0.09502862580120564,-0.11348144710063934
9570,18.71875,-0.12021419405937195,-0.05731251947581768,0.037448917888104914,0.0,0.3083913564682007,-0.10240927450358868,-0.12021419405937195
9580,22.34375,-0.09277299046516418,-0.05611184872686863,0.018134225439280272,0.0,0.30771805346012115,-0.09555955529212952,-0.09277299046516418
9590,20.46875,-0.09685199707746506,-0.05785593837499618,0.024694121442735195,0.0,0.30970066487789155,-0.08855088241398335,-0.09685199707746506
9600,21.03125,-0.10325048863887787,-0.05584961827844381,0.03878119718283415,0.0,0.3116909548640251,-0.09214377216994762,-0.10325048863887787
9610,20.40625,-0.08355624228715897,-0.05791161712259054,0.029852922447025775,0.0,0.3103309258818626,-0.09258190914988518,-0.08355624228715897
9620,11.59375,-0.12893179059028625,-0.05215894915163517,0.030067221634089945,0.0,0.31021667569875716,-0.10133090913295746,-0.12893179059028625
9630,22.375,-0.11335307359695435,-0.04408081471920013,0.047779325768351553,0.0,0.3091664522886276,-0.09257763661444188,-0.11335307359695435
9640,19.375,-0.09988678246736526,-0.04860985092818737,0.04490334689617157,0.0,0.31010769605636596,-0.09470691457390785,-0.09988678246736526
9650,15.5625,-0.10839085280895233,-0.0579260366037488,0.025745235942304136,0.0,0.3096331670880318,-0.09495036900043488,-0.10839085280895233
9660,22.46875,-0.09979885816574097,-0.05149901434779167,0.019153543934226035,0.0,0.3114487424492836,-0.09905385933816432,-0.09979885816574097
9670,15.84375,-0.07952426373958588,-0.05244678966701031,0.027618137933313847,0.0,0.31328932046890257,-0.0898826640099287,-0.07952426373958588
9680,16.46875,-0.15008333325386047,-0.04686445128172636,0.044512351788580415,0.0,0.31078024208545685,-0.10200306847691536,-0.15008333325386047
9690,15.96875,-0.10698364675045013,-0.053898989036679265,0.02652306165546179,0.0,0.30955723077058794,-0.09910699985921383,-0.10698364675045013
9700,19.75,-0.0884321928024292,-0.06549118980765342,0.022436663508415222,0.0,0.3078047797083855,-0.09844270162284374,-0.0884321928024292
9710,17.9375,-0.12736853957176208,-0.048572197742760184,0.05489814318716526,0.0,0.31020991653203966,-0.09925423823297023,-0.12736853957176208
9720,18.21875,-0.10908649116754532,-0.05239081159234047,0.043628353253006937,0.0,0.31143019199371336,-0.09995538182556629,-0.10908649116754532
9730,17.25,-0.12388971447944641,-0.05668773204088211,0.03531838934868574,0.0,0.3097109109163284,-0.10627627111971379,-0.12388971447944641
9740,24.78125,-0.08839645236730576,-0.06151670394465327,0.022182338684797288,0.0,0.31005450934171674,-0.09025012142956257,-0.08839645236730576
9750,15.0,-0.10554265230894089,-0.06074403934180737,0.020560830645263196,0.0,0.31111356914043425,-0.10088034197688103,-0.10554265230894089
9760,16.375,-0.12125895917415619,-0.05271934270858765,0.037456861697137356,0.0,0.31144850701093674,-0.09851808175444603,-0.12125895917415619
9770,18.1875,-0.10631673783063889,-0.05434247478842735,0.028283458948135377,0.0,0.313556170463562,-0.10006225518882275,-0.10631673783063889
9780,23.0625,-0.10466641187667847,-0.061146600730717184,0.01900389101356268,0.0,0.315618471801281,-0.0894041534513235,-0.10466641187667847
9790,18.625,-0.10360416769981384,-0.049547338113188746,0.05386180058121681,0.0,0.3143481120467186,-0.09826524555683136,-0.10360416769981384
9800,19.09375,-0.10742775350809097,-0.052576253190636635,0.02022807691246271,0.0,0.30879309624433515,-0.09400653392076493,-0.10742775350809097
9810,15.75,-0.1148274689912796,-0.05358394086360931,0.019494513422250746,0.0,0.3085613489151001,-0.09886046685278416,-0.1148274689912796
9820,13.71875,-0.12325873225927353,-0.05345828160643577,0.038905882835388185,0.0,0.3118670225143433,-0.09644062779843807,-0.12325873225927353
9830,16.8125,-0.10587765276432037,-0.050811927486211064,0.0459505969658494,0.0,0.3098959237337112,-0.09584220424294472,-0.10587765276432037
9840,21.125,-0.11457577347755432,-0.05031375885009766,0.028931031189858913,0.0,0.31125406324863436,-0.10326293259859085,-0.11457577347755432
9850,19.3125,-0.1286628395318985,-0.05040964549407363,0.034994158893823624,0.0,0.309770730137825,-0.10201887264847756,-0.1286628395318985
9860,15.03125,-0.09644278883934021,-0.05488342847675085,0.04607304260134697,0.0,0.30656722038984296,-0.09879170060157776,-0.09644278883934021
9870,19.1875,-0.09741136431694031,-0.050390057964250445,0.04815638735890389,0.0,0.3079008534550667,-0.09779779575765132,-0.09741136431694031
9880,20.5625,-0.0845053493976593,-0.05429450906813145,0.022028108313679694,0.0,0.30907660275697707,-0.09148279763758183,-0.0845053493976593
9890,19.6875,-0.1107739731669426,-0.04353977292776108,0.06073155552148819,0.0,0.3084038496017456,-0.09797165580093861,-0.1107739731669426
9900,17.40625,-0.09585370868444443,-0.05083126239478588,0.04734550081193447,0.0,0.30983279794454577,-0.09429037757217884,-0.09585370868444443
9910,18.875,-0.11230623722076416,-0.06057471167296171,0.02525499854236841,0.0,0.3066749438643456,-0.09582451544702053,-0.11230623722076416
9920,17.71875,-0.12194676697254181,-0.052346516959369184,0.025150942243635656,0.0,0.3096407800912857,-0.10149578340351581,-0.12194676697254181
9930,17.28125,-0.10093286633491516,-0.04830936025828123,0.043062453344464305,0.0,0.3099724903702736,-0.09563921242952347,-0.10093286633491516
9940,20.28125,-0.0880785658955574,-0.0561979029327631,0.024430618062615393,0.0,0.3091165140271187,-0.09809701889753342,-0.0880785658955574
9950,19.59375,-0.08264443278312683,-0.04663284495472908,0.03542162384837866,0.0,0.3070694789290428,-0.10325516052544118,-0.08264443278312683
9960,20.84375,-0.09976793825626373,-0.052932937256991865,0.028081664815545082,0.0,0.3093108534812927,-0.1050507239997387,-0.09976793825626373
9970,13.5625,-0.11454690247774124,-0.05608671940863132,0.03240658361464739,0.0,0.3098879441618919,-0.09896642416715622,-0.11454690247774124
9980,19.03125,-0.10035699605941772,-0.05301757548004389,0.03943203836679458,0.0,0.3077820897102356,-0.09838110413402319,-0.10035699605941772
9990,21.3125,-0.113332599401474,-0.055034938268363476,0.05341070219874382,0.0,0.310549296438694,-0.1012694738805294,-0.113332599401474
10000,19.1875,-0.08933752030134201,-0.052580033987760545,0.02443483369424939,0.0,0.3115355297923088,-0.09703305177390575,-0.08933752030134201
10010,17.96875,-0.10172443091869354,-0.060196037776768206,0.019969925004988908,0.0,0.2860618308186531,-0.0919864238705486,-0.10172443091869354
10020,21.25,-0.10349372029304504,-0.055573512054979804,0.05121572576463222,0.0,0.293300524353981,-0.09131000563502312,-0.10349372029304504
10030,18.75,-0.10546046495437622,-0.06610009297728539,0.02382163992151618,0.0,0.2943076029419899,-0.094444240629673,-0.10546046495437622
10040,17.1875,-0.09057696163654327,-0.05647310521453619,0.029504003189504146,0.0,0.29614483565092087,-0.0894653782248497,-0.09057696163654327
10050,12.5625,-0.10949767380952835,-0.04999058451503515,0.03818057887256145,0.0,0.2976545378565788,-0.09393196664750576,-0.10949767380952835
10060,17.4375,-0.09403136372566223,-0.05672816429287195,0.01988106779754162,0.0,0.29477398842573166,-0.09030639659613371,-0.09403136372566223
10070,15.75,-0.10271601378917694,-0.05457596983760595,0.02324327379465103,0.0,0.29380917400121687,-0.09490313716232776,-0.10271601378917694
10080,17.40625,-0.13424080610275269,-0.04326164610683918,0.05392415896058082,0.0,0.29293604493141173,-0.1020734716206789,-0.13424080610275269
10090,21.21875,-0.10253176093101501,-0.056553378328680994,0.01835633097216487,0.0,0.29458085298538206,-0.09200743306428194,-0.10253176093101501
10100,15.625,-0.09897895157337189,-0.0448317214846611,0.03423530869185924,0.0,0.2971830561757088,-0.08729083277285099,-0.09897895157337189
10110,22.09375,-0.10409434884786606,-0.0482553580775857,0.017188334465026857,0.0,0.29671378880739213,-0.09048377610743046,-0.10409434884786606
10120,15.53125,-0.1144445538520813,-0.05546087734401226,0.025884955376386642,0.0,0.29960109740495683,-0.09378606379032135,-0.1144445538520813
10130,22.34375,-0.12852349877357483,-0.05576290488243103,0.029035559669137,0.0,0.29929870665073394,-0.09067352171987295,-0.12852349877357483
10140,21.0625,-0.10349492728710175,-0.05592686869204044,0.020543818175792695,0.0,0.2995529040694237,-0.09053513631224633,-0.10349492728710175
10150,17.84375,-0.0924406349658966,-0.04802071461454034,0.03690329976379871,0.0,0.301803782582283,-0.09126083888113498,-0.0924406349658966
10160,24.15625,-0.11346645653247833,-0.04926012195646763,0.04171757102012634,0.0,0.3023511290550232,-0.08750910684466362,-0.11346645653247833
10170,17.75,-0.11618465185165405,-0.06522682923823594,0.018698610737919806,0.0,0.3006952926516533,-0.09481718577444553,-0.11618465185165405
10180,18.21875,-0.10035325586795807,-0.04673322588205338,0.02223134636878967,0.0,0.30264677852392197,-0.09363437816500664,-0.10035325586795807
10190,23.0,-0.09483437240123749,-0.05499198399484158,0.022486768383532762,0.0,0.30368879735469817,-0.0943290289491415,-0.09483437240123749
10200,11.90625,-0.12518921494483948,-0.054997107945382595,0.023551694117486477,0.0,0.3045757085084915,-0.09990662969648838,-0.12518921494483948
10210,15.28125,-0.08281165361404419,-0.05095723085105419,0.015867742151021956,0.0,0.30458561778068544,-0.08363281544297933,-0.08281165361404419
10220,22.25,-0.08482801169157028,-0.061352049745619294,0.02407976184040308,0.0,0.30695860385894774,-0.08075446616858244,-0.08482801169157028
10230,22.84375,-0.11213095486164093,-0.032600672682747245,0.08144820183515548,0.0,0.30987224727869034,-0.08858203180134297,-0.11213095486164093
10240,19.71875,-0.08513680845499039,-0.054138959478586914,0.032536365650594236,0.0,0.3104249745607376,-0.07983713727444411,-0.08513680845499039
10250,16.9375,-0.07578766345977783,-0.05625601150095463,0.026400280371308326,0.0,0.3107314184308052,-0.08692576196044684,-0.07578766345977783
10260,20.65625,-0.09834437817335129,-0.05661062793806195,0.023913451842963694,0.0,0.30966865122318266,-0.08298401236534118,-0.09834437817335129
10270,19.9375,-0.10353828221559525,-0.060196777991950515,0.030824220925569534,0.0,0.3105864614248276,-0.07947673834860325,-0.10353828221559525
10280,17.9375,-0.10441417992115021,-0.03997396230697632,0.06557564698159694,0.0,0.311791630089283,-0.08217529766261578,-0.10441417992115021
10290,16.21875,-0.09130372852087021,-0.05441088061779738,0.02975812368094921,0.0,0.31379529684782026,-0.08194892853498459,-0.09130372852087021
10300,20.4375,-0.08656685054302216,-0.05948057509958744,0.042433665879070756,0.0,0.3146234601736069,-0.0752386350184679,-0.08656685054302216
10310,14.4375,-0.09964535385370255,-0.04693904835730791,0.038817130774259564,0.0,0.3144053056836128,-0.08050242923200131,-0.09964535385370255
10320,20.09375,-0.108719103038311,-0.04909980650991201,0.030971968546509743,0.0,0.31359475702047346,-0.08935619182884694,-0.108719103038311
10330,20.78125,-0.12035916745662689,-0.052613822557032106,0.03524136152118444,0.0,0.3139049977064133,-0.08087536990642548,-0.12035916745662689
10340,17.0625,-0.09915574640035629,-0.043021644838154315,0.08334092795848846,0.0,0.31644310504198075,-0.0792242307215929,-0.09915574640035629
10350,21.5625,-0.08377708494663239,-0.04863322814926505,0.02803967650979757,0.0,0.3173591002821922,-0.07735003437846899,-0.08377708494663239
10360,20.1875,-0.11267692595720291,-0.050674364902079105,0.03981015328317881,0.0,0.31904988288879393,-0.08181515447795391,-0.11267692595720291
10370,22.84375,-0.08614040166139603,-0.05754542127251625,0.03197952471673489,0.0,0.3215502843260765,-0.06799081936478615,-0.08614040166139603
10380,20.71875,-0.06986861675977707,-0.048907346092164516,0.03593113962560892,0.0,0.3238328129053116,-0.07473305501043796,-0.06986861675977707
10390,21.6875,-0.06544701009988785,-0.05414535701274872,0.019397582579404115,0.0,0.3235467329621315,-0.07434741351753474,-0.06544701009988785
10400,18.375,-0.09943096339702606,-0.050699133146554234,0.03780569769442081,0.0,0.3229163810610771,-0.07531873006373643,-0.09943096339702606
10410,18.0625,-0.10106491297483444,-0.03819134421646595,0.07718309201300144,0.0,0.32289638966321943,-0.07748313639312983,-0.10106491297483444
10420,22.3125,-0.09576378762722015,-0.05920478701591492,0.029624708741903306,0.0,0.32244000434875486,-0.07789706885814666,-0.09576378762722015
10430,20.40625,-0.07444454729557037,-0.04802632909268141,0.042153663001954556,0.0,0.3200464606285095,-0.07510923203080892,-0.07444454729557037
10440,20.5625,-0.09623892605304718,-0.053587818052619696,0.02986155729740858,0.0,0.3222158938646317,-0.07415930423885583,-0.09623892605304718
10450,21.46875,-0.07152505218982697,-0.06420622617006302,0.01815420053899288,0.0,0.3252465546131134,-0.06753514548763632,-0.07152505218982697
10460,23.75,-0.06326808035373688,-0.060467165103182195,0.020209649112075567,0.0,0.32450740337371825,-0.06813485771417618,-0.06326808035373688
10470,15.59375,-0.08613727986812592,-0.054477425292134285,0.026359144411981106,0.0,0.32288742512464524,-0.07065562419593334,-0.08613727986812592
10480,21.5625,-0.06671459227800369,-0.05034036738798022,0.030757426097989083,0.0,0.32245678901672364,-0.06810387577861547,-0.06671459227800369
10490,19.375,-0.08056724071502686,-0.05586312180384993,0.021285659074783324,0.0,0.3222859874367714,-0.08226890750229358,-0.08056724071502686
10500,22.78125,-0.09670302271842957,-0.0484360383823514,0.03238093890249729,0.0,0.32305629551410675,-0.07065875548869371,-0.09670302271842957
10510,20.03125,-0.07974932342767715,-0.0635512501001358,0.0286404712125659,0.0,0.3252644181251526,-0.0718361958861351,-0.07974932342767715
10520,17.15625,-0.08031357824802399,-0.0521665558218956,0.02018293421715498,0.0,0.3241044759750366,-0.07050434742122888,-0.08031357824802399
10530,16.40625,-0.098638154566288,-0.05093053095042706,0.02075866237282753,0.0,0.32416716814041135,-0.07146913427859544,-0.098638154566288
10540,25.65625,-0.0640234425663948,-0.04795463625341654,0.053376225382089616,0.0,0.32671638429164884,-0.0621647460386157,-0.0640234425663948
10550,23.84375,-0.09007115662097931,-0.052149306517094374,0.017407571617513894,0.0,0.3292799398303032,-0.06445834022015333,-0.09007115662097931
10560,22.96875,-0.05228042230010033,-0.052310848236083986,0.039268515072762966,0.0,0.33112735152244566,-0.06007490418851376,-0.05228042230010033
10570,21.96875,-0.0581962876021862,-0.048112638667225836,0.03709715474396944,0.0,0.33105812668800355,-0.07019484862685203,-0.0581962876021862
10580,18.96875,-0.062432028353214264,-0.05301641151309013,0.02046818770468235,0.0,0.32935492396354676,-0.061664346046745776,-0.062432028353214264
10590,18.5,-0.07096870988607407,-0.054232672229409216,0.018741714768111706,0.0,0.33063197284936907,-0.07120285984128713,-0.07096870988607407
10600,13.0,-0.07048240303993225,-0.06117817172780633,0.01876887585967779,0.0,0.3301167652010918,-0.060096760466694835,-0.07048240303993225
10610,23.65625,-0.07413959503173828,-0.025378534011542796,0.09890664480626583,0.0,0.3308486372232437,-0.06445347443223,-0.07413959503173828
10620,20.03125,-0.10048560798168182,-0.043285423703491685,0.06596491932868957,0.0,0.3330471903085709,-0.07112369798123837,-0.10048560798168182
10630,20.875,-0.0730271264910698,-0.06044373549520969,0.023996441252529623,0.0,0.3319921061396599,-0.0630446845665574,-0.0730271264910698
10640,13.90625,-0.07834357768297195,-0.05357823669910431,0.017710808664560318,0.0,0.33680518716573715,-0.062476875819265844,-0.07834357768297195
10650,22.84375,-0.07459122687578201,-0.036687520984560254,0.041792028769850734,0.0,0.33420318067073823,-0.0719637481495738,-0.07459122687578201
10660,20.875,-0.047094520181417465,-0.04840675294399262,0.02237488776445389,0.0,0.3347594290971756,-0.06916165146976709,-0.047094520181417465
10670,18.03125,-0.07404761761426926,-0.045749944634735584,0.01177674885839224,0.0,0.3362433597445488,-0.06927162762731313,-0.07404761761426926
10680,16.28125,-0.097048819065094,-0.051934404857456686,0.016360825207084418,0.0,0.3348632276058197,-0.0674683628603816,-0.097048819065094
10690,15.71875,-0.07314381003379822,-0.05880514569580555,0.009997459128499031,0.0,0.33496989756822587,-0.06531127989292144,-0.07314381003379822
10700,20.84375,-0.07922153919935226,-0.0436959994956851,0.031133602559566497,0.0,0.33768817633390424,-0.06515887454152107,-0.07922153919935226
10710,16.5625,-0.061527103185653687,-0.060022563114762305,0.011543004773557186,0.0,0.3355574145913124,-0.06180792991071939,-0.061527103185653687
10720,22.8125,-0.07344499975442886,-0.04654280287213623,0.03125031609088182,0.0,0.33945700377225874,-0.05414260821416974,-0.07344499975442886
10730,14.78125,-0.09744202345609665,-0.03563157077878713,0.05332044623792172,0.0,0.3396516084671021,-0.05695976037532091,-0.09744202345609665
10740,17.21875,-0.08561976999044418,-0.05747454836964607,0.02612608913332224,0.0,0.33766250163316724,-0.06479536499828101,-0.08561976999044418
10750,19.6875,-0.06460549682378769,-0.052701161801815034,0.012342129088938236,0.0,0.340101583302021,-0.05758264483883977,-0.06460549682378769
10760,18.0625,-0.08342143893241882,-0.041536633297801016,0.0504389526322484,0.0,0.3441421061754227,-0.057955060712993146,-0.08342143893241882
10770,19.03125,-0.08036993443965912,-0.049586343392729756,0.03786881752312184,0.0,0.34374072700738906,-0.05449920017272234,-0.08036993443965912
10780,23.09375,-0.053090743720531464,-0.05698033999651671,0.016306597832590343,0.0,0.34547038972377775,-0.05952888038009405,-0.053090743720531464
10790,19.78125,-0.09272287786006927,-0.05577910384163261,0.022528606094419958,0.0,0.3425926029682159,-0.05546200901735574,-0.09272287786006927
10800,23.90625,-0.05969620123505592,-0.0568578140810132,0.01963355131447315,0.0,0.3423584133386612,-0.05716230422258377,-0.05969620123505592
10810,16.03125,-0.08564019948244095,-0.05025153271853924,0.029540707170963288,0.0,0.3428858920931816,-0.0616021029651165,-0.08564019948244095
10820,18.15625,-0.06996206939220428,-0.053730006143450734,0.02100349348038435,0.0,0.3420066013932228,-0.057006744854152205,-0.06996206939220428
10830,21.90625,-0.07293032109737396,-0.047914124373346564,0.030978452041745187,0.0,0.3424112305045128,-0.04772694064304232,-0.07293032109737396
10840,17.9375,-0.09168250113725662,-0.05003720354288817,0.022141193598508836,0.0,0.34340414255857465,-0.05302779208868742,-0.09168250113725662
10850,17.28125,-0.05433875322341919,-0.05862744990736246,0.024823911488056183,0.0,0.3453615799546242,-0.051169044245034455,-0.05433875322341919
10860,22.71875,-0.06711611151695251,-0.05014562839642167,0.017107919976115226,0.0,0.34618436694145205,-0.054205631278455256,-0.06711611151695251
10870,18.65625,-0.07717650383710861,-0.04871710697188973,0.04768005758523941,0.0,0.3457679361104965,-0.05562056563794613,-0.07717650383710861
10880,16.3125,-0.056025467813014984,-0.054029519110918044,0.020855537615716457,0.0,0.34525174647569656,-0.05842127976939082,-0.056025467813014984
10890,23.375,-0.07960899919271469,-0.05336635187268257,0.03359951134771109,0.0,0.3450360283255577,-0.05620606541633606,-0.07960899919271469
10900,22.25,-0.08653193712234497,-0.024337818287312983,0.11542523242533206,0.0,0.3480402544140816,-0.05463637835346162,-0.08653193712234497
10910,19.71875,-0.06163521856069565,-0.04467404671013355,0.017084067966789008,0.0,0.3461035504937172,-0.058400346990674736,-0.06163521856069565
10920,20.375,-0.06555330753326416,-0.05454312115907669,0.01477235509082675,0.0,0.3464909553527832,-0.05782001633197069,-0.06555330753326416
10930,24.40625,-0.07734779268503189,-0.059721844643354415,0.012979872897267342,0.0,0.34753350615501405,-0.04933917690068483,-0.07734779268503189
10940,19.90625,-0.05802769586443901,-0.04961356371641159,0.03810655847191811,0.0,0.34787122458219527,-0.05076926900073886,-0.05802769586443901
10950,18.34375,-0.054982803761959076,-0.042527582868933676,0.026154209580272435,0.0,0.34939485043287277,-0.05220796018838882,-0.054982803761959076
10960,18.0,-0.0551847368478775,-0.051370856910943986,0.025808396656066178,0.0,0.35014097988605497,-0.05565974339842796,-0.0551847368478775
10970,15.71875,-0.07681715488433838,-0.05578196449205279,0.021776742674410342,0.0,0.35174091458320617,-0.05243417429737747,-0.07681715488433838
10980,22.5,-0.04523739218711853,-0.0516586652956903,0.020175235532224178,0.0,0.3523163884878159,-0.04688929934054613,-0.04523739218711853
10990,17.125,-0.0767907202243805,-0.04174227025359869,0.04900086559355259,0.0,0.35033307522535323,-0.05275662019848824,-0.0767907202243805
11000,17.09375,-0.06334243714809418,-0.043146077916026114,0.04026653999462724,0.0,0.3466711014509201,-0.05008145906031132,-0.06334243714809418
11010,16.5625,-0.07253143191337585,-0.049178893025964496,0.032795348949730393,0.0,0.35063568204641343,-0.04974302956834435,-0.07253143191337585
11020,14.25,-0.09106823801994324,-0.049221794679760934,0.021619296073913573,0.0,0.3487064361572266,-0.051281833462417124,-0.09106823801994324
11030,21.96875,-0.06042473763227463,-0.056803676299750805,0.02597969342023134,0.0,0.3516495853662491,-0.04700459623709321,-0.06042473763227463
11040,24.75,-0.0578237920999527,-0.04794291676953435,0.0215936416760087,0.0,0.35217669904232024,-0.04964996352791786,-0.0578237920999527
11050,18.96875,-0.051859162747859955,-0.03928693681955338,0.12315918505191803,0.0,0.3542229026556015,-0.04458152716979384,-0.051859162747859955
11060,21.5625,-0.05689626559615135,-0.05079749319702387,0.03257568459957838,0.0,0.35408576428890226,-0.050861036591231826,-0.05689626559615135
11070,14.625,-0.07998553663492203,-0.05518185794353485,0.02210868299007416,0.0,0.35306549817323685,-0.043448846135288474,-0.07998553663492203
11080,21.03125,-0.05869130790233612,-0.05471090376377106,0.009154732432216406,0.0,0.3548166617751122,-0.04981128266081214,-0.05869130790233612
11090,16.34375,-0.04850566014647484,-0.05297455620020628,0.02089083530008793,0.0,0.35444565713405607,-0.0453371562063694,-0.04850566014647484
11100,24.71875,-0.045540500432252884,-0.05522994939237833,0.02320216055959463,0.0,0.35428372025489807,-0.043525893706828356,-0.045540500432252884
11110,16.25,-0.05542222410440445,-0.045335789769887926,0.025418111868202687,0.0,0.35453209578990935,-0.044499275740236044,-0.05542222410440445
11120,26.46875,-0.043809227645397186,-0.055580554716289046,0.03493414167314768,0.0,0.3541788771748543,-0.04290904514491558,-0.043809227645397186
11130,22.875,-0.06444326788187027,-0.04541133288294077,0.019338286574929954,0.0,0.3571878895163536,-0.04869637684896588,-0.06444326788187027
11140,22.03125,-0.05067598074674606,-0.03438539244234562,0.03157182354480028,0.0,0.3577514633536339,-0.03992836489342153,-0.05067598074674606
11150,21.875,-0.045448608696460724,-0.01877990532666445,0.19644144736230373,0.0,0.35779065638780594,-0.047141111176460984,-0.045448608696460724
11160,18.8125,-0.0669388398528099,-0.05278734378516674,0.03718931674957275,0.0,0.3561864420771599,-0.04691127948462963,-0.0669388398528099
11170,23.875,-0.04578326269984245,-0.055810310412198305,0.015555466711521148,0.0,0.35628337115049363,-0.04672337574884296,-0.04578326269984245
11180,21.625,-0.04163869842886925,-0.05860668830573559,0.017599331494420768,0.0,0.35631070733070375,-0.03646647571586072,-0.04163869842886925
11190,23.125,-0.07077833265066147,-0.04871119670569897,0.06384228691458702,0.0,0.35460480898618696,-0.048760439921170476,-0.07077833265066147
11200,16.53125,-0.08746309578418732,-0.053457380179315804,0.026967749930918217,0.0,0.35482088625431063,-0.05147916404530406,-0.08746309578418732
11210,22.21875,-0.04565887153148651,-0.056921256519854066,0.023287652991712093,0.0,0.35569928586483,-0.04865401163697243,-0.04565887153148651
11220,22.96875,-0.05183389037847519,-0.06082515344023705,0.020996529143303633,0.0,0.35521389693021777,-0.039905849890783426,-0.05183389037847519
11230,15.59375,-0.050638794898986816,-0.05958385365083814,0.023415725491940976,0.0,0.35599025189876554,-0.04674201719462871,-0.050638794898986816
11240,19.3125,-0.04267347604036331,-0.05740893026813865,0.018916782550513746,0.0,0.35420320481061934,-0.050658398494124415,-0.04267347604036331
11250,21.46875,-0.04066590964794159,-0.059541015140712264,0.024386151880025863,0.0,0.3561936467885971,-0.038305654842406514,-0.04066590964794159
11260,19.5,-0.07417432963848114,-0.06380161959677935,0.02016010703518987,0.0,0.35753160864114764,-0.04468554947525263,-0.07417432963848114
11270,22.21875,-0.05068868398666382,-0.050042413920164106,0.01894952841103077,0.0,0.3575476571917534,-0.034669912233948705,-0.05068868398666382
11280,16.0,-0.06393630802631378,-0.043410474061965944,0.04042149186134338,0.0,0.3593497142195702,-0.04019798007793725,-0.06393630802631378
11290,21.5,-0.04838516190648079,-0.05669921617954969,0.017846338730305434,0.0,0.3596326276659966,-0.038849168457090855,-0.04838516190648079
11300,22.0625,-0.07305139303207397,-0.03863252438604832,0.054265308380126956,0.0,0.3585726782679558,-0.042267282586544754,-0.07305139303207397
11310,18.09375,-0.05061743035912514,-0.0560016255825758,0.02088311929255724,0.0,0.3608409911394119,-0.03575343443080783,-0.05061743035912514
11320,28.71875,-0.06356989592313766,-0.05130068305879831,0.03838030956685543,0.0,0.36115806698799136,-0.03583157933317125,-0.06356989592313766
11330,16.34375,-0.06271807849407196,-0.050491845421493056,0.028061376698315144,0.0,0.361184224486351,-0.04211992053315043,-0.06271807849407196
11340,21.28125,-0.06786800920963287,-0.05131560862064362,0.032046030089259145,0.0,0.36023361831903455,-0.040718731191009286,-0.06786800920963287
11350,22.90625,-0.07452484965324402,-0.05735749825835228,0.027420247346162795,0.0,0.3613075137138367,-0.04115158198401332,-0.07452484965324402
11360,21.65625,-0.027808137238025665,-0.057624928653240204,0.014175963960587979,0.0,0.3621329441666603,-0.040272459480911495,-0.027808137238025665
11370,15.0,-0.06338521838188171,-0.05845751706510782,0.02716908175498247,0.0,0.35879486352205275,-0.04418570883572102,-0.06338521838188171
11380,20.71875,-0.053222477436065674,-0.05666362941265106,0.023575052618980408,0.0,0.35687397718429564,-0.04595065473113209,-0.053222477436065674
11390,24.75,-0.04158339649438858,-0.050481037609279154,0.017044994235038757,0.0,0.36030717492103576,-0.04268121309578419,-0.04158339649438858
11400,20.75,-0.041447438299655914,-0.05197053737938404,0.024096467439085244,0.0,0.3611742839217186,-0.033334408688824625,-0.041447438299655914
11410,21.375,-0.058599941432476044,-0.05512349409982562,0.026900999434292316,0.0,0.3599789723753929,-0.03972461242228746,-0.058599941432476044
11420,18.15625,-0.04499908536672592,-0.05143239311873913,0.023735550045967103,0.0,0.3582699358463287,-0.037873758794739844,-0.04499908536672592
11430,22.21875,-0.030579501762986183,-0.053930040914565325,0.02196474000811577,0.0,0.3599006459116936,-0.03421804402023554,-0.030579501762986183
11440,16.4375,-0.024913784116506577,-0.055117054283618926,0.01772487899288535,0.0,0.36033116430044176,-0.04149663625285029,-0.024913784116506577
11450,20.625,-0.04855507239699364,-0.04927707687020302,0.018408318143337966,0.0,0.3598017320036888,-0.03726877314038575,-0.04855507239699364
11460,16.53125,-0.03912963718175888,-0.05845653712749481,0.017189565952867268,0.0,0.36154385805130007,-0.03311934741213918,-0.03912963718175888
11470,20.875,-0.04440336674451828,-0.05834699552506208,0.02128352886065841,0.0,0.363269005715847,-0.03626133003272116,-0.04440336674451828
11480,20.375,-0.060161292552948,-0.05297419838607311,0.028613411262631415,0.0,0.36407141834497453,-0.04057394014671445,-0.060161292552948
11490,18.90625,-0.028966674581170082,-0.05746827833354473,0.018705365248024464,0.0,0.36296290904283524,-0.03419922187458724,-0.028966674581170082
11500,18.90625,-0.04317285120487213,-0.05226544188335538,0.012759765144437551,0.0,0.3664522871375084,-0.03823124780319631,-0.04317285120487213
11510,20.625,-0.048687007278203964,-0.049605194665491584,0.0376071872189641,0.0,0.36589536517858506,-0.03672078107483685,-0.048687007278203964
11520,20.875,-0.031880468130111694,-0.05722455233335495,0.01346997581422329,0.0,0.36485752165317537,-0.03370368876494467,-0.031880468130111694
11530,17.5625,-0.047707509249448776,-0.0564669419080019,0.011744952015578746,0.0,0.3668151944875717,-0.033498742757365106,-0.047707509249448776
11540,19.59375,-0.0321284644305706,-0.056614873558282854,0.019567201659083367,0.0,0.3684398472309113,-0.03005523789906874,-0.0321284644305706
11550,15.9375,-0.0584544911980629,-0.05136971957981586,0.028619461134076117,0.0,0.36623637080192567,-0.03743460844270885,-0.0584544911980629
11560,18.625,-0.03690234199166298,-0.03468252643942833,0.046893709991127255,0.0,0.36554807275533674,-0.03639198010787368,-0.03690234199166298
11570,22.28125,-0.07034603506326675,-0.0533876683562994,0.026344766095280647,0.0,0.36604208648204806,-0.03809049036353827,-0.07034603506326675
11580,21.875,-0.04968680441379547,-0.047720216773450376,0.017810699157416822,0.0,0.3706342726945877,-0.032352027017623186,-0.04968680441379547
11590,16.75,-0.05439937487244606,-0.04632270894944668,0.030867417342960835,0.0,0.3695776417851448,-0.02974478544201702,-0.05439937487244606
11600,20.1875,-0.04274492338299751,-0.058633383549749854,0.023421115800738336,0.0,0.37007137984037397,-0.027960612252354623,-0.04274492338299751
11610,25.59375,-0.01356356032192707,-0.05517122223973274,0.027742179110646248,0.0,0.37272050976753235,-0.02773561249487102,-0.01356356032192707
11620,15.46875,-0.07542815804481506,-0.04473454030230641,0.027057059109210968,0.0,0.3733832359313965,-0.03731431011110544,-0.07542815804481506
11630,20.53125,-0.038335055112838745,-0.04796552918851375,0.02213218342512846,0.0,0.37302378118038176,-0.02732342747040093,-0.038335055112838745
11640,19.65625,-0.04080731421709061,-0.05213886182755232,0.018898651096969844,0.0,0.37141136080026627,-0.03609782084822655,-0.04080731421709061
11650,19.1875,-0.06276658177375793,-0.028467714600265027,0.08952334206551313,0.0,0.37143034040927886,-0.03358167475089431,-0.06276658177375793
11660,21.75,-0.03975173085927963,-0.05312524689361453,0.023270921409130098,0.0,0.37204380333423615,-0.02591348208952695,-0.03975173085927963
11670,24.25,-0.03062550164759159,-0.046403833851218226,0.021682997606694697,0.0,0.37283632904291153,-0.03218074203468859,-0.03062550164759159
11680,18.03125,-0.06401744484901428,-0.03489345852285623,0.04372528810054064,0.0,0.37149146348237994,-0.03616171143949032,-0.06401744484901428
11690,26.65625,-0.039879705756902695,-0.03796494705602527,0.01972941607236862,0.0,0.37267575711011885,-0.03446790417656302,-0.039879705756902695
11700,25.71875,-0.0237349234521389,-0.05175613444298506,0.016858119051903486,0.0,0.3738082036375999,-0.030966805515345187,-0.0237349234521389
11710,14.96875,-0.045824721455574036,-0.06048256549984217,0.024407092854380606,0.0,0.3725729361176491,-0.036091218097135426,-0.045824721455574036
11720,20.15625,-0.044698961079120636,-0.057549815624952316,0.02558783534914255,0.0,0.37004804611206055,-0.03894640663638711,-0.044698961079120636
11730,21.1875,-0.05680195987224579,-0.05490123233757913,0.01325421929359436,0.0,0.3721096903085709,-0.034574675001204015,-0.05680195987224579
11740,20.875,-0.020212989300489426,-0.04598766975104809,0.014895401429384947,0.0,0.37139514833688736,-0.03132293268572539,-0.020212989300489426
11750,18.125,-0.03859461098909378,-0.048427424393594265,0.020948543213307858,0.0,0.36984660774469375,-0.033014633762650195,-0.03859461098909378
11760,19.84375,-0.032313551753759384,-0.05428056642413139,0.013934880867600441,0.0,0.37132085114717484,-0.028024682495743036,-0.032313551753759384
11770,24.375,-0.032423388212919235,-0.03884048108011484,0.046653258800506595,0.0,0.37488783448934554,-0.028186462447047235,-0.032423388212919235
11780,22.25,-0.05238388851284981,-0.05698479320853948,0.023507437482476235,0.0,0.3700803369283676,-0.035581003548577426,-0.05238388851284981
11790,24.71875,-0.05185016989707947,-0.0541874261572957,0.01627895487472415,0.0,0.37115903943777084,-0.029910324537195266,-0.05185016989707947
11800,16.875,-0.0738646388053894,-0.05606178399175406,0.02172340489923954,0.0,0.37015489488840103,-0.0450198931619525,-0.0738646388053894
11810,22.9375,-0.03193390741944313,-0.053157782461494205,0.018720042146742343,0.0,0.3711273789405823,-0.02954194569028914,-0.03193390741944313
11820,19.90625,-0.03499644249677658,-0.05501064248383045,0.025735095888376237,0.0,0.3733405441045761,-0.02944003101438284,-0.03499644249677658
11830,18.6875,-0.055664874613285065,-0.04831293616443873,0.017108849249780178,0.0,0.37505581229925156,-0.03410106869414449,-0.055664874613285065
11840,22.3125,-0.04254835098981857,-0.053171391133219004,0.014485909789800643,0.0,0.37424312680959704,-0.03239654270000756,-0.04254835098981857
11850,22.21875,-0.03123818337917328,-0.05658650528639555,0.011188112478703261,0.0,0.37421704530715943,-0.02870332811726257,-0.03123818337917328
11860,26.15625,-0.04434271901845932,-0.055538174230605364,0.012151869852095843,0.0,0.37533639669418334,-0.026659365696832537,-0.04434271901845932
11870,17.65625,-0.035241495817899704,-0.053575122728943825,0.018216773215681315,0.0,0.37595273107290267,-0.031890062452293935,-0.035241495817899704
11880,21.625,-0.042270828038454056,-0.05668002963066101,0.01884174980223179,0.0,0.376628041267395,-0.028384625189937653,-0.042270828038454056
11890,21.78125,-0.034340791404247284,-0.051350037939846514,0.01739579038694501,0.0,0.37814963012933733,-0.030956589966081083,-0.034340791404247284
11900,17.28125,-0.06567315757274628,-0.05204120725393295,0.025638963282108306,0.0,0.37818104177713396,-0.028123464388772845,-0.06567315757274628
11910,20.5,-0.026564335450530052,-0.04935215087607503,0.020464799739420413,0.0,0.38032870292663573,-0.025255726370960473,-0.026564335450530052
11920,15.9375,-0.021908635273575783,-0.06339887399226427,0.019770855363458396,0.0,0.37941727638244627,-0.024531727330759166,-0.021908635273575783
11930,23.0,-0.039772748947143555,-0.05726303104311228,0.015071949642151593,0.0,0.375930118560791,-0.03345172291155905,-0.039772748947143555
11940,20.15625,-0.032031718641519547,-0.061366951651871206,0.023974140733480455,0.0,0.37643485963344575,-0.030594191560521723,-0.032031718641519547
11950,21.875,-0.049187809228897095,-0.05355586912482977,0.02215714305639267,0.0,0.3757541760802269,-0.02377930658403784,-0.049187809228897095
11960,23.9375,-0.03185155242681503,-0.04476254619657993,0.020466004870831965,0.0,0.37732179313898084,-0.030835143895819782,-0.03185155242681503
11970,23.75,-0.04010924696922302,-0.058849286288022995,0.017614264506846666,0.0,0.37642090320587157,-0.03541254443116486,-0.04010924696922302
11980,27.53125,-0.014068828895688057,-0.035573847219347955,0.02100107166916132,0.0,0.3799906849861145,-0.027703360875602812,-0.014068828895688057
11990,17.125,-0.06562328338623047,-0.05548353120684624,0.024948792159557344,0.0,0.3781145915389061,-0.03528772285208106,-0.06562328338623047
12000,27.03125,-0.0316469743847847,-0.05320168994367123,0.01651531122624874,0.0,0.3762087240815163,-0.02224854801315814,-0.0316469743847847
12010,26.15625,-0.042429860681295395,-0.05112495580688119,0.01878513004630804,0.0,0.3794692188501358,-0.03246636819094419,-0.042429860681295395
12020,19.65625,-0.03864702582359314,-0.053665501065552235,0.021220320649445058,0.0,0.3784009709954262,-0.031315245339646934,-0.03864702582359314
12030,19.4375,-0.04758325219154358,-0.05326838120818138,0.018411376513540745,0.0,0.37730188071727755,-0.03212039396166801,-0.04758325219154358
12040,24.5625,-0.029311038553714752,-0.05858887638896704,0.017516044341027735,0.0,0.3775106519460678,-0.02970837861066684,-0.029311038553714752
12050,19.46875,-0.04744657129049301,-0.05725681260228157,0.017848020885139704,0.0,0.3765620082616806,-0.035861562320496886,-0.04744657129049301
12060,18.9375,-0.04195373132824898,-0.053190579637885094,0.016447316855192184,0.0,0.3782257854938507,-0.028535702265799046,-0.04195373132824898
12070,21.6875,-0.05463191121816635,-0.053843092173337936,0.019787807762622834,0.0,0.3779890760779381,-0.03165606334805489,-0.05463191121816635
12080,18.4375,-0.06874926388263702,-0.0648241569288075,0.02036344800144434,0.0,0.37859951704740524,-0.0297853690572083,-0.06874926388263702
12090,19.96875,-0.045849598944187164,-0.06074878647923469,0.015928701683878898,0.0,0.37985358387231827,-0.024726206669583917,-0.045849598944187164
12100,23.53125,-0.011461915448307991,-0.054499547090381385,0.019903151504695415,0.0,0.37985482066869736,-0.027722077583894132,-0.011461915448307991
12110,18.40625,-0.06750646233558655,-0.05128869712352753,0.02656070366501808,0.0,0.38064013570547106,-0.029361517739016563,-0.06750646233558655
12120,20.34375,-0.0330575555562973,-0.05084162466228008,0.02819864358752966,0.0,0.38112329989671706,-0.030048744240775704,-0.0330575555562973
12130,23.40625,-0.04427512735128403,-0.059908995404839516,0.012858715374022722,0.0,0.38139340132474897,-0.02781408599112183,-0.04427512735128403
12140,21.53125,-0.040420737117528915,-0.057967527955770495,0.027393010444939137,0.0,0.3818129152059555,-0.026340963272377848,-0.040420737117528915
12150,18.53125,-0.018718529492616653,-0.03930150037631393,0.03060685284435749,0.0,0.38441825956106185,-0.024305646237917245,-0.018718529492616653
12160,25.3125,-0.010913118720054626,-0.05560584701597691,0.01648849919438362,0.0,0.3822072118520737,-0.025297366990707816,-0.010913118720054626
12170,20.8125,-0.021297495812177658,-0.05212609730660915,0.019925326481461524,0.0,0.38203348219394684,-0.019861676450818776,-0.021297495812177658
12180,20.09375,-0.02712174691259861,-0.04843937549740076,0.023545804247260094,0.0,0.38386662900447843,-0.026064803602639585,-0.02712174691259861
12190,18.5625,-0.028158128261566162,-0.0495248656719923,0.016563047375530004,0.0,0.3820081129670143,-0.028578549483790995,-0.028158128261566162
12200,23.15625,-0.02337033674120903,-0.05673295762389898,0.027655410580337048,0.0,0.38448693603277206,-0.029747535404749215,-0.02337033674120903
12210,22.03125,-0.04180459305644035,-0.05565710365772247,0.0136140170507133,0.0,0.3861994117498398,-0.02756292512640357,-0.04180459305644035
12220,17.6875,-0.061422668397426605,-0.0623985106125474,0.021278048772364853,0.0,0.3872100606560707,-0.021901743672788142,-0.061422668397426605
12230,17.96875,-0.02839142270386219,-0.05786845302209258,0.02195357270538807,0.0,0.3862168833613396,-0.024563631881028412,-0.02839142270386219
12240,21.84375,-0.022670939564704895,-0.061191224679350856,0.01309310169890523,0.0,0.38759614527225494,-0.024087071954272687,-0.022670939564704895
12250,18.59375,-0.01850212924182415,-0.05977543331682682,0.01882056575268507,0.0,0.3898983493447304,-0.01722902583424002,-0.01850212924182415
12260,19.8125,-0.05384356901049614,-0.057412038743495944,0.022864001989364623,0.0,0.3897519797086716,-0.023439409607090057,-0.05384356901049614
12270,25.9375,-0.018164152279496193,-0.05041873306035995,0.011660011578351259,0.0,0.3904940947890282,-0.013118639145977795,-0.018164152279496193
12280,17.4375,-0.0580793172121048,-0.05068384800106287,0.020703816227614878,0.0,0.3934404343366623,-0.020128785632550716,-0.0580793172121048
12290,19.96875,-0.019906986504793167,-0.05524984747171402,0.01605532309040427,0.0,0.3899035304784775,-0.018921229615807535,-0.019906986504793167
12300,20.8125,-0.03078077733516693,-0.052434141375124456,0.021543849911540746,0.0,0.39299346357584,-0.01948094496037811,-0.03078077733516693
12310,23.96875,-0.029484909027814865,-0.047115013003349304,0.03527377136051655,0.0,0.391354575753212,-0.020354489237070082,-0.029484909027814865
12320,22.78125,-0.030071677640080452,-0.05833588298410177,0.017066760174930095,0.0,0.3927065744996071,-0.016629883088171482,-0.030071677640080452
12330,20.71875,-0.006993117742240429,-0.05533332414925098,0.021115722320973872,0.0,0.3939647778868675,-0.012554540392011404,-0.006993117742240429
12340,21.71875,-0.017887555062770844,-0.05623158439993858,0.014857072569429874,0.0,0.39613505750894545,-0.017428458866197614,-0.017887555062770844
12350,22.0625,-0.009797852486371994,-0.06255196463316678,0.007995906472206115,0.0,0.39535295516252517,-0.004878728318726644,-0.009797852486371994
12360,23.4375,-0.02907063625752926,-0.06403104844503105,0.0134487628005445,0.0,0.39467373937368394,-0.015448835818096996,-0.02907063625752926
12370,22.21875,-0.025270164012908936,-0.054458280093967915,0.015579465683549643,0.0,0.3943676620721817,-0.015790773509070277,-0.025270164012908936
12380,19.9375,-0.019557863473892212,-0.03387960959225893,0.045493730902671815,0.0,0.39493915140628816,-0.009610745561076328,-0.019557863473892212
12390,20.96875,-0.012546185404062271,-0.056339971348643304,0.011932625528424978,0.0,0.3952173382043839,-0.013200993370264768,-0.012546185404062271
12400,19.71875,-0.01829051412642002,-0.046388394013047216,0.021165383607149126,0.0,0.3946228787302971,-0.022035136236809194,-0.01829051412642002
12410,29.59375,-0.020873162895441055,-0.051579388231039046,0.017868634779006243,0.0,0.39689851403236387,-0.012501497776247561,-0.020873162895441055
12420,21.1875,-0.016969550400972366,-0.05789775587618351,0.016924268566071987,0.0,0.39441952407360076,-0.014108374761417509,-0.016969550400972366
12430,22.84375,-0.037071142345666885,-0.05643197149038315,0.02505467776209116,0.0,0.3980847492814064,-0.00872051736805588,-0.037071142345666885
12440,20.59375,-0.00032715918496251106,-0.06171420593746006,0.014694334845989943,0.0,0.4014632061123848,-0.008210632973350585,-0.00032715918496251106
12450,22.15625,-0.02790810912847519,-0.05578475464135409,0.026048997417092323,0.0,0.39851061552762984,-0.0033921923488378523,-0.02790810912847519
12460,22.0625,-0.023278996348381042,-0.0579844512976706,0.009039857098832727,0.0,0.39771150052547455,-0.012137087667360902,-0.023278996348381042
12470,22.78125,-0.015999827533960342,-0.053154201898723843,0.02004468161612749,0.0,0.39883999079465865,-0.008430244727060198,-0.015999827533960342
12480,19.90625,-0.006605812348425388,-0.05729659534990787,0.0184158087708056,0.0,0.3991713598370552,-0.007552653696620837,-0.006605812348425388
12490,20.25,-0.00820200890302658,-0.05419568046927452,0.017054036632180213,0.0,0.4003835394978523,-0.006183397152926773,-0.00820200890302658
12500,18.84375,-0.03674153611063957,-0.058932846691459415,0.023186044208705424,0.0,0.40033592730760575,-0.012648712302325293,-0.03674153611063957
12510,21.6875,-0.046721745282411575,-0.05278096031397581,0.02670337976887822,0.0,0.4012287512421608,-0.01895849184365943,-0.046721745282411575
12520,20.6875,-0.012832069769501686,-0.05453257029876113,0.025533507764339446,0.0,0.39809310734272,-0.011602300312370062,-0.012832069769501686
12530,27.46875,-0.020283527672290802,-0.06808343529701233,0.013647586200386285,0.0,0.40112711787223815,-0.009403692441992462,-0.020283527672290802
12540,23.59375,-0.010817449539899826,-0.06227890495210886,0.010004477109760046,0.0,0.40101171284914017,-0.005785677046515047,-0.010817449539899826
12550,23.5625,-0.000698104384355247,-0.060406071692705156,0.008808728121221066,0.0,0.4037937715649605,-0.007815085619222372,-0.000698104384355247
12560,24.28125,-0.04062531888484955,-0.056195936258882286,0.01504641082137823,0.0,0.4012219697237015,-0.013659692334476859,-0.04062531888484955
12570,18.75,-0.031084083020687103,-0.05291927251964808,0.015748848859220742,0.0,0.4008794754743576,-0.0051465198281221095,-0.031084083020687103
12580,22.59375,-0.040542811155319214,-0.04704293161630631,0.03609750270843506,0.0,0.4005616635084152,-0.00952237769961357,-0.040542811155319214
12590,17.90625,-0.019764674827456474,-0.05715824905782938,0.017949023004621267,0.0,0.40146984308958056,-0.015006065741181374,-0.019764674827456474
12600,18.4375,-0.02510262280702591,-0.04966164845973253,0.011805828008800746,0.0,0.3993211880326271,-0.00833466905169189,-0.02510262280702591
12610,18.9375,-0.028387585654854774,-0.06682695336639881,0.016215143073350192,0.0,0.4000455304980278,-0.010614608391188085,-0.028387585654854774
12620,19.21875,-0.024948138743638992,-0.055573174729943275,0.012294281367212534,0.0,0.40208110511302947,-0.010370802821125836,-0.024948138743638992
12630,23.6875,-0.019450854510068893,-0.057386973313987254,0.015823601093143225,0.0,0.4025273099541664,-0.009621056949254126,-0.019450854510068893
12640,27.71875,-0.02145332843065262,-0.05002255327999592,0.0121456035412848,0.0,0.4058666527271271,-0.0027541394345462324,-0.02145332843065262
12650,23.65625,-0.0040851556695997715,-0.062023038044571877,0.013102310057729483,0.0,0.4063887432217598,-0.008272955962456762,-0.0040851556695997715
12660,24.5625,-0.02454124391078949,-0.05266849286854267,0.016154188197106123,0.0,0.4028936341404915,-0.0091519012930803,-0.02454124391078949
12670,22.8125,-0.029372243210673332,-0.04978814125061035,0.013209745567291976,0.0,0.40270221084356306,-0.00654859896749258,-0.029372243210673332
12680,18.8125,-0.03306751325726509,-0.05431915447115898,0.01374754011631012,0.0,0.4021881729364395,-0.014409649011213332,-0.03306751325726509
12690,23.125,-0.010101454332470894,-0.05203782562166452,0.01339772054925561,0.0,0.4020042359828949,-0.010265910159796476,-0.010101454332470894
12700,21.25,-0.033821024000644684,-0.046335437707602976,0.018385056126862764,0.0,0.40377013832330705,-0.010229683003854007,-0.033821024000644684
12710,19.96875,-0.04064648598432541,-0.059658550284802915,0.016396843641996384,0.0,0.40609730035066605,-0.007934501487761736,-0.04064648598432541
12720,26.4375,-0.02364751510322094,-0.05604561911895871,0.016358620300889016,0.0,0.40530850887298586,-0.009463042800780386,-0.02364751510322094
12730,24.53125,-0.006197651382535696,-0.05894442331045866,0.0168202655389905,0.0,0.4048735111951828,-0.009806621097959578,-0.006197651382535696
12740,18.875,-0.01812182180583477,-0.0588727755472064,0.01297902585938573,0.0,0.4065478891134262,-0.011310472898185254,-0.01812182180583477
12750,25.375,-0.01497899554669857,-0.045882179867476225,0.021304987277835606,0.0,0.40793881863355635,-0.004212718887720257,-0.01497899554669857
12760,25.3125,-0.020372340455651283,-0.04736794587224722,0.023314409796148537,0.0,0.4064695656299591,-0.008048886869801208,-0.020372340455651283
12770,25.625,-0.017128851264715195,-0.02590720187872648,0.03125143544748425,0.0,0.41069058477878573,-0.0028062019147910176,-0.017128851264715195
12780,16.0,-0.002336102770641446,-0.060484322160482405,0.018518759682774544,0.0,0.4118040308356285,-0.002752652741037309,-0.002336102770641446
12790,19.71875,0.002528031822293997,-0.06700030900537968,0.01947296690195799,0.0,0.41072431951761246,-0.001133349019801244,0.002528031822293997
12800,24.875,-0.0055070784874260426,-0.05804870743304491,0.011409162543714046,0.0,0.4092994645237923,-0.009598032583016902,-0.0055070784874260426
12810,27.875,-0.00536566786468029,-0.05880961697548628,0.015281979367136956,0.0,0.4076899513602257,-0.008662456728052348,-0.00536566786468029
12820,18.96875,-0.015066420659422874,-0.04547862187027931,0.013446019496768713,0.0,0.4109802216291428,-0.0062709669815376404,-0.015066420659422874
12830,20.9375,-0.02927122265100479,-0.04272382389754057,0.017727320827543736,0.0,0.4074688717722893,-0.0013662531157024205,-0.02927122265100479
12840,16.375,-0.042460836470127106,-0.059128479473292826,0.013829373754560947,0.0,0.4067375883460045,-0.006689287576591596,-0.042460836470127106
12850,22.09375,-0.013835514895617962,-0.05269127413630485,0.019474049285054206,0.0,0.40921135395765307,-0.00587858097278513,-0.013835514895617962
12860,18.40625,-0.01705401949584484,-0.060069870017468927,0.012959533836692572,0.0,0.41045244932174685,-0.0012487741420045494,-0.01705401949584484
12870,27.8125,-0.024649761617183685,-0.03946296758949756,0.02541164718568325,0.0,0.4132278233766556,0.0030991325504146515,-0.024649761617183685
12880,18.1875,-0.04139015078544617,-0.05913174599409103,0.012447775062173604,0.0,0.4138884335756302,-0.003835127828642726,-0.04139015078544617
12890,20.25,-0.02741224318742752,-0.06294079162180424,0.011388519033789634,0.0,0.41111003160476683,-0.003289186116307974,-0.02741224318742752
12900,24.0,-0.014243724755942822,-0.05818851878866553,0.01621811166405678,0.0,0.41049712151288986,-0.004265354759991169,-0.014243724755942822
12910,25.03125,-0.01086269598454237,-0.050971480272710326,0.012074950989335776,0.0,0.4088194236159325,-0.0032309464644640685,-0.01086269598454237
12920,17.53125,-0.020886503159999847,-0.055865274742245674,0.015697231609374286,0.0,0.4097004160284996,-0.006485868978779763,-0.020886503159999847
12930,24.0,-0.01660527102649212,-0.05629062447696924,0.011403202917426825,0.0,0.40972806364297865,0.0026767965871840717,-0.01660527102649212
12940,24.625,-0.03084159456193447,-0.044927258603274824,0.015140767209231853,0.0,0.41111845821142196,-0.007976201869314536,-0.03084159456193447
12950,24.875,0.00399687048047781,-0.04292118279263377,0.016510121710598468,0.0,0.41190507262945175,-0.007798790233209729,0.00399687048047781
12960,18.9375,-0.01921680197119713,-0.06349524166435003,0.012050983030349016,0.0,0.41442965269088744,-0.004484561912249774,-0.01921680197119713
12970,25.53125,-0.023882940411567688,-0.05817570257931948,0.012626104708760976,0.0,0.41747150868177413,0.0012867884011939167,-0.023882940411567688
12980,24.5,-0.0221250019967556,-0.05280341356992722,0.015373902209103108,0.0,0.4196208819746971,0.006864283257164061,-0.0221250019967556
12990,22.15625,-0.01321266870945692,-0.06275228597223759,0.012858736701309681,0.0,0.4149497762322426,-0.003649140743073076,-0.01321266870945692
13000,24.59375,-0.02225886657834053,-0.0611800005659461,0.02449697908014059,0.0,0.41557458937168124,-0.0011471570818684996,-0.02225886657834053
13010,22.28125,-0.019053801894187927,-0.06226281970739365,0.019672833010554315,0.0,0.41582638025283813,-0.0003284636652097106,-0.019053801894187927
13020,21.03125,-0.00019268551841378212,-0.056296491902321576,0.01611297084018588,0.0,0.41586971580982207,0.004154946497874334,-0.00019268551841378212
13030,24.5625,0.010502597317099571,-0.062170132994651794,0.015418405923992396,0.0,0.415857207775116,0.0028629436099436136,0.010502597317099571
13040,19.25,-0.009468166157603264,-0.05103288311511278,0.02190709561109543,0.0,0.41742708086967467,-0.0017911080387420953,-0.009468166157603264
13050,28.3125,-0.01696840301156044,-0.05033903531730175,0.02152543291449547,0.0,0.41811752766370774,0.006378321105148643,-0.01696840301156044
13060,19.375,-0.00572662940248847,-0.06209619203582406,0.017511146422475577,0.0,0.41751097738742826,7.828534580767155e-05,-0.00572662940248847
13070,27.25,0.012525924481451511,-0.03860598895698786,0.017838090751320125,0.0,0.4176157146692276,-0.001727159006986767,0.012525924481451511
13080,28.625,0.013428466394543648,-0.05894098933786154,0.013940182607620954,0.0,0.4159409821033478,0.006142864644061774,0.013428466394543648
13090,19.09375,0.0060328710824251175,-0.05537914279848337,0.01589336134493351,0.0,0.4148764595389366,0.0012752320733852684,0.0060328710824251175
13100,24.125,-0.001262773759663105,-0.0662201028317213,0.010292417928576469,0.0,0.4159345969557762,-0.0016111006960272789,-0.001262773759663105
13110,33.09375,0.0009755431674420834,-0.05666404571384191,0.012015659175813199,0.0,0.41824188381433486,-4.563573747873306e-05,0.0009755431674420834
13120,21.71875,0.014739541336894035,-0.06244393400847912,0.015609739627689124,0.0,0.41687139868736267,-0.0007324085512664169,0.014739541336894035
13130,21.09375,-0.03883611410856247,-0.06776223946362733,0.013438198156654835,0.0,0.4183886036276817,-0.003933001175755635,-0.03883611410856247
13140,18.5625,-0.0017124265432357788,-0.050270534679293634,0.010853480687364936,0.0,0.4202261358499527,0.009290491323918104,-0.0017124265432357788
13150,22.96875,0.0014411578886210918,-0.042532254755496976,0.018610090762376786,0.0,0.4193579003214836,0.0066605951986275615,0.0014411578886210918
13160,22.84375,-0.008247334510087967,-0.06271010842174292,0.012770783342421054,0.0,0.41642130762338636,0.0052439354360103605,-0.008247334510087967
13170,21.65625,-0.005681284703314304,-0.0511207721196115,0.009215643769130111,0.0,0.41463024020195005,0.002487940376158804,-0.005681284703314304
13180,27.78125,0.01614023745059967,-0.055054528079926966,0.01112698083743453,0.0,0.41445864737033844,0.005101854406530037,0.01614023745059967
13190,26.15625,0.024440139532089233,-0.061999793723225595,0.008632605336606503,0.0,0.4176154643297195,-0.0029317556589376183,0.024440139532089233
13200,22.21875,-0.02497774362564087,-0.05699891448020935,0.008566544065251947,0.0,0.4173322215676308,0.0032663680089171977,-0.02497774362564087
13210,23.09375,-0.001284545287489891,-0.05497998856008053,0.01580546414479613,0.0,0.41646218597888945,0.0014236400835216045,-0.001284545287489891
13220,24.25,0.01921233721077442,-0.062613270804286,0.014070801436901093,0.0,0.4166882783174515,0.00764434119919315,0.01921233721077442
13230,23.65625,-0.026838283985853195,-0.05766178295016289,0.015484531503170728,0.0,0.4167759880423546,-0.0004867506679147482,-0.026838283985853195
13240,16.625,-0.013694427907466888,-0.05702442266047001,0.01316479854285717,0.0,0.4150955468416214,-0.0019497390312608331,-0.013694427907466888
13250,19.4375,-0.02380242757499218,-0.05066286940127611,0.012063587922602892,0.0,0.41085921674966813,-0.0020865126280114055,-0.02380242757499218
13260,20.5,-0.010580488480627537,-0.06176004633307457,0.013647688925266266,0.0,0.41260468065738676,-0.001970300357788801,-0.010580488480627537
13270,31.75,-0.004026995040476322,-0.0545156791806221,0.011316990619525314,0.0,0.41536166369915006,-0.008174282335676252,-0.004026995040476322
13280,20.4375,-0.013477051630616188,-0.053452860377728936,0.00939792999997735,0.0,0.41515993773937226,0.007458327617496252,-0.013477051630616188
13290,21.875,0.0032579200342297554,-0.05748727861791849,0.01804942134767771,0.0,0.4178363546729088,0.009073716285638512,0.0032579200342297554
13300,21.0625,-0.00826907530426979,-0.05252247601747513,0.016392985079437494,0.0,0.4192119032144547,0.004654124984517694,-0.00826907530426979
13310,23.03125,-0.03019874542951584,-0.05734138898551464,0.010784274153411388,0.0,0.4196779325604439,-0.0022838904289528726,-0.03019874542951584
13320,25.625,-0.01741226576268673,-0.04768002349883318,0.014790866989642382,0.0,0.4234361931681633,0.0036163065931759776,-0.01741226576268673
13330,28.65625,-0.012026533484458923,-0.04415898732841015,0.012843427062034608,0.0,0.4206645220518112,0.005906917323591188,-0.012026533484458923
13340,22.96875,-0.003792200004681945,-0.049800952523946763,0.012000203970819712,0.0,0.42160633504390715,0.004303951398469508,-0.003792200004681945
13350,22.8125,-0.009124577045440674,-0.05497268866747618,0.010946101509034634,0.0,0.42332306653261187,0.010648526821751148,-0.009124577045440674
13360,28.59375,0.007023668382316828,-0.056389433331787586,0.012631334736943245,0.0,0.42330438196659087,0.0027098493883386254,0.007023668382316828
13370,24.34375,-0.0018368607852607965,-0.05487260669469833,0.011682447046041489,0.0,0.4241461992263794,0.006611078092828393,-0.0018368607852607965
13380,18.4375,0.00944716576486826,-0.06090631242841482,0.01648035878315568,0.0,0.42187241911888124,0.0040067249326966705,0.00944716576486826
13390,19.15625,-0.02300555258989334,-0.05601055175065994,0.009284039167687297,0.0,0.42222506552934647,0.005633616668637842,-0.02300555258989334
13400,32.5,0.0036076372489333153,-0.06094645857810974,0.013026290666311979,0.0,0.4231854140758514,0.004120382887776941,0.0036076372489333153
13410,25.78125,-0.007575749419629574,-0.05362481381744146,0.016940049547702073,0.0,0.42311265915632246,0.009151401545386762,-0.007575749419629574
13420,18.375,0.0005950003396719694,-0.05386034846305847,0.01324769677594304,0.0,0.42331701070070266,0.002732781821396202,0.0005950003396719694
13430,23.28125,-0.008792337030172348,-0.04613932855427265,0.023662162758409978,0.0,0.4230686664581299,0.009855948050972074,-0.008792337030172348
13440,22.875,-0.010981481522321701,-0.06466788575053214,0.018614340201020242,0.0,0.42430720925331117,0.009819131961558014,-0.010981481522321701
13450,24.03125,-0.002719444688409567,-0.04975247047841549,0.010739530436694622,0.0,0.4236568212509155,0.01083817551843822,-0.002719444688409567
13460,22.34375,-0.012259800918400288,-0.05824381448328495,0.00969911040738225,0.0,0.4264677777886391,0.010194352897815406,-0.012259800918400288
13470,20.15625,0.010996473953127861,-0.06051764041185379,0.018829660210758447,0.0,0.4249935358762741,0.010419525648467242,0.010996473953127861
13480,21.875,-0.008402958512306213,-0.06504943706095219,0.012748172879219056,0.0,0.42656530886888505,0.014075455185957254,-0.008402958512306213
13490,26.53125,0.010179226286709309,-0.05422400031238794,0.012733358331024647,0.0,0.4252661347389221,0.015788066014647485,0.010179226286709309
13500,27.875,-0.0022608726285398006,-0.060573763027787206,0.012999036535620689,0.0,0.426488596200943,0.013366846751887351,-0.0022608726285398006
13510,18.21875,-0.023855872452259064,-0.05460144085809589,0.015318459086120128,0.0,0.42735239416360854,0.007505877444054931,-0.023855872452259064
13520,27.65625,0.006888932548463345,-0.04592272322624922,0.012484003975987434,0.0,0.4211568161845207,0.01448148291092366,0.006888932548463345
13530,27.65625,-0.0024714553728699684,-0.05897956443950534,0.009414815716445446,0.0,0.4239029407501221,0.010155331483110786,-0.0024714553728699684
13540,25.84375,0.01089509204030037,-0.0559656161814928,0.024354148656129837,0.0,0.42648527324199675,0.009325666003860533,0.01089509204030037
13550,29.8125,0.028819985687732697,-0.05709196301177144,0.01286043282598257,0.0,0.4267158925533295,0.014076653332449496,0.028819985687732697
13560,27.65625,-0.008741243742406368,-0.03370879720896482,0.017059163097292183,0.0,0.42475147545337677,0.006687981588765979,-0.008741243742406368
13570,23.25,-0.011596654541790485,-0.060978312697261575,0.011664831265807151,0.0,0.42521924823522567,0.009528831276111305,-0.011596654541790485
13580,26.28125,0.018154531717300415,-0.05612102523446083,0.012253675982356072,0.0,0.4250497058033943,0.007501728343777358,0.018154531717300415
13590,22.5,0.011375684291124344,-0.05205335021018982,0.014604274462908507,0.0,0.42822335511445997,0.012450429797172546,0.011375684291124344
13600,20.875,-0.005936008412390947,-0.046420170553028585,0.01806767750531435,0.0,0.4238172501325607,0.006489382707513869,-0.005936008412390947
13610,28.84375,0.02244284562766552,-0.056341396272182466,0.008931131148710848,0.0,0.42461676299571993,0.007531802030280232,0.02244284562766552
13620,18.875,0.0024588406085968018,-0.05221474226564169,0.011081644520163535,0.0,0.4263239398598671,0.0088717482984066,0.0024588406085968018
13630,26.78125,0.025429140776395798,-0.049313816940411925,0.011793259624391794,0.0,0.42710704505443575,0.016296285088174045,0.025429140776395798
13640,26.5625,0.008605251088738441,-0.04584956672042608,0.01921475976705551,0.0,0.4254103720188141,0.016178573272190987,0.008605251088738441
13650,22.03125,0.007500442676246166,-0.048118896596133706,0.022980746626853944,0.0,0.4247626528143883,0.010822571464814246,0.007500442676246166
13660,25.09375,0.017505129799246788,-0.05551666934043169,0.011788758914917707,0.0,0.4247264087200165,0.014275631273631007,0.017505129799246788
13670,20.46875,-0.008079398423433304,-0.05864212103188038,0.009073075978085399,0.0,0.42610307931900027,0.014460581116145477,-0.008079398423433304
13680,28.96875,0.024833496659994125,-0.03760343175381422,0.01834120461717248,0.0,0.42414258420467377,0.012755251326598226,0.024833496659994125
13690,24.5625,-0.0018512175884097815,-0.061190375313162806,0.008192515606060624,0.0,0.4238966852426529,0.01115219749044627,-0.0018512175884097815
13700,24.25,0.004623832646757364,-0.057844375260174274,0.01561251301318407,0.0,0.4206916242837906,0.010695789335295558,0.004623832646757364
13710,25.6875,0.009241974912583828,-0.05629635956138372,0.010451531270518899,0.0,0.41980077624320983,0.01197088889311999,0.009241974912583828
13720,24.125,0.007534936536103487,-0.05549939619377255,0.010870984476059675,0.0,0.4214717552065849,0.012503329454921186,0.007534936536103487
13730,22.59375,-0.02375287190079689,-0.05608517900109291,0.012802865263074637,0.0,0.4204638212919235,0.008547977427951992,-0.02375287190079689
13740,28.375,0.008993254974484444,-0.05525132156908512,0.0114789386279881,0.0,0.42337707728147506,0.0049146963749080895,0.008993254974484444
13750,22.71875,0.026234900578856468,-0.046901969518512485,0.010573512129485606,0.0,0.42318048924207685,0.014562607463449239,0.026234900578856468
13760,34.53125,0.01295506488531828,-0.04333196729421616,0.019794953521341085,0.0,0.4244795024394989,0.010327079345006495,0.01295506488531828
13770,23.5625,-0.006786673795431852,-0.055275501869618895,0.01299288785085082,0.0,0.427238954603672,0.014344751462340355,-0.006786673795431852
13780,21.15625,-0.013133371248841286,-0.05142490458674729,0.0183317044749856,0.0,0.4261093497276306,0.010733249672921375,-0.013133371248841286
13790,27.15625,0.002429129322990775,-0.05649948753416538,0.01704034311696887,0.0,0.4222061410546303,0.011013300251215696,0.002429129322990775
13800,22.125,-0.02921806275844574,-0.05047070477157831,0.014163852389901876,0.0,0.42667983174324037,0.015021655126474798,-0.02921806275844574
13810,27.8125,-0.0025264383293688297,-0.058359714411199096,0.013676625862717628,0.0,0.42778426706790923,0.01790270961355418,-0.0025264383293688297
13820,20.875,-0.000528946053236723,-0.05798971466720104,0.011295154318213462,0.0,0.4232588320970535,0.00999531417619437,-0.000528946053236723
13830,23.59375,-0.011728075332939625,-0.05258198492228985,0.015633013658225538,0.0,0.4280382841825485,0.018721807235851883,-0.011728075332939625
13840,25.8125,0.006066449917852879,-0.05741294985637069,0.011312819644808769,0.0,0.42902944386005404,0.013071040343493222,0.006066449917852879
13850,29.8125,0.011201799847185612,-0.053113138675689696,0.012623560428619385,0.0,0.42518195807933806,0.01592891258187592,0.011201799847185612
13860,31.21875,0.035083282738924026,-0.054685048013925555,0.00834388709627092,0.0,0.42800755947828295,0.01649824359919876,0.035083282738924026
13870,23.375,-3.726733848452568e-05,-0.04527908507734537,0.025412034802138807,0.0,0.4258895218372345,0.00890672013629228,-3.726733848452568e-05
13880,27.0,-0.002638161415234208,-0.043147947173565626,0.019391268864274024,0.0,0.42759466767311094,0.007115424668882042,-0.002638161415234208
13890,21.5625,0.004978329408913851,-0.05454968679696322,0.011631204979494214,0.0,0.42721474468708037,0.006874847202561795,0.004978329408913851
13900,30.625,0.009472133591771126,-0.058810765668749806,0.009529608394950628,0.0,0.4271241918206215,0.014632440800778568,0.009472133591771126
13910,27.5625,0.002710269298404455,-0.060693002119660375,0.015575779601931572,0.0,0.42545314878225327,0.0158753712545149,0.002710269298404455
13920,21.9375,0.011266157031059265,-0.0559666819870472,0.01237272834405303,0.0,0.429404091835022,0.01568054991075769,0.011266157031059265
13930,37.78125,0.015906289219856262,-0.05503145065158606,0.012869864422827958,0.0,0.4296541720628738,0.020374141028150917,0.015906289219856262
13940,21.90625,-0.007628805004060268,-0.0555871531367302,0.01114275548607111,0.0,0.4268063947558403,0.007745832286309451,-0.007628805004060268
13950,22.15625,0.0037918328307569027,-0.058987993933260444,0.008699862193316222,0.0,0.426889868080616,0.01175404256209731,0.0037918328307569027
13960,20.1875,-0.014413224533200264,-0.06148657239973545,0.013523789029568434,0.0,0.42969179153442383,0.016517214989289642,-0.014413224533200264
13970,21.8125,0.016917943954467773,-0.06430835658684372,0.012621112074702978,0.0,0.4294037684798241,0.009645252779591829,0.016917943954467773
13980,20.59375,0.005941577255725861,-0.059017739817500116,0.013216273859143257,0.0,0.42923522740602493,0.02191534689627588,0.005941577255725861
13990,27.28125,0.00418046535924077,-0.054301080480217936,0.020980085339397193,0.0,0.42733803689479827,0.01996709652012214,0.00418046535924077
14000,21.28125,0.018655190244317055,-0.05325417281128466,0.012415048386901616,0.0,0.42922804951667787,0.018312629591673613,0.018655190244317055
14010,33.53125,0.006988551467657089,-0.05480129737406969,0.009613609686493874,0.0,0.431816029548645,0.015737272915430367,0.006988551467657089
14020,19.34375,-0.009397893212735653,-0.06589789167046547,0.011231979774311184,0.0,0.4266187369823456,0.007117456896230579,-0.009397893212735653
14030,27.15625,-0.013836020603775978,-0.06051450911909342,0.011361065879464149,0.0,0.429507152736187,0.014439367433078587,-0.013836020603775978
14040,27.0625,0.0014204978942871094,-0.05046503245830536,0.012907973676919936,0.0,0.4302181929349899,0.008611774607561528,0.0014204978942871094
14050,25.15625,0.015911366790533066,-0.051828828360885384,0.01801992692053318,0.0,0.43000632524490356,0.020520221279002725,0.015911366790533066
14060,18.84375,0.00015965290367603302,-0.06342689441516995,0.010960840340703725,0.0,0.4333171218633652,0.010279135638847947,0.00015965290367603302
14070,29.71875,0.01916031539440155,-0.05136657580733299,0.01749415071681142,0.0,0.4293459251523018,0.01754018769133836,0.01916031539440155
14080,31.8125,-0.007569312117993832,-0.0591730460524559,0.018610666040331125,0.0,0.42661836445331575,0.014920166926458478,-0.007569312117993832
14090,23.0625,0.025702044367790222,-0.05337377227842808,0.015834336169064045,0.0,0.4289577931165695,0.02018970502540469,0.025702044367790222
14100,24.09375,0.00774260051548481,-0.05429402608424425,0.0122322466224432,0.0,0.4328354850411415,0.015249289246276021,0.00774260051548481
14110,22.75,0.011477992869913578,-0.057633604109287265,0.011630820482969284,0.0,0.42920793741941454,0.01937118493951857,0.011477992869913578
14120,27.6875,0.011809872463345528,-0.06018074043095112,0.011926222033798695,0.0,0.4307951644062996,0.020182544342242183,0.011809872463345528
14130,19.65625,-0.009692920371890068,-0.04902508826926351,0.013978451490402222,0.0,0.42797174751758577,0.01194947330513969,-0.009692920371890068
14140,22.125,-0.015326746739447117,-0.05799594987183809,0.009105457412078976,0.0,0.4265847161412239,0.0096899320371449,-0.015326746739447117
14150,23.1875,-0.014150536619126797,-0.04016502974554896,0.017597419675439596,0.0,0.4294683888554573,0.015450594446156174,-0.014150536619126797
14160,22.59375,0.005094160325825214,-0.048349328339099884,0.014612334780395031,0.0,0.42600072026252744,0.014734163717366754,0.005094160325825214
14170,32.0,0.015355737879872322,-0.06459813304245472,0.012286808714270592,0.0,0.4262817591428757,0.01450822152546607,0.015355737879872322
14180,28.0,-0.012172061018645763,-0.05381675213575363,0.017204311024397612,0.0,0.4242106184363365,0.01335070381173864,-0.012172061018645763
14190,24.8125,0.001380624482408166,-0.05158208571374416,0.017571410816162824,0.0,0.427333927154541,0.013584980566520244,0.001380624482408166
14200,19.71875,-0.007047517690807581,-0.06052366457879543,0.01076420363970101,0.0,0.4259829819202423,0.010715611395426095,-0.007047517690807581
14210,26.4375,0.01932668499648571,-0.053926031291484836,0.010024907300248742,0.0,0.427419601380825,0.01231863086577505,0.01932668499648571
14220,29.4375,-0.008249984122812748,-0.05285524353384972,0.012155426479876042,0.0,0.4252257838845253,0.010664161387830972,-0.008249984122812748
14230,26.8125,-0.01781208999454975,-0.06046139653772116,0.01335535328835249,0.0,0.42710842937231064,0.006189164787065238,-0.01781208999454975
14240,30.1875,0.019819609820842743,-0.04345560185611248,0.013183615216985346,0.0,0.42637998312711717,0.017297288728877903,0.019819609820842743
14250,26.03125,-0.006344924680888653,-0.05555453170090914,0.012185707315802574,0.0,0.4282052546739578,0.012253300379961729,-0.006344924680888653
14260,21.375,0.008968936279416084,-0.05462831538170576,0.009219826385378837,0.0,0.42908315509557726,0.008896057854872196,0.008968936279416084
14270,29.6875,0.012076685205101967,-0.05674250535666943,0.010326731763780118,0.0,0.42590735852718353,0.010227648576255887,0.012076685205101967
14280,24.65625,-0.009196819737553596,-0.05812661200761795,0.011680437531322242,0.0,0.4271824300289154,0.012284239707514643,-0.009196819737553596
14290,21.46875,-0.001391715370118618,-0.052504717372357845,0.013250290602445602,0.0,0.4274723768234253,0.007643876422662288,-0.001391715370118618
14300,25.34375,-0.013140049763023853,-0.05995501074939966,0.019353913236409427,0.0,0.4258092135190964,0.007991385390050709,-0.013140049763023853
14310,28.84375,-0.011318186298012733,-0.05684417672455311,0.016388896387070417,0.0,0.4271247640252113,0.007216407661326229,-0.011318186298012733
14320,26.0625,0.011244823224842548,-0.047495145443826915,0.01516162659972906,0.0,0.4267488747835159,0.013266779715195298,0.011244823224842548
14330,18.0625,-0.01867278665304184,-0.05613774619996548,0.015944615378975867,0.0,0.4267840936779976,0.007884106389246881,-0.01867278665304184
14340,23.09375,-0.025758204981684685,-0.04546278677880764,0.014138669520616532,0.0,0.4274739399552345,0.012205989379435778,-0.025758204981684685
14350,21.5,-0.0033031050115823746,-0.043954373151063916,0.012488952092826366,0.0,0.423130002617836,0.0031564282486215233,-0.0033031050115823746
14360,25.1875,0.004100365564227104,-0.06215215250849724,0.016039543598890305,0.0,0.42207294553518293,0.005348533182404936,0.004100365564227104
14370,23.09375,-0.020300965756177902,-0.04817776847630739,0.014280694164335727,0.0,0.42097180485725405,-0.00478661545785144,-0.020300965756177902
14380,25.40625,0.013066344894468784,-0.052258646301925185,0.013364842906594277,0.0,0.42099198549985883,0.005628335196524859,0.013066344894468784
14390,24.21875,0.014029832556843758,-0.05870986096560955,0.01217352580279112,0.0,0.4199001744389534,0.007353156246244908,0.014029832556843758
14400,24.84375,-0.0036529088392853737,-0.055472349375486375,0.013221419509500265,0.0,0.421328230202198,-6.646574474871159e-05,-0.0036529088392853737
14410,25.6875,0.004233023151755333,-0.04752059206366539,0.011026655416935682,0.0,0.4221321001648903,0.008373574214056134,0.004233023151755333
14420,28.625,-0.004042799584567547,-0.054283327981829645,0.012236111704260111,0.0,0.4241063341498375,0.011120124254375696,-0.004042799584567547
14430,23.09375,0.00034782313741743565,-0.05793359838426113,0.009817684534937143,0.0,0.42382232248783114,0.007104848371818661,0.00034782313741743565
14440,28.6875,-0.016004912555217743,-0.062089769169688225,0.01038547307252884,0.0,0.4232222974300385,0.011778807197697461,-0.016004912555217743
14450,25.1875,-0.00894347857683897,-0.05652013421058655,0.00978601393289864,0.0,0.42074028849601747,-0.0017534850747324526,-0.00894347857683897
14460,23.09375,-0.016683731228113174,-0.05538544682785869,0.01054515722207725,0.0,0.4218591541051865,0.0066341432509943845,-0.016683731228113174
14470,19.53125,-0.016472790390253067,-0.05025090388953686,0.01625013994053006,0.0,0.42067158222198486,0.0009594650939106942,-0.016472790390253067
14480,23.5625,-0.025662921369075775,-0.042496710643172265,0.018264023680239917,0.0,0.42088581472635267,0.0024203976965509353,-0.025662921369075775
14490,21.40625,0.017287230119109154,-0.06171850897371769,0.010091568250209093,0.0,0.42149355858564375,0.002987510338425636,0.017287230119109154
14500,23.53125,0.004531016107648611,-0.057292799046263096,0.007976728957146406,0.0,0.4217379689216614,0.008024771884083747,0.004531016107648611
14510,21.5,-0.022144436836242676,-0.050173539016395804,0.014126970153301954,0.0,0.42278990894556046,0.005993869120720774,-0.022144436836242676
14520,28.0625,-0.008236141875386238,-0.05400735624134541,0.013394271768629552,0.0,0.41943232268095015,0.003577451873570681,-0.008236141875386238
14530,30.03125,-0.0008181715966202319,-0.0433490346185863,0.010774858668446541,0.0,0.4189296096563339,0.001402782031800598,-0.0008181715966202319
14540,20.34375,0.0035573053173720837,-0.05854356493800879,0.010594857577234506,0.0,0.42143837809562684,0.003980711486656218,0.0035573053173720837
14550,24.71875,-0.007113142404705286,-0.04619671329855919,0.013381670508533717,0.0,0.41897475719451904,0.002157044969499111,-0.007113142404705286
14560,24.3125,-0.005549540743231773,-0.05530197825282812,0.015290931798517704,0.0,0.4167722076177597,-0.004124092520214617,-0.005549540743231773
14570,24.1875,0.0010057473555207253,-0.05796707440167666,0.012956074625253677,0.0,0.4190793916583061,0.0027275173692032696,0.0010057473555207253
14580,25.09375,-0.010557710193097591,-0.05706232916563749,0.023916436079889535,0.0,0.41751548945903777,-0.01128002064069733,-0.010557710193097591
14590,29.15625,-0.034334950149059296,-0.04595903642475605,0.01884577078744769,0.0,0.4178145587444305,0.0035560687305405737,-0.034334950149059296
14600,27.875,-0.017083603888750076,-0.05920381899923086,0.014502428658306598,0.0,0.4211419180035591,0.0027798788156360387,-0.017083603888750076
14610,26.28125,-0.006487008184194565,-0.05801784247159958,0.019598174002021553,0.0,0.41688828021287916,-0.0008351248456165194,-0.006487008184194565
14620,25.96875,-0.006689721718430519,-0.04689545594155788,0.010483300033956765,0.0,0.4209871873259544,0.0025071062380447985,-0.006689721718430519
14630,26.53125,0.009009667672216892,-0.06509888675063849,0.008778510242700576,0.0,0.4234205037355423,0.0008122806204482913,0.009009667672216892
14640,25.4375,0.007087917998433113,-0.054114436358213426,0.014870136603713035,0.0,0.42520890980958936,0.00801971066975966,0.007087917998433113
14650,21.3125,0.0009360284311696887,-0.05384586770087481,0.013302933983504772,0.0,0.42542856484651564,0.008268078602850438,0.0009360284311696887
14660,27.15625,0.018747353926301003,-0.04739685971289873,0.014159815758466721,0.0,0.4272764325141907,0.010520177765283734,0.018747353926301003
14670,20.9375,-0.002288627438247204,-0.05084861796349287,0.011719066789373756,0.0,0.42273703068494795,0.0016120093292556702,-0.002288627438247204
14680,20.0,-0.016581475734710693,-0.05881965272128582,0.02221857588738203,0.0,0.4219653382897377,-0.0013173307524994016,-0.016581475734710693
14690,28.75,0.0024857716634869576,-0.04594416357576847,0.013387174997478723,0.0,0.4235722810029984,0.0021863931324332952,0.0024857716634869576
14700,25.6875,0.02251254767179489,-0.06517050340771675,0.00914458353072405,0.0,0.42983062714338305,0.01030219328822568,0.02251254767179489
14710,21.6875,-0.016234273090958595,-0.04700579168274999,0.018388895969837903,0.0,0.4276179000735283,0.0011573923751711846,-0.016234273090958595
14720,34.3125,-0.01251259446144104,-0.04511312860995531,0.017126152664422988,0.0,0.4266659840941429,0.0126923858653754,-0.01251259446144104
14730,28.9375,0.007592512294650078,-0.048047112114727494,0.03277421873062849,0.0,0.428144146502018,0.009526315715629608,0.007592512294650078
14740,19.0,-0.02649175189435482,-0.04354701861739159,0.021557764150202274,0.0,0.42705500721931455,-8.807677077129483e-05,-0.02649175189435482
14750,27.25,0.016135290265083313,-0.055192801356315616,0.015307498257607221,0.0,0.42622785568237304,0.00954128309385851,0.016135290265083313
14760,31.5,0.010909449309110641,-0.044185329042375085,0.015108120068907738,0.0,0.42998954355716706,0.010552621190436184,0.010909449309110641
14770,22.75,0.008777276612818241,-0.05480444002896547,0.02087158728390932,0.0,0.43188989758491514,0.009719278255943209,0.008777276612818241
14780,23.84375,-0.02262824773788452,-0.05102635892108083,0.01475586909800768,0.0,0.4323526114225388,0.0072470437036827205,-0.02262824773788452
14790,22.15625,-0.011871324852108955,-0.06039005815982819,0.01751487972214818,0.0,0.430894336104393,0.012687010702211409,-0.011871324852108955
14800,28.375,0.019016262143850327,-0.05838574953377247,0.010654636193066835,0.0,0.43473465740680695,0.011302195116877556,0.019016262143850327
14810,24.09375,-0.0089841578155756,-0.05332002956420183,0.008992558158934117,0.0,0.43097861260175707,0.008771717688068748,-0.0089841578155756
14820,22.40625,-0.021546581760048866,-0.05860583819448948,0.018358075246214866,0.0,0.4294355258345604,0.009733627387322485,-0.021546581760048866
14830,20.53125,0.0028210096061229706,-0.060763937421143055,0.015404445491731167,0.0,0.43364849835634234,0.009218007058370859,0.0028210096061229706
14840,21.6875,-0.00988139770925045,-0.028443284891545774,0.024524739291518927,0.0,0.43248263001441956,0.014603519393131138,-0.00988139770925045
14850,27.75,0.023207446560263634,-0.055075038503855464,0.01053631417453289,0.0,0.4341831892728806,0.0058682903531007465,0.023207446560263634
14860,27.3125,0.01818910613656044,-0.05563065502792597,0.010174482502043248,0.0,0.43383411020040513,0.016552407178096473,0.01818910613656044
14870,34.25,-0.010611222125589848,-0.05691781300120056,0.00815063426271081,0.0,0.4315814360976219,0.015388040407560765,-0.010611222125589848
14880,22.21875,-0.0002519008703529835,-0.06071713585406542,0.010894433129578829,0.0,0.43132013976573946,0.013714291260112078,-0.0002519008703529835
14890,18.96875,-0.016029855236411095,-0.05580460987985134,0.015483574382960797,0.0,0.4335683137178421,0.011331547296140342,-0.016029855236411095
14900,27.28125,0.008645225316286087,-0.05604931805282831,0.013252233155071735,0.0,0.43150271028280257,0.008967617386952042,0.008645225316286087
14910,27.03125,0.013728152960538864,-0.05266497898846865,0.010836716834455728,0.0,0.4315201655030251,0.011379513901192694,0.013728152960538864
14920,32.03125,0.005480885040014982,-0.04862731490284204,0.011409171111881732,0.0,0.43154946267604827,0.011771667911671103,0.005480885040014982
14930,31.21875,-0.013469460420310497,-0.06069924794137478,0.01161562679335475,0.0,0.43359392136335373,0.009651941613992677,-0.013469460420310497
14940,28.15625,-0.005636860616505146,-0.05707848686724901,0.014797153137624263,0.0,0.4341893956065178,0.00937179591273889,-0.005636860616505146
14950,31.0625,0.013548067770898342,-0.06125655733048916,0.008967214729636908,0.0,0.4330537721514702,0.01842772855889052,0.013548067770898342
14960,26.3125,0.013887658715248108,-0.0522838344797492,0.011116500571370124,0.0,0.43256440162658694,0.012013288564048707,0.013887658715248108
14970,31.78125,0.021055445075035095,-0.056368475407361986,0.013144653849303722,0.0,0.4345389917492867,0.011829564685467631,0.021055445075035095
14980,20.71875,0.003107067896053195,-0.060573991388082504,0.012925165612250567,0.0,0.4324345335364342,0.009773704106919467,0.003107067896053195
14990,23.5,0.003508255584165454,-0.04905225681141019,0.008829582668840884,0.0,0.43444827646017076,0.012952763144858182,0.003508255584165454
15000,28.34375,-0.0018319026567041874,-0.058553863875567914,0.00954507072456181,0.0,0.43271719068288805,0.01253976346924901,-0.0018319026567041874
15010,23.15625,0.01364077813923359,-0.05778433242812753,0.018341227434575558,0.0,0.43088468313217165,0.014059234457090498,0.01364077813923359
15020,24.71875,0.0002250252291560173,-0.055082961544394494,0.008802208537235855,0.0,0.4315923199057579,0.006911867606686428,0.0002250252291560173
15030,23.15625,-0.0011162355076521635,-0.059652014449238774,0.014159008208662272,0.0,0.4338309943675995,0.013755341689102352,-0.0011162355076521635
15040,25.84375,0.0006804701406508684,-0.052939175721257926,0.010172162484377623,0.0,0.43147261440753937,0.010510273918043822,0.0006804701406508684
15050,26.625,0.01360512524843216,-0.06054265275597572,0.015090675372630358,0.0,0.4310347527265549,0.01011877121636644,0.01360512524843216
15060,19.5625,-0.011619102209806442,-0.054158073104918006,0.014246496185660363,0.0,0.4312517955899239,0.004520137998042628,-0.011619102209806442
15070,24.71875,0.004506385885179043,-0.06126017393544316,0.008676320733502507,0.0,0.4302173852920532,0.011915237922221423,0.004506385885179043
15080,22.21875,-0.016526319086551666,-0.05788661427795887,0.007646962255239487,0.0,0.4298586666584015,0.010623914992902429,-0.016526319086551666
15090,24.34375,0.002271183067932725,-0.042817645519971845,0.01582472687587142,0.0,0.4308460161089897,0.012180253898259252,0.002271183067932725
15100,22.28125,0.003636167384684086,-0.05499745272099972,0.013453688751906157,0.0,0.4267062768340111,0.00501336099114269,0.003636167384684086
15110,31.0,-0.005413242615759373,-0.05651241242885589,0.01203351365402341,0.0,0.4288929507136345,0.005420742346905172,-0.005413242615759373
15120,29.15625,-0.022364430129528046,-0.061253699474036694,0.010555757582187653,0.0,0.4267299026250839,0.009703333035577088,-0.022364430129528046
15130,26.0,0.009830442257225513,-0.050920401141047476,0.012236187793314457,0.0,0.42769923359155654,0.004336104786489159,0.009830442257225513
15140,23.96875,-0.003204177599400282,-0.051851837895810604,0.009063582215458155,0.0,0.42533898502588274,-0.0015798995736986399,-0.003204177599400282
15150,24.875,0.0038814465515315533,-0.0590912020765245,0.009989103302359581,0.0,0.4284272938966751,0.007865798915736378,0.0038814465515315533
15160,25.21875,0.00620538555085659,-0.049054544791579245,0.013071264699101448,0.0,0.4276499286293983,0.008027666062116624,0.00620538555085659
15170,17.78125,-0.014631101861596107,-0.05781864318996668,0.010511583648622036,0.0,0.4273064866662025,0.00942681854357943,-0.014631101861596107
15180,23.21875,-0.004343175794929266,-0.05500326519832015,0.012474475800991059,0.0,0.43060773313045503,0.0037866126047447326,-0.004343175794929266
15190,24.84375,0.007108974736183882,-0.0511210422962904,0.008824732527136803,0.0,0.4332984372973442,0.016041489224880932,0.007108974736183882
15200,22.46875,0.004811624065041542,-0.06060970928519964,0.011451856000348926,0.0,0.43205792754888533,0.013683569664135576,0.004811624065041542
15210,20.71875,0.011042709462344646,-0.05375549606978893,0.017236149124801158,0.0,0.4308332338929176,0.00637035631807521,0.011042709462344646
15220,27.34375,-0.009790739044547081,-0.06116733625531197,0.010278261359781026,0.0,0.43465206027030945,0.014228840661235153,-0.009790739044547081
15230,29.03125,-0.014967809431254864,-0.05427920334041118,0.013065153453499078,0.0,0.432867044210434,0.010903253452852368,-0.014967809431254864
15240,24.78125,-0.02304246462881565,-0.05147321922704577,0.011950007267296314,0.0,0.42728122174739835,-0.0019512589322403073,-0.02304246462881565
15250,24.28125,-0.005197787657380104,-0.04885835405439139,0.013970919512212276,0.0,0.4269312500953674,0.008719036541879176,-0.005197787657380104
15260,25.0,-0.0008638410363346338,-0.052504520397633314,0.014291012659668922,0.0,0.4319346845149994,0.009691895404830574,-0.0008638410363346338
15270,29.375,-0.001870631705969572,-0.06521108187735081,0.010421964526176452,0.0,0.4312173932790756,0.010005295858718455,-0.001870631705969572
15280,24.90625,0.03150820732116699,-0.055014945939183234,0.018480279576033355,0.0,0.4323263823986053,0.013714626082219183,0.03150820732116699
15290,17.125,-0.034943096339702606,-0.05297499727457762,0.01573899043723941,0.0,0.4303779050707817,-0.0009325255290605128,-0.034943096339702606
15300,26.90625,-0.002093706978484988,-0.045988924149423835,0.01973407780751586,0.0,0.42911511957645415,0.016861999267712237,-0.002093706978484988
15310,25.59375,0.004112263210117817,-0.052273251675069334,0.0109129685908556,0.0,0.43132688850164413,0.004535435885190964,0.004112263210117817
15320,26.71875,0.003306850790977478,-0.05928009748458862,0.012616163026541472,0.0,0.42960057854652406,0.009641031175851822,0.003306850790977478
15330,29.09375,0.006907379254698753,-0.05615575723350048,0.008746697893366217,0.0,0.4298758342862129,0.006871339696226641,0.006907379254698753
15340,27.90625,0.028492949903011322,-0.060088929161429404,0.018772255256772043,0.0,0.4323930948972702,0.005179401428904384,0.028492949903011322
15350,23.21875,-0.0006782908458262682,-0.06265822537243367,0.010679333750158549,0.0,0.43207196742296217,0.007065486325882375,-0.0006782908458262682
15360,24.03125,0.006160536780953407,-0.039946156367659566,0.03350107427686453,0.0,0.43205905854702,-0.00433337846188806,0.006160536780953407
15370,24.40625,-0.0010995110496878624,-0.04340040665119886,0.008936494681984186,0.0,0.43041680604219434,0.002902329107746482,-0.0010995110496878624
15380,31.5625,0.0036535109393298626,-0.05192993693053723,0.012571836542338132,0.0,0.43215241134166715,0.013192523992620409,0.0036535109393298626
15390,28.8125,-0.0002930999035015702,-0.058350391872227195,0.009765518503263593,0.0,0.432041110098362,0.006752430181950331,-0.0002930999035015702
15400,24.3125,0.0020661968737840652,-0.03443288151174784,0.02462384756654501,0.0,0.4327643319964409,0.005170224653556943,0.0020661968737840652
15410,30.65625,0.00225541228428483,-0.05980049632489681,0.014297650754451751,0.0,0.4343350023031235,0.01109144170768559,0.00225541228428483
15420,30.4375,0.0032927992288023233,-0.055995726212859157,0.014046731218695641,0.0,0.43661706149578094,0.008559890754986555,0.0032927992288023233
15430,26.875,3.746524453163147e-05,-0.04972473196685314,0.008630380965769291,0.0,0.43737087696790694,0.015586910978890955,3.746524453163147e-05
15440,30.1875,-0.0030293038580566645,-0.029239358846098185,0.011775766033679247,0.0,0.43560916036367414,0.010632680635899306,-0.0030293038580566645
15450,28.84375,-0.006279570050537586,-0.05858048219233751,0.009964713314548134,0.0,0.4366264656186104,0.012555589783005416,-0.006279570050537586
15460,30.03125,0.0037850236985832453,-0.052003809437155726,0.009841042291373014,0.0,0.4379379406571388,0.012549070757813752,0.0037850236985832453
15470,20.4375,-0.000583271961659193,-0.05491389650851488,0.011665836069732904,0.0,0.4408382520079613,0.01474703946732916,-0.000583271961659193
15480,32.90625,-0.0010569889564067125,-0.0557099686935544,0.010549082793295384,0.0,0.43972070068120955,0.018596910987980664,-0.0010569889564067125
15490,24.53125,-0.0207623690366745,-0.059480536915361884,0.016204010881483554,0.0,0.43739126473665235,0.011062850075541064,-0.0207623690366745
15500,27.125,-0.0031013991683721542,-0.04674909096211195,0.010843540355563164,0.0,0.43751113414764403,0.010350879339966923,-0.0031013991683721542
15510,30.21875,0.019403984770178795,-0.056782669574022296,0.011869661230593919,0.0,0.438044348359108,0.01705619681160897,0.019403984770178795
15520,29.28125,-0.000146219739690423,-0.056842388585209846,0.00928665571846068,0.0,0.4365587025880814,0.0055809976649470626,-0.000146219739690423
15530,23.5625,0.007570201065391302,-0.04666006378829479,0.01090886490419507,0.0,0.4349780917167664,0.010875099687837064,0.007570201065391302
15540,24.40625,0.017799191176891327,-0.05635480768978596,0.017554153315722944,0.0,0.43612730503082275,0.014124810625799001,0.017799191176891327
15550,18.5625,-0.01862279325723648,-0.05973680838942528,0.012906498741358519,0.0,0.4390671893954277,0.013030253956094385,-0.01862279325723648
15560,22.5625,0.005265948362648487,-0.044014240708202125,0.014808759838342667,0.0,0.43768256306648257,0.018145348073448985,0.005265948362648487
15570,29.34375,0.02279330976307392,-0.05738017149269581,0.008482160978019238,0.0,0.43860634714365004,0.011447542090900242,0.02279330976307392
15580,32.65625,0.017389260232448578,-0.05141922924667597,0.011419976130127907,0.0,0.43814540803432467,0.010887713835109026,0.017389260232448578
15590,28.84375,0.011370779015123844,-0.0444300202652812,0.011425514053553344,0.0,0.44159962236881256,0.015392734995111823,0.011370779015123844
15600,23.90625,0.01637554168701172,-0.055739199835807086,0.023165770061314105,0.0,0.4423093989491463,0.016746831126511097,0.01637554168701172
15610,24.375,0.0010080805514007807,-0.0579093050211668,0.012845189869403839,0.0,0.44020219445228576,0.011638560751453041,0.0010080805514007807
15620,27.75,-0.004742270335555077,-0.04944407194852829,0.015830134227871894,0.0,0.4368959113955498,0.014918719395063817,-0.004742270335555077
15630,23.34375,-0.002826116979122162,-0.05504648424685001,0.011706429161131382,0.0,0.43808461129665377,0.010681830462999642,-0.002826116979122162
15640,19.84375,-0.014965768903493881,-0.060376483015716076,0.01500747399404645,0.0,0.43626348227262496,0.011729839467443525,-0.014965768903493881
15650,24.21875,0.026343589648604393,-0.05888809207826853,0.009031749470159412,0.0,0.43587436974048616,0.01797437443747185,0.026343589648604393
15660,26.8125,0.007198838982731104,-0.04708401635289192,0.00986617598682642,0.0,0.44052081257104875,0.012939845735672861,0.007198838982731104
15670,31.46875,0.0024684604723006487,-0.05621555149555206,0.012590070907026529,0.0,0.43910994976758955,0.017654960311483593,0.0024684604723006487
15680,29.5,0.014361526817083359,-0.059369536302983764,0.013544631656259298,0.0,0.4369265392422676,0.013885091023985297,0.014361526817083359
15690,22.6875,0.014158041216433048,-0.04109905175864696,0.015245571080595256,0.0,0.4402219757437706,0.017318139248527587,0.014158041216433048
15700,24.625,0.002597650047391653,-0.04450941560789943,0.021237182710319758,0.0,0.4404453456401825,0.01698778960853815,0.002597650047391653
15710,30.21875,0.022354282438755035,-0.03132972437888384,0.1330491963773966,0.0,0.4391578003764153,0.018828639248386025,0.022354282438755035
15720,25.5,0.008939487859606743,-0.054494765819981694,0.014297507423907518,0.0,0.4433602452278137,0.01626005719881505,0.008939487859606743
15730,20.8125,-0.005852396599948406,-0.05014171376824379,0.014091403968632222,0.0,0.44291405826807023,0.019086502422578634,-0.005852396599948406
15740,26.8125,0.0168211217969656,-0.05724291000515223,0.009410105645656586,0.0,0.4401948168873787,0.01908702836371958,0.0168211217969656
15750,21.4375,0.009744212031364441,-0.05112411957234144,0.012856326531618834,0.0,0.4358625620603561,0.015157716628164054,0.009744212031364441
15760,29.78125,0.020160598680377007,-0.05700310468673706,0.014085713494569062,0.0,0.4369558051228523,0.017537598696071653,0.020160598680377007
15770,23.40625,0.011142989620566368,-0.043502493761479855,0.012391483411192894,0.0,0.4414214462041855,0.011500492185587064,0.011142989620566368
15780,24.78125,0.006701673846691847,-0.047347208764404056,0.01543749449774623,0.0,0.441501122713089,0.020818235957995056,0.006701673846691847
15790,20.625,0.0018514643888920546,-0.051778420247137545,0.02217566017061472,0.0,0.43812058717012403,0.01819302754011005,0.0018514643888920546
15800,28.40625,0.013336452655494213,-0.048347828723490235,0.01331067169085145,0.0,0.44253761023283006,0.017940526141319423,0.013336452655494213
15810,21.1875,0.015540804713964462,-0.06360491160303354,0.008107137866318226,0.0,0.4422367125749588,0.013582976150792092,0.015540804713964462
15820,30.28125,0.0232950821518898,-0.04380361549556255,0.012527626380324364,0.0,0.44055873453617095,0.02256466927938163,0.0232950821518898
15830,23.3125,0.0035191872157156467,-0.0553299555554986,0.019979648664593695,0.0,0.44320015162229537,0.012869198282714933,0.0035191872157156467
15840,33.53125,0.006866312585771084,-0.06121407821774483,0.011494198068976402,0.0,0.4444663166999817,0.015597416553646326,0.006866312585771084
15850,20.53125,0.003989135380834341,-0.06125242374837399,0.010768982116132975,0.0,0.444054114818573,0.02015892929630354,0.003989135380834341
15860,23.46875,0.0024840114638209343,-0.06668961104005575,0.012161483243107795,0.0,0.4452630504965782,0.020419999363366515,0.0024840114638209343
15870,32.78125,0.037458837032318115,-0.04416128136217594,0.014246587175875902,0.0,0.44549916237592696,0.027649729140102865,0.037458837032318115
15880,25.8125,-0.009637654758989811,-0.04115917030721903,0.013693464733660222,0.0,0.4454264506697655,0.021812121372204275,-0.009637654758989811
15890,22.625,0.006657051388174295,-0.05109877157956362,0.016478427965193988,0.0,0.4423559010028839,0.014954184711677953,0.006657051388174295
15900,30.375,-0.0022453605197370052,-0.0517824076116085,0.016214201226830482,0.0,0.44290251582860946,0.022579497564584015,-0.0022453605197370052
15910,30.53125,0.02208900824189186,-0.05806300351396203,0.0077692052815109495,0.0,0.44479411393404006,0.02116567804478109,0.02208900824189186
15920,31.1875,0.01663571037352085,-0.056702717952430245,0.01259350161999464,0.0,0.44544231295585635,0.01918539251491893,0.01663571037352085
15930,33.0,0.012366192415356636,-0.054659665934741496,0.01256154552102089,0.0,0.44598571211099625,0.01789670903235674,0.012366192415356636
15940,36.1875,0.0052805496379733086,-0.05464234072715044,0.01654829001054168,0.0,0.44667061120271684,0.01700574173592031,0.0052805496379733086
15950,30.6875,0.015460300259292126,-0.05015759542584419,0.011297614499926566,0.0,0.444404074549675,0.020595808839425446,0.015460300259292126
15960,25.1875,0.026342470198869705,-0.06063245162367821,0.008728178218007088,0.0,0.44501364082098005,0.022404877981171013,0.026342470198869705
15970,24.28125,0.009020663797855377,-0.06305077616125346,0.012818792928010225,0.0,0.44545088410377504,0.02537281410768628,0.009020663797855377
15980,27.875,0.00041703321039676666,-0.05206878110766411,0.0123155377805233,0.0,0.4430203825235367,0.020956726931035518,0.00041703321039676666
15990,19.40625,0.005202922038733959,-0.05465748105198145,0.015985580440610648,0.0,0.4442842900753021,0.01726512846071273,0.005202922038733959
16000,31.71875,0.004311643540859222,-0.058713871613144876,0.010256562195718289,0.0,0.44556018263101577,0.01967595056630671,0.004311643540859222
16010,36.46875,0.0044443667866289616,-0.05370065495371819,0.014118528459221125,0.0,0.44575026631355286,0.01892982885474339,0.0044443667866289616
16020,29.75,0.03574242442846298,-0.06019827201962471,0.015683919470757247,0.0,0.4472803145647049,0.017382260563317688,0.03574242442846298
16030,23.46875,0.0025384174659848213,-0.048522176966071126,0.016971409134566785,0.0,0.44707331508398057,0.018118239473551512,0.0025384174659848213
16040,41.5625,0.0276059377938509,-0.04128999980166555,0.022130354307591915,0.0,0.4486593887209892,0.02283641684334725,0.0276059377938509
16050,27.125,0.009085986763238907,-0.06230603102594614,0.012230760604143142,0.0,0.44747674763202666,0.024807735835202037,0.009085986763238907
16060,25.21875,0.01666148751974106,-0.05924912225455046,0.016225682199001314,0.0,0.44672455787658694,0.017907538055442273,0.01666148751974106
16070,22.1875,0.008813372813165188,-0.06464545046910644,0.013029654789716006,0.0,0.44564013183116913,0.020700252591632308,0.008813372813165188
16080,35.65625,0.01938699185848236,-0.056397189386188984,0.012630756106227636,0.0,0.44772900491952894,0.022664618701674043,0.01938699185848236
16090,23.1875,0.017236802726984024,-0.06487630251795054,0.012018413748592138,0.0,0.4461430415511131,0.01676356780808419,0.017236802726984024
16100,27.375,0.0038957276847213507,-0.056319573521614076,0.011130037903785705,0.0,0.44899931102991103,0.015663915465120228,0.0038957276847213507
16110,26.96875,0.007793886121362448,-0.05662861596792936,0.014541135169565678,0.0,0.44826644361019136,0.02331067738123238,0.007793886121362448
16120,19.78125,0.02304544299840927,-0.05391598884016276,0.011446288041770458,0.0,0.44659296572208407,0.022360445652157068,0.02304544299840927
16130,28.875,0.014096885919570923,-0.042103153094649313,0.01708162510767579,0.0,0.44883956760168076,0.022192312078550457,0.014096885919570923
16140,24.15625,0.03465341776609421,-0.05580873414874077,0.01404943922534585,0.0,0.44691117852926254,0.017548288055695593,0.03465341776609421
16150,22.9375,0.01529388502240181,-0.06017872020602226,0.013034247839823366,0.0,0.4463165313005447,0.01910327556543052,0.01529388502240181
16160,25.1875,-0.004610851407051086,-0.04924114039167762,0.013546702824532986,0.0,0.4448669284582138,0.013494986749719828,-0.004610851407051086
16170,23.9375,0.007598076947033405,-0.03737078942358494,0.01325178393162787,0.0,0.44583955556154253,0.020841182628646492,0.007598076947033405
16180,23.625,0.023555338382720947,-0.0553233883343637,0.013604097161442041,0.0,0.44618812799453733,0.02245251708664,0.023555338382720947
16190,22.125,0.006553180981427431,-0.0541267454624176,0.01142903883010149,0.0,0.44684785008430483,0.020964925363659858,0.006553180981427431
16200,25.59375,0.016221703961491585,-0.06091979444026947,0.011296326201409102,0.0,0.44531347006559374,0.020898946811212227,0.016221703961491585
16210,34.25,0.0243486650288105,-0.05316181145608425,0.012421013321727514,0.0,0.44660586267709734,0.01639726266730577,0.0243486650288105
16220,27.65625,-0.01666577346622944,-0.03285345118492842,0.015501706395298243,0.0,0.4437889203429222,0.023084493877831846,-0.01666577346622944
16230,30.0,0.0034378841519355774,-0.05977284759283066,0.013870107755064965,0.0,0.44709823578596114,0.024611142789945008,0.0034378841519355774
16240,26.65625,0.007486239075660706,-0.04729887526482344,0.012011873722076415,0.0,0.44738147854804994,0.017149720713496207,0.007486239075660706
16250,31.0,0.02499357983469963,-0.0588903333991766,0.011375237535685302,0.0,0.4480495125055313,0.02775802961550653,0.02499357983469963
16260,30.21875,0.015074441209435463,-0.04521824289113283,0.01191601175814867,0.0,0.44674412757158277,0.01719590669963509,0.015074441209435463
16270,30.0,0.011169927194714546,-0.05250274259597063,0.010703458543866872,0.0,0.44877540320158005,0.019209580088499933,0.011169927194714546
16280,31.75,0.018494563177227974,-0.05266315415501595,0.011181733245030046,0.0,0.44688161462545395,0.02501918951747939,0.018494563177227974
16290,24.25,0.001893490320071578,-0.05612988844513893,0.015528373327106238,0.0,0.4461920976638794,0.013424705807119608,0.001893490320071578
16300,39.28125,0.019316580146551132,-0.05704946406185627,0.012270559370517731,0.0,0.4467569410800934,0.018927954090759157,0.019316580146551132
16310,26.78125,0.019296184182167053,-0.055785761959850785,0.014764022920280695,0.0,0.4447743445634842,0.01640268424525857,0.019296184182167053
16320,27.4375,0.011888796463608742,-0.03424864616245031,0.020095045492053033,0.0,0.44658425599336626,0.020588108338415623,0.011888796463608742
16330,25.9375,0.01741517148911953,-0.05019925907254219,0.022417828720062972,0.0,0.44890210032463074,0.01825679885223508,0.01741517148911953
16340,37.5625,0.022308822721242905,-0.04813207685947418,0.01519349506124854,0.0,0.4497684225440025,0.02354974704794586,0.022308822721242905
16350,21.21875,0.004330851137638092,-0.05292077697813511,0.01319067580625415,0.0,0.44714769423007966,0.018155195843428375,0.004330851137638092
16360,28.03125,0.022256135940551758,-0.05255018398165703,0.010627715196460486,0.0,0.4477501943707466,0.019924121198710055,0.022256135940551758
16370,31.3125,0.0062316590920090675,-0.03816499188542366,0.0166660082526505,0.0,0.4495813637971878,0.022850625123828648,0.0062316590920090675
16380,32.15625,0.0077260201796889305,-0.050478024035692216,0.008660999592393637,0.0,0.44961429089307786,0.019858584506437182,0.0077260201796889305
16390,23.53125,-0.0008757859468460083,-0.052905066311359404,0.012285395339131356,0.0,0.450326706469059,0.019017049740068615,-0.0008757859468460083
16400,33.1875,0.02313285879790783,-0.055344536900520325,0.01925954446196556,0.0,0.44764028638601305,0.02279373970814049,0.02313285879790783
16410,27.96875,0.01914462260901928,-0.06538083180785179,0.019068969041109086,0.0,0.44982953518629076,0.0197112696536351,0.01914462260901928
16420,20.71875,0.02657257206737995,-0.05972064286470413,0.012029922381043435,0.0,0.44642583280801773,0.016549223382025958,0.02657257206737995
16430,21.71875,-0.00766226788982749,-0.05987968407571316,0.011236899252980947,0.0,0.44550970792770384,0.011917780956719071,-0.00766226788982749
16440,26.8125,0.01050705835223198,-0.0626168567687273,0.012924034148454666,0.0,0.44356118738651273,0.01866303845308721,0.01050705835223198
16450,29.875,0.028092145919799805,-0.06251276209950447,0.011579198949038982,0.0,0.4466569870710373,0.01891938674962148,0.028092145919799805
16460,21.84375,-0.006065727677196264,-0.05048374980688095,0.009482196811586619,0.0,0.44792201519012453,0.01901079249801114,-0.006065727677196264
16470,37.03125,0.008629764430224895,-0.03879190068691969,0.010345433931797742,0.0,0.45106265544891355,0.02076085878070444,0.008629764430224895
16480,28.75,-0.010241078212857246,-0.05989345014095306,0.01691933795809746,0.0,0.45134426951408385,0.015399799996521324,-0.010241078212857246
16490,30.90625,0.02121187373995781,-0.05093280225992203,0.008689340390264987,0.0,0.4505322501063347,0.024799045897088944,0.02121187373995781
16500,33.9375,-0.00415791617706418,-0.056346253305673596,0.008793010842055082,0.0,0.45092634707689283,0.02181678730994463,-0.00415791617706418
16510,25.75,0.0076610492542386055,-0.049902138952165845,0.013432977255433798,0.0,0.4490690276026726,0.022600388119462876,0.0076610492542386055
16520,27.875,0.002888845279812813,-0.047624451108276844,0.01233018897473812,0.0,0.4499985381960869,0.019858690234832464,0.002888845279812813
16530,32.59375,0.01460010651499033,-0.04700728598982096,0.018628815561532973,0.0,0.45125933885574343,0.02196348170982674,0.01460010651499033
16540,29.1875,0.014644092880189419,-0.04306054003536701,0.014525362756103277,0.0,0.4476364433765411,0.02155856420286,0.014644092880189419
16550,30.6875,0.005008324049413204,-0.03233661390841007,0.01881827423349023,0.0,0.45030740797519686,0.01836534365429543,0.005008324049413204
16560,32.15625,0.00489305704832077,-0.04859006963670254,0.018660092446953058,0.0,0.4531665608286858,0.01904590104240924,0.00489305704832077
16570,29.96875,0.0009600366465747356,-0.05583437792956829,0.011938904039561748,0.0,0.4517297297716141,0.02200007059145719,0.0009600366465747356
16580,29.5,0.019114017486572266,-0.05779627822339535,0.01161275478079915,0.0,0.4501171514391899,0.01984958853572607,0.019114017486572266
16590,32.0625,0.026996254920959473,-0.05929336901754141,0.019828760623931886,0.0,0.45196246206760404,0.024927514116279782,0.026996254920959473
16600,29.875,0.010806162841618061,-0.06581885423511266,0.009915326163172722,0.0,0.45356292426586153,0.02573509095236659,0.010806162841618061
16610,27.0625,0.017576072365045547,-0.04370493218302727,0.013203760236501693,0.0,0.45412593334913254,0.025643666880205272,0.017576072365045547
16620,32.6875,0.015184259042143822,-0.058008717373013496,0.01784476200118661,0.0,0.4552602648735046,0.021652855700813232,0.015184259042143822
16630,22.59375,0.0006390553899109364,-0.0530892001464963,0.024297792091965677,0.0,0.451268295943737,0.019285813625901937,0.0006390553899109364
16640,23.8125,-0.0034064501523971558,-0.05388975022360683,0.009905606415122748,0.0,0.4524332359433174,0.020863449689932166,-0.0034064501523971558
16650,33.75,0.017079003155231476,-0.05600024312734604,0.009639542270451783,0.0,0.45230588465929034,0.028980643348768355,0.017079003155231476
16660,33.0625,0.010091988369822502,-0.0588148832321167,0.010948081128299236,0.0,0.4536376819014549,0.025013189297169447,0.010091988369822502
16670,25.78125,0.022396575659513474,-0.059533794922754166,0.017249601520597936,0.0,0.45353555828332903,0.023022359877359122,0.022396575659513474
16680,25.875,0.005350155755877495,-0.054349178448319435,0.01083639794960618,0.0,0.452726274728775,0.023389966553077103,0.005350155755877495
16690,25.84375,0.01785416714847088,-0.06237911973148584,0.010273932851850987,0.0,0.45216652005910873,0.02133289312478155,0.01785416714847088
16700,38.15625,0.04523787647485733,-0.062200128380209205,0.011165411025285722,0.0,0.4539349228143692,0.029161901539191605,0.04523787647485733
16710,19.96875,0.0003911936655640602,-0.04935496151447296,0.007856289483606815,0.0,0.45586765110492705,0.0238264256156981,0.0003911936655640602
16720,26.15625,0.014028223231434822,-0.04659627163782716,0.014947901666164397,0.0,0.45638332813978194,0.02975428751669824,0.014028223231434822
16730,39.03125,0.0396796315908432,-0.05354907289147377,0.01254595434293151,0.0,0.4567825749516487,0.03219842582475394,0.0396796315908432
16740,29.25,0.017126912251114845,-0.04763285098597407,0.010204944293946028,0.0,0.4565059766173363,0.0236402724403888,0.017126912251114845
16750,24.6875,-0.0016993810422718525,-0.051057036872953175,0.01896665683016181,0.0,0.4561488091945648,0.021285855071619154,-0.0016993810422718525
16760,28.6875,0.01345287635922432,-0.0643030235543847,0.011618606932461261,0.0,0.4523118570446968,0.02523044338449836,0.01345287635922432
16770,30.03125,-0.006340500898659229,-0.044050047546625136,0.01228339048102498,0.0,0.4580198675394058,0.02549935379065573,-0.006340500898659229
16780,30.0625,0.02555995061993599,-0.046634194999933244,0.017788329534232615,0.0,0.4560182183980942,0.03258828967809677,0.02555995061993599
16790,25.4375,0.007213239558041096,-0.04866211339831352,0.01876597125083208,0.0,0.45672390460968015,0.020915986457839607,0.007213239558041096
16800,32.15625,0.04460014030337334,-0.058640189655125144,0.0087850627489388,0.0,0.45717413276433944,0.033635979797691104,0.04460014030337334
16810,28.3125,0.010611469857394695,-0.05621016342192888,0.008219248987734318,0.0,0.45713964849710464,0.027371600875630973,0.010611469857394695
16820,29.53125,0.009818784892559052,-0.05585261513479054,0.015478366054594517,0.0,0.4582797855138779,0.024924606876447798,0.009818784892559052
16830,33.78125,0.035377997905015945,-0.05133638679981232,0.02069580741226673,0.0,0.4554755315184593,0.03459070285316557,0.035377997905015945
16840,32.5,0.024894647300243378,-0.058998249284923074,0.010170086426660419,0.0,0.45647696405649185,0.028316889144480228,0.024894647300243378
16850,27.1875,0.04273224249482155,-0.0594732666388154,0.009974353900179266,0.0,0.4571808472275734,0.030014021741226315,0.04273224249482155
16860,22.46875,0.03677274286746979,-0.06803623307496309,0.012978205177932977,0.0,0.4556521147489548,0.033038852643221615,0.03677274286746979
16870,24.84375,0.04104721546173096,-0.05986468978226185,0.010189554188400507,0.0,0.460544741153717,0.03014966556802392,0.04104721546173096
16880,25.25,0.0298411063849926,-0.055022039264440534,0.012893539667129517,0.0,0.46285835206508635,0.033487057115416975,0.0298411063849926
16890,27.5625,0.0393725261092186,-0.04881007019430399,0.013797882944345474,0.0,0.4603592962026596,0.03273854337166995,0.0393725261092186
16900,25.25,0.02400710992515087,-0.05794126521795988,0.01929181143641472,0.0,0.45832988172769545,0.025709752552211286,0.02400710992515087
16910,21.4375,0.005032312124967575,-0.06549112349748612,0.007861536834388972,0.0,0.45433376282453536,0.03043012523557991,0.005032312124967575
16920,28.09375,0.03460123389959335,-0.05970317963510752,0.015285884775221349,0.0,0.4625499501824379,0.02483318649465218,0.03460123389959335
16930,41.59375,-0.0007173379417508841,-0.060116586089134214,0.014628655556589366,0.0,0.4594214200973511,0.028651015227660538,-0.0007173379417508841
16940,33.09375,0.02992156147956848,-0.04706789702177048,0.010359580488875508,0.0,0.4573654517531395,0.03665706869214773,0.02992156147956848
16950,33.53125,0.05924350768327713,-0.04923009313642979,0.008220752142369748,0.0,0.4578149884939194,0.03252335824072361,0.05924350768327713
16960,27.3125,0.04276099056005478,-0.06067374814301729,0.015067820437252522,0.0,0.457787461578846,0.03240499971434474,0.04276099056005478
16970,25.5625,0.012124080210924149,-0.06490914095193148,0.012627505604177714,0.0,0.4585033401846886,0.025196834676899017,0.012124080210924149
16980,28.625,0.012646019458770752,-0.049190433137118815,0.014336022827774287,0.0,0.4569935381412506,0.025537138665094973,0.012646019458770752
16990,27.03125,0.033934760838747025,-0.0480471421033144,0.010163388680666685,0.0,0.45848562866449355,0.03895522290840745,0.033934760838747025
17000,24.71875,0.023390088230371475,-0.05586661929264665,0.014761020801961422,0.0,0.4594277873635292,0.028871254809200764,0.023390088230371475
17010,34.53125,0.018394730985164642,-0.04591311616823077,0.017836923617869614,0.0,0.45819479376077654,0.031442544190213084,0.018394730985164642
17020,27.21875,0.012765984050929546,-0.05964568983763456,0.012759915739297866,0.0,0.45859551429748535,0.02992543368600309,0.012765984050929546
17030,39.84375,0.015488162636756897,-0.0519624974578619,0.017569039203226566,0.0,0.4638878792524338,0.03776695528067649,0.015488162636756897
17040,29.25,0.028634872287511826,-0.06904034083709121,0.012099032104015351,0.0,0.4598432034254074,0.02966279545798898,0.028634872287511826
17050,28.9375,0.049251947551965714,-0.05191588150337338,0.011531991651281714,0.0,0.46061649918556213,0.03212926216656342,0.049251947551965714
17060,29.96875,0.03296329081058502,-0.05759057700634003,0.010805209446698428,0.0,0.46370923817157744,0.03290189579129219,0.03296329081058502
17070,36.78125,0.026950761675834656,-0.054000317305326465,0.012992217671126127,0.0,0.4607205480337143,0.03369107022881508,0.026950761675834656
17080,31.9375,0.04273676872253418,-0.043164335936307904,0.015653566177934407,0.0,0.4607021138072014,0.03204542370513082,0.04273676872253418
17090,21.28125,0.014567319303750992,-0.05311216600239277,0.01715214755386114,0.0,0.4592670902609825,0.025949023931752892,0.014567319303750992
17100,32.84375,0.04581570625305176,-0.04757806546986103,0.013801944814622403,0.0,0.46052265018224714,0.03407554635778069,0.04581570625305176
17110,30.71875,0.038897544145584106,-0.05061886049807072,0.009309343062341213,0.0,0.46188482493162153,0.03279558848589659,0.038897544145584106
17120,31.5,0.029480591416358948,-0.056072605401277544,0.010268873814493418,0.0,0.4634030193090439,0.038275280082598326,0.029480591416358948
17130,30.4375,0.009939012117683887,-0.054330624639987946,0.010621054470539093,0.0,0.46534880101680753,0.03601460880599916,0.009939012117683887
17140,38.90625,0.016678310930728912,-0.06106506865471602,0.010918946517631412,0.0,0.4670944452285767,0.036493070004507897,0.016678310930728912
17150,30.71875,0.04268309846520424,-0.05164151787757874,0.010987163800746203,0.0,0.4650963231921196,0.03513208518270403,0.04268309846520424
17160,29.09375,0.027203118428587914,-0.04841942731291056,0.01709181759506464,0.0,0.4657501742243767,0.04075633850879967,0.027203118428587914
17170,35.65625,0.03628407418727875,-0.05630401279777288,0.012605207320302726,0.0,0.4644295692443848,0.037871675193309785,0.03628407418727875
17180,32.09375,-0.004431067034602165,-0.05310181342065334,0.012336561735719443,0.0,0.4650865077972412,0.033571634092368186,-0.004431067034602165
17190,36.46875,0.038980163633823395,-0.048375670425593854,0.021195684000849722,0.0,0.4691921427845955,0.04015309391543269,0.038980163633823395
17200,28.6875,0.03808644413948059,-0.07033761292695999,0.008973318710923195,0.0,0.4632356986403465,0.03723890818655491,0.03808644413948059
17210,34.1875,0.04646710306406021,-0.0514974432066083,0.012787078879773617,0.0,0.4661161690950394,0.03425767929293215,0.04646710306406021
17220,35.34375,0.04846082627773285,-0.057491752598434684,0.009408216690644622,0.0,0.4708312854170799,0.03701547477394342,0.04846082627773285
17230,35.28125,0.049697939306497574,-0.050750411674380304,0.012947427853941918,0.0,0.4690099999308586,0.041635256330482664,0.049697939306497574
17240,30.875,0.020675238221883774,-0.053586045280098915,0.01733268443495035,0.0,0.4682223469018936,0.03632662191521376,0.020675238221883774
17250,35.40625,0.04237018898129463,-0.050864794105291364,0.012817639950662851,0.0,0.4684527277946472,0.04321345938369632,0.04237018898129463
17260,30.3125,0.041867561638355255,-0.043170559220016,0.010024941805750132,0.0,0.4678322210907936,0.0415756213478744,0.041867561638355255
17270,25.21875,0.01395389437675476,-0.06030965251848101,0.014642916852608323,0.0,0.46604091823101046,0.03691572370007634,0.01395389437675476
17280,30.96875,0.051049716770648956,-0.04055199846625328,0.017528675869107245,0.0,0.4670375004410744,0.04016926726326346,0.051049716770648956
17290,30.84375,0.011727733537554741,-0.052046284265816214,0.010666711535304785,0.0,0.46730168014764784,0.03569127065129578,0.011727733537554741
17300,26.90625,0.033785607665777206,-0.06321934722363949,0.013022465072572232,0.0,0.46591083109378817,0.046422061137855054,0.033785607665777206
17310,29.21875,0.03897010535001755,-0.05612988956272602,0.011640149634331465,0.0,0.4658173844218254,0.03844807678833604,0.03897010535001755
17320,28.4375,0.01324713509529829,-0.06158422343432903,0.013114465959370136,0.0,0.4644499897956848,0.03301563584245741,0.01324713509529829
17330,25.0625,0.03478623926639557,-0.0378971160389483,0.009054322307929397,0.0,0.46533538699150084,0.036950112460181116,0.03478623926639557
17340,25.25,0.020712412893772125,-0.049789026752114295,0.01178102483972907,0.0,0.46504457145929334,0.02937933898065239,0.020712412893772125
17350,31.5625,0.017834490165114403,-0.06187173016369343,0.00798634490929544,0.0,0.4622692108154297,0.0329111319500953,0.017834490165114403
17360,22.34375,0.029483163729310036,-0.05309699475765228,0.010112323984503745,0.0,0.4621394395828247,0.027800615481100976,0.029483163729310036
17370,32.90625,0.019138306379318237,-0.05747315473854542,0.012578483205288649,0.0,0.46495900899171827,0.03456173618324101,0.019138306379318237
17380,28.28125,0.004193514585494995,-0.06076204068958759,0.007427508151158691,0.0,0.4661472290754318,0.0349570763297379,0.004193514585494995
17390,26.9375,0.029431216418743134,-0.058213123492896555,0.010240270942449569,0.0,0.4649539902806282,0.040120343770831825,0.029431216418743134
17400,33.90625,0.020464429631829262,-0.04923495203256607,0.017172262910753487,0.0,0.4691175952553749,0.03885444924235344,0.020464429631829262
17410,37.375,0.045154839754104614,-0.059615128114819525,0.012732412293553352,0.0,0.4685116112232208,0.039392775669693944,0.045154839754104614
17420,37.90625,0.0372009202837944,-0.05794449280947447,0.009079184383153915,0.0,0.4663827747106552,0.032128744712099436,0.0372009202837944
17430,38.6875,0.03350000083446503,-0.054733362141996623,0.01786629892885685,0.0,0.4681976407766342,0.04265895467251539,0.03350000083446503
17440,41.4375,0.03576602414250374,-0.061199018359184267,0.005863693868741393,0.0,0.46752026677131653,0.03990497281774878,0.03576602414250374
17450,36.375,0.01744263991713524,-0.06023402661085129,0.01258412515744567,0.0,0.47134324461221694,0.03837312860414386,0.01744263991713524
17460,32.5625,0.04787886142730713,-0.05121670388616621,0.014128974918276072,0.0,0.47140792310237883,0.04001907538622618,0.04787886142730713
17470,34.3125,0.03464268147945404,-0.04695875868201256,0.008958420902490615,0.0,0.46943896263837814,0.038290261290967464,0.03464268147945404
17480,36.5,0.004446324892342091,-0.05667877402156592,0.010144396964460612,0.0,0.46939496099948885,0.040176689415238796,0.004446324892342091
17490,33.40625,0.04235122352838516,-0.05886061452329159,0.010713660810142755,0.0,0.46989450603723526,0.04102639304473996,0.04235122352838516
17500,33.6875,0.030966151505708694,-0.055709718354046346,0.014471037872135639,0.0,0.46978404074907304,0.04025390660390258,0.030966151505708694
17510,31.8125,0.03105516918003559,-0.04587685540318489,0.009461002238094807,0.0,0.4690043479204178,0.03625906389206648,0.03105516918003559
17520,28.3125,0.03677365183830261,-0.05369434207677841,0.010249976720660924,0.0,0.4695005536079407,0.04035957888700068,0.03677365183830261
17530,30.8125,0.033461008220911026,-0.047799639962613584,0.014288723561912775,0.0,0.4686729073524475,0.04614821709692478,0.033461008220911026
17540,28.5625,0.026835855096578598,-0.06298208031803369,0.009297621715813876,0.0,0.46980070024728776,0.03673867713660002,0.026835855096578598
17550,30.1875,0.03624824434518814,-0.051632877066731454,0.01443095039576292,0.0,0.4679777190089226,0.03901527123525739,0.03624824434518814
17560,27.875,0.02324283868074417,-0.06090873936191201,0.00944139095954597,0.0,0.46570387929677964,0.02972807940095663,0.02324283868074417
17570,32.03125,0.005529835820198059,-0.049604566767811775,0.015200034249573946,0.0,0.4665063455700874,0.0330798264592886,0.005529835820198059
17580,25.21875,0.006994849536567926,-0.03927655406296253,0.010469832085072994,0.0,0.46613819897174835,0.03269205796532333,0.006994849536567926
17590,32.75,0.039716679602861404,-0.054805808886885646,0.01423696130514145,0.0,0.4650531202554703,0.033510259655304256,0.039716679602861404
17600,29.90625,0.014703089371323586,-0.05970274619758129,0.01318565122783184,0.0,0.4646800845861435,0.031296698504593226,0.014703089371323586
17610,26.875,0.019962819293141365,-0.05118436114862561,0.013255468290299176,0.0,0.4643767222762108,0.031682282336987555,0.019962819293141365
17620,24.875,0.030983559787273407,-0.055684011429548264,0.009437860595062375,0.0,0.46697150468826293,0.03259748974815011,0.030983559787273407
17630,35.5625,0.03282283619046211,-0.05418289639055729,0.00826251315884292,0.0,0.4689373761415482,0.03938685762695968,0.03282283619046211
17640,34.4375,0.03166601061820984,-0.05255397111177444,0.015412627533078194,0.0,0.46845722794532774,0.040128367766737935,0.03166601061820984
17650,26.59375,0.03098139725625515,-0.0661254033446312,0.012264621164649724,0.0,0.46785911321640017,0.03476108554750681,0.03098139725625515
17660,25.1875,0.008224066346883774,-0.05397012941539288,0.011820032447576522,0.0,0.46783870458602905,0.033895034226588905,0.008224066346883774
17670,24.65625,0.03549964725971222,-0.04982986738905311,0.018074953090399505,0.0,0.46551284193992615,0.03468848718330264,0.03549964725971222
17680,24.46875,0.03134474158287048,-0.049729515053331855,0.010670291725546122,0.0,0.46616733223199847,0.03530415487475693,0.03134474158287048
17690,32.625,0.029955575242638588,-0.05897373221814632,0.019073101691901684,0.0,0.46802709102630613,0.031195636908523738,0.029955575242638588
17700,39.21875,0.014534873887896538,-0.05592293832451105,0.007945613143965602,0.0,0.46621148437261584,0.031070318911224602,0.014534873887896538
17710,29.4375,0.007536674849689007,-0.05748663241975009,0.008561818394809961,0.0,0.46864739805459976,0.03395677786320448,0.007536674849689007
17720,24.84375,0.04835514724254608,-0.050713907554745676,0.015620815847069026,0.0,0.4725944772362709,0.04091043630614877,0.04835514724254608
17730,33.875,0.020362574607133865,-0.059638742730021475,0.011200528126209974,0.0,0.4726104706525803,0.037598196789622305,0.020362574607133865
17740,26.15625,0.00960795022547245,-0.05718197431415319,0.01344475829973817,0.0,0.47023968696594237,0.03443429199978709,0.00960795022547245
17750,30.875,0.016192831099033356,-0.06984830424189567,0.01666197618469596,0.0,0.46946627646684647,0.03536030896939337,0.016192831099033356
17760,34.65625,0.02580844610929489,-0.063038619607687,0.008499855874106288,0.0,0.4684491351246834,0.032207821030169725,0.02580844610929489
17770,29.625,0.05047505348920822,-0.04739071987569332,0.01618298189714551,0.0,0.4684578314423561,0.0338059744797647,0.05047505348920822
17780,33.5625,0.02851973846554756,-0.05243790484964848,0.009202693123370409,0.0,0.469653257727623,0.02991469609551132,0.02851973846554756
17790,35.9375,0.03553984314203262,-0.04455782622098923,0.009618843579664827,0.0,0.4662624359130859,0.029194775549694896,0.03553984314203262
17800,31.78125,0.025712545961141586,-0.05590354409068823,0.01419030362740159,0.0,0.4681245282292366,0.03346561333164573,0.025712545961141586
17810,36.03125,0.04623633623123169,-0.050688895396888256,0.011729330755770206,0.0,0.4686624094843864,0.031721213134005666,0.04623633623123169
17820,27.125,0.02386566251516342,-0.05260882759466767,0.009322258830070495,0.0,0.46959140747785566,0.03153730076737702,0.02386566251516342
17830,24.53125,0.03429576754570007,-0.04569043722003698,0.019386209174990655,0.0,0.4662287726998329,0.026617440674453974,0.03429576754570007
17840,33.8125,0.025340747088193893,-0.05330252386629582,0.00734823988750577,0.0,0.46814410090446473,0.035929249902255836,0.025340747088193893
17850,41.375,0.030125392600893974,-0.06371584851294756,0.009214499685913324,0.0,0.46772147715091705,0.0367506692185998,0.030125392600893974
17860,31.15625,0.03006114438176155,-0.056352205015718936,0.009495334746316076,0.0,0.4702393636107445,0.031631269585341217,0.03006114438176155
17870,23.15625,0.015707584097981453,-0.026117147132754325,0.018392852507531643,0.0,0.471104533970356,0.038363446854054926,0.015707584097981453
17880,33.65625,0.03373518958687782,-0.04124350696802139,0.024194328114390373,0.0,0.47262159585952757,0.0348612402100116,0.03373518958687782
17890,35.59375,0.03406832739710808,-0.0492588896304369,0.012047582026571035,0.0,0.4736944854259491,0.03680260693654418,0.03406832739710808
17900,30.53125,0.01138501986861229,-0.05373709239065647,0.014564809575676917,0.0,0.4712688192725182,0.036018686171155424,0.01138501986861229
17910,36.5625,0.02725817635655403,-0.04685974959284067,0.009794119978323579,0.0,0.47508792132139205,0.037001509219408035,0.02725817635655403
17920,34.78125,0.05131306126713753,-0.04601798057556152,0.013284181710332632,0.0,0.47381171137094497,0.04234181502833963,0.05131306126713753
17930,44.0,0.04427982121706009,-0.052744418010115625,0.010311528621241451,0.0,0.4749338239431381,0.037710842303931714,0.04427982121706009
17940,27.1875,0.015867959707975388,-0.059947438165545465,0.008288493566215038,0.0,0.4731287211179733,0.033810715982690455,0.015867959707975388
17950,32.1875,0.020589757710695267,-0.041300105908885595,0.010709507949650287,0.0,0.47310909926891326,0.03385539595037699,0.020589757710695267
17960,31.84375,0.031465813517570496,-0.048596253897994754,0.016323911678045987,0.0,0.473565973341465,0.034996603475883604,0.031465813517570496
17970,37.125,0.01567198894917965,-0.04523614533245564,0.010407646372914314,0.0,0.4701969802379608,0.039544491562992334,0.01567198894917965
17980,34.59375,0.03520768880844116,-0.0515351690351963,0.01721050953492522,0.0,0.4712898626923561,0.0373507006559521,0.03520768880844116
17990,23.03125,0.013438724912703037,-0.060097449272871015,0.010451158322393895,0.0,0.4728628292679787,0.02793744395021349,0.013438724912703037
18000,32.25,0.0005245348438620567,-0.04400502126663923,0.037576370500028135,0.0,0.4702729105949402,0.03254753951914609,0.0005245348438620567
18010,28.5625,0.038922954350709915,-0.050762527203187344,0.017422757856547833,0.0,0.4711078658699989,0.03106473449151963,0.038922954350709915
18020,30.53125,0.01831987127661705,-0.04532304685562849,0.010594809148460626,0.0,0.47043648809194566,0.040789001435041425,0.01831987127661705
18030,35.78125,0.02172854170203209,-0.046793512720614674,0.00904434104450047,0.0,0.4742521822452545,0.03738823551684618,0.02172854170203209
18040,30.3125,0.023676835000514984,-0.059418235532939435,0.011177031975239515,0.0,0.4702386140823364,0.03701094095595181,0.023676835000514984
18050,27.84375,0.021624881774187088,-0.0487064141780138,0.008194660069420934,0.0,0.4694000959396362,0.028166148671880366,0.021624881774187088
18060,27.0625,0.024480609223246574,-0.06181043796241283,0.008073403500020504,0.0,0.469455249607563,0.034402513736858965,0.024480609223246574
18070,33.78125,0.037064358592033386,-0.05787233747541905,0.0117893660441041,0.0,0.470379176735878,0.034847041382454334,0.037064358592033386
18080,25.90625,0.012668786570429802,-0.04110874254256487,0.013609897205606103,0.0,0.4711977824568748,0.030698802112601696,0.012668786570429802
18090,29.75,0.029311422258615494,-0.052520168386399745,0.015437726583331823,0.0,0.46530262678861617,0.028968429449014364,0.029311422258615494
18100,37.75,0.02729066275060177,-0.038608229160308837,0.0071719455998390915,0.0,0.462995158135891,0.0323527401778847,0.02729066275060177
18110,37.90625,0.01651131361722946,-0.04007378872483969,0.013491417746990919,0.0,0.46916390508413314,0.032190195703879,0.01651131361722946
18120,33.125,0.031962186098098755,-0.04397204928100109,0.011893407627940177,0.0,0.46938393712043763,0.03297405051998794,0.031962186098098755
18130,38.625,0.032325707376003265,-0.060241221264004705,0.010817881673574448,0.0,0.4707629069685936,0.03992617651820183,0.032325707376003265
18140,32.90625,0.042132891714572906,-0.05734679438173771,0.010378699796274305,0.0,0.4711404949426651,0.039977026730775835,0.042132891714572906
18150,42.40625,0.035169463604688644,-0.04302709046751261,0.009608446527272463,0.0,0.4691212221980095,0.034603419958148154,0.035169463604688644
18160,25.15625,0.03112076409161091,-0.05252393577247858,0.007945769373327494,0.0,0.4675843551754951,0.03117981443647295,0.03112076409161091
18170,28.4375,0.009228937327861786,-0.06716387374326586,0.014134402386844158,0.0,0.4678005397319794,0.0388941706973128,0.009228937327861786
18180,44.15625,0.03888687118887901,-0.0592255630530417,0.006764395209029317,0.0,0.46828348338603976,0.0380509901791811,0.03888687118887901
18190,24.9375,0.009944897145032883,-0.058971525169909,0.010649766400456428,0.0,0.4697681814432144,0.03160347505472601,0.009944897145032883
18200,32.5,0.021273944526910782,-0.045178716210648416,0.01362554868683219,0.0,0.4677888214588165,0.029232152388431132,0.021273944526910782
18210,32.40625,0.04410482943058014,-0.04844086421653628,0.009397348575294017,0.0,0.4654145106673241,0.02192326942458749,0.04410482943058014
18220,34.34375,0.03290395438671112,-0.05379320681095123,0.02389287780970335,0.0,0.46846722066402435,0.03282910613343119,0.03290395438671112
18230,24.96875,0.019025135785341263,-0.0568683173507452,0.017363960109651088,0.0,0.4690873384475708,0.030310228769667446,0.019025135785341263
18240,31.1875,0.009387977421283722,-0.053087332658469676,0.015310909412801266,0.0,0.4673057749867439,0.023164516617543995,0.009387977421283722
18250,34.65625,0.030300378799438477,-0.043496400490403174,0.009164072619751096,0.0,0.46769727021455765,0.0352265541208908,0.030300378799438477
18260,33.40625,0.005864882841706276,-0.05033132620155811,0.00972081972286105,0.0,0.4696986570954323,0.030033617792651058,0.005864882841706276
18270,29.5,0.009400282986462116,-0.057686863094568254,0.018308647628873586,0.0,0.46997509002685545,0.03235561903566122,0.009400282986462116
18280,34.90625,0.01856793463230133,-0.04356786981225014,0.020083132199943066,0.0,0.471590031683445,0.03238121917238459,0.01856793463230133
18290,33.96875,0.004171538166701794,-0.036718943435698745,0.03893218450248241,0.0,0.4701604589819908,0.03951228661462665,0.004171538166701794
18300,34.65625,0.019559169188141823,-0.05015076752752066,0.01152143208310008,0.0,0.471543125808239,0.028072733944281936,0.019559169188141823
18310,29.53125,0.03566423058509827,-0.03925803825259209,0.008412392158061267,0.0,0.47016242146492004,0.028407797357067464,0.03566423058509827
18320,32.5625,0.017093732953071594,-0.060335243493318556,0.0202265209518373,0.0,0.471727554500103,0.02847540136426687,0.017093732953071594
18330,26.75,0.0438404455780983,-0.051305454410612586,0.013131925370544195,0.0,0.473465658724308,0.03184594521299004,0.0438404455780983
18340,26.4375,-0.010548599064350128,-0.047449553944170476,0.02099403664469719,0.0,0.4738837078213692,0.03375202743336558,-0.010548599064350128
18350,35.5625,0.041103098541498184,-0.0462995870038867,0.011783821694552898,0.0,0.47566780149936677,0.04143627788871527,0.041103098541498184
18360,34.28125,0.019889596849679947,-0.05448980499058962,0.014154135715216398,0.0,0.4748244106769562,0.03184059316990897,0.019889596849679947
18370,28.0,0.014175675809383392,-0.03725271411240101,0.024439506232738495,0.0,0.47242325246334077,0.028929095703642816,0.014175675809383392
18380,26.0625,0.022346656769514084,-0.049083680380135775,0.023883239179849625,0.0,0.4713484808802605,0.03276355746202171,0.022346656769514084
18390,24.53125,-0.0023452239111065865,-0.05372329894453287,0.014937735628336668,0.0,0.4705604061484337,0.021585679531563075,-0.0023452239111065865
18400,22.5625,-0.00246156333014369,-0.04918242432177067,0.011944469902664423,0.0,0.47196893244981764,0.026758722495287657,-0.00246156333014369
18410,37.4375,0.0404493547976017,-0.04594643749296665,0.009506011381745338,0.0,0.47446025013923643,0.04069870691746473,0.0404493547976017
18420,32.6875,0.00945930927991867,-0.04575911555439234,0.01787981353700161,0.0,0.4742466077208519,0.03480385111179203,0.00945930927991867
18430,21.46875,0.021149098873138428,-0.054656684212386605,0.011643895041197538,0.0,0.47503832131624224,0.03276951865409501,0.021149098873138428
18440,28.0625,0.012435853481292725,-0.041547694522887466,0.02313422681763768,0.0,0.47239549458026886,0.0315577209694311,0.012435853481292725
18450,34.78125,0.03258758410811424,-0.03773413766175508,0.03192451596260071,0.0,0.4755498945713043,0.0344282143516466,0.03258758410811424
18460,30.84375,0.013759281486272812,-0.06501705273985862,0.011922266986221074,0.0,0.47572888284921644,0.030944356601685284,0.013759281486272812
18470,36.96875,0.04709884896874428,-0.05680476874113083,0.012251514848321677,0.0,0.478368479013443,0.04669280089437962,0.04709884896874428
18480,38.0,0.02837929129600525,-0.05077953282743693,0.013142283540219069,0.0,0.47599535882472993,0.04038209300488234,0.02837929129600525
18490,28.28125,0.031870439648628235,-0.050596524775028226,0.009999419702216983,0.0,0.47580728977918624,0.03665181654505432,0.031870439648628235
18500,31.5625,0.02618345618247986,-0.04727689102292061,0.024278207682073116,0.0,0.47644207924604415,0.03878465928137302,0.02618345618247986
18510,20.65625,0.008794558234512806,-0.057954747974872586,0.01033238908275962,0.0,0.48003309965133667,0.03521110259462148,0.008794558234512806
18520,27.8125,0.04626205191016197,-0.06029002163559198,0.01185091994702816,0.0,0.47988674640655515,0.03550435025244951,0.04626205191016197
18530,26.28125,0.0156705304980278,-0.05215565599501133,0.011527370661497116,0.0,0.4787271857261658,0.038283890765160325,0.0156705304980278
18540,27.375,0.021499276161193848,-0.05575120281428099,0.01193471672013402,0.0,0.4790246918797493,0.03278718926012516,0.021499276161193848
18550,26.0625,0.052216220647096634,-0.045225188881158826,0.014125128742307425,0.0,0.48008444905281067,0.038647929485887286,0.052216220647096634
18560,21.5625,0.008626352995634079,-0.04725042507052422,0.011951730772852897,0.0,0.479811529815197,0.0399028564337641,0.008626352995634079
18570,28.09375,0.032675400376319885,-0.04779158467426896,0.01096842335537076,0.0,0.4808552205562592,0.03692147093825042,0.032675400376319885
18580,26.21875,0.06514864414930344,-0.05284069143235683,0.021942214481532572,0.0,0.4799436166882515,0.046098767686635254,0.06514864414930344
18590,26.40625,0.018306750804185867,-0.047546043805778024,0.010577552951872349,0.0,0.4830018192529678,0.03727251859381795,0.018306750804185867
18600,33.8125,0.030129462480545044,-0.05055924011394382,0.013206867221742868,0.0,0.4846076011657715,0.04299184391275048,0.030129462480545044
18610,27.28125,0.04944241791963577,-0.043299561738967894,0.010123185068368911,0.0,0.484217132627964,0.03930557151325047,0.04944241791963577
18620,31.1875,0.02749265544116497,-0.05029256250709295,0.011509378161281347,0.0,0.48284990936517713,0.041684128390625116,0.02749265544116497
18630,35.21875,0.04441490396857262,-0.059994897618889806,0.012466756720095873,0.0,0.4822225674986839,0.04370377482846379,0.04441490396857262
18640,28.0625,0.04385111480951309,-0.054142405092716214,0.017694815434515475,0.0,0.48516550809144976,0.03950459824409336,0.04385111480951309
18650,26.75,0.04725193977355957,-0.06391641478985548,0.010972621571272611,0.0,0.4850260019302368,0.041109195444732904,0.04725193977355957
18660,29.6875,0.03288242593407631,-0.05607429295778275,0.012835786305367946,0.0,0.48641965836286544,0.04429577672854066,0.03288242593407631
18670,25.53125,0.02934505231678486,-0.04681492000818253,0.008680795226246119,0.0,0.48302092850208284,0.04347961973398924,0.02934505231678486
18680,28.0625,0.031997885555028915,-0.04811896169558168,0.01503634536638856,0.0,0.48034865260124204,0.03940072553232312,0.031997885555028915
18690,24.9375,0.0291456189006567,-0.03626474794000387,0.011287753377109766,0.0,0.47917125225067136,0.040646982938051225,0.0291456189006567
18700,22.34375,0.021084139123558998,-0.042123600095510486,0.0208510160446167,0.0,0.4788219749927521,0.030018289457075298,0.021084139123558998
18710,31.78125,0.027627501636743546,-0.05087349843233824,0.02736199786886573,0.0,0.4838365688920021,0.042327843979001044,0.027627501636743546
18720,32.1875,0.05283478647470474,-0.05017179902642965,0.009787114989012479,0.0,0.4824219807982445,0.04742660941556096,0.05283478647470474
18730,21.75,0.024677477777004242,-0.05292192520573735,0.011888425284996628,0.0,0.4793049767613411,0.036567054060287776,0.024677477777004242
18740,24.375,0.03997635841369629,-0.05179648324847221,0.017252810019999742,0.0,0.48230395168066026,0.040703809820115566,0.03997635841369629
18750,24.34375,0.024450182914733887,-0.05833471789956093,0.014896777272224427,0.0,0.4836206316947937,0.03906719172373414,0.024450182914733887
18760,41.375,0.03267171233892441,-0.056528661772608756,0.010039320681244135,0.0,0.4867285624146461,0.05135204363614321,0.03267171233892441
18770,33.8125,0.07191787660121918,-0.0473776288330555,0.017603790573775768,0.0,0.48685325533151624,0.05060198744758963,0.07191787660121918
18780,39.6875,0.04769693315029144,-0.04549163803458214,0.012271436024457216,0.0,0.48586797416210176,0.04625597633421421,0.04769693315029144
18790,31.71875,0.020913727581501007,-0.049495241791009906,0.020540848001837732,0.0,0.48567050993442534,0.04324697600677609,0.020913727581501007
18800,25.0625,0.02136320248246193,-0.04842936173081398,0.01007814221084118,0.0,0.4859526589512825,0.044368465733714404,0.02136320248246193
18810,30.5625,0.024511096999049187,-0.04985120724886656,0.010033950116485358,0.0,0.4832186996936798,0.047081555053591725,0.024511096999049187
18820,35.1875,0.050154250115156174,-0.06402718815952539,0.009461177652701736,0.0,0.4806202560663223,0.04129916182719171,0.050154250115156174
18830,27.1875,0.03988168388605118,-0.04896277114748955,0.014303272496908903,0.0,0.4819606080651283,0.040102893207222226,0.03988168388605118
18840,37.375,0.04773584008216858,-0.038614771515131,0.01583835743367672,0.0,0.48490976393222807,0.040675210487097505,0.04773584008216858
18850,31.15625,0.030140981078147888,-0.04782303273677826,0.009820505091920496,0.0,0.4853056654334068,0.04377570878714323,0.030140981078147888
18860,38.3125,0.04028421640396118,-0.05139495562762022,0.01161340530961752,0.0,0.484981943666935,0.049119186028838156,0.04028421640396118
18870,36.71875,0.04469046741724014,-0.0472649865783751,0.01278567435219884,0.0,0.48694864809513094,0.04249330768361688,0.04469046741724014
18880,31.5625,0.0730714425444603,-0.06261836551129818,0.012970400881022215,0.0,0.4876580685377121,0.05065556950867176,0.0730714425444603
18890,27.25,0.052061885595321655,-0.0548389881849289,0.009096062742173672,0.0,0.48766606450080874,0.04359914339147508,0.052061885595321655
18900,28.1875,0.03558787703514099,-0.05393010880798101,0.016810742672532797,0.0,0.48578636944293974,0.03786281798966229,0.03558787703514099
18910,40.1875,0.04243914783000946,-0.049594281055033204,0.013109357934445143,0.0,0.4873679533600807,0.045398946525529026,0.04243914783000946
18920,27.28125,0.02263118512928486,-0.04551386805251241,0.011376941110938787,0.0,0.48611394613981246,0.0440593870356679,0.02263118512928486
18930,28.40625,0.03502790257334709,-0.043355537578463554,0.037412071228027345,0.0,0.4841944560408592,0.04732633754611015,0.03502790257334709
18940,23.71875,0.03539515286684036,-0.046274397149682046,0.014683909714221954,0.0,0.4864151194691658,0.039714711252599955,0.03539515286684036
18950,32.59375,0.04231231287121773,-0.05084224841557443,0.012243475578725339,0.0,0.48721242845058443,0.041315644280985,0.04231231287121773
18960,30.3125,0.04224848002195358,-0.050469486974179745,0.011499421391636133,0.0,0.4905085161328316,0.045910447277128695,0.04224848002195358
18970,29.4375,0.04732823744416237,-0.054813457559794186,0.006453746277838945,0.0,0.48718803822994233,0.04557233660016209,0.04732823744416237
18980,31.375,0.0358915776014328,-0.04222875013947487,0.01876901211217046,0.0,0.48900970071554184,0.045781136490404606,0.0358915776014328
18990,28.125,0.06233171746134758,-0.055105561017990114,0.007797602936625481,0.0,0.48999102860689164,0.03882746994495392,0.06233171746134758
19000,28.96875,0.06632353365421295,-0.031108666211366653,0.013876105938106776,0.0,0.4913668274879456,0.04804281145334244,0.06632353365421295
19010,36.25,0.02655123732984066,-0.0641677857376635,0.010730649344623089,0.0,0.49152122288942335,0.04369353111833334,0.02655123732984066
19020,25.65625,0.026150153949856758,-0.05872159767895937,0.005264338478446007,0.0,0.4878664374351501,0.044606622820720074,0.026150153949856758
19030,30.34375,0.03211341053247452,-0.04426355790346861,0.010849308501929045,0.0,0.4912540003657341,0.044756942358799276,0.03211341053247452
19040,38.6875,0.058567114174366,-0.04528694609180093,0.022126352041959764,0.0,0.4899207755923271,0.04729204867035151,0.058567114174366
19050,26.4375,0.026187041774392128,-0.05454379376024008,0.014597380068153143,0.0,0.48698927760124205,0.03761233855038881,0.026187041774392128
19060,33.28125,0.03575611859560013,-0.03349623754620552,0.016544636432081462,0.0,0.49410644471645354,0.04608245175331831,0.03575611859560013
19070,32.0,0.038848746567964554,-0.04566565416753292,0.008901712018996477,0.0,0.49165286868810654,0.04542792746797204,0.038848746567964554
19080,35.5625,0.04343729466199875,-0.0461819501593709,0.015252856630831957,0.0,0.4894307181239128,0.040321595827117564,0.04343729466199875
19090,32.40625,0.0381416492164135,-0.06049097217619419,0.012391487695276737,0.0,0.48965941220521925,0.042302679270505905,0.0381416492164135
19100,29.4375,0.0287961196154356,-0.05939590558409691,0.018905963376164438,0.0,0.49284622967243197,0.043305063433945176,0.0287961196154356
19110,46.75,0.0429372638463974,-0.0502758352085948,0.01144897248595953,0.0,0.4929895430803299,0.05146675556898117,0.0429372638463974
19120,34.5625,0.019731950014829636,-0.04150323048233986,0.020541954319924116,0.0,0.4912260606884956,0.04203741410747171,0.019731950014829636
19130,27.09375,0.03879528492689133,-0.048381497524678706,0.013427428808063269,0.0,0.49191913157701495,0.042095203045755626,0.03879528492689133
19140,36.5,0.03304990381002426,-0.0532930662855506,0.013736526388674975,0.0,0.49435717463493345,0.04389798138290644,0.03304990381002426
19150,38.09375,0.024430949240922928,-0.04323283359408379,0.010775297135114669,0.0,0.49490548521280286,0.046464020386338234,0.024430949240922928
19160,32.6875,0.036683034151792526,-0.05305939018726349,0.009421599376946688,0.0,0.4917190223932266,0.047418534941971305,0.036683034151792526
19170,35.5625,0.031032606959342957,-0.058066326193511486,0.0110721280798316,0.0,0.4890383094549179,0.04351369608193636,0.031032606959342957
19180,34.09375,0.03640630096197128,-0.05034399833530188,0.01008967636153102,0.0,0.48912389427423475,0.045046222023665906,0.03640630096197128
19190,34.53125,0.03430793061852455,-0.0414094403386116,0.020333624072372915,0.0,0.48954206854105,0.0437519695609808,0.03430793061852455
19200,29.71875,0.03689659386873245,-0.046050906646996737,0.012404616922140121,0.0,0.4913784980773926,0.036912987614050506,0.03689659386873245
19210,27.4375,0.05137570947408676,-0.05497975526377559,0.012717355322092772,0.0,0.49072303622961044,0.04426170364022255,0.05137570947408676
19220,40.03125,0.06692922115325928,-0.06556375380605459,0.009842720814049244,0.0,0.49565253853797914,0.05251562185585499,0.06692922115325928
19230,37.90625,0.04104840010404587,-0.052945866249501705,0.009044131543487311,0.0,0.495446714758873,0.05222848076373339,0.04104840010404587
19240,30.3125,0.03511620685458183,-0.05879495199769735,0.009960787883028389,0.0,0.4927712231874466,0.05144551396369934,0.03511620685458183
19250,29.96875,0.05400625616312027,-0.05182759165763855,0.012547598592936993,0.0,0.4938779339194298,0.04772420113440603,0.05400625616312027
19260,29.9375,0.02461712434887886,-0.04021491426974535,0.024735112581402062,0.0,0.4925922632217407,0.043185551092028616,0.02461712434887886
19270,40.0,0.05702667310833931,-0.05506432726979256,0.012955344934016465,0.0,0.49535898566246034,0.04521429799497127,0.05702667310833931
19280,27.0,0.03914549946784973,-0.060335705243051055,0.01043630507774651,0.0,0.4952010840177536,0.047062721499241886,0.03914549946784973
19290,36.375,0.04506213217973709,-0.06079430170357227,0.012363729625940323,0.0,0.4963727220892906,0.04946459596976638,0.04506213217973709
19300,30.75,0.03233473747968674,-0.058883292879909274,0.014563607703894376,0.0,0.4947371482849121,0.0476747490465641,0.03233473747968674
19310,32.71875,0.05892534554004669,-0.0654053758829832,0.01749731143936515,0.0,0.49672533571720123,0.048290586355142294,0.05892534554004669
19320,38.0,0.07063065469264984,-0.04643765576183796,0.021258937008678914,0.0,0.49923082888126374,0.056529015954583886,0.07063065469264984
19330,24.5,0.04039666801691055,-0.04997637737542391,0.01903213718906045,0.0,0.49742441624403,0.047540724044665694,0.04039666801691055
19340,28.65625,0.04710417240858078,-0.05130470972508192,0.022294473834335804,0.0,0.49673397839069366,0.051288559660315515,0.04710417240858078
19350,36.84375,0.045685432851314545,-0.050254542753100394,0.012655204255133867,0.0,0.49788870215415953,0.05181814888492227,0.045685432851314545
19360,29.71875,-0.0008315460290759802,-0.03329558558762073,0.020443898253142835,0.0,0.49836135357618333,0.04662400148808956,-0.0008315460290759802
19370,34.5625,0.03493433818221092,-0.022572262957692147,0.010277200490236282,0.0,0.4970329239964485,0.05351629815995693,0.03493433818221092
19380,39.71875,0.03967323899269104,-0.051870201528072354,0.007842003693804145,0.0,0.499310564994812,0.05615871232002974,0.03967323899269104
19390,40.25,0.03387381136417389,-0.053578016720712184,0.017322513554245234,0.0,0.4980988994240761,0.047871199995279314,0.03387381136417389
19400,28.15625,0.018955372273921967,-0.04624068331904709,0.010608890000730753,0.0,0.4987178027629852,0.049185302364639936,0.018955372273921967
19410,25.78125,0.031983233988285065,-0.055537743307650086,0.011817670054733753,0.0,0.49955359995365145,0.0482648485340178,0.031983233988285065
19420,28.28125,0.04293576627969742,-0.031476013269275425,0.013529623113572597,0.0,0.4960519835352898,0.04591496586799622,0.04293576627969742
19430,32.0625,0.05326675996184349,-0.041077967174351214,0.017300975788384677,0.0,0.4960253402590752,0.05311895962804556,0.05326675996184349
19440,36.1875,0.04356561601161957,-0.030808523017913102,0.01032352214679122,0.0,0.49569426029920577,0.05272716628387571,0.04356561601161957
19450,32.0,0.023221248760819435,-0.053176634944975376,0.01599654946476221,0.0,0.4937529474496841,0.04537999085150659,0.023221248760819435
19460,39.03125,0.06047159060835838,-0.04460780154913664,0.0121632840950042,0.0,0.49780506193637847,0.04999986675102264,0.06047159060835838
19470,29.625,0.07403887808322906,-0.04876473788172007,0.023929516412317754,0.0,0.49627264887094497,0.05275583770126104,0.07403887808322906
19480,31.96875,0.06781677156686783,-0.047086813300848004,0.010382859036326408,0.0,0.4953170567750931,0.04974307650700212,0.06781677156686783
19490,25.28125,0.049816347658634186,-0.04230044689029455,0.01832850007340312,0.0,0.4957971230149269,0.05547826886177063,0.049816347658634186
19500,39.6875,0.051871657371520996,-0.033811310306191444,0.011715267971158027,0.0,0.4974999070167542,0.05437883660197258,0.051871657371520996
19510,33.9375,0.042836885899305344,-0.04094535680487752,0.015260527096688747,0.0,0.5008972302079201,0.05298414696007967,0.042836885899305344
19520,27.15625,0.05095820128917694,-0.06139485388994217,0.01326238950714469,0.0,0.49915253221988676,0.04914253829047084,0.05095820128917694
19530,32.625,0.0447714738547802,-0.04624934587627649,0.012427461333572865,0.0,0.4997569903731346,0.052614779025316236,0.0447714738547802
19540,32.59375,0.05116608738899231,-0.05330274179577828,0.01062977621331811,0.0,0.49645030647516253,0.05699534900486469,0.05116608738899231
19550,28.625,0.03957333043217659,-0.0559583380818367,0.013031953666359185,0.0,0.49688332825899123,0.05244371136650443,0.03957333043217659
19560,32.90625,0.05161033198237419,-0.04308860264718532,0.013256441988050937,0.0,0.4988021031022072,0.04832639303058386,0.05161033198237419
19570,31.125,0.02544604241847992,-0.04291756153106689,0.01910785180516541,0.0,0.5014577254652977,0.05207455651834607,0.02544604241847992
19580,29.09375,0.04542537033557892,-0.052390608191490176,0.02511385139077902,0.0,0.5001576334238053,0.05337746646255255,0.04542537033557892
19590,29.375,0.03075886145234108,-0.06245747394859791,0.013507505040615797,0.0,0.49885556399822234,0.046813301555812356,0.03075886145234108
19600,25.8125,0.058128852397203445,-0.05271689370274544,0.009905019402503967,0.0,0.49475855827331544,0.048874529730528596,0.058128852397203445
19610,37.6875,0.047546543180942535,-0.044090906716883184,0.010910844244062901,0.0,0.49895571917295456,0.053177198953926565,0.047546543180942535
19620,27.75,0.0482177734375,-0.04506761822849512,0.009481672663241625,0.0,0.4954839885234833,0.04610191099345684,0.0482177734375
19630,30.15625,0.07127350568771362,-0.0570550873875618,0.016726868227124214,0.0,0.49625643640756606,0.04396466938778758,0.07127350568771362
19640,24.5625,0.024357840418815613,-0.050772809982299806,0.008960306970402598,0.0,0.4977655127644539,0.04796132137998939,0.024357840418815613
19650,36.0625,0.05587838962674141,-0.06253671757876873,0.011763267312198877,0.0,0.49650666415691375,0.05102445092052221,0.05587838962674141
19660,32.65625,0.041995272040367126,-0.049565695226192474,0.015433573443442584,0.0,0.4982256293296814,0.050449492689222095,0.041995272040367126
19670,30.46875,0.05056602880358696,-0.04048286844044924,0.014485062565654516,0.0,0.4982191726565361,0.045395927596837284,0.05056602880358696
19680,26.25,0.0522000789642334,-0.05210388181731105,0.011486944230273365,0.0,0.49890449047088625,0.05396869657561183,0.0522000789642334
19690,29.34375,0.032966405153274536,-0.0651082955300808,0.007583774207159877,0.0,0.4963678941130638,0.049045061133801936,0.032966405153274536
19700,31.96875,0.056706156581640244,-0.06420707497745752,0.010558411059901119,0.0,0.4983949676156044,0.05349162453785539,0.056706156581640244
19710,29.4375,0.06314359605312347,-0.05151712223887443,0.013349069189280272,0.0,0.4992822095751762,0.051890932582318784,0.06314359605312347
19720,28.75,0.037502072751522064,-0.053495198488235474,0.012604281026870012,0.0,0.49779718965291975,0.05228952281177044,0.037502072751522064
19730,24.46875,0.034327927976846695,-0.04973980970680714,0.010681436862796545,0.0,0.4962091684341431,0.04657233553007245,0.034327927976846695
19740,36.375,0.07301917672157288,-0.0393503487110138,0.017114192247390747,0.0,0.4974398255348206,0.05361811872571707,0.07301917672157288
19750,29.8125,0.05403728783130646,-0.05836221892386675,0.012366219982504844,0.0,0.49954895824193957,0.05551064964383841,0.05403728783130646
19760,35.375,0.055212974548339844,-0.046365910582244395,0.011094721127301454,0.0,0.5015603482723237,0.0502598543651402,0.055212974548339844
19770,28.28125,0.03547748178243637,-0.035242149885743854,0.012811156921088696,0.0,0.5012546926736832,0.055512764118611814,0.03547748178243637
19780,25.1875,0.06568627059459686,-0.0520323202945292,0.014581381529569625,0.0,0.5035744085907936,0.05990027934312821,0.06568627059459686
19790,21.53125,0.046053797006607056,-0.05291551798582077,0.016993966326117514,0.0,0.5029093816876411,0.05486089922487736,0.046053797006607056
19800,24.65625,0.01599726267158985,-0.04505908796563744,0.01604890925809741,0.0,0.4971593454480171,0.04733961680904031,0.01599726267158985
19810,29.40625,0.05986913666129112,-0.04545081742107868,0.015853434335440397,0.0,0.4932277202606201,0.04975256201578304,0.05986913666129112
19820,36.375,0.05205295979976654,-0.04407114628702402,0.02096578599885106,0.0,0.494194395840168,0.05492493361234665,0.05205295979976654
19830,27.9375,0.02325550653040409,-0.05001676883548498,0.015305216144770383,0.0,0.49628901928663255,0.044560781307518484,0.02325550653040409
19840,23.46875,0.03307432681322098,-0.0397815428674221,0.007752490695565939,0.0,0.4974362328648567,0.04914329303428531,0.03307432681322098
19850,28.9375,0.05532573163509369,-0.05083440593443811,0.013456381112337112,0.0,0.4991317346692085,0.04858128745108843,0.05532573163509369
19860,25.71875,0.05747992545366287,-0.0391141876578331,0.01274915337562561,0.0,0.4997959390282631,0.04713588394224644,0.05747992545366287
19870,28.84375,0.04335693269968033,-0.057844306156039235,0.018679900746792554,0.0,0.4988264173269272,0.04734947886317968,0.04335693269968033
19880,26.46875,0.015480955131351948,-0.05449255034327507,0.01394977504387498,0.0,0.5014587178826332,0.05233752951025963,0.015480955131351948
19890,28.9375,0.04440314322710037,-0.05284702377393842,0.013397136144340039,0.0,0.5003355130553245,0.04727081907913089,0.04440314322710037
19900,31.84375,0.062319494783878326,-0.04123528962954879,0.01401071697473526,0.0,0.5048621729016304,0.057832645066082475,0.062319494783878326
19910,27.0625,0.014602214097976685,-0.054158372525125745,0.014408761076629162,0.0,0.501895010471344,0.0509468637406826,0.014602214097976685
19920,20.125,0.012609895318746567,-0.05336178466677666,0.007883911207318305,0.0,0.5019336149096489,0.05368927610106766,0.012609895318746567
19930,22.34375,0.054158806800842285,-0.0572311345487833,0.0069046543911099436,0.0,0.5000727936625481,0.0570091413334012,0.054158806800842285
19940,32.5625,0.051428087055683136,-0.04957223050296307,0.01242620162665844,0.0,0.5024310946464539,0.06328578740358352,0.051428087055683136
19950,26.75,0.026481326669454575,-0.04581806622445583,0.01827645255252719,0.0,0.5020460307598114,0.051667758729308844,0.026481326669454575
19960,25.5,0.060503460466861725,-0.036212429963052274,0.008696345333009958,0.0,0.5043892458081245,0.06075638439506292,0.060503460466861725
19970,34.5625,0.039338309317827225,-0.03587390948086977,0.01487395204603672,0.0,0.5042818576097489,0.05230209301225841,0.039338309317827225
19980,28.28125,0.04688045382499695,-0.056288300827145574,0.008540008636191487,0.0,0.5073027729988098,0.06353074721992016,0.04688045382499695
19990,26.1875,0.06148315966129303,-0.05380945075303316,0.010607888456434011,0.0,0.5035082787275315,0.05400928137823939,0.06148315966129303
20000,21.25,0.013329846784472466,-0.04069406315684319,0.012900481279939414,0.0,0.5017979606986046,0.0539703412912786,0.013329846784472466
