epoch,lifetime,reward_mean,policy_loss,value_loss,sym_loss,score_real__/full,score_fake__/full,disc_reward__/full
1,16.0,0.003278167685493827,0.19675378650426864,0.9916329860687256,0.0,0.023195413872599602,0.006361868930980563,0.003278167685493827
10,18.8125,-0.02183929830789566,-0.029989261366426944,0.2936852127313614,0.0,0.026015240078171093,0.007169096226183076,-0.02183929830789566
20,16.25,-0.02764769457280636,-0.03203391246497631,0.0631240539252758,0.0,0.030477204360067844,0.004307245125528425,-0.02764769457280636
30,19.71875,-0.03684190660715103,-0.037704302463680506,0.047041337564587594,0.0,0.036484469287097455,-0.002179293270455673,-0.03684190660715103
40,19.8125,-0.04452093690633774,-0.0368772329762578,0.06688429191708564,0.0,0.04473749753087759,-0.009961196209769697,-0.04452093690633774
50,19.5,-0.05271703749895096,-0.0326447855681181,0.06455115079879761,0.0,0.052520567551255226,-0.017710691131651402,-0.05271703749895096
60,19.78125,-0.05453791096806526,-0.032157489098608494,0.05607780031859875,0.0,0.06163925398141146,-0.025594457145780326,-0.05453791096806526
70,21.6875,-0.061905570328235626,-0.030055368877947332,0.0751348964869976,0.0,0.06948710866272449,-0.036835032794624564,-0.061905570328235626
80,20.6875,-0.0696665570139885,-0.03575156144797802,0.04676678515970707,0.0,0.07809261158108712,-0.048302709870040414,-0.0696665570139885
90,18.90625,-0.08185815811157227,-0.03563830107450485,0.059882288053631785,0.0,0.08616918325424194,-0.057812074199318886,-0.08185815811157227
100,20.5625,-0.1043567806482315,-0.03492308910936117,0.05003712810575962,0.0,0.09347771182656288,-0.0722632423043251,-0.1043567806482315
110,23.1875,-0.10909222811460495,-0.033882602024823426,0.04213922135531902,0.0,0.10054187215864659,-0.08319122269749642,-0.10909222811460495
120,15.875,-0.1204727441072464,-0.03340379521250725,0.0434031430631876,0.0,0.10651524066925049,-0.09215804859995842,-0.1204727441072464
130,19.65625,-0.11499345302581787,-0.037254197895526885,0.035420439951121804,0.0,0.1123410951346159,-0.09836230389773845,-0.11499345302581787
140,18.34375,-0.13045039772987366,-0.037257534265518186,0.026690664514899255,0.0,0.11706475019454957,-0.10702479518949985,-0.13045039772987366
150,21.9375,-0.1317632645368576,-0.03502257578074932,0.03357314467430115,0.0,0.12401889152824878,-0.11133090928196906,-0.1317632645368576
160,16.09375,-0.15624767541885376,-0.03566364571452141,0.028503505885601042,0.0,0.12953994125127793,-0.11741932518780232,-0.15624767541885376
170,15.0,-0.15255722403526306,-0.0396594843827188,0.03979563936591148,0.0,0.13407762944698334,-0.12369712442159653,-0.15255722403526306
180,16.4375,-0.13448750972747803,-0.03723167879506946,0.0356242248788476,0.0,0.1371759869158268,-0.12448173053562642,-0.13448750972747803
190,17.21875,-0.15635597705841064,-0.03722985610365868,0.030423200502991677,0.0,0.14249622449278831,-0.13099311701953412,-0.15635597705841064
200,15.84375,-0.15833580493927002,-0.037015261314809325,0.0324141439050436,0.0,0.1450582452118397,-0.13516004681587218,-0.15833580493927002
210,18.0,-0.1504586935043335,-0.03457361366599798,0.03470640927553177,0.0,0.15025745332241058,-0.13422793969511987,-0.1504586935043335
220,21.375,-0.14688442647457123,-0.037190492078661916,0.019905770756304265,0.0,0.15278439372777938,-0.13593070060014725,-0.14688442647457123
230,14.53125,-0.1659471094608307,-0.03662835918366909,0.03835244346410036,0.0,0.15538500472903252,-0.13929372727870942,-0.1659471094608307
240,15.78125,-0.17174318432807922,-0.03830561954528093,0.04376780577003956,0.0,0.15987796559929848,-0.1460863970220089,-0.17174318432807922
250,22.34375,-0.1679031252861023,-0.03043832704424858,0.024494730308651923,0.0,0.15771282985806465,-0.15175387561321257,-0.1679031252861023
260,21.5,-0.16276559233665466,-0.03528591878712177,0.029479555785655975,0.0,0.1594204418361187,-0.1516004592180252,-0.16276559233665466
270,16.46875,-0.179114431142807,-0.0409101590514183,0.026311705820262432,0.0,0.16079219207167625,-0.1583787888288498,-0.179114431142807
280,19.21875,-0.18973305821418762,-0.03424917235970497,0.028723395988345148,0.0,0.16247541159391404,-0.16094700768589973,-0.18973305821418762
290,20.0,-0.18291154503822327,-0.033538426645100115,0.030821936018764973,0.0,0.1629881240427494,-0.1562691770493984,-0.18291154503822327
300,19.84375,-0.17433375120162964,-0.037023674510419366,0.03264502584934235,0.0,0.1653438240289688,-0.1577759124338627,-0.17433375120162964
310,17.25,-0.19880512356758118,-0.034388051647692916,0.027026562951505184,0.0,0.16749239191412926,-0.15554425418376921,-0.19880512356758118
320,17.34375,-0.17227599024772644,-0.034322858415544034,0.026368104107677936,0.0,0.1673194482922554,-0.15597260594367982,-0.17227599024772644
330,14.15625,-0.18024064600467682,-0.039259162917733195,0.053102195262908936,0.0,0.169834665954113,-0.15178273543715476,-0.18024064600467682
340,19.0,-0.17742913961410522,-0.03776223510503769,0.024371285177767276,0.0,0.17215168103575706,-0.15886436700820922,-0.17742913961410522
350,21.15625,-0.18520836532115936,-0.04164157118648291,0.023753665015101434,0.0,0.1724261000752449,-0.15940577313303947,-0.18520836532115936
360,16.6875,-0.18219594657421112,-0.03643066175282002,0.029972072504460812,0.0,0.1737661577761173,-0.15752375945448877,-0.18219594657421112
370,16.65625,-0.182443767786026,-0.040220231469720605,0.028385765850543976,0.0,0.1752493068575859,-0.16135866120457648,-0.182443767786026
380,17.03125,-0.20776012539863586,-0.03305414319038391,0.03974573649466038,0.0,0.17732749581336976,-0.1664114326238632,-0.20776012539863586
390,16.84375,-0.17597848176956177,-0.03670661691576242,0.03915341962128878,0.0,0.1789344258606434,-0.16171763464808464,-0.17597848176956177
400,19.75,-0.1812579333782196,-0.035277200303971766,0.03090733867138624,0.0,0.17704902440309525,-0.1614883176982403,-0.1812579333782196
410,14.15625,-0.1938454806804657,-0.03655902920290828,0.051596521586179736,0.0,0.17862463742494583,-0.16739403828978539,-0.1938454806804657
420,14.6875,-0.1905808448791504,-0.04103553257882595,0.028811557590961455,0.0,0.1789071448147297,-0.16581548750400543,-0.1905808448791504
430,14.65625,-0.18984346091747284,-0.040432236064225434,0.0465735137462616,0.0,0.1781166449189186,-0.16574879735708237,-0.18984346091747284
440,23.28125,-0.20616738498210907,-0.03493539504706859,0.059772690013051036,0.0,0.1798407480120659,-0.1711365483701229,-0.20616738498210907
450,22.40625,-0.17313717305660248,-0.037331337202340366,0.03999835066497326,0.0,0.17897170633077622,-0.16929348930716515,-0.17313717305660248
460,16.15625,-0.19662955403327942,-0.03903516996651888,0.046933791041374205,0.0,0.17863307967782022,-0.17157388404011725,-0.19662955403327942
470,14.59375,-0.1848716288805008,-0.03179270103573799,0.05817617028951645,0.0,0.17805998772382736,-0.16914329677820206,-0.1848716288805008
480,16.40625,-0.21005918085575104,-0.0387393917888403,0.05650399625301361,0.0,0.17836608737707138,-0.16739836633205413,-0.21005918085575104
490,17.0625,-0.20516511797904968,-0.037241777125746015,0.06103596575558186,0.0,0.17940159514546394,-0.16957265734672547,-0.20516511797904968
500,21.5625,-0.18945756554603577,-0.0403414698317647,0.0579675480723381,0.0,0.1785569354891777,-0.16694368571043014,-0.18945756554603577
510,19.03125,-0.2086884081363678,-0.04415701553225517,0.09940141886472702,0.0,0.17700840905308723,-0.17307352051138877,-0.2086884081363678
520,15.625,-0.18189063668251038,-0.04277113620191812,0.06680177003145218,0.0,0.17925818189978598,-0.17248764634132385,-0.18189063668251038
530,14.0625,-0.21111923456192017,-0.040225466899573806,0.08590829372406006,0.0,0.1795186445116997,-0.17844737470149993,-0.21111923456192017
540,20.6875,-0.17813192307949066,-0.042884270660579205,0.035088933818042276,0.0,0.17857026681303978,-0.16950308680534362,-0.17813192307949066
550,11.625,-0.22529619932174683,-0.040251081436872484,0.07638656347990036,0.0,0.17781247720122337,-0.17237310856580734,-0.22529619932174683
560,15.09375,-0.19413447380065918,-0.04027926307171583,0.03443411570042372,0.0,0.1789190024137497,-0.1735205188393593,-0.19413447380065918
570,15.375,-0.1936071664094925,-0.03947074916213751,0.04003228899091482,0.0,0.1790584847331047,-0.1666248619556427,-0.1936071664094925
580,18.40625,-0.19363105297088623,-0.04104860741645098,0.0523082323372364,0.0,0.17994389683008194,-0.17303314581513404,-0.19363105297088623
590,17.21875,-0.20128145813941956,-0.041290052235126495,0.03514650538563728,0.0,0.17933311238884925,-0.17649373784661293,-0.20128145813941956
600,14.375,-0.19258332252502441,-0.0425510173663497,0.055524610728025434,0.0,0.17778753191232682,-0.16926942840218545,-0.19258332252502441
610,20.34375,-0.1941935420036316,-0.03528676424175501,0.07649341858923435,0.0,0.17893429324030877,-0.17083954066038132,-0.1941935420036316
620,17.125,-0.17130059003829956,-0.03795875981450081,0.07289432734251022,0.0,0.17983038872480392,-0.16884596198797225,-0.17130059003829956
630,18.28125,-0.20734041929244995,-0.047143503464758395,0.044266093894839285,0.0,0.17957404404878616,-0.17284236773848533,-0.20734041929244995
640,19.3125,-0.18688225746154785,-0.039507230184972285,0.04505657386034727,0.0,0.17943220734596252,-0.16923035606741904,-0.18688225746154785
650,18.84375,-0.18167231976985931,-0.03979149535298347,0.042080846056342124,0.0,0.18040098771452903,-0.17085276842117308,-0.18167231976985931
660,18.5,-0.18688324093818665,-0.03950697872787714,0.02519181780517101,0.0,0.178670047968626,-0.16867674514651299,-0.18688324093818665
670,15.65625,-0.17300432920455933,-0.04008513279259205,0.051464182883501054,0.0,0.17779718190431595,-0.1693508192896843,-0.17300432920455933
680,15.625,-0.1806771159172058,-0.03881314098834991,0.04308061413466931,0.0,0.17799468636512755,-0.15968336835503577,-0.1806771159172058
690,17.125,-0.21162495017051697,-0.03777249604463577,0.0423676136881113,0.0,0.1768401212990284,-0.17366705611348152,-0.21162495017051697
700,15.03125,-0.2001887559890747,-0.03841348132118583,0.028762239404022692,0.0,0.17601155936717988,-0.17210600823163985,-0.2001887559890747
710,19.6875,-0.19790667295455933,-0.034229507856071,0.02918577827513218,0.0,0.17741167098283767,-0.16879580467939376,-0.19790667295455933
720,15.9375,-0.18997573852539062,-0.03632633611559868,0.04771730713546276,0.0,0.17536257281899453,-0.1641312025487423,-0.18997573852539062
730,16.6875,-0.17216652631759644,-0.04198225568979978,0.042725269123911856,0.0,0.17541687786579133,-0.1623987838625908,-0.17216652631759644
740,20.0625,-0.1777157485485077,-0.02743979897350073,0.0716649204492569,0.0,0.1744248777627945,-0.15998834297060965,-0.1777157485485077
750,25.375,-0.17476323246955872,-0.0365870576351881,0.03718550596386194,0.0,0.17499889731407164,-0.1594436436891556,-0.17476323246955872
760,16.3125,-0.18350908160209656,-0.034314822405576706,0.03808769304305315,0.0,0.17223627716302872,-0.16006535813212394,-0.18350908160209656
770,16.71875,-0.2190556526184082,-0.04488636665046215,0.026433469727635384,0.0,0.17163905948400499,-0.16482688635587692,-0.2190556526184082
780,18.1875,-0.16259971261024475,-0.041803226340562105,0.023877291940152645,0.0,0.1704553984105587,-0.16621541902422904,-0.16259971261024475
790,17.75,-0.21001377701759338,-0.036411792412400244,0.052416672185063365,0.0,0.17152131646871566,-0.1687074311077595,-0.21001377701759338
800,17.5,-0.16455170512199402,-0.03996479958295822,0.02446679472923279,0.0,0.1710035741329193,-0.16425645351409912,-0.16455170512199402
810,18.4375,-0.1637735515832901,-0.04081218130886555,0.04176101721823215,0.0,0.17191881984472274,-0.1609148070216179,-0.1637735515832901
820,22.25,-0.1757238507270813,-0.03739513577893376,0.03135080989450216,0.0,0.1704865276813507,-0.1637710489332676,-0.1757238507270813
830,19.125,-0.18856821954250336,-0.040093420259654525,0.03519236277788877,0.0,0.17075015977025032,-0.16591836735606194,-0.18856821954250336
840,19.21875,-0.1693929135799408,-0.040421290695667265,0.0339869087561965,0.0,0.17062432691454887,-0.16083291918039322,-0.1693929135799408
850,17.59375,-0.1737906038761139,-0.043739627581089735,0.026122863031923772,0.0,0.17175570949912072,-0.1621023178100586,-0.1737906038761139
860,20.75,-0.19096346199512482,-0.035556531883776187,0.047380131483078,0.0,0.1696661151945591,-0.16638526692986488,-0.19096346199512482
870,20.78125,-0.1746102273464203,-0.04006437100470066,0.040887341275811194,0.0,0.16909327879548072,-0.16558435261249543,-0.1746102273464203
880,17.28125,-0.19249022006988525,-0.0349292479455471,0.032938267290592196,0.0,0.16668975874781608,-0.16700031757354736,-0.19249022006988525
890,21.5,-0.20462080836296082,-0.04377844873815775,0.03027224913239479,0.0,0.16880489885807037,-0.16589909493923188,-0.20462080836296082
900,14.5625,-0.19169466197490692,-0.03764007166028023,0.03204509317874908,0.0,0.16614831537008284,-0.16669880375266075,-0.19169466197490692
910,19.15625,-0.1867944896221161,-0.03869981896132231,0.03132886085659266,0.0,0.16662423089146614,-0.1635235331952572,-0.1867944896221161
920,19.59375,-0.19598782062530518,-0.045361035503447056,0.02575542777776718,0.0,0.16488995477557183,-0.17208482697606087,-0.19598782062530518
930,17.59375,-0.18174156546592712,-0.03650672221556306,0.023106219619512557,0.0,0.1644450418651104,-0.17344106808304788,-0.18174156546592712
940,22.59375,-0.20040498673915863,-0.04021601695567369,0.044154870137572286,0.0,0.16440851613879204,-0.18037910684943198,-0.20040498673915863
950,17.09375,-0.18909764289855957,-0.0354804590344429,0.026811210624873637,0.0,0.16305410787463187,-0.17565919160842897,-0.18909764289855957
960,21.0,-0.1843007653951645,-0.03687577955424785,0.03341210931539536,0.0,0.16209628358483313,-0.17061043307185172,-0.1843007653951645
970,18.21875,-0.19032035768032074,-0.03582788063213229,0.051622822508215906,0.0,0.16371920704841614,-0.1700058735907078,-0.19032035768032074
980,16.71875,-0.20202481746673584,-0.03867360530421138,0.04093463998287916,0.0,0.1656475655734539,-0.17535047829151154,-0.20202481746673584
990,24.65625,-0.17176398634910583,-0.03793990630656481,0.0350626889616251,0.0,0.16448331847786904,-0.1724699467420578,-0.17176398634910583
1000,26.125,-0.18946506083011627,-0.033286493830382825,0.014192984439432621,0.0,0.16362329348921775,-0.17511187493801117,-0.18946506083011627
1010,21.84375,-0.199952632188797,-0.03794687213376165,0.033167433366179465,0.0,0.16222639381885529,-0.17916771098971368,-0.199952632188797
1020,18.84375,-0.1890326738357544,-0.03610992729663849,0.025640557520091534,0.0,0.1624412141740322,-0.17355736792087556,-0.1890326738357544
1030,19.4375,-0.1813916265964508,-0.036792182456701995,0.011742911580950022,0.0,0.16284873858094215,-0.1735375463962555,-0.1813916265964508
1040,20.90625,-0.17363443970680237,-0.031797587871551514,0.044101905263960364,0.0,0.1642803817987442,-0.16861963123083115,-0.17363443970680237
1050,20.46875,-0.1918097734451294,-0.03744015684351325,0.017183572985231876,0.0,0.16393173933029176,-0.16619501784443855,-0.1918097734451294
1060,19.71875,-0.17222057282924652,-0.03550882320851088,0.01826063562184572,0.0,0.1648458406329155,-0.1645587369799614,-0.17222057282924652
1070,18.0625,-0.1752811223268509,-0.03826299151405692,0.027159459702670575,0.0,0.1672077901661396,-0.1681428037583828,-0.1752811223268509
1080,20.5,-0.1967298984527588,-0.040759123582392934,0.04977331347763538,0.0,0.16797074675559998,-0.16334880366921425,-0.1967298984527588
1090,14.59375,-0.19460812211036682,-0.039568911865353586,0.0300642691552639,0.0,0.1693544454872608,-0.16279284805059432,-0.19460812211036682
1100,18.0625,-0.15767380595207214,-0.03453625999391079,0.020607965439558028,0.0,0.17025282382965087,-0.1593417964875698,-0.15767380595207214
1110,22.71875,-0.1589530110359192,-0.03920312747359276,0.022720097098499537,0.0,0.17033257260918616,-0.15977878943085672,-0.1589530110359192
1120,21.875,-0.1733904778957367,-0.039263138500973585,0.021770686283707617,0.0,0.17498568892478944,-0.16108610555529596,-0.1733904778957367
1130,19.25,-0.16553786396980286,-0.03538239449262619,0.0385942442342639,0.0,0.17437485009431838,-0.16027614548802377,-0.16553786396980286
1140,17.40625,-0.16144180297851562,-0.03981801262125373,0.030332385934889315,0.0,0.17631798833608628,-0.15411899313330651,-0.16144180297851562
1150,15.21875,-0.18373218178749084,-0.039728075917810204,0.04679716676473618,0.0,0.17895061150193214,-0.16040491834282875,-0.18373218178749084
1160,13.5625,-0.20301032066345215,-0.03661679420620203,0.023381631541997194,0.0,0.17886641696095468,-0.1618290774524212,-0.20301032066345215
1170,20.21875,-0.1693182736635208,-0.04454740025103092,0.030095386505126952,0.0,0.18089631721377372,-0.1588835634291172,-0.1693182736635208
1180,19.1875,-0.1740029752254486,-0.040686113946139815,0.06306445598602295,0.0,0.17893106266856193,-0.15674045830965042,-0.1740029752254486
1190,18.15625,-0.18647581338882446,-0.03967350907623768,0.02327627278864384,0.0,0.18115852177143096,-0.1525338888168335,-0.18647581338882446
1200,18.28125,-0.17148882150650024,-0.035350730456411836,0.025500436127185822,0.0,0.18286073282361032,-0.14943472370505334,-0.17148882150650024
1210,18.6875,-0.1773294359445572,-0.04442668640986085,0.017555642500519754,0.0,0.18309670686721802,-0.1509893573820591,-0.1773294359445572
1220,20.28125,-0.1708086133003235,-0.04019695296883583,0.03241866733878851,0.0,0.18401983007788658,-0.15172965675592423,-0.1708086133003235
1230,18.40625,-0.15535371005535126,-0.03741162996739149,0.023819783702492714,0.0,0.1847648613154888,-0.1500622361898422,-0.15535371005535126
1240,19.46875,-0.16747120022773743,-0.036431134678423405,0.03488694615662098,0.0,0.186951894313097,-0.15482479184865952,-0.16747120022773743
1250,16.5625,-0.15563204884529114,-0.040742562431842086,0.030890042334794997,0.0,0.1860240213572979,-0.15144364163279533,-0.15563204884529114
1260,21.21875,-0.16982439160346985,-0.029563539661467075,0.10657155141234398,0.0,0.18728934079408646,-0.15891584977507592,-0.16982439160346985
1270,20.5,-0.16993936896324158,-0.04227021187543869,0.02856960501521826,0.0,0.1902143359184265,-0.14913892298936843,-0.16993936896324158
1280,18.21875,-0.1564849615097046,-0.03761255871504545,0.05403570979833603,0.0,0.18910528868436813,-0.14988284483551978,-0.1564849615097046
1290,19.65625,-0.14638002216815948,-0.03920226562768221,0.036984396353363994,0.0,0.19076238796114922,-0.14161891341209412,-0.14638002216815948
1300,16.90625,-0.17986442148685455,-0.03867966048419476,0.028571638464927673,0.0,0.19084041118621825,-0.16124166399240494,-0.17986442148685455
1310,24.125,-0.1575894057750702,-0.040434858202934264,0.019005225878208874,0.0,0.19289213493466378,-0.14415243417024612,-0.1575894057750702
1320,20.5625,-0.1561327874660492,-0.04180058501660824,0.02719801925122738,0.0,0.19197491258382798,-0.14998704418540001,-0.1561327874660492
1330,23.5,-0.13834890723228455,-0.038520737551152706,0.031799893639981744,0.0,0.19317534938454628,-0.150362379103899,-0.13834890723228455
1340,17.125,-0.1716393679380417,-0.042595579847693445,0.02122096177190542,0.0,0.1928656704723835,-0.14915439188480378,-0.1716393679380417
1350,16.1875,-0.1524164378643036,-0.035017204098403455,0.03072033207863569,0.0,0.19322351813316346,-0.1473746232688427,-0.1524164378643036
1360,18.78125,-0.1547844111919403,-0.039754927065223454,0.026760721020400523,0.0,0.1949652574956417,-0.15121255218982696,-0.1547844111919403
1370,15.875,-0.200534850358963,-0.043012828752398494,0.05595829226076603,0.0,0.1967891462147236,-0.1441550850868225,-0.200534850358963
1380,15.125,-0.17873764038085938,-0.03803821904584766,0.062428956106305125,0.0,0.19642479196190835,-0.15464458242058754,-0.17873764038085938
1390,21.03125,-0.1595267355442047,-0.038321220129728314,0.029338560439646243,0.0,0.19705014079809188,-0.1517852410674095,-0.1595267355442047
1400,17.28125,-0.16227158904075623,-0.040387658216059205,0.08895653821527957,0.0,0.19644747003912927,-0.15563005730509757,-0.16227158904075623
1410,18.46875,-0.16807803511619568,-0.039855107106268405,0.02876888997852802,0.0,0.19725965857505798,-0.1492006339132786,-0.16807803511619568
1420,23.03125,-0.16227984428405762,-0.04660986512899399,0.03281071037054062,0.0,0.19783376157283783,-0.1505552526563406,-0.16227984428405762
1430,19.78125,-0.17079955339431763,-0.04621741510927677,0.03669504597783089,0.0,0.19867479801177979,-0.15327642634510993,-0.17079955339431763
1440,17.9375,-0.17634916305541992,-0.040753236040472984,0.03779843002557755,0.0,0.1998540334403515,-0.15371327027678489,-0.17634916305541992
1450,18.03125,-0.17030200362205505,-0.041450880188494924,0.017063705902546644,0.0,0.1997633807361126,-0.15340475291013717,-0.17030200362205505
1460,18.1875,-0.17126992344856262,-0.0400458550080657,0.04827331900596619,0.0,0.20018171966075898,-0.14825580567121505,-0.17126992344856262
1470,20.28125,-0.17210489511489868,-0.03889779318124056,0.03349513802677393,0.0,0.2017174854874611,-0.15598924681544304,-0.17210489511489868
1480,20.8125,-0.16067549586296082,-0.03191401902586222,0.04512001927942037,0.0,0.20174605622887612,-0.15319514721632005,-0.16067549586296082
1490,18.75,-0.17610354721546173,-0.037781013548374175,0.04848508201539516,0.0,0.200908575206995,-0.15068697929382324,-0.17610354721546173
1500,19.125,-0.18096670508384705,-0.03665548283606768,0.04674454610794783,0.0,0.2026731476187706,-0.1535431809723377,-0.18096670508384705
1510,18.5625,-0.1774424910545349,-0.04113274998962879,0.025586501695215702,0.0,0.20268319994211198,-0.16177425608038903,-0.1774424910545349
1520,15.40625,-0.17418885231018066,-0.03947839178144932,0.03162906188517809,0.0,0.2020629234611988,-0.15394603982567787,-0.17418885231018066
1530,19.125,-0.192613422870636,-0.04245796082541346,0.025148750841617586,0.0,0.20299649238586426,-0.15776936411857606,-0.192613422870636
1540,19.3125,-0.14532476663589478,-0.03556413445621729,0.030867626890540123,0.0,0.20181432291865348,-0.15115626752376557,-0.14532476663589478
1550,14.8125,-0.1780748963356018,-0.03855832498520613,0.032725199684500696,0.0,0.2031976878643036,-0.15437398552894593,-0.1780748963356018
1560,13.53125,-0.17926083505153656,-0.041205175686627626,0.03523002043366432,0.0,0.2053958795964718,-0.15557749271392823,-0.17926083505153656
1570,19.9375,-0.15195079147815704,-0.0353449460119009,0.0501649871468544,0.0,0.20556240230798722,-0.15473074913024903,-0.15195079147815704
1580,18.9375,-0.174546018242836,-0.042616537678986786,0.023257222957909107,0.0,0.20683032348752023,-0.15573506578803062,-0.174546018242836
1590,22.625,-0.15766915678977966,-0.03263529669493437,0.15146053433418274,0.0,0.20965053811669349,-0.14809493497014045,-0.15766915678977966
1600,15.53125,-0.1491658091545105,-0.039364315755665305,0.023185611888766288,0.0,0.20873819142580033,-0.15053187049925326,-0.1491658091545105
1610,16.53125,-0.18952220678329468,-0.03953753374516964,0.07824681252241135,0.0,0.20715664252638816,-0.1575689785182476,-0.18952220678329468
1620,18.59375,-0.1638968586921692,-0.0335853005759418,0.0387607516720891,0.0,0.20941576957702637,-0.14688439294695854,-0.1638968586921692
1630,21.375,-0.1911318302154541,-0.03831824641674757,0.05282429289072752,0.0,0.21048174649477006,-0.15053073428571223,-0.1911318302154541
1640,16.3125,-0.18324041366577148,-0.04221055991947651,0.044245701283216476,0.0,0.2103266306221485,-0.16567372605204583,-0.18324041366577148
1650,23.71875,-0.16917799413204193,-0.039896055683493616,0.04448826611042023,0.0,0.2110357888042927,-0.15210146009922026,-0.16917799413204193
1660,17.5625,-0.16583535075187683,-0.037129628285765645,0.02834676466882229,0.0,0.21054235994815826,-0.14849162846803665,-0.16583535075187683
1670,23.34375,-0.1605335921049118,-0.038094532862305644,0.02637439351528883,0.0,0.21267081126570703,-0.15182518549263477,-0.1605335921049118
1680,20.34375,-0.17461416125297546,-0.04088942594826221,0.026345923915505408,0.0,0.21162405908107756,-0.1497952252626419,-0.17461416125297546
1690,21.46875,-0.15669593214988708,-0.04153890684247017,0.04897787794470787,0.0,0.21277843788266182,-0.153397835791111,-0.15669593214988708
1700,19.5,-0.16017109155654907,-0.04171337652951479,0.04084158502519131,0.0,0.2128768064081669,-0.151230102032423,-0.16017109155654907
1710,19.25,-0.1494363248348236,-0.046418385300785306,0.029839498177170753,0.0,0.21249182373285294,-0.15700074285268784,-0.1494363248348236
1720,18.71875,-0.16461098194122314,-0.04312199018895626,0.02766375318169594,0.0,0.21436894088983535,-0.16543713510036467,-0.16461098194122314
1730,18.34375,-0.16380590200424194,-0.03466999419033527,0.02418976742774248,0.0,0.21547500491142274,-0.1579091526567936,-0.16380590200424194
1740,21.84375,-0.16988115012645721,-0.041435393411666153,0.024747484177351,0.0,0.21560471653938293,-0.15538519620895386,-0.16988115012645721
1750,18.1875,-0.15682777762413025,-0.045844591408967975,0.025457540154457094,0.0,0.2157955899834633,-0.1464313767850399,-0.15682777762413025
1760,18.0625,-0.14444246888160706,-0.03712039422243833,0.022123455815017224,0.0,0.21750461533665658,-0.15398019850254058,-0.14444246888160706
1770,20.15625,-0.14172501862049103,-0.040700412821024656,0.021838944964110853,0.0,0.2189142994582653,-0.15579520389437676,-0.14172501862049103
1780,18.5,-0.16850921511650085,-0.03671778719872236,0.025973032228648663,0.0,0.21869877502322196,-0.15375452265143394,-0.16850921511650085
1790,18.125,-0.16360127925872803,-0.042469204030931,0.027436800114810467,0.0,0.2184845872223377,-0.15162738636136056,-0.16360127925872803
1800,15.40625,-0.164395272731781,-0.044061065278947355,0.01934400647878647,0.0,0.2197709009051323,-0.1555912483483553,-0.164395272731781
1810,23.75,-0.1683012694120407,-0.04149015415459871,0.0400675879791379,0.0,0.21855824589729309,-0.14936036840081215,-0.1683012694120407
1820,18.09375,-0.153455451130867,-0.036571093183010814,0.018040502350777386,0.0,0.2202633149921894,-0.15750041492283345,-0.153455451130867
1830,29.25,-0.16197378933429718,-0.037047412060201165,0.039848733320832254,0.0,0.22158420830965042,-0.15207313969731331,-0.16197378933429718
1840,19.90625,-0.14091286063194275,-0.037543429993093014,0.02891904506832361,0.0,0.21983920708298682,-0.15623926967382432,-0.14091286063194275
1850,14.59375,-0.13697203993797302,-0.0347234383225441,0.017071492690593004,0.0,0.22045090347528457,-0.15178853459656239,-0.13697203993797302
1860,18.65625,-0.15722548961639404,-0.03756430530920625,0.041914529725909234,0.0,0.22070445194840432,-0.14826084300875664,-0.15722548961639404
1870,18.53125,-0.1598675698041916,-0.03823915421962738,0.0170985653065145,0.0,0.22109875753521918,-0.14586351327598096,-0.1598675698041916
1880,18.84375,-0.19810758531093597,-0.03901688447222114,0.03371100798249245,0.0,0.22106095179915428,-0.15305989980697632,-0.19810758531093597
1890,24.0,-0.16197244822978973,-0.037147858366370204,0.024509359523653983,0.0,0.2234019987285137,-0.14951333664357663,-0.16197244822978973
1900,18.5,-0.16005071997642517,-0.0411218686029315,0.02156116161495447,0.0,0.22301576808094978,-0.14759701043367385,-0.16005071997642517
1910,24.75,-0.15332692861557007,-0.03845090502873063,0.02487955428659916,0.0,0.22540140748023987,-0.14266757071018218,-0.15332692861557007
1920,18.28125,-0.16408869624137878,-0.038002927973866465,0.04124815594404936,0.0,0.2237791523337364,-0.14998447746038437,-0.16408869624137878
1930,15.28125,-0.20715904235839844,-0.043767224065959454,0.053773483633995055,0.0,0.22341459318995477,-0.15214654207229614,-0.20715904235839844
1940,17.75,-0.14693880081176758,-0.04379147551953792,0.024623717553913592,0.0,0.22287536188960075,-0.14152869991958142,-0.14693880081176758
1950,18.75,-0.1382904052734375,-0.038811817206442355,0.02688272763043642,0.0,0.2257060706615448,-0.14791955053806305,-0.1382904052734375
1960,19.15625,-0.15612882375717163,-0.03462793957442045,0.054850220680236816,0.0,0.22531071230769156,-0.14507023692131044,-0.15612882375717163
1970,20.21875,-0.14894287288188934,-0.0422267584130168,0.030240974202752114,0.0,0.2235547661781311,-0.15136612579226494,-0.14894287288188934
1980,15.625,-0.18997055292129517,-0.03856359012424946,0.04236409030854702,0.0,0.22520291358232497,-0.15249425508081912,-0.18997055292129517
1990,20.34375,-0.16635531187057495,-0.03770051151514053,0.05113246701657772,0.0,0.2254292443394661,-0.1491192054003477,-0.16635531187057495
2000,19.5,-0.17354810237884521,-0.03476898819208145,0.11545592918992043,0.0,0.2239087738096714,-0.15168420374393463,-0.17354810237884521
2010,23.90625,-0.16826754808425903,-0.04166913777589798,0.02510266825556755,0.0,0.22386952266097068,-0.14407178871333598,-0.16826754808425903
2020,17.65625,-0.16524887084960938,-0.034195746295154095,0.015506179258227348,0.0,0.22566874101758003,-0.15114594548940657,-0.16524887084960938
2030,17.6875,-0.1438252329826355,-0.03976521180011332,0.013876326382160187,0.0,0.22692435681819917,-0.14062083512544632,-0.1438252329826355
2040,18.3125,-0.15283814072608948,-0.045111272111535074,0.02074739495292306,0.0,0.22533488571643828,-0.14082817621529103,-0.15283814072608948
2050,20.15625,-0.14827175438404083,-0.037636713683605195,0.024782110191881656,0.0,0.2252170868217945,-0.14395674355328084,-0.14827175438404083
2060,20.375,-0.20322397351264954,-0.04029207807034254,0.02976127676665783,0.0,0.22640213891863822,-0.14542523510754107,-0.20322397351264954
2070,21.90625,-0.12982511520385742,-0.036436230130493644,0.012562951073050499,0.0,0.22768724635243415,-0.14733465798199177,-0.12982511520385742
2080,21.53125,-0.15359944105148315,-0.03904369603842497,0.027066277153789998,0.0,0.22846701592206956,-0.14470770433545113,-0.15359944105148315
2090,24.71875,-0.13626335561275482,-0.041379372030496596,0.016381779592484234,0.0,0.23226949498057364,-0.14469203017652035,-0.13626335561275482
2100,22.125,-0.13604918122291565,-0.04297088962048292,0.01116852080449462,0.0,0.23004088178277016,-0.1368076667189598,-0.13604918122291565
2110,19.59375,-0.14460304379463196,-0.043316254392266273,0.02027053413912654,0.0,0.23006304278969764,-0.14695316776633263,-0.14460304379463196
2120,15.75,-0.1723313331604004,-0.04522073022089899,0.030287265591323376,0.0,0.23174143508076667,-0.1503635536879301,-0.1723313331604004
2130,16.875,-0.17331594228744507,-0.03191461507230997,0.06432254165410996,0.0,0.2309878334403038,-0.14390784315764904,-0.17331594228744507
2140,24.40625,-0.13736788928508759,-0.04064066745340824,0.019434784539043903,0.0,0.23427411466836928,-0.13686322867870332,-0.13736788928508759
2150,19.9375,-0.171321302652359,-0.04452441837638617,0.01858125366270542,0.0,0.2347706899046898,-0.1373257555067539,-0.171321302652359
2160,17.34375,-0.1480129063129425,-0.04394121617078781,0.02088704127818346,0.0,0.2354574717581272,-0.13301650248467922,-0.1480129063129425
2170,24.875,-0.13636866211891174,-0.03680078983306885,0.029058367386460303,0.0,0.23531316369771957,-0.14342536367475986,-0.13636866211891174
2180,19.125,-0.14685480296611786,-0.03608670895919204,0.028603450767695902,0.0,0.23490389809012413,-0.14511197246611118,-0.14685480296611786
2190,14.375,-0.16958045959472656,-0.03849018681794405,0.021782286651432513,0.0,0.23740648329257966,-0.1504636723548174,-0.16958045959472656
2200,20.1875,-0.15422287583351135,-0.04369592759758234,0.05329142473638058,0.0,0.23656072616577148,-0.14381445497274398,-0.15422287583351135
2210,20.34375,-0.1611143946647644,-0.038892113231122495,0.04425592496991158,0.0,0.23662774115800858,-0.15144588947296142,-0.1611143946647644
2220,19.21875,-0.15356841683387756,-0.04245343096554279,0.01781095704063773,0.0,0.2379591681063175,-0.13745975382626058,-0.15356841683387756
2230,20.3125,-0.1626017689704895,-0.04152626302093267,0.01765500558540225,0.0,0.23934560194611548,-0.13594427816569804,-0.1626017689704895
2240,22.46875,-0.15802553296089172,-0.03992045801132917,0.128801379352808,0.0,0.24064200073480607,-0.13062663972377778,-0.15802553296089172
2250,21.40625,-0.16582822799682617,-0.043984131328761576,0.03180274199694395,0.0,0.23816100582480432,-0.1306905299425125,-0.16582822799682617
2260,20.375,-0.15284040570259094,-0.037390324659645556,0.03320498038083315,0.0,0.2390868917107582,-0.1420537307858467,-0.15284040570259094
2270,23.65625,-0.12329555302858353,-0.037529156729578975,0.028668584208935498,0.0,0.2413569301366806,-0.1347891829907894,-0.12329555302858353
2280,17.34375,-0.13865089416503906,-0.03611441906541586,0.02945854775607586,0.0,0.24101076871156693,-0.13158201351761817,-0.13865089416503906
2290,18.59375,-0.16819503903388977,-0.037946049869060514,0.08421583920717239,0.0,0.24141400083899497,-0.13602858930826187,-0.16819503903388977
2300,21.375,-0.11378809809684753,-0.04096108470112085,0.01711520440876484,0.0,0.24137599319219588,-0.12864519245922565,-0.11378809809684753
2310,17.78125,-0.1663685292005539,-0.03961617723107338,0.04968167282640934,0.0,0.2407819874584675,-0.14342221878468991,-0.1663685292005539
2320,23.28125,-0.15901410579681396,-0.03710942696779966,0.02933392059057951,0.0,0.2414452202618122,-0.14240534529089927,-0.15901410579681396
2330,15.34375,-0.14155220985412598,-0.040476886741817,0.0167491571046412,0.0,0.2407701477408409,-0.13370866887271404,-0.14155220985412598
2340,20.65625,-0.13731613755226135,-0.04115162193775177,0.023320489563047886,0.0,0.24282639771699904,-0.14042357578873635,-0.13731613755226135
2350,19.46875,-0.17065609991550446,-0.04062401233240962,0.028181163780391216,0.0,0.24404474273324012,-0.13695485927164555,-0.17065609991550446
2360,21.375,-0.1359584480524063,-0.04014533963054419,0.03179613426327706,0.0,0.24503517374396325,-0.12558082714676858,-0.1359584480524063
2370,22.5,-0.1699158251285553,-0.032689443044364455,0.08150436393916607,0.0,0.2450987346470356,-0.13043850287795067,-0.1699158251285553
2380,16.875,-0.15342186391353607,-0.0458279512822628,0.012682965397834778,0.0,0.24717823565006256,-0.1315794587135315,-0.15342186391353607
2390,22.5625,-0.15039899945259094,-0.03331876741722226,0.11826660484075546,0.0,0.2477816864848137,-0.13494274578988552,-0.15039899945259094
2400,20.375,-0.12482383847236633,-0.0427497667260468,0.018219945207238197,0.0,0.24698511734604836,-0.12609583027660848,-0.12482383847236633
2410,16.65625,-0.16648134589195251,-0.030717306584119797,0.2385604739189148,0.0,0.24763040393590927,-0.1292109504342079,-0.16648134589195251
2420,16.0625,-0.14358504116535187,-0.041118251718580724,0.03324097767472267,0.0,0.2502911947667599,-0.12470796257257462,-0.14358504116535187
2430,13.09375,-0.15258166193962097,-0.035030745714902875,0.04030021522194147,0.0,0.24955421388149263,-0.1321130320429802,-0.15258166193962097
2440,18.03125,-0.13542592525482178,-0.03539473060518503,0.019015492312610148,0.0,0.25049825459718705,-0.1251465655863285,-0.13542592525482178
2450,20.78125,-0.11947838217020035,-0.04409956634044647,0.04547414667904377,0.0,0.25206846445798875,-0.12723697498440742,-0.11947838217020035
2460,21.59375,-0.1464931070804596,-0.041059745103120805,0.047969799116253854,0.0,0.2519751124083996,-0.12915031053125858,-0.1464931070804596
2470,17.78125,-0.10872581601142883,-0.039347687549889085,0.023102398216724395,0.0,0.25300623625516894,-0.122802247479558,-0.10872581601142883
2480,22.15625,-0.1377069056034088,-0.04120090305805206,0.04309801943600178,0.0,0.2568714961409569,-0.12207623906433582,-0.1377069056034088
2490,21.96875,-0.12125243246555328,-0.04227636158466339,0.028632736578583718,0.0,0.2556235931813717,-0.11566825918853282,-0.12125243246555328
2500,19.84375,-0.14977598190307617,-0.043712645024061206,0.028313536383211612,0.0,0.25613903626799583,-0.13179437518119813,-0.14977598190307617
2510,15.625,-0.1501094549894333,-0.036270933132618664,0.16238943487405777,0.0,0.25624111741781236,-0.13670085296034812,-0.1501094549894333
2520,18.3125,-0.10693766176700592,-0.043736270442605016,0.03747873343527317,0.0,0.25677740573883057,-0.11636634543538094,-0.10693766176700592
2530,20.1875,-0.1429031491279602,-0.042606054618954656,0.03367653824388981,0.0,0.2592939242720604,-0.1195803690701723,-0.1429031491279602
2540,21.71875,-0.10696554183959961,-0.04080406865105033,0.024224408995360137,0.0,0.25992485880851746,-0.1204467948526144,-0.10696554183959961
2550,19.78125,-0.1265839785337448,-0.04136741366237402,0.023082191683351995,0.0,0.26011760383844373,-0.11884548030793667,-0.1265839785337448
2560,17.1875,-0.1597515493631363,-0.03749423255212605,0.17641450464725494,0.0,0.2600484251976013,-0.12708392180502415,-0.1597515493631363
2570,23.625,-0.1354709416627884,-0.044563087075948714,0.024595686234533787,0.0,0.26026326715946196,-0.11140985563397407,-0.1354709416627884
2580,17.625,-0.16824916005134583,-0.04320726189762354,0.02567521296441555,0.0,0.26046439707279206,-0.11808352880179881,-0.16824916005134583
2590,18.21875,-0.12002898752689362,-0.04135184902697801,0.02737695910036564,0.0,0.25943161696195605,-0.11551924124360084,-0.12002898752689362
2600,17.15625,-0.13872843980789185,-0.04543221220374107,0.01834961250424385,0.0,0.2608777791261673,-0.11851013116538525,-0.13872843980789185
2610,20.03125,-0.10825836658477783,-0.040464233979582785,0.023899876140058042,0.0,0.2619358584284782,-0.11732697561383247,-0.10825836658477783
2620,19.9375,-0.12279069423675537,-0.046324081253260374,0.0283755948767066,0.0,0.2627320110797882,-0.11783424243330956,-0.12279069423675537
2630,18.5625,-0.13612061738967896,-0.03647584095597267,0.04453687835484743,0.0,0.2622107848525047,-0.11957748420536518,-0.13612061738967896
2640,15.875,-0.12749870121479034,-0.04710872834548354,0.019235411938279868,0.0,0.2631577983498573,-0.11979989409446716,-0.12749870121479034
2650,19.5,-0.10568907856941223,-0.041480085253715514,0.015482563804835082,0.0,0.2610629975795746,-0.11539903916418552,-0.10568907856941223
2660,19.625,-0.14803804457187653,-0.0455827116034925,0.019380988087505102,0.0,0.2613690227270126,-0.12789354287087917,-0.14803804457187653
2670,24.3125,-0.16872869431972504,-0.04848797600716352,0.029921256378293036,0.0,0.263559028506279,-0.12481356561183929,-0.16872869431972504
2680,15.53125,-0.11603672802448273,-0.036408288031816484,0.05871987976133823,0.0,0.2620240837335587,-0.11835175082087517,-0.11603672802448273
2690,20.09375,-0.1316015124320984,-0.03267233446240425,0.12798135504126548,0.0,0.26312166452407837,-0.11984391398727894,-0.1316015124320984
2700,18.65625,-0.12143994867801666,-0.03833094481378794,0.023591171577572824,0.0,0.26579543948173523,-0.11140656806528568,-0.12143994867801666
2710,22.0625,-0.1609678864479065,-0.04635840095579624,0.03163734879344702,0.0,0.2668307274580002,-0.11604755260050297,-0.1609678864479065
2720,22.125,-0.1376207321882248,-0.045547335594892505,0.02005563201382756,0.0,0.2697143077850342,-0.122935127094388,-0.1376207321882248
2730,16.75,-0.12539777159690857,-0.04228907935321331,0.014984719641506671,0.0,0.27012875527143476,-0.11753033213317395,-0.12539777159690857
2740,16.90625,-0.12504711747169495,-0.04071702817454934,0.028739495575428008,0.0,0.2719840794801712,-0.11420426554977894,-0.12504711747169495
2750,19.09375,-0.09492380917072296,-0.040069079305976626,0.010924771893769503,0.0,0.2717229574918747,-0.11421485394239425,-0.09492380917072296
2760,24.375,-0.12167040258646011,-0.041253344621509314,0.05024570822715759,0.0,0.272493077814579,-0.114839431270957,-0.12167040258646011
2770,19.8125,-0.10516993701457977,-0.041661431360989806,0.01755536152049899,0.0,0.27464519888162614,-0.11134827733039857,-0.10516993701457977
2780,22.0625,-0.11132858693599701,-0.03761012014001608,0.02744784001260996,0.0,0.27587003260850906,-0.11181212887167931,-0.11132858693599701
2790,18.1875,-0.10369656980037689,-0.04421270964667201,0.017618894949555396,0.0,0.27415668964385986,-0.1145225714892149,-0.10369656980037689
2800,24.4375,-0.0938938707113266,-0.03792548980563879,0.018354987539350987,0.0,0.275824137032032,-0.11068283617496491,-0.0938938707113266
2810,24.9375,-0.10991537570953369,-0.03242750791832805,0.18525157645344734,0.0,0.2768345236778259,-0.10664819777011872,-0.10991537570953369
2820,22.8125,-0.13735902309417725,-0.04823537189513445,0.01638560863211751,0.0,0.2782177597284317,-0.1144622478634119,-0.13735902309417725
2830,20.09375,-0.11148872971534729,-0.04116900470107794,0.05507079139351845,0.0,0.27804370522499083,-0.11893185824155808,-0.11148872971534729
2840,18.96875,-0.123598113656044,-0.045905303582549094,0.017097352538257837,0.0,0.28219318985939024,-0.11505003534257412,-0.123598113656044
2850,24.03125,-0.08285318315029144,-0.04054644647985697,0.03390499502420426,0.0,0.2816422626376152,-0.10438544694334269,-0.08285318315029144
2860,28.46875,-0.15203818678855896,-0.04641678147017956,0.045296646654605865,0.0,0.2836415648460388,-0.1091468945145607,-0.15203818678855896
2870,21.9375,-0.1251009702682495,-0.030005823448300363,0.1509530648589134,0.0,0.2821400433778763,-0.10272019766271115,-0.1251009702682495
2880,22.59375,-0.138409823179245,-0.04935725461691618,0.02167762964963913,0.0,0.2819932818412781,-0.11417212001979352,-0.138409823179245
2890,31.59375,-0.13124710321426392,-0.04489935003221035,0.013831458613276481,0.0,0.2856705322861671,-0.10693764239549637,-0.13124710321426392
2900,19.46875,-0.12159806489944458,-0.04185502799227834,0.025159531272947788,0.0,0.28563614636659623,-0.10490554086863994,-0.12159806489944458
2910,17.6875,-0.12845532596111298,-0.04458213113248348,0.021011623181402685,0.0,0.28707721680402754,-0.10601873509585857,-0.12845532596111298
2920,21.0,-0.10889345407485962,-0.042786264419555665,0.01131972363218665,0.0,0.2901887968182564,-0.09634422212839126,-0.10889345407485962
2930,19.90625,-0.12238406389951706,-0.025329457968473433,0.137959598377347,0.0,0.2903355747461319,-0.10710114985704422,-0.12238406389951706
2940,21.3125,-0.14255653321743011,-0.04087899159640074,0.12149039059877395,0.0,0.2929095417261124,-0.09537869542837143,-0.14255653321743011
2950,20.40625,-0.11849520355463028,-0.04178903549909592,0.029111013002693652,0.0,0.29240298420190813,-0.09597556777298451,-0.11849520355463028
2960,24.0625,-0.11456970870494843,-0.04562599137425423,0.02941728215664625,0.0,0.29486929178237914,-0.08710387945175171,-0.11456970870494843
2970,23.8125,-0.09040526300668716,-0.04312326340004802,0.008816321194171906,0.0,0.2983647152781487,-0.09032107740640641,-0.09040526300668716
2980,22.09375,-0.09194525331258774,-0.03329160902649164,0.07521740682423114,0.0,0.2965938150882721,-0.09341925345361232,-0.09194525331258774
2990,19.96875,-0.11416809260845184,-0.04724559485912323,0.02578866370022297,0.0,0.2969132125377655,-0.09053513370454311,-0.11416809260845184
3000,23.25,-0.08810839056968689,-0.04671196299605072,0.014994226675480605,0.0,0.2963883638381958,-0.09747588224709033,-0.08810839056968689
3010,29.78125,-0.10350093245506287,-0.04373133676126599,0.03103123102337122,0.0,0.2970431447029114,-0.09462875463068485,-0.10350093245506287
3020,26.46875,-0.10137354582548141,-0.04060258958488703,0.011531694093719125,0.0,0.2960327684879303,-0.09234976023435593,-0.10137354582548141
3030,27.0,-0.11504238098859787,-0.039655284211039546,0.02178489211946726,0.0,0.2942489892244339,-0.09133794214576482,-0.11504238098859787
3040,23.25,-0.10255205631256104,-0.0429683955386281,0.014246701216325163,0.0,0.29586166590452195,-0.09908066354691983,-0.10255205631256104
3050,26.65625,-0.07250943779945374,-0.04074871707707643,0.009819664247334003,0.0,0.2966371163725853,-0.09490052629262209,-0.07250943779945374
3060,23.0,-0.08894743025302887,-0.04044862790033221,0.018629097286611794,0.0,0.29668382853269576,-0.09826329834759236,-0.08894743025302887
3070,18.59375,-0.08870907872915268,-0.04265054482966661,0.01686550062149763,0.0,0.2968993306159973,-0.09592775888741016,-0.08870907872915268
3080,21.4375,-0.1185159832239151,-0.044479321129620074,0.013252109009772538,0.0,0.29722062051296233,-0.09855521079152822,-0.1185159832239151
3090,21.625,-0.13044601678848267,-0.04494564589112997,0.009328299853950738,0.0,0.29857552647590635,-0.1125673796981573,-0.13044601678848267
3100,25.34375,-0.12576258182525635,-0.03772839717566967,0.021125168167054655,0.0,0.2974755272269249,-0.09465143047273158,-0.12576258182525635
3110,28.9375,-0.12279392778873444,-0.04391940999776125,0.009144017286598683,0.0,0.2996045723557472,-0.09747560247778893,-0.12279392778873444
3120,25.125,-0.08781858533620834,-0.041950378008186816,0.010766011336818338,0.0,0.30066496282815935,-0.09608489163219928,-0.08781858533620834
3130,22.15625,-0.11107274889945984,-0.04354819525033236,0.01797150457277894,0.0,0.3008586123585701,-0.08908507060259581,-0.11107274889945984
3140,22.125,-0.09856517612934113,-0.04023312190547586,0.01952963387593627,0.0,0.3032360836863518,-0.08432433046400548,-0.09856517612934113
3150,25.21875,-0.07981190830469131,-0.034239256754517555,0.015287258103489876,0.0,0.3036235958337784,-0.08439928330481053,-0.07981190830469131
3160,24.40625,-0.06216970831155777,-0.03959335098043084,0.015438606590032577,0.0,0.30307119637727736,-0.08537466432899236,-0.06216970831155777
3170,22.625,-0.09655271470546722,-0.037421217933297155,0.03859804403036833,0.0,0.3060369834303856,-0.0835238765925169,-0.09655271470546722
3180,20.625,-0.06727495789527893,-0.044148930069059136,0.019025379605591298,0.0,0.3082349196076393,-0.08660654854029418,-0.06727495789527893
3190,17.25,-0.08642444014549255,-0.04300096435472369,0.01883592624217272,0.0,0.30606517344713213,-0.08677703924477101,-0.08642444014549255
3200,26.5,-0.05591021478176117,-0.03789245840162039,0.01433167364448309,0.0,0.30617614537477494,-0.08196084164083003,-0.05591021478176117
3210,32.34375,-0.1060737818479538,-0.04535808181390166,0.013977952394634485,0.0,0.30770042538642883,-0.08710963353514671,-0.1060737818479538
3220,24.28125,-0.10469171404838562,-0.044316024705767634,0.009106692718341946,0.0,0.3077614590525627,-0.08987261988222599,-0.10469171404838562
3230,21.34375,-0.06640277057886124,-0.03804252874106169,0.013275405252352357,0.0,0.3114933505654335,-0.079026766307652,-0.06640277057886124
3240,19.15625,-0.08180727809667587,-0.04165086559951305,0.010456419922411442,0.0,0.3119446039199829,-0.08169010821729898,-0.08180727809667587
3250,23.34375,-0.11410176008939743,-0.04737201072275639,0.0230828239582479,0.0,0.3133289635181427,-0.07410240974277257,-0.11410176008939743
3260,24.875,-0.061675626784563065,-0.03956020046025514,0.011742689739912748,0.0,0.3134858012199402,-0.07421963941305876,-0.061675626784563065
3270,21.5,-0.1025049164891243,-0.042411023005843165,0.035794237069785594,0.0,0.31476749032735823,-0.07376299872994423,-0.1025049164891243
3280,21.75,-0.0655425563454628,-0.04381290879100561,0.013260142225772143,0.0,0.3136877536773682,-0.07343330588191747,-0.0655425563454628
3290,27.0625,-0.07262737303972244,-0.042892315052449705,0.022842619102448225,0.0,0.31318060159683225,-0.07323029581457377,-0.07262737303972244
3300,18.84375,-0.07223010808229446,-0.045376147422939536,0.015222488250583411,0.0,0.3152074635028839,-0.07347321920096875,-0.07223010808229446
3310,23.5625,-0.08631625026464462,-0.03877362962812185,0.02907482795417309,0.0,0.313359922170639,-0.07094702757894993,-0.08631625026464462
3320,24.875,-0.069112129509449,-0.038067720644176004,0.009961981605738402,0.0,0.3136239469051361,-0.08029192741960287,-0.069112129509449
3330,22.59375,-0.061708562076091766,-0.041595062147825955,0.018247112911194564,0.0,0.31501742601394656,-0.08015758264809847,-0.061708562076091766
3340,24.375,-0.09254762530326843,-0.04550237078219652,0.011428004689514637,0.0,0.3164281651377678,-0.0798835378140211,-0.09254762530326843
3350,20.28125,-0.10740292072296143,-0.04822790566831827,0.02359763327986002,0.0,0.319680842757225,-0.07486272789537907,-0.10740292072296143
3360,26.28125,-0.08324010670185089,-0.048485764488577845,0.020008562412112952,0.0,0.3195839121937752,-0.0743076091632247,-0.08324010670185089
3370,22.375,-0.1063917875289917,-0.03713951883837581,0.024145446345210077,0.0,0.3217035189270973,-0.07592826299369335,-0.1063917875289917
3380,22.4375,-0.04853790998458862,-0.039409692957997323,0.01294681429862976,0.0,0.3215886101126671,-0.06931266961619258,-0.04853790998458862
3390,18.3125,-0.09577646851539612,-0.03472049031406641,0.07109261453151702,0.0,0.32260877937078475,-0.07921419106423855,-0.09577646851539612
3400,26.15625,-0.07377491146326065,-0.04452450815588236,0.016048387065529822,0.0,0.3229543134570122,-0.0692740248516202,-0.07377491146326065
3410,23.34375,-0.07383769750595093,-0.039849978126585486,0.018935484811663628,0.0,0.3213328033685684,-0.07257114592939615,-0.07383769750595093
3420,21.625,-0.07233889400959015,-0.03882948430255055,0.016483258362859486,0.0,0.32265677154064176,-0.07972601689398288,-0.07233889400959015
3430,22.6875,-0.08066334575414658,-0.04002632088959217,0.012697519734501839,0.0,0.32394109666347504,-0.08486889116466045,-0.08066334575414658
3440,22.25,-0.05203777179121971,-0.04309126455336809,0.010408877488225698,0.0,0.3228106707334518,-0.08679701406508684,-0.05203777179121971
3450,27.1875,-0.07585911452770233,-0.03753109248355031,0.020526265911757945,0.0,0.3241393953561783,-0.06923991665244103,-0.07585911452770233
3460,25.96875,-0.0858871191740036,-0.029360857885330917,0.07789798155426979,0.0,0.32454759776592257,-0.07605543695390224,-0.0858871191740036
3470,19.15625,-0.09163513779640198,-0.042394508607685566,0.02125472705811262,0.0,0.3246961995959282,-0.07874618470668793,-0.09163513779640198
3480,25.4375,-0.07231459021568298,-0.046987092681229116,0.019754767417907715,0.0,0.3235028564929962,-0.07733402866870165,-0.07231459021568298
3490,17.6875,-0.06478904187679291,-0.04109392315149307,0.014628079254180193,0.0,0.3232986107468605,-0.07404255345463753,-0.06478904187679291
3500,23.1875,-0.073313869535923,-0.04001300390809774,0.02142053432762623,0.0,0.32452595978975296,-0.06667248513549566,-0.073313869535923
3510,27.34375,-0.09499599039554596,-0.04406736670061946,0.012646403070539236,0.0,0.3267923042178154,-0.08099248930811882,-0.09499599039554596
3520,22.28125,-0.1070481389760971,-0.027272499818354844,0.17098393738269807,0.0,0.32747102826833724,-0.07220115046948195,-0.1070481389760971
3530,22.25,-0.13060171902179718,-0.04645132180303335,0.01649444326758385,0.0,0.3293175518512726,-0.07958824448287487,-0.13060171902179718
3540,18.59375,-0.10166598856449127,-0.04916022280231118,0.019565401785075664,0.0,0.3311044156551361,-0.06899923104792834,-0.10166598856449127
3550,24.09375,-0.07260924577713013,-0.04072485864162445,0.014555037207901477,0.0,0.3301347628235817,-0.07217970564961433,-0.07260924577713013
3560,20.78125,-0.08642981201410294,-0.044989279843866824,0.011802072823047637,0.0,0.3290805771946907,-0.06883316468447447,-0.08642981201410294
3570,22.40625,-0.10318844020366669,-0.04829939426854253,0.016042008996009827,0.0,0.32934989780187607,-0.07520221676677466,-0.10318844020366669
3580,24.53125,-0.08396534621715546,-0.04501507431268692,0.016090759076178074,0.0,0.32874262779951097,-0.07191785965114832,-0.08396534621715546
3590,26.8125,-0.04579740762710571,-0.038245107606053354,0.0170170733705163,0.0,0.33228456377983095,-0.07488187290728092,-0.04579740762710571
3600,18.125,-0.07022644579410553,-0.04751613405533135,0.014841194916516542,0.0,0.33324876725673674,-0.06822707131505013,-0.07022644579410553
3610,27.71875,-0.09541567414999008,-0.04545231033116579,0.008478672662749886,0.0,0.3325555622577667,-0.07517152316868306,-0.09541567414999008
3620,21.03125,-0.1421990692615509,-0.0510618269443512,0.018247322738170625,0.0,0.33262606114149096,-0.06699456218630076,-0.1421990692615509
3630,16.3125,-0.08550520241260529,-0.0497217551805079,0.017400972731411456,0.0,0.3313422977924347,-0.0743841366842389,-0.08550520241260529
3640,26.0625,-0.09774783998727798,-0.03314103754237294,0.09125016555190087,0.0,0.33339962363243103,-0.07978834314271807,-0.09774783998727798
3650,23.375,-0.07690209895372391,-0.0407453240826726,0.010173303168267011,0.0,0.33485630601644517,-0.07190643679350614,-0.07690209895372391
3660,21.96875,-0.08522097021341324,-0.043637349363416435,0.01609468273818493,0.0,0.3357248917222023,-0.0674535509198904,-0.08522097021341324
3670,20.0625,-0.06213381886482239,-0.04584107063710689,0.015211333613842725,0.0,0.3364341914653778,-0.06521413456648588,-0.06213381886482239
3680,31.21875,-0.07905617356300354,-0.04982284363359213,0.027017778530716897,0.0,0.33762562870979307,-0.06424684952944518,-0.07905617356300354
3690,22.0,-0.08640510588884354,-0.05013348795473575,0.01869675386697054,0.0,0.33865521997213366,-0.07228212710469961,-0.08640510588884354
3700,19.625,-0.0490524023771286,-0.042194315046072,0.016932628583163023,0.0,0.33756776452064513,-0.06712514366954565,-0.0490524023771286
3710,19.53125,-0.07366535067558289,-0.048889216408133505,0.028231872990727425,0.0,0.33858184367418287,-0.06805749535560608,-0.07366535067558289
3720,23.21875,-0.05906752124428749,-0.031092330254614352,0.07887234333902597,0.0,0.33878781646490097,-0.0690584484487772,-0.05906752124428749
3730,18.65625,-0.04574256017804146,-0.04117231350392103,0.01380869746208191,0.0,0.33875511288642884,-0.07340594027191401,-0.04574256017804146
3740,23.5,-0.0665217787027359,-0.04514424605295062,0.016274066735059024,0.0,0.3404486313462257,-0.05917203072458506,-0.0665217787027359
3750,21.125,-0.06943162530660629,-0.04201785903424025,0.01562095619738102,0.0,0.3387124419212341,-0.06523647382855416,-0.06943162530660629
3760,20.1875,-0.08992823958396912,-0.046554874069988726,0.017592737916857004,0.0,0.3416461333632469,-0.06054957387968898,-0.08992823958396912
3770,29.3125,-0.05771039426326752,-0.04596594292670488,0.011566681461408735,0.0,0.3445022776722908,-0.061062158457934855,-0.05771039426326752
3780,27.90625,-0.07506053149700165,-0.04153252486139536,0.01904915049672127,0.0,0.3434759959578514,-0.05796804111450911,-0.07506053149700165
3790,20.4375,-0.09914332628250122,-0.04668481033295393,0.030623098276555537,0.0,0.34167328625917437,-0.06314347516745329,-0.09914332628250122
3800,21.15625,-0.07486191391944885,-0.039570770040154454,0.010178834619000553,0.0,0.3424766078591347,-0.06083859521895647,-0.07486191391944885
3810,26.75,-0.06072087958455086,-0.04079089555889368,0.017369202710688113,0.0,0.3447169914841652,-0.0633455135859549,-0.06072087958455086
3820,23.4375,-0.09174822270870209,-0.045320162829011676,0.011491839680820704,0.0,0.34405591487884524,-0.058327050693333146,-0.09174822270870209
3830,23.125,-0.05340496450662613,-0.04369405955076218,0.017429616674780844,0.0,0.3441118821501732,-0.06099429568275809,-0.05340496450662613
3840,21.0625,-0.05847370997071266,-0.0466286163777113,0.010433980217203497,0.0,0.34768004417419435,-0.06661451896652579,-0.05847370997071266
3850,23.8125,-0.08011830598115921,-0.044301324803382156,0.018384261429309844,0.0,0.3473342642188072,-0.056963098049163816,-0.08011830598115921
3860,28.78125,-0.040617235004901886,-0.042252398654818536,0.013809069618582725,0.0,0.3492583125829697,-0.043502402119338514,-0.040617235004901886
3870,21.34375,-0.07849805057048798,-0.04514132048934698,0.012246527150273323,0.0,0.3448789969086647,-0.05259251436218619,-0.07849805057048798
3880,23.90625,-0.07114088535308838,-0.04872856410220265,0.01583302756771445,0.0,0.34788371324539186,-0.061290161497890946,-0.07114088535308838
3890,17.375,-0.07851232588291168,-0.03394814543426037,0.025681238807737827,0.0,0.34793101996183395,-0.05706843747757375,-0.07851232588291168
3900,20.21875,-0.09243898838758469,-0.05273459367454052,0.0095388594083488,0.0,0.3490277022123337,-0.056390202650800345,-0.09243898838758469
3910,21.625,-0.06749220937490463,-0.044522867910563944,0.016517082694917917,0.0,0.35007252395153043,-0.04432707512751222,-0.06749220937490463
3920,23.65625,-0.08050689101219177,-0.04429704127833247,0.021899731643497945,0.0,0.3506916582584381,-0.05274426368996501,-0.08050689101219177
3930,25.71875,-0.07273821532726288,-0.0436947513371706,0.031979869678616525,0.0,0.3522244468331337,-0.04493532612686977,-0.07273821532726288
3940,21.84375,-0.05562642216682434,-0.04231508001685143,0.01804913431406021,0.0,0.3525352641940117,-0.042096213495824486,-0.05562642216682434
3950,23.0625,-0.07934372127056122,-0.04557699430733919,0.010042496398091317,0.0,0.3526195600628853,-0.04621660052798689,-0.07934372127056122
3960,23.03125,-0.06180460378527641,-0.04562416868284345,0.012203660421073436,0.0,0.3514395207166672,-0.05806857030838728,-0.06180460378527641
3970,23.34375,-0.06611493974924088,-0.03812709767371416,0.023012791015207767,0.0,0.3531499519944191,-0.053088057413697244,-0.06611493974924088
3980,27.09375,-0.03372180461883545,-0.048819212801754476,0.01058162315748632,0.0,0.35469894856214523,-0.05758505463600159,-0.03372180461883545
3990,25.96875,-0.03151039779186249,-0.0371501974761486,0.0070033392403274775,0.0,0.355074967443943,-0.052368588745594025,-0.03151039779186249
4000,26.3125,-0.049367789179086685,-0.03968008831143379,0.01472563655115664,0.0,0.356971275806427,-0.04147806316614151,-0.049367789179086685
4010,23.9375,-0.0701742023229599,-0.042398364190012215,0.011527900258079172,0.0,0.355303618311882,-0.05017154421657324,-0.0701742023229599
4020,21.3125,-0.031173497438430786,-0.04143287409096956,0.006662376271560788,0.0,0.355762192606926,-0.055817976500838994,-0.031173497438430786
4030,28.5625,-0.06528705358505249,-0.046497582271695134,0.011302174720913171,0.0,0.35719695389270784,-0.03336943055037409,-0.06528705358505249
4040,22.59375,-0.052468813955783844,-0.04462766852229834,0.013211439643055201,0.0,0.3598023265600204,-0.055008341744542125,-0.052468813955783844
4050,31.59375,-0.06679171323776245,-0.048074407130479814,0.01465543182566762,0.0,0.359556120634079,-0.04539368441328406,-0.06679171323776245
4060,24.3125,-0.06519481539726257,-0.049310604110360146,0.009688943112269043,0.0,0.35935699939727783,-0.05294096022844315,-0.06519481539726257
4070,28.0625,-0.05192150920629501,-0.043314803298562764,0.014757976587861776,0.0,0.36001074463129046,-0.04047334622591734,-0.05192150920629501
4080,23.625,-0.05676744878292084,-0.04923026729375124,0.020670947898179293,0.0,0.35893112868070604,-0.04088725163601339,-0.05676744878292084
4090,23.46875,-0.0530434288084507,-0.04582182690501213,0.012212947383522988,0.0,0.3604617342352867,-0.04450428779819049,-0.0530434288084507
4100,24.4375,-0.056892167776823044,-0.04206252787262201,0.015284330025315285,0.0,0.3627013936638832,-0.03843788281083107,-0.056892167776823044
4110,27.4375,-0.0723557323217392,-0.04874558877199888,0.01137203611433506,0.0,0.3645243838429451,-0.05744436476379633,-0.0723557323217392
4120,25.90625,-0.0439138188958168,-0.046958105824887755,0.017536401376128198,0.0,0.3660824432969093,-0.03157629417255521,-0.0439138188958168
4130,23.1875,-0.07953061163425446,-0.04729357417672873,0.02491287048906088,0.0,0.3653684169054031,-0.04178610458038747,-0.07953061163425446
4140,26.40625,-0.054979775100946426,-0.04239106699824333,0.05010315962135792,0.0,0.3658465325832367,-0.03351813059998676,-0.054979775100946426
4150,27.4375,-0.032215096056461334,-0.04423974193632603,0.01474045105278492,0.0,0.36736512184143066,-0.04374071857891977,-0.032215096056461334
4160,23.59375,-0.033431634306907654,-0.046801639907062056,0.010460104513913392,0.0,0.3697622403502464,-0.031167788663879037,-0.033431634306907654
4170,21.21875,-0.04715191572904587,-0.04395410418510437,0.01682607913389802,0.0,0.3690754160284996,-0.03264881572686136,-0.04715191572904587
4180,25.59375,-0.05568245053291321,-0.04491746909916401,0.019434587564319372,0.0,0.3728373870253563,-0.045446012262254955,-0.05568245053291321
4190,21.46875,-0.04592497646808624,-0.04717991147190333,0.013664600066840648,0.0,0.37301322221755984,-0.04167357864789665,-0.04592497646808624
4200,23.40625,-0.01778414286673069,-0.04070516377687454,0.010195177793502808,0.0,0.3742502197623253,-0.03743491570930928,-0.01778414286673069
4210,24.375,-0.023529786616563797,-0.04346577767282724,0.010018587391823531,0.0,0.37540452629327775,-0.027607405197340996,-0.023529786616563797
4220,18.5625,-0.07974487543106079,-0.03981190137565136,0.10203278586268424,0.0,0.3743771806359291,-0.03348665292141959,-0.07974487543106079
4230,23.6875,-0.048080459237098694,-0.04409825149923563,0.024371641501784325,0.0,0.37494211345911027,-0.036540051782503725,-0.048080459237098694
4240,29.5,-0.07160356640815735,-0.04551049750298262,0.01792762354016304,0.0,0.3774710908532143,-0.036484138009836894,-0.07160356640815735
4250,20.21875,-0.0815131664276123,-0.047768286196514964,0.014808521047234536,0.0,0.3741803079843521,-0.032954789139330386,-0.0815131664276123
4260,28.9375,-0.050067730247974396,-0.035029014013707636,0.0272617032751441,0.0,0.37510629296302794,-0.029891734896227717,-0.050067730247974396
4270,26.15625,-0.04860974848270416,-0.03732758471742272,0.03146933112293482,0.0,0.3775413766503334,-0.033675528643652794,-0.04860974848270416
4280,16.125,-0.06427992135286331,-0.038306331261992455,0.02037401031702757,0.0,0.3782684072852135,-0.030864514806307853,-0.06427992135286331
4290,20.375,-0.0591408796608448,-0.03756461720913649,0.11200486682355404,0.0,0.3778645649552345,-0.03737178484443575,-0.0591408796608448
4300,23.125,-0.05107381194829941,-0.032326402328908446,0.13146210908889772,0.0,0.37942928820848465,-0.04107837504707277,-0.05107381194829941
4310,21.84375,-0.04809683561325073,-0.03600560333579779,0.0533842645585537,0.0,0.3782026648521423,-0.03629394335439429,-0.04809683561325073
4320,31.625,-0.021299682557582855,-0.03366616936400533,0.044993174634873866,0.0,0.3789132356643677,-0.023611508426256478,-0.021299682557582855
4330,24.53125,-0.01623069867491722,-0.04390694238245487,0.011807920783758164,0.0,0.37738562375307083,-0.039387997379526495,-0.01623069867491722
4340,28.25,-0.09262195229530334,-0.03200834672898054,0.05660519041121006,0.0,0.378875295817852,-0.032176798512227836,-0.09262195229530334
4350,27.28125,-0.04083769768476486,-0.04958236338570714,0.014114511385560035,0.0,0.3796242967247963,-0.02732544275932014,-0.04083769768476486
4360,22.28125,-0.026406629011034966,-0.04658440370112658,0.014236023277044296,0.0,0.37794295996427535,-0.03344135197112337,-0.026406629011034966
4370,30.59375,-0.05558411031961441,-0.05050126994028688,0.01775576751679182,0.0,0.3790451467037201,-0.03840439722407609,-0.05558411031961441
4380,25.625,-0.04132091999053955,-0.037273867055773735,0.042774198949337004,0.0,0.377970327436924,-0.033264581300318244,-0.04132091999053955
4390,23.9375,-0.014761353842914104,-0.0475514205172658,0.009435587702319026,0.0,0.3815008386969566,-0.0361806278117001,-0.014761353842914104
4400,17.9375,-0.04081109166145325,-0.04497776292264462,0.011807552445679903,0.0,0.3813565120100975,-0.028378768102265896,-0.04081109166145325
4410,22.28125,-0.06957636773586273,-0.04388495367020369,0.017496182583272457,0.0,0.3801271229982376,-0.03226227954728529,-0.06957636773586273
4420,32.5,-0.06246881186962128,-0.048211502470076086,0.010912084160372615,0.0,0.38281686455011366,-0.03197954145725816,-0.06246881186962128
4430,24.28125,-0.07059670984745026,-0.036884614080190656,0.025740389060229064,0.0,0.3818829536437988,-0.040911067719571294,-0.07059670984745026
4440,27.96875,-0.033791206777095795,-0.045427134912461045,0.015109419729560614,0.0,0.3812295198440552,-0.03375966981984675,-0.033791206777095795
4450,25.0,-0.04104740172624588,-0.040341611951589584,0.021051393821835518,0.0,0.38287427425384524,-0.03983504390344024,-0.04104740172624588
4460,29.3125,-0.03813885524868965,-0.041390633955597875,0.022421545907855035,0.0,0.38198181092739103,-0.026392051298171283,-0.03813885524868965
4470,19.53125,-0.055994898080825806,-0.048929165489971636,0.007339444989338517,0.0,0.3797103226184845,-0.0283350451849401,-0.055994898080825806
4480,23.3125,-0.022472405806183815,-0.039165335893630984,0.01647926224395633,0.0,0.3816198408603668,-0.0334391527925618,-0.022472405806183815
4490,28.21875,-0.05746312811970711,-0.04473779909312725,0.020671983994543553,0.0,0.3833810016512871,-0.03408863204531372,-0.05746312811970711
4500,27.09375,-0.022791674360632896,-0.045410236809402704,0.013301058392971753,0.0,0.38280526250600816,-0.028574503585696222,-0.022791674360632896
4510,25.6875,-0.029905011877417564,-0.04278355296701193,0.01836717836558819,0.0,0.38090494126081464,-0.034788645105436444,-0.029905011877417564
4520,25.3125,-0.04554593563079834,-0.04168159961700439,0.025174356065690517,0.0,0.3821600928902626,-0.029960072692483665,-0.04554593563079834
4530,20.75,-0.04043523967266083,-0.03907149825245142,0.014378199819475412,0.0,0.38379018008708954,-0.037345559569075704,-0.04043523967266083
4540,29.40625,-0.029225654900074005,-0.04518204405903816,0.01271101301535964,0.0,0.38531352281570436,-0.03844170230440795,-0.029225654900074005
4550,22.9375,-0.033739157021045685,-0.04457334894686937,0.013850815501064062,0.0,0.38334682434797285,-0.02457296827342361,-0.033739157021045685
4560,27.6875,-0.07061761617660522,-0.049672602117061614,0.014052724977955223,0.0,0.38669914603233335,-0.02132803511340171,-0.07061761617660522
4570,31.8125,-0.008386281318962574,-0.04784132968634367,0.012383996229618787,0.0,0.38605840504169464,-0.026351990783587097,-0.008386281318962574
4580,24.03125,-0.019970128312706947,-0.0490945452824235,0.010926758497953415,0.0,0.38578165471553805,-0.03505932540865615,-0.019970128312706947
4590,25.53125,-0.056595329195261,-0.046159190312027934,0.018602057360112667,0.0,0.38790598064661025,-0.027533743693493307,-0.056595329195261
4600,28.875,-0.050977710634469986,-0.04638126380741596,0.019199385307729244,0.0,0.3868490532040596,-0.029019371792674064,-0.050977710634469986
4610,22.6875,-0.03680739551782608,-0.048111355304718016,0.013441661652177573,0.0,0.38611358404159546,-0.02467856657458469,-0.03680739551782608
4620,30.9375,-0.022727884352207184,-0.04766601305454969,0.012583693023771048,0.0,0.38683211952447893,-0.018326715542934836,-0.022727884352207184
4630,24.40625,-0.04288022965192795,-0.049267548881471154,0.02317520771175623,0.0,0.3864923700690269,-0.03462937027215958,-0.04288022965192795
4640,25.0625,-0.05895277112722397,-0.04913904182612896,0.010880994284525514,0.0,0.388911597430706,-0.025060617760755122,-0.05895277112722397
4650,29.5625,-0.02539978362619877,-0.040394414030015466,0.008595376554876567,0.0,0.3890221744775772,-0.021062209713272752,-0.02539978362619877
4660,22.0625,-0.038100264966487885,-0.04271131874993443,0.025914659537374974,0.0,0.3901218444108963,-0.02920135183958337,-0.038100264966487885
4670,29.84375,-0.016991904005408287,-0.04072729088366032,0.011989380326122045,0.0,0.3904909908771515,-0.0260727635351941,-0.016991904005408287
4680,24.6875,-0.030171388760209084,-0.03465372528880835,0.026835155207663774,0.0,0.39150997847318647,-0.03298363764770329,-0.030171388760209084
4690,19.8125,-0.06475301086902618,-0.027807853370904922,0.09076834823936224,0.0,0.3885229632258415,-0.019855658465530723,-0.06475301086902618
4700,20.9375,-0.015442179515957832,-0.0456738106906414,0.019427705369889737,0.0,0.389779669046402,-0.025827797048259528,-0.015442179515957832
4710,27.65625,-0.058956731110811234,-0.04746778719127178,0.027609312534332277,0.0,0.3923824742436409,-0.020538823632523417,-0.058956731110811234
4720,23.03125,-0.021178077906370163,-0.03954200465232134,0.013818915374577046,0.0,0.39069890677928926,-0.020446325070224702,-0.021178077906370163
4730,24.25,-0.010156063362956047,-0.04882515659555793,0.013012565672397614,0.0,0.3939694449305534,-0.030261167779099197,-0.010156063362956047
4740,20.5625,-0.022700129076838493,-0.0428802965208888,0.016033809445798398,0.0,0.39557307213544846,-0.02099048353265971,-0.022700129076838493
4750,25.28125,-0.009876019321382046,-0.04440773911774158,0.014924716483801604,0.0,0.3964360624551773,-0.0134062101948075,-0.009876019321382046
4760,27.90625,-0.0004936126060783863,-0.043326460383832456,0.014266830403357744,0.0,0.3995053291320801,-0.008911600045394152,-0.0004936126060783863
4770,17.71875,-0.04087076336145401,-0.0418525043874979,0.029944249615073203,0.0,0.3989040806889534,-0.01685801016865298,-0.04087076336145401
4780,26.03125,-0.01892327144742012,-0.046924030594527724,0.017382243182510138,0.0,0.39922145158052447,-0.0028116348723415284,-0.01892327144742012
4790,25.25,-0.026064671576023102,-0.04653293639421463,0.010511019453406333,0.0,0.3971707060933113,-0.017116902826819567,-0.026064671576023102
4800,33.34375,-0.01978251338005066,-0.04875517133623362,0.015249695815145969,0.0,0.3999000355601311,-0.012472973839612678,-0.01978251338005066
4810,23.34375,-0.02735266089439392,-0.04808866493403911,0.010899595264345408,0.0,0.3988043501973152,-0.011589882778935134,-0.02735266089439392
4820,21.65625,-0.03230494260787964,-0.041847029142081736,0.014845925848931074,0.0,0.39796804189682006,-0.02859645471908152,-0.03230494260787964
4830,24.78125,-0.005664341151714325,-0.038184824585914615,0.03439904320985079,0.0,0.4020147517323494,-0.014863554970361292,-0.005664341151714325
4840,20.84375,0.00039859244134277105,-0.04890507273375988,0.0143991244956851,0.0,0.4024870753288269,-0.003568290802650154,0.00039859244134277105
4850,26.9375,-0.031603291630744934,-0.04449676107615232,0.015333339385688306,0.0,0.4045048877596855,-0.013971723266877234,-0.031603291630744934
4860,21.71875,0.004461277741938829,-0.03223460149019956,0.024598179012537004,0.0,0.40258446633815764,-0.011357749963644892,0.004461277741938829
4870,25.84375,-0.037387993186712265,-0.04497106783092022,0.015384224895387887,0.0,0.40178442001342773,-0.009230990952346474,-0.037387993186712265
4880,24.8125,-0.05160905793309212,-0.03762079142034054,0.03521525412797928,0.0,0.40189471244812014,-0.018604833004064857,-0.05160905793309212
4890,18.46875,-0.030742257833480835,-0.050788476783782247,0.014972483459860086,0.0,0.4005932569503784,-0.011048549343831838,-0.030742257833480835
4900,21.15625,0.001364807365462184,-0.05375815825536847,0.011871655937284231,0.0,0.40158036947250364,-0.013790135667659343,0.001364807365462184
4910,31.90625,-0.03042839653789997,-0.042710254341363905,0.017834971379488706,0.0,0.40495426803827284,-0.010949610057286919,-0.03042839653789997
4920,39.46875,-0.003992659505456686,-0.04437608532607555,0.014395702071487904,0.0,0.40383282750844957,-0.010693995235487818,-0.003992659505456686
4930,41.0625,-0.009601986035704613,-0.05479738004505634,0.009744177293032407,0.0,0.40070358067750933,-0.014670073648449033,-0.009601986035704613
4940,23.9375,-0.04799988865852356,-0.039760128036141394,0.03138309996575117,0.0,0.40061190724372864,-0.006060693366453052,-0.04799988865852356
4950,27.6875,-0.01594274491071701,-0.04074760004878044,0.023911775276064872,0.0,0.4013495624065399,-0.015622896142303944,-0.01594274491071701
4960,15.84375,-0.05059017241001129,-0.04650367256253958,0.023741936311125755,0.0,0.4045493632555008,-0.024057073704898357,-0.05059017241001129
4970,25.125,-0.024148857221007347,-0.045548200607299805,0.01107450993731618,0.0,0.4026319429278374,-0.010565134952776134,-0.024148857221007347
4980,31.53125,-0.005592108704149723,-0.050167889427393676,0.019746661931276322,0.0,0.40160404741764066,-0.010201224335469305,-0.005592108704149723
4990,27.1875,-0.03227300941944122,-0.04493003375828266,0.020684253051877023,0.0,0.40243238061666486,-0.017966393404640256,-0.03227300941944122
5000,21.6875,-0.028303559869527817,-0.04134718049317598,0.023560133017599582,0.0,0.40160154104232787,-0.012257601786404847,-0.028303559869527817
5010,25.90625,0.016118112951517105,-0.04354565106332302,0.01018569227308035,0.0,0.4028764024376869,-0.011400816240347922,0.016118112951517105
5020,27.0,-0.003079848363995552,-0.04239268824458122,0.01749691031873226,0.0,0.4043904528021812,-0.003953772573731839,-0.003079848363995552
5030,28.65625,-0.024396326392889023,-0.048366876877844335,0.010608798917382955,0.0,0.4053350418806076,-0.003646476846188307,-0.024396326392889023
5040,31.21875,-0.009692603722214699,-0.044974287413060664,0.009600885864347219,0.0,0.40573761612176895,-0.008351240062620491,-0.009692603722214699
5050,32.34375,-0.023802857846021652,-0.048584765009582045,0.013663280103355647,0.0,0.40748355984687806,-0.0053736349917016925,-0.023802857846021652
5060,30.75,-0.021755937486886978,-0.0450620524585247,0.0198430254124105,0.0,0.4048082858324051,-0.0020587889826856553,-0.021755937486886978
5070,29.15625,-0.026071835309267044,-0.04654143769294024,0.011720725381746889,0.0,0.40602748543024064,-0.003994651976972819,-0.026071835309267044
5080,23.59375,-0.035072650760412216,-0.047297921031713486,0.016426846105605363,0.0,0.4044254496693611,-0.014417547220364212,-0.035072650760412216
5090,30.15625,-0.002118592383340001,-0.04579294342547655,0.014380230009555817,0.0,0.4049940288066864,-0.012554122391156853,-0.002118592383340001
5100,24.90625,-0.018827255815267563,-0.03977981237694621,0.013933948054909707,0.0,0.4060150280594826,-0.0026414668769575655,-0.018827255815267563
5110,31.03125,-0.010412512347102165,-0.047036011889576915,0.01325583467260003,0.0,0.4078330993652344,0.00016004559583961963,-0.010412512347102165
5120,26.40625,-0.048777006566524506,-0.0471991628408432,0.011885317880660296,0.0,0.4075891003012657,-0.010432847833726555,-0.048777006566524506
5130,30.0,-0.0123787522315979,-0.043624870106577875,0.009484147932380439,0.0,0.40935836136341097,-0.0013402882381342352,-0.0123787522315979
5140,32.625,-0.01872202567756176,-0.04853653702884912,0.01685994379222393,0.0,0.4092133939266205,-0.005577973288018257,-0.01872202567756176
5150,26.40625,-0.012651687487959862,-0.04399297088384628,0.014329555071890354,0.0,0.40969631671905515,-0.010653431015089154,-0.012651687487959862
5160,28.84375,0.0041501387022435665,-0.04292870704084635,0.009673439292237162,0.0,0.407881373167038,-0.0072874434292316435,0.0041501387022435665
5170,22.03125,-0.06063586473464966,-0.04487758111208677,0.016249362844973803,0.0,0.4058914095163345,-0.02033465380081907,-0.06063586473464966
5180,33.1875,0.005918617360293865,-0.04822447188198566,0.01211735769174993,0.0,0.40896541625261307,-0.00014690703246742487,0.005918617360293865
5190,31.34375,-0.06301304697990417,-0.05117246713489294,0.010955226700752973,0.0,0.407825867831707,-0.016683583275880664,-0.06301304697990417
5200,31.75,-0.0023256647400557995,-0.04748968053609133,0.012303475197404623,0.0,0.40872644931077956,-0.012616399815306068,-0.0023256647400557995
5210,33.96875,-0.021182499825954437,-0.05051321852952242,0.008922877488657832,0.0,0.40937978625297544,-0.008840913558378816,-0.021182499825954437
5220,31.96875,-0.016972240060567856,-0.04755045846104622,0.00755905439145863,0.0,0.40953086614608764,-0.016258553962688892,-0.016972240060567856
5230,24.34375,-0.027462247759103775,-0.04848165586590767,0.011835364066064358,0.0,0.4100795745849609,-0.022552758431993426,-0.027462247759103775
5240,21.3125,-0.04226015508174896,-0.05260591730475426,0.015177201200276613,0.0,0.4112954318523407,-0.0044219934614375235,-0.04226015508174896
5250,18.84375,-0.03648580238223076,-0.04740477707237005,0.012473288271576167,0.0,0.4120982587337494,-0.015396197466179729,-0.03648580238223076
5260,31.375,0.0026365588419139385,-0.047747220285236834,0.013846560847014189,0.0,0.41342005133628845,-0.006871308869449422,0.0026365588419139385
5270,32.03125,-0.04450104758143425,-0.046452015079557894,0.010779152438044549,0.0,0.4145336255431175,-0.010646563523914665,-0.04450104758143425
5280,37.5,-0.004460603464394808,-0.044879738427698615,0.01179844057187438,0.0,0.4120164379477501,-0.005998425814323127,-0.004460603464394808
5290,35.1875,0.013142971321940422,-0.043678991682827475,0.008750700950622558,0.0,0.41478638648986815,-0.00644358191639185,0.013142971321940422
5300,26.1875,0.0039184982888400555,-0.03642721995711327,0.025480452459305525,0.0,0.41495758295059204,-0.00699634114280343,0.0039184982888400555
5310,33.84375,0.005894369445741177,-0.04376269085332751,0.016295799147337676,0.0,0.41496899724006653,0.003687602456193417,0.005894369445741177
5320,24.96875,-0.04281452298164368,-0.04575448594987393,0.020581806264817714,0.0,0.41291468143463134,-0.00950613472959958,-0.04281452298164368
5330,30.09375,-0.039225734770298004,-0.04991179807111621,0.020792141929268836,0.0,0.4155417189002037,-0.0031564264092594383,-0.039225734770298004
5340,26.5,-0.045241665095090866,-0.048451108392328024,0.009160213125869631,0.0,0.41446489095687866,-0.0025527253048494456,-0.045241665095090866
5350,37.65625,0.0037564425729215145,-0.04824626371264458,0.009369222167879342,0.0,0.41322214901447296,0.005040688579902053,0.0037564425729215145
5360,29.8125,0.0016228340100497007,-0.045986685901880264,0.01143917441368103,0.0,0.41723110526800156,-0.005477501155110076,0.0016228340100497007
5370,35.8125,0.015734832733869553,-0.04610546249896288,0.00901288641616702,0.0,0.41788582801818847,0.007698859344236553,0.015734832733869553
5380,31.59375,-0.012091074138879776,-0.0492764538154006,0.012747294828295707,0.0,0.42069788575172423,0.005868049222044647,-0.012091074138879776
5390,30.15625,0.001963239163160324,-0.041082220710814,0.02315755598247051,0.0,0.4183983728289604,-0.01020871988730505,0.001963239163160324
5400,28.53125,-0.025451652705669403,-0.044054030999541284,0.009507274068892003,0.0,0.41691253483295443,0.008076172566507011,-0.025451652705669403
5410,36.34375,-0.008568360470235348,-0.04272955898195505,0.016793089173734187,0.0,0.4191530287265778,0.003910337225534022,-0.008568360470235348
5420,32.40625,-0.012865681201219559,-0.046202967036515476,0.01922210631892085,0.0,0.4172677963972092,0.0023015168379060926,-0.012865681201219559
5430,26.4375,0.012284629978239536,-0.04693707264959812,0.009169426979497075,0.0,0.4150571659207344,0.0045820661587640645,0.012284629978239536
5440,31.25,0.0024772221222519875,-0.044663458690047265,0.010566583136096597,0.0,0.4170823335647583,-0.004994502663612366,0.0024772221222519875
5450,31.5,-0.01208476908504963,-0.04808372724801302,0.012599419895559549,0.0,0.4149426132440567,-0.0032758885994553567,-0.01208476908504963
5460,28.59375,-0.0138151990249753,-0.04968390706926584,0.010564892319962382,0.0,0.4144343286752701,-0.013350176939275116,-0.0138151990249753
5470,35.9375,-0.01559844333678484,-0.045025973953306674,0.01032674708403647,0.0,0.417159678041935,0.006238540750928223,-0.01559844333678484
5480,33.25,-0.04915352165699005,-0.04379463549703359,0.017107511498034002,0.0,0.41752693951129916,-0.00305758873000741,-0.04915352165699005
5490,28.375,0.012062221765518188,-0.03848321223631501,0.021307613980025054,0.0,0.41763160079717637,-0.008472005184739829,0.012062221765518188
5500,43.84375,-0.008404719643294811,-0.04632293125614524,0.00792410266585648,0.0,0.4213105276226997,0.0027109780930913985,-0.008404719643294811
5510,38.6875,-0.04822869598865509,-0.04650759920477867,0.027417257241904736,0.0,0.4163581758737564,-0.0017346307635307313,-0.04822869598865509
5520,29.40625,-0.009395893663167953,-0.047491352446377276,0.015641049202531575,0.0,0.4193023681640625,-0.00579972016857937,-0.009395893663167953
5530,39.75,-0.004283416084945202,-0.04587873313575983,0.009171668253839017,0.0,0.41891692727804186,0.005564067477826029,-0.004283416084945202
5540,32.25,-0.0054731713607907295,-0.04666916336864233,0.015033084619790315,0.0,0.41650178134441374,0.002801564848050475,-0.0054731713607907295
5550,37.71875,-0.019141163676977158,-0.04547337973490358,0.020309585332870483,0.0,0.4209899067878723,0.005682182620512321,-0.019141163676977158
5560,45.71875,0.015919048339128494,-0.03953379038721323,0.012751917727291584,0.0,0.4186690658330917,0.002001424110494554,0.015919048339128494
5570,41.5,-0.03826902061700821,-0.04893369637429714,0.015965120028704406,0.0,0.41916401982307433,-0.0022178841289132835,-0.03826902061700821
5580,37.125,-0.011693577282130718,-0.04436931489035487,0.01230675568804145,0.0,0.41401044130325315,0.002089792164042592,-0.011693577282130718
5590,32.28125,0.012568529695272446,-0.04085438027977943,0.019250288046896456,0.0,0.41657053530216215,-0.006021051714196801,0.012568529695272446
5600,34.625,0.01898694410920143,-0.04765866519883275,0.01520397374406457,0.0,0.41582646518945693,0.006987690378446132,0.01898694410920143
5610,39.125,0.003673490835353732,-0.0449044443666935,0.011188093246892095,0.0,0.4161801621317863,0.005260535946581513,0.003673490835353732
5620,34.375,-0.01863529160618782,-0.04462610296905041,0.011994582507759333,0.0,0.4172871246933937,-0.0014171057380735874,-0.01863529160618782
5630,31.34375,-0.027233924716711044,-0.04769617058336735,0.011574707832187415,0.0,0.4191326141357422,-0.001632793201133609,-0.027233924716711044
5640,23.1875,-0.0028190957382321358,-0.04274920485913754,0.01049249731004238,0.0,0.4171452149748802,0.0046058970270678404,-0.0028190957382321358
5650,35.59375,0.014904623851180077,-0.0417088158428669,0.017404785193502904,0.0,0.41747337877750396,0.007204943126998842,0.014904623851180077
5660,33.3125,0.014146899804472923,-0.048891572281718254,0.009632720518857241,0.0,0.41890418231487275,0.004682468855753541,0.014146899804472923
5670,32.5,0.0005153583479113877,-0.04793749563395977,0.012932944111526012,0.0,0.41918435990810393,0.006208073324523866,0.0005153583479113877
5680,30.78125,-0.0011263620108366013,-0.046934034675359726,0.01319190552458167,0.0,0.4158309206366539,2.6912614703178406e-05,-0.0011263620108366013
5690,24.25,-0.017840780317783356,-0.045955045521259306,0.014593135379254819,0.0,0.41747844517230986,-0.006030814163386822,-0.017840780317783356
5700,29.75,0.022895116358995438,-0.046422888338565824,0.013570710271596908,0.0,0.4178652673959732,0.006938545708544552,0.022895116358995438
5710,26.09375,-0.010150326415896416,-0.04839451014995575,0.023327726405113935,0.0,0.4139853954315186,-0.0015654335787985475,-0.010150326415896416
5720,32.75,-0.018268367275595665,-0.04716167096048594,0.028627587109804155,0.0,0.41819306910037995,-0.002555639267666265,-0.018268367275595665
5730,37.4375,-0.015111713670194149,-0.055461999773979184,0.012281764019280671,0.0,0.4184801623225212,0.0012168567220214755,-0.015111713670194149
5740,31.8125,0.00047351978719234467,-0.04708795053884387,0.007559633161872625,0.0,0.4164938062429428,0.00904029788216576,0.00047351978719234467
5750,31.25,-0.0210447758436203,-0.04788991939276457,0.029381117224693297,0.0,0.4186030089855194,0.0017107266699895262,-0.0210447758436203
5760,32.53125,-0.03859469294548035,-0.04948828686028719,0.02338131405413151,0.0,0.4190029576420784,0.0026890974259003997,-0.03859469294548035
5770,38.9375,0.0034381463192403316,-0.045745973195880654,0.021368301007896662,0.0,0.4211191385984421,0.011752389010507614,0.0034381463192403316
5780,21.125,-0.0363413542509079,-0.03773442544043064,0.07750916741788387,0.0,0.41808054894208907,0.0029595629079267383,-0.0363413542509079
5790,42.84375,-0.014763656072318554,-0.04608347536996007,0.019367200415581466,0.0,0.41992476135492324,0.002261551935225725,-0.014763656072318554
5800,24.28125,0.0076662106439471245,-0.0425203338265419,0.019647365808486937,0.0,0.419696806371212,0.0068849389674142,0.0076662106439471245
5810,30.875,-0.01065315306186676,-0.04994803424924612,0.014329714328050613,0.0,0.41950884014368056,0.005459119274746627,-0.01065315306186676
5820,36.53125,0.02310885861515999,-0.04359801858663559,0.015134406741708517,0.0,0.42002271860837936,0.004523866134695709,0.02310885861515999
5830,36.875,0.012905090115964413,-0.05183864291757345,0.014743248745799065,0.0,0.4173027783632278,0.007364289613906294,0.012905090115964413
5840,35.28125,-0.002329388167709112,-0.04522267989814281,0.017982333712279797,0.0,0.4205087378621101,0.00734954250510782,-0.002329388167709112
5850,27.96875,-0.006311091128736734,-0.05011251494288445,0.024375807121396066,0.0,0.41519387662410734,0.003744076128350571,-0.006311091128736734
5860,35.71875,-0.003095549764111638,-0.04839045661501586,0.01469283839687705,0.0,0.41563123613595965,0.01153527227579616,-0.003095549764111638
5870,26.03125,-0.04384377598762512,-0.04867841005325317,0.014943608362227679,0.0,0.41305343955755236,-0.003605044970754534,-0.04384377598762512
5880,32.5625,-0.006772153079509735,-0.04573934767395258,0.013116667373105883,0.0,0.41456658244132993,0.009369009069632738,-0.006772153079509735
5890,32.15625,-0.05882323160767555,-0.04351614266633987,0.11060855276882649,0.0,0.41545172333717345,-0.002589562418870628,-0.05882323160767555
5900,28.3125,-0.019787412136793137,-0.05257307719439268,0.017585759796202183,0.0,0.41564779430627824,0.008575389045290649,-0.019787412136793137
5910,32.90625,-0.005575980991125107,-0.04079307056963444,0.016465240437537432,0.0,0.4152295544743538,0.0037329387560021132,-0.005575980991125107
5920,37.5,0.012116493657231331,-0.05009911153465509,0.009392975270748139,0.0,0.414139324426651,0.0029474429378751666,0.012116493657231331
5930,30.0,-0.05685080215334892,-0.04740568716078997,0.053208700567483905,0.0,0.4150824204087257,-0.0008303446462377906,-0.05685080215334892
5940,23.78125,-0.018800999969244003,-0.04383179657161236,0.024120753072202204,0.0,0.41392668783664704,-0.014769490179605781,-0.018800999969244003
5950,29.15625,-0.039283089339733124,-0.045299656223505735,0.026251960173249246,0.0,0.41596544086933135,-0.005479765124619007,-0.039283089339733124
5960,28.46875,-0.01349854376167059,-0.04690596535801887,0.01754713514819741,0.0,0.4126845940947533,0.0011461507412604988,-0.01349854376167059
5970,42.625,0.009405803866684437,-0.043059025704860684,0.00997472582384944,0.0,0.41390645653009417,0.007456678187008947,0.009405803866684437
5980,46.96875,0.00310688279569149,-0.04261661460623145,0.011902947630733251,0.0,0.41016444861888884,-0.00040771536878310145,0.00310688279569149
5990,34.71875,1.9523780792951584e-05,-0.04539834652096033,0.0174179476685822,0.0,0.4089846432209015,-0.008257359475828707,1.9523780792951584e-05
6000,34.25,0.00017569027841091156,-0.04891562797129154,0.012322674319148064,0.0,0.4104603618383408,-0.005041599227115512,0.00017569027841091156
6010,26.53125,-0.02499064803123474,-0.046906592510640624,0.015536449570208787,0.0,0.41339690387248995,-0.0038356943521648647,-0.02499064803123474
6020,32.0,-0.0008030503522604704,-0.04349198993295431,0.021051713172346352,0.0,0.41174266785383223,-0.0006285480223596096,-0.0008030503522604704
6030,27.09375,-0.02000078186392784,-0.047177460696548226,0.018137935921549796,0.0,0.41032146066427233,-0.011714757815934718,-0.02000078186392784
6040,37.15625,-0.012050892226397991,-0.04248141627758741,0.014233998861163855,0.0,0.41017102897167207,-0.003876588674029335,-0.012050892226397991
6050,43.15625,0.0002284893998876214,-0.040305813588202,0.01660178927704692,0.0,0.4075528785586357,-0.009115320746786892,0.0002284893998876214
6060,31.5625,-0.00648884242400527,-0.04859832525253296,0.015384687297046184,0.0,0.40923480689525604,-0.0058897914015688,-0.00648884242400527
6070,37.0625,0.007073590997606516,-0.04532853495329618,0.015026569180190564,0.0,0.41062002182006835,-0.0021596355247311292,0.007073590997606516
6080,35.125,-0.011959855444729328,-0.04908415134996176,0.01841370826587081,0.0,0.4105218067765236,-0.004576439264928922,-0.011959855444729328
6090,29.9375,-0.026841364800930023,-0.050624435674399136,0.015231759659945965,0.0,0.41230556517839434,-0.004392144235316664,-0.026841364800930023
6100,31.4375,-0.002828208263963461,-0.04776580799371004,0.01474005850031972,0.0,0.41038815677165985,0.002162055275402963,-0.002828208263963461
6110,31.0625,0.0012469645589590073,-0.04396327119320631,0.009991387510672212,0.0,0.41166534423828127,0.0006759599782526493,0.0012469645589590073
6120,31.8125,-0.015171773731708527,-0.042733997106552124,0.01882962919771671,0.0,0.4088378116488457,0.002452932018786669,-0.015171773731708527
6130,39.09375,-0.02843056246638298,-0.045056005194783214,0.024640105478465558,0.0,0.41035419404506684,-0.00807257047854364,-0.02843056246638298
6140,29.65625,-0.026461606845259666,-0.04502204675227404,0.01294566122815013,0.0,0.4099980160593987,-0.009226847300305962,-0.026461606845259666
6150,36.90625,-0.015014679171144962,-0.05339443227276206,0.008717755693942309,0.0,0.41130765825510024,0.003298769157845527,-0.015014679171144962
6160,36.15625,-0.009333271533250809,-0.04969812519848347,0.010232560243457556,0.0,0.4113171070814133,0.003939916362287477,-0.009333271533250809
6170,33.375,-0.005203886888921261,-0.04366399496793747,0.01999945230782032,0.0,0.409524068236351,-0.0035132203716784715,-0.005203886888921261
6180,34.03125,-0.00853561982512474,-0.04948012568056583,0.01682680370286107,0.0,0.4101210802793503,-0.005879230087157339,-0.00853561982512474
6190,24.59375,-0.020868616178631783,-0.045649589691311124,0.017950172070413828,0.0,0.4135924443602562,-0.0034900451893918214,-0.020868616178631783
6200,37.125,-0.01357449684292078,-0.04406715352088213,0.014878573268651963,0.0,0.4130439355969429,-0.0075104067218489945,-0.01357449684292078
6210,35.21875,-0.003186676651239395,-0.04305894523859024,0.012658360600471496,0.0,0.4087883964180946,0.0002110758563503623,-0.003186676651239395
6220,24.625,-0.03625229746103287,-0.051882164925336836,0.018403664603829382,0.0,0.4081762537360191,-0.004570964258164167,-0.03625229746103287
6230,32.625,0.007503397762775421,-0.04097832627594471,0.025836607068777086,0.0,0.40910061448812485,0.005322098988108337,0.007503397762775421
6240,31.15625,0.005816143937408924,-0.04757002852857113,0.021885871700942517,0.0,0.4101231500506401,-0.011130912147928029,0.005816143937408924
6250,20.1875,-0.04067419469356537,-0.04908961430191994,0.018414012901484967,0.0,0.40947666168212893,0.002016553853172809,-0.04067419469356537
6260,31.25,0.007165940478444099,-0.050800525955855845,0.020123890694230796,0.0,0.4124497786164284,0.0025744253769516947,0.007165940478444099
6270,26.4375,-0.0365566685795784,-0.04531145542860031,0.02677903659641743,0.0,0.4104978382587433,-0.010323863232042641,-0.0365566685795784
6280,35.71875,0.005526683758944273,-0.046132315322756766,0.014997045136988163,0.0,0.41098138839006426,0.0026742534479126333,0.005526683758944273
6290,43.40625,-0.0015719432849436998,-0.04704463128000498,0.018263293616473674,0.0,0.41116131842136383,-0.0036284295609220864,-0.0015719432849436998
6300,30.875,-0.008774178102612495,-0.046003928687423465,0.01943970564752817,0.0,0.41033368855714797,0.001686787890503183,-0.008774178102612495
6310,24.96875,-0.010801013559103012,-0.04539453741163015,0.02284916453063488,0.0,0.4088250190019608,-0.003639727469999343,-0.010801013559103012
6320,29.59375,-0.01473929826170206,-0.0530777370557189,0.02093345234170556,0.0,0.41121652275323867,0.0015265374793671071,-0.01473929826170206
6330,27.96875,-0.00463861133903265,-0.03962390311062336,0.026024901308119297,0.0,0.4134511798620224,-0.006926058093085885,-0.00463861133903265
6340,32.78125,-0.006981752812862396,-0.05155059788376093,0.01656363271176815,0.0,0.4129613026976585,0.0050903334049507976,-0.006981752812862396
6350,37.53125,-0.02003721334040165,-0.052465553767979144,0.011623620986938477,0.0,0.413432677090168,2.4563720216974616e-05,-0.02003721334040165
6360,35.71875,0.01732785440981388,-0.05009072795510292,0.02254299484193325,0.0,0.4142367348074913,0.0049703156808391215,0.01732785440981388
6370,24.46875,-0.0176994688808918,-0.04952453030273318,0.013364061340689659,0.0,0.4114049434661865,-0.009538056037854403,-0.0176994688808918
6380,33.4375,-0.002754129935055971,-0.04903990244492888,0.014525881595909595,0.0,0.4142832949757576,-0.006237088842317462,-0.002754129935055971
6390,37.1875,0.008407358080148697,-0.04681891659274697,0.011628086771816015,0.0,0.41495304852724074,0.011352384020574391,0.008407358080148697
6400,36.9375,-0.027110913768410683,-0.04912048047408461,0.016521875653415917,0.0,0.41332857608795165,-0.005635182338301093,-0.027110913768410683
6410,49.96875,-0.005978949833661318,-0.04807914234697819,0.04243703261017799,0.0,0.4152643233537674,-0.0021102372440509496,-0.005978949833661318
6420,42.4375,-0.0136940348893404,-0.04766236748546362,0.013817776087671518,0.0,0.4148635700345039,0.00031847213394939897,-0.0136940348893404
6430,49.0625,-0.022910920903086662,-0.04570742435753346,0.016570896748453377,0.0,0.4126724526286125,-0.006463561963755637,-0.022910920903086662
6440,42.53125,-0.0007671811617910862,-0.04445637324824929,0.017452559527009727,0.0,0.41181607395410535,-0.006299123563803732,-0.0007671811617910862
6450,40.53125,-0.027363792061805725,-0.05743071269243956,0.024300442822277547,0.0,0.41255285739898684,-0.011511387769132853,-0.027363792061805725
6460,38.21875,-0.022875718772411346,-0.04962629582732916,0.010056198760867118,0.0,0.4125310778617859,-0.008063550235237926,-0.022875718772411346
6470,35.375,-0.016019592061638832,-0.04112587179988623,0.035127912648022175,0.0,0.4133442357182503,-0.000697085092542693,-0.016019592061638832
6480,45.75,-0.01874416135251522,-0.046579737961292264,0.016800563596189023,0.0,0.4135953649878502,0.00073177918093279,-0.01874416135251522
6490,38.59375,-0.02710752934217453,-0.047395133040845396,0.017446564324200154,0.0,0.41321026980876924,-0.005582669842988252,-0.02710752934217453
6500,54.125,-0.0016337730921804905,-0.03825309928506613,0.027007078006863593,0.0,0.41684786677360536,-0.002931559318676591,-0.0016337730921804905
6510,42.9375,-0.015752894803881645,-0.05084645990282297,0.02041026670485735,0.0,0.41132613867521284,-0.011287450394593179,-0.015752894803881645
6520,45.1875,-0.01117045059800148,-0.05064619667828083,0.016863044910132886,0.0,0.410924369096756,-0.0006672166637144983,-0.01117045059800148
6530,37.9375,-0.037656381726264954,-0.049896379467099905,0.02432969817891717,0.0,0.4093927457928658,-0.0232295214664191,-0.037656381726264954
6540,52.15625,-0.019291937351226807,-0.04681806610897184,0.013891779631376267,0.0,0.4116439804434776,-0.007371010421775281,-0.019291937351226807
6550,48.9375,-0.015074444003403187,-0.05537395924329758,0.012721182592213155,0.0,0.41167509704828265,-0.005784513684920967,-0.015074444003403187
6560,64.1875,-0.04761364683508873,-0.05466609746217728,0.014562585949897766,0.0,0.4119027331471443,-0.011803742742631584,-0.04761364683508873
6570,55.3125,-0.005489328410476446,-0.04550471361726523,0.018367237597703933,0.0,0.40923253297805784,1.9088597036898135e-05,-0.005489328410476446
6580,57.3125,-0.00527149997651577,-0.048588508181273936,0.028170846216380597,0.0,0.4118330866098404,-0.00825582885881886,-0.00527149997651577
6590,34.6875,0.013812487944960594,-0.04461804386228323,0.01244067121297121,0.0,0.4129313439130783,-0.005607801052974537,0.013812487944960594
6600,49.15625,-0.002984717022627592,-0.049331275094300506,0.023209804482758046,0.0,0.4128681018948555,9.516020072624088e-05,-0.002984717022627592
6610,44.46875,0.001271708868443966,-0.04308764170855284,0.026704019866883755,0.0,0.4115200474858284,-0.0053199361311271785,0.001271708868443966
6620,42.5625,0.0015862288419157267,-0.04875623155385256,0.010064294282346963,0.0,0.41345004439353944,-0.010260848805774003,0.0015862288419157267
6630,40.125,-0.018489528447389603,-0.04682851992547512,0.021191560477018357,0.0,0.4128873527050018,-0.006014712410978973,-0.018489528447389603
6640,42.46875,-0.019359378144145012,-0.05004712771624327,0.019002270698547364,0.0,0.4129740908741951,0.0017633738229051233,-0.019359378144145012
6650,40.1875,0.020418215543031693,-0.04682305883616209,0.01375841125845909,0.0,0.41346299052238467,0.00041403397917747495,0.020418215543031693
6660,46.1875,-0.003606463083997369,-0.04498923271894455,0.010773784667253494,0.0,0.41451168060302734,0.006435058091301471,-0.003606463083997369
6670,55.4375,-0.002559355925768614,-0.04199762647040188,0.0208346726372838,0.0,0.41359176188707353,-0.007881846267264337,-0.002559355925768614
6680,54.09375,-0.002190359402447939,-0.04778479859232902,0.015179423242807388,0.0,0.41275754272937776,-0.0015184190240688622,-0.002190359402447939
6690,52.625,-0.024238089099526405,-0.050512326322495936,0.020407500490546227,0.0,0.4092869073152542,-0.00752328634262085,-0.024238089099526405
6700,49.625,-0.027010809630155563,-0.05090724416077137,0.023849583696573973,0.0,0.41297404319047926,-0.003839226014679298,-0.027010809630155563
6710,51.96875,-0.009923353791236877,-0.05175301125273109,0.018822002038359643,0.0,0.4134848967194557,-0.006464837957173586,-0.009923353791236877
6720,46.5625,-0.04129403084516525,-0.05637549748644233,0.01861373530700803,0.0,0.41054763048887255,-0.02085053998744115,-0.04129403084516525
6730,44.71875,-0.01818939670920372,-0.047886725328862664,0.012444745562970639,0.0,0.4148515105247498,-0.009909392544068396,-0.01818939670920372
6740,52.03125,-0.016417473554611206,-0.047701902128756045,0.01835050918161869,0.0,0.41431211680173874,-0.0014575757668353617,-0.016417473554611206
6750,55.78125,0.012846946716308594,-0.047758260183036326,0.009151305118575693,0.0,0.41326289176940917,4.676807438954711e-05,0.012846946716308594
6760,37.25,0.013138916343450546,-0.05535681284964085,0.016760033648461105,0.0,0.4137718975543976,0.0033373401034623384,0.013138916343450546
6770,43.625,-0.006305855233222246,-0.047869311086833476,0.017241447139531373,0.0,0.4152408853173256,-0.003927247994579375,-0.006305855233222246
6780,69.75,0.007465020287781954,-0.044188542012125256,0.013171991892158985,0.0,0.41804984509944915,0.011431020102463663,0.007465020287781954
6790,52.34375,0.011936423368752003,-0.04475223943591118,0.018117875326424837,0.0,0.41414779871702195,0.0032930311281234026,0.011936423368752003
6800,68.5,0.014063951559364796,-0.04866938292980194,0.015341868624091148,0.0,0.4192204877734184,0.011468238686211408,0.014063951559364796
6810,40.0,-0.01452011801302433,-0.04956974871456623,0.024279359355568887,0.0,0.4183423727750778,0.011091790586942808,-0.01452011801302433
6820,53.71875,0.003992414101958275,-0.041983306687325236,0.01447683535516262,0.0,0.41938738971948625,0.007272966264281422,0.003992414101958275
6830,51.46875,0.00973204430192709,-0.04579010512679815,0.023578902520239354,0.0,0.4179461389780045,0.002475570049136877,0.00973204430192709
6840,67.375,-0.007191109471023083,-0.04711798494681716,0.023952560685575008,0.0,0.41536530703306196,0.004420336836483329,-0.007191109471023083
6850,51.34375,0.00028772931545972824,-0.0469790056347847,0.02115307468920946,0.0,0.4165491580963135,0.004087596957106143,0.00028772931545972824
6860,54.4375,-0.004832930862903595,-0.045777443796396255,0.017517635133117437,0.0,0.4166534259915352,0.005067558062728494,-0.004832930862903595
6870,54.78125,-0.01031653955578804,-0.05463095530867577,0.014301689527928828,0.0,0.41515104174613954,0.00823123506270349,-0.01031653955578804
6880,42.96875,-0.0007560907979495823,-0.04839525632560253,0.02295686462894082,0.0,0.41426791846752165,0.009490847139386461,-0.0007560907979495823
6890,36.125,0.0036939564161002636,-0.05315587669610977,0.015089691150933504,0.0,0.4153104782104492,0.0067714530974626545,0.0036939564161002636
6900,41.78125,-0.010498147457838058,-0.05101055894047022,0.0195583688095212,0.0,0.4156817391514778,-0.005210751097183675,-0.010498147457838058
6910,37.09375,0.00832741055637598,-0.04419604875147343,0.012186626996845007,0.0,0.4164445921778679,0.010594241891521961,0.00832741055637598
6920,39.84375,0.012226248160004616,-0.04112011361867189,0.018159280251711606,0.0,0.4149333268404007,0.008453313063364476,0.012226248160004616
6930,43.1875,0.02201543003320694,-0.04868849068880081,0.016699267830699683,0.0,0.41623807698488235,0.002727674221387133,0.02201543003320694
6940,48.90625,0.011001652106642723,-0.05132042597979307,0.011667835665866733,0.0,0.41829119622707367,0.004021713824477047,0.011001652106642723
6950,58.5625,-0.030636463314294815,-0.0533656214363873,0.022811854258179665,0.0,0.41632124334573745,0.00636769833508879,-0.030636463314294815
6960,39.8125,-0.01405118964612484,-0.05210711937397718,0.015360854472965002,0.0,0.41552797704935074,-0.0013356503623072058,-0.01405118964612484
6970,50.0,0.01671731472015381,-0.0487504125572741,0.0126025446690619,0.0,0.4169045716524124,0.011706332943867892,0.01671731472015381
6980,55.53125,0.007774705067276955,-0.05367373134940863,0.01809555385261774,0.0,0.41849387884140016,0.00738377594971098,0.007774705067276955
6990,35.125,-0.012757225893437862,-0.04649021439254284,0.018251325841993092,0.0,0.4170908659696579,-0.007109554536873475,-0.012757225893437862
7000,41.75,-0.011490020900964737,-0.04728810284286737,0.01061375834979117,0.0,0.41981766521930697,0.0017811354831792415,-0.011490020900964737
7010,68.40625,0.005259140394628048,-0.050477161258459094,0.01608576886355877,0.0,0.416253587603569,0.015110046789050102,0.005259140394628048
7020,60.65625,-0.007266034372150898,-0.054614733718335626,0.016712333541363478,0.0,0.41550417691469194,0.011222290073055774,-0.007266034372150898
7030,70.09375,0.023786498233675957,-0.04954300969839096,0.013356540538370609,0.0,0.4150982230901718,0.009841501747723668,0.023786498233675957
7040,56.65625,0.021532129496335983,-0.03919841051101684,0.021544926706701516,0.0,0.4135897263884544,0.009628289245301857,0.021532129496335983
7050,44.03125,-0.005829955451190472,-0.04610993433743715,0.01932339631021023,0.0,0.4132987692952156,0.0017383370432071388,-0.005829955451190472
7060,57.75,0.013690924271941185,-0.043669716268777845,0.0121710198931396,0.0,0.4131862744688988,0.0016296812333166598,0.013690924271941185
7070,47.53125,-0.007108154706656933,-0.04679960208013654,0.01307705994695425,0.0,0.4147219806909561,0.0018084394512698054,-0.007108154706656933
7080,78.375,0.008253626525402069,-0.043617702275514605,0.014817482605576516,0.0,0.41594436317682265,0.00736331264488399,0.008253626525402069
7090,56.875,-0.021816417574882507,-0.052573959529399875,0.010744762886315585,0.0,0.4167348727583885,0.003920680889859795,-0.021816417574882507
7100,61.71875,0.01594116911292076,-0.04930110312998295,0.012302432954311372,0.0,0.41593732982873916,0.003274282824713737,0.01594116911292076
7110,51.125,-0.0065930793061852455,-0.050194811448454855,0.023330920562148093,0.0,0.4179403305053711,0.007205707184039056,-0.0065930793061852455
7120,56.40625,-0.0015434790402650833,-0.04346696818247438,0.02337510557845235,0.0,0.41842297911643983,0.003755525790620595,-0.0015434790402650833
7130,62.96875,0.00037200114456936717,-0.04922353737056255,0.009770496003329753,0.0,0.4182351425290108,0.006788681691978127,0.00037200114456936717
7140,51.1875,-0.013749874196946621,-0.05227351412177086,0.01118630231358111,0.0,0.42019022852182386,0.0015409403946250676,-0.013749874196946621
7150,50.0625,0.005352918989956379,-0.043802558537572624,0.022804005164653064,0.0,0.42201882898807525,0.00804373407154344,0.005352918989956379
7160,62.375,0.004532674793154001,-0.042966619692742826,0.017278508655726908,0.0,0.4211066171526909,0.013757860951591283,0.004532674793154001
7170,56.625,-0.003453194396570325,-0.04074973622336984,0.04645254462957382,0.0,0.4202133283019066,0.021015885402448475,-0.003453194396570325
7180,54.6875,-0.002352193696424365,-0.04349826779216528,0.025334009528160097,0.0,0.4197256252169609,0.005596538732061162,-0.002352193696424365
7190,55.03125,0.018948914483189583,-0.04322947282344103,0.019200923666357995,0.0,0.4208719417452812,0.0013242716318927704,0.018948914483189583
7200,58.59375,0.03298385441303253,-0.03864591140300035,0.010793104115873576,0.0,0.42025658041238784,0.008693053963361308,0.03298385441303253
7210,65.375,-0.024692032486200333,-0.051038867235183714,0.014677451737225056,0.0,0.4196769282221794,0.0055127929255831985,-0.024692032486200333
7220,75.90625,0.022603848949074745,-0.04856316167861223,0.011700973380357027,0.0,0.41985340267419813,0.006125744967721403,0.022603848949074745
7230,80.9375,0.003546374384313822,-0.04495274545624852,0.028741820342838766,0.0,0.4188820168375969,0.009618873882573098,0.003546374384313822
7240,69.0,-0.003902784548699856,-0.04786000847816467,0.03145472910255194,0.0,0.41763399839401244,0.004075000295415521,-0.003902784548699856
7250,67.03125,-0.016377534717321396,-0.04069349374622107,0.012385825999081135,0.0,0.41764266043901443,0.0010134650277905167,-0.016377534717321396
7260,73.8125,0.0066526830196380615,-0.048568804562091825,0.011677151825278998,0.0,0.41726774722337723,0.002176878065802157,0.0066526830196380615
7270,67.65625,0.019479893147945404,-0.038920894637703894,0.03361012935638428,0.0,0.41904487162828447,0.01222814864013344,0.019479893147945404
7280,54.96875,0.003494994482025504,-0.046597626991569996,0.012602961156517267,0.0,0.4209596231579781,0.012969573633745313,0.003494994482025504
7290,59.25,0.016328033059835434,-0.04715384505689144,0.01971400436013937,0.0,0.42297423630952835,0.00676061687991023,0.016328033059835434
7300,52.53125,1.0472256690263748e-05,-0.056586404144763944,0.01829185290262103,0.0,0.4228538990020752,0.011952394223771989,1.0472256690263748e-05
7310,55.96875,-0.0010574629995971918,-0.04852186031639576,0.017111590318381786,0.0,0.4198071390390396,0.005827227642294019,-0.0010574629995971918
7320,49.9375,0.01119230780750513,-0.04854496233165264,0.02241008188575506,0.0,0.42026981711387634,-0.0035114095255266873,0.01119230780750513
7330,62.0,0.0015167458914220333,-0.045288681890815495,0.00867202184163034,0.0,0.42036439329385755,0.0008135759853757918,0.0015167458914220333
7340,92.4375,0.0049880980513989925,-0.05211358983069658,0.02378470078110695,0.0,0.42219659984111785,0.010399279731791467,0.0049880980513989925
7350,58.03125,-0.03207007050514221,-0.05033203903585672,0.018424694426357746,0.0,0.41628129929304125,-0.0010106972244102509,-0.03207007050514221
7360,55.65625,-0.005509158596396446,-0.05029118154197931,0.035168626718223094,0.0,0.41951260417699815,-0.00482249774504453,-0.005509158596396446
7370,48.0625,0.0030260407365858555,-0.0533092238008976,0.016424713470041753,0.0,0.4200854539871216,-0.00857233015121892,0.0030260407365858555
7380,57.09375,0.007023015525192022,-0.044768524914979936,0.01406670268625021,0.0,0.42014399766921995,-0.0061745538609102365,0.007023015525192022
7390,45.90625,-0.029754381626844406,-0.053632101602852346,0.021164131443947555,0.0,0.4185241535305977,-0.009018121310509742,-0.029754381626844406
7400,40.9375,-0.01266254298388958,-0.04683548007160425,0.03289435748010874,0.0,0.4220589712262154,-0.006042368698399514,-0.01266254298388958
7410,61.0625,-0.01908077485859394,-0.04904785994440317,0.01797638526186347,0.0,0.4202493280172348,-0.008968089916743338,-0.01908077485859394
7420,66.40625,0.0010240556439384818,-0.04875971097499132,0.017795781884342433,0.0,0.4204343095421791,-0.002017252962104976,0.0010240556439384818
7430,43.6875,-0.0013816882856190205,-0.053565858490765096,0.01650201342999935,0.0,0.42128091156482694,-0.0040317477018106725,-0.0013816882856190205
7440,51.46875,0.005948159843683243,-0.04765256457030773,0.022406174801290035,0.0,0.4205757290124893,-0.0003633539075963199,0.005948159843683243
7450,53.03125,0.00871649943292141,-0.05176961962133646,0.023021450825035573,0.0,0.42114859968423846,0.006427508243359625,0.00871649943292141
7460,79.28125,0.012464391998946667,-0.04958947133272886,0.024110672622919084,0.0,0.4226113945245743,0.015012810635380448,0.012464391998946667
7470,80.53125,-0.01051778718829155,-0.048619145154953004,0.022858828585594893,0.0,0.4192813739180565,-0.0015560136002022774,-0.01051778718829155
7480,68.25,-0.03729693591594696,-0.05175854098051787,0.044653285294771194,0.0,0.4154288500547409,0.0005782570864539593,-0.03729693591594696
7490,68.0625,-0.022511355578899384,-0.03837251272052526,0.037219067197293045,0.0,0.41710087805986407,-0.00687990402802825,-0.022511355578899384
7500,74.96875,-0.0031682057306170464,-0.0427040982991457,0.021914683282375336,0.0,0.41539809107780457,-0.006308665638789535,-0.0031682057306170464
7510,59.09375,-0.009445037692785263,-0.05444308556616306,0.011230567004531622,0.0,0.41609241962432864,-0.007195670471992344,-0.009445037692785263
7520,49.28125,-0.018801312893629074,-0.0552431832998991,0.012620821688324213,0.0,0.41811455488204957,0.00038452435983344914,-0.018801312893629074
7530,50.5625,-0.0030631020199507475,-0.051192881911993025,0.018244897294789553,0.0,0.41286818832159045,-0.012121566047426313,-0.0030631020199507475
7540,76.21875,-0.017667528241872787,-0.05341780297458172,0.021657920069992544,0.0,0.4193483114242554,-0.006215109262848273,-0.017667528241872787
7550,33.0,-0.013758137822151184,-0.056070868670940396,0.018880175054073335,0.0,0.4160697892308235,-0.009905099647585302,-0.013758137822151184
7560,50.28125,0.0021054502576589584,-0.0467178238555789,0.028515600133687258,0.0,0.41777370125055313,0.005204998957924545,0.0021054502576589584
7570,67.625,-0.01555800810456276,-0.05273016132414341,0.014566895551979542,0.0,0.4166764631867409,-0.002270576823502779,-0.01555800810456276
7580,47.5,-0.03743898123502731,-0.0528671694919467,0.029640904255211355,0.0,0.4153074711561203,3.2541979453526435e-05,-0.03743898123502731
7590,53.375,-0.03187818452715874,-0.05231415517628193,0.01855233572423458,0.0,0.41395210921764375,-0.010640825284644962,-0.03187818452715874
7600,61.9375,-0.01505228504538536,-0.054129818268120286,0.01771913655102253,0.0,0.413970360159874,-0.01227657770505175,-0.01505228504538536
7610,90.0,-0.016321709379553795,-0.05083764810115099,0.00766075705178082,0.0,0.41471259742975236,-0.00609718692721799,-0.016321709379553795
7620,69.75,-0.0268645528703928,-0.0526946329511702,0.02019773693755269,0.0,0.41226558536291125,-0.005932164681144059,-0.0268645528703928
7630,50.40625,0.0010833523701876402,-0.0539575956761837,0.01835994077846408,0.0,0.4139676854014397,-0.003997075580991804,0.0010833523701876402
7640,70.8125,-0.023127803578972816,-0.04928587358444929,0.023155941069126128,0.0,0.41699021905660627,-0.006431794911623001,-0.023127803578972816
7650,68.09375,-0.029394051060080528,-0.052233996149152515,0.021332424134016037,0.0,0.41970096826553344,-0.00500322503503412,-0.029394051060080528
7660,57.46875,-0.0201503187417984,-0.04422407671809196,0.023480994440615178,0.0,0.4151394307613373,-0.0028881498146802187,-0.0201503187417984
7670,65.84375,0.012092886492609978,-0.050613507814705375,0.015187439788132907,0.0,0.4187417507171631,-0.0024076879490166903,0.012092886492609978
7680,40.03125,-0.0036390554159879684,-0.05665752338245511,0.015246500633656979,0.0,0.4158274918794632,-0.009314355545211584,-0.0036390554159879684
7690,65.53125,-0.005770937539637089,-0.04599598981440067,0.02024783529341221,0.0,0.4210212916135788,-0.0020554834743961694,-0.005770937539637089
7700,62.40625,-0.003938501700758934,-0.054807582125067714,0.01727178189903498,0.0,0.4217527821660042,0.004864568507764488,-0.003938501700758934
7710,48.53125,0.010123182088136673,-0.04799584820866585,0.032271933183073996,0.0,0.41929455250501635,-0.0011173486243933439,0.010123182088136673
7720,65.125,-0.010227367281913757,-0.047466515377163884,0.01273141149431467,0.0,0.4167814373970032,-0.00994249398354441,-0.010227367281913757
7730,86.59375,0.0005099480040371418,-0.048521788418293,0.016025283932685853,0.0,0.41797682642936707,-0.0030439323745667934,0.0005099480040371418
7740,75.65625,-0.020896226167678833,-0.05216667316854,0.026219583116471767,0.0,0.4170862153172493,-0.004971307760570198,-0.020896226167678833
7750,100.8125,0.006042532157152891,-0.0500754926353693,0.018579169269651176,0.0,0.42116741836071014,0.00401091169915162,0.006042532157152891
7760,49.84375,0.01166905090212822,-0.04746659714728594,0.020857750810682772,0.0,0.4202242612838745,-0.010206547332927585,0.01166905090212822
7770,75.125,0.010058891959488392,-0.048470634315162894,0.023788549564778806,0.0,0.4215146258473396,-0.008081880758982151,0.010058891959488392
7780,47.875,-0.019520021975040436,-0.054101848416030406,0.018699668254703282,0.0,0.4205684199929237,-0.010921918088570237,-0.019520021975040436
7790,54.09375,-0.03711097687482834,-0.058811478316783905,0.020758512429893017,0.0,0.4208464980125427,-0.009754122351296246,-0.03711097687482834
7800,65.1875,-0.03834319859743118,-0.056127749383449554,0.016639607772231103,0.0,0.4196380600333214,-0.0074861410888843235,-0.03834319859743118
7810,45.8125,-0.01571238785982132,-0.05064240945503116,0.018694732431322338,0.0,0.4177769124507904,-0.005149677320150659,-0.01571238785982132
7820,65.375,-0.011842460371553898,-0.05268887747079134,0.011823464091867209,0.0,0.42275205701589585,-0.003680372633971274,-0.011842460371553898
7830,101.75,0.012806277722120285,-0.04644191535189748,0.021136115677654742,0.0,0.4189976081252098,0.003627731866436079,0.012806277722120285
7840,75.96875,-0.03665842115879059,-0.04865731317549944,0.02922423854470253,0.0,0.4169123411178589,-0.007223761797649786,-0.03665842115879059
7850,76.28125,-0.006360999308526516,-0.05152656976133585,0.018691194150596856,0.0,0.415838785469532,-0.00955807663849555,-0.006360999308526516
7860,77.5625,-0.003795365570113063,-0.04738097311928868,0.02161929924041033,0.0,0.4197443500161171,-0.006581016257405281,-0.003795365570113063
7870,37.1875,-0.0009952079271897674,-0.05344190075993538,0.023553605563938616,0.0,0.419307641685009,-0.007857382425572722,-0.0009952079271897674
7880,48.71875,-0.031319838017225266,-0.05314334649592638,0.01438200855627656,0.0,0.42257196754217147,-0.005425684270448983,-0.031319838017225266
7890,74.125,-0.009200897999107838,-0.04784098193049431,0.01785588953644037,0.0,0.42142789959907534,-0.0014105943671893328,-0.009200897999107838
7900,107.0625,-0.015998976305127144,-0.05123018082231283,0.01736000655218959,0.0,0.4162991136312485,-0.003660165157634765,-0.015998976305127144
7910,101.46875,7.27990991435945e-05,-0.05102017195895314,0.019562114775180817,0.0,0.41388939023017884,-0.0035702672437764706,7.27990991435945e-05
7920,82.8125,-0.00022345222532749176,-0.05184879619628191,0.021663218084722758,0.0,0.41001417934894563,-0.012328764202538877,-0.00022345222532749176
7930,75.375,-0.0052182357758283615,-0.048711472656577826,0.02642076089978218,0.0,0.4203332230448723,0.002471126290038228,-0.0052182357758283615
7940,39.09375,-0.0035734251141548157,-0.0539343012496829,0.018681125342845918,0.0,0.41927011758089067,-0.0020159146515652537,-0.0035734251141548157
7950,52.59375,-0.028559666126966476,-0.04758935645222664,0.022583017125725746,0.0,0.41967062205076217,-0.001668051426531747,-0.028559666126966476
7960,55.0,0.016410570591688156,-0.04948519254103303,0.026871440187096595,0.0,0.4189385652542114,0.0002060465980321169,0.016410570591688156
7970,91.0,0.009360082447528839,-0.04569503618404269,0.02726973257958889,0.0,0.4182675153017044,-0.008703596930718049,0.009360082447528839
7980,87.4375,-0.03447546437382698,-0.05059818085283041,0.013379346858710051,0.0,0.41432421952486037,-0.01831330328132026,-0.03447546437382698
7990,46.84375,-0.026065967977046967,-0.04642034955322742,0.04778471738100052,0.0,0.414532957971096,-0.00917876318562776,-0.026065967977046967
8000,82.90625,-0.011461731977760792,-0.05484931441023946,0.02304382957518101,0.0,0.4216300010681152,0.0034841260872781276,-0.011461731977760792
8010,81.5,-0.010651683434844017,-0.037856307625770566,0.03860206175595522,0.0,0.41897970587015154,-0.007856742898002266,-0.010651683434844017
8020,109.8125,-0.005849719978868961,-0.05725489370524883,0.020681514218449593,0.0,0.419512876868248,-0.004578871233388781,-0.005849719978868961
8030,71.5,-0.006159644108265638,-0.05250022616237402,0.02065502619370818,0.0,0.4172408655285835,-0.016857868630904705,-0.006159644108265638
8040,84.65625,-0.012108970433473587,-0.052873721718788146,0.03048477191478014,0.0,0.41839036643505095,-0.0034275721234735103,-0.012108970433473587
8050,82.375,-0.018528304994106293,-0.03698566816747188,0.026034683641046285,0.0,0.41754778772592543,-0.005533588229445741,-0.018528304994106293
8060,97.53125,-0.02748757228255272,-0.05025519309565425,0.025936267152428628,0.0,0.4159913808107376,-0.01188303487142548,-0.02748757228255272
8070,48.71875,-0.01627504453063011,-0.0539621377363801,0.024697096832096577,0.0,0.41750329434871675,-0.014040105056483298,-0.01627504453063011
8080,50.5,-0.019796421751379967,-0.0548715565353632,0.01570177786052227,0.0,0.418667896091938,-0.013119724439457059,-0.019796421751379967
8090,41.9375,0.0010669669136404991,-0.0480391938239336,0.017574483901262282,0.0,0.416367644071579,-0.015560467541217805,0.0010669669136404991
8100,55.3125,-0.03696458041667938,-0.05187076404690742,0.01686490550637245,0.0,0.41790600419044494,-0.012722817610483616,-0.03696458041667938
8110,67.3125,-0.007077100686728954,-0.046101355273276565,0.01745698507875204,0.0,0.4175973430275917,-0.016970706940628588,-0.007077100686728954
8120,73.3125,-0.04101492464542389,-0.05466759763658047,0.015751149225980043,0.0,0.41996968239545823,-0.006235043075866998,-0.04101492464542389
8130,118.84375,0.01569066382944584,-0.0512948707677424,0.010678801778703928,0.0,0.41714529395103456,-0.0010135040036402642,0.01569066382944584
8140,77.84375,-0.00847555510699749,-0.05021477770060301,0.017630508076399563,0.0,0.41537278443574904,-0.0022306524100713433,-0.00847555510699749
8150,66.59375,0.007944472134113312,-0.049110767617821696,0.021642264910042286,0.0,0.420713210105896,-0.0017050938331522048,0.007944472134113312
8160,47.3125,-0.017253853380680084,-0.04549562092870474,0.024370430782437325,0.0,0.4212694838643074,-0.004646872996818274,-0.017253853380680084
8170,47.71875,-0.014442753046751022,-0.05292873829603195,0.02280521746724844,0.0,0.4226947709918022,-0.010785570496227592,-0.014442753046751022
8180,113.46875,-0.008488411083817482,-0.05013618338853121,0.011734475288540125,0.0,0.4223644152283669,-0.0016878459369763731,-0.008488411083817482
8190,101.625,-0.03888583928346634,-0.04248767038807273,0.03246820401400328,0.0,0.4180266737937927,-0.011965031805448233,-0.03888583928346634
8200,79.90625,-0.03228077292442322,-0.05353552214801312,0.015599687024950981,0.0,0.4186643481254578,-0.004552308202255518,-0.03228077292442322
8210,84.71875,-0.018404141068458557,-0.05214888108894229,0.017770175635814667,0.0,0.4228270187973976,-0.010946000588592141,-0.018404141068458557
8220,69.59375,-0.004715570714324713,-0.05790590737015009,0.013813258334994315,0.0,0.4229752540588379,-0.0020115393679589035,-0.004715570714324713
8230,61.25,-0.04143629968166351,-0.05241143014281988,0.01802766351029277,0.0,0.4239830493927002,-0.002513559104409069,-0.04143629968166351
8240,67.53125,-0.02554386481642723,-0.0495914489030838,0.014896450657397508,0.0,0.4237532138824463,-0.0067958356346935036,-0.02554386481642723
8250,83.4375,-0.03023313544690609,-0.056294018402695656,0.019652174692600964,0.0,0.42664858847856524,-0.002589241159148514,-0.03023313544690609
8260,91.34375,0.009372150525450706,-0.046819175593554974,0.019407384004443883,0.0,0.42493029981851577,0.0012451862217858433,0.009372150525450706
8270,60.5625,-0.01740347035229206,-0.04708459060639143,0.01867202538996935,0.0,0.42306158542633054,-0.005294111906550825,-0.01740347035229206
8280,85.0625,-0.0025249929167330265,-0.045424326322972775,0.016889390628784896,0.0,0.4250229552388191,0.0007444040616974235,-0.0025249929167330265
8290,80.28125,-0.04033958539366722,-0.05071620000526309,0.017132385820150375,0.0,0.4243151143193245,0.00044198684627190233,-0.04033958539366722
8300,88.8125,0.0015435612294822931,-0.04429724817164242,0.05908041559159756,0.0,0.4259843796491623,0.010998248890973627,0.0015435612294822931
8310,69.71875,0.005638698115944862,-0.05619768425822258,0.02606300264596939,0.0,0.4239106684923172,0.0035224804421886803,0.005638698115944862
8320,73.34375,1.5805941075086594e-05,-0.050845757313072684,0.04613079056143761,0.0,0.42681639790534975,0.004467584867961704,1.5805941075086594e-05
8330,110.34375,0.005170691758394241,-0.049426561966538426,0.014451186824589967,0.0,0.427483843266964,0.011519675003364682,0.005170691758394241
8340,91.40625,-0.003720545442774892,-0.05176742020994425,0.022304699569940568,0.0,0.4236726775765419,0.004640982020646334,-0.003720545442774892
8350,95.21875,-0.008438220247626305,-0.046495422907173636,0.031322069279849526,0.0,0.42242425233125686,0.005438475497066974,-0.008438220247626305
8360,86.46875,-0.00017958530224859715,-0.050354686379432675,0.022294383868575095,0.0,0.42060586661100385,0.00844798587495461,-0.00017958530224859715
8370,75.625,0.009892590343952179,-0.04218098865821958,0.04143420346081257,0.0,0.42195145338773726,0.0017925038933753966,0.009892590343952179
8380,110.34375,-0.0037191114388406277,-0.04076565187424421,0.016048903856426478,0.0,0.4236046403646469,0.0005646177043672651,-0.0037191114388406277
8390,87.71875,0.008988217450678349,-0.05379659384489059,0.02296100612729788,0.0,0.42285266518592834,0.006084857729729265,0.008988217450678349
8400,81.21875,0.012135983444750309,-0.04511984121054411,0.03319293987005949,0.0,0.42574981302022935,0.002984903147444129,0.012135983444750309
8410,46.46875,-0.016862569376826286,-0.054846389964222905,0.017019857186824083,0.0,0.42694707959890366,-0.009012049972079694,-0.016862569376826286
8420,61.71875,0.008509096689522266,-0.04427472911775112,0.044884591549634936,0.0,0.4271947890520096,0.012119148147758097,0.008509096689522266
8430,49.71875,0.0010977773927152157,-0.05166174732148647,0.025471179746091366,0.0,0.42859396189451215,0.000959658925421536,0.0010977773927152157
8440,58.6875,-0.01873490959405899,-0.05318029578775167,0.013220723997801543,0.0,0.42804438024759295,0.0030721541843377054,-0.01873490959405899
8450,59.0625,-0.01467052847146988,-0.058043955639004705,0.02285567931830883,0.0,0.4273373976349831,0.00016699640545994043,-0.01467052847146988
8460,58.375,-0.005694838240742683,-0.046602117642760274,0.022349238768219946,0.0,0.4277453660964966,0.002902891917619854,-0.005694838240742683
8470,69.53125,0.00633861031383276,-0.05125366086140275,0.015700734313577415,0.0,0.43079475313425064,0.005763567402027547,0.00633861031383276
8480,83.8125,-0.006169599015265703,-0.04127677893266082,0.021895944140851498,0.0,0.4273836240172386,0.000602791563142091,-0.006169599015265703
8490,55.15625,-0.013748180121183395,-0.06151869092136621,0.016775854397565126,0.0,0.42498850673437116,-0.00024396732915192841,-0.013748180121183395
8500,52.78125,-0.008227230049669743,-0.04963889913633466,0.02330088522285223,0.0,0.4280130445957184,-0.00987449943786487,-0.008227230049669743
8510,72.5,0.0026861424557864666,-0.04711461612023413,0.019231512583792208,0.0,0.42900179922580717,-0.006071118032559752,0.0026861424557864666
8520,69.46875,-0.005040744319558144,-0.05013634189963341,0.03148021027445793,0.0,0.43207642883062364,0.0003313056658953428,-0.005040744319558144
8530,32.0,-0.00528926495462656,-0.05265838662162423,0.048038243874907495,0.0,0.4286512017250061,-0.005946719949133694,-0.00528926495462656
8540,49.8125,-0.006826355122029781,-0.05008948296308517,0.012088267132639885,0.0,0.43343932628631593,-0.002419581194408238,-0.006826355122029781
8550,56.15625,0.002043328946456313,-0.04652750194072723,0.027513146959245206,0.0,0.43119738101959226,0.005155148194171488,0.002043328946456313
8560,66.53125,-0.04457494616508484,-0.04835828570649028,0.027445887960493565,0.0,0.4292370989918709,0.0022391360718756912,-0.04457494616508484
8570,64.1875,-0.0022783696185797453,-0.052644774317741394,0.024724316596984864,0.0,0.4316818967461586,0.008087752352003008,-0.0022783696185797453
8580,73.8125,-0.0011734269792214036,-0.049330185540020464,0.018739867955446243,0.0,0.42928018420934677,0.007768886932171881,-0.0011734269792214036
8590,71.6875,-0.010268902406096458,-0.05210797097533941,0.01127265514805913,0.0,0.4310442492365837,0.0018194799311459064,-0.010268902406096458
8600,89.875,0.006970223970711231,-0.040507085435092446,0.04733569882810116,0.0,0.4294318690896034,0.006893229810521007,0.006970223970711231
8610,93.09375,0.0008670759852975607,-0.041982872411608696,0.01887074066326022,0.0,0.4282481297850609,-0.00023764371871948242,0.0008670759852975607
8620,83.75,-0.017174260690808296,-0.04138453453779221,0.0394313620403409,0.0,0.42914270907640456,-0.006250117719173431,-0.017174260690808296
8630,72.3125,-0.002084505744278431,-0.055053222365677355,0.022712513245642184,0.0,0.4268675997853279,-0.0027937940321862698,-0.002084505744278431
8640,66.09375,-0.014668727293610573,-0.05391788221895695,0.024492952227592468,0.0,0.4311325684189796,0.0010341854998841883,-0.014668727293610573
8650,79.875,0.015787135809659958,-0.05339794503524899,0.019924681354314088,0.0,0.43140832483768465,0.001994567736983299,0.015787135809659958
8660,73.0,-0.01462146919220686,-0.04826066140085459,0.025015627965331078,0.0,0.429121707379818,0.001466635410906747,-0.01462146919220686
8670,82.40625,-0.012295580469071865,-0.04644944872707128,0.04555563554167748,0.0,0.42914625704288484,-0.0021561791189014913,-0.012295580469071865
8680,58.5,-0.010027414187788963,-0.041011896915733814,0.020042259618639945,0.0,0.42570721358060837,-0.010256346873939037,-0.010027414187788963
8690,59.40625,-0.016307204961776733,-0.05131111480295658,0.019615328684449197,0.0,0.43096318393945693,-0.0025721136247739197,-0.016307204961776733
8700,75.09375,0.011930218897759914,-0.04523691814392805,0.01379146622493863,0.0,0.4308270737528801,-0.0016389408090617507,0.011930218897759914
8710,92.5625,-0.004555003717541695,-0.03992689400911331,0.03459404483437538,0.0,0.42724532783031466,-0.0040617639431729914,-0.004555003717541695
8720,71.25,0.0019228621385991573,-0.0405650420114398,0.026233945973217487,0.0,0.42643291801214217,7.728211348876358e-05,0.0019228621385991573
8730,95.3125,-0.010357994586229324,-0.048163887858390805,0.029959872364997864,0.0,0.42707554847002027,0.006104470137506724,-0.010357994586229324
8740,80.53125,-0.0007169356103986502,-0.043029796332120895,0.031408647820353505,0.0,0.42807838320732117,0.0007054018089547754,-0.0007169356103986502
8750,93.3125,-0.0022237272933125496,-0.053651837166398764,0.01272822953760624,0.0,0.4284267321228981,-0.006355624983552843,-0.0022237272933125496
8760,100.0625,-0.005097871646285057,-0.046568254660815,0.032867292128503325,0.0,0.42845426350831983,-0.0010306463489541783,-0.005097871646285057
8770,117.65625,0.022902129217982292,-0.04757938599213958,0.035038048028945924,0.0,0.4285067796707153,0.0052699452848173674,0.022902129217982292
8780,73.03125,-0.008050365373492241,-0.048185883462429045,0.030219752714037894,0.0,0.42818273454904554,0.005051516994717531,-0.008050365373492241
8790,45.0625,0.0034798053093254566,-0.053098663315176965,0.028428748436272144,0.0,0.4312076300382614,0.004387292242608964,0.0034798053093254566
8800,80.71875,-0.008903676643967628,-0.049535290338099,0.02681193370372057,0.0,0.4328630641102791,0.005109560873825103,-0.008903676643967628
8810,72.46875,-0.0039712004363536835,-0.0443294357508421,0.03533958848565817,0.0,0.4299714908003807,0.0029724684776738287,-0.0039712004363536835
8820,76.875,0.013391157612204552,-0.04995435755699873,0.02346779461950064,0.0,0.42825062572956085,-0.002245062543079257,0.013391157612204552
8830,72.6875,0.018277909606695175,-0.04248127657920122,0.017831169068813324,0.0,0.43349611610174177,0.01348317984957248,0.018277909606695175
8840,47.59375,0.003899091389030218,-0.051652354281395675,0.03422635570168495,0.0,0.43301841616630554,-0.008284249354619532,0.003899091389030218
8850,46.4375,0.005356720648705959,-0.050833660550415515,0.01674481313675642,0.0,0.4351769670844078,-0.007505219359882176,0.005356720648705959
8860,71.25,0.011566560715436935,-0.04794939234852791,0.02227513175457716,0.0,0.4337975725531578,0.007287109259050339,0.011566560715436935
8870,63.0625,-0.003087734803557396,-0.05751878041774035,0.020498306211084127,0.0,0.4340540930628777,0.0013009263668209315,-0.003087734803557396
8880,76.375,-0.03456959128379822,-0.05808660499751568,0.019120187032967806,0.0,0.43144853711128234,0.0015173883322859183,-0.03456959128379822
8890,53.65625,0.009814274497330189,-0.052317997254431245,0.018793042004108428,0.0,0.4325545206665993,0.005431081645656377,0.009814274497330189
8900,76.75,-0.003541727550327778,-0.049770659487694505,0.017938423622399568,0.0,0.43305750787258146,0.010002437862567604,-0.003541727550327778
8910,56.75,-0.012314981780946255,-0.052070343680679795,0.036668026074767116,0.0,0.434294556081295,0.008600087824743242,-0.012314981780946255
8920,76.25,0.0024291081354022026,-0.050532415881752966,0.016482055839151143,0.0,0.4365162715315819,0.011514911544509232,0.0024291081354022026
8930,36.5625,-0.0495343953371048,-0.05717446692287922,0.026959813199937344,0.0,0.4374918952584267,-0.0024060886935330927,-0.0495343953371048
8940,76.125,0.0013986509293317795,-0.051443110965192315,0.025936993584036828,0.0,0.43959168940782545,0.012370028509758412,0.0013986509293317795
8950,55.3125,-0.0262436680495739,-0.05365434624254704,0.021004230063408614,0.0,0.4359995722770691,-0.003046221495606005,-0.0262436680495739
8960,61.5,0.011316708289086819,-0.051104047894477846,0.023210946656763553,0.0,0.43938956409692764,0.008681641006842256,0.011316708289086819
8970,78.625,0.02672441489994526,-0.046043005958199504,0.0317918723449111,0.0,0.44211300164461137,0.012697730457875877,0.02672441489994526
8980,59.3125,-0.0028474414721131325,-0.05331535814329982,0.011732383258640766,0.0,0.4403792336583138,0.003070424811448902,-0.0028474414721131325
8990,83.0,0.0054060351103544235,-0.043073178827762605,0.04488625098019838,0.0,0.4408234342932701,0.010117068042745814,0.0054060351103544235
9000,90.875,0.026249941438436508,-0.05382768716663122,0.031708710826933384,0.0,0.438609379529953,0.008764802943915129,0.026249941438436508
9010,71.5,0.013785677030682564,-0.055031207576394084,0.028078025393188,0.0,0.4359055608510971,0.008257004723418504,0.013785677030682564
9020,53.09375,-0.047939613461494446,-0.05326292216777802,0.023587506823241712,0.0,0.4404886618256569,-0.0015693597379140556,-0.047939613461494446
9030,101.53125,0.012379990890622139,-0.0575623931363225,0.016589042637497185,0.0,0.4399734452366829,0.01585148206213489,0.012379990890622139
9040,58.125,0.016933109611272812,-0.045551922917366025,0.0172187902033329,0.0,0.43760072290897367,0.012832181307021528,0.016933109611272812
9050,81.5625,0.018792197108268738,-0.053198677487671375,0.02442041803151369,0.0,0.44028506278991697,0.017417816375382245,0.018792197108268738
9060,76.21875,-0.03130125254392624,-0.05851086229085922,0.02290386240929365,0.0,0.4373346582055092,0.004842401889618486,-0.03130125254392624
9070,59.0,-0.00885127391666174,-0.052131440863013266,0.027048424631357194,0.0,0.4410383582115173,0.01071483722771518,-0.00885127391666174
9080,60.125,0.028640925884246826,-0.04182524932548404,0.02339308466762304,0.0,0.44400902688503263,0.00936929562012665,0.028640925884246826
9090,86.59375,-0.0022892386186867952,-0.05500516910105944,0.038621400110423566,0.0,0.44111818820238113,0.010852419713046402,-0.0022892386186867952
9100,81.5625,-0.004761392250657082,-0.058580369036644694,0.024304838199168444,0.0,0.4363966271281242,0.0003216948127374053,-0.004761392250657082
9110,77.75,-0.0067834556102752686,-0.05231835208833217,0.034473995491862294,0.0,0.4399756371974945,0.007384777336847037,-0.0067834556102752686
9120,57.1875,-0.015672490000724792,-0.04690258949995041,0.020892762299627065,0.0,0.44191190153360366,0.005370821186807007,-0.015672490000724792
9130,63.75,-0.024291345849633217,-0.05629778355360031,0.014912200160324574,0.0,0.44397335648536684,0.008219353493768723,-0.024291345849633217
9140,51.53125,-0.007040000986307859,-0.056262381561100486,0.024858092330396174,0.0,0.445056913793087,0.015468447812600062,-0.007040000986307859
9150,63.9375,0.028893236070871353,-0.04747769869863987,0.019774610176682472,0.0,0.44358457177877425,0.010474275541491806,0.028893236070871353
9160,50.6875,-0.0010373273398727179,-0.04553332682698965,0.033143116161227226,0.0,0.44127040058374406,0.009438966447487474,-0.0010373273398727179
9170,50.3125,-0.04014377295970917,-0.0505473455414176,0.02528369091451168,0.0,0.44055045992136,-0.0009677949827164411,-0.04014377295970917
9180,63.78125,0.022853288799524307,-0.054008252639323476,0.024147368501871824,0.0,0.4441833958029747,0.006761112192180008,0.022853288799524307
9190,83.6875,0.000696124043315649,-0.05208825506269932,0.032609924860298636,0.0,0.4429973304271698,0.008094710938166827,0.000696124043315649
9200,76.875,-0.012887317687273026,-0.054338893853127956,0.014087783452123404,0.0,0.4435660392045975,0.011323176068253815,-0.012887317687273026
9210,54.875,0.025139441713690758,-0.041401843167841436,0.021191894449293612,0.0,0.438762891292572,0.009707753802649677,0.025139441713690758
9220,67.3125,-0.040209561586380005,-0.052157853124663235,0.028788777254521846,0.0,0.4416164144873619,0.007334362715482712,-0.040209561586380005
9230,52.375,-0.016665544360876083,-0.05651538390666246,0.0268466766923666,0.0,0.4390126407146454,-0.0025954638957045974,-0.016665544360876083
9240,44.3125,-0.0002332497388124466,-0.05024358415976167,0.026301944628357887,0.0,0.4422423839569092,-0.0006779638293664903,-0.0002332497388124466
9250,40.46875,-0.002882375381886959,-0.05674099400639534,0.0178320674225688,0.0,0.4431151255965233,-0.0022485312074422836,-0.002882375381886959
9260,53.9375,-0.013244016095995903,-0.05787985548377037,0.0236539663746953,0.0,0.4463419407606125,0.005478312098421157,-0.013244016095995903
9270,54.0625,-0.004990692250430584,-0.05797548070549965,0.014129601698368788,0.0,0.447619204223156,0.007114516972796992,-0.004990692250430584
9280,84.71875,0.012659300118684769,-0.06003644615411759,0.021560331340879202,0.0,0.44739353805780413,0.017241621320135892,0.012659300118684769
9290,65.8125,0.014245032332837582,-0.0471282197162509,0.02466154024004936,0.0,0.4429945766925812,0.008708017948083579,0.014245032332837582
9300,86.65625,0.013667075894773006,-0.053962391521781686,0.025113506801426412,0.0,0.44444742053747177,0.015358535246923566,0.013667075894773006
9310,96.34375,0.0030326158739626408,-0.056308007426559926,0.032912662625312804,0.0,0.44084240198135377,0.0064175093721132725,0.0030326158739626408
9320,106.96875,0.018353797495365143,-0.05323700048029423,0.013082136306911707,0.0,0.4381197914481163,0.008363938063848764,0.018353797495365143
9330,83.875,0.00933130644261837,-0.050047054514288904,0.020288376323878764,0.0,0.4375686660408974,0.01064397661248222,0.00933130644261837
9340,105.90625,0.03953664004802704,-0.04789237789809704,0.0208109799772501,0.0,0.44229422956705094,0.010380403394810856,0.03953664004802704
9350,61.375,0.016888560727238655,-0.05516411997377872,0.014905675034970044,0.0,0.4395737528800964,0.005254251859150827,0.016888560727238655
9360,76.78125,-0.005067942664027214,-0.045910505950450896,0.026924015209078788,0.0,0.43999129086732863,0.003637214459013194,-0.005067942664027214
9370,109.21875,-0.004214390181005001,-0.05534358434379101,0.017782983463257553,0.0,0.4397007435560226,0.00970277963206172,-0.004214390181005001
9380,41.78125,-0.01269826665520668,-0.051336546614766124,0.0191477763466537,0.0,0.435416454076767,-0.005872296739835292,-0.01269826665520668
9390,90.21875,-0.00016400008462369442,-0.04269155925139785,0.018845695536583662,0.0,0.43990524113178253,0.018172477034386247,-0.00016400008462369442
9400,85.15625,0.005515053402632475,-0.058169491775333884,0.028430326096713542,0.0,0.43761664628982544,0.014521646447246895,0.005515053402632475
9410,57.21875,-0.0033794138580560684,-0.049545079842209815,0.030780305340886115,0.0,0.43737513422966,0.0106240205001086,-0.0033794138580560684
9420,60.375,0.02248973585665226,-0.054917090199887754,0.018489921651780605,0.0,0.44118787050247193,0.010709694278193637,0.02248973585665226
9430,69.03125,0.004001318942755461,-0.04830162487924099,0.020817029289901257,0.0,0.44120503664016725,0.011944695143029094,0.004001318942755461
9440,58.84375,0.030826203525066376,-0.041113260015845296,0.049759769812226295,0.0,0.4381390482187271,0.01462105237878859,0.030826203525066376
9450,69.75,-0.021166155114769936,-0.0557495079934597,0.02398055009543896,0.0,0.43579634130001066,-0.003220362006686628,-0.021166155114769936
9460,97.78125,0.004852508194744587,-0.044132001139223574,0.02738323975354433,0.0,0.43455344885587693,0.005654974887147546,0.004852508194744587
9470,97.1875,5.5884476751089096e-05,-0.03905928116291761,0.049204738438129426,0.0,0.43386207669973376,0.010864803602453321,5.5884476751089096e-05
9480,93.375,0.009076450020074844,-0.05481148017570377,0.00936446632258594,0.0,0.4309639573097229,-0.005010681558633223,0.009076450020074844
9490,98.125,-0.0014568453188985586,-0.04466722551733256,0.022650931589305402,0.0,0.4345808580517769,0.008632767281960696,-0.0014568453188985586
9500,112.71875,0.011104624718427658,-0.040064962580800056,0.036607602052390574,0.0,0.43246231973171234,0.0007408339995890855,0.011104624718427658
9510,69.75,0.019468732178211212,-0.04758442845195532,0.03669004868716001,0.0,0.43172636181116103,0.007583122188225389,0.019468732178211212
9520,62.75,-0.013536900281906128,-0.05517141949385405,0.030625794269144534,0.0,0.4368482559919357,0.0035792358103208244,-0.013536900281906128
9530,47.5,-0.02005952224135399,-0.05424641175195575,0.019386293739080428,0.0,0.43748554289340974,-0.015043348423205316,-0.02005952224135399
9540,69.71875,0.00987537857145071,-0.057088174298405646,0.027113478258252145,0.0,0.4372671902179718,0.012873081129509956,0.00987537857145071
9550,101.5,0.0011990565108135343,-0.044888606481254104,0.021672378294169903,0.0,0.4347942039370537,0.006891199224628508,0.0011990565108135343
9560,97.15625,-0.012926100753247738,-0.0530761742964387,0.026597756333649157,0.0,0.43330188244581225,0.0006642974796704948,-0.012926100753247738
9570,51.15625,0.01431154552847147,-0.048801384028047325,0.02539172600954771,0.0,0.43623569160699843,-0.0004428999032825232,0.01431154552847147
9580,57.125,0.01782606914639473,-0.0530885711312294,0.02111421450972557,0.0,0.43794122487306597,0.0008381750201806426,0.01782606914639473
9590,87.5625,0.026098374277353287,-0.04507930986583233,0.014786585606634617,0.0,0.4396237388253212,0.009423691206029617,0.026098374277353287
9600,91.375,-0.009395007975399494,-0.04748592213727534,0.023543830774724484,0.0,0.4371786922216415,0.004702928353799507,-0.009395007975399494
9610,86.90625,0.012693586759269238,-0.043513436987996104,0.12490771859884262,0.0,0.4355248764157295,0.008152759983204305,0.012693586759269238
9620,68.75,0.006085389759391546,-0.05240358896553517,0.022125834412872792,0.0,0.4361329436302185,-0.005588435276877135,0.006085389759391546
9630,78.1875,0.011552546173334122,-0.05405944613739848,0.015919171459972858,0.0,0.43806875199079515,0.0016524585662409663,0.011552546173334122
9640,81.25,0.02519601583480835,-0.04675004929304123,0.05908867493271828,0.0,0.4377795115113258,0.004416911583393812,0.02519601583480835
9650,79.3125,0.009764942340552807,-0.04870746061205864,0.02631766851991415,0.0,0.43585232794284823,0.0029068207019008695,0.009764942340552807
9660,83.09375,0.009116786532104015,-0.04643710777163505,0.021126438118517398,0.0,0.4376207262277603,-0.0006066488102078437,0.009116786532104015
9670,92.875,0.002978363074362278,-0.050420486461371185,0.013141209911555051,0.0,0.43605015724897384,0.0008221183787100017,0.002978363074362278
9680,105.75,0.004199855495244265,-0.05323820235207677,0.01078511355444789,0.0,0.4391836181282997,0.009453222929732875,0.004199855495244265
9690,124.40625,-0.010637692175805569,-0.049445401318371295,0.0422506045550108,0.0,0.4367344617843628,0.004169829143211246,-0.010637692175805569
9700,95.4375,-0.00631877314299345,-0.05776138100773096,0.03211537376046181,0.0,0.43335629552602767,-0.002625720971263945,-0.00631877314299345
9710,72.0625,-0.0034422471653670073,-0.04637386938557029,0.0464178279042244,0.0,0.4362157016992569,-0.00025321022840216754,-0.0034422471653670073
9720,62.9375,-0.0156854335218668,-0.05016482444480062,0.03462109081447125,0.0,0.4373732805252075,-0.0071362494141794745,-0.0156854335218668
9730,64.46875,-0.007317738141864538,-0.05616150181740522,0.044450264796614646,0.0,0.4432968243956566,-0.0067927003023214635,-0.007317738141864538
9740,80.21875,0.003496814053505659,-0.05331324152648449,0.018154030106961726,0.0,0.44377757906913756,0.004135383170796559,0.003496814053505659
9750,46.53125,-0.006897806655615568,-0.055377178266644476,0.029273388721048833,0.0,0.4373532995581627,-0.0025006772368215023,-0.006897806655615568
9760,77.3125,0.0027727021370083094,-0.05672206617891788,0.01251486986875534,0.0,0.4392929971218109,-0.002412931201979518,0.0027727021370083094
9770,82.0625,0.0024119019508361816,-0.054419484548270704,0.01671016216278076,0.0,0.43928220868110657,0.005289024033118039,0.0024119019508361816
9780,64.25,-0.011613098904490471,-0.051954574044793846,0.03339223824441433,0.0,0.44276203215122223,0.008869481086730958,-0.011613098904490471
9790,74.15625,0.007697135675698519,-0.054809256456792355,0.02437529256567359,0.0,0.441403703391552,-0.0025024512258823963,0.007697135675698519
9800,41.25,0.011058378964662552,-0.04934089109301567,0.024006988480687143,0.0,0.4428477019071579,0.0032447798061184586,0.011058378964662552
9810,62.03125,-0.016567090526223183,-0.04703131690621376,0.024876665510237216,0.0,0.44556728303432463,0.007414480287116021,-0.016567090526223183
9820,66.96875,0.021883679553866386,-0.04633352067321539,0.01970791295170784,0.0,0.4444164127111435,0.008242952800355852,0.021883679553866386
9830,56.65625,0.015284223482012749,-0.050281015783548356,0.034732256457209586,0.0,0.44423384964466095,0.010342483897693456,0.015284223482012749
9840,60.65625,-0.009228355251252651,-0.05415190942585468,0.03970231078565121,0.0,0.4469284027814865,0.007258761883713305,-0.009228355251252651
9850,73.1875,0.022019725292921066,-0.05214599259197712,0.02405149079859257,0.0,0.4494937926530838,0.020894938753917812,0.022019725292921066
9860,97.96875,0.012601151131093502,-0.049662196077406406,0.02613639160990715,0.0,0.44682540744543076,0.015077001857571303,0.012601151131093502
9870,99.53125,0.022087961435317993,-0.05276119271293282,0.01955564059317112,0.0,0.44386408776044844,0.010328129539266229,0.022087961435317993
9880,136.15625,0.019989393651485443,-0.048979250714182854,0.021464776806533338,0.0,0.44184456318616866,0.011095582158304751,0.019989393651485443
9890,67.21875,0.0005690446123480797,-0.039365366101264954,0.04508310426026583,0.0,0.44535313844680785,0.019971690751845017,0.0005690446123480797
9900,82.9375,0.005387341603636742,-0.050968090817332265,0.03674590587615967,0.0,0.4485549867153168,0.012265873909927904,0.005387341603636742
9910,100.21875,0.006118038669228554,-0.04353662393987179,0.06478417925536632,0.0,0.4477330714464188,0.019520443212240935,0.006118038669228554
9920,56.84375,0.005982906091958284,-0.05018307138234377,0.029573364183306694,0.0,0.44431271255016325,0.0048617352033033965,0.005982906091958284
9930,73.3125,-0.015209275297820568,-0.04578634835779667,0.03024928141385317,0.0,0.4483896419405937,0.003134787199087441,-0.015209275297820568
9940,76.375,0.0015960201853886247,-0.05197715163230896,0.026122474670410158,0.0,0.44515287429094313,0.003315720334649086,0.0015960201853886247
9950,74.5625,0.018554847687482834,-0.053380555287003514,0.01783261392265558,0.0,0.4445858895778656,0.007692900067195296,0.018554847687482834
9960,80.875,-0.002520635724067688,-0.05638511311262846,0.01443577343598008,0.0,0.44478794783353803,0.0013252586591988801,-0.002520635724067688
9970,96.40625,0.014485474675893784,-0.042459584400057794,0.03739429879933596,0.0,0.445794939994812,0.0066044219769537445,0.014485474675893784
9980,86.3125,0.0022028398234397173,-0.05052017830312252,0.03109268341213465,0.0,0.44477628767490385,0.0029587780649308116,0.0022028398234397173
9990,59.1875,-0.005690969526767731,-0.04698434509336948,0.03813384678214789,0.0,0.4443740099668503,-0.0025091748451814056,-0.005690969526767731
10000,83.09375,0.003289041807875037,-0.048065038910135624,0.039035328477621076,0.0,0.4477015152573586,0.00821988983079791,0.003289041807875037
