epoch,lifetime,reward_mean,policy_loss,value_loss,sym_loss,score_real_run/full,score_fake_run/full,disc_reward_run/full,task_reward_0
1,9.8125,-0.7886176705360413,0.2602319478988647,0.6794615626335144,0.0,0.021245673298835754,0.05892849341034889,0.05822164937853813,-0.07111042737960815
10,11.875,-1.2628962993621826,-0.02348206490278244,0.45502796173095705,0.0,0.021583696827292442,0.05745839782887035,0.05400177091360092,-0.03887069597840309
20,9.75,-1.4823595881462097,-0.023836593516170977,0.12541483938694,0.0,0.022439231164753437,0.05460128113627434,0.04470285400748253,-0.07880868762731552
30,12.75,-1.2871662378311157,-0.025101061910390854,0.08985338807106018,0.0,0.024327069334685803,0.047754788771271706,0.042798060923814774,-0.07810515910387039
40,12.8125,-1.380270540714264,-0.030072478204965593,0.05801884010434151,0.0,0.027539452724158763,0.04356805831193924,0.0397162027657032,-0.06599444895982742
50,16.8125,-1.0998156666755676,-0.024140970036387443,0.05160230547189713,0.0,0.028511237911880018,0.03581418842077255,0.026475057005882263,-0.07926248759031296
60,10.4375,-1.3937163352966309,-0.023758695647120475,0.03446948379278183,0.0,0.03176852520555258,0.03261531386524439,0.023472346365451813,-0.07766298949718475
70,13.6875,-1.110191822052002,-0.017407483980059625,0.03150256425142288,0.0,0.03434983119368553,0.021500291861593725,0.013416741043329239,-0.08802782744169235
80,16.5,-1.3034824132919312,-0.02421383038163185,0.03913293033838272,0.0,0.0366537194699049,0.014839995838701724,0.012267368845641613,-0.08368842303752899
90,12.8125,-1.4003877639770508,-0.028240035101771355,0.021357810869812966,0.0,0.03930686600506306,0.008425720361992716,0.004861523397266865,-0.07397091388702393
100,13.5625,-1.1052671074867249,-0.029601112939417362,0.03495681136846542,0.0,0.042682242766022685,0.0022659255657345055,-0.001951106358319521,-0.06303540617227554
110,10.6875,-1.3861857056617737,-0.024261547811329366,0.03023931384086609,0.0,0.04588190950453282,-0.0038265736075118184,-0.0037110934499651194,-0.03474408760666847
120,14.75,-0.9254788160324097,-0.023682939074933528,0.019501230120658873,0.0,0.048771831765770914,-0.010331263486295938,-0.013923361897468567,-0.08365365862846375
130,10.75,-1.4093574285507202,-0.02305685505270958,0.021801720559597015,0.0,0.05206390433013439,-0.016628208570182323,-0.014801963232457638,-0.0761340856552124
140,13.875,-1.315805196762085,-0.030097316950559616,0.014228483475744725,0.0,0.055488615110516545,-0.019846473727375268,-0.025597834959626198,-0.07381284981966019
150,14.0625,-1.222573161125183,-0.029302305541932583,0.01771121323108673,0.0,0.058464876189827916,-0.02962494771927595,-0.03221369534730911,-0.07677726447582245
160,8.9375,-1.7892259359359741,-0.023957434669137002,0.027172957733273505,0.0,0.060082802176475526,-0.034725644253194334,-0.0370820052921772,-0.0358000323176384
170,14.8125,-1.5211722254753113,-0.03145787343382835,0.011478185094892979,0.0,0.06399686001241207,-0.04211631268262863,-0.04603658244013786,-0.07612711191177368
180,8.6875,-1.716860830783844,-0.024779545329511165,0.018920467980206013,0.0,0.0659807376563549,-0.04871492981910706,-0.05171060189604759,-0.07430107891559601
190,9.875,-1.618107259273529,-0.02940395325422287,0.015031476877629757,0.0,0.06921245232224464,-0.05443534664809704,-0.05543962121009827,-0.06759299337863922
200,11.75,-1.4137871265411377,-0.027634146995842455,0.02797086089849472,0.0,0.07129915207624435,-0.06275840364396572,-0.06260821223258972,-0.04160883650183678
210,10.875,-1.5289204120635986,-0.02314152419567108,0.01390804648399353,0.0,0.07344733476638794,-0.06900754868984223,-0.06667071580886841,-0.07278098165988922
220,10.5625,-1.52737557888031,-0.02393956035375595,0.017529799416661263,0.0,0.07619199305772781,-0.0727899070829153,-0.07178027927875519,-0.06485873460769653
230,11.8125,-1.1418542861938477,-0.02822250537574291,0.014209541119635105,0.0,0.07917019724845886,-0.08134322911500931,-0.08090957254171371,-0.05966024100780487
240,8.5,-1.6270532011985779,-0.028235271200537683,0.012696908973157405,0.0,0.08222604840993882,-0.08368109464645386,-0.07558751106262207,-0.06604649126529694
250,8.4375,-1.8294799327850342,-0.028718183934688567,0.012396214716136455,0.0,0.08382370322942734,-0.09045302122831345,-0.09580211341381073,-0.06477242708206177
260,18.1875,-1.354819118976593,-0.022377940267324446,0.00829889215528965,0.0,0.08717836290597916,-0.09485037922859192,-0.10090339183807373,-0.08083481341600418
270,17.5625,-0.854068398475647,-0.024868621863424777,0.013096015900373459,0.0,0.08811371251940728,-0.09924916476011277,-0.10639658570289612,-0.043964505195617676
280,11.0,-1.3578842878341675,-0.024287958443164826,0.009724406525492668,0.0,0.08948390632867813,-0.10522746145725251,-0.11483637243509293,-0.07489639520645142
290,8.125,-1.5516810417175293,-0.022488543763756752,0.01448624935001135,0.0,0.09070827588438987,-0.11211110576987267,-0.0966327041387558,-0.09153088927268982
300,13.125,-1.2559420466423035,-0.025081433728337287,0.013998370058834553,0.0,0.09231004044413567,-0.11398632898926735,-0.11840642988681793,-0.0636143907904625
310,14.5,-1.2595233917236328,-0.025860779359936713,0.02844785004854202,0.0,0.09565573930740356,-0.11678882539272309,-0.11260151863098145,-0.07455844432115555
320,10.875,-1.4589296579360962,-0.030542438849806786,0.017272240668535232,0.0,0.09594236239790917,-0.12043424099683761,-0.12195734679698944,-0.07688010483980179
330,9.9375,-1.5582183003425598,-0.029548713564872743,0.01689053513109684,0.0,0.09604082182049752,-0.12318502143025398,-0.13147670030593872,-0.07314413785934448
340,14.625,-0.9757015109062195,-0.025264407880604266,0.01415630653500557,0.0,0.09798195734620094,-0.12953421324491501,-0.1291780173778534,-0.07490172237157822
350,13.75,-1.1673889756202698,-0.027341340854763984,0.011237765662372112,0.0,0.10132221728563309,-0.13140526339411734,-0.13116256892681122,-0.06888279318809509
360,7.3125,-1.5560921430587769,-0.022908033244311808,0.019941171631217003,0.0,0.10128109753131867,-0.1340666927397251,-0.12402164936065674,-0.07697104662656784
370,14.4375,-1.4651641249656677,-0.028003090620040895,0.010643943026661874,0.0,0.1034468300640583,-0.14035468846559523,-0.15016531944274902,-0.06407472491264343
380,12.875,-1.1840288639068604,-0.026980237662792207,0.010307870246469975,0.0,0.10451162904500962,-0.1415982723236084,-0.14841964840888977,-0.08585136383771896
390,12.625,-1.2727339267730713,-0.024502751231193543,0.013731973990797997,0.0,0.10544075816869736,-0.1448114335536957,-0.14773224294185638,-0.07047216594219208
400,11.125,-1.3728044033050537,-0.030219895765185356,0.011315867863595485,0.0,0.10822117552161217,-0.15108014941215514,-0.14928275346755981,-0.07424048334360123
410,17.375,-1.0831694602966309,-0.021860508620738982,0.013305390626192093,0.0,0.10939879566431046,-0.15463382601737977,-0.15326322615146637,-0.07335368543863297
420,10.5625,-1.479786992073059,-0.026277478598058224,0.00824493234977126,0.0,0.10962510257959365,-0.16089003384113312,-0.1640971302986145,-0.08061078935861588
430,15.3125,-1.3823192715644836,-0.02205968350172043,0.00977736823260784,0.0,0.10833798125386238,-0.15658071190118789,-0.16598773002624512,-0.08049159497022629
440,14.1875,-1.4780479073524475,-0.023982209712266923,0.008756328001618385,0.0,0.11067315563559532,-0.16453862339258193,-0.16755253076553345,-0.07554514706134796
450,10.0625,-1.47953861951828,-0.02548392452299595,0.012927460484206676,0.0,0.10900379568338395,-0.16532438099384308,-0.1640060693025589,-0.0815252959728241
460,15.25,-1.2819792032241821,-0.030138422548770905,0.009116263780742883,0.0,0.11376470178365708,-0.16709435731172562,-0.17838743329048157,-0.061258915811777115
470,12.875,-1.386872410774231,-0.02652005236595869,0.009701398760080337,0.0,0.11323548629879951,-0.17330192774534225,-0.18181562423706055,-0.07399840652942657
480,11.0,-1.5745891332626343,-0.029157259687781333,0.008192472904920579,0.0,0.11281999498605728,-0.16793591380119324,-0.1739005744457245,-0.06854607164859772
490,13.4375,-1.196093201637268,-0.02292577438056469,0.010716987401247024,0.0,0.11530286148190498,-0.1782306894659996,-0.18863876163959503,-0.07344723492860794
500,14.9375,-1.0906664729118347,-0.019636206701397894,0.011883622966706753,0.0,0.11678553223609925,-0.17198508828878403,-0.16311755776405334,-0.08031696826219559
510,17.1875,-1.1902836561203003,-0.026096341107040642,0.009514509886503219,0.0,0.11869824603199959,-0.18289743810892106,-0.18136078119277954,-0.06894122064113617
520,11.5625,-1.3896781206130981,-0.02456822358071804,0.011617963947355748,0.0,0.11848774179816246,-0.18312591314315796,-0.1840379387140274,-0.07891573011875153
530,12.1875,-1.2905597686767578,-0.026003549434244634,0.010286583565175533,0.0,0.11794963255524635,-0.18641318529844284,-0.1883690357208252,-0.07136499881744385
540,11.5,-1.3775638341903687,-0.022240199148654938,0.01806861497461796,0.0,0.11845454499125481,-0.19150210171937943,-0.18862074613571167,-0.04959375038743019
550,13.8125,-1.3833871483802795,-0.021296584233641624,0.009278695099055767,0.0,0.1198631264269352,-0.181053264439106,-0.18039272725582123,-0.07164019346237183
560,11.25,-1.287708044052124,-0.020236266776919365,0.007560263946652412,0.0,0.12101457566022873,-0.19031928479671478,-0.18331706523895264,-0.06895376741886139
570,12.625,-1.489419162273407,-0.03257014835253358,0.005718972813338041,0.0,0.12138488441705704,-0.1886823832988739,-0.19681140780448914,-0.07152532041072845
580,13.4375,-1.192686676979065,-0.023398023471236228,0.011040674895048142,0.0,0.12214369922876359,-0.19282569736242294,-0.185341477394104,-0.07000001519918442
590,15.75,-1.2910820245742798,-0.025755375623703003,0.0068273660726845264,0.0,0.12275885492563247,-0.19210345298051834,-0.18561652302742004,-0.07532698661088943
600,13.3125,-1.2063491940498352,-0.028196412697434427,0.008607881143689156,0.0,0.12419539391994476,-0.19338400959968566,-0.2043476402759552,-0.08089786767959595
610,13.125,-1.1034661531448364,-0.02461591809988022,0.007420423440635204,0.0,0.1229100339114666,-0.20087973177433013,-0.20406457781791687,-0.06879904866218567
620,11.8125,-1.1961005926132202,-0.019238297268748282,0.0073216606862843035,0.0,0.12534855231642722,-0.19968590289354324,-0.1930045783519745,-0.07114651799201965
630,15.75,-1.681146502494812,-0.026702964678406715,0.012265679985284805,0.0,0.12714553922414779,-0.19926676154136658,-0.1975828856229782,-0.07096870243549347
640,14.3125,-1.3818966746330261,-0.03075975589454174,0.004651362309232354,0.0,0.12839319556951523,-0.19992867559194566,-0.19326691329479218,-0.056390464305877686
650,13.625,-1.1945187449455261,-0.021982327476143836,0.007411203160881996,0.0,0.12770602852106094,-0.20179362893104552,-0.1958613395690918,-0.06604795902967453
660,14.625,-1.3963426351547241,-0.028981482982635497,0.007083332818001509,0.0,0.1282566636800766,-0.20324872434139252,-0.21351808309555054,-0.06564721465110779
670,10.9375,-1.201707899570465,-0.029025704227387907,0.005135276261717081,0.0,0.12972737699747086,-0.20446769744157792,-0.20706897974014282,-0.0689651295542717
680,16.125,-1.1053626537322998,-0.020443230122327804,0.009703224524855614,0.0,0.129357048869133,-0.21049196273088455,-0.20358337461948395,-0.07459789514541626
690,11.625,-1.3979464769363403,-0.025621847063302994,0.01024817805737257,0.0,0.13035843148827553,-0.20921884328126908,-0.20407432317733765,-0.0781664103269577
700,10.125,-1.4987092018127441,-0.023539309203624726,0.00759521834552288,0.0,0.1300136312842369,-0.21600285172462463,-0.2161177098751068,-0.0772579088807106
710,12.5625,-1.200624942779541,-0.026849303767085074,0.006177571602165699,0.0,0.13053883612155914,-0.22231651991605758,-0.20296376943588257,-0.07226619124412537
720,15.75,-0.9163600504398346,-0.03135050386190415,0.008489701617509126,0.0,0.13186839818954468,-0.2164660081267357,-0.2186359465122223,-0.06698240339756012
730,13.0,-1.5030516982078552,-0.023629875853657722,0.005915103014558554,0.0,0.13072308599948884,-0.22274599671363832,-0.22517715394496918,-0.07809095084667206
740,16.1875,-1.0140416622161865,-0.022811408527195452,0.006297765672206879,0.0,0.13278652131557464,-0.2215569421648979,-0.22805237770080566,-0.06217869371175766
750,11.5625,-1.201397180557251,-0.030898009613156318,0.00528512429445982,0.0,0.13068558871746064,-0.22746578752994537,-0.20718666911125183,-0.07190904766321182
760,12.875,-1.42108952999115,-0.019101370126008987,0.005603876896202564,0.0,0.1338496536016464,-0.22982917129993438,-0.2541549801826477,-0.0781448483467102
770,11.1875,-1.3914819955825806,-0.02030743509531021,0.008314139116555453,0.0,0.13245889097452163,-0.23142740577459336,-0.19987055659294128,-0.07152105867862701
780,7.9375,-1.4930622577667236,-0.02397570461034775,0.013697979412972927,0.0,0.13370334655046462,-0.23381583392620087,-0.23728014528751373,-0.04099404811859131
790,14.8125,-1.2173540592193604,-0.018065783381462096,0.010820447653532028,0.0,0.13431166708469391,-0.2315262585878372,-0.2274799942970276,-0.08315037190914154
800,14.0625,-1.314172089099884,-0.030259854346513747,0.011496002785861492,0.0,0.13456162810325623,-0.2262028604745865,-0.23580150306224823,-0.07738058269023895
810,14.625,-1.2968074083328247,-0.028097240999341012,0.01243095975369215,0.0,0.1345917984843254,-0.22915608137845994,-0.21126270294189453,-0.06373482197523117
820,13.3125,-1.4052478671073914,-0.02469632737338543,0.007394801639020443,0.0,0.13619508892297744,-0.23504699021577835,-0.23564904928207397,-0.06333673000335693
830,14.875,-1.2124531269073486,-0.026791947707533837,0.008913023956120014,0.0,0.13701189756393434,-0.23716217428445815,-0.23804016411304474,-0.06465272605419159
840,12.625,-1.3005478382110596,-0.020925623178482056,0.008416499942541122,0.0,0.13621203899383544,-0.23651255071163177,-0.21335668861865997,-0.07036591321229935
850,12.375,-1.215093970298767,-0.02754012420773506,0.007207506056874991,0.0,0.13520532548427583,-0.23701267838478088,-0.23008140921592712,-0.07564512640237808
860,14.0,-1.220753788948059,-0.029980675876140596,0.009014761075377464,0.0,0.13772090077400206,-0.24115733355283736,-0.2501998543739319,-0.06936964392662048
870,18.875,-1.1380932331085205,-0.021306720562279224,0.006516671646386385,0.0,0.13741198033094407,-0.24664436727762223,-0.26815810799598694,-0.07854625582695007
880,10.4375,-1.5995770692825317,-0.019446206465363502,0.005156554747372866,0.0,0.1385287344455719,-0.24962294846773148,-0.24369727075099945,-0.05990876257419586
890,13.75,-1.1155856847763062,-0.02677594907581806,0.008156544901430607,0.0,0.13943157345056534,-0.24883176982402802,-0.22780296206474304,-0.07309450209140778
900,19.5625,-0.7139827609062195,-0.01761695249006152,0.03183664157986641,0.0,0.1375045135617256,-0.2518442526459694,-0.2675597071647644,-0.002377778757363558
910,15.75,-1.2197681665420532,-0.026326872035861017,0.007993636466562749,0.0,0.1373984158039093,-0.24801229536533356,-0.23697280883789062,-0.07503637671470642
920,17.125,-1.2203670740127563,-0.01755704768002033,0.009335341677069665,0.0,0.14101214855909347,-0.24799050390720367,-0.24182862043380737,-0.07756857573986053
930,14.625,-0.9306514859199524,-0.02286677323281765,0.00891435295343399,0.0,0.1392150640487671,-0.24875271171331406,-0.24104762077331543,-0.0757870227098465
940,13.6875,-1.3201961517333984,-0.02145400121808052,0.0104726018384099,0.0,0.14082428067922592,-0.25249099135398867,-0.24330087006092072,-0.07966012507677078
950,10.5,-1.3207147717475891,-0.02981407940387726,0.006793523021042347,0.0,0.1403531551361084,-0.24843258261680604,-0.2451813519001007,-0.08327135443687439
960,12.1875,-1.225219488143921,-0.027819601446390153,0.01598056387156248,0.0,0.14244846552610396,-0.2496010333299637,-0.2545734941959381,-0.07378917932510376
970,14.5,-1.215696930885315,-0.02431955523788929,0.007089965045452118,0.0,0.14177088141441346,-0.2517052501440048,-0.24229885637760162,-0.06636522710323334
980,12.5,-1.4280688762664795,-0.030254783295094966,0.014732948690652847,0.0,0.1438651517033577,-0.25222532749176024,-0.27426639199256897,-0.07522977143526077
990,13.375,-1.1324511766433716,-0.02823288068175316,0.008851984050124884,0.0,0.14338384717702865,-0.25796393007040025,-0.2564281225204468,-0.07884585857391357
1000,16.1875,-1.3118595480918884,-0.02871328629553318,0.005770048499107361,0.0,0.14463138431310654,-0.254402881860733,-0.24273499846458435,-0.06708653271198273
1010,10.3125,-1.5063222646713257,-0.0307897225022316,0.006393981352448464,0.0,0.14477157443761826,-0.24872483015060426,-0.24951747059822083,-0.06237147003412247
1020,15.125,-1.2204105257987976,-0.028321991488337517,0.0051366714760661125,0.0,0.14543847739696503,-0.25726453512907027,-0.2510143220424652,-0.06860925257205963
1030,13.6875,-1.4301912188529968,-0.026194215938448905,0.007544847670942545,0.0,0.1465389221906662,-0.25588300824165344,-0.2715531289577484,-0.07832065969705582
1040,15.25,-1.3216491341590881,-0.02235647812485695,0.007698069326579571,0.0,0.14724230021238327,-0.2518134191632271,-0.24783314764499664,-0.08349496871232986
1050,14.625,-1.3178167343139648,-0.027541500329971314,0.006319400295615197,0.0,0.14586936086416244,-0.25974949896335603,-0.24877259135246277,-0.07292056828737259
1060,11.8125,-1.4061191082000732,-0.02843259386718273,0.006013953033834696,0.0,0.1477731704711914,-0.2534160137176514,-0.24406954646110535,-0.061777159571647644
1070,20.8125,-0.8506819009780884,-0.02290782518684864,0.0045737517066299915,0.0,0.14669504761695862,-0.2547422513365746,-0.27292847633361816,-0.07888215780258179
1080,13.8125,-1.1463811993598938,-0.01990456469357014,0.005837177392095327,0.0,0.14924099445343017,-0.25934816896915436,-0.28307121992111206,-0.0816262885928154
1090,14.125,-1.226388692855835,-0.025691431760787965,0.004159352881833911,0.0,0.14909162670373916,-0.25905915945768354,-0.2540946304798126,-0.07691758871078491
1100,12.875,-1.1381447315216064,-0.028951527178287507,0.009834973514080048,0.0,0.14989130645990373,-0.2623681306838989,-0.2751511037349701,-0.07379147410392761
1110,11.75,-1.3285202980041504,-0.026153873652219772,0.014988701976835727,0.0,0.15164265632629395,-0.26671320497989653,-0.26102250814437866,-0.08209589123725891
1120,11.9375,-1.3232150077819824,-0.025023157894611358,0.005814140848815441,0.0,0.15072795748710632,-0.26660727262496947,-0.25766146183013916,-0.07530224323272705
1130,15.3125,-1.042836993932724,-0.025111183524131775,0.006083992682397366,0.0,0.14995522499084474,-0.25760130733251574,-0.2801649570465088,-0.07127274572849274
1140,15.875,-1.04840487241745,-0.02719925530254841,0.006674055196344853,0.0,0.15205843299627303,-0.25925428718328475,-0.27210503816604614,-0.08724498748779297
1150,13.375,-1.3946289420127869,-0.023841057624667882,0.030074357613921167,0.0,0.15547501891851426,-0.25619177520275116,-0.25751230120658875,-0.026758935302495956
1160,14.5,-0.9292900562286377,-0.027444300055503846,0.008337535243481398,0.0,0.15220749527215957,-0.2585261598229408,-0.2474214881658554,-0.06793203204870224
1170,11.0,-1.211707055568695,-0.02889622114598751,0.008118624705821276,0.0,0.15450822561979294,-0.2618415102362633,-0.2407081574201584,-0.06079468876123428
1180,13.375,-1.1376858353614807,-0.01886681504547596,0.009577582962810994,0.0,0.15584404170513153,-0.2571853384375572,-0.2612742781639099,-0.08821380138397217
1190,13.375,-1.0077292323112488,-0.02590587604790926,0.023346501961350442,0.0,0.15481351017951966,-0.2574909672141075,-0.2399304062128067,-0.038003772497177124
1200,10.6875,-1.328121304512024,-0.023038794100284577,0.010700853355228902,0.0,0.15858711451292037,-0.2600213408470154,-0.2636294960975647,-0.07874427735805511
1210,16.25,-0.9479475617408752,-0.024649869278073312,0.007936448603868485,0.0,0.1557156339287758,-0.2587656155228615,-0.273029088973999,-0.07719714939594269
1220,18.3125,-0.947052538394928,-0.023314991593360902,0.0064906044863164425,0.0,0.15866837352514268,-0.26758935302495956,-0.26064983010292053,-0.08749053627252579
1230,17.3125,-0.9289349317550659,-0.023577465489506722,0.0062719985842704775,0.0,0.1576244816184044,-0.26357764601707456,-0.247922882437706,-0.06547924876213074
1240,14.75,-1.41761976480484,-0.024964797496795654,0.008609110116958618,0.0,0.15726414173841477,-0.25296891033649443,-0.26893147826194763,-0.059769466519355774
1250,13.5625,-1.133726716041565,-0.02538857525214553,0.006702900771051646,0.0,0.1568298503756523,-0.2561891481280327,-0.2585854232311249,-0.08182048797607422
1260,14.0625,-1.1281341314315796,-0.01918305568397045,0.008113894052803517,0.0,0.15788359344005584,-0.2578210711479187,-0.25626882910728455,-0.07216347754001617
1270,13.9375,-1.5069780349731445,-0.020554689690470695,0.007632441911846399,0.0,0.15795948058366777,-0.25539163798093795,-0.24807602167129517,-0.06454583257436752
1280,20.1875,-0.8503393530845642,-0.021968523040413857,0.004463205300271511,0.0,0.16083816885948182,-0.25299584269523623,-0.2688743472099304,-0.08314124494791031
1290,18.75,-0.7230753898620605,-0.023178549855947493,0.011973314359784127,0.0,0.1586148574948311,-0.24715249985456467,-0.2375040054321289,-0.05047536641359329
1300,17.8125,-1.0477319359779358,-0.026704296842217444,0.015012622065842151,0.0,0.1608726292848587,-0.2552787557244301,-0.2807735800743103,-0.07755664736032486
1310,15.3125,-1.142657995223999,-0.02261974662542343,0.007166104670614004,0.0,0.15963598787784578,-0.25120713412761686,-0.27240294218063354,-0.08308224380016327
1320,12.75,-1.3236313462257385,-0.02805873900651932,0.004922936204820871,0.0,0.1604556381702423,-0.2576128512620926,-0.25818851590156555,-0.07618391513824463
1330,19.8125,-0.9477724432945251,-0.02537573091685772,0.006570056732743979,0.0,0.16034361571073533,-0.25160409361124036,-0.2690770626068115,-0.08334700763225555
1340,15.125,-1.3150678873062134,-0.022016295790672304,0.018828422576189042,0.0,0.15771515369415284,-0.24641848504543304,-0.2347300499677658,-0.08141089230775833
1350,15.625,-1.3150168657302856,-0.02398172691464424,0.007742614857852459,0.0,0.16158557385206224,-0.24776031076908112,-0.24209502339363098,-0.07442746311426163
1360,14.125,-1.1090620756149292,-0.021446453407406807,0.014662856049835683,0.0,0.16311439424753188,-0.2603036940097809,-0.25457704067230225,-0.03437880426645279
1370,16.875,-0.9369252920150757,-0.02441328316926956,0.006877886503934861,0.0,0.16185374706983566,-0.2528634786605835,-0.266971230506897,-0.06154714152216911
1380,15.75,-1.127762794494629,-0.031127563491463662,0.008505173120647668,0.0,0.16167906671762466,-0.250419844686985,-0.24158552289009094,-0.08348582684993744
1390,19.625,-1.1071248650550842,-0.03263425156474113,0.015116446837782859,0.0,0.1649535283446312,-0.2471408724784851,-0.25096839666366577,-0.03455829620361328
1400,18.8125,-0.9346399903297424,-0.029647720605134965,0.00529293529689312,0.0,0.1658901244401932,-0.25259452909231184,-0.25444111227989197,-0.07121609151363373
1410,10.9375,-1.216664433479309,-0.026845335960388184,0.005262770131230355,0.0,0.1635443314909935,-0.24400767534971238,-0.23379826545715332,-0.08023373782634735
1420,16.5,-1.1277583837509155,-0.02646980844438076,0.004510442819446325,0.0,0.1625005766749382,-0.2449919730424881,-0.25725406408309937,-0.06954072415828705
1430,10.4375,-1.3270894885063171,-0.026626015827059746,0.006414807308465243,0.0,0.16195750534534453,-0.25146211981773375,-0.25838330388069153,-0.08388148993253708
1440,14.75,-1.1318612098693848,-0.025476294010877608,0.0091858203522861,0.0,0.16599605679512025,-0.2539942055940628,-0.2530948519706726,-0.08238230645656586
1450,20.4375,-0.9257110953330994,-0.03333126176148653,0.0030040332581847905,0.0,0.16483278721570968,-0.248614664375782,-0.24111831188201904,-0.06777860224246979
1460,13.0,-1.122570276260376,-0.029759331792593,0.010376564972102643,0.0,0.1650582566857338,-0.24024524837732314,-0.24746793508529663,-0.0686122477054596
1470,15.3125,-1.1289936304092407,-0.02255050912499428,0.013633982092142106,0.0,0.16725050210952758,-0.24695537090301514,-0.24976268410682678,-0.08027437329292297
1480,12.875,-1.3184779286384583,-0.026493311673402787,0.005729550402611494,0.0,0.16637660413980485,-0.2553806632757187,-0.25927096605300903,-0.06590105593204498
1490,13.6875,-1.3161698579788208,-0.025942628737539053,0.0057218756526708605,0.0,0.16830684542655944,-0.25410476624965667,-0.25260794162750244,-0.06545688211917877
1500,11.6875,-1.4988226890563965,-0.027664236538112164,0.007094805687665939,0.0,0.16702567636966706,-0.2521317958831787,-0.23699355125427246,-0.061518266797065735
1510,11.75,-1.3189719319343567,-0.024522190913558006,0.009336063358932733,0.0,0.16600215584039688,-0.2550047874450684,-0.2521839737892151,-0.07311047613620758
1520,14.5625,-1.1177434921264648,-0.025955704599618913,0.0203869242221117,0.0,0.16897421479225158,-0.2551857605576515,-0.2413569539785385,-0.06704404950141907
1530,17.75,-0.9543169736862183,-0.027557475492358208,0.007413553167134523,0.0,0.16872734129428862,-0.25842273980379105,-0.28086936473846436,-0.08699090033769608
1540,16.1875,-1.1292335391044617,-0.025170033052563667,0.016788483038544653,0.0,0.16810148060321808,-0.2529833659529686,-0.2785711884498596,-0.05348554253578186
1550,11.875,-1.3259165287017822,-0.025593979656696318,0.006426908355206251,0.0,0.16750561743974685,-0.25084181427955626,-0.2644093632698059,-0.07528470456600189
1560,21.6875,-0.6440315544605255,-0.022334974631667136,0.010403232090175152,0.0,0.16776477992534639,-0.25372255891561507,-0.2572849690914154,-0.06612291932106018
1570,16.375,-1.2237999439239502,-0.02760639665648341,0.00866359993815422,0.0,0.168477363884449,-0.2592301219701767,-0.2507878541946411,-0.07901114970445633
1580,18.8125,-0.9082348644733429,-0.0253678509965539,0.010468830727040768,0.0,0.1668161302804947,-0.2536690130829811,-0.23727358877658844,-0.03349849581718445
1590,15.625,-1.0387511253356934,-0.025389279425144195,0.005872947722673416,0.0,0.16722337603569032,-0.2518743097782135,-0.2648079991340637,-0.07852403819561005
1600,16.4375,-0.8408268392086029,-0.029187468439340593,0.007585609517991543,0.0,0.16953598707914352,-0.26495460271835325,-0.2710563540458679,-0.061198875308036804
1610,18.75,-0.9344128668308258,-0.028206632286310197,0.00785107035189867,0.0,0.1703008770942688,-0.259103088080883,-0.25039970874786377,-0.07614798098802567
1620,16.875,-0.817010760307312,-0.026569761894643308,0.009557667560875416,0.0,0.1687869220972061,-0.24990757554769516,-0.21345219016075134,-0.07347650825977325
1630,15.75,-1.2200325727462769,-0.02572034504264593,0.009366626664996148,0.0,0.17092302590608596,-0.2605253681540489,-0.24895167350769043,-0.07202106714248657
1640,13.0,-1.2168314456939697,-0.0317285917699337,0.01244377437978983,0.0,0.17086932063102722,-0.2527101829648018,-0.2321423888206482,-0.08248031139373779
1650,14.375,-1.2280670404434204,-0.028944114968180657,0.006372236181050539,0.0,0.16940260380506517,-0.26068997383117676,-0.25232863426208496,-0.08369331061840057
1660,14.1875,-1.231342077255249,-0.027772774547338487,0.008923117071390152,0.0,0.17022088319063186,-0.25329229682683946,-0.2726808786392212,-0.07187844812870026
1670,20.5,-0.9343996644020081,-0.021970027312636375,0.012847588956356048,0.0,0.16982266753911973,-0.25594048798084257,-0.24988910555839539,-0.07778884470462799
1680,17.625,-1.019739806652069,-0.026743093878030776,0.0037244978826493024,0.0,0.17040629535913468,-0.2485656961798668,-0.2364976406097412,-0.06928189098834991
1690,12.0,-1.6020524501800537,-0.03000848777592182,0.007195018045604229,0.0,0.17149059921503068,-0.25347817242145537,-0.24198822677135468,-0.07448968291282654
1700,14.25,-1.2252174615859985,-0.027990753203630446,0.013652176223695278,0.0,0.17402639985084534,-0.25500530302524566,-0.24761976301670074,-0.0852867066860199
1710,16.8125,-1.222964584827423,-0.028326456993818284,0.011501657031476497,0.0,0.17026315480470658,-0.2568522050976753,-0.2506287097930908,-0.07747357338666916
1720,13.5,-1.0989131927490234,-0.02304380591958761,0.026628755033016205,0.0,0.17490895837545395,-0.2568564936518669,-0.2540050148963928,-0.017337605357170105
1730,20.25,-1.1453394293785095,-0.025529221072793006,0.005003312136977911,0.0,0.1731756091117859,-0.2653087466955185,-0.2879582941532135,-0.07610821723937988
1740,12.875,-1.2246291637420654,-0.028511551767587663,0.008130304142832756,0.0,0.17124136090278624,-0.26166444420814516,-0.25654780864715576,-0.07427319884300232
1750,16.3125,-1.0248743891716003,-0.026626726426184178,0.009939293004572391,0.0,0.17438846081495285,-0.2521018162369728,-0.23919706046581268,-0.07660487294197083
1760,16.375,-1.0482144355773926,-0.02232565563172102,0.009248762391507626,0.0,0.17587758004665374,-0.260416604578495,-0.2741394340991974,-0.08997683972120285
1770,12.0,-1.4188992381095886,-0.027921730652451515,0.010546812601387501,0.0,0.1714520901441574,-0.2587273895740509,-0.25989407300949097,-0.07254108786582947
1780,12.1875,-1.4269293546676636,-0.027683229744434358,0.005438852868974209,0.0,0.17305057495832443,-0.2626891016960144,-0.27816328406333923,-0.07390470057725906
1790,14.4375,-1.2272361516952515,-0.029159403406083584,0.007822165079414845,0.0,0.17663315534591675,-0.26252956241369246,-0.2764779031276703,-0.06004071235656738
1800,15.625,-1.128201186656952,-0.027743281424045564,0.008225483912974596,0.0,0.17583111226558684,-0.2615978762507439,-0.24976925551891327,-0.08269605040550232
1810,15.9375,-1.120055615901947,-0.026831160858273508,0.010876551829278469,0.0,0.17702747881412506,-0.25022819489240644,-0.23897142708301544,-0.07581847906112671
1820,18.0,-1.0259274542331696,-0.027099877037107943,0.00926048904657364,0.0,0.17866961658000946,-0.256048384308815,-0.24565276503562927,-0.07415111362934113
1830,12.3125,-1.2230581045150757,-0.03137826416641474,0.007347229588776827,0.0,0.17707039266824723,-0.2600532755255699,-0.26045215129852295,-0.06940808147192001
1840,9.6875,-1.307241141796112,-0.02771509811282158,0.01852756626904011,0.0,0.17684231102466583,-0.2485954463481903,-0.2582719624042511,-0.04708759859204292
1850,17.75,-1.1243150234222412,-0.02451160755008459,0.012779702991247177,0.0,0.1790037900209427,-0.2515591338276863,-0.258863627910614,-0.06553526222705841
1860,19.625,-1.157012403011322,-0.021941612102091314,0.019493599608540534,0.0,0.18221226781606675,-0.26812744736671446,-0.3054119646549225,-0.08346879482269287
1870,16.0,-1.1399579644203186,-0.025320062041282655,0.005827368143945933,0.0,0.18000734448432923,-0.2657609760761261,-0.271639347076416,-0.08284512907266617
1880,20.5625,-1.1623234152793884,-0.028788855858147146,0.008753248024731874,0.0,0.18038554191589357,-0.269470626115799,-0.3024919629096985,-0.09494603425264359
1890,13.0625,-1.5236615538597107,-0.02901412583887577,0.005171651486307383,0.0,0.1801221638917923,-0.265209025144577,-0.2839173376560211,-0.06929659843444824
1900,9.75,-1.3215262293815613,-0.028056037984788416,0.010414175502955914,0.0,0.17745837271213533,-0.2592021733522415,-0.2521279752254486,-0.07998999953269958
1910,15.0625,-1.2453341484069824,-0.027967526391148568,0.029923227429389954,0.0,0.18148934841156006,-0.27500936985015867,-0.3049619197845459,-0.06633108854293823
1920,11.8125,-1.5136629939079285,-0.027832144498825075,0.020292929001152517,0.0,0.18072935491800307,-0.2788308888673782,-0.2642635107040405,-0.07063308358192444
1930,13.1875,-1.139417052268982,-0.030283615179359912,0.007808310352265835,0.0,0.181544728577137,-0.2755182504653931,-0.2896100580692291,-0.06433085352182388
1940,13.1875,-1.418370246887207,-0.02064037099480629,0.01325264312326908,0.0,0.18354659527540207,-0.2681019365787506,-0.2698531150817871,-0.06353041529655457
1950,13.8125,-1.5205686688423157,-0.02707090526819229,0.010438594408333302,0.0,0.1842045545578003,-0.26397342830896375,-0.26654183864593506,-0.08032026886940002
1960,15.0,-1.2315583229064941,-0.03226754292845726,0.0106443727388978,0.0,0.18418117314577104,-0.2676663607358932,-0.28224486112594604,-0.06149392947554588
1970,15.6875,-1.237126350402832,-0.0252888735383749,0.019247636198997498,0.0,0.18537237346172333,-0.2687164142727852,-0.2849878668785095,-0.07255429029464722
1980,23.9375,-0.8443435728549957,-0.023115907981991767,0.013367792032659054,0.0,0.18645914345979692,-0.26853091865777967,-0.2712886929512024,-0.06894059479236603
1990,14.9375,-1.2221439480781555,-0.026927422359585763,0.008673828281462192,0.0,0.18487752676010133,-0.2613292410969734,-0.25431808829307556,-0.07234705239534378
2000,15.1875,-1.1344521641731262,-0.028901422023773195,0.006056520901620388,0.0,0.1863858222961426,-0.2634764835238457,-0.27657121419906616,-0.066923126578331
2010,15.0625,-1.1414451003074646,-0.026731594838202,0.011514767818152905,0.0,0.18617828637361528,-0.2694026231765747,-0.2845960259437561,-0.07272510230541229
2020,14.6875,-1.0302826464176178,-0.0297441266477108,0.010525374859571456,0.0,0.18635545670986176,-0.2599982708692551,-0.2484782636165619,-0.07704775780439377
2030,14.0,-1.4049042463302612,-0.027518372237682342,0.02533932700753212,0.0,0.1879636749625206,-0.27231774628162386,-0.27927735447883606,-0.02287791110575199
2040,15.75,-1.224159061908722,-0.025730959698557855,0.006637952104210853,0.0,0.18844413459300996,-0.27230463922023773,-0.25186842679977417,-0.07988903671503067
2050,15.125,-1.126037061214447,-0.02599550560116768,0.005581014323979616,0.0,0.19031412303447723,-0.26540583521127703,-0.25792938470840454,-0.06797101348638535
2060,18.6875,-1.0221495032310486,-0.027885130234062673,0.014102919586002826,0.0,0.18806968927383422,-0.2756066173315048,-0.2678365111351013,-0.04268757998943329
2070,15.5,-1.1303631067276,-0.02662406489253044,0.02148079201579094,0.0,0.1918741226196289,-0.2824727803468704,-0.3025127649307251,-0.036165814846754074
2080,14.125,-1.0446383357048035,-0.025565880164504052,0.006698042247444391,0.0,0.19217313528060914,-0.2714505076408386,-0.2867037057876587,-0.07177358865737915
2090,16.125,-1.137980878353119,-0.026678291708230974,0.007144789397716522,0.0,0.19133525788784028,-0.2681229755282402,-0.2742507755756378,-0.07739704847335815
2100,14.375,-1.3185725808143616,-0.026872920989990234,0.012082663364708424,0.0,0.18979301005601884,-0.26346619576215746,-0.2532063126564026,-0.07338304817676544
2110,17.625,-0.9461261034011841,-0.023942886665463448,0.01155256237834692,0.0,0.1900650218129158,-0.2734373927116394,-0.2703288793563843,-0.08179786801338196
2120,16.6875,-0.9327325224876404,-0.025782839581370353,0.015277530252933502,0.0,0.19107863456010818,-0.26790422052145,-0.24647743999958038,-0.0806998610496521
2130,15.0625,-1.1471266746520996,-0.026943246088922023,0.007709914539009333,0.0,0.19017064720392227,-0.2630587249994278,-0.28826195001602173,-0.08216848969459534
2140,15.9375,-1.1378493905067444,-0.02944095470011234,0.011448945291340351,0.0,0.19249572455883027,-0.2727333098649979,-0.27485573291778564,-0.07632049918174744
2150,13.0,-1.3145948648452759,-0.02749668788164854,0.009262434020638467,0.0,0.1929318055510521,-0.267453570663929,-0.24658985435962677,-0.07455403357744217
2160,13.875,-1.318353295326233,-0.02909606173634529,0.01863689199090004,0.0,0.1918649673461914,-0.27044529616832735,-0.25655120611190796,-0.06913885474205017
2170,12.125,-1.402223289012909,-0.028389179334044456,0.006474729627370834,0.0,0.19339431673288346,-0.26743519157171247,-0.23755976557731628,-0.06833130121231079
2180,11.4375,-1.227422833442688,-0.02888539880514145,0.006859016604721546,0.0,0.19286396056413652,-0.28220930993556975,-0.2776494026184082,-0.061031684279441833
2190,15.3125,-1.2303270101547241,-0.020755454152822494,0.01346033439040184,0.0,0.1967012792825699,-0.2801364839076996,-0.2648666501045227,-0.07712585479021072
2200,12.5625,-1.1469364762306213,-0.03009055061265826,0.006382135208696127,0.0,0.1956917718052864,-0.2658277675509453,-0.29220402240753174,-0.07776184380054474
2210,21.625,-0.8467831015586853,-0.028987495601177214,0.010172725282609462,0.0,0.19541418999433519,-0.2662858560681343,-0.267499715089798,-0.0805097296833992
2220,20.4375,-0.7479953169822693,-0.022395852953195572,0.011172761395573615,0.0,0.19609488993883134,-0.2757268130779266,-0.26689982414245605,-0.07534534484148026
2230,16.4375,-1.2355979681015015,-0.02838584892451763,0.007948774192482234,0.0,0.19728192836046218,-0.26878009736537933,-0.26739072799682617,-0.08807793259620667
2240,15.375,-1.2161571979522705,-0.026134682446718217,0.013653792254626752,0.0,0.19713685065507888,-0.26629927307367324,-0.25048553943634033,-0.06661559641361237
2250,14.1875,-1.3174827098846436,-0.030508918315172197,0.008070058375597,0.0,0.19547831416130065,-0.2745907247066498,-0.2567845582962036,-0.06694230437278748
2260,12.4375,-1.213942527770996,-0.028102077450603245,0.00924533549696207,0.0,0.1966949850320816,-0.26391282975673674,-0.247629314661026,-0.06307803094387054
2270,12.8125,-1.3324164748191833,-0.027962479554116727,0.007862534560263156,0.0,0.19600225239992142,-0.26989521980285647,-0.2704349160194397,-0.08769936114549637
2280,16.8125,-1.126955807209015,-0.028293411061167718,0.013216520100831986,0.0,0.19648244827985764,-0.26528037190437315,-0.26723694801330566,-0.06448417901992798
2290,19.5,-1.1248480677604675,-0.02628107853233814,0.006078801210969686,0.0,0.19867737740278243,-0.27602799236774445,-0.26227378845214844,-0.05705593526363373
2300,14.25,-1.218918263912201,-0.02484463807195425,0.007332753296941519,0.0,0.1976654589176178,-0.265453565120697,-0.25860899686813354,-0.06146906688809395
2310,14.75,-1.2225204706192017,-0.030223889648914336,0.00367780695669353,0.0,0.20009538233280183,-0.2582715809345245,-0.26185885071754456,-0.06507658213376999
2320,16.8125,-0.942591667175293,-0.031471032090485095,0.015458478406071664,0.0,0.19981154948472976,-0.26104290783405304,-0.2660846710205078,-0.07935921102762222
2330,12.875,-1.2203937768936157,-0.026943058893084525,0.009660494700074195,0.0,0.20138785392045974,-0.26112066507339476,-0.2512044906616211,-0.07024180889129639
2340,15.3125,-1.1439523100852966,-0.02605334036052227,0.014810901507735253,0.0,0.20077771991491317,-0.25831043124198916,-0.2792050242424011,-0.08204543590545654
2350,16.375,-0.9361534416675568,-0.027538655325770378,0.010080033540725708,0.0,0.20133065730333327,-0.2664129376411438,-0.25236546993255615,-0.08086796849966049
2360,16.6875,-1.0442968308925629,-0.021497410908341407,0.03610408902168274,0.0,0.1997034177184105,-0.26396550238132477,-0.2802344560623169,-0.07689671963453293
2370,21.125,-0.950421154499054,-0.03494641995057464,0.007263252604752779,0.0,0.20084557682275772,-0.2617153197526932,-0.2969517707824707,-0.06224595755338669
2380,17.1875,-0.9280173480510712,-0.028985924273729324,0.01485672015696764,0.0,0.20020638406276703,-0.24666111320257186,-0.23836293816566467,-0.07737316191196442
2390,13.3125,-1.2492337226867676,-0.02994376830756664,0.007990736048668623,0.0,0.20357562750577926,-0.2653387561440468,-0.30039262771606445,-0.08311516791582108
2400,12.9375,-1.3140912652015686,-0.02989617008715868,0.012717473320662975,0.0,0.20431074500083923,-0.26467879861593246,-0.26598024368286133,-0.05357692390680313
2410,15.9375,-1.2332406044006348,-0.023737742379307748,0.008790316432714463,0.0,0.20302032083272933,-0.2647225737571716,-0.26462650299072266,-0.0844232589006424
2420,13.25,-1.3259100317955017,-0.023603090830147267,0.010780428163707256,0.0,0.20335154086351395,-0.26927450597286223,-0.27088433504104614,-0.07280030846595764
2430,11.75,-1.3282488584518433,-0.03099593538790941,0.00588830066844821,0.0,0.2060302659869194,-0.2696386620402336,-0.26972028613090515,-0.07800094783306122
2440,9.875,-1.4324475526809692,-0.029677924886345863,0.011831292137503623,0.0,0.20582836568355561,-0.2679788425564766,-0.2823849618434906,-0.08194416016340256
2450,16.375,-0.8413361608982086,-0.02949396651238203,0.03040136843919754,0.0,0.20386098325252533,-0.2513973519206047,-0.26229342818260193,-0.07364680618047714
2460,14.375,-1.0414937734603882,-0.026548650674521924,0.013236816227436065,0.0,0.20558548718690872,-0.2630550220608711,-0.2632172107696533,-0.09076490998268127
2470,11.8125,-1.3081210851669312,-0.030035586282610893,0.008449859730899335,0.0,0.20363616049289704,-0.25977752953767774,-0.24236153066158295,-0.06543701887130737
2480,12.1875,-1.289694905281067,-0.028210683166980742,0.017786889895796777,0.0,0.2056276246905327,-0.26154192090034484,-0.24572235345840454,-0.026678655296564102
2490,20.0625,-0.5291935056447983,-0.027376338839530945,0.013354247994720935,0.0,0.2064626008272171,-0.2675886616110802,-0.24469344317913055,-0.045378148555755615
2500,17.5625,-0.9308706820011139,-0.029165079817175865,0.009252185560762882,0.0,0.20878224372863768,-0.2642730623483658,-0.2564171254634857,-0.0688467025756836
2510,19.5625,-0.7415148317813873,-0.02280120402574539,0.018415619805455207,0.0,0.2100348576903343,-0.2632600799202919,-0.279527872800827,-0.04997016116976738
2520,16.9375,-1.2278204560279846,-0.031698312237858774,0.006177200563251972,0.0,0.2070290267467499,-0.2682037323713303,-0.2691349983215332,-0.07212679088115692
2530,15.5625,-1.0382608771324158,-0.030963544361293317,0.009258409030735493,0.0,0.20930355787277222,-0.2723488718271255,-0.28281909227371216,-0.058368951082229614
2540,16.4375,-0.8367648124694824,-0.02374952584505081,0.006121655646711588,0.0,0.20952571034431458,-0.25626293271780015,-0.2508140206336975,-0.07605639845132828
2550,15.5,-1.141367256641388,-0.02474851068109274,0.008266289625316859,0.0,0.21123990267515183,-0.26104564070701597,-0.27930399775505066,-0.07774383574724197
2560,15.75,-0.8413983583450317,-0.02729126065969467,0.015726605243980885,0.0,0.21179201155900956,-0.26080224066972735,-0.25460219383239746,-0.08066011965274811
2570,12.375,-1.0161495506763458,-0.028637873753905297,0.0122188126668334,0.0,0.2088886097073555,-0.26301824748516084,-0.23431363701820374,-0.06768184900283813
2580,11.75,-1.148130714893341,-0.030728765949606895,0.015330473519861698,0.0,0.2109997883439064,-0.2782239705324173,-0.29856935143470764,-0.07387693226337433
2590,15.0,-1.2212440967559814,-0.0307624988257885,0.006869930494576693,0.0,0.21153709143400193,-0.2626663863658905,-0.2663145363330841,-0.06077954173088074
2600,14.875,-1.219822645187378,-0.026984197646379472,0.009274116531014443,0.0,0.2098494738340378,-0.27346387803554534,-0.24995695054531097,-0.07490111142396927
2610,14.875,-1.0348471105098724,-0.029869768023490905,0.011245250888168811,0.0,0.21084090769290925,-0.2721482962369919,-0.2762935757637024,-0.06250937283039093
2620,13.75,-1.144494652748108,-0.03221732489764691,0.014579089730978012,0.0,0.2140060320496559,-0.27506469935178757,-0.2896023988723755,-0.07785557955503464
2630,14.9375,-1.038552612066269,-0.030856046825647354,0.007088338956236839,0.0,0.21385521292686463,-0.2759062796831131,-0.2742569148540497,-0.07348106801509857
2640,16.9375,-1.0511970520019531,-0.030773160606622697,0.015132123418152333,0.0,0.21374865174293517,-0.2724633559584618,-0.2957327961921692,-0.07569423317909241
2650,11.3125,-1.3169771432876587,-0.02593611180782318,0.008887638337910175,0.0,0.21161514669656753,-0.2724445551633835,-0.24990013241767883,-0.07989834249019623
2660,17.375,-1.1270013451576233,-0.023364559561014176,0.004312042752280832,0.0,0.21414159685373307,-0.2679980471730232,-0.26255959272384644,-0.06856681406497955
2670,17.25,-1.0340039134025574,-0.03009457029402256,0.010635376162827014,0.0,0.2132872983813286,-0.2688494443893433,-0.271009624004364,-0.06709783524274826
2680,13.0625,-1.2355242371559143,-0.021790333837270737,0.008341056015342473,0.0,0.2111818462610245,-0.2791878432035446,-0.27019309997558594,-0.08490946888923645
2690,10.75,-1.446306824684143,-0.02760167941451073,0.005686555895954371,0.0,0.21202811300754548,-0.2744091644883156,-0.30732280015945435,-0.0850209891796112
2700,17.6875,-0.9559564292430878,-0.02740982547402382,0.009245780296623707,0.0,0.21157376766204833,-0.269937139749527,-0.2877771258354187,-0.08762149512767792
2710,13.625,-1.1350592374801636,-0.02649257704615593,0.007962163630872965,0.0,0.21315140426158904,-0.27288792431354525,-0.2741905450820923,-0.07244883477687836
2720,13.3125,-1.1313490271568298,-0.032457066141068934,0.013322915881872177,0.0,0.2102261960506439,-0.27509618997573854,-0.27433866262435913,-0.0661754459142685
2730,16.75,-0.9305360913276672,-0.029870884865522383,0.006263453792780638,0.0,0.21214259564876556,-0.2684377357363701,-0.25982969999313354,-0.06262878328561783
2740,15.9375,-1.0143376290798187,-0.02871755287051201,0.008526940830051899,0.0,0.21209358274936677,-0.2797616466879845,-0.24711620807647705,-0.04772961139678955
2750,11.0,-1.3161969184875488,-0.028326555341482162,0.013037035986781121,0.0,0.217613784968853,-0.2719828814268112,-0.25787100195884705,-0.06517034769058228
2760,17.3125,-0.9496961832046509,-0.021725667268037797,0.0071288436651229855,0.0,0.21802230924367905,-0.2723058119416237,-0.2881093919277191,-0.07437920570373535
2770,16.1875,-1.1519405245780945,-0.02696581110358238,0.01012330986559391,0.0,0.21462398916482925,-0.27866853326559066,-0.2972918152809143,-0.086485356092453
2780,12.9375,-1.2328544855117798,-0.03424030542373657,0.010431793704628944,0.0,0.21839148551225662,-0.27766944766044616,-0.26951849460601807,-0.0812688022851944
2790,16.3125,-1.1230847239494324,-0.028301881998777388,0.012239799834787846,0.0,0.21786509603261947,-0.26602626740932467,-0.2623419165611267,-0.06292020529508591
2800,12.625,-1.2463826537132263,-0.026741842180490492,0.022826654836535454,0.0,0.2165836811065674,-0.2686661869287491,-0.2993619740009308,-0.07859919965267181
2810,13.8125,-1.301214337348938,-0.026812953501939775,0.007737829722464085,0.0,0.21928071975708008,-0.27258310467004776,-0.23732322454452515,-0.06051080673933029
2820,16.0625,-1.0474214553833008,-0.028016981855034827,0.01251982692629099,0.0,0.22127928733825683,-0.2719379484653473,-0.27685511112213135,-0.08810904622077942
2830,14.5,-1.3234004974365234,-0.027255428582429887,0.0075270096771419045,0.0,0.2223207324743271,-0.26958846747875215,-0.2637890577316284,-0.07723398506641388
2840,16.375,-1.2170667052268982,-0.029253975301980973,0.007587332837283611,0.0,0.22108552604913712,-0.26495866775512694,-0.2574719488620758,-0.06152542680501938
2850,14.375,-1.2361151576042175,-0.02880033999681473,0.018164779618382455,0.0,0.2231861472129822,-0.27329685986042024,-0.2875171899795532,-0.0717785656452179
2860,12.125,-1.127404510974884,-0.030161796510219573,0.011882327124476432,0.0,0.22040920406579972,-0.2760845571756363,-0.2536144256591797,-0.08185403048992157
2870,14.0625,-1.3180918097496033,-0.024520901218056678,0.005540149286389351,0.0,0.22155403196811677,-0.26497545540332795,-0.2560615837574005,-0.0718676969408989
2880,19.4375,-0.947679191827774,-0.03119345139712095,0.013135999254882336,0.0,0.2224499598145485,-0.25875703543424605,-0.2834237217903137,-0.07340759038925171
2890,15.9375,-1.0339473187923431,-0.033371333964169025,0.009367286041378976,0.0,0.2240779608488083,-0.26909746676683427,-0.26243844628334045,-0.07569541037082672
2900,18.5,-0.9110235869884491,-0.02766110301017761,0.010187844187021256,0.0,0.22511014193296433,-0.2600452587008476,-0.21747884154319763,-0.06339896470308304
2910,12.125,-1.4199524521827698,-0.030721068382263184,0.00950901061296463,0.0,0.2250934958457947,-0.26405149102211,-0.2677946984767914,-0.07438021898269653
2920,18.625,-0.9461426734924316,-0.021423331648111343,0.023864424973726272,0.0,0.22752752751111985,-0.2615088403224945,-0.2849537432193756,-0.06852630525827408
2930,12.0,-1.3213967084884644,-0.02573067843914032,0.009484191052615642,0.0,0.2240358278155327,-0.2617826581001282,-0.252693235874176,-0.08311872184276581
2940,15.5,-1.119821310043335,-0.027687191590666772,0.009696384146809577,0.0,0.22860106229782104,-0.25710262060165406,-0.23351165652275085,-0.0828891396522522
2950,13.9375,-1.1071469187736511,-0.02735740952193737,0.011598960496485233,0.0,0.22764041572809218,-0.2539117693901062,-0.23015841841697693,-0.061055317521095276
2960,15.0625,-1.2056589126586914,-0.031124616600573064,0.009536642581224442,0.0,0.22927283942699433,-0.25779344141483307,-0.2344665229320526,-0.062275078147649765
2970,22.125,-1.0383214354515076,-0.024532433971762656,0.006637758389115333,0.0,0.22928091436624526,-0.269522151350975,-0.282329261302948,-0.06591250002384186
2980,14.875,-1.1326772570610046,-0.0339170603081584,0.006925824005156756,0.0,0.2280629336833954,-0.26205957531929014,-0.2651103138923645,-0.07951708137989044
2990,14.1875,-1.3116837739944458,-0.02939712218940258,0.0125147994607687,0.0,0.22733149081468582,-0.2569862738251686,-0.24609869718551636,-0.07256880402565002
3000,15.9375,-1.4113240838050842,-0.024367285519838335,0.01266526896506548,0.0,0.2313220888376236,-0.25970077365636823,-0.2520236074924469,-0.07279404252767563
3010,14.0625,-1.2405129671096802,-0.023084114864468576,0.011034374870359898,0.0,0.23397786170244217,-0.26312247961759566,-0.2719530463218689,-0.09485869109630585
3020,15.0625,-0.9146574437618256,-0.024493660870939495,0.008349713496863842,0.0,0.2293551743030548,-0.2516032367944717,-0.2202364206314087,-0.07134416699409485
3030,20.75,-0.8364634811878204,-0.02843991555273533,0.011531372927129269,0.0,0.22985244244337083,-0.25144868791103364,-0.2491261512041092,-0.07908560335636139
3040,14.5,-1.014436811208725,-0.02945609446614981,0.00789310485124588,0.0,0.2321530193090439,-0.2591220080852509,-0.2262635976076126,-0.0736866146326065
3050,13.75,-1.1271207928657532,-0.0302245220169425,0.007539972849190235,0.0,0.22852535247802735,-0.262955142557621,-0.2620595693588257,-0.07121352851390839
3060,13.75,-1.3262677192687988,-0.028714323602616786,0.010733930952847004,0.0,0.2319476142525673,-0.2582083627581596,-0.2668978273868561,-0.07926419377326965
3070,13.1875,-1.2209949493408203,-0.02139133047312498,0.010462676547467709,0.0,0.23214741945266723,-0.2595566391944885,-0.2497476488351822,-0.07820536941289902
3080,16.9375,-1.2450678944587708,-0.029383618757128714,0.00841282457113266,0.0,0.23216140866279603,-0.26106248050928116,-0.2959444522857666,-0.08156471699476242
3090,9.375,-1.4115289449691772,-0.029314151033759117,0.01263013705611229,0.0,0.2339564010500908,-0.2701260715723038,-0.2725759446620941,-0.04818243905901909
3100,18.0625,-1.0238348245620728,-0.029281767643988134,0.014375530369579791,0.0,0.2307177945971489,-0.26198930144309995,-0.23607097566127777,-0.08145566284656525
3110,13.9375,-1.1146824955940247,-0.026897241175174714,0.008934415504336357,0.0,0.2288219928741455,-0.2737798228859901,-0.22877046465873718,-0.07963326573371887
3120,18.0625,-1.0183777213096619,-0.026301500946283342,0.02128206305205822,0.0,0.231531785428524,-0.2628012582659721,-0.2455747276544571,-0.06107386574149132
3130,15.5625,-0.9430298507213593,-0.025422482565045357,0.00828727064654231,0.0,0.23134935200214385,-0.2625663936138153,-0.2693507671356201,-0.07864884287118912
3140,18.0625,-0.9426139295101166,-0.03091687224805355,0.004404722712934017,0.0,0.2334691286087036,-0.2581379473209381,-0.27805331349372864,-0.07093723118305206
3150,19.875,-1.1235953569412231,-0.027894120663404465,0.015745260193943976,0.0,0.23414571434259415,-0.260699138045311,-0.2616884112358093,-0.06250675767660141
3160,22.5625,-1.0502038300037384,-0.026019005477428435,0.008928721584379674,0.0,0.23583535552024842,-0.2696185439825058,-0.2973618507385254,-0.0748797208070755
3170,19.125,-0.7577687203884125,-0.026088007912039756,0.006722618825733662,0.0,0.23465413153171538,-0.2587926521897316,-0.2856866717338562,-0.07747910171747208
3180,17.3125,-1.224701166152954,-0.02748060692101717,0.010158350132405758,0.0,0.2356459990143776,-0.258778078854084,-0.25200676918029785,-0.08268691599369049
3190,23.4375,-1.1330825686454773,-0.026907817274332047,0.007853913772851228,0.0,0.23551210910081863,-0.2559085816144943,-0.26972049474716187,-0.07609196752309799
3200,15.75,-0.9413773119449615,-0.026623379811644553,0.006472316570580006,0.0,0.23445270210504532,-0.2596115693449974,-0.2698652148246765,-0.07796251028776169
3210,15.8125,-0.925503134727478,-0.029998392798006535,0.01995190531015396,0.0,0.2364485204219818,-0.26475818604230883,-0.2501525282859802,-0.06355026364326477
3220,18.125,-1.222708523273468,-0.030004183202981947,0.006276867538690567,0.0,0.23870255351066588,-0.2683194637298584,-0.2728748917579651,-0.06088952720165253
3230,17.1875,-0.8522983193397522,-0.03148452751338482,0.022605117037892343,0.0,0.23554688096046447,-0.2693686828017235,-0.2958206832408905,-0.0636562705039978
3240,11.9375,-1.2183270454406738,-0.03143469383940101,0.015453903749585152,0.0,0.23967026621103288,-0.25822893232107164,-0.25195568799972534,-0.0712907612323761
3250,17.0625,-0.7182035744190216,-0.02580733299255371,0.017131687514483927,0.0,0.24013652950525283,-0.26974440813064576,-0.20770063996315002,-0.07604094594717026
3260,17.4375,-0.8155190944671631,-0.028731611743569373,0.011888113804161549,0.0,0.23972843438386918,-0.2415238067507744,-0.2171652615070343,-0.06588578224182129
3270,25.4375,-0.7208660840988159,-0.026136530190706254,0.01073807869106531,0.0,0.24159351438283921,-0.2429584503173828,-0.21461987495422363,-0.07450556755065918
3280,14.8125,-0.953300267457962,-0.029014959931373596,0.008404386602342129,0.0,0.23791936933994293,-0.26212945133447646,-0.290767639875412,-0.07915878295898438
3290,15.875,-1.230687439441681,-0.03208601325750351,0.0071890558116137985,0.0,0.24121042042970658,-0.2543516933917999,-0.2731362581253052,-0.07786786556243896
3300,16.0625,-1.32338547706604,-0.03070298470556736,0.00711333891376853,0.0,0.24104602932929992,-0.24676429480314255,-0.2781780958175659,-0.0657525360584259
3310,17.25,-0.8073654770851135,-0.02790764719247818,0.017086889408528805,0.0,0.24065124839544297,-0.24594491124153137,-0.24354493618011475,-0.023308180272579193
3320,16.5625,-0.9476066827774048,-0.028425136394798756,0.0077245630323886875,0.0,0.24470458626747132,-0.25254897177219393,-0.2771565914154053,-0.08309589326381683
3330,22.25,-0.6529673039913177,-0.026811165362596513,0.009685315936803818,0.0,0.24275539219379424,-0.2559514999389648,-0.27106204628944397,-0.0742059051990509
3340,14.1875,-1.1209569573402405,-0.029117488861083986,0.009067866951227188,0.0,0.24273613095283508,-0.2552359089255333,-0.25525712966918945,-0.0655834972858429
3350,13.75,-1.2227783799171448,-0.02667812630534172,0.0077251728624105455,0.0,0.24244919270277024,-0.2512419387698174,-0.24253252148628235,-0.090309739112854
3360,18.8125,-0.7466444373130798,-0.03301408216357231,0.014590644091367722,0.0,0.242685766518116,-0.256629242002964,-0.2589778006076813,-0.08123153448104858
3370,18.5,-0.8211244940757751,-0.02644618898630142,0.010147191770374774,0.0,0.2428276792168617,-0.2640033394098282,-0.22596952319145203,-0.07117387652397156
3380,15.3125,-1.0178970992565155,-0.029130705073475836,0.006610934156924486,0.0,0.2427690878510475,-0.26215381622314454,-0.23762840032577515,-0.07040144503116608
3390,23.375,-0.9405111074447632,-0.024651429429650307,0.0052456846460700035,0.0,0.24529012739658357,-0.26854761838912966,-0.2527018189430237,-0.08982595801353455
3400,17.0625,-1.0087704956531525,-0.02886793129146099,0.01158593948930502,0.0,0.2421608805656433,-0.25387940257787706,-0.2122330665588379,-0.07757174968719482
3410,12.0625,-1.3115279078483582,-0.025481799244880678,0.01668747663497925,0.0,0.24493014365434645,-0.27268697917461393,-0.2528349459171295,-0.06622946262359619
3420,12.875,-1.429356575012207,-0.02552187889814377,0.00707975160330534,0.0,0.24328794479370117,-0.2578530266880989,-0.2978171706199646,-0.06415116041898727
3430,19.25,-0.9319295287132263,-0.02643623184412718,0.005405879486352206,0.0,0.2452639177441597,-0.2562349170446396,-0.2560884952545166,-0.07183573395013809
3440,17.625,-1.2232295274734497,-0.02877195067703724,0.006504677888005972,0.0,0.2443532317876816,-0.2533475667238235,-0.2768484354019165,-0.05909682810306549
3450,20.5,-0.6390224099159241,-0.02944817841053009,0.010054814256727695,0.0,0.24471949338912963,-0.25026531219482423,-0.24182510375976562,-0.07598641514778137
3460,17.1875,-1.0196613073349,-0.03009386770427227,0.007883066497743129,0.0,0.2451522409915924,-0.2563595801591873,-0.2504870295524597,-0.0594160333275795
3470,19.4375,-0.922614574432373,-0.02817471297457814,0.01588790863752365,0.0,0.2491038665175438,-0.2638612076640129,-0.2712302505970001,-0.03854435309767723
3480,15.6875,-0.9244967401027679,-0.026289250142872332,0.009649652428925038,0.0,0.24780733734369279,-0.24907568842172623,-0.24518615007400513,-0.06743091344833374
3490,15.5,-0.8505888879299164,-0.02918125856667757,0.011064656637609005,0.0,0.24665013700723648,-0.27476494908332827,-0.28965964913368225,-0.06671217083930969
3500,15.0,-1.232717514038086,-0.034078745357692244,0.021111560240387916,0.0,0.24736405164003372,-0.2579448580741882,-0.27457717061042786,-0.0793573185801506
3510,17.625,-1.0349727869033813,-0.03382340557873249,0.005315133556723595,0.0,0.25264376401901245,-0.2570122808218002,-0.2713865041732788,-0.07088738679885864
3520,15.375,-1.2039456367492676,-0.026953532919287683,0.007747097872197628,0.0,0.2489159345626831,-0.2505799487233162,-0.22564315795898438,-0.0694805234670639
3530,13.6875,-1.0212671160697937,-0.03149167746305466,0.008858416695147753,0.0,0.2507882729172707,-0.2527263328433037,-0.24232006072998047,-0.07171875238418579
3540,17.0625,-1.0201610922813416,-0.027499258890748023,0.0075231769122183325,0.0,0.24982006698846818,-0.2536938890814781,-0.2612561881542206,-0.05180186405777931
3550,13.5625,-1.2154905796051025,-0.025571777299046517,0.004976969119161368,0.0,0.24927320927381516,-0.24625649750232698,-0.2420792281627655,-0.07508505135774612
3560,16.8125,-0.9242997467517853,-0.025447654724121093,0.008375370875000954,0.0,0.2523359179496765,-0.2595650553703308,-0.24179117381572723,-0.07230611145496368
3570,18.125,-0.8111619651317596,-0.025485905446112157,0.012988614477217197,0.0,0.25330374836921693,-0.23934478014707566,-0.2027658224105835,-0.07524056732654572
3580,18.25,-0.8988178372383118,-0.02659061998128891,0.011580871045589447,0.0,0.24892764091491698,-0.2569435194134712,-0.195367231965065,-0.06495466083288193
3590,15.0,-1.410885214805603,-0.029966140165925026,0.03281140848994255,0.0,0.25141641348600385,-0.24769958555698396,-0.2885180115699768,-0.03703805431723595
3600,13.0,-1.2098711729049683,-0.029039116203784944,0.010391421802341937,0.0,0.2529969021677971,-0.2421351745724678,-0.23702220618724823,-0.07334311306476593
3610,16.625,-1.0278600454330444,-0.028271010518074034,0.006196369230747223,0.0,0.25265121906995774,-0.2596313267946243,-0.26843133568763733,-0.06132243573665619
3620,15.25,-0.7367052435874939,-0.033997320011258124,0.007621694169938564,0.0,0.2555413514375687,-0.24682527780532837,-0.23142646253108978,-0.09030824899673462
3630,19.6875,-0.8181979060173035,-0.027448399737477303,0.006030308827757835,0.0,0.2512365072965622,-0.24177038222551345,-0.21069297194480896,-0.081852987408638
3640,17.6875,-1.0233278274536133,-0.028223134204745294,0.010249920189380646,0.0,0.2518561393022537,-0.2406550884246826,-0.24631227552890778,-0.07248193770647049
3650,21.1875,-0.9274997711181641,-0.02820899188518524,0.006839668657630682,0.0,0.2545408308506012,-0.2500765696167946,-0.2453533262014389,-0.07483530789613724
3660,16.875,-0.9164311289787292,-0.024347609840333462,0.009856869652867317,0.0,0.25338523983955386,-0.2403324842453003,-0.22473812103271484,-0.07304537296295166
3670,18.75,-1.1152970790863037,-0.0331309050321579,0.006643186882138252,0.0,0.2555643320083618,-0.24445447623729705,-0.23266851902008057,-0.07721914350986481
3680,16.6875,-1.0985518097877502,-0.024563504941761495,0.008407126925885678,0.0,0.25389181077480316,-0.23430318683385848,-0.21390461921691895,-0.06450170278549194
3690,18.0,-1.1184446811676025,-0.02987976260483265,0.004754085186868906,0.0,0.2528786614537239,-0.22158799320459366,-0.2555599808692932,-0.06039625033736229
3700,17.5625,-0.9163119494915009,-0.023985470458865166,0.006279062107205391,0.0,0.25363620817661287,-0.248073548078537,-0.22117148339748383,-0.07668045908212662
3710,20.125,-1.0261051952838898,-0.034151742421090606,0.0073864062316715716,0.0,0.2530093893408775,-0.24775368571281434,-0.2549446225166321,-0.06905493140220642
3720,19.25,-0.7119323015213013,-0.028804853558540344,0.01985701508820057,0.0,0.2540957361459732,-0.23458491861820222,-0.19001279771327972,-0.08286118507385254
3730,13.9375,-1.123311996459961,-0.027857514657080175,0.01228605881333351,0.0,0.2532091811299324,-0.24395449310541154,-0.26566222310066223,-0.06170530244708061
3740,16.6875,-0.9191603064537048,-0.028511886671185493,0.01823528092354536,0.0,0.25260894149541857,-0.23591989576816558,-0.23441612720489502,-0.06807094812393188
3750,16.1875,-1.0288452208042145,-0.02565165776759386,0.007933490816503764,0.0,0.25389077365398405,-0.23405549079179763,-0.2581528425216675,-0.07126207649707794
3760,13.0,-1.2166861295700073,-0.03430381491780281,0.011518697813153267,0.0,0.2535116508603096,-0.24284394085407257,-0.2383846640586853,-0.08349107205867767
3770,10.9375,-1.4019603729248047,-0.02723304498940706,0.015991299226880074,0.0,0.2556795090436935,-0.2428344115614891,-0.2701665461063385,-0.03857306391000748
3780,18.5625,-0.6277191638946533,-0.024906884133815765,0.006021760031580925,0.0,0.25959033370018003,-0.247523894906044,-0.2170998454093933,-0.07883156836032867
3790,15.625,-1.0107634365558624,-0.028810424916446208,0.012486508861184121,0.0,0.2559646651148796,-0.24144383519887924,-0.21604067087173462,-0.0740487277507782
3800,12.75,-1.4092875719070435,-0.0325484361499548,0.007586712390184403,0.0,0.2623550742864609,-0.23058873116970063,-0.2576179504394531,-0.06446879357099533
3810,14.875,-1.0959903001785278,-0.02710697278380394,0.006387174129486084,0.0,0.26049343049526213,-0.2342710554599762,-0.2177923619747162,-0.05361455678939819
3820,13.75,-0.9422088861465454,-0.027322938293218614,0.02203863002359867,0.0,0.2585750624537468,-0.23108626753091813,-0.2722504734992981,-0.07719701528549194
3830,16.625,-0.9108474552631378,-0.025719267874956132,0.006561919953674078,0.0,0.26172847747802735,-0.23771968930959703,-0.2193615734577179,-0.06665217131376266
3840,17.25,-1.0185127258300781,-0.023999784886837006,0.011110406368970871,0.0,0.2605676054954529,-0.2427387073636055,-0.22566822171211243,-0.08529572933912277
3850,17.4375,-1.2217583656311035,-0.03049899060279131,0.015423831902444363,0.0,0.25936775505542753,-0.23733936101198197,-0.25746041536331177,-0.07344858348369598
3860,17.375,-0.982813686132431,-0.025031125545501708,0.03269498944282532,0.0,0.25780923664569855,-0.24247962534427642,-0.24496561288833618,0.007179198786616325
3870,16.6875,-1.113904595375061,-0.029532905854284763,0.010286201909184455,0.0,0.2591685265302658,-0.2231704995036125,-0.22628605365753174,-0.08300580084323883
3880,21.0,-0.86112180352211,-0.028542839735746384,0.007791698351502419,0.0,0.2594362676143646,-0.24969859272241593,-0.28926149010658264,-0.08870251476764679
3890,19.25,-0.73209148645401,-0.026486536860466002,0.010881436429917813,0.0,0.2592015266418457,-0.2389865130186081,-0.23928424715995789,-0.0742001086473465
3900,14.3125,-1.0252418518066406,-0.027058978751301765,0.009855669364333153,0.0,0.2576616734266281,-0.23739854842424393,-0.24834474921226501,-0.07493634521961212
3910,17.25,-0.947577953338623,-0.029042624682188035,0.01343870982527733,0.0,0.2593117326498032,-0.24687812477350235,-0.28722989559173584,-0.07295528799295425
3920,13.25,-1.0114240050315857,-0.02603932060301304,0.010332639515399932,0.0,0.2581056892871857,-0.23686947226524352,-0.2282474786043167,-0.06923266500234604
3930,17.25,-1.1171634793281555,-0.02633522041141987,0.010669472441077233,0.0,0.2559394180774689,-0.2447459802031517,-0.23548662662506104,-0.07982733845710754
3940,16.5,-1.1066694259643555,-0.02623996399343014,0.010968036204576492,0.0,0.25940240919589996,-0.25637411028146745,-0.22594787180423737,-0.06902236491441727
3950,15.125,-1.1425681710243225,-0.03130761291831732,0.009178865328431129,0.0,0.2614801675081253,-0.24614043533802032,-0.28057700395584106,-0.08545567095279694
3960,18.125,-0.8201461732387543,-0.03207648210227489,0.01286176685243845,0.0,0.25851822197437285,-0.24204511791467667,-0.21855638921260834,-0.07796286791563034
3970,13.4375,-1.1124820709228516,-0.02228681035339832,0.02666865549981594,0.0,0.2604377895593643,-0.25588254928588866,-0.257842093706131,-0.04535119980573654
3980,15.125,-1.413731336593628,-0.035748903080821036,0.008268473204225302,0.0,0.260115909576416,-0.24849324971437453,-0.25457537174224854,-0.07784639298915863
3990,16.75,-1.023849904537201,-0.02832719832658768,0.00897163301706314,0.0,0.2615078926086426,-0.25181455463171004,-0.2415095716714859,-0.07953794300556183
4000,18.8125,-1.0125333666801453,-0.02778390496969223,0.010819771699607373,0.0,0.26127817332744596,-0.24443952292203902,-0.22585560381412506,-0.07136852294206619
4010,11.9375,-1.3222312927246094,-0.02906176298856735,0.005745775066316128,0.0,0.2605213403701782,-0.24382864236831664,-0.27119117975234985,-0.0728178471326828
4020,17.8125,-1.148051679134369,-0.027841101214289666,0.019322893396019936,0.0,0.26223773658275606,-0.2497261255979538,-0.3130286931991577,-0.06529344618320465
4030,11.0625,-1.3073251843452454,-0.03341346383094788,0.01075038518756628,0.0,0.25863465666770935,-0.2401332974433899,-0.23530137538909912,-0.07695688307285309
4040,21.875,-0.7222909331321716,-0.032311500236392024,0.00919599188491702,0.0,0.264348977804184,-0.2317852035164833,-0.2215474396944046,-0.07254152745008469
4050,17.1875,-1.031219094991684,-0.02867441326379776,0.008603900298476219,0.0,0.2633255749940872,-0.236128731071949,-0.2603064775466919,-0.0764424055814743
4060,17.5625,-0.9105703234672546,-0.026066986471414567,0.012608090788125992,0.0,0.261407470703125,-0.24092319160699843,-0.23385900259017944,-0.05032455176115036
4070,17.9375,-1.0226925909519196,-0.023084272071719168,0.007695853151381016,0.0,0.2633985012769699,-0.2373502880334854,-0.25024136900901794,-0.06612112373113632
4080,14.375,-1.18967866897583,-0.029697341471910478,0.007020050287246704,0.0,0.263858962059021,-0.22852738797664643,-0.19189125299453735,-0.07456301897764206
4090,18.9375,-0.9982349276542664,-0.02599216252565384,0.009971752949059009,0.0,0.26556875705718996,-0.21712039709091185,-0.19399020075798035,-0.07305445522069931
4100,18.4375,-0.7314298152923584,-0.029788550175726413,0.006133769731968641,0.0,0.2672453701496124,-0.22075490802526473,-0.22994938492774963,-0.08200478553771973
4110,15.3125,-1.232424020767212,-0.024805174581706523,0.018925696983933447,0.0,0.26722013056278227,-0.23043733686208726,-0.2717072367668152,-0.08201935142278671
4120,13.875,-1.2076534032821655,-0.03367506489157677,0.008637548424303532,0.0,0.2701991140842438,-0.2328488662838936,-0.2403404861688614,-0.06422299891710281
4130,18.5,-0.8008678257465363,-0.025637592747807504,0.0064057187177240845,0.0,0.26615600287914276,-0.20916468501091004,-0.18456381559371948,-0.07474784553050995
4140,12.6875,-1.2084547281265259,-0.03298565112054348,0.010248947329819203,0.0,0.27087004780769347,-0.21456288844347,-0.2352997362613678,-0.07062333822250366
4150,23.6875,-0.8259801864624023,-0.03023061342537403,0.005518094450235367,0.0,0.26982381343841555,-0.21878897696733474,-0.23700673878192902,-0.07089540362358093
4160,13.6875,-1.0050036907196045,-0.028255486860871315,0.007620647363364696,0.0,0.27129405438899995,-0.23870985805988312,-0.21355552971363068,-0.07018954306840897
4170,16.125,-0.9912733435630798,-0.029255825839936734,0.009563727490603923,0.0,0.26899977326393126,-0.2217348873615265,-0.1919851303100586,-0.061946265399456024
4180,19.875,-0.7112612426280975,-0.028654209151864053,0.026883483305573462,0.0,0.2675209492444992,-0.23518290519714355,-0.2032969892024994,-0.06724187731742859
4190,25.875,-0.9235086441040039,-0.026436011493206023,0.006421004422008991,0.0,0.2718112528324127,-0.23270620852708818,-0.23741677403450012,-0.07330121099948883
4200,20.5,-0.8092885315418243,-0.025384161807596683,0.006168005149811506,0.0,0.2731233984231949,-0.23016610443592073,-0.1934126317501068,-0.0810723751783371
4210,14.3125,-0.9823551177978516,-0.02901361361145973,0.011797717586159707,0.0,0.27033298313617704,-0.2153410345315933,-0.19740761816501617,-0.03938481956720352
4220,21.125,-0.9178312420845032,-0.028736100904643534,0.00443126792088151,0.0,0.2727652668952942,-0.24150290191173554,-0.22632649540901184,-0.07232443988323212
4230,11.4375,-1.31056547164917,-0.024060921743512154,0.010309658385813237,0.0,0.2731152415275574,-0.23737230598926545,-0.22370398044586182,-0.09262673556804657
4240,12.8125,-1.1067272424697876,-0.026433392241597176,0.00675704088062048,0.0,0.2749859869480133,-0.2200835183262825,-0.23008567094802856,-0.06350763142108917
4250,19.0625,-0.9884379506111145,-0.028199148178100587,0.01369507573544979,0.0,0.27180256843566897,-0.22535452097654343,-0.19640859961509705,-0.05068766325712204
4260,14.5,-1.2219395637512207,-0.029935302585363387,0.016037772595882415,0.0,0.27033103108406065,-0.24558689594268798,-0.26043230295181274,-0.07387010753154755
4270,14.5,-1.0254612565040588,-0.024077759683132173,0.007570578902959824,0.0,0.27081323266029356,-0.23199123293161392,-0.24864360690116882,-0.07486700266599655
4280,12.25,-1.3114761710166931,-0.02964041940867901,0.009674528241157531,0.0,0.27332277297973634,-0.24267806112766266,-0.23802462220191956,-0.0828544944524765
4290,18.3125,-0.8248910307884216,-0.032792972214519975,0.008260807674378156,0.0,0.2727529078722,-0.23899246454238893,-0.24002161622047424,-0.06664344668388367
4300,26.375,-0.7196798026561737,-0.02846390027552843,0.01003362275660038,0.0,0.2744217425584793,-0.22544546872377397,-0.23095907270908356,-0.05646331235766411
4310,22.6875,-0.7975095808506012,-0.028753190115094186,0.008166348189115524,0.0,0.2747336536645889,-0.23813713937997819,-0.18652459979057312,-0.06509947776794434
4320,19.625,-0.9083918929100037,-0.030135547649115323,0.006688347272574902,0.0,0.2763356029987335,-0.23720672130584716,-0.22118496894836426,-0.06136961281299591
4330,19.0,-1.1330973505973816,-0.030683929473161696,0.0054825407452881334,0.0,0.2750512361526489,-0.2324673518538475,-0.28309395909309387,-0.0650029182434082
4340,21.625,-0.9203478395938873,-0.031892900541424754,0.014574492536485194,0.0,0.2771745651960373,-0.23575514405965806,-0.22071832418441772,-0.08377878367900848
4350,13.5625,-1.0284553170204163,-0.028366994857788087,0.01572388969361782,0.0,0.272751048207283,-0.2510799378156662,-0.2902790904045105,-0.04107167571783066
4360,10.8125,-1.2979207634925842,-0.03687113039195537,0.0068664269521832464,0.0,0.2759129613637924,-0.22867909967899322,-0.22574284672737122,-0.0668407529592514
4370,20.375,-0.8546827733516693,-0.03768214657902717,0.011990192718803883,0.0,0.27706203460693357,-0.23719261437654496,-0.30827683210372925,-0.058742061257362366
4380,20.1875,-0.7129399478435516,-0.02829158753156662,0.010532893799245357,0.0,0.2790149599313736,-0.22562921643257142,-0.2006598562002182,-0.07249316573143005
4390,20.375,-0.8182755708694458,-0.027424334734678268,0.005629359465092421,0.0,0.2788761079311371,-0.23470119535923004,-0.21049903333187103,-0.08370183408260345
4400,14.625,-1.0171871781349182,-0.02339318972080946,0.01740522440522909,0.0,0.27811110615730283,-0.22647862732410431,-0.231810063123703,-0.07670402526855469
4410,19.6875,-0.813912570476532,-0.03312040343880653,0.010082399472594261,0.0,0.27945502400398253,-0.23782604932785034,-0.21932902932167053,-0.06434586644172668
4420,20.25,-0.8131826221942902,-0.03068583123385906,0.006335868686437607,0.0,0.281642410159111,-0.22750962376594544,-0.21825037896633148,-0.06362468749284744
4430,17.9375,-0.9408178925514221,-0.030203189700841904,0.013371509127318859,0.0,0.28386191129684446,-0.23517994284629823,-0.27167317271232605,-0.07588235288858414
4440,21.0625,-0.8939729630947113,-0.02361634373664856,0.020189347490668298,0.0,0.28318113684654234,-0.23676294088363647,-0.17615412175655365,-0.07578538358211517
4450,24.0625,-0.939881443977356,-0.026293501444160938,0.011452081426978112,0.0,0.2799144059419632,-0.23192929327487946,-0.24988338351249695,-0.09385764598846436
4460,21.125,-0.9161663949489594,-0.021340097486972808,0.026559541746973992,0.0,0.27982959151268005,-0.23586203753948212,-0.21792210638523102,-0.0801071971654892
4470,17.6875,-0.6159526705741882,-0.025745962187647818,0.01780087426304817,0.0,0.2794922381639481,-0.22772038877010345,-0.19038426876068115,-0.08257504552602768
4480,18.6875,-0.6773824691772461,-0.02437763325870037,0.03492031693458557,0.0,0.2786966472864151,-0.2244867205619812,-0.21665029227733612,0.014315808191895485
4490,14.5625,-1.1251285076141357,-0.03204095419496298,0.016192400269210337,0.0,0.2834983289241791,-0.2302747756242752,-0.24842597544193268,-0.08390867710113525
4500,16.25,-0.904128223657608,-0.033685332909226415,0.01118285208940506,0.0,0.2790078788995743,-0.2326652228832245,-0.23237937688827515,-0.03928598389029503
4510,20.375,-0.7095757126808167,-0.025139762461185454,0.005625158920884133,0.0,0.28188093304634093,-0.2540164619684219,-0.20079445838928223,-0.06707645207643509
4520,17.5625,-0.9328291714191437,-0.030871880054473878,0.022813361883163453,0.0,0.28363723754882814,-0.24579489678144456,-0.2556774318218231,-0.07377085834741592
4530,15.9375,-1.1055190563201904,-0.029147859662771225,0.010020495019853115,0.0,0.28258962631225587,-0.23856761902570725,-0.22286859154701233,-0.06869034469127655
4540,16.6875,-0.8925715684890747,-0.02942324597388506,0.013074393011629581,0.0,0.2858354389667511,-0.23196160048246384,-0.19222775101661682,-0.056051477789878845
4550,14.6875,-1.1024117469787598,-0.03578231371939182,0.016803077422082424,0.0,0.283541077375412,-0.24630300849676132,-0.2197888344526291,-0.06537364423274994
4560,14.875,-1.098245620727539,-0.0297891260124743,0.013586494326591491,0.0,0.2879747062921524,-0.23214076161384584,-0.1990695595741272,-0.07787120342254639
4570,13.75,-1.2268254160881042,-0.030223027616739274,0.016158004477620124,0.0,0.28812839090824127,-0.2291762724518776,-0.2624049186706543,-0.07987546175718307
4580,21.0,-0.7028663158416748,-0.027422931045293808,0.011693257838487625,0.0,0.2868982762098312,-0.2316155269742012,-0.1889714002609253,-0.06466870754957199
4590,18.375,-1.1161589622497559,-0.024777124729007484,0.017191652953624726,0.0,0.2871857970952988,-0.21954980194568635,-0.2449052929878235,-0.06866566091775894
4600,16.9375,-0.832369476556778,-0.029774235375225545,0.011313267983496189,0.0,0.28792513012886045,-0.22331903874874115,-0.24805927276611328,-0.07383652031421661
4610,14.3125,-1.0877342820167542,-0.031017880886793137,0.02274271138012409,0.0,0.2884838879108429,-0.23465842604637147,-0.22651301324367523,-0.028875457122921944
4620,18.75,-0.8155631422996521,-0.020487416721880435,0.011433888785541057,0.0,0.28904969692230226,-0.2386186495423317,-0.20582112669944763,-0.08330827206373215
4630,18.6875,-0.7289059460163116,-0.02836106400936842,0.012683128379285336,0.0,0.28937589526176455,-0.23710483759641648,-0.22699744999408722,-0.08051248639822006
4640,14.125,-1.2136062979698181,-0.031523197889328,0.024989818036556245,0.0,0.2865762025117874,-0.24926539063453673,-0.25858527421951294,-0.057350922375917435
4650,19.0625,-0.8087748885154724,-0.02733226343989372,0.01827961392700672,0.0,0.2875270456075668,-0.23805237114429473,-0.2066781222820282,-0.06848525255918503
4660,18.125,-0.9247178137302399,-0.027199211344122887,0.014862425066530705,0.0,0.28979580402374266,-0.24199058413505553,-0.24080942571163177,-0.07418297976255417
4670,17.0,-0.9150921702384949,-0.023508211970329283,0.007893973682075738,0.0,0.2864592522382736,-0.2358792766928673,-0.22079235315322876,-0.07494406402111053
4680,21.1875,-0.9287869036197662,-0.029755083844065666,0.01928620897233486,0.0,0.28751935064792633,-0.25490126460790635,-0.2349528968334198,-0.08844515681266785
4690,21.0625,-1.02273827791214,-0.03918059505522251,0.00781800802797079,0.0,0.2874256491661072,-0.23568809479475022,-0.25269967317581177,-0.06649577617645264
4700,14.8125,-1.0305088460445404,-0.029216192290186883,0.014407358318567275,0.0,0.28499162197113037,-0.2404974177479744,-0.2602956295013428,-0.07471059262752533
4710,16.375,-1.210227608680725,-0.03296147957444191,0.0071944424882531164,0.0,0.2872477829456329,-0.25015654414892197,-0.23392125964164734,-0.07396513968706131
4720,18.375,-0.730277806520462,-0.03170047216117382,0.007877120096236468,0.0,0.28689460158348085,-0.2384440302848816,-0.23299090564250946,-0.07521440088748932
4730,12.875,-1.0854597687721252,-0.030285820923745634,0.0079532690346241,0.0,0.2890220433473587,-0.22351530194282532,-0.1806860715150833,-0.07153288275003433
4740,11.5625,-1.2968924641609192,-0.03576974049210548,0.004955755360424518,0.0,0.29011050164699553,-0.24241184294223786,-0.23043251037597656,-0.06325888633728027
4750,14.5,-1.1161166429519653,-0.026935727894306184,0.01733802743256092,0.0,0.2917606681585312,-0.2327223911881447,-0.24347712099552155,-0.07159396260976791
4760,28.4375,-0.42158377170562744,-0.025380777195096016,0.015512679517269135,0.0,0.2916176408529282,-0.23355598300695418,-0.19688910245895386,-0.07085765898227692
4770,13.8125,-1.1208474040031433,-0.032852427661418916,0.02045438624918461,0.0,0.2922998309135437,-0.23338369578123092,-0.2313082218170166,-0.09263646602630615
4780,19.3125,-1.0062237083911896,-0.03221434466540814,0.012707077339291573,0.0,0.2921673446893692,-0.22270060926675797,-0.2116081267595291,-0.07466650009155273
4790,17.0,-1.0311630368232727,-0.03272645995020866,0.015600195527076722,0.0,0.29100621342658994,-0.2394819438457489,-0.26636677980422974,-0.06972244381904602
4800,18.875,-0.8960686326026917,-0.02699942160397768,0.006237420812249183,0.0,0.29018622636795044,-0.22042840272188186,-0.1992994248867035,-0.05837910994887352
4810,19.0,-0.9134437739849091,-0.030236061289906503,0.011421022564172744,0.0,0.29243278205394746,-0.23770096898078918,-0.22848118841648102,-0.06454106420278549
4820,18.375,-0.8345302939414978,-0.03460789993405342,0.013504152745008468,0.0,0.2930186688899994,-0.23789927065372468,-0.25762781500816345,-0.0687163919210434
4830,20.4375,-0.838394820690155,-0.026030164770781995,0.0046006089076399805,0.0,0.29273312985897065,-0.2320460557937622,-0.2618568539619446,-0.07272147387266159
4840,12.5,-1.0132791996002197,-0.03187950868159532,0.014250619150698186,0.0,0.2956459105014801,-0.23851505666971207,-0.2327994853258133,-0.06866754591464996
4850,15.6875,-1.0033417046070099,-0.02976932153105736,0.006558347679674626,0.0,0.2926709562540054,-0.2308553233742714,-0.2147389054298401,-0.06549711525440216
4860,14.5,-1.3152872323989868,-0.034050142392516136,0.01919093169271946,0.0,0.29387776255607606,-0.24345774650573732,-0.2654685974121094,-0.06330907344818115
4870,20.1875,-1.1232863068580627,-0.02800358384847641,0.01389153003692627,0.0,0.2949344515800476,-0.22822032123804092,-0.24661485850811005,-0.08099382370710373
4880,19.5,-0.8857877254486084,-0.033380139246582986,0.018161188811063766,0.0,0.2920138716697693,-0.21635615229606628,-0.18787044286727905,-0.05010627210140228
4890,15.8125,-1.021833062171936,-0.034188433177769186,0.013148673251271248,0.0,0.29522470831871034,-0.2397776335477829,-0.2477891594171524,-0.07027824223041534
4900,25.6875,-0.7169651687145233,-0.03342937473207712,0.011795939318835736,0.0,0.29589219987392423,-0.22944147437810897,-0.2166232466697693,-0.06651642918586731
4910,22.9375,-0.7956107258796692,-0.022947064042091368,0.011909369751811028,0.0,0.29641722738742826,-0.21046951413154602,-0.18150922656059265,-0.06773071736097336
4920,16.25,-1.019815057516098,-0.03300136886537075,0.0071940825320780276,0.0,0.29903334081172944,-0.22139322012662888,-0.23858484625816345,-0.07558833807706833
4930,17.0,-0.8879231214523315,-0.02591683492064476,0.0399277538061142,0.0,0.29590769708156583,-0.21935103982686996,-0.22873835265636444,-0.013368849642574787
4940,11.1875,-1.323310136795044,-0.03414230309426784,0.018964019045233725,0.0,0.2965460270643234,-0.2272793173789978,-0.26608961820602417,-0.07884500920772552
4950,12.9375,-1.1450309753417969,-0.029206445068120958,0.006415776070207357,0.0,0.2974473625421524,-0.23717264086008072,-0.3006635308265686,-0.07064954936504364
4960,16.5625,-0.7304735779762268,-0.02582724541425705,0.02195519916713238,0.0,0.2954529494047165,-0.21986478120088576,-0.2228531688451767,-0.08781085908412933
4970,19.0,-1.0152146518230438,-0.026816373877227306,0.013021272979676724,0.0,0.3014635592699051,-0.21624638587236406,-0.22977545857429504,-0.07516713440418243
4980,12.5,-1.284622848033905,-0.02477154601365328,0.01655054111033678,0.0,0.2998091220855713,-0.21831019520759581,-0.19242462515830994,-0.07530409097671509
4990,16.6875,-0.8179024159908295,-0.03071728181093931,0.005858794320374727,0.0,0.3012798666954041,-0.20948881208896636,-0.21434125304222107,-0.07938520610332489
5000,14.0,-1.2143293619155884,-0.02819331083446741,0.0082102932035923,0.0,0.29834544360637666,-0.2058642789721489,-0.2467079758644104,-0.07318082451820374
5010,23.1875,-0.9998299181461334,-0.032499606162309645,0.00971884299069643,0.0,0.29996569752693175,-0.19336013793945311,-0.20707203447818756,-0.06736983358860016
5020,18.375,-0.88042813539505,-0.027914559841156004,0.011468032188713551,0.0,0.3014240384101868,-0.20523518770933152,-0.18159052729606628,-0.045537106692790985
5030,18.125,-0.8956131637096405,-0.02685322854667902,0.01063295230269432,0.0,0.30074930787086485,-0.21843937933444976,-0.18606147170066833,-0.07095528393983841
5040,14.875,-1.2015413045883179,-0.027412181347608568,0.018878073990345003,0.0,0.30146690607070925,-0.21382954269647597,-0.2246813178062439,-0.07042489945888519
5050,23.25,-1.1232320070266724,-0.028314977884292603,0.005043893679976463,0.0,0.302599760890007,-0.20058754682540894,-0.2556959390640259,-0.06989701837301254
5060,18.75,-0.7991598844528198,-0.03128411360085011,0.011692949756979942,0.0,0.30259950160980226,-0.2081901580095291,-0.19763603806495667,-0.057504601776599884
5070,16.8125,-0.7924117147922516,-0.031135104782879352,0.010944987833499908,0.0,0.30270997285842893,-0.19778403043746948,-0.17376035451889038,-0.06777208298444748
5080,18.9375,-0.7968559563159943,-0.02659374549984932,0.028267093002796173,0.0,0.3012516736984253,-0.20426836609840393,-0.17034968733787537,-0.07959382236003876
5090,20.5,-0.9975555539131165,-0.0330539844930172,0.008167270943522454,0.0,0.30109587013721467,-0.20172585994005204,-0.21023425459861755,-0.05575026199221611
5100,15.25,-1.2937894463539124,-0.03044714964926243,0.009626007825136184,0.0,0.30275982320308686,-0.19720702320337297,-0.1964419186115265,-0.08951711654663086
5110,12.875,-1.0030284523963928,-0.02335062175989151,0.014099394530057907,0.0,0.30001830458641054,-0.21185059547424318,-0.21130090951919556,-0.06646576523780823
5120,20.4375,-0.9955451190471649,-0.03209157548844814,0.009146816842257977,0.0,0.30367710888385774,-0.2063241645693779,-0.19234846532344818,-0.07137728482484818
5130,17.125,-0.8882171213626862,-0.028878535237163307,0.014895026199519634,0.0,0.30457655489444735,-0.21709025353193284,-0.17890487611293793,-0.06299437582492828
5140,13.8125,-1.019883006811142,-0.0315966036170721,0.02140641026198864,0.0,0.30312605798244474,-0.22068671584129335,-0.23095008730888367,-0.08446759730577469
5150,19.3125,-0.9049109518527985,-0.029769269935786723,0.013408010825514793,0.0,0.3040206015110016,-0.20543170869350433,-0.20660795271396637,-0.06825055181980133
5160,21.375,-0.5925137400627136,-0.033005404844880105,0.020030980557203294,0.0,0.30223092436790466,-0.21270452588796615,-0.15672087669372559,-0.06930523365736008
5170,17.375,-1.0051317811012268,-0.02944609597325325,0.01873198002576828,0.0,0.30434140264987947,-0.20490543842315673,-0.19655705988407135,-0.0877605676651001
5180,19.0625,-0.7227694392204285,-0.02871597558259964,0.0164797306060791,0.0,0.30420922935009004,-0.20686209946870804,-0.22538740932941437,-0.06961952149868011
5190,14.3125,-0.9869301915168762,-0.03049738220870495,0.011739544942975045,0.0,0.30533321499824523,-0.21514793932437898,-0.1796906590461731,-0.06800135970115662
5200,10.375,-1.2798250913619995,-0.026702195405960083,0.013768307119607925,0.0,0.30421114563941953,-0.21902005523443221,-0.19596824049949646,-0.06180685758590698
5210,14.4375,-1.2349141240119934,-0.025964090786874294,0.007933447137475014,0.0,0.3046224623918533,-0.21173947155475617,-0.28585097193717957,-0.07564346492290497
5220,17.4375,-1.033392995595932,-0.033155902102589604,0.009327605366706848,0.0,0.3068766862154007,-0.2064069241285324,-0.2621152997016907,-0.07544386386871338
5230,10.6875,-1.3900331854820251,-0.03410610519349575,0.0132330521941185,0.0,0.30378701686859133,-0.2131102815270424,-0.20915932953357697,-0.0783475935459137
5240,15.9375,-1.0180782675743103,-0.025399335846304893,0.01488884799182415,0.0,0.3081085652112961,-0.2161104902625084,-0.22701221704483032,-0.0826682597398758
5250,17.8125,-1.1141462326049805,-0.03169432431459427,0.011920507624745369,0.0,0.3060237944126129,-0.23297568261623383,-0.24949784576892853,-0.06141643226146698
5260,13.9375,-1.211221158504486,-0.034512538462877274,0.014731859974563121,0.0,0.3090798586606979,-0.2127956673502922,-0.2346382588148117,-0.07930269837379456
5270,23.5625,-0.8188965618610382,-0.02416103072464466,0.008855297416448592,0.0,0.30842181742191316,-0.22753988057374955,-0.22446846961975098,-0.07050718367099762
5280,16.3125,-0.9952396154403687,-0.028427431359887123,0.007201945409178734,0.0,0.3073711782693863,-0.2238795816898346,-0.18824821710586548,-0.07682245224714279
5290,18.5625,-1.208857774734497,-0.02606484368443489,0.007156617753207683,0.0,0.3095682501792908,-0.22284398525953292,-0.2357836365699768,-0.0703456848859787
5300,19.0625,-1.027696043252945,-0.03402312677353621,0.014308731816709042,0.0,0.31001234948635104,-0.23371225893497466,-0.26103878021240234,-0.07030858099460602
5310,19.25,-0.6973609924316406,-0.035834388434886934,0.008026265632361173,0.0,0.30767959356307983,-0.19712621867656707,-0.1725347340106964,-0.07227525115013123
5320,16.75,-0.9048088192939758,-0.03293888494372368,0.008352339547127486,0.0,0.312046417593956,-0.22483324110507966,-0.2102992981672287,-0.06635574996471405
5330,19.125,-1.0277342796325684,-0.029349804297089575,0.007740163616836071,0.0,0.3087096929550171,-0.20402280241250992,-0.2522957921028137,-0.07798722386360168
5340,18.1875,-0.9824241995811462,-0.035701099783182144,0.009648296609520912,0.0,0.3107712060213089,-0.1966049075126648,-0.17873573303222656,-0.05690385401248932
5350,18.5625,-1.1859557628631592,-0.028798737097531557,0.007207080908119679,0.0,0.3115846782922745,-0.21113307774066925,-0.1972704827785492,-0.06519661843776703
5360,21.625,-0.8124908804893494,-0.02653866969048977,0.005808981694281101,0.0,0.3122338652610779,-0.2236652374267578,-0.208462193608284,-0.07482331991195679
5370,18.0625,-0.7050066590309143,-0.0306130301207304,0.005990780517458915,0.0,0.313554635643959,-0.19898711442947387,-0.19002047181129456,-0.07019618153572083
5380,20.875,-0.9198332130908966,-0.027932174503803253,0.011662217229604721,0.0,0.3128076195716858,-0.20445283651351928,-0.22479742765426636,-0.08107586205005646
5390,12.0,-1.392886459827423,-0.02843763343989849,0.005204962380230427,0.0,0.3113505899906158,-0.21136974394321442,-0.22772125899791718,-0.06540469080209732
5400,16.6875,-0.8947656154632568,-0.030598842725157737,0.015205793641507625,0.0,0.31477892100811006,-0.20431285053491594,-0.1955413520336151,-0.059413306415081024
5410,22.875,-0.6054394543170929,-0.026475151255726814,0.013039767742156982,0.0,0.3176154524087906,-0.20293730348348618,-0.18775759637355804,-0.06494863331317902
5420,22.25,-0.8673661649227142,-0.032953818514943126,0.028214895352721214,0.0,0.3170186012983322,-0.19486760944128037,-0.17984630167484283,-0.020128285512328148
5430,16.6875,-1.0889312624931335,-0.028047750145196913,0.014835548587143421,0.0,0.3144366919994354,-0.19828618913888932,-0.2193155139684677,-0.04242612421512604
5440,15.0,-1.1828361749649048,-0.02905029449611902,0.01028226874768734,0.0,0.3138647943735123,-0.1867135763168335,-0.1943073272705078,-0.061639878898859024
5450,23.875,-0.7071283161640167,-0.030372565239667894,0.005644587986171246,0.0,0.31648164987564087,-0.18366290479898453,-0.17695051431655884,-0.0878172218799591
5460,21.375,-0.8922384083271027,-0.027507374808192254,0.010306688025593758,0.0,0.31323998272418974,-0.1890558123588562,-0.16297446191310883,-0.08884114772081375
5470,15.25,-0.9817270934581757,-0.03081037700176239,0.013814999908208846,0.0,0.3124075382947922,-0.1991355001926422,-0.1732456386089325,-0.06475457549095154
5480,18.9375,-1.1023358702659607,-0.031715750508010385,0.006612184271216392,0.0,0.31257374584674835,-0.20532925724983214,-0.2031555324792862,-0.08464457094669342
5490,14.8125,-1.0831519961357117,-0.03175501152873039,0.010672732256352901,0.0,0.3117173880338669,-0.18684979081153869,-0.17992529273033142,-0.06907471269369125
5500,19.6875,-0.7063452005386353,-0.029783783480525017,0.016923651099205017,0.0,0.31117873191833495,-0.2004859521985054,-0.17687469720840454,-0.0846392810344696
5510,19.5,-0.8763211965560913,-0.0280766561627388,0.009586496278643608,0.0,0.3117617189884186,-0.21399299055337906,-0.15566959977149963,-0.06358835101127625
5520,22.3125,-0.6992723345756531,-0.029477271437644958,0.009968524426221847,0.0,0.316734653711319,-0.19366340190172196,-0.18724113702774048,-0.06237718090415001
5530,15.875,-0.9629001617431641,-0.02743675485253334,0.007888323161751032,0.0,0.31722192764282225,-0.19582565426826476,-0.15736894309520721,-0.042913369834423065
5540,20.875,-0.8043688535690308,-0.0270595021545887,0.008920811116695404,0.0,0.31806565821170807,-0.18654786050319672,-0.18204395473003387,-0.08389976620674133
5550,17.625,-0.8903807401657104,-0.029580366611480714,0.007876649592071771,0.0,0.3174278259277344,-0.1965237259864807,-0.18306311964988708,-0.0634399875998497
5560,21.375,-1.103773832321167,-0.028363808616995813,0.007875487953424454,0.0,0.32266880869865416,-0.19094360619783401,-0.22245630621910095,-0.06678344309329987
5570,19.8125,-1.086290717124939,-0.022841881774365903,0.013961870595812798,0.0,0.31837193071842196,-0.19246664345264436,-0.18436089158058167,-0.07208515703678131
5580,22.625,-0.9173094928264618,-0.030455071479082108,0.008631011471152306,0.0,0.32020563185214995,-0.2024148292839527,-0.22647199034690857,-0.07372277975082397
5590,15.9375,-0.996362179517746,-0.025991559401154517,0.012354123778641224,0.0,0.3226437747478485,-0.1727156400680542,-0.1843888908624649,-0.08372799307107925
5600,17.25,-0.7973411977291107,-0.03225370682775974,0.010553269833326339,0.0,0.3157844603061676,-0.19408767074346542,-0.193119615316391,-0.058613479137420654
5610,28.0,-0.6142601072788239,-0.030024242401123048,0.004512711148709059,0.0,0.32003373801708224,-0.1865248829126358,-0.21232515573501587,-0.057994645088911057
5620,14.9375,-1.0946705341339111,-0.027003275975584985,0.010986291989684104,0.0,0.31810655891895295,-0.19542644172906876,-0.199946328997612,-0.07139740884304047
5630,15.5625,-0.9996462464332581,-0.02275039292871952,0.006011311803013087,0.0,0.3211056888103485,-0.19168958216905593,-0.20337152481079102,-0.07075244188308716
5640,17.125,-1.1763535737991333,-0.03382182493805885,0.010664434358477592,0.0,0.32221036553382876,-0.20014502704143525,-0.18390946090221405,-0.057159654796123505
5650,18.75,-0.9735927581787109,-0.032218097150325774,0.026375406607985496,0.0,0.3247151285409927,-0.2062809094786644,-0.2129535675048828,-0.00955276656895876
5660,17.25,-0.9901147484779358,-0.027772016078233718,0.016703739203512667,0.0,0.3180588632822037,-0.1987860769033432,-0.1778152883052826,-0.0757899135351181
5670,17.6875,-1.204662799835205,-0.026541979238390922,0.015138332732021809,0.0,0.32004733979701994,-0.2047943264245987,-0.2285194993019104,-0.07192040979862213
5680,12.875,-1.291296899318695,-0.03169422559440136,0.010900177992880344,0.0,0.3208446979522705,-0.20671601295471193,-0.19840089976787567,-0.08355462551116943
5690,14.5,-0.8959276974201202,-0.03141002841293812,0.013148335739970207,0.0,0.31929178833961486,-0.19018412977457047,-0.18850500881671906,-0.06767725944519043
5700,20.0,-0.8125715553760529,-0.03242372311651707,0.005033892951905728,0.0,0.32003785371780397,-0.20572784990072251,-0.21497470140457153,-0.06700599938631058
5710,19.625,-0.6946243643760681,-0.03327234648168087,0.006936809793114662,0.0,0.3163269579410553,-0.1886167898774147,-0.1680280864238739,-0.06848900765180588
5720,10.6875,-1.2730990648269653,-0.02191716143861413,0.013811561837792396,0.0,0.31826773285865784,-0.18942747563123702,-0.17027097940444946,-0.07338961213827133
5730,17.0625,-1.089853584766388,-0.02940637543797493,0.004411198385059834,0.0,0.3170120507478714,-0.18353102207183838,-0.19836542010307312,-0.06455997377634048
5740,20.3125,-0.7754535675048828,-0.03353813532739878,0.006809997092932463,0.0,0.3181556761264801,-0.18970419764518737,-0.14128395915031433,-0.06630461663007736
5750,15.8125,-1.0016692280769348,-0.03662388920783997,0.010553925856947899,0.0,0.317393371462822,-0.19479168355464935,-0.200466588139534,-0.07698842883110046
5760,19.6875,-0.6855317950248718,-0.03040894865989685,0.008845244441181422,0.0,0.31942906975746155,-0.1907272830605507,-0.15989476442337036,-0.05949530750513077
5770,17.75,-1.0753631591796875,-0.035501870512962344,0.010363145731389523,0.0,0.32022578418254855,-0.19396382123231887,-0.16206255555152893,-0.07024738192558289
5780,19.5,-0.874724268913269,-0.03174699507653713,0.015561558865010738,0.0,0.3183984845876694,-0.18639179915189744,-0.15182742476463318,-0.0637422502040863
5790,23.5,-0.9024811387062073,-0.029055674746632575,0.006013696920126677,0.0,0.31957221031188965,-0.18357161581516265,-0.20377042889595032,-0.06782807409763336
5800,17.25,-1.1323013305664062,-0.028703897073864938,0.007386855222284794,0.0,0.3211846619844437,-0.19724609106779098,-0.2692836821079254,-0.07740538567304611
5810,14.875,-0.8829059302806854,-0.03347372896969318,0.010718957334756852,0.0,0.31907133758068085,-0.19090687930583955,-0.15620437264442444,-0.07462888956069946
5820,19.5625,-0.8028400838375092,-0.025858608633279802,0.023545534908771516,0.0,0.3205225855112076,-0.19845433682203292,-0.20912519097328186,-0.054047852754592896
5830,16.25,-0.8676715791225433,-0.025756945088505744,0.016617751866579055,0.0,0.32088882625103,-0.1983021542429924,-0.15731394290924072,-0.04287927225232124
5840,17.8125,-0.7934568822383881,-0.03139403834939003,0.016080549731850625,0.0,0.32303567230701447,-0.1760483741760254,-0.17430436611175537,-0.07003018260002136
5850,17.5625,-0.988996684551239,-0.03182409107685089,0.014934948086738587,0.0,0.3219973087310791,-0.1990610808134079,-0.18448153138160706,-0.06770125031471252
5860,16.9375,-0.8038574457168579,-0.03458886295557022,0.011633602902293205,0.0,0.3211448729038239,-0.18664929121732712,-0.1939171999692917,-0.07242995500564575
5870,26.875,-0.7691182494163513,-0.03691106960177422,0.008161079604178667,0.0,0.32085639238357544,-0.18281639069318772,-0.1303139626979828,-0.06415867805480957
5880,12.8125,-1.376632034778595,-0.031955627351999284,0.015630125999450684,0.0,0.32209320068359376,-0.20211082100868225,-0.19313080608844757,-0.06633772701025009
5890,21.0,-0.7169758081436157,-0.03544107787311077,0.008106939308345319,0.0,0.32344321012496946,-0.19767551273107528,-0.21518248319625854,-0.06791066378355026
5900,18.625,-0.8956227004528046,-0.029733111336827277,0.007259541563689709,0.0,0.3225924432277679,-0.18750468045473098,-0.1810571402311325,-0.07669021189212799
5910,17.0,-0.7899680733680725,-0.031905265897512435,0.006953028030693531,0.0,0.32532350420951844,-0.1845478281378746,-0.170096755027771,-0.06847913563251495
5920,25.875,-0.49303533136844635,-0.022379302978515626,0.015681061893701553,0.0,0.32484712898731233,-0.17793289572000504,-0.17133180797100067,-0.04758303984999657
5930,22.75,-0.7874870300292969,-0.027085798606276513,0.011301458813250065,0.0,0.32523842453956603,-0.1736246719956398,-0.1665063202381134,-0.06704100221395493
5940,21.125,-0.88427734375,-0.02493909318000078,0.006295651756227016,0.0,0.3263817071914673,-0.1979428693652153,-0.183320552110672,-0.04752848297357559
5950,22.75,-0.5986989438533783,-0.02972528599202633,0.005998407397419215,0.0,0.32779695093631744,-0.17947584688663482,-0.15276332199573517,-0.08664407581090927
5960,21.9375,-0.7851859033107758,-0.02928742989897728,0.01364352498203516,0.0,0.3270560622215271,-0.17165349125862123,-0.15044671297073364,-0.07609286159276962
5970,15.125,-1.2778005003929138,-0.035636062175035475,0.011795608513057231,0.0,0.32969782054424285,-0.17161550223827363,-0.18837955594062805,-0.06637623906135559
5980,18.75,-0.6848504543304443,-0.02901958003640175,0.009554675593972207,0.0,0.3275515675544739,-0.17628472596406936,-0.15379005670547485,-0.06507769227027893
5990,20.125,-0.8005235493183136,-0.03168857470154762,0.00725793531164527,0.0,0.33055066764354707,-0.17480619251728058,-0.21546755731105804,-0.04275009408593178
6000,31.25,-0.39961838722229004,-0.029384125396609305,0.00548185957595706,0.0,0.3308344304561615,-0.16071790605783462,-0.1317746639251709,-0.09252220392227173
6010,19.375,-0.8494516909122467,-0.02774529755115509,0.015445061773061753,0.0,0.332210910320282,-0.18410892337560653,-0.132868230342865,-0.03126135468482971
6020,23.375,-0.5197385847568512,-0.033150488464161756,0.010637175850570202,0.0,0.330033615231514,-0.19150865972042083,-0.19403305649757385,-0.07824299484491348
6030,21.375,-0.6985739767551422,-0.033030908182263376,0.009845017828047276,0.0,0.33285214602947233,-0.1761500597000122,-0.1774631142616272,-0.06937897205352783
6040,26.625,-0.6202628016471863,-0.03134191408753395,0.01218901462852955,0.0,0.3331726104021072,-0.1847142532467842,-0.212232306599617,-0.07041861116886139
6050,20.3125,-0.9119998216629028,-0.029623543843626976,0.011908475682139397,0.0,0.33237273097038267,-0.1816739559173584,-0.21147963404655457,-0.07834310829639435
6060,18.8125,-0.8862148225307465,-0.03541409783065319,0.006022016704082489,0.0,0.3292522430419922,-0.17379108369350432,-0.16230154037475586,-0.07293963432312012
6070,13.9375,-1.0733094215393066,-0.03564721550792456,0.009106598794460297,0.0,0.3325802981853485,-0.16986772119998933,-0.16635291278362274,-0.06212736666202545
6080,26.8125,-0.5868030786514282,-0.03225727863609791,0.008911626413464546,0.0,0.3321110844612122,-0.16493110209703446,-0.1516910195350647,-0.062094785273075104
6090,16.6875,-1.1724324822425842,-0.03196216840296984,0.019192392379045485,0.0,0.32976921200752257,-0.17336113899946212,-0.19830834865570068,-0.03700247034430504
6100,18.1875,-1.2901394963264465,-0.027066171169281006,0.00999955777078867,0.0,0.3318721204996109,-0.18703506737947465,-0.21425861120224,-0.06517139077186584
6110,14.25,-1.2703298926353455,-0.0323759064078331,0.01099876817315817,0.0,0.33107261061668397,-0.19085222333669663,-0.1733199656009674,-0.06576380878686905
6120,18.5,-1.0672855377197266,-0.03230642676353455,0.01633133925497532,0.0,0.33470374047756196,-0.1645047426223755,-0.1376240849494934,-0.08062507212162018
6130,18.6875,-0.7817334532737732,-0.03456350807100535,0.009285281598567962,0.0,0.3350452482700348,-0.1758584901690483,-0.14495089650154114,-0.07603529095649719
6140,26.75,-0.8913522660732269,-0.030034222453832627,0.010870500840246678,0.0,0.33202044665813446,-0.16478129029273986,-0.16618946194648743,-0.08215487003326416
6150,28.1875,-0.7135235965251923,-0.02898926381021738,0.016647925972938536,0.0,0.3363389581441879,-0.17842360138893126,-0.20798617601394653,-0.06917411088943481
6160,14.25,-1.3977439999580383,-0.03314978778362274,0.00613730438053608,0.0,0.33378531634807584,-0.20247290879487992,-0.23251324892044067,-0.07022539526224136
6170,17.0,-0.9022892713546753,-0.03350875750184059,0.009705979190766812,0.0,0.3343197196722031,-0.18667851388454437,-0.19973884522914886,-0.07083708047866821
6180,21.0,-0.8005779385566711,-0.02950967103242874,0.01029667966067791,0.0,0.3334315210580826,-0.18708188086748123,-0.18478211760520935,-0.07350306957960129
6190,22.375,-0.687264084815979,-0.0298293624073267,0.006511403527110815,0.0,0.3346430122852325,-0.17497969269752503,-0.15832293033599854,-0.06638799607753754
6200,18.25,-0.8626751601696014,-0.027421160042285918,0.028660523146390914,0.0,0.3325501710176468,-0.17827687561511993,-0.16067078709602356,-0.03151174262166023
6210,20.625,-0.7968479990959167,-0.034512470662593844,0.012890855967998504,0.0,0.3369979500770569,-0.17387151718139648,-0.17420357465744019,-0.07712097465991974
6220,17.625,-1.1076791882514954,-0.032016903162002563,0.008678747154772282,0.0,0.33530366122722627,-0.1976306065917015,-0.2140810489654541,-0.08322417736053467
6230,18.5625,-0.9857757091522217,-0.03447435963898897,0.007737437821924686,0.0,0.33082925379276273,-0.16774240881204605,-0.17434605956077576,-0.07130938768386841
6240,15.0625,-1.005251944065094,-0.02968198321759701,0.009899088740348816,0.0,0.33094693124294283,-0.19452652484178543,-0.2027108371257782,-0.08058130741119385
6250,12.5625,-1.4752638339996338,-0.030235861241817475,0.010779814049601554,0.0,0.3355520486831665,-0.18119336664676666,-0.18186774849891663,-0.08529902994632721
6260,22.8125,-1.0885474681854248,-0.030523358285427092,0.009367824532091618,0.0,0.3350750505924225,-0.17310125902295112,-0.17754310369491577,-0.08174573630094528
6270,20.0,-1.1887682676315308,-0.02666330710053444,0.008188830595463515,0.0,0.33333202004432677,-0.17720319777727128,-0.1864616721868515,-0.08162656426429749
6280,18.6875,-1.1035160422325134,-0.03769836314022541,0.009352418221533298,0.0,0.3356060802936554,-0.17494604364037514,-0.22350740432739258,-0.06484568119049072
6290,17.9375,-0.7954579591751099,-0.03438256606459618,0.008303378894925117,0.0,0.33928254842758176,-0.18117862194776535,-0.182012140750885,-0.06675954163074493
6300,18.5625,-1.0095146298408508,-0.028403326123952865,0.013178451173007488,0.0,0.33876447975635526,-0.18190141543745994,-0.21125158667564392,-0.08185290545225143
6310,23.5,-0.9089563488960266,-0.03359992280602455,0.006157660204917192,0.0,0.3334299087524414,-0.17123541980981827,-0.20839868485927582,-0.07615525275468826
6320,18.375,-0.9050611257553101,-0.029558161459863185,0.01726695280522108,0.0,0.3386101871728897,-0.18399561643600465,-0.22212445735931396,-0.05440906807780266
6330,18.1875,-0.8844922482967377,-0.028828526474535467,0.021261906996369363,0.0,0.3417428404092789,-0.18735704123973845,-0.16253389418125153,-0.07238666713237762
6340,19.4375,-0.7059993743896484,-0.02724192962050438,0.010871890187263488,0.0,0.33786730766296386,-0.1847035750746727,-0.17904190719127655,-0.08283102512359619
6350,19.125,-0.7714179456233978,-0.030504610016942026,0.014274434745311737,0.0,0.3383930802345276,-0.18509415835142135,-0.1311427652835846,-0.06999476253986359
6360,15.6875,-0.9343694448471069,-0.033206498622894286,0.006401388999074697,0.0,0.33667442500591277,-0.2031092718243599,-0.24188031256198883,-0.09237539768218994
6370,14.8125,-0.8066867887973785,-0.03313986621797085,0.012486828677356242,0.0,0.33789152801036837,-0.19143256545066833,-0.20195797085762024,-0.07004591822624207
6380,16.9375,-1.0625396370887756,-0.02915432322770357,0.016300565004348753,0.0,0.34063436686992643,-0.17653322964906693,-0.16193069517612457,-0.0394950807094574
6390,20.1875,-0.801676869392395,-0.033265480678528546,0.017743783257901668,0.0,0.34117686450481416,-0.17783880680799485,-0.17916376888751984,-0.08110012859106064
6400,26.125,-0.9121243357658386,-0.026048972457647323,0.015234783478081226,0.0,0.3438043504953384,-0.1898912861943245,-0.21955275535583496,-0.0695151835680008
6410,23.25,-0.9027853608131409,-0.03384684771299362,0.008797060139477253,0.0,0.3478278636932373,-0.18600849211215972,-0.20645146071910858,-0.06473878026008606
6420,21.0625,-0.7668147087097168,-0.030737502872943877,0.00893242508172989,0.0,0.345915699005127,-0.17445347160100938,-0.12961667776107788,-0.06116354838013649
6430,22.375,-0.6973990201950073,-0.029734964668750762,0.01080889143049717,0.0,0.3453019976615906,-0.19753352999687196,-0.17269156873226166,-0.0711052417755127
6440,20.5,-0.7892486155033112,-0.025877568125724792,0.011033469811081886,0.0,0.3449124813079834,-0.17769046127796173,-0.16199950873851776,-0.07327795028686523
6450,15.0,-1.0844398736953735,-0.029965747147798538,0.012138675153255462,0.0,0.341575825214386,-0.19063782691955566,-0.17839407920837402,-0.07165469229221344
6460,22.625,-0.5885671079158783,-0.030839629098773004,0.022979400306940078,0.0,0.3467175751924515,-0.18098635226488113,-0.1585499495267868,-0.0589727982878685
6470,15.25,-0.8936994671821594,-0.030290436185896396,0.009589140675961972,0.0,0.3446389973163605,-0.17837770208716391,-0.185418039560318,-0.0684291422367096
6480,16.25,-0.942752480506897,-0.028367967531085014,0.017690401896834372,0.0,0.34321926832199096,-0.19597703069448472,-0.27168911695480347,-0.07974907755851746
6490,21.4375,-0.9103749692440033,-0.03256270885467529,0.009462002292275428,0.0,0.34090158343315125,-0.18416457623243332,-0.21636247634887695,-0.06971865147352219
6500,25.5625,-0.815667986869812,-0.030857842415571213,0.00983932837843895,0.0,0.3470317661762238,-0.19589393138885497,-0.2086326777935028,-0.0792706310749054
6510,17.0,-1.1785660982131958,-0.029853116348385812,0.006875893101096153,0.0,0.3410363972187042,-0.19691565185785292,-0.17575553059577942,-0.07027042657136917
6520,24.375,-0.7056127786636353,-0.02713825344108045,0.017159522324800492,0.0,0.3448627233505249,-0.18825450539588928,-0.17996186017990112,-0.08098907768726349
6530,17.8125,-1.075700283050537,-0.028256238996982576,0.013454249314963817,0.0,0.3469018429517746,-0.18451246470212937,-0.15532758831977844,-0.0741402730345726
6540,16.5625,-0.8107166886329651,-0.03565242290496826,0.02489612065255642,0.0,0.3426391303539276,-0.1873796984553337,-0.20360054075717926,-0.07467252016067505
6550,13.5,-0.8887970745563507,-0.03353057075291872,0.01657772548496723,0.0,0.3434594810009003,-0.1992046371102333,-0.16879300773143768,-0.07568475604057312
6560,17.6875,-1.07595956325531,-0.02988035771995783,0.013011136651039123,0.0,0.34630133509635924,-0.17898144274950029,-0.1746494323015213,-0.060068316757678986
6570,19.875,-0.8046598434448242,-0.03485804088413715,0.007069462165236473,0.0,0.34702355563640597,-0.19701797068119048,-0.19882790744304657,-0.0685959905385971
6580,19.125,-0.6820213198661804,-0.03180436547845602,0.02477015256881714,0.0,0.34793145656585694,-0.19590282589197158,-0.14876818656921387,-0.06121879816055298
6590,16.4375,-1.0071385204792023,-0.03405741266906261,0.016546189971268176,0.0,0.3469117820262909,-0.2035224512219429,-0.2145058959722519,-0.07238113880157471
6600,19.3125,-0.5858778357505798,-0.030136577785015106,0.0066121496260166165,0.0,0.34595985114574435,-0.1865129366517067,-0.1597665548324585,-0.05373862385749817
6610,22.1875,-0.5947059094905853,-0.030494245514273644,0.011962266266345977,0.0,0.3492060273885727,-0.19167009964585305,-0.15703856945037842,-0.0736384391784668
6620,18.125,-1.0780302286148071,-0.03154835924506187,0.022950832918286323,0.0,0.34907470643520355,-0.19287650287151337,-0.18876025080680847,-0.04971335083246231
6630,17.875,-1.0978573560714722,-0.03849674835801124,0.0096419308334589,0.0,0.34722700119018557,-0.20019862800836563,-0.20563822984695435,-0.06856255233287811
6640,27.3125,-0.5858813226222992,-0.02852933146059513,0.0066924686543643475,0.0,0.3479869693517685,-0.18005165904760362,-0.143238827586174,-0.06903722137212753
6650,21.75,-0.7726203203201294,-0.03355562128126621,0.015834836661815642,0.0,0.3494837492704391,-0.1654180869460106,-0.1292342245578766,-0.073213130235672
6660,11.3125,-1.1787172555923462,-0.037018329929560424,0.00727198114618659,0.0,0.34824198186397554,-0.18535344749689103,-0.17806847393512726,-0.0679721087217331
6670,18.5625,-0.9155690371990204,-0.031227963417768477,0.008605561405420303,0.0,0.35147033631801605,-0.1774114727973938,-0.2416260540485382,-0.055774539709091187
6680,19.75,-0.7136401534080505,-0.03498625904321671,0.017166078463196753,0.0,0.3541866451501846,-0.17352382838726044,-0.20544031262397766,-0.07184195518493652
6690,24.5,-0.6871410608291626,-0.0340172253549099,0.013533793576061725,0.0,0.3512630224227905,-0.19994562715291977,-0.14012137055397034,-0.08317707479000092
6700,23.0,-0.5942961573600769,-0.033381194621324536,0.011847829073667526,0.0,0.3519617795944214,-0.1881011202931404,-0.14575983583927155,-0.08335690945386887
6710,18.0,-0.894167572259903,-0.03768037930130959,0.01426049005240202,0.0,0.3512192785739899,-0.1836834207177162,-0.18436625599861145,-0.07152817398309708
6720,18.5,-0.7345864474773407,-0.030879128724336624,0.008544690534472465,0.0,0.35305372774600985,-0.19187715649604797,-0.25078731775283813,-0.06926293671131134
6730,18.6875,-0.996021568775177,-0.03633409962058067,0.011177056096494197,0.0,0.3540687024593353,-0.18325954750180246,-0.21103306114673615,-0.0545324832201004
6740,13.5625,-1.1964202523231506,-0.03319061808288097,0.018127641081809996,0.0,0.3543581247329712,-0.18242489397525788,-0.2061750739812851,-0.07760550081729889
6750,21.5625,-0.8085102438926697,-0.03363069817423821,0.011294439807534218,0.0,0.35590091347694397,-0.19326326251029968,-0.20799972116947174,-0.06611988693475723
6760,22.375,-0.5963781476020813,-0.02957959398627281,0.009688932821154595,0.0,0.35579349398612975,-0.18830120712518691,-0.17022795975208282,-0.06261894851922989
6770,18.5625,-1.1877481937408447,-0.02932218573987484,0.010442581214010715,0.0,0.35519816875457766,-0.16513011008501052,-0.19871746003627777,-0.06694523990154266
6780,22.5625,-0.8780472874641418,-0.028200198151171207,0.011318877711892128,0.0,0.3584506005048752,-0.16247695311903954,-0.15086719393730164,-0.07045744359493256
6790,24.0625,-0.6222977936267853,-0.031065554544329643,0.014340792782604694,0.0,0.3572520911693573,-0.16959118694067002,-0.19689597189426422,-0.08885960280895233
6800,21.125,-0.6766625046730042,-0.03232857808470726,0.009881145507097244,0.0,0.35438843071460724,-0.16718941628932954,-0.13460198044776917,-0.068250872194767
6810,26.8125,-0.2957572340965271,-0.0338824488222599,0.015287252143025398,0.0,0.35585799515247346,-0.1886529356241226,-0.14158353209495544,-0.06663697957992554
6820,21.8125,-0.6757931709289551,-0.035603078454732894,0.01208998467773199,0.0,0.358447927236557,-0.16445363461971282,-0.12602093815803528,-0.07408159971237183
6830,29.875,-0.6706534922122955,-0.031606755778193475,0.013915057480335235,0.0,0.35242101550102234,-0.16621867567300797,-0.12010747194290161,-0.06848733127117157
6840,22.125,-0.8798117935657501,-0.030953733064234257,0.009527979046106338,0.0,0.35923545658588407,-0.16826681643724442,-0.15203768014907837,-0.07280570268630981
6850,18.1875,-0.8917604982852936,-0.031160975992679595,0.00712696248665452,0.0,0.3552603781223297,-0.17239387929439545,-0.17250213027000427,-0.07469575107097626
6860,17.5,-1.275543987751007,-0.03091924786567688,0.012304428033530712,0.0,0.3582356542348862,-0.16437611803412439,-0.1859557032585144,-0.06413225829601288
6870,22.9375,-0.39417240023612976,-0.031725443340837954,0.012165869399905205,0.0,0.36027164161205294,-0.16526395231485366,-0.14299875497817993,-0.07027022540569305
6880,19.5625,-0.771710991859436,-0.03019634075462818,0.013431339897215367,0.0,0.35686596035957335,-0.1735061973333359,-0.1372615396976471,-0.06329111754894257
6890,16.6875,-1.2067979574203491,-0.034997309744358066,0.010269280709326267,0.0,0.3592981189489365,-0.17460590302944184,-0.242273211479187,-0.06030650436878204
6900,16.5,-0.9911265075206757,-0.037850765883922576,0.017284590750932693,0.0,0.3619543105363846,-0.18315656781196593,-0.19225722551345825,-0.06468794494867325
6910,13.625,-1.0804336667060852,-0.028678985219448803,0.019137925282120705,0.0,0.35990181267261506,-0.18549221158027648,-0.2364169955253601,-0.0027439487166702747
6920,26.5625,-0.5843834578990936,-0.02470945715904236,0.015267173759639263,0.0,0.36119745671749115,-0.17496455907821656,-0.13884229958057404,-0.07101136445999146
6930,22.875,-0.8990961909294128,-0.03169795610010624,0.008472917228937149,0.0,0.35939345955848695,-0.16882098764181136,-0.19161507487297058,-0.07219381630420685
6940,33.875,-0.7003563046455383,-0.026830803044140338,0.011224226839840413,0.0,0.35895836353302,-0.1615757718682289,-0.17339301109313965,-0.07466033846139908
6950,14.9375,-0.8756998181343079,-0.03340437989681959,0.01560609471052885,0.0,0.35656545758247377,-0.16016840636730195,-0.13965243101119995,-0.07622593641281128
6960,21.875,-0.6868801712989807,-0.027375830709934233,0.009192943572998047,0.0,0.35874863266944884,-0.1674090877175331,-0.14516520500183105,-0.07732008397579193
6970,19.375,-0.8696992695331573,-0.03091712072491646,0.008216277044266463,0.0,0.35579942762851713,-0.1873430609703064,-0.1431712657213211,-0.06156626343727112
6980,29.1875,-0.775194376707077,-0.028908096626400946,0.009107446298003197,0.0,0.35819515883922576,-0.1688629351556301,-0.1461419016122818,-0.060421280562877655
6990,21.875,-0.8097197413444519,-0.03387793488800526,0.011603772081434727,0.0,0.3595454066991806,-0.18938122242689132,-0.20346960425376892,-0.07259073853492737
7000,21.5625,-0.8203611373901367,-0.031213165447115897,0.011192578822374344,0.0,0.359496945142746,-0.16984599679708481,-0.22874727845191956,-0.07025987654924393
7010,27.0625,-0.8047570586204529,-0.02992810569703579,0.009700456634163857,0.0,0.3584702670574188,-0.17913205176591873,-0.20532602071762085,-0.060605116188526154
7020,25.9375,-0.5790248215198517,-0.033663802221417426,0.015496378391981125,0.0,0.3547324687242508,-0.17572988867759703,-0.14849397540092468,-0.045604925602674484
7030,22.6875,-0.8023836612701416,-0.03240822795778513,0.009212266840040683,0.0,0.3576500445604324,-0.18193421214818956,-0.19717460870742798,-0.06572319567203522
7040,23.5625,-0.5830042958259583,-0.030057256668806077,0.02100961096584797,0.0,0.36097767055034635,-0.189803534001112,-0.1364171802997589,-0.07084517180919647
7050,26.8125,-0.7675639986991882,-0.02893054410815239,0.006310657970607281,0.0,0.36202352344989774,-0.16150595247745514,-0.1484280526638031,-0.04374920576810837
7060,18.1875,-0.8710212707519531,-0.028263880312442778,0.013509784452617168,0.0,0.3612979233264923,-0.1661558724939823,-0.15484660863876343,-0.051900140941143036
7070,22.6875,-0.8901968896389008,-0.02923657838255167,0.010598470829427243,0.0,0.3634688198566437,-0.16221318393945694,-0.17580482363700867,-0.06856474280357361
7080,24.75,-0.8792653381824493,-0.029888920858502387,0.010149049945175648,0.0,0.3621229618787766,-0.1725807160139084,-0.15563946962356567,-0.06735612452030182
7090,16.4375,-0.9955600798130035,-0.03577811755239964,0.009723532386124134,0.0,0.36752079129219056,-0.16625018268823624,-0.17978858947753906,-0.08502618968486786
7100,26.0,-1.097462773323059,-0.031603962555527686,0.026125895604491235,0.0,0.3668223977088928,-0.16951104551553725,-0.20655807852745056,-0.06913261860609055
7110,17.5,-1.1604059338569641,-0.037080257385969165,0.01661265194416046,0.0,0.3647840738296509,-0.17442417293787002,-0.1514887511730194,-0.0590035617351532
7120,23.125,-0.8800326585769653,-0.03364349715411663,0.011488014645874501,0.0,0.3675613820552826,-0.16423490643501282,-0.14532709121704102,-0.07940711081027985
7130,25.0,-0.6096101403236389,-0.03643158972263336,0.01663082782179117,0.0,0.3665603220462799,-0.1730371668934822,-0.19975796341896057,-0.059358078986406326
7140,24.8125,-0.7122742235660553,-0.025704541802406312,0.028416694700717927,0.0,0.3619750618934631,-0.17200608924031258,-0.1957886666059494,-0.07746830582618713
7150,13.375,-1.2286656498908997,-0.03193837758153677,0.008610127121210098,0.0,0.3630614340305328,-0.16503917574882507,-0.2675071358680725,-0.07950450479984283
7160,19.8125,-0.7888803780078888,-0.03427034988999367,0.01674148179590702,0.0,0.36347404420375823,-0.1665891408920288,-0.1568651795387268,-0.07726649940013885
7170,12.9375,-1.1239650249481201,-0.03424952663481236,0.014088991470634938,0.0,0.36303977072238924,-0.17926100119948388,-0.2589881420135498,-0.07316381484270096
7180,22.625,-0.7858724892139435,-0.030260531418025493,0.026103365048766137,0.0,0.36484020948410034,-0.18523482084274293,-0.20564886927604675,-0.020624754950404167
7190,30.3125,-0.8121693730354309,-0.03200717866420746,0.008628565445542335,0.0,0.36784749329090116,-0.1619008421897888,-0.19302135705947876,-0.08859531581401825
7200,17.0625,-0.9938532412052155,-0.03107795026153326,0.008617671206593513,0.0,0.362101799249649,-0.16603268980979918,-0.18978333473205566,-0.0735042467713356
7210,19.125,-0.6566310226917267,-0.033793268539011476,0.011474702134728431,0.0,0.3674143821001053,-0.1522919461131096,-0.11168327182531357,-0.05187563970685005
7220,15.6875,-0.8649969398975372,-0.03204373903572559,0.015364201366901397,0.0,0.36249029338359834,-0.15547474697232247,-0.12289813905954361,-0.07167821377515793
7230,23.0,-0.785988986492157,-0.036809341609478,0.021845613047480582,0.0,0.36913337409496305,-0.14743767231702803,-0.15841370820999146,-0.06933211535215378
7240,21.5625,-0.664699524641037,-0.03273591473698616,0.010230065323412418,0.0,0.3659391075372696,-0.15682546347379683,-0.11652137339115143,-0.06214110925793648
7250,22.25,-0.777237206697464,-0.03173382766544819,0.00952272117137909,0.0,0.3650912642478943,-0.14871341586112977,-0.13989444077014923,-0.07201246917247772
7260,16.375,-1.075730562210083,-0.02722632884979248,0.013708238117396831,0.0,0.36878002882003785,-0.16631287187337876,-0.15061408281326294,-0.08153362572193146
7270,25.75,-0.7650588750839233,-0.02843856979161501,0.012944171391427516,0.0,0.3676370918750763,-0.14241923466324807,-0.11484184861183167,-0.07241306453943253
7280,23.375,-0.9793947339057922,-0.02823967169970274,0.007413172721862793,0.0,0.3674889445304871,-0.15306114554405212,-0.16744616627693176,-0.06721200793981552
7290,35.0,-0.4886561334133148,-0.03180208578705788,0.013158671371638776,0.0,0.37094216644763944,-0.14195069447159767,-0.15248292684555054,-0.05609528720378876
7300,19.75,-0.8905957937240601,-0.0305965444073081,0.007491403631865979,0.0,0.3693080246448517,-0.17807774990797043,-0.18037910759449005,-0.06797419488430023
7310,29.25,-0.5892102122306824,-0.032943091541528705,0.012035900354385376,0.0,0.3705276995897293,-0.16468920260667802,-0.14602327346801758,-0.07392218708992004
7320,23.0,-0.585893303155899,-0.02975215520709753,0.019455085694789886,0.0,0.37020847797393797,-0.15969690084457397,-0.14801302552223206,-0.06437545269727707
7330,16.0625,-0.9857878088951111,-0.030511261895298958,0.010460720397531986,0.0,0.36972707509994507,-0.1633136287331581,-0.167074054479599,-0.07887482643127441
7340,20.0,-1.06720370054245,-0.03525786008685827,0.008202799875289202,0.0,0.36886427700519564,-0.1655137747526169,-0.1531076431274414,-0.0626077800989151
7350,23.6875,-0.5859504342079163,-0.029161371290683746,0.012256108410656451,0.0,0.3706963092088699,-0.1538339577615261,-0.13375280797481537,-0.07803354412317276
7360,18.8125,-1.157410979270935,-0.030195475183427335,0.018039502575993537,0.0,0.36687720119953154,-0.1602349892258644,-0.14315122365951538,-0.061528950929641724
7370,15.3125,-1.079578459262848,-0.03184037040919065,0.011274989694356918,0.0,0.3705437809228897,-0.15883769169449807,-0.1565757393836975,-0.08505214750766754
7380,16.8125,-1.2954998016357422,-0.02920134998857975,0.013037163205444813,0.0,0.3731180906295776,-0.16362160816788673,-0.2093333899974823,-0.0806022435426712
7390,19.5,-0.8838544487953186,-0.03142884075641632,0.005635462235659361,0.0,0.3715603440999985,-0.14953332468867303,-0.15355825424194336,-0.0797838568687439
7400,24.75,-0.4792948365211487,-0.02955035716295242,0.010571993514895439,0.0,0.36775274872779845,-0.14253127351403236,-0.11724691838026047,-0.07335165143013
7410,18.8125,-0.8818868100643158,-0.03416542112827301,0.004841379914432764,0.0,0.37540476620197294,-0.1649973213672638,-0.17179682850837708,-0.05831237882375717
7420,16.75,-0.9853851199150085,-0.03285441491752863,0.012840060703456401,0.0,0.3728323459625244,-0.14780066311359405,-0.16792093217372894,-0.07650505751371384
7430,24.6875,-1.0858277082443237,-0.02585518956184387,0.021954717859625817,0.0,0.3728156417608261,-0.1340775080025196,-0.1731766015291214,-0.07959894835948944
7440,19.9375,-0.8819447457790375,-0.03121205121278763,0.0089870635420084,0.0,0.37130051851272583,-0.1605464532971382,-0.1606021374464035,-0.06994260102510452
7450,23.0625,-0.6688187420368195,-0.031077885441482066,0.010349677130579948,0.0,0.37272865176200864,-0.14425258561968804,-0.11234307289123535,-0.07349414378404617
7460,33.25,-0.5184422582387924,-0.03105776123702526,0.005664460640400648,0.0,0.3733024388551712,-0.16410417556762696,-0.20196053385734558,-0.06658206135034561
7470,24.125,-0.4704371243715286,-0.034343545138835904,0.008686588704586029,0.0,0.3717718780040741,-0.13999185264110564,-0.12066353112459183,-0.05311852693557739
7480,15.0,-1.0794780850410461,-0.034726848267018794,0.014519642852246762,0.0,0.3713169127702713,-0.16711755692958832,-0.1681588590145111,-0.07344033569097519
7490,29.5,-0.5727698504924774,-0.031216184236109258,0.007360101956874132,0.0,0.37408273816108706,-0.1386413149535656,-0.11078609526157379,-0.07521779835224152
7500,25.625,-0.6012808382511139,-0.023235948383808137,0.018020163848996164,0.0,0.3716930657625198,-0.14368845522403717,-0.16791591048240662,-0.07580782473087311
7510,32.8125,-0.8652426898479462,-0.029826891049742697,0.007536534313112497,0.0,0.3723015695810318,-0.14286545664072037,-0.12689632177352905,-0.06981876492500305
7520,18.6875,-0.7741921842098236,-0.03398615084588528,0.009043646790087224,0.0,0.37554706931114196,-0.14015474244952203,-0.13499876856803894,-0.07009823620319366
7530,13.1875,-1.1041463017463684,-0.03202952295541763,0.009889497421681881,0.0,0.37541658878326417,-0.15836076438426971,-0.2241281121969223,-0.06580424308776855
7540,23.25,-0.5721832811832428,-0.029797273129224776,0.016446277871727942,0.0,0.3735708147287369,-0.16066035404801368,-0.09493470191955566,-0.09105503559112549
7550,32.6875,-0.3744484782218933,-0.031939631700515746,0.007209047395735979,0.0,0.37526988685131074,-0.13102748468518258,-0.08047263324260712,-0.09264452755451202
7560,18.125,-0.8430724442005157,-0.03021925836801529,0.00825942140072584,0.0,0.37477874755859375,-0.13448090702295304,-0.0877038836479187,-0.06356705725193024
7570,14.9375,-0.8896814584732056,-0.028186244145035743,0.015090144239366055,0.0,0.3750076055526733,-0.14111200720071793,-0.17850638926029205,-0.06675393879413605
7580,16.875,-0.9670161604881287,-0.032978971302509305,0.010377136804163457,0.0,0.37402085661888124,-0.14353994131088257,-0.13465747237205505,-0.07145557552576065
7590,19.125,-0.550336092710495,-0.037678300961852075,0.014698993414640427,0.0,0.3765711158514023,-0.1253013014793396,-0.06594504415988922,-0.07502894103527069
7600,29.9375,-0.28332506120204926,-0.030095897614955902,0.0071406994014978405,0.0,0.37795473337173463,-0.12587478756904602,-0.12128576636314392,-0.061798661947250366
7610,17.8125,-0.6705030500888824,-0.03507855646312237,0.014163126610219479,0.0,0.3754550188779831,-0.13536683842539787,-0.1357528269290924,-0.05399583280086517
7620,35.75,-0.28976263105869293,-0.03140047378838062,0.007667837105691433,0.0,0.3793520241975784,-0.1160930972546339,-0.12896662950515747,-0.0670633316040039
7630,18.375,-0.8643355667591095,-0.030909841880202293,0.00936144907027483,0.0,0.3736636728048325,-0.12822001576423644,-0.13576728105545044,-0.057822223752737045
7640,20.6875,-0.9008162021636963,-0.03563009686768055,0.007581146340817213,0.0,0.37597492933273313,-0.13730349019169807,-0.1912737488746643,-0.07407914847135544
7650,22.375,-0.7617205381393433,-0.033434987813234326,0.005981254111975432,0.0,0.37699590921401976,-0.12851950973272325,-0.10676926374435425,-0.07304693758487701
7660,29.9375,-0.2871079295873642,-0.034139296784996984,0.0100743742659688,0.0,0.3812984973192215,-0.1321646399796009,-0.11913122981786728,-0.07081155478954315
7670,24.1875,-0.8753052055835724,-0.027888141013681887,0.012448984198272228,0.0,0.3761440128087997,-0.11793655529618263,-0.13965269923210144,-0.07545405626296997
7680,23.0625,-0.5639507472515106,-0.02954687476158142,0.014626544155180454,0.0,0.37995755970478057,-0.13337738960981368,-0.10319067537784576,-0.06584085524082184
7690,16.0625,-0.897882342338562,-0.036859586089849475,0.009350071288645267,0.0,0.37681875824928285,-0.1358592316508293,-0.1942092478275299,-0.0671067014336586
7700,25.1875,-0.7749731242656708,-0.034101396799087524,0.009780821576714515,0.0,0.37744486033916474,-0.13570578619837761,-0.13968127965927124,-0.06544706225395203
7710,22.125,-0.6529953181743622,-0.026642290875315666,0.022640745714306833,0.0,0.3719660431146622,-0.13818151876330376,-0.0667586475610733,-0.08774885535240173
7720,19.6875,-0.7995149791240692,-0.03285584095865488,0.008799480088055135,0.0,0.3778242111206055,-0.1348300814628601,-0.16993312537670135,-0.08650688827037811
7730,20.3125,-0.9753475189208984,-0.030775875970721244,0.0069734414108097555,0.0,0.37398442924022673,-0.13598445504903794,-0.17282581329345703,-0.05130249261856079
7740,21.0625,-0.8700836002826691,-0.03455112166702747,0.010567691549658776,0.0,0.3775953263044357,-0.13152731731534004,-0.12003976106643677,-0.0840352475643158
7750,18.9375,-0.8790974915027618,-0.036010246723890305,0.008990990370512009,0.0,0.37759871780872345,-0.14164913445711136,-0.14707529544830322,-0.07670022547245026
7760,23.1875,-0.6815648376941681,-0.031904680747538806,0.00904287602752447,0.0,0.3734325677156448,-0.1355171136558056,-0.13958905637264252,-0.0725727379322052
7770,23.5,-0.4816461503505707,-0.03389960825443268,0.006893907114863396,0.0,0.3755898863077164,-0.1551337406039238,-0.13723483681678772,-0.05897467955946922
7780,13.5625,-1.0798853635787964,-0.03395423348993063,0.01597497221082449,0.0,0.38053458631038667,-0.14299110546708108,-0.16799266636371613,-0.07351110875606537
7790,24.6875,-0.692969024181366,-0.029457409307360648,0.01186446137726307,0.0,0.3799025505781174,-0.1449583016335964,-0.1509495973587036,-0.08445890247821808
7800,21.9375,-0.770408034324646,-0.03210538998246193,0.011117472685873509,0.0,0.3792431652545929,-0.13715750798583032,-0.12737542390823364,-0.0715276300907135
7810,25.25,-0.6653293371200562,-0.028137281909584998,0.01129493471235037,0.0,0.3779194295406342,-0.1338975429534912,-0.10984018445014954,-0.07032722234725952
7820,28.125,-0.49431248009204865,-0.034653959423303606,0.020265359431505203,0.0,0.3803947240114212,-0.1501220904290676,-0.16240307688713074,-0.05989988520741463
7830,18.25,-0.6542845666408539,-0.0271299971267581,0.01988498605787754,0.0,0.37969174087047575,-0.13961186632514,-0.07674401253461838,-0.08091172575950623
7840,21.4375,-0.4692353904247284,-0.03596155643463135,0.016295557841658592,0.0,0.3812534332275391,-0.14493816941976548,-0.1078685075044632,-0.0631314367055893
7850,23.5,-0.8109757006168365,-0.038413027115166185,0.00790360253304243,0.0,0.3776403069496155,-0.15876127555966377,-0.20906567573547363,-0.07124155014753342
7860,24.8125,-0.7725863456726074,-0.03528066501021385,0.009665649943053722,0.0,0.3770423918962479,-0.14250218272209167,-0.13013125956058502,-0.07375192642211914
7870,16.25,-0.9471843540668488,-0.0328263683244586,0.018266348540782927,0.0,0.37912076711654663,-0.13939714357256888,-0.11749780178070068,-0.049863800406455994
7880,21.875,-0.8633906841278076,-0.03471939004957676,0.006599539797753096,0.0,0.3797144442796707,-0.1503465324640274,-0.1274324208498001,-0.06319396197795868
7890,17.0,-0.9597582221031189,-0.035857031121850014,0.0171568488702178,0.0,0.38045890927314757,-0.12891146093606948,-0.11949840933084488,-0.07437598705291748
7900,20.625,-1.2632542252540588,-0.03170341178774834,0.012607170641422272,0.0,0.37884361743927003,-0.1271410420536995,-0.15418311953544617,-0.07034465670585632
7910,16.6875,-1.276427149772644,-0.03140680156648159,0.006884625088423491,0.0,0.38113774061203004,-0.14788554459810258,-0.18382790684700012,-0.06797588616609573
7920,24.125,-0.6703925728797913,-0.036874179542064664,0.013938420638442039,0.0,0.3805739015340805,-0.14233330339193345,-0.12479578703641891,-0.06566888839006424
7930,18.3125,-0.8917874097824097,-0.03564823474735022,0.02026928961277008,0.0,0.37764447927474976,-0.1392653077840805,-0.17172467708587646,-0.0794261246919632
7940,18.5,-0.8571493327617645,-0.040737591311335565,0.007412250246852636,0.0,0.3770570755004883,-0.15314370542764663,-0.1264510303735733,-0.05272751674056053
7950,25.3125,-0.7787303328514099,-0.03344181589782238,0.008875622600317,0.0,0.37703041136264803,-0.1517542064189911,-0.1422404646873474,-0.07134158909320831
7960,16.6875,-0.9628382325172424,-0.033732086233794686,0.009402966313064098,0.0,0.3739804536104202,-0.13887590393424035,-0.12330808490514755,-0.07679635286331177
7970,19.3125,-0.8125419914722443,-0.029517207108438016,0.008228341490030289,0.0,0.3788971871137619,-0.14574042186141015,-0.1915847212076187,-0.09038077294826508
7980,19.5625,-0.8560063540935516,-0.035843084752559665,0.021067429706454276,0.0,0.3756600707769394,-0.13798627331852914,-0.11481458693742752,-0.06155905872583389
7990,24.875,-0.8778207898139954,-0.0333021892234683,0.010929345712065696,0.0,0.3780806750059128,-0.13294154033064842,-0.14790795743465424,-0.07366956025362015
8000,17.375,-1.1435516476631165,-0.028158139437437057,0.01253146193921566,0.0,0.37846254408359525,-0.12712918147444724,-0.12388460338115692,-0.0532887801527977
8010,18.5,-0.88886758685112,-0.03301523849368095,0.009844485111534596,0.0,0.38023912012577055,-0.14472038000822068,-0.17333371937274933,-0.06928618997335434
8020,19.5,-0.9605308771133423,-0.03138855397701264,0.016106699593365192,0.0,0.3814932644367218,-0.12777674496173858,-0.1660328209400177,-0.02761238068342209
8030,22.0625,-0.8786807656288147,-0.03183192163705826,0.009076103754341602,0.0,0.3781234085559845,-0.13457489535212516,-0.14867480099201202,-0.07442101091146469
8040,22.5,-0.8594242632389069,-0.03339578863233328,0.02385061830282211,0.0,0.38205312490463256,-0.12112832702696323,-0.11884568631649017,-0.06580798327922821
8050,20.8125,-0.9512228071689606,-0.027990122511982917,0.01125488243997097,0.0,0.3788797050714493,-0.12432655096054077,-0.10303538292646408,-0.07193098962306976
8060,21.25,-0.8677042424678802,-0.0352158360183239,0.018404864892363548,0.0,0.3805656462907791,-0.12416100800037384,-0.1264810562133789,-0.07360383123159409
8070,24.375,-0.7659827768802643,-0.033470877632498744,0.00879828929901123,0.0,0.38171050548553465,-0.13180916458368303,-0.1234462559223175,-0.06513098627328873
8080,23.4375,-0.4828222095966339,-0.024907099828124047,0.015111533738672734,0.0,0.3781873047351837,-0.12550003603100776,-0.12386033684015274,-0.0728776752948761
8090,21.3125,-0.5740720927715302,-0.028191502764821054,0.012515413202345371,0.0,0.38026090562343595,-0.143719369918108,-0.11273632198572159,-0.07570986449718475
8100,20.1875,-0.7526081502437592,-0.03706216141581535,0.010078630782663823,0.0,0.3783004641532898,-0.1384712740778923,-0.09264415502548218,-0.06855398416519165
8110,27.5625,-0.5598457455635071,-0.04143443964421749,0.015501795709133149,0.0,0.3849115550518036,-0.11338821724057198,-0.08663153648376465,-0.07424641400575638
8120,22.375,-0.5752303898334503,-0.028501113504171373,0.0064719411544501785,0.0,0.3826878219842911,-0.1372319869697094,-0.13349170982837677,-0.057452984154224396
8130,20.9375,-0.791339635848999,-0.032332880422472954,0.006109953671693802,0.0,0.3872332900762558,-0.13576505482196807,-0.1832728385925293,-0.05524930730462074
8140,13.5,-1.104445457458496,-0.03229165002703667,0.020817988365888596,0.0,0.3866466462612152,-0.13760469257831573,-0.21420687437057495,-0.07655535638332367
8150,24.0,-0.7802881002426147,-0.03434951864182949,0.011035111173987389,0.0,0.38688436448574065,-0.12933258190751076,-0.1460387110710144,-0.07119014114141464
8160,24.5625,-0.48110535740852356,-0.03850186876952648,0.011744136922061443,0.0,0.3853006511926651,-0.13277141898870468,-0.13582834601402283,-0.05763068422675133
8170,20.4375,-0.796775758266449,-0.03318046480417251,0.014093708992004395,0.0,0.3875444084405899,-0.13127576932311058,-0.17843185365200043,-0.07182431221008301
8180,20.8125,-0.8678325414657593,-0.033576127141714096,0.009489593096077442,0.0,0.38378673791885376,-0.1335445761680603,-0.13143686950206757,-0.0691273957490921
8190,19.5625,-0.884196013212204,-0.041596544906497,0.012597276084125041,0.0,0.3861148953437805,-0.1461261309683323,-0.17373904585838318,-0.0614541620016098
8200,25.0,-0.6655288636684418,-0.03591885231435299,0.007559336442500353,0.0,0.3829882800579071,-0.14669875726103782,-0.10594002902507782,-0.07333193719387054
8210,23.625,-0.6703702509403229,-0.024840305745601653,0.014787421189248562,0.0,0.38065827190876006,-0.13218696489930154,-0.10530552268028259,-0.08337000757455826
8220,21.8125,-0.6710254549980164,-0.031685978174209595,0.008237164746969939,0.0,0.3826366990804672,-0.1385702297091484,-0.10357467085123062,-0.08773216605186462
8230,21.75,-0.7862929701805115,-0.029756835848093032,0.0068909737281501295,0.0,0.3804949432611465,-0.15104878842830657,-0.16089347004890442,-0.06911301612854004
8240,16.0,-0.6715865433216095,-0.03500199019908905,0.009625120647251606,0.0,0.3804363816976547,-0.14164745584130287,-0.11580151319503784,-0.07656892389059067
8250,19.125,-0.8839070796966553,-0.033568954840302465,0.009025185741484166,0.0,0.38454680144786835,-0.15896728336811067,-0.15987831354141235,-0.07245602458715439
8260,14.25,-1.15183687210083,-0.03252235371619463,0.015621492080390454,0.0,0.38532406091690063,-0.12402799725532532,-0.11646033078432083,-0.07714241743087769
8270,26.625,-0.8699173927307129,-0.027229490503668786,0.0070921994745731355,0.0,0.3871632754802704,-0.12831927090883255,-0.13977263867855072,-0.066180020570755
8280,23.0,-0.7712766528129578,-0.023686754889786242,0.009615275636315345,0.0,0.38481960296630857,-0.1269049420952797,-0.1306648552417755,-0.06918644160032272
8290,17.625,-1.2634168863296509,-0.03173026395961642,0.012010337226092816,0.0,0.38568324148654937,-0.13035143986344339,-0.15195916593074799,-0.072551429271698
8300,18.875,-0.8843448162078857,-0.03629704266786575,0.010179313831031322,0.0,0.3827818602323532,-0.12876338958740235,-0.1562141627073288,-0.0763871818780899
8310,26.125,-0.6912916004657745,-0.031218959018588066,0.007773640286177397,0.0,0.38071193397045133,-0.1400068424642086,-0.15658406913280487,-0.07550522685050964
8320,18.5625,-0.9610530138015747,-0.03428896553814411,0.011365243420004844,0.0,0.3811496555805206,-0.14611039012670518,-0.14735710620880127,-0.043622080236673355
8330,21.125,-0.8749426305294037,-0.0321550115942955,0.010182238183915615,0.0,0.388447043299675,-0.14001989886164665,-0.1480819433927536,-0.0678640753030777
8340,19.8125,-0.9014718234539032,-0.03782206885516644,0.01241220235824585,0.0,0.3835665374994278,-0.1317097783088684,-0.20218640565872192,-0.06496547162532806
8350,22.375,-0.6745054125785828,-0.025734896957874297,0.010372954048216343,0.0,0.38233530819416045,-0.15111889764666558,-0.1209547147154808,-0.07670552283525467
8360,32.0,-0.3926211893558502,-0.03402108065783978,0.005429107323288917,0.0,0.3839192301034927,-0.12528353184461594,-0.12916412949562073,-0.07972808182239532
8370,24.9375,-0.576219230890274,-0.033275187760591504,0.0077123897150158886,0.0,0.382477679848671,-0.1432216703891754,-0.1212557777762413,-0.07175349444150925
8380,27.9375,-0.653740644454956,-0.032865891233086586,0.013700680248439312,0.0,0.38503665626049044,-0.1320213258266449,-0.0843292772769928,-0.07318238914012909
8390,20.375,-0.6944928169250488,-0.03690946809947491,0.016400904208421708,0.0,0.3825489401817322,-0.1368880234658718,-0.16566331684589386,-0.07216867804527283
8400,19.5625,-0.6567236483097076,-0.03280823156237602,0.00944906659424305,0.0,0.3821760565042496,-0.1360928162932396,-0.08821731805801392,-0.0729212686419487
8410,26.9375,-0.779199093580246,-0.035171938687562944,0.013010265864431858,0.0,0.3837127983570099,-0.1269536979496479,-0.14168184995651245,-0.07121379673480988
8420,28.125,-0.49438871443271637,-0.03039454445242882,0.007558078411966563,0.0,0.3801098018884659,-0.1335607461631298,-0.14251826703548431,-0.07789619266986847
8430,19.4375,-0.8669432699680328,-0.025700241699814795,0.014091525040566922,0.0,0.37804022431373596,-0.14548662006855012,-0.1305653154850006,-0.067050039768219
8440,19.4375,-0.7845235764980316,-0.02988039404153824,0.012915188260376454,0.0,0.38258480131626127,-0.14612850919365883,-0.14753280580043793,-0.07836946099996567
8450,20.25,-0.7828486263751984,-0.03132638037204742,0.009423860721290112,0.0,0.3815705358982086,-0.14154731407761573,-0.15605966746807098,-0.06538072973489761
8460,20.8125,-0.7413271963596344,-0.026613345742225646,0.03961699306964874,0.0,0.3861804723739624,-0.1466194860637188,-0.13323760032653809,-0.005621693097054958
8470,16.5,-1.108151912689209,-0.03750839531421661,0.01087496355175972,0.0,0.38554966151714326,-0.15255019441246986,-0.22081731259822845,-0.07836303859949112
8480,22.6875,-0.6823961436748505,-0.03431639447808266,0.009710855968296527,0.0,0.38298318684101107,-0.14252430349588394,-0.1364126354455948,-0.0767381340265274
8490,17.875,-0.8723884522914886,-0.03874450735747814,0.012433920428156853,0.0,0.3838543385267258,-0.15098927393555642,-0.1324457824230194,-0.07739488780498505
8500,23.5,-0.5755988657474518,-0.03696607835590839,0.03010224811732769,0.0,0.3795238763093948,-0.13666996359825134,-0.11378393322229385,-0.07814736664295197
8510,24.25,-0.7693943381309509,-0.023778460547327997,0.014722930267453194,0.0,0.3836480289697647,-0.14143687188625337,-0.11259119212627411,-0.08256320655345917
8520,22.125,-0.6779061555862427,-0.02852870970964432,0.010577486269176007,0.0,0.38234452307224276,-0.1395833484828472,-0.12018893659114838,-0.08498570322990417
8530,18.0,-0.6653728485107422,-0.04049362298101187,0.016056998074054717,0.0,0.38245120346546174,-0.1359343484044075,-0.11600126326084137,-0.06291630864143372
8540,15.5625,-1.070526361465454,-0.03703494630753994,0.006880958937108517,0.0,0.3823210597038269,-0.15531326681375504,-0.14038333296775818,-0.08090534806251526
8550,21.3125,-0.5669533908367157,-0.031517276912927626,0.022016629949212073,0.0,0.38362427353858947,-0.13291865438222886,-0.09480471909046173,-0.07943908870220184
8560,17.1875,-1.1554441452026367,-0.03527982234954834,0.015581540577113629,0.0,0.38555445671081545,-0.1216927994042635,-0.11513622850179672,-0.08286837488412857
8570,19.625,-0.9628476798534393,-0.03247952423989773,0.017140264436602593,0.0,0.3864869773387909,-0.12878502160310745,-0.12458327412605286,-0.07612428069114685
8580,19.3125,-0.9614682495594025,-0.03368120640516281,0.01766671258956194,0.0,0.38482008278369906,-0.13903862833976746,-0.1122528538107872,-0.08441795408725739
8590,23.375,-0.7640476524829865,-0.026562850922346115,0.011285340599715709,0.0,0.3835775047540665,-0.13003384470939636,-0.11015540361404419,-0.0746866762638092
8600,21.625,-0.6725296974182129,-0.02874442730098963,0.0077403056435287,0.0,0.3841412991285324,-0.12159588187932968,-0.11623194068670273,-0.0771002545952797
8610,25.75,-0.7709461450576782,-0.03834574110805988,0.008084410149604083,0.0,0.3822266697883606,-0.11940891519188881,-0.11966080963611603,-0.07887987792491913
8620,23.6875,-0.46934615075588226,-0.03371232319623232,0.01295334156602621,0.0,0.3861392825841904,-0.14438873529434204,-0.1016048863530159,-0.07105563580989838
8630,34.0625,-0.9562221765518188,-0.030508415773510933,0.008526547811925411,0.0,0.38952712416648866,-0.13251577094197273,-0.12911254167556763,-0.05656763166189194
8640,16.3125,-0.8614428639411926,-0.03560764566063881,0.010297137312591076,0.0,0.3863968253135681,-0.1356210269033909,-0.12318618595600128,-0.06427061557769775
8650,34.5,-0.46950066089630127,-0.03498116172850132,0.012768716365098954,0.0,0.3897262513637543,-0.1307613246142864,-0.10716219246387482,-0.06391318142414093
8660,26.1875,-0.505729466676712,-0.03903717026114464,0.013997430354356766,0.0,0.38994689881801603,-0.12573889121413231,-0.15681952238082886,-0.08690574765205383
8670,29.4375,-0.4533163160085678,-0.033031151816248897,0.012979659438133239,0.0,0.38588598370552063,-0.1176633182913065,-0.07302692532539368,-0.0660795271396637
8680,23.6875,-0.7759034931659698,-0.03557427078485489,0.009916195459663869,0.0,0.38775571882724763,-0.12991643473505973,-0.13122747838497162,-0.07719263434410095
8690,20.5625,-0.8967901766300201,-0.03444464579224586,0.0060282166115939615,0.0,0.38611741065979005,-0.1386566750705242,-0.19339579343795776,-0.06766104698181152
8700,18.4375,-0.6843679547309875,-0.03132701553404331,0.014858466200530529,0.0,0.3883399099111557,-0.14555046409368516,-0.13472796976566315,-0.08266381919384003
8710,24.0625,-0.4773368239402771,-0.033667274937033656,0.017272734828293324,0.0,0.39150382578372955,-0.1353166289627552,-0.11385419964790344,-0.07378984987735748
8720,21.0,-0.7627293765544891,-0.026723384112119674,0.015817096643149852,0.0,0.3891905575990677,-0.1282692477107048,-0.1016307920217514,-0.08193539083003998
8730,23.3125,-0.5586563944816589,-0.03276907950639725,0.01887659877538681,0.0,0.3883005678653717,-0.12911802232265474,-0.09804481267929077,-0.055606573820114136
8740,22.125,-0.6764277219772339,-0.03394629135727882,0.013926601596176624,0.0,0.3868399947881699,-0.14075510650873185,-0.1373721808195114,-0.0640762448310852
8750,28.4375,-0.7559698224067688,-0.030259362235665322,0.0159986637532711,0.0,0.38526526987552645,-0.13229444101452828,-0.1043800637125969,-0.06495782732963562
8760,21.125,-0.5866345167160034,-0.034563173353672025,0.009368641301989555,0.0,0.39127119183540343,-0.156406220048666,-0.14394140243530273,-0.06998629868030548
8770,22.625,-0.968466192483902,-0.03672571517527103,0.00825960747897625,0.0,0.39166842103004457,-0.12930826619267463,-0.14757685363292694,-0.06270257383584976
8780,18.1875,-0.9346135258674622,-0.03443591333925724,0.023489661887288092,0.0,0.39102624356746674,-0.14378108456730843,-0.12251707911491394,-0.021390771493315697
8790,22.125,-0.9840881824493408,-0.029424362629652024,0.009336468391120433,0.0,0.3915903717279434,-0.12449554279446602,-0.14945527911186218,-0.09185178577899933
8800,25.5,-0.6749180257320404,-0.03744450770318508,0.006885472126305104,0.0,0.3901978701353073,-0.1343250699341297,-0.13622568547725677,-0.06228611618280411
8810,21.875,-0.8670239746570587,-0.038120181299746037,0.012296146154403687,0.0,0.39205909371376035,-0.15329937711358071,-0.11785195767879486,-0.08121798932552338
8820,22.75,-0.8051064014434814,-0.03652721084654331,0.009002427104860544,0.0,0.388420969247818,-0.1490744486451149,-0.18692705035209656,-0.08134540915489197
8830,17.5,-0.7011756002902985,-0.033236139453947544,0.013563904166221618,0.0,0.3855747073888779,-0.15965731739997863,-0.1881251037120819,-0.06345216929912567
8840,17.125,-0.9675804972648621,-0.03174873478710651,0.014351542852818967,0.0,0.3893688917160034,-0.14715809598565102,-0.13980410993099213,-0.06822288036346436
8850,28.5,-0.5770068168640137,-0.03178901243954897,0.005772764794528484,0.0,0.3890760660171509,-0.1463416911661625,-0.12859302759170532,-0.0661848783493042
8860,23.25,-0.5775060951709747,-0.03701638281345367,0.010944565944373607,0.0,0.38592506349086764,-0.15172367617487909,-0.13211092352867126,-0.06399662792682648
8870,19.125,-0.7056576013565063,-0.032220767438411714,0.02249717079102993,0.0,0.391257044672966,-0.16492584198713303,-0.17531409859657288,-0.08465079963207245
8880,20.0,-0.7762674689292908,-0.029558006674051285,0.027162568271160127,0.0,0.3926364123821259,-0.13627078905701637,-0.141152024269104,-0.06977630406618118
8890,21.125,-0.658488005399704,-0.032437552511692044,0.016991966217756272,0.0,0.39008080363273623,-0.14909918382763862,-0.09830964356660843,-0.06706468015909195
8900,16.5,-0.9902860224246979,-0.04004237577319145,0.007482418976724148,0.0,0.392532154917717,-0.15494870990514756,-0.19678208231925964,-0.05769035220146179
8910,16.9375,-0.7884045839309692,-0.0343861810863018,0.012303387373685836,0.0,0.3925305217504501,-0.1460065796971321,-0.1679382622241974,-0.063787542283535
8920,18.0,-0.8665887415409088,-0.03869601860642433,0.007167559396475553,0.0,0.39159004092216493,-0.15021471232175826,-0.13293078541755676,-0.06416238844394684
8930,21.5625,-0.7811645269393921,-0.0368073645979166,0.00922713652253151,0.0,0.38944082856178286,-0.1568452462553978,-0.1448105424642563,-0.07354497909545898
8940,28.1875,-0.7705148756504059,-0.029001064226031305,0.009045320004224778,0.0,0.3914011001586914,-0.13324005752801896,-0.11891862750053406,-0.08014342188835144
8950,19.0625,-0.9884323477745056,-0.03962651118636131,0.015610410459339618,0.0,0.39126826226711275,-0.14818500876426696,-0.1637025773525238,-0.0866759717464447
8960,22.375,-0.46574950218200684,-0.035367776080965994,0.01225508414208889,0.0,0.3952087551355362,-0.13485229834914209,-0.09737960994243622,-0.06790947914123535
8970,26.4375,-0.8644824624061584,-0.030503720790147782,0.017308813333511353,0.0,0.39274967312812803,-0.11654681190848351,-0.12302002310752869,-0.0714028999209404
8980,21.6875,-0.7839602530002594,-0.029924597591161728,0.009889809042215347,0.0,0.39136555790901184,-0.15354282706975936,-0.15921750664710999,-0.0671132355928421
8990,24.875,-0.6041164696216583,-0.036968817561864854,0.007653258368372917,0.0,0.39276129603385923,-0.14150492697954178,-0.17435477674007416,-0.07501031458377838
9000,21.6875,-0.9457181990146637,-0.03906233534216881,0.009165809117257595,0.0,0.39253910779953005,-0.13830537274479865,-0.10126926004886627,-0.0621715784072876
9010,20.25,-0.7674316167831421,-0.03619743622839451,0.014048273675143719,0.0,0.394548162817955,-0.12399688884615898,-0.12026052176952362,-0.07220941036939621
9020,14.6875,-1.0482949018478394,-0.03706446923315525,0.016270695254206657,0.0,0.39645997285842893,-0.14176883846521376,-0.11366838216781616,-0.06429992616176605
9030,20.9375,-0.5580491125583649,-0.03635979518294334,0.012021242640912533,0.0,0.3954359531402588,-0.12690744921565056,-0.08724293112754822,-0.06929680705070496
9040,24.25,-0.669285386800766,-0.035879825428128245,0.007930443435907365,0.0,0.3966089576482773,-0.12228636145591736,-0.1236056387424469,-0.06405387818813324
9050,18.625,-0.5697900354862213,-0.03633081838488579,0.02559203952550888,0.0,0.39372059404850007,-0.1426824949681759,-0.12784656882286072,-0.053941208869218826
9060,25.25,-0.6822232306003571,-0.0344955138862133,0.011022748053073883,0.0,0.39439796805381777,-0.12711163759231567,-0.13105985522270203,-0.08204038441181183
9070,19.375,-0.6662889122962952,-0.03194349016994238,0.012706580571830273,0.0,0.3932494044303894,-0.1289465121924877,-0.14755554497241974,-0.034215446561574936
9080,25.625,-0.7726397514343262,-0.03516150079667568,0.018651252239942552,0.0,0.3993652433156967,-0.12829052209854125,-0.14187854528427124,-0.06085018068552017
9090,26.375,-0.8700714409351349,-0.034921533055603506,0.0056850573047995566,0.0,0.3978048533201218,-0.14300816357135773,-0.14031796157360077,-0.0643509179353714
9100,27.4375,-0.7734559774398804,-0.0343044662848115,0.012599372863769531,0.0,0.3983298450708389,-0.11575748100876808,-0.14149336516857147,-0.06320270895957947
9110,18.6875,-0.9851996898651123,-0.036235975474119185,0.011600697971880436,0.0,0.3971335470676422,-0.13032399937510492,-0.15542471408843994,-0.08850414305925369
9120,25.5625,-0.8694195449352264,-0.03733393810689449,0.013640790060162545,0.0,0.39711066484451296,-0.13532217293977739,-0.12465552240610123,-0.07820476591587067
9130,23.75,-0.5566150844097137,-0.03210116736590862,0.00854354202747345,0.0,0.3960579127073288,-0.12450710535049439,-0.10032137483358383,-0.05414555221796036
9140,25.1875,-0.8771573305130005,-0.03780129104852677,0.0067741192877292635,0.0,0.39959787130355834,-0.12994521334767342,-0.14731444418430328,-0.07331991195678711
9150,25.8125,-0.6761061549186707,-0.033081010729074475,0.01300867237150669,0.0,0.3973049342632294,-0.13591817021369934,-0.12212945520877838,-0.0790567472577095
9160,28.5625,-0.6725669801235199,-0.03389461040496826,0.016193523444235323,0.0,0.40053294599056244,-0.12181285247206688,-0.1259332150220871,-0.0670924186706543
9170,20.6875,-0.7501246333122253,-0.03657696172595024,0.011070898920297622,0.0,0.3979896575212479,-0.12487538233399391,-0.0977732390165329,-0.05766107141971588
9180,29.25,-0.6979682743549347,-0.03809108845889568,0.013228115253150463,0.0,0.3971581280231476,-0.14258748665452003,-0.1762702614068985,-0.0687331035733223
9190,14.0625,-1.283094048500061,-0.035795674473047254,0.013949783518910408,0.0,0.39867558777332307,-0.13329898715019226,-0.19857195019721985,-0.0666738748550415
9200,15.5,-1.0595283508300781,-0.029797828197479247,0.010135229676961899,0.0,0.39933997094631196,-0.13909838050603868,-0.13361573219299316,-0.06494233012199402
9210,18.5625,-0.7604544460773468,-0.03181276991963387,0.03892105221748352,0.0,0.3942494630813599,-0.1597306802868843,-0.17834840714931488,0.0003969748504459858
9220,21.6875,-0.5897769927978516,-0.032380271889269355,0.011993839219212533,0.0,0.39362160563468934,-0.14223773553967475,-0.14166921377182007,-0.07973762601613998
9230,26.25,-0.8783730268478394,-0.03537100367248058,0.01357650738209486,0.0,0.3958750873804092,-0.129574516415596,-0.153137668967247,-0.06937024742364883
9240,21.8125,-1.0862098932266235,-0.03541156277060509,0.010935022309422494,0.0,0.39502881169319154,-0.14499495327472686,-0.18009038269519806,-0.07327879220247269
9250,14.5625,-1.1583234071731567,-0.0347674909979105,0.008754687383770943,0.0,0.3943224012851715,-0.15271904394030572,-0.14529410004615784,-0.059412892907857895
9260,19.875,-0.8526765406131744,-0.03047583643347025,0.014527425169944763,0.0,0.4015385776758194,-0.1189400777220726,-0.11482792347669601,-0.05089757964015007
9270,23.5,-0.7821919620037079,-0.04205061942338943,0.02273969165980816,0.0,0.39842283725738525,-0.14492431432008743,-0.13528908789157867,-0.08361506462097168
9280,22.75,-0.8720650970935822,-0.03113817870616913,0.0163815563544631,0.0,0.3942056179046631,-0.14134861677885055,-0.14445790648460388,-0.0649416446685791
9290,19.5625,-0.8695897459983826,-0.03464096188545227,0.01739136576652527,0.0,0.3941124439239502,-0.1528246983885765,-0.13674333691596985,-0.06775639206171036
9300,18.6875,-0.9730331599712372,-0.036267300695180894,0.007801719103008508,0.0,0.39272096157073977,-0.13054656162858008,-0.14465492963790894,-0.07416394352912903
9310,13.75,-1.1651043891906738,-0.034171589836478236,0.00857583461329341,0.0,0.393454784154892,-0.12784505337476731,-0.15643711388111115,-0.06353317946195602
9320,22.875,-0.8722003996372223,-0.031230438500642776,0.006341051124036312,0.0,0.3924360662698746,-0.14039094299077987,-0.14425557851791382,-0.06655067205429077
9330,13.3125,-1.2721800804138184,-0.029807759821414946,0.012529266439378262,0.0,0.39400269091129303,-0.13143039420247077,-0.17166265845298767,-0.06967687606811523
9340,20.5625,-0.7742093503475189,-0.03556955568492413,0.01063829306513071,0.0,0.39740108251571654,-0.13888496831059455,-0.1442229449748993,-0.06035261228680611
9350,21.4375,-0.7549485266208649,-0.035397152230143544,0.01769098490476608,0.0,0.39772070944309235,-0.12947452515363694,-0.10814923048019409,-0.057540252804756165
9360,23.4375,-0.7744438052177429,-0.03458295539021492,0.009119740687310696,0.0,0.3964053809642792,-0.125932490080595,-0.13439734280109406,-0.07209976017475128
9370,22.6875,-0.5678501129150391,-0.040239833295345306,0.005795295163989067,0.0,0.4006552219390869,-0.13690442889928817,-0.11250396817922592,-0.06428445875644684
9380,16.625,-0.8587750494480133,-0.03604031670838594,0.010823131911456585,0.0,0.4005378484725952,-0.12318886816501617,-0.12008651345968246,-0.061853788793087006
9390,20.5,-0.6773278713226318,-0.031606023013591764,0.011318151466548442,0.0,0.4033286780118942,-0.11705392375588416,-0.11132022738456726,-0.09251285344362259
9400,28.375,-0.570002555847168,-0.034578549675643444,0.018790356814861298,0.0,0.4036767452955246,-0.12111830040812492,-0.09450255334377289,-0.08580507338047028
9410,23.8125,-0.5877536237239838,-0.03722608499228954,0.010975209437310696,0.0,0.4025428771972656,-0.13667604625225066,-0.1499916911125183,-0.0671759769320488
9420,17.8125,-0.9695823788642883,-0.038094420731067655,0.010479898378252982,0.0,0.4018470823764801,-0.12626979276537895,-0.14525267481803894,-0.06882035732269287
9430,20.0,-0.773314893245697,-0.03336273804306984,0.013919676095247269,0.0,0.40220212936401367,-0.14187562242150306,-0.13923273980617523,-0.0659664049744606
9440,25.875,-0.6618882417678833,-0.03176242150366306,0.01568128541111946,0.0,0.40130226910114286,-0.1256457544863224,-0.08792100101709366,-0.0845891684293747
9450,26.125,-0.7777901291847229,-0.03774010445922613,0.009733149595558644,0.0,0.4023524343967438,-0.13338834941387176,-0.13568739593029022,-0.07563376426696777
9460,34.0,-0.5619096755981445,-0.03400163799524307,0.009323850460350513,0.0,0.40137786567211153,-0.11903678923845291,-0.10017510503530502,-0.06449617445468903
9470,19.8125,-0.7775089144706726,-0.03379608206450939,0.010993780009448529,0.0,0.39889746308326723,-0.1431657239794731,-0.1373230516910553,-0.0737534761428833
9480,22.375,-0.7694894671440125,-0.043600736558437346,0.007057907897979021,0.0,0.4010833382606506,-0.13824199214577676,-0.13847512006759644,-0.05835546553134918
9490,30.4375,-0.3474847376346588,-0.03530922532081604,0.01058071032166481,0.0,0.40603670179843904,-0.12018815092742444,-0.058442872017621994,-0.06119967997074127
9500,24.625,-0.7865012884140015,-0.03290879931300879,0.011082659289240838,0.0,0.4030832529067993,-0.12529298216104506,-0.16207802295684814,-0.06952996551990509
9510,29.125,-0.7595539689064026,-0.03289101291447878,0.009611092694103717,0.0,0.4064632743597031,-0.12660203874111176,-0.09926394373178482,-0.07644939422607422
9520,30.4375,-0.5542430281639099,-0.03012240007519722,0.013312781229615211,0.0,0.4088865339756012,-0.12264925166964531,-0.08038774132728577,-0.06959128379821777
9530,14.625,-0.6758445501327515,-0.03741092160344124,0.009262208826839924,0.0,0.40314180254936216,-0.14521482214331627,-0.1304248869419098,-0.07044946402311325
9540,25.625,-0.8835774660110474,-0.02929553473368287,0.010620968788862229,0.0,0.4036146402359009,-0.1400755375623703,-0.15463891625404358,-0.07774105668067932
9550,15.0,-1.168640375137329,-0.03578887432813645,0.009547726996243,0.0,0.4041242152452469,-0.13654413148760797,-0.15207630395889282,-0.0755452886223793
9560,30.9375,-0.4858279824256897,-0.0364291425794363,0.009891340509057045,0.0,0.4040194094181061,-0.10654197484254838,-0.12622135877609253,-0.07904568314552307
9570,18.8125,-0.7625901699066162,-0.03297846503555775,0.015445467829704285,0.0,0.4055422842502594,-0.12452244982123375,-0.11093711853027344,-0.06811914592981339
9580,20.3125,-0.670791894197464,-0.033806450106203555,0.00858847089111805,0.0,0.402303409576416,-0.1352204479277134,-0.11765851080417633,-0.07326912879943848
9590,19.4375,-1.1897162795066833,-0.036218973249197005,0.013770580105483533,0.0,0.4038873344659805,-0.15781529024243354,-0.20313973724842072,-0.06832750141620636
9600,18.6875,-0.8758130073547363,-0.0370697358623147,0.016805322468280794,0.0,0.40451606512069704,-0.14639775082468987,-0.13966727256774902,-0.07858314365148544
9610,21.5625,-0.7619583308696747,-0.032870571315288546,0.041373349726200104,0.0,0.40150116086006166,-0.1443483956158161,-0.140750452876091,-0.04087456315755844
9620,32.25,-0.4882594048976898,-0.03528634719550609,0.007541285548359156,0.0,0.4036599725484848,-0.13049256801605225,-0.12957072257995605,-0.08039762079715729
9630,16.4375,-0.7449127435684204,-0.03396016824990511,0.011035260371863842,0.0,0.4027934491634369,-0.14685459733009337,-0.08625674247741699,-0.06148345768451691
9640,30.125,-0.7835074663162231,-0.038093784265220164,0.005944725126028061,0.0,0.4088095873594284,-0.12040091454982757,-0.14930181205272675,-0.07489703595638275
9650,24.75,-0.768523097038269,-0.03268273882567883,0.01642272062599659,0.0,0.4065579205751419,-0.14081777036190032,-0.12080778181552887,-0.07409283518791199
9660,16.875,-0.9752370417118073,-0.03843228742480278,0.011190585792064667,0.0,0.40801977515220644,-0.1444513887166977,-0.15895922482013702,-0.06695830076932907
9670,32.1875,-0.5596333146095276,-0.033267744444310667,0.024867774546146394,0.0,0.4076806753873825,-0.13572637140750884,-0.12979015707969666,-0.03058348223567009
9680,28.875,-0.663895457983017,-0.03437828738242388,0.015421058237552642,0.0,0.4047137051820755,-0.11974540576338769,-0.09707050770521164,-0.07803595066070557
9690,29.0,-0.6821309328079224,-0.03024515062570572,0.02625669240951538,0.0,0.40445117056369784,-0.12491109296679496,-0.1411779522895813,-0.07364052534103394
9700,29.5,-0.47513316571712494,-0.03192638754844666,0.009787452593445777,0.0,0.4050106108188629,-0.13065397292375563,-0.10559097677469254,-0.07737549394369125
9710,21.125,-0.7575157284736633,-0.03453983925282955,0.01269257888197899,0.0,0.404893758893013,-0.12751943096518517,-0.10442894697189331,-0.0687900111079216
9720,28.6875,-0.8620945513248444,-0.025965522415935992,0.004901114758104086,0.0,0.4038532793521881,-0.12494189515709878,-0.12621235847473145,-0.06473231315612793
9730,19.0625,-0.9499145150184631,-0.03654619194567203,0.011952542699873447,0.0,0.4051519125699997,-0.13722076267004013,-0.10430535674095154,-0.0690598338842392
9740,25.125,-0.9111653864383698,-0.034948062151670456,0.01041167862713337,0.0,0.40708292126655576,-0.14580003172159195,-0.2157672941684723,-0.07250592112541199
9750,22.875,-0.7062766253948212,-0.034321609884500504,0.009681175649166106,0.0,0.4029486447572708,-0.13739218637347222,-0.18516042828559875,-0.07700321078300476
9760,20.25,-0.7689917087554932,-0.03439341075718403,0.017122102715075017,0.0,0.4055760622024536,-0.15738039314746857,-0.13962900638580322,-0.05316442251205444
9770,23.25,-0.7659450471401215,-0.03917092159390449,0.011324205994606018,0.0,0.40522345900535583,-0.14663060903549194,-0.11255986988544464,-0.07818552851676941
9780,24.9375,-0.6793965101242065,-0.038628654554486275,0.010011327266693116,0.0,0.40360366106033324,-0.12763970717787743,-0.13713720440864563,-0.07236914336681366
9790,19.125,-0.8866927623748779,-0.032667579129338264,0.01836662869900465,0.0,0.40502105951309203,-0.1450813576579094,-0.168376624584198,-0.07124415040016174
9800,32.375,-0.47518788278102875,-0.03491151928901672,0.00916081052273512,0.0,0.4058701068162918,-0.13288914561271667,-0.11106595396995544,-0.07135399430990219
9810,21.5,-0.9772517085075378,-0.03080104701220989,0.009484271146357059,0.0,0.4071409285068512,-0.14453952759504318,-0.16066142916679382,-0.06846950203180313
9820,31.3125,-0.5812335014343262,-0.039340290054678914,0.014793733879923821,0.0,0.40777249336242677,-0.15270242542028428,-0.13637951016426086,-0.0667928159236908
9830,21.625,-0.7882595062255859,-0.03946015704423189,0.007172667700797319,0.0,0.4099851459264755,-0.14189340323209762,-0.1498645544052124,-0.08511088043451309
9840,20.125,-0.9852108061313629,-0.03102658912539482,0.013177531212568283,0.0,0.41084486842155454,-0.15385690927505494,-0.17955425381660461,-0.06558743119239807
9850,22.875,-0.7815419137477875,-0.032797389291226865,0.005942220333963633,0.0,0.41003319025039675,-0.12247513681650161,-0.15500622987747192,-0.06652557104825974
9860,20.5625,-0.8150537610054016,-0.0360591784119606,0.004490266554057598,0.0,0.41048787236213685,-0.1690923884510994,-0.2166844755411148,-0.07200748473405838
9870,28.9375,-0.5901400744915009,-0.033851447701454165,0.016761951707303525,0.0,0.40968199670314787,-0.1362772837281227,-0.16203874349594116,-0.0608937069773674
9880,19.1875,-1.0598057508468628,-0.031306962482631207,0.033061221987009046,0.0,0.4107914239168167,-0.13893991485238075,-0.1921805739402771,-0.009670965373516083
9890,21.25,-0.7771337926387787,-0.02961684800684452,0.01456250287592411,0.0,0.412203773856163,-0.12065261825919152,-0.14668571949005127,-0.06525536626577377
9900,17.375,-0.8475653827190399,-0.040606658533215524,0.01303815096616745,0.0,0.41028801202774046,-0.13325738161802292,-0.10750655829906464,-0.050853125751018524
9910,34.0,-0.4620126038789749,-0.03270151689648628,0.008177848905324936,0.0,0.41270298063755034,-0.14021117314696313,-0.08237980306148529,-0.07518671452999115
9920,31.6875,-0.5894652605056763,-0.03242690041661263,0.005044444836676121,0.0,0.4120067685842514,-0.13520885407924652,-0.1519376039505005,-0.06800870597362518
9930,28.0625,-0.5658330321311951,-0.03647391945123672,0.013825469464063645,0.0,0.41000196933746336,-0.15659300088882447,-0.10428060591220856,-0.06713829934597015
9940,20.3125,-0.7811096608638763,-0.038165392354130745,0.025041038170456886,0.0,0.4143300116062164,-0.11844947561621666,-0.1446693241596222,-0.07590948045253754
9950,20.1875,-0.77652907371521,-0.03374018315225839,0.009775887243449688,0.0,0.4157102137804031,-0.12202084437012672,-0.1337563395500183,-0.076601043343544
9960,34.5625,-0.7899780869483948,-0.038415351510047914,0.008315000310540199,0.0,0.41650783717632295,-0.12639760002493858,-0.1760203242301941,-0.062095724046230316
9970,30.4375,-0.56263068318367,-0.028566782735288142,0.011662698350846767,0.0,0.41720377206802367,-0.12366439327597618,-0.09225530922412872,-0.07352384179830551
9980,27.0625,-0.6513220071792603,-0.03353857509791851,0.015795528143644332,0.0,0.41631837785243986,-0.12200519889593124,-0.13140568137168884,-0.020610719919204712
9990,22.375,-0.7663702964782715,-0.037238995730876925,0.01447070725262165,0.0,0.4165764421224594,-0.1339148424565792,-0.13019660115242004,-0.058798469603061676
10000,26.125,-0.5618095397949219,-0.035161489807069304,0.009404902346432209,0.0,0.4161203861236572,-0.1200878731906414,-0.09127935022115707,-0.07262150943279266
10010,37.5,-0.281212717294693,-0.03210746347904205,0.007312428113073111,0.0,0.41979479789733887,-0.12946112975478172,-0.1001468226313591,-0.07903531938791275
10020,28.375,-0.5932255387306213,-0.036791521683335306,0.014358067139983176,0.0,0.41810289621353147,-0.13857800215482713,-0.15272486209869385,-0.07430635392665863
10030,26.875,-0.6689102947711945,-0.029486453905701638,0.008108450658619403,0.0,0.41870046854019166,-0.13309263214468955,-0.11635518074035645,-0.07160903513431549
10040,29.3125,-0.28232139348983765,-0.03667313009500504,0.0073047812096774575,0.0,0.41555990278720856,-0.13679461628198625,-0.11293375492095947,-0.06854748725891113
10050,19.1875,-0.8604288101196289,-0.03904407098889351,0.015366937033832073,0.0,0.41634833812713623,-0.1226298488676548,-0.12085297703742981,-0.06605035066604614
10060,18.75,-0.9882080256938934,-0.03311106413602829,0.009682081453502179,0.0,0.4158416211605072,-0.1467372879385948,-0.17138808965682983,-0.0800865888595581
10070,24.125,-0.5601155757904053,-0.02892696186900139,0.026387587562203406,0.0,0.418631774187088,-0.1260116346180439,-0.11904633045196533,-0.040808096528053284
10080,22.875,-0.5820498764514923,-0.03201859537512064,0.009417258389294147,0.0,0.4155054807662964,-0.13134717866778373,-0.1361965537071228,-0.06866687536239624
10090,20.5,-0.7586193382740021,-0.03197901509702206,0.013034370541572571,0.0,0.41597490310668944,-0.14442336857318877,-0.09790816903114319,-0.0777057558298111
10100,25.125,-0.7884183526039124,-0.033797042444348335,0.016215951181948185,0.0,0.4225617557764053,-0.14421248957514762,-0.17419478297233582,-0.06115318462252617
10110,29.9375,-0.5755367577075958,-0.04123564101755619,0.012700538896024228,0.0,0.4201687455177307,-0.12846593633294107,-0.12972430884838104,-0.06124890595674515
10120,28.125,-0.788243293762207,-0.0370434507727623,0.009171787835657596,0.0,0.41748772859573363,-0.13413247764110564,-0.15050356090068817,-0.08264987170696259
10130,20.1875,-1.0884937644004822,-0.03462218567728996,0.014659102261066436,0.0,0.41995643079280853,-0.14983625262975692,-0.17958620190620422,-0.07780133187770844
10140,27.8125,-0.6683975160121918,-0.037754641845822334,0.010891467332839966,0.0,0.42040213346481325,-0.1362377069890499,-0.10060760378837585,-0.08538064360618591
10150,24.25,-0.63862743973732,-0.03306875117123127,0.017822131514549255,0.0,0.4180035561323166,-0.1406682938337326,-0.11423228681087494,-0.01367456465959549
10160,30.25,-0.5846841335296631,-0.033047792688012126,0.007588009629398584,0.0,0.4223919928073883,-0.11901362761855125,-0.1373591274023056,-0.07379140704870224
10170,18.75,-0.5946732759475708,-0.035459337197244166,0.009980268217623234,0.0,0.41952904462814333,-0.13171309158205985,-0.1538415104150772,-0.07695826888084412
10180,21.9375,-0.876401960849762,-0.03401332162320614,0.01895608603954315,0.0,0.4211348921060562,-0.12732887715101243,-0.14649170637130737,-0.07212643325328827
10190,25.9375,-0.47249042987823486,-0.03703307770192623,0.01124228872358799,0.0,0.4211871951818466,-0.13305103555321693,-0.10926618427038193,-0.06875652074813843
10200,22.625,-0.5922968983650208,-0.03774960748851299,0.006730083283036948,0.0,0.41976185142993927,-0.12728482484817505,-0.15368999540805817,-0.07252329587936401
10210,27.75,-0.5726702809333801,-0.03527022935450077,0.01749040186405182,0.0,0.421936571598053,-0.11517229378223419,-0.10175254940986633,-0.08359690010547638
10220,22.4375,-0.8885205090045929,-0.038331086933612826,0.01050412692129612,0.0,0.4230950653553009,-0.11596632078289985,-0.17978021502494812,-0.06420814990997314
10230,27.1875,-0.8059455454349518,-0.04307852312922478,0.011417240835726261,0.0,0.42221100330352784,-0.11584255248308181,-0.17730791866779327,-0.09316294640302658
10240,20.25,-0.8786503076553345,-0.03400613144040108,0.01771548166871071,0.0,0.4203569501638412,-0.13774372339248658,-0.15786707401275635,-0.0658087208867073
10250,22.4375,-0.5746301114559174,-0.04145750552415848,0.013255020417273045,0.0,0.41843008399009707,-0.14378145188093186,-0.10538168251514435,-0.08438276499509811
10260,22.0,-0.7719841003417969,-0.040677262097597124,0.014536552876234055,0.0,0.41887165009975436,-0.13509458303451538,-0.12366162240505219,-0.07699935138225555
10270,14.4375,-1.0536561012268066,-0.03961576372385025,0.009746692143380642,0.0,0.4144544452428818,-0.1379135988652706,-0.11270612478256226,-0.076337531208992
10280,26.8125,-0.6808920502662659,-0.03194117434322834,0.025218328461050987,0.0,0.4171003490686417,-0.1268431067466736,-0.13747826218605042,-0.07235966622829437
10290,13.25,-1.1787143349647522,-0.03918235637247562,0.010390165448188781,0.0,0.419195094704628,-0.13532485887408258,-0.17977720499038696,-0.0687866061925888
10300,22.875,-0.8972445726394653,-0.034067725762724876,0.01992781236767769,0.0,0.4215712994337082,-0.1358521856367588,-0.1898685097694397,-0.06994536519050598
10310,32.125,-0.6670023500919342,-0.032950480654835704,0.015131046995520592,0.0,0.4195944219827652,-0.13236693739891053,-0.10629168152809143,-0.07573997974395752
10320,22.625,-0.8767619132995605,-0.0329442672431469,0.00867247674614191,0.0,0.42055435180664064,-0.12159092128276824,-0.15520571172237396,-0.06471498310565948
10330,25.8125,-0.7564314305782318,-0.040253615379333495,0.011657299846410752,0.0,0.4212297350168228,-0.133905790746212,-0.13268649578094482,-0.03351740539073944
10340,22.0625,-1.0874302983283997,-0.03488511703908444,0.0070946475490927694,0.0,0.41896534264087676,-0.13338934630155563,-0.17621958255767822,-0.0794132873415947
10350,27.4375,-0.36101727187633514,-0.033374397456645964,0.012068092450499534,0.0,0.42054703533649446,-0.11229124143719674,-0.07171930372714996,-0.07440298050642014
10360,24.625,-0.7859422564506531,-0.034393840841948985,0.015065865591168404,0.0,0.41687081158161166,-0.1439177453517914,-0.167184978723526,-0.06326272338628769
10370,21.75,-1.0723872184753418,-0.03500137887895107,0.009725623205304146,0.0,0.4188875496387482,-0.13356679156422616,-0.15070697665214539,-0.07628538459539413
10380,24.9375,-0.5631488859653473,-0.0404476560652256,0.029941074922680853,0.0,0.42063643634319303,-0.1261611506342888,-0.10693120956420898,-0.06123674660921097
10390,28.6875,-0.5692794620990753,-0.03334351927042008,0.03112121969461441,0.0,0.419513538479805,-0.13912174999713897,-0.10768873989582062,-0.07297870516777039
10400,27.5,-0.7759957909584045,-0.03565433993935585,0.019775392860174178,0.0,0.4246056109666824,-0.13930704891681672,-0.1444682776927948,-0.06492387503385544
10410,26.125,-0.4613150954246521,-0.03817783817648888,0.013634167984127999,0.0,0.42076953053474425,-0.14810910671949387,-0.09429765492677689,-0.06134932115674019
10420,25.25,-0.457521915435791,-0.03533721938729286,0.0093437684699893,0.0,0.4175307065248489,-0.13676845729351045,-0.07544895261526108,-0.0723431184887886
10430,31.375,-0.582001805305481,-0.032063602656126025,0.011218491941690445,0.0,0.4231431156396866,-0.1201536700129509,-0.15137352049350739,-0.05394287407398224
10440,34.0625,-0.6005024015903473,-0.03461785428225994,0.015301666595041752,0.0,0.4230323702096939,-0.12697987258434296,-0.16766482591629028,-0.07453922927379608
10450,14.75,-1.0730887055397034,-0.03308103904128075,0.008747905492782593,0.0,0.4177506059408188,-0.14890522435307502,-0.16324681043624878,-0.06518684327602386
10460,27.0,-0.45551663637161255,-0.031108425557613374,0.01691809818148613,0.0,0.4225606381893158,-0.1447856068611145,-0.0728861540555954,-0.0711984783411026
10470,18.9375,-0.8512919843196869,-0.03559690937399864,0.012807917036116123,0.0,0.42249026596546174,-0.10968086794018746,-0.08408264815807343,-0.08208835124969482
10480,31.9375,-0.45931510627269745,-0.029629646986722945,0.017794448882341385,0.0,0.42300812900066376,-0.11303088665008545,-0.07637639343738556,-0.07585173100233078
10490,20.8125,-0.9808973073959351,-0.04655945524573326,0.01118477452546358,0.0,0.42041382789611814,-0.12863085567951202,-0.1760985404253006,-0.06000522896647453
10500,23.5,-0.9541061222553253,-0.036183781921863556,0.007531323935836554,0.0,0.42459896206855774,-0.1141366757452488,-0.1172129213809967,-0.06497274339199066
10510,26.625,-0.4286920428276062,-0.03366336710751057,0.019951130077242852,0.0,0.42407895922660827,-0.1098263718187809,-0.08566272258758545,-0.0037096801679581404
10520,31.9375,-0.972144603729248,-0.033697310276329516,0.01732962690293789,0.0,0.4194819569587708,-0.11839751973748207,-0.1516435146331787,-0.06595837324857712
10530,20.75,-0.9558849334716797,-0.03470710385590792,0.014790026843547821,0.0,0.42076902985572817,-0.11651154831051827,-0.11687135696411133,-0.06870099902153015
10540,25.125,-0.6730235815048218,-0.03672372316941619,0.010845430940389634,0.0,0.42380118668079375,-0.12298485338687896,-0.12638559937477112,-0.07020442187786102
10550,24.25,-0.5739644169807434,-0.03832089528441429,0.009319661743938923,0.0,0.4229716330766678,-0.11533135548233986,-0.11062890291213989,-0.07886774837970734
10560,29.75,-0.4767594039440155,-0.03815385866910219,0.019254466332495213,0.0,0.42329525053501127,-0.09504973143339157,-0.12179479748010635,-0.06462916731834412
10570,30.8125,-0.5765072107315063,-0.036660033464431765,0.010280964337289334,0.0,0.422424727678299,-0.12054114565253257,-0.1266908198595047,-0.06751739233732224
10580,22.75,-0.6768039166927338,-0.03726722411811352,0.008643823862075805,0.0,0.4213614195585251,-0.11351044028997422,-0.12327204644680023,-0.07855644822120667
10590,23.8125,-0.5542157888412476,-0.03557114079594612,0.015260623209178448,0.0,0.42780861258506775,-0.10112606659531594,-0.07558463513851166,-0.07259207963943481
10600,32.75,-0.6706897914409637,-0.034500619024038316,0.007697403524070978,0.0,0.4250017195940018,-0.10053382702171802,-0.11200893670320511,-0.07974471151828766
10610,21.875,-0.6537363529205322,-0.03665705099701881,0.0077520860359072685,0.0,0.42539615035057066,-0.09502645321190357,-0.0888138860464096,-0.06758220493793488
10620,21.75,-0.5639050602912903,-0.04090942237526178,0.013169672340154648,0.0,0.42730582058429717,-0.11855899393558503,-0.10242341458797455,-0.06567491590976715
10630,35.0625,-0.769941121339798,-0.030843600630760193,0.00942631009966135,0.0,0.42351041436195375,-0.11872215345501899,-0.12955041229724884,-0.06841865926980972
10640,23.0625,-0.5863331258296967,-0.04034210741519928,0.0067531784996390344,0.0,0.42369255125522615,-0.130668193846941,-0.13698990643024445,-0.07782414555549622
10650,20.125,-1.0853458642959595,-0.03837195187807083,0.014292532764375209,0.0,0.4226700574159622,-0.14446576908230782,-0.1904124617576599,-0.062260549515485764
10660,25.625,-0.570753663778305,-0.041779905557632446,0.009505682438611985,0.0,0.42234938144683837,-0.1342765636742115,-0.10728451609611511,-0.07554588466882706
10670,31.5625,-0.47053878009319305,-0.037042267993092536,0.013969978503882884,0.0,0.4307515203952789,-0.11281437128782272,-0.10462329536676407,-0.06937076151371002
10680,27.6875,-0.44632306694984436,-0.03000661954283714,0.016091837733983993,0.0,0.42617774903774264,-0.11870914027094841,-0.05474141985177994,-0.06915711611509323
10690,26.5625,-0.6829463243484497,-0.03739718403667212,0.009753062948584556,0.0,0.4261226862668991,-0.11946070939302444,-0.12897534668445587,-0.08834654092788696
10700,26.125,-0.38295237720012665,-0.037043717224150896,0.00886881873011589,0.0,0.42718050479888914,-0.1158626340329647,-0.10954621434211731,-0.08068017661571503
10710,19.375,-0.8562829792499542,-0.03548459038138389,0.030282240360975266,0.0,0.4261258661746979,-0.13310049548745156,-0.1158737987279892,-0.05980142951011658
10720,27.9375,-0.5740399956703186,-0.03665589205920696,0.0075838914141058925,0.0,0.42989427745342257,-0.12446325719356537,-0.12366288900375366,-0.06626006215810776
10730,31.5625,-0.15153636783361435,-0.03521148804575205,0.022798315063118933,0.0,0.4287619322538376,-0.119092558324337,-0.04083895683288574,-0.07066415250301361
10740,24.4375,-0.6244085431098938,-0.033251257985830306,0.017683390900492667,0.0,0.4323048859834671,-0.11834657415747643,-0.109709233045578,0.01211507711559534
10750,22.9375,-0.5846101939678192,-0.0389084491878748,0.02168043740093708,0.0,0.4293845981359482,-0.12024082243442535,-0.13565337657928467,-0.0745304673910141
10760,24.4375,-0.7551067173480988,-0.03649116083979607,0.02139980122447014,0.0,0.43015579879283905,-0.11255039796233177,-0.09196311980485916,-0.0755184143781662
10770,25.75,-0.4656505286693573,-0.04147322326898575,0.007798479590564966,0.0,0.4302630633115768,-0.1235397771000862,-0.09492817521095276,-0.06875903904438019
10780,30.25,-0.3728805184364319,-0.030453458428382874,0.012602775543928146,0.0,0.43270376324653625,-0.10407784581184387,-0.09637477993965149,-0.07419048249721527
10790,27.625,-0.7667068541049957,-0.036410994827747345,0.011722088046371936,0.0,0.43288053274154664,-0.11851266920566558,-0.1289481222629547,-0.061664700508117676
10800,24.5625,-0.6602780520915985,-0.04143945686519146,0.012411999702453613,0.0,0.43277941942214965,-0.1277715668082237,-0.10355431586503983,-0.0666029304265976
10810,21.625,-0.5502060353755951,-0.041011831164360045,0.026907278597354888,0.0,0.43387381434440614,-0.12170858606696129,-0.0948779284954071,-0.04636729881167412
10820,25.5,-0.6680042147636414,-0.03745113126933575,0.012337344884872436,0.0,0.43402509987354276,-0.1163519449532032,-0.1331760287284851,-0.052093081176280975
10830,22.8125,-0.8470133543014526,-0.03393402472138405,0.023784925788640977,0.0,0.43164955675601957,-0.12198534980416298,-0.12599200010299683,-0.03507194668054581
10840,25.125,-0.4860509932041168,-0.03331502471119165,0.030578795075416564,0.0,0.43341522216796874,-0.11957284063100815,-0.13842660188674927,-0.06691537797451019
10850,26.125,-0.4701928049325943,-0.03496206048876047,0.02091197334229946,0.0,0.43266641497612,-0.11695300340652466,-0.1005137637257576,-0.07389941811561584
10860,22.9375,-0.850448727607727,-0.03671840596944094,0.01391767580062151,0.0,0.43415785431861875,-0.11370265483856201,-0.10518646985292435,-0.06253613531589508
10870,21.0625,-0.4651794582605362,-0.034298112615942955,0.016069892421364786,0.0,0.4331038862466812,-0.12611657418310643,-0.09318524599075317,-0.07110513746738434
10880,28.875,-0.471920371055603,-0.036158368736505506,0.015063197165727616,0.0,0.4330529421567917,-0.1250579349696636,-0.1097252145409584,-0.0667717233300209
10890,30.625,-0.5797872543334961,-0.0344687607139349,0.00845127683132887,0.0,0.4342558979988098,-0.13437013402581216,-0.13546350598335266,-0.0648968294262886
10900,27.25,-0.6742324531078339,-0.03847231566905975,0.01653643511235714,0.0,0.4325470894575119,-0.12089860364794731,-0.1313634216785431,-0.06576596200466156
10910,22.375,-0.8822975158691406,-0.043544911220669745,0.010300207696855069,0.0,0.4345739006996155,-0.12435760907828808,-0.1586395502090454,-0.07199660688638687
10920,27.5625,-0.6638562381267548,-0.032856490649282935,0.009024466667324305,0.0,0.43707560896873476,-0.11887176632881165,-0.11655326187610626,-0.05847308039665222
10930,33.25,-0.4706670045852661,-0.03481019772589207,0.00558236762881279,0.0,0.4411524832248688,-0.1171328529715538,-0.11036987602710724,-0.0630471259355545
10940,32.0,-0.7815275192260742,-0.04394897576421499,0.01810135692358017,0.0,0.441454815864563,-0.12039794772863388,-0.17345267534255981,-0.04749658331274986
10950,22.8125,-0.753860354423523,-0.0388793908059597,0.012153453193604946,0.0,0.43978777527809143,-0.10577296912670135,-0.0995301827788353,-0.06552423536777496
10960,18.125,-0.6546529829502106,-0.03785676173865795,0.01501872818917036,0.0,0.43740029633045197,-0.13268596455454826,-0.0846533551812172,-0.07502514868974686
10970,21.25,-0.7609902322292328,-0.03494540080428123,0.009085550531744957,0.0,0.43836450576782227,-0.11694377213716507,-0.13808926939964294,-0.0422406941652298
10980,32.6875,-0.6665707528591156,-0.0386122515425086,0.01592912748456001,0.0,0.4394029289484024,-0.10313795730471612,-0.0981789380311966,-0.08297733217477798
10990,24.0625,-0.6550750732421875,-0.040316008031368256,0.01677447445690632,0.0,0.43963301479816436,-0.09881622269749642,-0.07779577374458313,-0.0813082903623581
11000,29.5625,-0.6702026128768921,-0.03304138295352459,0.029156720265746117,0.0,0.44011637568473816,-0.11095357611775399,-0.11977434158325195,-0.07088326662778854
11010,14.25,-0.9796326756477356,-0.03262803554534912,0.029543575271964072,0.0,0.44011358320713045,-0.12872148007154466,-0.17338304221630096,-0.06098570302128792
11020,25.25,-0.5660268664360046,-0.04024926759302616,0.0163510924205184,0.0,0.443464919924736,-0.11673974096775055,-0.09855659306049347,-0.07570403814315796
11030,21.0,-0.7794187366962433,-0.0405210580676794,0.018112658336758614,0.0,0.4402635216712952,-0.12322218641638756,-0.147471085190773,-0.06841741502285004
11040,31.25,-0.26132143288850784,-0.03682309668511152,0.022938400506973267,0.0,0.4430908143520355,-0.10884740427136422,-0.10341440886259079,-0.03569221869111061
11050,32.0,-0.7628047168254852,-0.03237605467438698,0.00722903786227107,0.0,0.4446904450654984,-0.10239630043506623,-0.1249762773513794,-0.05700051039457321
11060,28.1875,-0.766569048166275,-0.03814412383362651,0.020658398419618605,0.0,0.44162411987781525,-0.10488525107502937,-0.10056785494089127,-0.08884213864803314
11070,29.5,-0.7853561043739319,-0.03701511193066835,0.018824351020157337,0.0,0.44280694127082826,-0.0977812759578228,-0.16559019684791565,-0.06294760853052139
11080,27.25,-0.458564892411232,-0.03533647395670414,0.014644379168748856,0.0,0.4434462130069733,-0.12811000719666482,-0.08855903148651123,-0.06100524589419365
11090,35.0,-0.5669385492801666,-0.036700695380568506,0.016483238711953164,0.0,0.44445401430130005,-0.10714426934719086,-0.1026870459318161,-0.07168006151914597
11100,36.125,-0.7340182662010193,-0.03433042950928211,0.02248850055038929,0.0,0.4455907016992569,-0.10226649865508079,-0.050937145948410034,-0.07283775508403778
11110,25.125,-0.7630371451377869,-0.03971350304782391,0.010772110708057881,0.0,0.44287788271903994,-0.12538767904043197,-0.11557036638259888,-0.0675039291381836
11120,29.625,-0.6700593829154968,-0.03600213080644608,0.02066604569554329,0.0,0.4433222204446793,-0.10849354937672614,-0.12487106025218964,-0.06467465311288834
11130,23.4375,-0.7691321671009064,-0.03763146325945854,0.00829343730583787,0.0,0.44305826127529147,-0.1210075244307518,-0.12023098021745682,-0.07616947591304779
11140,24.5625,-0.9089245200157166,-0.034978955239057544,0.013602240011096,0.0,0.44216296076774597,-0.12741148173809053,-0.2035762518644333,-0.07970491796731949
11150,22.25,-1.1575910449028015,-0.03947567790746689,0.009143774770200253,0.0,0.44135902225971224,-0.12244056314229965,-0.14255577325820923,-0.06408491730690002
11160,29.625,-0.8730855584144592,-0.03583245649933815,0.008377416990697384,0.0,0.44515504539012907,-0.09708860367536545,-0.1393434703350067,-0.06831562519073486
11170,23.6875,-0.7696562111377716,-0.04006173200905323,0.016009659878909586,0.0,0.44160428643226624,-0.10918402224779129,-0.13141679763793945,-0.06592874228954315
11180,24.4375,-0.5703068971633911,-0.03874715026468038,0.010392465069890023,0.0,0.4432021200656891,-0.11104480847716332,-0.11411234736442566,-0.06749045103788376
11190,38.4375,-0.37683168053627014,-0.03609674386680126,0.008798809442669153,0.0,0.44834145307540896,-0.10606118366122246,-0.109394371509552,-0.06946499645709991
11200,29.0,-0.6560629904270172,-0.03794837296009064,0.023818111047148705,0.0,0.44141451716423036,-0.12421295791864395,-0.13188964128494263,-0.029463879764080048
11210,24.5,-0.4560318738222122,-0.03765797913074494,0.013436993211507797,0.0,0.444457471370697,-0.12639352157711983,-0.0815192461013794,-0.06350608170032501
11220,30.75,-0.6649776995182037,-0.032461874559521674,0.013680220022797585,0.0,0.44306365847587587,-0.12171479985117913,-0.10052795708179474,-0.07997868955135345
11230,35.125,-0.7635580599308014,-0.04018793571740389,0.015730287693440915,0.0,0.445074126124382,-0.11298955455422402,-0.12343276292085648,-0.06149021536111832
11240,27.1875,-0.6695179045200348,-0.03963166698813438,0.005652804207056761,0.0,0.4462555289268494,-0.12342210188508033,-0.12358660250902176,-0.06559070944786072
11250,23.75,-0.5600884556770325,-0.038023647665977475,0.01899442672729492,0.0,0.4471383929252625,-0.11111611202359199,-0.10123039782047272,-0.05961214751005173
11260,29.6875,-0.6741335391998291,-0.03345465213060379,0.02137933149933815,0.0,0.4481406003236771,-0.1027976080775261,-0.11711827665567398,-0.08054180443286896
11270,23.1875,-0.9516690969467163,-0.03205083534121513,0.01896114684641361,0.0,0.44837393164634703,-0.11949620842933655,-0.10149617493152618,-0.0760989561676979
11280,20.375,-0.8487885296344757,-0.034374522231519225,0.01502201333642006,0.0,0.4450663387775421,-0.11390073075890542,-0.10303184390068054,-0.0611194483935833
11290,30.3125,-0.5574848651885986,-0.0354168426245451,0.018900816142559052,0.0,0.446267357468605,-0.11468238160014152,-0.08732791244983673,-0.06895539164543152
11300,28.25,-0.7736246585845947,-0.04320613946765661,0.016131205298006535,0.0,0.4497304707765579,-0.11675405949354171,-0.13823390007019043,-0.06777098774909973
11310,38.25,-0.5477031171321869,-0.04308524038642645,0.013632454350590706,0.0,0.4483192592859268,-0.12349477931857109,-0.0694417729973793,-0.06646451354026794
11320,21.625,-0.6724398136138916,-0.04170826710760593,0.03181542344391346,0.0,0.4454481840133667,-0.11491068489849568,-0.12134768068790436,-0.07170215249061584
11330,39.875,-0.5686564147472382,-0.02901241332292557,0.017704130709171297,0.0,0.4498041570186615,-0.11894894018769264,-0.11091750860214233,-0.06779193133115768
11340,31.0,-0.46614521741867065,-0.040151819586753845,0.02404899336397648,0.0,0.45047726333141325,-0.11898902878165245,-0.08348371833562851,-0.07932910323143005
11350,24.6875,-0.7923868298530579,-0.030940013378858565,0.032813710719347,0.0,0.45358397662639616,-0.1128386177122593,-0.17299827933311462,-0.0691046193242073
11360,29.125,-0.6709721088409424,-0.039807912334799765,0.009150926396250725,0.0,0.45296459794044497,-0.1216401718556881,-0.1122501939535141,-0.07774555683135986
11370,34.3125,-0.569052129983902,-0.04504263810813427,0.008400790393352509,0.0,0.4516619384288788,-0.09836509712040424,-0.11542540788650513,-0.06372421979904175
11380,23.8125,-0.5765920281410217,-0.04020499661564827,0.014965168759226799,0.0,0.4523892730474472,-0.12145832255482673,-0.12123692035675049,-0.07287492603063583
11390,30.0625,-0.8608342111110687,-0.03931701295077801,0.009568364173173905,0.0,0.4554546684026718,-0.10012322962284088,-0.10424664616584778,-0.08250125497579575
11400,31.9375,-0.5052526295185089,-0.042850143276154995,0.012883338890969754,0.0,0.4566341698169708,-0.12493683770298958,-0.1753457635641098,-0.06814669072628021
11410,19.625,-0.773110568523407,-0.03770529106259346,0.015637043118476867,0.0,0.45612946450710296,-0.12395110726356506,-0.1256164312362671,-0.07902193069458008
11420,27.9375,-0.5769300162792206,-0.0432360403239727,0.012978579849004745,0.0,0.45627071261405944,-0.11848296746611595,-0.12131781131029129,-0.07386322319507599
11430,38.75,-0.37114736437797546,-0.03489636741578579,0.019753921777009964,0.0,0.45277891457080843,-0.11141939982771873,-0.09264668822288513,-0.07306410372257233
11440,29.0,-1.0822464227676392,-0.041064825281500815,0.014206845685839653,0.0,0.45572240352630616,-0.11055076494812965,-0.17836517095565796,-0.06970744580030441
11450,24.3125,-0.4499872922897339,-0.03956174850463867,0.012832751125097274,0.0,0.45336203277111053,-0.09616779796779155,-0.06580044329166412,-0.0659884512424469
11460,28.4375,-0.58289834856987,-0.039031310379505156,0.01330270953476429,0.0,0.4553591549396515,-0.10927907079458236,-0.1282045990228653,-0.07918362319469452
11470,28.6875,-0.7980050146579742,-0.03618779592216015,0.013355481065809726,0.0,0.4560271382331848,-0.1233094111084938,-0.1683294177055359,-0.08495835959911346
11480,34.5,-0.3576820194721222,-0.04018401391804218,0.017452146485447885,0.0,0.4560296356678009,-0.11255043298006058,-0.06075651943683624,-0.08000554144382477
11490,18.3125,-0.8547984063625336,-0.04004983305931091,0.020976197347044943,0.0,0.456591522693634,-0.11705299690365792,-0.09344977140426636,-0.08155128359794617
11500,37.5,-0.4606717675924301,-0.039842811226844785,0.010916353017091752,0.0,0.4569938093423843,-0.10365433618426323,-0.08767788112163544,-0.06476323306560516
11510,21.0625,-0.7523812353610992,-0.042591883800923824,0.013041072711348533,0.0,0.4594290524721146,-0.0940995890647173,-0.08156836777925491,-0.07896396517753601
11520,40.6875,-0.37765806913375854,-0.03604521229863167,0.017145679891109468,0.0,0.4604206770658493,-0.09450777098536492,-0.1074986457824707,-0.07361932098865509
11530,31.625,-0.5644580125808716,-0.043127122521400454,0.02240545116364956,0.0,0.46103025078773496,-0.11141495555639266,-0.10395696759223938,-0.06514047831296921
11540,16.625,-0.8539669811725616,-0.04489020556211472,0.022381983697414398,0.0,0.4625684231519699,-0.12296001762151718,-0.1004079133272171,-0.07233864068984985
11550,14.8125,-1.0704675316810608,-0.04137316681444645,0.016671271063387394,0.0,0.4648667722940445,-0.10086081624031067,-0.1433965265750885,-0.07923918962478638
11560,30.875,-0.573044627904892,-0.03909761719405651,0.006762651912868023,0.0,0.46142413914203645,-0.08634219355881215,-0.11093705147504807,-0.07603716105222702
11570,21.0,-0.8753256797790527,-0.03706950135529041,0.01394798681139946,0.0,0.4612955957651138,-0.09920408874750138,-0.15042972564697266,-0.06424392759799957
11580,28.875,-0.6679604649543762,-0.03562905825674534,0.015276361443102359,0.0,0.4635148286819458,-0.08918006643652916,-0.11594532430171967,-0.0706559270620346
11590,30.875,-0.9433557987213135,-0.04054642505943775,0.013101214170455932,0.0,0.46133973300457,-0.09333839118480683,-0.0891590490937233,-0.0714370384812355
11600,32.0,-0.5748427510261536,-0.038460773229598996,0.02626063711941242,0.0,0.46557524502277375,-0.10371630117297173,-0.1213383898139,-0.06893926858901978
11610,37.25,-0.6615632772445679,-0.04260371029376984,0.02811218872666359,0.0,0.46571982502937315,-0.09868940487504005,-0.08637101948261261,-0.08489038050174713
11620,37.4375,-0.8471636176109314,-0.03091072551906109,0.009182094782590865,0.0,0.4657374322414398,-0.12297616750001908,-0.0865669846534729,-0.07266643643379211
11630,26.6875,-0.5740028321743011,-0.03825298547744751,0.02807531729340553,0.0,0.46867296695709226,-0.10418090745806693,-0.11253975331783295,-0.07349410653114319
11640,38.75,-0.5890190899372101,-0.04216788224875927,0.01867709830403328,0.0,0.47005211412906645,-0.11012291386723519,-0.15547975897789001,-0.06511293351650238
11650,29.125,-0.48905959725379944,-0.039436391182243825,0.020729561895132066,0.0,0.46954563856124876,-0.10862337052822113,-0.14907535910606384,-0.06252409517765045
11660,38.5625,-0.5596955120563507,-0.04177769608795643,0.013850177079439164,0.0,0.4695894569158554,-0.07343035694211722,-0.09776389598846436,-0.061995841562747955
11670,25.5625,-0.7677541375160217,-0.0390032010152936,0.019512438401579856,0.0,0.4710041582584381,-0.11945932880043983,-0.1643213927745819,-0.028236515820026398
11680,23.125,-0.7585289776325226,-0.04079462215304375,0.018595530837774276,0.0,0.47377648651599885,-0.09089784026145935,-0.10570922493934631,-0.06785610318183899
11690,25.375,-0.47132788598537445,-0.03870365619659424,0.014154265634715557,0.0,0.4736316591501236,-0.12373204976320266,-0.09888073801994324,-0.07696802169084549
11700,28.3125,-0.7346963882446289,-0.04258403889834881,0.02187890335917473,0.0,0.4749202996492386,-0.09631709307432175,-0.05984380096197128,-0.06468237936496735
11710,37.5625,-0.4364420920610428,-0.03919275142252445,0.01686217077076435,0.0,0.4788288652896881,-0.10212917774915695,-0.04874885827302933,-0.05694155395030975
11720,33.875,-0.7454434037208557,-0.04573695734143257,0.016645350866019724,0.0,0.47863786220550536,-0.07979669123888015,-0.0861864984035492,-0.061505191028118134
11730,48.1875,-0.4757131040096283,-0.03918846771121025,0.026190806552767752,0.0,0.4827254980802536,-0.08244213126599789,-0.11001262813806534,-0.07350800931453705
11740,30.5625,-0.32313425838947296,-0.04036256512627005,0.020234472677111627,0.0,0.4798362970352173,-0.10562235414981842,0.01732366904616356,-0.08847194910049438
11750,26.5625,-0.7519070506095886,-0.037989567033946514,0.012177500873804092,0.0,0.48044219613075256,-0.07876423858106137,-0.09757169336080551,-0.06325623393058777
11760,27.75,-0.6723417639732361,-0.03524225205183029,0.028789529204368593,0.0,0.48163930177688596,-0.09453039802610874,-0.12350820004940033,-0.07053768634796143
11770,38.5,-0.43846651911735535,-0.037701280787587166,0.013843058422207833,0.0,0.4847271144390106,-0.08089715465903283,-0.048298101872205734,-0.05649154633283615
11780,29.6875,-0.7452223598957062,-0.03803194835782051,0.021973952651023865,0.0,0.483177649974823,-0.11087328493595124,-0.07795391976833344,-0.06990434974431992
11790,23.3125,-0.5306110382080078,-0.034492384642362595,0.02126750834286213,0.0,0.4860462784767151,-0.10771013535559178,-0.02657698094844818,-0.07644443213939667
11800,29.3125,-0.574495941400528,-0.03974604457616806,0.0281584233045578,0.0,0.4852156788110733,-0.11421537175774574,-0.11585810780525208,-0.0728892832994461
11810,37.5625,-0.23548544943332672,-0.03789885006844997,0.01624330524355173,0.0,0.48802492022514343,-0.10286699142307043,-0.04716542363166809,-0.04013995826244354
11820,25.625,-0.44845473766326904,-0.036330701783299446,0.02430207096040249,0.0,0.48780409395694735,-0.10724635869264602,-0.06394385546445847,-0.06658809632062912
11830,29.375,-0.35557717084884644,-0.0401592954993248,0.023086266219615938,0.0,0.49120583236217497,-0.09606809169054031,-0.06183822453022003,-0.07388211041688919
11840,28.4375,-0.562011331319809,-0.032599044032394886,0.023137979954481126,0.0,0.49623976051807406,-0.10701742805540562,-0.08471530675888062,-0.08006855845451355
11850,34.3125,-0.60760697722435,-0.03997198883444071,0.021616885811090468,0.0,0.4949418485164642,-0.07209520507603884,0.009667502716183662,-0.07301503419876099
11860,33.25,-0.4548940360546112,-0.03815162032842636,0.015224735625088215,0.0,0.4967479586601257,-0.07725951559841633,-0.08946973085403442,-0.05207443982362747
11870,30.9375,-0.6408248543739319,-0.039747466892004014,0.012680263072252274,0.0,0.496337828040123,-0.060352303367108104,-0.0710296556353569,-0.05949416384100914
11880,20.8125,-0.6934284865856171,-0.0386872261762619,0.029135892540216445,0.0,0.49513972401618955,-0.11738211065530776,-0.1757958084344864,-0.06086500734090805
11890,26.0,-0.6563092470169067,-0.03800374902784824,0.025932512432336807,0.0,0.49708983600139617,-0.10014142580330372,-0.08067161589860916,-0.07959757000207901
11900,26.375,-0.5405805706977844,-0.03968210369348526,0.018925981223583223,0.0,0.4984241187572479,-0.10388844385743141,-0.05607886612415314,-0.06683944910764694
11910,37.9375,-0.35232457518577576,-0.04116502068936825,0.019869409129023553,0.0,0.49832974970340727,-0.09641508534550666,-0.06839442253112793,-0.060630347579717636
11920,26.3125,-0.4590626358985901,-0.04483772963285446,0.025785582885146142,0.0,0.498884391784668,-0.10833580195903778,-0.09009723365306854,-0.05864783376455307
11930,25.0,-1.0345365405082703,-0.0410926453769207,0.03350374139845371,0.0,0.502094304561615,-0.09420068580657244,-0.0755777433514595,-0.07721513509750366
11940,33.6875,-0.4572349190711975,-0.03772684670984745,0.00911610797047615,0.0,0.497904771566391,-0.09097597897052764,-0.0770249217748642,-0.06933197379112244
11950,21.125,-0.8694924414157867,-0.038063745200634005,0.01608677413314581,0.0,0.4974673122167587,-0.10439955219626426,-0.1234324723482132,-0.08043313026428223
11960,26.5625,-0.6699132025241852,-0.04396688751876354,0.03824084997177124,0.0,0.5035229355096817,-0.08482476007193326,-0.11980091780424118,-0.0693611204624176
11970,28.625,-0.7644949853420258,-0.042154726758599284,0.02013184279203415,0.0,0.5065530806779861,-0.08393045403063297,-0.1102837473154068,-0.07475826144218445
11980,29.1875,-0.7660212218761444,-0.04570972621440887,0.03644039630889893,0.0,0.5057894110679626,-0.09051896063610912,-0.12654957175254822,-0.06314689666032791
11990,24.0,-0.7689485251903534,-0.033898447453975675,0.052533698827028276,0.0,0.5046040713787079,-0.08780797962099314,-0.12011271715164185,-0.07746441662311554
12000,22.3125,-0.7475837469100952,-0.04222364258021116,0.01780058108270168,0.0,0.5050080478191376,-0.07179931551218033,-0.08031736314296722,-0.07336242496967316
12010,25.6875,-0.5657259821891785,-0.03410083875060081,0.023281793296337127,0.0,0.5071092009544372,-0.09971827808767557,-0.10566423833370209,-0.067640021443367
12020,30.8125,-0.4797167032957077,-0.04077748041599989,0.018661798164248466,0.0,0.5076124519109726,-0.08181513473391533,-0.11728454381227493,-0.0757829025387764
12030,31.5,-0.5146740972995758,-0.0371416449546814,0.01343683861196041,0.0,0.5067191183567047,-0.0851594434119761,-0.0036243333015590906,-0.0651814416050911
12040,23.0,-0.7066685855388641,-0.04202479645609856,0.017271687090396882,0.0,0.5072668731212616,-0.10814052410423755,-0.014778394252061844,-0.05348474904894829
12050,25.625,-0.5851825475692749,-0.04178917072713375,0.026111201941967012,0.0,0.5076841652393341,-0.09688394274562598,-0.14166739583015442,-0.07050874084234238
12060,28.125,-0.5450549721717834,-0.03324764911085367,0.017871270701289178,0.0,0.5126660943031311,-0.08485480677336454,-0.07695256173610687,-0.05388137698173523
12070,28.9375,-0.41497570276260376,-0.036351870931684974,0.024118833616375922,0.0,0.5151281356811523,-0.10524634020403027,-0.03308335691690445,-0.029140541329979897
12080,19.5,-0.8883788883686066,-0.04342929618433118,0.028551271185278893,0.0,0.513447743654251,-0.14288437515497207,-0.18117713928222656,-0.062078092247247696
12090,37.9375,-0.5542771518230438,-0.032374019548296926,0.010359270684421062,0.0,0.516046690940857,-0.08737347684800625,-0.09216910600662231,-0.05777736380696297
12100,24.125,-0.3805359899997711,-0.03999224565923214,0.017957861721515655,0.0,0.5187303125858307,-0.04861664331983775,0.024349059909582138,-0.017578260973095894
12110,28.25,-0.7432073950767517,-0.03665947988629341,0.03553857803344727,0.0,0.5178027272224426,-0.08523996006697417,-0.0679796040058136,-0.07394318282604218
12120,25.6875,-1.0579583644866943,-0.04210008382797241,0.02856053300201893,0.0,0.5162929594516754,-0.08476274721324444,-0.13665497303009033,-0.06033781170845032
12130,23.6875,-0.7313705682754517,-0.03717157170176506,0.02275989167392254,0.0,0.5172533392906189,-0.08890419527888298,-0.05692015960812569,-0.06309216469526291
12140,29.0,-0.7539212703704834,-0.034381255879998206,0.02136015482246876,0.0,0.521391075849533,-0.04891195353120566,-0.0956101194024086,-0.0687410980463028
12150,23.0,-0.8748786151409149,-0.040002957731485364,0.031861092522740365,0.0,0.5180648803710938,-0.10020426716655492,-0.13847029209136963,-0.07863299548625946
12160,29.5625,-0.2574916183948517,-0.034774428606033324,0.05834476351737976,0.0,0.5223486721515656,-0.12562872767448424,-0.0576544813811779,-0.07196199893951416
12170,25.1875,-0.8455360531806946,-0.03904845155775547,0.03707531988620758,0.0,0.5191788673400879,-0.0810789369046688,-0.06886923313140869,-0.08568125218153
12180,27.75,-0.6760333478450775,-0.038856180384755135,0.043879924714565276,0.0,0.5204900085926056,-0.10932858549058437,-0.12294565141201019,-0.07781587541103363
12190,38.25,-0.6392227113246918,-0.042674338817596434,0.022871381416916848,0.0,0.5232353925704956,-0.06735667902976275,-0.06820639967918396,-0.05948929861187935
12200,34.875,-0.6506566107273102,-0.034510178864002226,0.029722194373607635,0.0,0.5237346947193146,-0.15396229922771454,-0.0761958584189415,-0.07491791248321533
12210,32.0,-0.663329541683197,-0.038750463724136354,0.06829687505960465,0.0,0.5259466648101807,-0.09275911683216691,-0.11879868805408478,-0.05900566652417183
12220,37.3125,-0.1694917231798172,-0.0332225002348423,0.04319518283009529,0.0,0.5236893177032471,-0.13454197002574803,-0.09642733633518219,-0.051088958978652954
12230,21.5625,-0.9872653186321259,-0.031684403866529466,0.07496074438095093,0.0,0.5294163525104523,-0.1071178387850523,-0.1665003001689911,-0.08205914497375488
12240,23.5,-0.6341955065727234,-0.042290456034243105,0.026605315506458282,0.0,0.5265271008014679,-0.08624070882797241,-0.036454327404499054,-0.0811099261045456
12250,38.5625,-0.3629743456840515,-0.041423474252223966,0.027581731975078582,0.0,0.5289340317249298,-0.06517007406800986,-0.0806584358215332,-0.06810056418180466
12260,36.375,-0.22021368145942688,-0.032914188131690024,0.016800782829523086,0.0,0.5317098677158356,-0.1043759047985077,0.02596203051507473,-0.08222070336341858
12270,31.75,-0.34038300812244415,-0.03600529916584492,0.03629370033740997,0.0,0.5316528379917145,-0.11450381204485893,-0.039998121559619904,-0.06502461433410645
12280,28.375,-0.6199440360069275,-0.037310197949409485,0.015526636689901351,0.0,0.532966423034668,-0.06766520449891686,-0.012333489023149014,-0.07598641514778137
12290,26.375,-0.4339601993560791,-0.03662074953317642,0.03700113967061043,0.0,0.5317280411720275,-0.11603787206113339,-0.02369045652449131,-0.07759445905685425
12300,21.8125,-0.7225673198699951,-0.040454843640327455,0.022678180038928984,0.0,0.532704210281372,-0.037824452063068746,-0.03345153108239174,-0.06721294671297073
12310,28.5625,-0.4248744547367096,-0.033871055021882056,0.04813658595085144,0.0,0.5325691878795624,-0.06796080991625786,-0.04773121327161789,-0.03324346989393234
12320,26.25,-0.3801753669977188,-0.03720709532499313,0.019840262830257416,0.0,0.5335542321205139,-0.08109023328870535,-0.11032086610794067,-0.07443845272064209
12330,37.8125,-0.455935001373291,-0.03295200876891613,0.03129585087299347,0.0,0.536066859960556,-0.061804961692541835,-0.07555876672267914,-0.07040232419967651
12340,36.75,-0.3602210581302643,-0.036024697870016095,0.026758430525660515,0.0,0.5327543318271637,-0.08675664542242885,-0.061453141272068024,-0.08394403010606766
12350,31.875,-0.3510141968727112,-0.03651701807975769,0.019196619093418122,0.0,0.5353108227252961,-0.03826496046967805,-0.04681198298931122,-0.07954532653093338
12360,37.8125,-0.34319815039634705,-0.02984101474285126,0.01292989831417799,0.0,0.5357431054115296,-0.06203530225902796,-0.02749985083937645,-0.0827241763472557
12370,36.0625,-0.3841746747493744,-0.03207640685141087,0.0340797271579504,0.0,0.5345771074295044,-0.06272108126431704,0.015806788578629494,-0.01652727648615837
12380,32.625,-0.3411254286766052,-0.03506636992096901,0.026536140590906143,0.0,0.5349372088909149,-0.06877309465780854,-0.023640308529138565,-0.08320392668247223
12390,28.25,-0.4553767442703247,-0.04486038964241743,0.025347217917442322,0.0,0.5353942930698394,-0.07551245465874672,-0.07682006061077118,-0.06608937680721283
12400,27.5,-0.6199911236763,-0.03714397121220827,0.014874265901744366,0.0,0.533911943435669,-0.03452697927132249,-0.02012687362730503,-0.0680287629365921
12410,33.0,-0.5597502887248993,-0.035631893947720525,0.042699584364891054,0.0,0.5358454346656799,-0.06464625969529152,-0.13427042961120605,-0.02672126516699791
12420,20.5,-0.8361766934394836,-0.03894534595310688,0.03173677921295166,0.0,0.5323911011219025,-0.04776544510386884,-0.07451125979423523,-0.06329736113548279
12430,27.6875,-0.6056421101093292,-0.037969183176755905,0.04553179144859314,0.0,0.5380150139331817,-0.032887978944927454,-0.03322789445519447,-0.027838079258799553
12440,30.125,-0.505777433514595,-0.0339622538536787,0.02609843425452709,0.0,0.5328917622566223,-0.0858632180839777,0.01752907782793045,-0.06950691342353821
12450,41.5,-0.17933837324380875,-0.038985077664256094,0.030698700249195097,0.0,0.5350989699363708,-0.07673472501337528,-0.10958155989646912,-0.057288095355033875
12460,32.4375,-0.7629937529563904,-0.03966071056202054,0.04483051747083664,0.0,0.5375944375991821,-0.09515422806143761,-0.09219685196876526,-0.08937174826860428
12470,32.8125,-0.5395717024803162,-0.03584682866930962,0.008696880657225847,0.0,0.538896256685257,-0.061324382573366164,-0.046430960297584534,-0.07295715808868408
12480,23.9375,-0.9010512828826904,-0.03716377168893814,0.04897632524371147,0.0,0.5392521440982818,-0.0875792333856225,-0.19556152820587158,-0.07031363248825073
12490,31.125,-0.5618123114109039,-0.04168162904679775,0.02327176630496979,0.0,0.5362639009952546,-0.06439074310474098,-0.08230061829090118,-0.08184374868869781
12500,26.4375,-0.8101499080657959,-0.039957066625356676,0.030499494448304177,0.0,0.5405242741107941,-0.04745976161211729,-0.013865644112229347,-0.06943397223949432
12510,28.5625,-0.5180376917123795,-0.029991702735424043,0.02610412538051605,0.0,0.540529090166092,-0.062115725874900815,-0.02154160477221012,-0.05546688288450241
12520,36.25,-0.24980837106704712,-0.03607785627245903,0.02884601801633835,0.0,0.5430701792240142,-0.027195514738559724,-0.032476723194122314,-0.08337083458900452
12530,32.375,-0.5142533928155899,-0.03443918414413929,0.011314220912754535,0.0,0.5378061711788178,-0.019913607579655945,0.0013083051890134811,-0.07099486142396927
12540,30.5625,-0.23029300570487976,-0.04118571132421493,0.026085823029279708,0.0,0.5389588415622711,-0.02262844401411712,-0.012405544519424438,-0.06276863813400269
12550,36.625,-0.48236875236034393,-0.04552212171256542,0.0255939781665802,0.0,0.5389018833637238,-0.06983609516173601,-0.1111813634634018,-0.0867052972316742
12560,38.0,-0.5657171905040741,-0.03522540926933289,0.0476237528026104,0.0,0.5390113294124603,-0.07412829399108886,-0.08989723771810532,-0.08433213084936142
12570,28.0,-0.7545956671237946,-0.03575113229453564,0.013036799430847169,0.0,0.541037780046463,-0.07272317120805383,-0.1021132841706276,-0.06310728192329407
12580,38.4375,-0.41336338222026825,-0.03767779730260372,0.012410579808056354,0.0,0.5419844210147857,-0.033823183830827476,0.00809273961931467,-0.0659303218126297
12590,28.0625,-0.7133350968360901,-0.02953558973968029,0.033138984441757204,0.0,0.5481115698814392,-0.0692807277198881,-0.0006677452474832535,-0.07939301431179047
12600,33.1875,-0.5516854226589203,-0.040540841221809384,0.023152690008282663,0.0,0.5466116607189179,-0.026553993485867976,-0.06788270175457001,-0.07761408388614655
12610,33.0625,-0.31597356498241425,-0.05072188042104244,0.01983264647424221,0.0,0.5453981041908265,-0.03812465844675898,0.01945127733051777,-0.07472075521945953
12620,31.125,-0.5531112253665924,-0.04432153254747391,0.029339901730418207,0.0,0.5452123880386353,-0.0794898360967636,-0.06735698878765106,-0.07962998747825623
12630,23.25,-0.6241396069526672,-0.03213552013039589,0.021501503884792328,0.0,0.547676283121109,-0.09369177985936403,-0.02725348249077797,-0.06770244985818863
12640,50.75,-0.3622123897075653,-0.03307440280914307,0.043458879739046094,0.0,0.5509080052375793,-0.028027026867493986,-0.057817213237285614,-0.09172895550727844
12650,40.625,-0.5814161896705627,-0.032785261236131194,0.07714717090129852,0.0,0.5440838158130645,-0.10197147848084569,-0.1395246982574463,-0.06247846782207489
12660,26.9375,-0.6576533019542694,-0.04261959716677666,0.040873744338750836,0.0,0.5471729755401611,-0.04746886845678091,-0.08096003532409668,-0.08390782028436661
12670,30.8125,-0.7357079386711121,-0.03634702041745186,0.030628387257456778,0.0,0.5462593078613281,-0.03531210240907967,-0.04154377803206444,-0.0853181779384613
12680,44.875,-0.1636468768119812,-0.0390118632465601,0.047795616835355756,0.0,0.5497744023799896,-0.029728050529956817,-0.06981012225151062,-0.06566402316093445
12690,27.8125,-0.5649174749851227,-0.039761359617114064,0.05093565210700035,0.0,0.5490960955619812,-0.05767865963280201,-0.10150283575057983,-0.0693998709321022
12700,42.1875,-0.3693244010210037,-0.03515430092811585,0.051929276436567307,0.0,0.5501405775547028,-0.05951737090945244,-0.08474376797676086,-0.07812687009572983
12710,55.125,-0.2424090877175331,-0.037979177013039586,0.06595793515443801,0.0,0.550152325630188,-0.12957013845443727,-0.2176792174577713,-0.07514919340610504
12720,45.1875,-0.5113798677921295,-0.03853142932057381,0.07523624151945114,0.0,0.5510274350643158,-0.13805950228124858,-0.17252132296562195,-0.0828978419303894
12730,49.25,-0.6125694513320923,-0.03284908570349217,0.0452532596886158,0.0,0.5538021981716156,-0.20567926168441772,-0.1811593621969223,-0.08422763645648956
12740,38.875,-0.5829771161079407,-0.0375897029414773,0.03168539740145206,0.0,0.5525862693786621,-0.11999921458773315,-0.13241270184516907,-0.07508741319179535
12750,32.5625,-0.7938145995140076,-0.0426967728883028,0.044293328374624255,0.0,0.5539050459861755,-0.07189164152368903,-0.17084847390651703,-0.07084786891937256
12760,34.4375,-0.6487773358821869,-0.03672816641628742,0.04592649564146996,0.0,0.5541683316230774,-0.0641970663331449,-0.07568085193634033,-0.07009530067443848
12770,39.9375,-0.7250284254550934,-0.04022138537839055,0.02574184089899063,0.0,0.5581515669822693,-0.09504817416891456,-0.07898993790149689,-0.027401745319366455
12780,60.625,-0.20383930206298828,-0.03769361041486263,0.028114732727408408,0.0,0.5580562293529511,-0.10639608874917031,-0.13623368740081787,-0.07842262834310532
12790,48.9375,-0.36160916090011597,-0.029445919394493102,0.02893727533519268,0.0,0.5535822331905365,-0.08994536576792597,-0.07866775989532471,-0.06810247898101807
12800,39.8125,-0.22257958352565765,-0.0360966794192791,0.07239275127649307,0.0,0.5539413571357727,-0.09406244065612554,0.010154814459383488,-0.07124805450439453
12810,58.0,-0.47346481680870056,-0.031328854709863664,0.026994333043694495,0.0,0.5585078954696655,-0.10802761008962988,-0.2915252447128296,-0.08017536997795105
12820,56.375,-0.17712721973657608,-0.03764111287891865,0.019409480318427087,0.0,0.5598470449447632,-0.13872635066509248,-0.06666409969329834,-0.09495686739683151
12830,33.1875,-0.5595040917396545,-0.04021284431219101,0.02188008576631546,0.0,0.5615385174751282,-0.15513137057423593,-0.08732660859823227,-0.0718868225812912
12840,35.75,-0.657705545425415,-0.04084082394838333,0.06092042848467827,0.0,0.5625606834888458,-0.18879759758710862,-0.09927341341972351,-0.0661989152431488
12850,38.0,-0.4804048538208008,-0.04449328035116196,0.08304580748081207,0.0,0.5634822964668273,-0.12324686348438263,-0.12129583209753036,-0.0710202008485794
12860,51.1875,-0.40610669553279877,-0.03981859683990478,0.034508728235960004,0.0,0.5668540596961975,-0.15274362936615943,-0.1707644760608673,-0.06519147008657455
12870,23.25,-0.8195690214633942,-0.038901489973068235,0.014937343262135982,0.0,0.563997459411621,-0.10573384761810303,-0.032922275364398956,-0.06784692406654358
12880,75.0625,-0.3933902382850647,-0.040506710298359394,0.02454891800880432,0.0,0.5660642683506012,-0.15696587078273297,-0.3191622495651245,-0.08389736711978912
12890,74.6875,-0.4468056261539459,-0.02747749425470829,0.12468867897987365,0.0,0.5668112099170685,-0.35566393136978147,-0.24939009547233582,-0.06964660435914993
12900,48.0,-0.2653326243162155,-0.03727763295173645,0.05530252829194069,0.0,0.5674648404121398,-0.2401115968823433,-0.12885716557502747,-0.01680615544319153
12910,66.875,-0.35825033485889435,-0.03385749720036983,0.015512337349355221,0.0,0.5696372985839844,-0.2559386700391769,-0.2524482011795044,-0.08107602596282959
12920,64.625,-0.6187992990016937,-0.04282149551436305,0.022019332647323607,0.0,0.5739345252513885,-0.18959097042679787,-0.2073163092136383,-0.06750713288784027
12930,46.1875,-0.48703955113887787,-0.038005859777331355,0.13325512558221816,0.0,0.5713746905326843,-0.22212570160627365,-0.14498719573020935,-0.062116630375385284
12940,64.75,-0.3073701858520508,-0.033883460238575934,0.012901761010289193,0.0,0.5745358288288116,-0.22889001816511154,-0.16061750054359436,-0.06994413584470749
12950,90.9375,-0.3689626157283783,-0.02955644838511944,0.05356045439839363,0.0,0.5746723473072052,-0.22637419551610946,-0.2883383631706238,-0.06532763689756393
12960,75.1875,-0.46101608872413635,-0.036153197288513184,0.05982111543416977,0.0,0.57234046459198,-0.27033486813306806,-0.2765346169471741,-0.07094903290271759
12970,106.0625,-0.3050968647003174,-0.043127974960953,0.02060263268649578,0.0,0.5775442242622375,-0.14511986188590525,-0.1489543914794922,-0.07813037931919098
12980,103.125,-0.4036979079246521,-0.03717571422457695,0.0948482483625412,0.0,0.5816829681396485,-0.1528953116387129,-0.24081893265247345,0.008947508409619331
12990,66.9375,-0.5026827901601791,-0.042533138766884804,0.011597482860088349,0.0,0.5781227767467498,-0.1873772107064724,-0.16309228539466858,-0.07444632798433304
13000,68.5,-0.5831984579563141,-0.038534616306424144,0.11103990525007248,0.0,0.5781100034713745,-0.1671345230191946,-0.3357553780078888,-0.0630328357219696
13010,87.9375,-0.18739773705601692,-0.03272150680422783,0.014130071364343166,0.0,0.5764917671680451,-0.2388638436794281,-0.302064448595047,-0.07273102551698685
13020,124.9375,-0.3585932105779648,-0.028622316755354406,0.04328316897153854,0.0,0.581332391500473,-0.3472684234380722,-0.255554735660553,-0.07855622470378876
13030,117.625,-0.4088430851697922,-0.032647185027599335,0.058692479878664015,0.0,0.5834534287452697,-0.3855463445186615,-0.37234365940093994,-0.06135936081409454
13040,130.0,-0.6081674546003342,-0.027637014165520668,0.03791337609291077,0.0,0.5811928033828735,-0.33160134851932527,-0.3756870925426483,-0.07210340350866318
13050,111.5,-0.3173769414424896,-0.030247636325657367,0.05345012471079826,0.0,0.5839945137500763,-0.23561178669333457,-0.18630534410476685,-0.06469668447971344
13060,70.25,-0.5371174067258835,-0.025559405237436293,0.06894385814666748,0.0,0.587977260351181,-0.3171488672494888,-0.22455093264579773,-0.0792534202337265
13070,72.4375,-0.3227551132440567,-0.027582888305187226,0.11402017772197723,0.0,0.5796596586704255,-0.22274401634931565,-0.18434645235538483,-0.07816649973392487
13080,107.6875,-0.6158662587404251,-0.03296122550964355,0.08231501877307892,0.0,0.5821006953716278,-0.29318313449621203,-0.37011662125587463,-0.09308391809463501
13090,74.9375,-0.3861323595046997,-0.04065496996045113,0.028488868847489357,0.0,0.583490377664566,-0.2873545929789543,-0.12135116755962372,-0.07464219629764557
13100,96.4375,-0.6004384756088257,-0.023831507563591002,0.23494746088981627,0.0,0.5830535471439362,-0.218891379237175,-0.3494626581668854,-0.08385118842124939
13110,91.0625,-0.3932948112487793,-0.040868545323610304,0.04695907011628151,0.0,0.580607795715332,-0.31487560272216797,-0.32079336047172546,-0.08114932477474213
13120,98.0,-0.38945572078227997,-0.037844196707010266,0.011963565088808536,0.0,0.5819730520248413,-0.25415350794792174,-0.32591453194618225,-0.0687728077173233
13130,103.375,-0.5232374370098114,-0.026300482079386713,0.07171151936054229,0.0,0.5814034879207611,-0.25062469467520715,-0.3882904648780823,-0.08150182664394379
13140,138.625,-0.5971381962299347,-0.03778967149555683,0.034804298728704455,0.0,0.5856916964054107,-0.36687037646770476,-0.352091521024704,-0.07516594231128693
13150,176.1875,-0.6583887338638306,-0.025960089452564717,0.1361785724759102,0.0,0.585621041059494,-0.3809472113847733,-0.4720326066017151,-0.07753639668226242
13160,250.9375,-0.2667145375162363,-0.02791502922773361,0.019972573220729827,0.0,0.5907177090644836,-0.5459621280431748,-0.4976543188095093,-0.03577475994825363
13170,245.0625,-0.3803906589746475,-0.035653837071731684,0.013976945355534554,0.0,0.5911646246910095,-0.5296802520751953,-0.4982157349586487,-0.07026514410972595
13180,188.5,-0.5700567960739136,-0.037911813147366046,0.021907617151737214,0.0,0.5892250537872314,-0.46384282112121583,-0.48844558000564575,-0.07498475164175034
13190,217.875,-0.4884239137172699,-0.029343456029891968,0.04394220560789108,0.0,0.5891947269439697,-0.5064143747091293,-0.3339046537876129,-0.06715421378612518
13200,303.625,-0.5287363678216934,-0.03461162745952606,0.017150164023041724,0.0,0.5932964026927948,-0.43304873406887057,-0.5882200598716736,-0.08455795049667358
13210,219.3125,-0.5255481898784637,-0.030492143519222737,0.0460526242852211,0.0,0.5895281910896302,-0.5052050083875657,-0.43041348457336426,-0.045341987162828445
13220,273.75,-0.3953896537423134,-0.0334698062390089,0.0679278016090393,0.0,0.5892467558383941,-0.46001079976558684,-0.5262206792831421,-0.0729927122592926
13230,265.9375,-0.5915686637163162,-0.023833895102143288,0.16349557042121887,0.0,0.5888910830020905,-0.551980996131897,-0.5259925723075867,-0.08261304348707199
13240,229.1875,-0.31398905813694,-0.035213937796652314,0.02147182635962963,0.0,0.5885865390300751,-0.3189153239130974,-0.3661178946495056,-0.06923983991146088
13250,326.25,-0.4353411793708801,-0.021484405919909477,0.09009115993976594,0.0,0.5914801955223083,-0.5890229612588882,-0.6007258892059326,-0.07873643189668655
13260,406.875,-0.42947978526353836,-0.03281751982867718,0.015539157390594482,0.0,0.5868998348712922,-0.563333123922348,-0.5873967409133911,-0.07785163819789886
13270,407.125,-0.5416418612003326,-0.030534160882234575,0.17980488240718842,0.0,0.5836280643939972,-0.5340223699808121,-0.4304945468902588,-0.07660876214504242
13280,363.875,-0.4196392893791199,-0.03377525135874748,0.10906261503696442,0.0,0.5835160791873932,-0.418667870759964,-0.37123578786849976,-0.0824929028749466
13290,485.625,-0.694353848695755,-0.02960965558886528,0.01627154666930437,0.0,0.5851541042327881,-0.6462946712970734,-0.7178823947906494,-0.09419603645801544
13300,482.3125,-0.29661473631858826,-0.03171340096741915,0.02572669871151447,0.0,0.5840112566947937,-0.606349766254425,-0.505611777305603,-0.08761770278215408
13310,571.625,-0.42491869628429413,-0.03276247903704643,0.024672229960560798,0.0,0.5772630333900451,-0.5427820295095444,-0.5819269418716431,-0.07519645988941193
13320,547.875,-0.5879539102315903,-0.034442244470119475,0.09085895717144013,0.0,0.5792650043964386,-0.5135462522506714,-0.507053017616272,-0.09226063638925552
13330,398.125,-0.3768601045012474,-0.03231496065855026,0.018192379176616667,0.0,0.5803509652614594,-0.5058150053024292,-0.4828258156776428,-0.0785185843706131
13340,420.875,-0.5375693738460541,-0.023349349200725556,0.09229070693254471,0.0,0.5806598961353302,-0.5516064405441284,-0.6175976991653442,-0.07296644151210785
13350,346.125,-0.7217872440814972,-0.032640745490789415,0.020912442356348038,0.0,0.5722658276557923,-0.555219367146492,-0.5933076739311218,-0.07911476492881775
13360,351.5,-0.4558028131723404,-0.03243555389344692,0.015225415863096715,0.0,0.5759885966777801,-0.6563503086566925,-0.6458538770675659,-0.07320776581764221
13370,488.8125,-0.42696579545736313,-0.02572886776179075,0.001524186204187572,0.0,0.5769748330116272,-0.7410625576972961,-0.775117039680481,-0.07881449162960052
13380,639.375,-0.5635282695293427,-0.02160126864910126,0.5228944420814514,0.0,0.5751045763492584,-0.8424275040626525,-0.8469562530517578,-0.08868971467018127
13390,695.3125,-0.4950575828552246,-0.02998460754752159,0.031845150887966155,0.0,0.5716723084449769,-0.7686467587947845,-0.7213547229766846,-0.07667557895183563
13400,737.875,-0.38980333507061005,-0.02046490665525198,0.012142072804272175,0.0,0.5701010465621948,-0.7490728974342347,-0.6929083466529846,-0.08669833093881607
13410,820.6875,-0.4317932091653347,-0.030360028520226477,0.016525526344776154,0.0,0.5705710709095001,-0.7754865109920501,-0.7849540710449219,-0.07863235473632812
13420,961.1875,-0.5574457123875618,-0.022617652639746667,0.05740995779633522,0.0,0.5736622631549835,-0.8115779638290406,-0.847030520439148,-0.07541988790035248
13430,1116.5625,-0.4751874580979347,-0.021445193141698838,0.010225738771259785,0.0,0.5703094244003296,-0.8501832544803619,-0.8848726749420166,-0.06550229340791702
13440,1150.0625,-0.4248727597296238,-0.023198991455137728,0.08085101842880249,0.0,0.5710101127624512,-0.8921014785766601,-0.7817280292510986,-0.06801748275756836
13450,1192.1875,-0.49643997848033905,-0.024280233681201933,0.30040318965911866,0.0,0.5682097315788269,-0.7255747735500335,-0.7321898937225342,-0.06899683177471161
13460,1261.75,-0.5234115868806839,-0.023367748595774174,0.39633655548095703,0.0,0.5647682070732116,-0.7551636874675751,-0.783269464969635,-0.07186291366815567
13470,1302.875,-0.6059791147708893,-0.020237872004508974,0.33383543491363527,0.0,0.5660001039505005,-0.7811282217502594,-0.7518353462219238,-0.07573699951171875
13480,1242.3125,-0.4218660145998001,-0.02744729071855545,0.013148202747106551,0.0,0.568250584602356,-0.7913867771625519,-0.7617069482803345,-0.08202508836984634
13490,1219.375,-0.37712810188531876,-0.030676566436886786,0.012136215064674615,0.0,0.5651435375213623,-0.7212210536003113,-0.6767721176147461,-0.07748408615589142
13500,1369.6875,-0.45735980570316315,-0.02000583801418543,0.002565314574167132,0.0,0.5640572905540466,-0.7865849435329437,-0.8335769176483154,-0.08114269375801086
13510,1529.6875,-0.4893620014190674,-0.01803930588066578,0.0037101245019584895,0.0,0.5626025021076202,-0.8900784432888031,-0.8996738791465759,-0.07905012369155884
13520,1689.6875,-0.49212878942489624,-0.0036844683811068533,0.027339202538132667,0.0,0.5618749022483825,-0.9032153964042664,-0.8983286619186401,-0.08592891693115234
13530,1849.6875,-0.49321324005723,-0.009006134886294603,0.013742981478571892,0.0,0.5544448018074035,-0.9043946385383606,-0.9011598825454712,-0.0852665975689888
13540,1968.6875,-0.4542391076683998,-0.029219161719083786,0.07282591387629508,0.0,0.5548329591751099,-0.8475076019763946,-0.837446928024292,-0.0710313469171524
13550,1950.5625,-0.4193015471100807,-0.030264274775981904,0.08949163556098938,0.0,0.5545303046703338,-0.83916135430336,-0.7565972208976746,-0.08200587332248688
13560,2096.3125,-0.5503504425287247,-0.023395592346787453,0.01258269939571619,0.0,0.5530521631240845,-0.8177853465080261,-0.8424907922744751,-0.0651930421590805
13570,1941.6875,-0.41348089277744293,-0.02250094190239906,0.030096276476979256,0.0,0.552454698085785,-0.8314394950866699,-0.753576397895813,-0.07338538765907288
13580,2101.6875,-0.48240216076374054,-0.014743481390178203,0.004366601165384054,0.0,0.5523489713668823,-0.8609331011772156,-0.8972339034080505,-0.06757035851478577
13590,1965.8125,-0.5801250487565994,-0.02907131686806679,0.01540671829134226,0.0,0.5486238956451416,-0.777796345949173,-0.7065135836601257,-0.06744661927223206
13600,1834.3125,-0.48873163759708405,-0.029999497905373575,0.009366751462221146,0.0,0.5471542954444886,-0.7124268174171448,-0.7161035537719727,-0.06918177008628845
13610,1943.9375,-0.43167256377637386,-0.032520925253629686,0.16085216999053956,0.0,0.5504300236701966,-0.7969563007354736,-0.8036434054374695,-0.05970166251063347
13620,2052.75,-0.46075543761253357,-0.02327369526028633,0.004999317321926355,0.0,0.550814825296402,-0.8044182658195496,-0.8640013933181763,-0.05750948190689087
13630,2212.75,-0.4774789586663246,-0.013677074387669564,0.0027520662639290094,0.0,0.5484343290328979,-0.9022372484207153,-0.9024937748908997,-0.05246420204639435
13640,1629.75,-0.44854970276355743,-0.025454745814204215,0.0549734964966774,0.0,0.5482777535915375,-0.6930516481399536,-0.6436209678649902,-0.06147544085979462
13650,1656.4375,-0.6189672201871872,-0.02445160411298275,0.18244409561157227,0.0,0.5466986417770385,-0.5833295464515686,-0.6026900410652161,-0.05674652010202408
13660,1784.8125,-0.4469093531370163,-0.035431700944900515,0.015604616887867451,0.0,0.5512714087963104,-0.5693440675735474,-0.637194812297821,-0.06379613280296326
13670,1935.125,-0.44117384403944016,-0.01861526146531105,0.0011740741319954395,0.0,0.5561491072177887,-0.7966832280158996,-0.822810173034668,-0.05953751504421234
13680,2060.1875,-0.403094369918108,-0.01895290147513151,0.0032689401879906653,0.0,0.548201072216034,-0.7818709015846252,-0.7486262321472168,-0.057562507688999176
13690,2197.8125,-0.39956457167863846,-0.030961334705352783,0.005276574939489365,0.0,0.5479592978954315,-0.756376588344574,-0.7368760108947754,-0.062253132462501526
13700,2341.125,-0.4393104538321495,-0.021804886311292647,0.00786781096830964,0.0,0.5481391370296478,-0.7799541592597962,-0.814987301826477,-0.06363354623317719
13710,2490.9375,-0.44146936014294624,-0.02787278834730387,0.004682034254074097,0.0,0.5490676760673523,-0.822404021024704,-0.8121058940887451,-0.0708327665925026
13720,2640.9375,-0.44425640627741814,-0.028745334967970847,0.012558049522340298,0.0,0.5447990238666535,-0.8179270565509796,-0.8189331293106079,-0.06957968324422836
13730,2790.9375,-0.4121692143380642,-0.01975296214222908,0.1420676440000534,0.0,0.5449170649051667,-0.8112004339694977,-0.7952963709831238,-0.02904200181365013
13740,2903.875,-0.4378562942147255,-0.029316318780183794,0.01840764321386814,0.0,0.5460319101810456,-0.8061130702495575,-0.8113546371459961,-0.0643579438328743
13750,2618.5625,-0.40303706750273705,-0.027231970429420473,0.05363703593611717,0.0,0.545443332195282,-0.7623515248298645,-0.7388348579406738,-0.06723928451538086
13760,2329.875,-0.4120641276240349,-0.03189261816442013,0.025505298376083375,0.0,0.5450785040855408,-0.7459750294685363,-0.7510023713111877,-0.07312582433223724
13770,2046.3125,-0.359175868332386,-0.029767660796642302,0.3853730320930481,0.0,0.5434961318969727,-0.76180340051651,-0.7216024994850159,0.003250705311074853
13780,2195.5625,-0.5382771342992783,-0.019711958616971968,0.01563776321709156,0.0,0.5444513201713562,-0.7856019079685211,-0.8143515586853027,-0.06867465376853943
13790,2168.5,-0.5364037901163101,-0.02866743355989456,0.01769796647131443,0.0,0.5454885423183441,-0.788183057308197,-0.8180987238883972,-0.06257941573858261
13800,2321.1875,-0.4621074590831995,-0.012783759832382202,0.0023389713373035193,0.0,0.5424643754959106,-0.8231826364994049,-0.8643749952316284,-0.05983986333012581
13810,2468.0,-0.4257359951734543,-0.026380056887865065,0.015298998914659023,0.0,0.5420330464839935,-0.8061143517494201,-0.7882080078125,-0.06326398253440857
13820,2628.0,-0.46350326389074326,-0.011449613235890865,0.0037378028500825167,0.0,0.538150531053543,-0.8270763397216797,-0.8565452098846436,-0.07046131789684296
13830,2788.0,-0.4585877601057291,-0.011097226664423943,0.005448533222079277,0.0,0.5403013527393341,-0.8565896272659301,-0.8561308979988098,-0.06104461848735809
13840,2896.5,-0.43433646857738495,-0.025761134549975397,0.03291340135037899,0.0,0.5361616492271424,-0.8344633936882019,-0.8097257614135742,-0.05894717574119568
13850,3056.5,-0.46028299257159233,-0.009068383276462555,0.05635529831051826,0.0,0.5351495206356048,-0.8578472197055816,-0.8571800589561462,-0.06338592618703842
13860,3012.3125,-0.4284839369356632,-0.02384101115167141,0.08506724312901497,0.0,0.5348527550697326,-0.839685320854187,-0.7930535078048706,-0.06391429901123047
13870,3172.3125,-0.45485382340848446,-0.009685009066015483,0.01754065416753292,0.0,0.531078165769577,-0.8416210234165191,-0.8504565954208374,-0.059251055121421814
13880,3332.3125,-0.45165829360485077,-0.006636052392423153,0.01602585632354021,0.0,0.5311514675617218,-0.8511754631996155,-0.8545756340026855,-0.04874095320701599
13890,3259.3125,-0.5310410112142563,-0.022980858385562897,3.940153884887695,0.0,0.5285993397235871,-0.8416460454463959,-0.8061083555221558,-0.06419214606285095
13900,3198.875,-0.3760841656476259,-0.026568986289203168,0.016419751569628716,0.0,0.5291656970977783,-0.6817215740680694,-0.6953904032707214,-0.05677792802453041
13910,3345.875,-0.41685700602829456,-0.030460619181394578,0.024938369914889336,0.0,0.5247667551040649,-0.7773212969303132,-0.7822242975234985,-0.05148971453309059
13920,3192.4375,-0.4823691099882126,-0.023741975240409375,0.4217909276485443,0.0,0.5254416644573212,-0.7582559049129486,-0.7174879312515259,-0.05554237216711044
13930,3336.125,-0.3561007957905531,-0.022730597108602524,0.07278391420841217,0.0,0.5290567755699158,-0.7192312836647033,-0.6958721280097961,-0.01632952317595482
13940,2934.0625,-0.5446637570858002,-0.03293980434536934,0.008230722323060036,0.0,0.5257562935352326,-0.6569381475448608,-0.653245210647583,-0.050996050238609314
13950,3076.0,-0.3750177137553692,-0.029677869379520418,0.013011263124644757,0.0,0.5279357552528381,-0.6672908186912536,-0.6964704990386963,-0.053564924746751785
13960,3210.6875,-0.4806326627731323,-0.027190250530838966,0.014633185602724553,0.0,0.5260097444057464,-0.7098407804965973,-0.704749584197998,-0.06338118016719818
13970,3353.75,-0.4797692149877548,-0.021784716844558717,0.010847862623631955,0.0,0.5307103276252747,-0.7137274324893952,-0.705534815788269,-0.06011207401752472
13980,3495.875,-0.37549176812171936,-0.027550101280212402,0.004793199524283409,0.0,0.5279670596122742,-0.7109540045261383,-0.6979227662086487,-0.053060710430145264
13990,3642.375,-0.4103746563196182,-0.025027813762426375,0.0028950246050953865,0.0,0.5296690106391907,-0.7251053869724273,-0.7667514085769653,-0.05399790033698082
14000,3791.375,-0.5118857771158218,-0.022273009270429613,0.6633392333984375,0.0,0.5311259865760803,-0.7648762702941895,-0.7736329436302185,-0.057523369789123535
14010,2884.4375,-0.37163311429321766,-0.022804462909698488,0.00736478678882122,0.0,0.5260191679000854,-0.712420666217804,-0.6885031461715698,-0.054763082414865494
14020,3027.5625,-0.5028958395123482,-0.026676031202077864,0.0457158200442791,0.0,0.5300133049488067,-0.7297645628452301,-0.7633087635040283,-0.048467278480529785
14030,3179.8125,-0.42166557535529137,-0.02551044449210167,0.09522736072540283,0.0,0.5272621929645538,-0.7592095851898193,-0.7960987091064453,-0.04723244160413742
14040,3140.0625,-0.4163394197821617,-0.01648511290550232,0.005683595221489668,0.0,0.527413833141327,-0.7735699713230133,-0.7810230255126953,-0.05165581405162811
14050,2874.3125,-0.44065582752227783,-0.022722061909735202,0.007524746935814619,0.0,0.5236148416996003,-0.6823229789733887,-0.6441295742988586,-0.04441836103796959
14060,2836.3125,-0.33034529723227024,-0.03568368293344974,0.06646283268928528,0.0,0.5194206535816193,-0.592351496219635,-0.6071121692657471,-0.05357842892408371
14070,2477.1875,-0.5256558209657669,-0.018338146992027758,0.2963093459606171,0.0,0.5272685825824738,-0.5845396518707275,-0.6053010821342468,-0.061374761164188385
14080,2616.125,-0.5681154951453209,-0.024877294898033142,0.21336534321308137,0.0,0.5282729625701904,-0.6178489089012146,-0.6957417726516724,-0.05365072190761566
14090,2525.4375,-0.4365196079015732,-0.02983388863503933,0.013232378661632538,0.0,0.5250676155090332,-0.6303690254688263,-0.6339577436447144,-0.04694914445281029
14100,2666.75,-0.3733471855521202,-0.024585869535803793,0.004783736076205969,0.0,0.5272369384765625,-0.6636301219463349,-0.6865507364273071,-0.06014363467693329
14110,2811.3125,-0.3997686095535755,-0.020503510907292365,0.004098996380344033,0.0,0.5280946075916291,-0.7369800329208374,-0.7544475793838501,-0.045089639723300934
14120,2927.25,-0.5716378837823868,-0.022460790164768697,0.004932287149131298,0.0,0.5233254730701447,-0.7014005720615387,-0.7054306268692017,-0.051544494926929474
14130,2538.9375,-0.42891356348991394,-0.021689263358712196,0.007772157341241837,0.0,0.522257262468338,-0.6825735628604889,-0.6179468631744385,-0.04577329382300377
14140,2667.8125,-0.433802105486393,-0.032041394524276255,0.015321148559451103,0.0,0.5234698593616486,-0.6348297476768494,-0.6194248199462891,-0.054070182144641876
14150,2193.0,-0.32924117147922516,-0.03170448951423168,0.005185452289879322,0.0,0.5237267017364502,-0.5782600402832031,-0.6135256290435791,-0.044956713914871216
14160,2320.4375,-0.4501700699329376,-0.02966873124241829,0.0046556518413126465,0.0,0.5248504757881165,-0.6390578985214234,-0.6531829833984375,-0.054592061787843704
14170,2451.3125,-0.5402386486530304,-0.031304288655519485,0.023607632145285606,0.0,0.5247369766235351,-0.6266102313995361,-0.6378843188285828,-0.05743733048439026
14180,2589.4375,-0.3631549868732691,-0.03188397902995348,0.004230246879160404,0.0,0.5244151651859283,-0.6712282717227935,-0.6806777715682983,-0.045632198452949524
14190,2731.875,-0.3994106464087963,-0.027011318504810332,0.0034598722122609615,0.0,0.5239939332008362,-0.7007993578910827,-0.7364368438720703,-0.062384504824876785
14200,2852.6875,-0.5770325213670731,-0.022294123843312263,0.12140796482563018,0.0,0.5247443318367004,-0.7348754107952118,-0.7136660218238831,-0.0545765720307827
14210,2893.4375,-0.4739646092057228,-0.026639191806316374,0.016830531321465968,0.0,0.5190630853176117,-0.6438598811626435,-0.6915743947029114,-0.06438630074262619
14220,3040.8125,-0.39393499679863453,-0.03082434870302677,0.007592945639044046,0.0,0.5193265855312348,-0.7184234380722045,-0.7409411072731018,-0.046928949654102325
14230,3191.5625,-0.39413818903267384,-0.023652855306863785,0.006557256914675236,0.0,0.5182057559490204,-0.7452883243560791,-0.7368630170822144,-0.051413360983133316
14240,3284.5,-0.5608622133731842,-0.03412567675113678,0.011543333902955056,0.0,0.5170450508594513,-0.710585618019104,-0.6822846531867981,-0.05392243713140488
14250,3387.125,-0.533884234726429,-0.03246629312634468,0.0217870581895113,0.0,0.5183216989040375,-0.6517087757587433,-0.6279654502868652,-0.054265283048152924
14260,3002.125,-0.3296649884432554,-0.02237505465745926,0.2595018565654755,0.0,0.5212557137012481,-0.657722270488739,-0.6089582443237305,-0.05037173256278038
14270,3131.375,-0.42956601083278656,-0.029250699654221536,0.01587360557168722,0.0,0.517047780752182,-0.6150237083435058,-0.6091845035552979,-0.0568133145570755
14280,2966.4375,-0.4383314996957779,-0.026893521100282668,0.0028545995242893695,0.0,0.5184999942779541,-0.6164844393730163,-0.6347475051879883,-0.0496489517390728
14290,2567.3125,-0.5191818177700043,-0.029361332952976226,0.02842707224190235,0.0,0.5196863830089569,-0.614552766084671,-0.6068326234817505,-0.04553034156560898
14300,2177.625,-0.39556603133678436,-0.030821783654391765,0.004731878079473973,0.0,0.5199003875255584,-0.6001265943050385,-0.543941855430603,-0.053507693111896515
14310,2295.0,-0.4374394044280052,-0.032332496345043184,0.007402860652655363,0.0,0.5225642919540405,-0.6004069030284882,-0.6338074207305908,-0.048121124505996704
14320,2314.875,-0.42805416882038116,-0.03596409447491169,0.014444023370742798,0.0,0.5190883457660675,-0.577783852815628,-0.6089067459106445,-0.05387767404317856
14330,2447.5625,-0.425914503633976,-0.0286730132997036,0.005391275882720948,0.0,0.5203388810157776,-0.602906996011734,-0.6045407056808472,-0.05523296073079109
14340,2512.4375,-0.4979548305273056,-0.038278831914067266,0.01628521513193846,0.0,0.5194749474525452,-0.5699842393398284,-0.5466751456260681,-0.06287665665149689
14350,2649.1875,-0.3244424592703581,-0.024806319922208785,0.04454231411218643,0.0,0.5228443026542664,-0.6309976994991302,-0.6536178588867188,0.004732932895421982
14360,2384.25,-0.5562121421098709,-0.019245732948184012,0.04610946923494339,0.0,0.5169451117515564,-0.6124932378530502,-0.4805149435997009,-0.05360131338238716
14370,2501.8125,-0.38135209679603577,-0.03205469101667404,0.04307946413755417,0.0,0.5196514308452607,-0.4973856329917908,-0.5090067982673645,-0.06152799725532532
14380,2609.8125,-0.47746916115283966,-0.032751455716788766,0.005761710833758116,0.0,0.5226000845432281,-0.5045963048934936,-0.5116047263145447,-0.05856216698884964
14390,2273.875,-0.334733784198761,-0.036967284977436066,0.01429521180689335,0.0,0.5201749801635742,-0.4881090849637985,-0.4211002588272095,-0.05583042651414871
14400,2320.0625,-0.23244990967214108,-0.035091311857104304,0.008923060074448586,0.0,0.5224717617034912,-0.43012831211090086,-0.40879732370376587,-0.05610249564051628
14410,2411.8125,-0.3534252941608429,-0.03057849742472172,0.035627889633178714,0.0,0.5279593229293823,-0.45222108662128446,-0.46058976650238037,-0.054220087826251984
14420,2514.4375,-0.5872288346290588,-0.03830750696361065,0.019655295833945274,0.0,0.5271227896213532,-0.5045022755861283,-0.5461037158966064,-0.0513819120824337
14430,2622.5625,-0.5616296231746674,-0.035949428007006644,0.011457658745348454,0.0,0.528523850440979,-0.48772395551204684,-0.491326242685318,-0.05365976691246033
14440,2749.125,-0.3969356417655945,-0.02910735085606575,0.054601845890283586,0.0,0.5277935266494751,-0.5253979444503785,-0.5342299938201904,-0.0669221431016922
14450,2645.125,-0.34469906985759735,-0.02752137165516615,0.0906261682510376,0.0,0.5261277854442596,-0.4846423536539078,-0.446239709854126,-0.051006823778152466
14460,2332.0625,-0.3834136426448822,-0.04173889495432377,0.006142566446214914,0.0,0.5233656346797944,-0.38277500569820405,-0.33366912603378296,-0.04712795466184616
14470,2416.1875,-0.3873767554759979,-0.036729827523231506,0.017555202171206475,0.0,0.5286507427692413,-0.3255272775888443,-0.33480069041252136,-0.05472198873758316
14480,2498.375,-0.3160233199596405,-0.038577014580368996,0.00895188059657812,0.0,0.5317458987236023,-0.36832007467746736,-0.3791760802268982,-0.06063264608383179
14490,2587.0,-0.40987855195999146,-0.04011798240244389,0.011447304487228393,0.0,0.5281647324562073,-0.37827152013778687,-0.37222468852996826,-0.06287817656993866
14500,2681.4375,-0.4343436658382416,-0.03648516796529293,0.021705689653754235,0.0,0.5288266479969025,-0.43209393620491027,-0.4297720193862915,-0.05341797694563866
14510,2798.125,-0.4114054813981056,-0.02645867131650448,0.04476745426654816,0.0,0.5285974979400635,-0.4566586762666702,-0.5702131986618042,-0.05970574915409088
14520,2915.8125,-0.428345762193203,-0.03413746543228626,0.013979416899383068,0.0,0.5259728252887725,-0.5797809958457947,-0.6048116683959961,-0.05857681483030319
14530,2959.75,-0.368318147957325,-0.02668100707232952,0.21350544393062593,0.0,0.5247105538845063,-0.5043493539094925,-0.4835442304611206,-0.06177188456058502
14540,2535.4375,-0.24032407999038696,-0.037239553034305574,0.012513055466115475,0.0,0.5224900901317596,-0.4061978071928024,-0.42503148317337036,-0.055616676807403564
14550,2634.0,-0.35923512279987335,-0.03683730959892273,0.012646721675992012,0.0,0.5260198056697846,-0.4831546425819397,-0.4651837944984436,-0.05965513736009598
14560,2745.6875,-0.3686716929078102,-0.033323044702410695,0.01456755269318819,0.0,0.5263245463371277,-0.48666311204433443,-0.48585647344589233,-0.05934622883796692
14570,2856.1875,-0.45950380712747574,-0.03330505676567554,0.03183442279696465,0.0,0.5262212574481964,-0.48475071489810945,-0.488624632358551,-0.04612914100289345
14580,2964.5625,-0.4866438955068588,-0.03726871944963932,0.007516474556177854,0.0,0.5285640001296997,-0.5083607167005539,-0.5396121740341187,-0.048859722912311554
14590,2558.9375,-0.38327519595623016,-0.03737244997173548,0.019695863500237464,0.0,0.5255045890808105,-0.53914754986763,-0.5094991326332092,-0.0633327066898346
14600,2152.625,-0.28956086933612823,-0.024805910140275955,0.2538374364376068,0.0,0.528777688741684,-0.5159426033496857,-0.5225725173950195,-0.05654922127723694
14610,2252.5625,-0.4747522622346878,-0.03149105533957482,0.010327323898673057,0.0,0.5284947991371155,-0.4779837101697922,-0.5151839852333069,-0.050443872809410095
14620,2219.3125,-0.40003910660743713,-0.04466591067612171,0.012220503203570843,0.0,0.5252728402614594,-0.4744524836540222,-0.3541538715362549,-0.06191340088844299
14630,2224.125,-0.6304024457931519,-0.03019060455262661,0.31598193645477296,0.0,0.5294101417064667,-0.3968768686056137,-0.4280616044998169,-0.0633072629570961
14640,2321.25,-0.5190590023994446,-0.034751801192760466,0.028474804013967514,0.0,0.5281608879566193,-0.38270865976810453,-0.4040248394012451,-0.05714121460914612
14650,2428.0,-0.455757811665535,-0.027721312083303928,0.0643373653292656,0.0,0.531016755104065,-0.4806609481573105,-0.4814014434814453,-0.044231172651052475
14660,2539.5,-0.4740215986967087,-0.02891413923352957,0.1442965179681778,0.0,0.5295286118984223,-0.4793389648199081,-0.502495288848877,-0.06010003387928009
14670,1590.0,-0.30032723397016525,-0.039149840176105496,0.03758415952324867,0.0,0.5285855174064636,-0.46218671798706057,-0.3420441150665283,-0.06596315652132034
14680,1684.8125,-0.42192208021879196,-0.037205503508448604,0.08758096098899841,0.0,0.528872948884964,-0.39900406301021574,-0.4076196551322937,-0.05022839829325676
14690,1705.3125,-0.3844700753688812,-0.034884966909885406,0.03989563435316086,0.0,0.5266004621982574,-0.3567496985197067,-0.3174229860305786,-0.06650446355342865
14700,1786.125,-0.4824387729167938,-0.033640676736831666,0.035350282490253446,0.0,0.5290507316589356,-0.3395988494157791,-0.3230004906654358,-0.062051307410001755
14710,1877.25,-0.5368380397558212,-0.03032692801207304,0.04687454476952553,0.0,0.5306353807449341,-0.3832941263914108,-0.4314221739768982,-0.06538577377796173
14720,1959.4375,-0.5112253129482269,-0.036085997708141804,0.013483988307416438,0.0,0.5317232966423034,-0.3716394901275635,-0.390531063079834,-0.05384039878845215
14730,2054.1875,-0.4051192179322243,-0.038672078400850296,0.02240682765841484,0.0,0.5306141138076782,-0.379185226559639,-0.3751470744609833,-0.048756785690784454
14740,2141.875,-0.3260682374238968,-0.04122167453169823,0.02360697351396084,0.0,0.5298779129981994,-0.3920792430639267,-0.4049491882324219,-0.05569591373205185
14750,1750.1875,-0.35354796051979065,-0.03784532006829977,0.010479402914643287,0.0,0.5318517982959747,-0.43118741512298586,-0.46274054050445557,-0.05208321288228035
14760,1856.5,-0.37460166215896606,-0.035901003330945966,0.020586039498448373,0.0,0.5306304037570954,-0.4918952912092209,-0.49314644932746887,-0.06230514124035835
14770,1936.5625,-0.45739103853702545,-0.029763908311724662,0.012900367192924023,0.0,0.5278069376945496,-0.4940779089927673,-0.4780564308166504,-0.051020462065935135
14780,2037.0625,-0.45820188522338867,-0.031830115057528016,0.054864130169153216,0.0,0.5221063435077667,-0.4614760220050812,-0.46708640456199646,-0.0627165287733078
14790,2153.6875,-0.32590776681900024,-0.03610992264002562,0.04236736372113228,0.0,0.52558131814003,-0.4246047556400299,-0.4371703863143921,-0.022352442145347595
14800,1536.375,-0.4484671652317047,-0.028480421379208566,0.09218371286988258,0.0,0.5233016550540924,-0.3896800339221954,-0.24395892024040222,-0.07422949373722076
14810,1613.375,-0.5683963298797607,-0.04216652698814869,0.008091000840067863,0.0,0.5259943306446075,-0.2622210144996643,-0.30671989917755127,-0.06114252656698227
14820,1699.25,-0.40630266070365906,-0.03259499780833721,0.014428521692752837,0.0,0.5323264360427856,-0.3417396068572998,-0.37097615003585815,-0.057115405797958374
14830,1767.125,-0.5848725885152817,-0.03600052148103714,0.024407006055116653,0.0,0.5307742238044739,-0.363186851143837,-0.3280946612358093,-0.07057420164346695
14840,1857.25,-0.3827846199274063,-0.032575853541493414,0.00924785453826189,0.0,0.5301818072795867,-0.3594955712556839,-0.3279880881309509,-0.05231621861457825
14850,1928.9375,-0.5392742604017258,-0.03586461991071701,0.09338932633399963,0.0,0.5275075554847717,-0.40044787526130676,-0.45133262872695923,-0.05005641654133797
14860,2028.875,-0.2914223223924637,-0.030210364330559968,0.009668700955808162,0.0,0.5296052873134613,-0.4268997609615326,-0.524433970451355,-0.058410678058862686
14870,2147.0625,-0.2946765162050724,-0.027702711150050165,0.007382277492433786,0.0,0.5297473967075348,-0.5373256981372834,-0.5315041542053223,-0.05784887820482254
14880,2279.0,-0.42532994598150253,-0.026009614393115044,0.01153430137783289,0.0,0.5246315121650695,-0.5904129862785339,-0.5901956558227539,-0.06784765422344208
14890,2406.25,-0.4195196256041527,-0.03539319150149822,0.004897961672395468,0.0,0.5253069043159485,-0.5915049612522125,-0.5954312086105347,-0.05128782242536545
14900,2543.8125,-0.4739343971014023,-0.029199039004743098,0.007394146453589201,0.0,0.5265922129154206,-0.6062852680683136,-0.7043025493621826,-0.0504910945892334
14910,2695.8125,-0.3692816458642483,-0.0262983126565814,0.007803819421678781,0.0,0.5261895895004273,-0.6927355587482452,-0.6824424266815186,-0.056120865046978
14920,2855.8125,-0.40263593569397926,-0.014983372949063777,0.000710398459341377,0.0,0.5232116758823395,-0.7369157910346985,-0.7470046281814575,-0.05826730653643608
14930,3015.8125,-0.4007711298763752,-0.016834365529939534,0.006098225712776184,0.0,0.5215798079967499,-0.7423695683479309,-0.7482982873916626,-0.0532439723610878
14940,2562.75,-0.3461884446442127,-0.020278743281960488,0.03306352458894253,0.0,0.5195557296276092,-0.7189266860485077,-0.6340951323509216,-0.058281756937503815
14950,2701.25,-0.45889753848314285,-0.02265135049819946,0.8763789772987366,0.0,0.5209457337856293,-0.6379613697528839,-0.6659181118011475,-0.05960332602262497
14960,2841.4375,-0.44671132415533066,-0.037325140088796616,0.01844027601182461,0.0,0.5193460047245025,-0.6447214186191559,-0.643317699432373,-0.05710640549659729
14970,2990.4375,-0.34709492744877934,-0.02774943970143795,0.021837608143687248,0.0,0.5201452732086181,-0.6790930926799774,-0.6854603886604309,-0.00872940756380558
14980,3056.3125,-0.3466040939092636,-0.029287362843751906,0.07635448426008225,0.0,0.5196125388145447,-0.6549197852611541,-0.658650815486908,-0.034557364881038666
14990,3106.0625,-0.4189579337835312,-0.03472865633666515,0.025933394953608514,0.0,0.5158047258853913,-0.5965294301509857,-0.5855752229690552,-0.05808427929878235
15000,3202.25,-0.45275595039129257,-0.02931572459638119,0.022667889297008515,0.0,0.5183080196380615,-0.6412032723426819,-0.6501975655555725,-0.06366998702287674
15010,2810.1875,-0.3259800337255001,-0.040791585110127926,0.019077172875404357,0.0,0.5186016917228699,-0.6013856768608093,-0.599584698677063,-0.05237530916929245
15020,2953.375,-0.3634784296154976,-0.029691702499985696,0.029226410761475564,0.0,0.516391533613205,-0.646029818058014,-0.6573115587234497,-0.06964530050754547
15030,3089.875,-0.44631217420101166,-0.03894708380103111,0.017270404659211636,0.0,0.5183901011943817,-0.6349522471427917,-0.6342065930366516,-0.06491823494434357
15040,3183.0,-0.5248772352933884,-0.02939620763063431,0.3520865797996521,0.0,0.5149055600166321,-0.6442675530910492,-0.6095777750015259,-0.05692499503493309
15050,3317.6875,-0.3260544538497925,-0.03544274419546127,0.1289060041308403,0.0,0.5187207043170929,-0.5714779198169708,-0.5921225547790527,-0.059986356645822525
15060,3387.25,-0.5151629373431206,-0.04206183478236199,0.05756618306040764,0.0,0.5196559309959412,-0.6215314149856568,-0.591801643371582,-0.052643559873104095
15070,2991.375,-0.28511206805706024,-0.03039672002196312,0.041983281075954434,0.0,0.5219066977500916,-0.5320210814476013,-0.5093683004379272,-0.06085583567619324
15080,3114.8125,-0.43863997608423233,-0.03509336262941361,0.03774476945400238,0.0,0.5234026849269867,-0.5456665933132172,-0.6263011693954468,-0.05865482985973358
15090,3198.9375,-0.37956370413303375,-0.03881845474243164,0.010484507866203785,0.0,0.5220436573028564,-0.5397044003009797,-0.5037912130355835,-0.06285504996776581
15100,2849.8125,-0.5427902042865753,-0.02945608664304018,0.01987074613571167,0.0,0.5205840170383453,-0.5072581112384796,-0.4473668932914734,-0.05766759067773819
15110,2964.0625,-0.5239668935537338,-0.02603247985243797,0.03570825308561325,0.0,0.5246206879615783,-0.4489835798740387,-0.46188366413116455,-0.008134379051625729
15120,3080.0,-0.2602761425077915,-0.04152350425720215,0.008235063590109348,0.0,0.5293237626552582,-0.46317338943481445,-0.4632493257522583,-0.057302989065647125
15130,2645.6875,-0.4300982654094696,-0.041771354340016845,0.019159192591905592,0.0,0.5292336642742157,-0.42317352294921873,-0.4039822816848755,-0.06919808685779572
15140,2751.9375,-0.42891183495521545,-0.03440745696425438,0.025122125446796418,0.0,0.526705414056778,-0.4127638816833496,-0.4118887782096863,-0.05973628908395767
15150,2538.5,-0.7984817326068878,-0.04506482388824225,0.021633198112249376,0.0,0.5310329735279083,-0.3651372939348221,-0.4097003936767578,-0.02827608212828636
15160,2384.8125,-0.3803684711456299,-0.03995550312101841,0.010545112192630768,0.0,0.5325529932975769,-0.3379655718803406,-0.31333234906196594,-0.06277432292699814
15170,1416.25,-0.24563032388687134,-0.037220898643136026,0.026670288294553757,0.0,0.5323746144771576,-0.3139274433255196,-0.2335759848356247,-0.06445956230163574
15180,1499.375,-0.28589198738336563,-0.04839870519936085,0.018487600982189177,0.0,0.5346550941467285,-0.2959147781133652,-0.31458109617233276,-0.06492473930120468
15190,1458.9375,-0.6679948270320892,-0.03370657898485661,0.018034154176712038,0.0,0.5346758723258972,-0.2740542680025101,-0.2958873510360718,-0.0785849317908287
15200,1523.625,-0.6789629459381104,-0.034145986288785936,0.05240405946969986,0.0,0.5343553781509399,-0.2738251730799675,-0.3124280869960785,-0.08286920189857483
15210,1601.8125,-0.47990038990974426,-0.04327506516128778,0.007839316781610251,0.0,0.537813401222229,-0.25975110530853274,-0.3044489026069641,-0.0759088397026062
15220,1682.875,-0.5674917697906494,-0.03663693703711033,0.004651245661079884,0.0,0.5347971856594086,-0.3149466633796692,-0.2898627519607544,-0.07369126379489899
15230,1350.6875,-0.2951938956975937,-0.04466987177729607,0.044142835587263105,0.0,0.5358613133430481,-0.34249237179756165,-0.3323950171470642,-0.06354136019945145
15240,1403.9375,-0.46712711453437805,-0.04227079097181559,0.01576282046735287,0.0,0.5364827394485474,-0.3246083766222,-0.302656888961792,-0.05222602188587189
15250,1507.625,-0.4117695093154907,-0.03289976939558983,0.01264647375792265,0.0,0.5331574440002441,-0.37136602997779844,-0.37272772192955017,-0.06552982330322266
15260,1581.4375,-0.5918072909116745,-0.03548464402556419,0.010823380388319492,0.0,0.5339594900608062,-0.3702621877193451,-0.353807657957077,-0.05489686504006386
15270,1100.0,-0.34242361783981323,-0.03309388486668467,0.15884350836277009,0.0,0.5320574641227722,-0.3550723552703857,-0.22928279638290405,-0.0700492262840271
15280,652.1875,-0.2061811164021492,-0.04324443861842155,0.0192686103284359,0.0,0.5312373876571655,-0.24210472106933595,-0.14401808381080627,-0.07647295296192169
15290,706.0625,-0.42498181760311127,-0.038426945358514784,0.01862107403576374,0.0,0.5321072816848755,-0.1651192769408226,-0.203954815864563,-0.06702930480241776
15300,718.625,-0.6824805736541748,-0.04186262600123882,0.01079331450164318,0.0,0.535255777835846,-0.11053952723741531,-0.13716602325439453,-0.07065324485301971
15310,760.4375,-0.6044229865074158,-0.046611827611923215,0.011081806384027004,0.0,0.5390278220176696,-0.139661655575037,-0.16572768986225128,-0.0782448798418045
15320,819.25,-0.5025288760662079,-0.03532328195869923,0.0651153951883316,0.0,0.535047835111618,-0.17159164249897002,-0.17310015857219696,-0.06149047613143921
15330,772.875,-0.4676460325717926,-0.03934504147619009,0.021361479163169862,0.0,0.5321249961853027,-0.18316164016723632,-0.08001330494880676,-0.08252842724323273
15340,699.8125,-0.2999744415283203,-0.04447020143270493,0.02594986781477928,0.0,0.5350246667861939,-0.15173142477869989,-0.13682299852371216,-0.07844670116901398
15350,704.6875,-0.7889397740364075,-0.0390787523239851,0.022453832626342773,0.0,0.5355614066123963,-0.14295383542776108,-0.17101283371448517,-0.053561095148324966
15360,755.25,-0.29943303763866425,-0.04208005163818598,0.01836297698318958,0.0,0.5310292303562164,-0.16853358894586562,-0.14867083728313446,-0.0643482431769371
15370,793.75,-0.5698948204517365,-0.03867481853812933,0.02062414921820164,0.0,0.5318633317947388,-0.14055837094783782,-0.1097131222486496,-0.06573486328125
15380,783.125,-0.4926186501979828,-0.03980717770755291,0.03645817786455154,0.0,0.532779186964035,-0.14089586958289146,-0.14748184382915497,-0.0669422373175621
15390,832.25,-0.4025377035140991,-0.03993804678320885,0.015010710060596465,0.0,0.53236044049263,-0.15960658639669417,-0.16909238696098328,-0.058763664215803146
15400,347.125,-0.49719905853271484,-0.03655509613454342,0.01835613027215004,0.0,0.5296228229999542,-0.180951826274395,-0.14090153574943542,-0.08277887105941772
15410,403.3125,-0.3132554590702057,-0.034722861275076865,0.017937198653817175,0.0,0.534030282497406,-0.1898335561156273,-0.16879378259181976,-0.0712379589676857
15420,423.75,-0.7116310000419617,-0.04059402234852314,0.01702728755772114,0.0,0.5317943036556244,-0.15266181230545045,-0.19860035181045532,-0.0696745365858078
15430,480.125,-0.6803997159004211,-0.0332435205578804,0.07117511332035065,0.0,0.5308698892593384,-0.20371972024440765,-0.32970550656318665,-0.0672731027007103
15440,556.375,-0.5887367874383926,-0.03300289958715439,0.012616316229104996,0.0,0.5357080340385437,-0.30052139014005663,-0.3552728295326233,-0.05354467034339905
15450,641.0,-0.5954722464084625,-0.03824311047792435,0.006720258481800556,0.0,0.5367473661899567,-0.35064379274845126,-0.3433668613433838,-0.07540877163410187
15460,731.125,-0.49257028102874756,-0.026031529903411864,0.07604041844606399,0.0,0.5380893409252167,-0.36509062349796295,-0.3472800850868225,-0.06100784242153168
15470,828.625,-0.23708724230527878,-0.035664723441004756,0.08783215433359146,0.0,0.5385205745697021,-0.3746582865715027,-0.41265809535980225,-0.061516448855400085
15480,943.5,-0.2575017139315605,-0.03120950162410736,0.002499048877507448,0.0,0.5371774017810822,-0.45877484083175657,-0.4473487138748169,-0.06765471398830414
15490,1049.0,-0.3630436807870865,-0.03443238809704781,0.002305179787799716,0.0,0.5350300073623657,-0.45961853563785554,-0.46884608268737793,-0.06551031768321991
15500,1157.5625,-0.4626906216144562,-0.03144849240779877,0.00922386758029461,0.0,0.5377050578594208,-0.461385703086853,-0.47037187218666077,-0.0672295093536377
15510,1279.0625,-0.29229146242141724,-0.037684759497642516,0.007008706033229828,0.0,0.5403567492961884,-0.48630698025226593,-0.5123758316040039,-0.07220709323883057
15520,1393.0,-0.48321956396102905,-0.033372598327696325,0.0353849470615387,0.0,0.5365944981575013,-0.5173556983470917,-0.5257995128631592,-0.05557676777243614
15530,1528.75,-0.3036108948290348,-0.03126742597669363,0.0044367523863911625,0.0,0.5362797439098358,-0.5525890707969665,-0.5455306172370911,-0.06169116869568825
15540,1663.625,-0.3245065286755562,-0.02501141354441643,0.001093459187541157,0.0,0.5405304789543152,-0.5718827366828918,-0.5768126249313354,-0.07220043241977692
15550,1670.375,-0.3143792450428009,-0.03384213000535965,0.019614682532846928,0.0,0.5346588492393494,-0.5687231063842774,-0.5611851215362549,-0.06757336854934692
15560,1718.8125,-0.5058396458625793,-0.041307094320654866,0.013291755318641662,0.0,0.5348236382007598,-0.5575930356979371,-0.5673143863677979,-0.060179028660058975
15570,1724.75,-0.5115674287080765,-0.028336022794246674,0.017860523238778115,0.0,0.533936369419098,-0.5465864092111588,-0.5735526084899902,-0.06592943519353867
15580,1859.8125,-0.30292692966759205,-0.029933286458253862,0.011172373220324517,0.0,0.531886237859726,-0.558186286687851,-0.5457950830459595,-0.06005872040987015
15590,1983.875,-0.427472859621048,-0.03695444371551275,0.009829206950962543,0.0,0.530227929353714,-0.5671702444553375,-0.6052358150482178,-0.05688287690281868
15600,1942.8125,-0.506359189748764,-0.032751933485269544,0.0066934975795447825,0.0,0.5338198125362397,-0.5488352596759796,-0.5708402395248413,-0.057091351598501205
15610,1853.75,-0.35178372263908386,-0.03284593373537063,0.022411863878369333,0.0,0.5283996820449829,-0.51703260242939,-0.4527265429496765,-0.05833540856838226
15620,1973.875,-0.5033978223800659,-0.031045055016875267,0.013365787640213966,0.0,0.5275498390197754,-0.5236409902572632,-0.5440571308135986,-0.07593940198421478
15630,2109.9375,-0.4517672508955002,-0.024075164459645748,0.03487742990255356,0.0,0.5257510423660279,-0.6128485441207886,-0.6560929417610168,-0.05573360621929169
15640,2251.8125,-0.32126543298363686,-0.025030572153627872,0.003711645631119609,0.0,0.5286023616790771,-0.6050102889537812,-0.5951400995254517,-0.04739082604646683
15650,2389.8125,-0.33566593937575817,-0.030568070709705353,0.010794159770011903,0.0,0.526329517364502,-0.6027293920516967,-0.6128919124603271,-0.05844002589583397
15660,2528.6875,-0.43988531827926636,-0.028912998735904694,0.021788150444626807,0.0,0.5288361728191375,-0.6217913687229156,-0.6215147972106934,-0.0660233125090599
15670,2670.5625,-0.3423616699874401,-0.027864692732691765,0.00966169945895672,0.0,0.529470556974411,-0.6269878804683685,-0.6149966716766357,-0.0697266161441803
15680,2402.0625,-0.5094981640577316,-0.03855220600962639,0.024728136882185937,0.0,0.5259812712669373,-0.5745886445045472,-0.5722790956497192,-0.06160213053226471
15690,2521.9375,-0.5846756994724274,-0.025569992884993554,0.009493035636842251,0.0,0.5249882102012634,-0.5187772989273072,-0.5325621962547302,-0.059116899967193604
15700,2116.625,-0.5031273663043976,-0.03880624659359455,0.010623244009912014,0.0,0.5217668533325195,-0.5312216460704804,-0.5469155311584473,-0.07367214560508728
15710,2239.0625,-0.49530793726444244,-0.0297459214925766,0.008061370532959699,0.0,0.5226327121257782,-0.513386470079422,-0.5345878601074219,-0.07185181975364685
15720,2366.75,-0.38167697191238403,-0.026984233409166336,0.005082842521369457,0.0,0.5240070939064025,-0.516913789510727,-0.513315737247467,-0.05808135122060776
15730,2480.0625,-0.48109301924705505,-0.03827722631394863,0.015638181194663047,0.0,0.525090616941452,-0.5168852031230926,-0.5246750116348267,-0.05031358450651169
15740,2600.0625,-0.3829597607254982,-0.03326505459845066,0.01597632672637701,0.0,0.5243987321853638,-0.518234521150589,-0.5163933634757996,-0.056776318699121475
15750,2727.1875,-0.4229264408349991,-0.03689098060131073,0.01523409765213728,0.0,0.5279044568538666,-0.545950973033905,-0.5846692323684692,-0.06770049780607224
15760,2303.1875,-0.44683098793029785,-0.038794325478374955,0.02057054154574871,0.0,0.5231670498847961,-0.5597947806119918,-0.43667733669281006,-0.07276703417301178
15770,2189.625,-0.2986502945423126,-0.03267905749380588,0.029505329951643944,0.0,0.5233003377914429,-0.42551987767219546,-0.3439868688583374,-0.06026632711291313
15780,2288.375,-0.4573587477207184,-0.04016223959624767,0.018442373722791672,0.0,0.5249535858631134,-0.4081378191709518,-0.46925589442253113,-0.06073541194200516
15790,1924.4375,-0.31366731971502304,-0.03734293896704912,0.015297242999076843,0.0,0.5281570672988891,-0.3953625291585922,-0.3728771209716797,-0.06221587210893631
15800,1833.0,-0.33209656178951263,-0.03638346940279007,0.05713629424571991,0.0,0.526411485671997,-0.35556257963180543,-0.40917518734931946,-0.06166939064860344
15810,1929.125,-0.5658916383981705,-0.02823334261775017,0.01892409510910511,0.0,0.5304843664169312,-0.42289345860481264,-0.4787265658378601,-0.0742914080619812
15820,1613.375,-0.5245528370141983,-0.03971451297402382,0.023152947425842285,0.0,0.5307117879390717,-0.40299293100833894,-0.39521628618240356,-0.07601195573806763
15830,1257.125,-0.5280342400074005,-0.02154631894081831,0.20048233568668367,0.0,0.531807816028595,-0.3825156092643738,-0.40674132108688354,-0.07240727543830872
15840,1367.0625,-0.2845507226884365,-0.027237425744533538,0.008181336894631385,0.0,0.5330780327320099,-0.4330079764127731,-0.4858478605747223,-0.08325362205505371
15850,1332.25,-0.5041194558143616,-0.03077428266406059,0.008799037523567676,0.0,0.5330418825149537,-0.4933196783065796,-0.557913064956665,-0.06508937478065491
15860,1436.5625,-0.34118828922510147,-0.02362816333770752,0.012956310994923115,0.0,0.5354063510894775,-0.5581889629364014,-0.6118117570877075,-0.07056482136249542
15870,1587.125,-0.3506060838699341,-0.0187154620885849,0.004065962275490165,0.0,0.5343699753284454,-0.6428637862205505,-0.6350014805793762,-0.06621068716049194
15880,1735.0625,-0.4634145572781563,-0.02150211948901415,0.014609197713434696,0.0,0.5333849251270294,-0.6454441368579864,-0.6646518707275391,-0.06994014978408813
15890,1816.625,-0.501333437860012,-0.028141096979379655,0.1191471353173256,0.0,0.5272219121456146,-0.6272605419158935,-0.6034221649169922,-0.013201786205172539
15900,1959.3125,-0.3578769490122795,-0.03144390657544136,0.019900484755635262,0.0,0.5297586858272553,-0.6029603362083436,-0.6287963390350342,-0.08695755898952484
15910,1566.8125,-0.4077099934220314,-0.036344846803694965,0.06222977787256241,0.0,0.5280593156814575,-0.589676022529602,-0.5615242719650269,-0.06161031126976013
15920,1708.6875,-0.30245067924261093,-0.03042234368622303,0.015230606868863105,0.0,0.5295697927474976,-0.5408397674560547,-0.5293498039245605,-0.07555155456066132
15930,1835.4375,-0.4364314526319504,-0.02679977286607027,0.0062897737137973305,0.0,0.5276088118553162,-0.5688739538192749,-0.6063232421875,-0.07450854778289795
15940,1969.625,-0.43274151533842087,-0.02851799875497818,0.006823873613029718,0.0,0.5244601190090179,-0.5998621463775635,-0.5932532548904419,-0.08051448315382004
15950,2119.6875,-0.3676783964037895,-0.028250626660883425,0.00999065451323986,0.0,0.5281745970249176,-0.6186483263969421,-0.6581021547317505,-0.07725463807582855
15960,2268.0625,-0.36825205758213997,-0.025896893069148063,0.019827305525541305,0.0,0.5277713119983674,-0.6534816265106201,-0.6547572612762451,-0.08174686133861542
15970,2417.375,-0.46889979392290115,-0.019531955197453498,0.02427760437130928,0.0,0.5244728565216065,-0.6582870662212372,-0.677898108959198,-0.06821268796920776
15980,2567.5625,-0.4635288640856743,-0.028436261042952538,0.017716570943593978,0.0,0.5239577412605285,-0.6442098617553711,-0.6533420085906982,-0.08151349425315857
15990,2719.375,-0.3680616617202759,-0.02361631765961647,0.008589591551572084,0.0,0.5237947225570678,-0.6531932532787323,-0.6638743877410889,-0.07224899530410767
16000,2871.9375,-0.3611706383526325,-0.01733460957184434,0.009837390668690205,0.0,0.5240206837654113,-0.6482625842094422,-0.6554980874061584,-0.066843181848526
16010,3018.25,-0.35847532749176025,-0.027212469093501567,0.023446408659219743,0.0,0.5236636757850647,-0.6495494306087494,-0.6423670053482056,-0.07458364963531494
16020,3170.0625,-0.3589179217815399,-0.024133297614753246,0.06390711665153503,0.0,0.5230613350868225,-0.6478905022144318,-0.6398599147796631,-0.07797592133283615
16030,3321.5625,-0.3545104078948498,-0.021200016140937805,0.005354545824229717,0.0,0.5235895693302155,-0.6333803713321686,-0.6357074975967407,-0.07331337034702301
16040,3469.0,-0.34919933788478374,-0.030738316476345062,0.06405878253281116,0.0,0.5206928849220276,-0.6418005764484406,-0.6380635499954224,-0.060335125774145126
16050,3618.8125,-0.35244033113121986,-0.024768123775720595,0.008302123006433248,0.0,0.5244038999080658,-0.6427343130111695,-0.6382763385772705,-0.06660433113574982
16060,3769.125,-0.3526909798383713,-0.022959470748901367,0.0034356545191258194,0.0,0.52348473072052,-0.6431064307689667,-0.6328243017196655,-0.07255765795707703
16070,3110.625,-0.3780961185693741,-0.028119082003831862,0.057981086522340776,0.0,0.5191298604011536,-0.5966484487056732,-0.5470467209815979,-0.014912598766386509
16080,3010.5,-0.37841179966926575,-0.02659979984164238,0.019650915637612343,0.0,0.5202961921691894,-0.5236846685409546,-0.48792845010757446,-0.07692573964595795
16090,2660.875,-0.6540665030479431,-0.027343489602208136,0.5523076772689819,0.0,0.5184745013713836,-0.4838495135307312,-0.4663788080215454,-0.07316535711288452
16100,2774.9375,-0.4427800923585892,-0.024961858801543713,0.07792145907878875,0.0,0.5218429625034332,-0.3960700213909149,-0.42400652170181274,-0.07543790340423584
16110,2607.0,-0.42957523465156555,-0.0358323086053133,0.012494286149740219,0.0,0.5206788957118988,-0.4216880679130554,-0.4073599576950073,-0.06613991409540176
16120,2709.25,-0.4418644458055496,-0.03759287558495998,0.035140305384993555,0.0,0.5259743988513946,-0.42741859555244444,-0.4259085953235626,-0.07157772034406662
16130,2833.375,-0.5814593136310577,-0.01942475289106369,0.05021303072571755,0.0,0.5242263436317444,-0.4810631603002548,-0.5240637063980103,-0.060366466641426086
16140,2640.1875,-0.5681919008493423,-0.039328696206212044,0.06629661023616791,0.0,0.5217333793640136,-0.4991874396800995,-0.47260624170303345,-0.08495528995990753
16150,1940.125,-0.3009687513113022,-0.03807683102786541,0.02862522043287754,0.0,0.5191055417060852,-0.35120288133621214,-0.3361263871192932,-0.07356669008731842
16160,1505.75,-0.3376692235469818,-0.039107646048069,0.0212100513279438,0.0,0.5190506041049957,-0.3322069585323334,-0.4027988314628601,-0.08075601607561111
16170,1605.6875,-0.3377515524625778,-0.04368845634162426,0.012450372613966466,0.0,0.5231639862060546,-0.4091923862695694,-0.40357762575149536,-0.07833722978830338
16180,1654.375,-0.42841240763664246,-0.026569027453660965,0.2186521589756012,0.0,0.5206417620182038,-0.3996371001005173,-0.40305185317993164,-0.06891027837991714
16190,1739.1875,-0.42023059725761414,-0.038720535859465596,0.13032379746437073,0.0,0.5215785205364227,-0.3705711603164673,-0.37956494092941284,-0.07322700321674347
16200,1826.9375,-0.7083667814731598,-0.02650591842830181,0.14603756964206696,0.0,0.521312153339386,-0.40202854573726654,-0.379377156496048,-0.07512377947568893
16210,1941.75,-0.38882917165756226,-0.034402260649949314,0.009095970541238785,0.0,0.5213142693042755,-0.4330711990594864,-0.5050092339515686,-0.08059389889240265
16220,2057.5625,-0.581239864230156,-0.03874233067035675,0.005698223132640123,0.0,0.518870598077774,-0.4908921629190445,-0.5115653276443481,-0.07529859244823456
16230,2189.5,-0.4214651957154274,-0.02986796423792839,0.008449124544858933,0.0,0.5199234366416932,-0.5357747793197631,-0.578559160232544,-0.07186485826969147
16240,2337.0625,-0.36103086546063423,-0.02115537375211716,0.03366957679390907,0.0,0.5228000938892364,-0.6287907361984253,-0.6458114385604858,-0.07625029236078262
16250,2487.125,-0.37396473437547684,-0.02268223688006401,0.0013908548280596733,0.0,0.5215845048427582,-0.6514245092868804,-0.6756303310394287,-0.07229913771152496
16260,2637.5,-0.3687307983636856,-0.02717209532856941,0.017768935486674308,0.0,0.5188771903514862,-0.6525048792362214,-0.6570883989334106,-0.08037325739860535
16270,2606.875,-0.2762698382139206,-0.03350266590714455,0.06006350740790367,0.0,0.5171603381633758,-0.5826775074005127,-0.4837538003921509,-0.06878587603569031
16280,2426.9375,-0.25952111184597015,-0.04361839219927788,0.004474799055606127,0.0,0.5151470601558685,-0.5142531335353852,-0.43630290031433105,-0.08273929357528687
16290,2410.9375,-0.4662538468837738,-0.041313927993178366,0.019044449925422667,0.0,0.5174244701862335,-0.4670238971710205,-0.46559837460517883,-0.08193051069974899
16300,2524.1875,-0.4845011830329895,-0.03061729446053505,0.0584349736571312,0.0,0.5222550749778747,-0.4645016103982925,-0.4993044137954712,-0.0826294869184494
16310,2649.25,-0.5180643200874329,-0.03461589142680168,0.015786641091108323,0.0,0.5216937839984894,-0.5198185920715332,-0.5799403786659241,-0.0692240297794342
16320,2780.625,-0.5117750465869904,-0.03555130884051323,0.013935362920165062,0.0,0.5202106595039367,-0.5551315665245056,-0.5647183656692505,-0.07423566281795502
16330,2381.125,-0.3955206945538521,-0.03274995982646942,0.019589455053210258,0.0,0.514936888217926,-0.5272237241268158,-0.5278394222259521,-0.07117192447185516
16340,2499.6875,-0.3684641793370247,-0.03959846906363964,0.011948373913764954,0.0,0.5146413445472717,-0.4832582980394363,-0.46683812141418457,-0.07655689120292664
16350,2620.0,-0.46049151569604874,-0.02788332737982273,0.01414254643023014,0.0,0.5198430597782135,-0.49301309883594513,-0.4813181757926941,-0.055225957185029984
16360,2215.875,-0.49103447794914246,-0.03589286208152771,0.010785618610680104,0.0,0.5199230015277863,-0.5320679008960724,-0.5172672867774963,-0.0807902067899704
16370,1804.75,-0.46232540905475616,-0.0401691373437643,0.011019834689795971,0.0,0.5190095484256745,-0.4672944247722626,-0.45221126079559326,-0.08620016276836395
16380,1382.5625,-0.34702037274837494,-0.024350980669260024,0.09729667156934738,0.0,0.5140897870063782,-0.4379653126001358,-0.4279608428478241,-0.07378840446472168
16390,1495.625,-0.49209441244602203,-0.03039938546717167,0.009821870177984238,0.0,0.518422257900238,-0.47178404927253725,-0.5306193828582764,-0.0696985125541687
16400,1615.5,-0.5702981650829315,-0.040040519833564756,0.02434907667338848,0.0,0.5164985716342926,-0.5022571086883545,-0.49534425139427185,-0.06602001935243607
16410,1746.6875,-0.39970776438713074,-0.034433628618717196,0.00639662304893136,0.0,0.5160579741001129,-0.5201469361782074,-0.5375526547431946,-0.06988933682441711
16420,1883.0625,-0.38490841537714005,-0.027434447780251503,0.01465564575046301,0.0,0.5193559408187867,-0.5335919916629791,-0.5124853849411011,-0.06444761902093887
16430,2007.125,-0.42905083298683167,-0.023129715397953988,0.07587243840098382,0.0,0.5221968173980713,-0.546980482339859,-0.5837544202804565,-0.08160682022571564
16440,2147.875,-0.42835721373558044,-0.03538687564432621,0.018021658435463904,0.0,0.5172495126724244,-0.5799733996391296,-0.5959597826004028,-0.06852222979068756
16450,2285.8125,-0.5217172652482986,-0.030459626391530038,0.05907280147075653,0.0,0.5159448623657227,-0.5934855103492737,-0.5883817076683044,-0.07015685737133026
16460,2429.5,-0.34096165001392365,-0.02933370992541313,0.04328696429729462,0.0,0.5140042185783387,-0.587427020072937,-0.6032702922821045,-0.0786530077457428
16470,2568.75,-0.33414412289857864,-0.031686917692422864,0.016985607147216798,0.0,0.5151516139507294,-0.6092349588871002,-0.5903118252754211,-0.07797636091709137
16480,2704.75,-0.5367575883865356,-0.0332285612821579,0.019862818717956542,0.0,0.5126894354820252,-0.5890698373317719,-0.6038534641265869,-0.08474280685186386
16490,2848.6875,-0.32648609206080437,-0.026703153923153877,0.012808690033853053,0.0,0.5099743664264679,-0.5914073348045349,-0.5772400498390198,-0.07573213428258896
16500,2988.4375,-0.42924921959638596,-0.011926445364952087,0.020837774872779845,0.0,0.5133012592792511,-0.5840076625347137,-0.5903167724609375,-0.07628471404314041
16510,3125.0,-0.5238719582557678,-0.03282296489924193,0.008460194617509843,0.0,0.5157350480556488,-0.5825247943401337,-0.5875264406204224,-0.07483310997486115
16520,3266.1875,-0.33357951045036316,-0.03207451403141022,0.024986167252063752,0.0,0.5130971312522888,-0.5899125158786773,-0.5760780572891235,-0.09108096361160278
16530,3408.5625,-0.3286886289715767,-0.032109471037983894,0.005249890964478254,0.0,0.5067041873931885,-0.5936756193637848,-0.5808833837509155,-0.07649387419223785
16540,3549.875,-0.3274730034172535,-0.03612824939191341,0.012874778360128403,0.0,0.5106766223907471,-0.5905661344528198,-0.5824630856513977,-0.07248298078775406
16550,3691.0625,-0.45341722667217255,-0.025908628851175307,0.008706310577690602,0.0,0.5074184030294419,-0.6098474740982056,-0.6349139213562012,-0.07870197296142578
16560,3851.0625,-0.38238126039505005,-0.021592306904494762,0.003586012916639447,0.0,0.5100229978561401,-0.6605074584484101,-0.6820873022079468,-0.08267521858215332
16570,4011.0625,-0.3732120543718338,-0.017461700737476347,0.011960510909557343,0.0,0.5076605796813964,-0.6824923753738403,-0.6801393628120422,-0.06628474593162537
16580,4171.0625,-0.3689723592251539,-0.018143723346292974,0.002619913313537836,0.0,0.5107515931129456,-0.6802424907684326,-0.6758152842521667,-0.0621294341981411
16590,4130.0625,-0.35474228113889694,-0.03466008678078651,0.022086495719850063,0.0,0.5083038806915283,-0.6481345891952515,-0.6350592374801636,-0.07442526519298553
16600,3903.0625,-0.5198996961116791,-0.020946029759943485,0.8091314315795899,0.0,0.5108923733234405,-0.6277659058570861,-0.5955767035484314,-0.05928759276866913
16610,4046.5,-0.42199042811989784,-0.02874961346387863,0.13335777521133424,0.0,0.5079709649085998,-0.5962401986122131,-0.6399490833282471,-0.011912673711776733
16620,4187.5,-0.340560682117939,-0.033257794380187986,0.04145166054368019,0.0,0.5065987020730972,-0.5872108638286591,-0.6007565259933472,-0.08036483824253082
16630,4246.3125,-0.42328643798828125,-0.03205257430672646,0.040321077406406405,0.0,0.5053258091211319,-0.5726995229721069,-0.5631886720657349,-0.08974464237689972
16640,4378.8125,-0.2986803948879242,-0.03856375813484192,0.0032507892698049544,0.0,0.5075605571269989,-0.5425529420375824,-0.5211991667747498,-0.07616168260574341
16650,4513.75,-0.39517779648303986,-0.029621970467269422,0.004923695512115955,0.0,0.505329293012619,-0.5271308660507202,-0.5316718816757202,-0.06675256788730621
16660,4637.9375,-0.2995627745985985,-0.026593150570988655,0.009478100575506687,0.0,0.5096236586570739,-0.532272893190384,-0.5168038606643677,-0.08232174813747406
16670,4247.5,-0.30987199023365974,-0.023438844829797745,0.46738092303276063,0.0,0.5112171053886414,-0.5525337100028992,-0.5719481110572815,-0.047795869410037994
16680,3838.6875,-0.46602684259414673,-0.033214283362030986,0.0075522222556173805,0.0,0.5065735846757888,-0.4905687630176544,-0.4728154242038727,-0.07140524685382843
16690,3960.9375,-0.41414593160152435,-0.030347707495093346,0.006740457750856877,0.0,0.5098690867424012,-0.4986787348985672,-0.5575926899909973,-0.07847356796264648
16700,4100.625,-0.3184579983353615,-0.025657743960618973,0.003688639774918556,0.0,0.5090040981769561,-0.569829136133194,-0.569108247756958,-0.06780774146318436
16710,4239.3125,-0.4174516499042511,-0.03460750132799149,0.07011641263961792,0.0,0.5040851980447769,-0.577028775215149,-0.5682094097137451,-0.07272128015756607
16720,4394.0,-0.35172727331519127,-0.027832048200070857,0.001126046641729772,0.0,0.5103270590305329,-0.6042470455169677,-0.6183695197105408,-0.08508496731519699
16730,3988.375,-0.5042032599449158,-0.02631346732378006,1.2329722404479981,0.0,0.5088126480579376,-0.6203229784965515,-0.5558264255523682,-0.06632284075021744
16740,4130.1875,-0.32247309386730194,-0.035201560333371164,0.019081456959247588,0.0,0.5098695158958435,-0.5566997408866883,-0.5675147771835327,-0.07743141055107117
16750,4272.625,-0.320286363363266,-0.028572628647089003,0.00872451588511467,0.0,0.5090698838233948,-0.5612759411334991,-0.5550453066825867,-0.08552742004394531
16760,3887.375,-0.3058311678469181,-0.03069723807275295,0.02625110186636448,0.0,0.5129070401191711,-0.5333114206790924,-0.5340802669525146,-0.07758207619190216
16770,3368.75,-0.24916311353445053,-0.03600429221987724,0.03985601216554642,0.0,0.5111829757690429,-0.44988139569759367,-0.42504459619522095,-0.07328163087368011
16780,3488.75,-0.46393731236457825,-0.030462291836738587,0.017870908603072166,0.0,0.5117441773414612,-0.47173842787742615,-0.47888174653053284,-0.06519895792007446
16790,3614.4375,-0.40277988463640213,-0.03772162068635225,0.017250079102814196,0.0,0.5108973205089569,-0.5229391425848007,-0.5357340574264526,-0.07754494994878769
16800,3212.625,-0.49695590138435364,-0.025231316685676575,0.0694180354475975,0.0,0.51156285405159,-0.5262286335229873,-0.5328001379966736,-0.07594700157642365
16810,3222.9375,-0.4821349084377289,-0.032968266680836675,0.009127105213701725,0.0,0.5084590256214142,-0.5330154925584794,-0.5117775201797485,-0.06956799328327179
16820,2821.125,-0.5933162569999695,-0.03091901522129774,0.007370836101472378,0.0,0.5077889621257782,-0.498010465502739,-0.5380733013153076,-0.07237331569194794
16830,1847.25,-0.6160939037799835,-0.03664121925830841,0.013767727464437485,0.0,0.5136651992797852,-0.45653158724308013,-0.39412131905555725,-0.06914733350276947
16840,1349.125,-0.4687037169933319,-0.04481903817504644,0.017257706075906754,0.0,0.5113901674747467,-0.3252783536911011,-0.2954156994819641,-0.06496316194534302
16850,1434.875,-0.27515164762735367,-0.035589737445116044,0.011701599508523942,0.0,0.5170857310295105,-0.29963357746601105,-0.29850900173187256,-0.05846047028899193
16860,1532.125,-0.3209416791796684,-0.040051133185625074,0.009022139012813568,0.0,0.5226460039615631,-0.3327229470014572,-0.37374934554100037,-0.07547906041145325
16870,1621.3125,-0.6351786404848099,-0.04173396453261376,0.0204409908503294,0.0,0.5186161756515503,-0.3860836446285248,-0.4353693723678589,-0.06401056796312332
16880,1743.8125,-0.32906848937273026,-0.04164224751293659,0.02010449580848217,0.0,0.5171567857265472,-0.41385250389575956,-0.39732620120048523,-0.06688126921653748
16890,1854.5,-0.23796319589018822,-0.03233236894011497,0.0025014666840434074,0.0,0.5170872986316681,-0.411124250292778,-0.3998319208621979,-0.07609447836875916
16900,1960.25,-0.34588877856731415,-0.04122616536915302,0.010868149064481258,0.0,0.5140514373779297,-0.4089233368635178,-0.42088156938552856,-0.07848548889160156
16910,1539.125,-0.6596316248178482,-0.04124620370566845,0.014626924693584443,0.0,0.5178871393203736,-0.4544237643480301,-0.4736670255661011,-0.07693886756896973
16920,1667.75,-0.362775519490242,-0.03732978403568268,0.012607193924486637,0.0,0.5190735995769501,-0.44755510091781614,-0.4604334533214569,-0.0725620687007904
16930,1780.6875,-0.42526914924383163,-0.03743865042924881,0.04344334527850151,0.0,0.5188729643821717,-0.47077580690383913,-0.4522562325000763,-0.013871046714484692
16940,1903.8125,-0.36548076570034027,-0.03508875956758857,0.023185622692108155,0.0,0.51352179646492,-0.4631556570529938,-0.4634227752685547,-0.07542053610086441
16950,2023.75,-0.25628168508410454,-0.026633891835808755,0.01373617947101593,0.0,0.5168956041336059,-0.454865962266922,-0.4381696581840515,-0.07439371198415756
16960,1463.125,-0.5058434009552002,-0.026088283210992814,0.050032224506139755,0.0,0.5180527210235596,-0.39576595425605776,-0.3553519546985626,-0.07783742249011993
16970,1559.8125,-0.41848328709602356,-0.041634082421660425,0.011909501813352107,0.0,0.5201608717441559,-0.36285642981529237,-0.3732028603553772,-0.07881514728069305
16980,1494.1875,-0.3010200336575508,-0.043832309730350974,0.01703844964504242,0.0,0.5197005033493042,-0.2790825545787811,-0.3370550274848938,-0.07160799205303192
16990,1370.6875,-0.6650413572788239,-0.03778852969408035,0.02868424206972122,0.0,0.5244444489479065,-0.3105928510427475,-0.2838405966758728,-0.08136536180973053
17000,1464.9375,-0.39627672731876373,-0.037363445945084096,0.015635814145207406,0.0,0.5229041755199433,-0.3003208369016647,-0.3384118974208832,-0.06927190721035004
17010,1555.25,-0.497284471988678,-0.043276648968458176,0.018677649646997453,0.0,0.520290058851242,-0.3428004890680313,-0.33481910824775696,-0.08242662250995636
17020,1659.0,-0.4122459292411804,-0.036967113986611365,0.021891367435455323,0.0,0.5219835042953491,-0.3682781904935837,-0.365578293800354,-0.07357876002788544
17030,1694.75,-0.28264643251895905,-0.03470273241400719,0.032167766243219376,0.0,0.5158223688602448,-0.3294147938489914,-0.30580589175224304,-0.06586669385433197
17040,1786.5,-0.29245612025260925,-0.03635803647339344,0.0056700088083744046,0.0,0.5213567316532135,-0.32347939908504486,-0.3316802978515625,-0.061041027307510376
17050,1878.6875,-0.18705368041992188,-0.038652271032333374,0.008397257514297962,0.0,0.5217002928256989,-0.3171407878398895,-0.3050141930580139,-0.06909317523241043
17060,1961.25,-0.3911559581756592,-0.036433396860957146,0.01716502457857132,0.0,0.5273629069328308,-0.30527216792106626,-0.3334144353866577,-0.06443695724010468
17070,2052.9375,-0.4734693765640259,-0.03790402859449386,0.010242887400090694,0.0,0.5268640041351318,-0.2978218853473663,-0.3033358156681061,-0.0670919418334961
17080,2151.1875,-0.5090594738721848,-0.04628277979791164,0.018390959501266478,0.0,0.5284788489341736,-0.33018840551376344,-0.37235522270202637,-0.06824053823947906
17090,2247.375,-0.5307100862264633,-0.03512407541275024,0.02988668978214264,0.0,0.5281088352203369,-0.3525377929210663,-0.39556390047073364,-0.08859719336032867
17100,2373.0625,-0.4869807958602905,-0.029607947915792465,0.0056204298511147496,0.0,0.5291651368141175,-0.4754691421985626,-0.516560435295105,-0.07317076623439789
17110,2514.25,-0.3047556206583977,-0.03601753637194634,0.01408367995172739,0.0,0.5258033633232116,-0.521427008509636,-0.5339240431785583,-0.07558713853359222
17120,2654.1875,-0.3970232903957367,-0.029278668388724328,0.005284442380070686,0.0,0.5246572196483612,-0.55011066198349,-0.5365937352180481,-0.0650634914636612
17130,2798.125,-0.4066275954246521,-0.029278310760855675,0.05401087999343872,0.0,0.5237554013729095,-0.5382470905780792,-0.55550217628479,-0.06584929674863815
17140,2947.5,-0.4358825162053108,-0.021603169851005077,0.0029794529546052217,0.0,0.5294120609760284,-0.5872079193592071,-0.5998696684837341,-0.07958552241325378
17150,3098.3125,-0.4309985637664795,-0.027116559445858,0.07655307948589325,0.0,0.5253108680248261,-0.586515736579895,-0.5856149792671204,-0.08437751233577728
17160,3248.4375,-0.3259656988084316,-0.025713977962732316,0.03886751867830753,0.0,0.5233429372310638,-0.5847552359104157,-0.579338550567627,-0.0725928395986557
17170,3401.875,-0.35806021839380264,-0.010004801582545042,0.004738528374582529,0.0,0.526031357049942,-0.6031489789485931,-0.6320962905883789,-0.08402414619922638
17180,3561.875,-0.3469208665192127,-0.016809215024113654,0.020996153354644775,0.0,0.5258968114852905,-0.6262400090694428,-0.6249066591262817,-0.06893507391214371
17190,2973.9375,-0.2523173652589321,-0.04013767056167126,0.21676485240459442,0.0,0.5241484820842743,-0.580323800444603,-0.42991840839385986,-0.07471625506877899
17200,3092.625,-0.4660166800022125,-0.03987650200724602,0.017917179316282273,0.0,0.5229762077331543,-0.4307567924261093,-0.4674279987812042,-0.08025368303060532
17210,3218.375,-0.34876126050949097,-0.033122836425900457,0.007937994599342347,0.0,0.5276011824607849,-0.4381640464067459,-0.41648706793785095,-0.08894550800323486
17220,3336.3125,-0.3525334522128105,-0.031183899194002152,0.01635884549468756,0.0,0.5281095623970031,-0.4335252583026886,-0.43141865730285645,-0.07927283644676208
17230,3453.1875,-0.4596400111913681,-0.035548418015241626,0.014008182473480702,0.0,0.5278482556343078,-0.43917796611785886,-0.4456467628479004,-0.08691850304603577
17240,3576.3125,-0.3396479859948158,-0.03716013040393591,0.018865758925676344,0.0,0.530725359916687,-0.4422359824180603,-0.4194217920303345,-0.0664869099855423
17250,3701.5,-0.5093079805374146,-0.03336174227297306,0.26126840710639954,0.0,0.5305113017559051,-0.49323329925537107,-0.5639382600784302,-0.06839106976985931
17260,3313.5625,-0.29901526868343353,-0.024414448998868465,0.45542319416999816,0.0,0.5336763381958007,-0.5387381672859192,-0.5231488943099976,-0.07488159090280533
17270,3454.75,-0.40656381100416183,-0.028312311880290507,0.12239759415388107,0.0,0.5315623223781586,-0.514410775899887,-0.5424330234527588,-0.07913540303707123
17280,3586.3125,-0.40347446501255035,-0.030539925768971445,0.0083594823256135,0.0,0.5292215585708618,-0.5385144591331482,-0.5341155529022217,-0.08003704249858856
17290,3725.5,-0.4065144658088684,-0.03613163679838181,0.011092834174633026,0.0,0.5276135563850403,-0.5433815896511078,-0.5410411357879639,-0.07996154576539993
17300,3876.75,-0.3420409932732582,-0.03402488883584738,0.00703829936683178,0.0,0.5311554431915283,-0.5609660029411316,-0.5944770574569702,-0.0896049290895462
17310,3492.0625,-0.33039578050374985,-0.023309148848056793,0.8637465000152588,0.0,0.5290914297103881,-0.601000827550888,-0.5915892124176025,-0.06920235604047775
17320,3632.3125,-0.41969868540763855,-0.029462449625134467,0.06491857171058654,0.0,0.5290306270122528,-0.544126832485199,-0.559178352355957,-0.08778411895036697
17330,3247.3125,-0.5221867859363556,-0.02910456731915474,0.0370276428759098,0.0,0.525316470861435,-0.5757216215133667,-0.5826451778411865,-0.07885470986366272
17340,3399.75,-0.33717217296361923,-0.02405402362346649,0.006786414328962565,0.0,0.5261911809444427,-0.5882846772670746,-0.5927837491035461,-0.0815606564283371
17350,3010.375,-0.3080999329686165,-0.03092710003256798,0.005786425154656172,0.0,0.5252867996692657,-0.5477660000324249,-0.5387197732925415,-0.07748004049062729
17360,3153.3125,-0.2979592904448509,-0.012508754432201386,0.013784168101847172,0.0,0.5255919694900513,-0.5489322066307067,-0.52271568775177,-0.07320290058851242
17370,3313.3125,-0.34908393025398254,-0.00042284149676561353,0.0027536989189684393,0.0,0.5290776789188385,-0.6036897659301758,-0.6299673914909363,-0.06820040941238403
17380,2942.9375,-0.32781244814395905,-0.021677960455417634,0.010675715468823909,0.0,0.5248937368392944,-0.6085662007331848,-0.5807356834411621,-0.07488921284675598
17390,3088.3125,-0.4411943405866623,-0.024520252645015717,0.02663830406963825,0.0,0.5217742085456848,-0.5867236256599426,-0.6126437187194824,-0.0775904655456543
17400,3239.5,-0.3246939554810524,-0.0289565771818161,0.010952913761138916,0.0,0.5217079043388366,-0.5833565711975097,-0.5823851823806763,-0.06700266897678375
17410,3390.5,-0.32214466109871864,-0.0287403866648674,0.012757513672113419,0.0,0.5228145360946655,-0.5799926817417145,-0.5763185024261475,-0.06797082722187042
17420,3543.25,-0.32229015976190567,-0.027842490002512932,0.005175299476832151,0.0,0.524069756269455,-0.5833666265010834,-0.5633490085601807,-0.08123131096363068
17430,3688.375,-0.4195970147848129,-0.02214372456073761,0.030618326365947725,0.0,0.5251105725765228,-0.5652849316596985,-0.5722067356109619,-0.07327333092689514
17440,3840.6875,-0.3157939873635769,-0.02977201044559479,0.010802757181227206,0.0,0.5254063129425048,-0.5658487617969513,-0.5622110366821289,-0.06937693804502487
17450,3644.1875,-0.3162345290184021,-0.028882819414138793,0.011849993094801902,0.0,0.5258794248104095,-0.5335264325141906,-0.5490180850028992,-0.08345097303390503
17460,3782.375,-0.2996281869709492,-0.03197646215558052,0.017477070167660713,0.0,0.5267662703990936,-0.5443069398403168,-0.5193620920181274,-0.0798942819237709
17470,3929.0,-0.4385562390089035,-0.01741624027490616,0.06738023608922958,0.0,0.5300230026245117,-0.5745221078395844,-0.6024821400642395,-0.08176712691783905
17480,4086.875,-0.3449055925011635,-0.014453771337866784,0.005461799725890159,0.0,0.5279431700706482,-0.594240403175354,-0.6156516075134277,-0.07415957748889923
17490,4002.5625,-0.3406096175312996,-0.013122712448239326,0.00421679844148457,0.0,0.5299120962619781,-0.5843522727489472,-0.6163895130157471,-0.06482972204685211
17500,4162.5625,-0.3436793237924576,-0.014962240681052208,0.022093029320240022,0.0,0.5288505792617798,-0.6123894929885865,-0.6124058961868286,-0.07495275139808655
17510,3788.0625,-0.327273391187191,-0.016173451393842696,0.01484982818365097,0.0,0.5281243979930877,-0.5733542621135712,-0.5663402080535889,-0.08820657432079315
17520,3942.25,-0.31596866250038147,-0.022110082674771547,0.020141564682126044,0.0,0.5273534774780273,-0.5713901996612549,-0.5602768659591675,-0.07166045904159546
17530,3555.25,-0.3249104619026184,-0.02276662103831768,0.004424672247841955,0.0,0.5253234207630157,-0.536561805009842,-0.5721431970596313,-0.07767771929502487
17540,3703.8125,-0.325680423527956,-0.029165206104516984,0.6231725931167602,0.0,0.5288024842739105,-0.5735627233982086,-0.5750437378883362,-0.07631710171699524
17550,3318.8125,-0.2666577622294426,-0.026137598045170306,0.105868960916996,0.0,0.5262976884841919,-0.5342054843902588,-0.5229575037956238,-0.010358018800616264
17560,3044.8125,-0.3216582275927067,-0.031524758040905,0.2518854349851608,0.0,0.5272075831890106,-0.4857523024082184,-0.5716259479522705,-0.07169050723314285
17570,2902.8125,-0.2937522381544113,-0.034209489729255436,0.025542016327381133,0.0,0.5297244191169739,-0.5249870717525482,-0.5211003422737122,-0.06640413403511047
17580,3046.875,-0.2895835377275944,-0.0345801156014204,0.012916113249957561,0.0,0.5272110581398011,-0.5382262170314789,-0.5125880241394043,-0.06657905131578445
17590,3182.75,-0.31046367809176445,-0.03449629619717598,0.039471281319856645,0.0,0.5274989187717438,-0.524117523431778,-0.5434507131576538,-0.07747671008110046
17600,3321.75,-0.5098566114902496,-0.027798978984355925,0.013817125000059605,0.0,0.5263837099075317,-0.5550134658813477,-0.5478137731552124,-0.08739802986383438
17610,2929.3125,-0.29297084361314774,-0.033834487199783325,0.042426766455173494,0.0,0.520466810464859,-0.4953199654817581,-0.5220908522605896,-0.06385082751512527
17620,2389.625,-0.3571322336792946,-0.02583737801760435,0.2565662682056427,0.0,0.5242027580738068,-0.5294179171323776,-0.44453781843185425,-0.07760728895664215
17630,2214.25,-0.35378583520650864,-0.04140091985464096,0.05884826481342316,0.0,0.5292875289916992,-0.47311891913414,-0.4451483488082886,-0.06930066645145416
17640,2346.5,-0.3712627813220024,-0.03181424699723721,0.0020887495251372457,0.0,0.5261172413825989,-0.4539938628673553,-0.4687698781490326,-0.08164925873279572
17650,2433.0,-0.26972678676247597,-0.0322440380230546,0.009509359858930111,0.0,0.5288313031196594,-0.47646098434925077,-0.46681904792785645,-0.07263452559709549
17660,2038.4375,-0.3968876898288727,-0.02862746026366949,0.007759995386004448,0.0,0.5288099825382233,-0.4964149326086044,-0.5275854468345642,-0.0732053741812706
17670,2182.9375,-0.39453545212745667,-0.020112853683531284,0.005302650108933449,0.0,0.5280799806118012,-0.5270255863666534,-0.5274205803871155,-0.0676509216427803
17680,1932.0,-0.27078939974308014,-0.03146889805793762,0.030802439153194427,0.0,0.5285833775997162,-0.5034259915351867,-0.4644589126110077,-0.07711989432573318
17690,2065.1875,-0.25719125755131245,-0.03322725128382444,0.06044763252139092,0.0,0.5241116583347321,-0.4933991640806198,-0.45305579900741577,-0.06132674962282181
17700,1772.3125,-0.47293421626091003,-0.03924183286726475,0.006290408782660961,0.0,0.5270583629608154,-0.48565722405910494,-0.4947304427623749,-0.06685223430395126
17710,1828.4375,-0.3883807584643364,-0.039087986946105956,0.03311552032828331,0.0,0.5274832606315613,-0.4740928888320923,-0.5146722793579102,-0.06923328340053558
17720,1957.9375,-0.3736695647239685,-0.03408349081873894,0.027068911492824553,0.0,0.5249471485614776,-0.4914138913154602,-0.4865068197250366,-0.06732166558504105
17730,1840.75,-0.35137733817100525,-0.026117151975631712,0.3662358820438385,0.0,0.528175163269043,-0.46112326383590696,-0.4474410116672516,-0.06240362673997879
17740,1942.5625,-0.3937130272388458,-0.03346524350345135,0.015517023392021656,0.0,0.5294476807117462,-0.5038362473249436,-0.524181604385376,-0.07076445966959
17750,2083.1875,-0.3834691196680069,-0.026419563591480254,0.020751953125,0.0,0.5290217578411103,-0.5162956118583679,-0.5049768686294556,-0.0681830644607544
17760,1937.9375,-0.3871833086013794,-0.036551036313176154,0.060437125712633134,0.0,0.5261474430561066,-0.5309053480625152,-0.5212582349777222,-0.06135600805282593
17770,2075.6875,-0.2872398570179939,-0.04149801693856716,0.008148496970534325,0.0,0.5290570318698883,-0.518467390537262,-0.511188268661499,-0.06329138576984406
17780,1685.1875,-0.3689483180642128,-0.0339870773255825,0.02372843846678734,0.0,0.5272099852561951,-0.5076471894979477,-0.47233641147613525,-0.07329012453556061
17790,1768.6875,-0.2690308950841427,-0.03296500453725457,0.06847233548760415,0.0,0.5253777205944061,-0.5039023190736771,-0.47455495595932007,-0.0635068267583847
17800,1900.625,-0.3707447573542595,-0.03070889078080654,0.00963075626641512,0.0,0.5240644931793212,-0.4930000573396683,-0.46711742877960205,-0.08126363158226013
17810,2026.5,-0.36411572247743607,-0.036092150025069714,0.006355493515729904,0.0,0.5262388288974762,-0.484472918510437,-0.4751693904399872,-0.06123289465904236
17820,2158.0625,-0.37461769580841064,-0.0373494990170002,0.003298407234251499,0.0,0.5250155329704285,-0.4757800787687302,-0.4731230139732361,-0.08300445973873138
17830,2287.625,-0.2744106277823448,-0.03812055978924036,0.032179733738303185,0.0,0.5249877989292144,-0.4627296686172485,-0.48009705543518066,-0.06872420012950897
17840,2134.5,-0.45834384858608246,-0.03733665719628334,0.015116732381284238,0.0,0.5239544928073883,-0.43595423400402067,-0.45260539650917053,-0.07780781388282776
17850,1877.0,-0.2037150040268898,-0.03938273936510086,0.022401799634099006,0.0,0.5273871064186096,-0.39518395364284514,-0.33349597454071045,-0.07393403351306915
17860,1832.5,-0.37818804383277893,-0.04433020129799843,0.016983507201075554,0.0,0.5269933998584747,-0.3080805093050003,-0.2821488380432129,-0.08821412920951843
17870,1678.9375,-0.3335573673248291,-0.025199417769908906,0.15059013068675994,0.0,0.527793288230896,-0.2945719644427299,-0.2278030514717102,-0.050887975841760635
17880,1520.375,-0.5305127203464508,-0.04803291708230972,0.024375589191913606,0.0,0.528701227903366,-0.22752896547317505,-0.22141706943511963,-0.06655242294073105
17890,1603.375,-0.2459820806980133,-0.04390308558940888,0.01720102019608021,0.0,0.5308910429477691,-0.22642848193645476,-0.2056383192539215,-0.09401752054691315
17900,1680.875,-0.4803408682346344,-0.04454062357544899,0.019634036347270012,0.0,0.5303650021553039,-0.26377124190330503,-0.30596184730529785,-0.07682328671216965
17910,1764.3125,-0.4478163421154022,-0.04401513710618019,0.016673773527145386,0.0,0.5327624380588531,-0.26384924799203874,-0.23935222625732422,-0.0760522335767746
17920,1836.375,-0.5441577881574631,-0.04477881267666817,0.017355383187532426,0.0,0.52829310297966,-0.2526832163333893,-0.2478564828634262,-0.07002385705709457
17930,1923.8125,-0.4723941832780838,-0.03548793392255902,0.022571566328406335,0.0,0.5321029245853424,-0.2608865022659302,-0.2911090850830078,-0.07409912347793579
17940,1999.5625,-0.2682788521051407,-0.03879607766866684,0.013892240449786186,0.0,0.537016499042511,-0.2562121361494064,-0.2692495882511139,-0.07425668835639954
17950,2090.875,-0.18588292971253395,-0.039368026331067084,0.006313146557658911,0.0,0.5355583846569061,-0.29077262580394747,-0.2813767194747925,-0.09038913995027542
17960,2170.6875,-0.2921743541955948,-0.039316409081220624,0.04696336388587952,0.0,0.5371061742305756,-0.3067077726125717,-0.3092871308326721,-0.0834796130657196
17970,2030.25,-0.3967653959989548,-0.03127301968634129,0.05052741467952728,0.0,0.5382552981376648,-0.34665808379650115,-0.32534265518188477,-0.08235952258110046
17980,2122.25,-0.6091892570257187,-0.05010680202394724,0.019440703094005585,0.0,0.5378531992435456,-0.3317719101905823,-0.36282795667648315,-0.08558113873004913
17990,2230.0625,-0.4088858515024185,-0.04552929140627384,0.022290242835879326,0.0,0.5412216544151306,-0.35924171805381777,-0.3503011465072632,-0.08193397521972656
18000,2353.4375,-0.33939285576343536,-0.03881172575056553,0.005076101422309876,0.0,0.5413708031177521,-0.3779516637325287,-0.3922598361968994,-0.09405037760734558
18010,2464.4375,-0.25630782544612885,-0.03797094337642193,0.004838491883128881,0.0,0.5402796566486359,-0.4126598060131073,-0.42925652861595154,-0.08335912972688675
18020,2581.4375,-0.4674173593521118,-0.0329146146774292,0.015070508420467376,0.0,0.5367855846881866,-0.4431372910737991,-0.4683825671672821,-0.08003063499927521
18030,2711.9375,-0.2722024843096733,-0.03447458408772945,0.010986900515854358,0.0,0.5392842590808868,-0.46963135004043577,-0.455316424369812,-0.08908849209547043
18040,2855.25,-0.25801052898168564,-0.028934551402926445,0.005725152976810932,0.0,0.5411194324493408,-0.46929476857185365,-0.45268183946609497,-0.0633392184972763
18050,2983.375,-0.40841053426265717,-0.027579058706760407,0.0605250783264637,0.0,0.5373447895050049,-0.4996026784181595,-0.5495998859405518,-0.07356265187263489
18060,2603.1875,-0.2779105268418789,-0.028542921785265206,0.007471179123967886,0.0,0.5367725372314454,-0.5187664270401001,-0.49455612897872925,-0.061264924705028534
18070,2739.625,-0.39133109152317047,-0.02339182496070862,0.007783877104520798,0.0,0.5367839455604553,-0.5084189355373383,-0.5085884928703308,-0.08128918707370758
18080,2345.5625,-0.24910933524370193,-0.03989478386938572,0.01273453701287508,0.0,0.537105530500412,-0.47849068939685824,-0.43324485421180725,-0.06497378647327423
18090,2480.0,-0.25224944949150085,-0.040786688402295115,0.008995741605758667,0.0,0.5362177014350891,-0.4520883321762085,-0.4419350028038025,-0.06256389617919922
18100,2283.625,-0.4379544258117676,-0.022408971562981606,0.014913515001535416,0.0,0.5379111349582673,-0.4326170116662979,-0.4156973361968994,-0.07508458197116852
18110,2404.1875,-0.4358365833759308,-0.026306342147290707,0.08568204492330551,0.0,0.539494264125824,-0.40662948191165926,-0.41581565141677856,-0.070198655128479
18120,2520.6875,-0.4347763657569885,-0.034925328195095064,0.013546434231102467,0.0,0.5365175545215607,-0.4092494994401932,-0.4201710820198059,-0.06375819444656372
18130,2647.875,-0.36218009144067764,-0.03234075456857681,0.05664533525705338,0.0,0.5379639148712159,-0.446381014585495,-0.46025383472442627,-0.07131335884332657
18140,2539.0,-0.22846853733062744,-0.03817078759893775,0.04705834090709686,0.0,0.5399740040302277,-0.4118639290332794,-0.39192384481430054,-0.06501322984695435
18150,2648.25,-0.4410296231508255,-0.03740311060100794,0.02608979567885399,0.0,0.5377865552902221,-0.4072099804878235,-0.4203576445579529,-0.07604236900806427
18160,2314.625,-0.33098790794610977,-0.032754098623991014,0.02846202440559864,0.0,0.5351453304290772,-0.3924327552318573,-0.4166259765625,-0.05249088630080223
18170,2433.625,-0.44342395663261414,-0.04337147697806358,0.07257988899946213,0.0,0.5366322338581085,-0.4102664768695831,-0.4328176975250244,-0.0673966109752655
18180,2412.4375,-0.39287224411964417,-0.033243012614548206,0.05503378435969353,0.0,0.5368540287017822,-0.3776883125305176,-0.343450665473938,-0.05643250793218613
18190,1993.6875,-0.4060005843639374,-0.04766262844204903,0.02759711742401123,0.0,0.5369016528129578,-0.34442623257637023,-0.3521718978881836,-0.0733737125992775
18200,2102.5,-0.2756790667772293,-0.03256237171590328,0.03454033806920052,0.0,0.5378243446350097,-0.33120442628860475,-0.30509892106056213,-0.053865961730480194
18210,2194.0625,-0.30549178272485733,-0.034895623475313185,0.013524720072746277,0.0,0.53745157122612,-0.3327173203229904,-0.34638646245002747,-0.0728951096534729
18220,2295.5,-0.290104977786541,-0.03950858525931835,0.005878293979912996,0.0,0.53452929854393,-0.3385555475950241,-0.3143407702445984,-0.07347529381513596
18230,2387.375,-0.49321751296520233,-0.038547273725271225,0.044763986766338346,0.0,0.5371534526348114,-0.3263690710067749,-0.34784257411956787,-0.06082925200462341
18240,2503.5625,-0.20306598022580147,-0.03736129943281412,0.045864389091730115,0.0,0.5381735861301422,-0.33781462609767915,-0.3828403055667877,-0.023291656747460365
18250,2605.5,-0.4235844612121582,-0.03857093751430511,0.006012404244393111,0.0,0.5391746759414673,-0.362093785405159,-0.3894430100917816,-0.07326193153858185
18260,1877.8125,-0.2799864336848259,-0.02786566726863384,0.28033865094184873,0.0,0.5388609409332276,-0.3402871459722519,-0.3062455654144287,-0.06073851138353348
18270,1978.4375,-0.2819751650094986,-0.043561496585607526,0.020304782316088676,0.0,0.5354262530803681,-0.27650915682315824,-0.29293665289878845,-0.07711078226566315
18280,1755.0,-0.4424332529306412,-0.03693961212411523,0.03411133214831352,0.0,0.5371368229389191,-0.2900605946779251,-0.24583706259727478,-0.06088370084762573
18290,1855.6875,-0.1514587365090847,-0.046680030226707456,0.016919159889221193,0.0,0.5380063354969025,-0.23628084510564804,-0.2340421825647354,-0.06887529790401459
18300,1924.5625,-0.441842183470726,-0.0415131714195013,0.04296079054474831,0.0,0.5345971465110779,-0.2509446382522583,-0.26778048276901245,-0.03764154016971588
18310,1679.0625,-0.8218276798725128,-0.04303696975111961,0.02151082456111908,0.0,0.536006772518158,-0.23034801036119462,-0.22318756580352783,-0.07025466859340668
18320,1757.5625,-0.43330904841423035,-0.027889533806592225,0.010952067747712135,0.0,0.5383358240127564,-0.19174778908491136,-0.22035269439220428,-0.0681358203291893
18330,1830.0,-0.43192343413829803,-0.04440280795097351,0.035344519466161725,0.0,0.5361214935779571,-0.247957643866539,-0.26022422313690186,-0.02726079523563385
18340,1561.125,-0.22331036627292633,-0.03325091786682606,0.014829142950475216,0.0,0.538841837644577,-0.2376366451382637,-0.19058698415756226,-0.06201095134019852
18350,1630.1875,-0.4633612334728241,-0.03134372904896736,0.08104750812053681,0.0,0.5402161359786988,-0.23191189467906953,-0.27949124574661255,-0.06989508867263794
18360,1534.375,-0.2510415017604828,-0.04294689986854792,0.009212132915854454,0.0,0.5381353020668029,-0.269388447701931,-0.24309243261814117,-0.06565693765878677
18370,1265.1875,-0.3428431898355484,-0.03216860629618168,0.01349229384213686,0.0,0.5438923895359039,-0.23561933636665344,-0.23402179777622223,-0.06521163135766983
18380,1292.375,-0.25284701585769653,-0.04119539223611355,0.012674440443515778,0.0,0.5414178907871247,-0.2649607300758362,-0.22455739974975586,-0.08865366876125336
18390,1335.875,-0.5382433533668518,-0.045555132627487185,0.016457889601588248,0.0,0.5410083830356598,-0.2530050814151764,-0.23278680443763733,-0.07222036272287369
18400,1412.5625,-0.27626071125268936,-0.0361162006855011,0.03776877522468567,0.0,0.5453405916690827,-0.21042460054159165,-0.2753996253013611,-0.08428215980529785
18410,1479.5625,-0.43034641444683075,-0.03066830858588219,0.019768324121832846,0.0,0.5403921425342559,-0.21469652503728867,-0.20272338390350342,-0.0800040066242218
18420,1558.5625,-0.3231474608182907,-0.04355727694928646,0.010406241938471793,0.0,0.5429609060287476,-0.20458571761846542,-0.1871996819972992,-0.0737927109003067
18430,1623.125,-0.4392912983894348,-0.03729633130133152,0.014289792627096176,0.0,0.5416247010231018,-0.22053161561489104,-0.21779583394527435,-0.08208177238702774
18440,1378.3125,-0.5029015243053436,-0.04370911233127117,0.0136765094473958,0.0,0.5394046843051911,-0.1890839159488678,-0.1582247018814087,-0.075656458735466
18450,1447.25,-0.23076347261667252,-0.043926695734262465,0.019105735793709756,0.0,0.5402651727199554,-0.19226862192153932,-0.1887149214744568,-0.07956688106060028
18460,1508.3125,-0.36990557610988617,-0.043206798285245894,0.015318846702575684,0.0,0.5413544356822968,-0.24059315472841264,-0.2765846252441406,-0.07970855385065079
18470,1599.9375,-0.5026256889104843,-0.0505400113761425,0.02001153975725174,0.0,0.5432915091514587,-0.28779571652412417,-0.3403385877609253,-0.08740730583667755
18480,1169.625,-0.26885294914245605,-0.03528211787343025,0.01601543165743351,0.0,0.5463905453681945,-0.28327766954898836,-0.2720510959625244,-0.07377800345420837
18490,1261.125,-0.17948732897639275,-0.028478606417775155,0.04697953164577484,0.0,0.5477888226509094,-0.29020857214927676,-0.2772544026374817,-0.0817202627658844
18500,1350.4375,-0.38267703354358673,-0.03269302025437355,0.06642753928899765,0.0,0.5510409653186799,-0.30059355199337007,-0.3059682250022888,-0.0741502046585083
18510,1409.125,-0.37400291860103607,-0.034646303951740266,0.020981238037347794,0.0,0.5496164679527282,-0.2851136356592178,-0.2824598550796509,-0.079227015376091
18520,1326.8125,-0.27753279358148575,-0.04274199604988098,0.016171823628246783,0.0,0.5451844871044159,-0.27257127314805984,-0.3015941381454468,-0.06054413691163063
18530,1345.25,-0.47092485427856445,-0.03848649673163891,0.01974542960524559,0.0,0.549680757522583,-0.2827360570430756,-0.2792878746986389,-0.08405673503875732
18540,1244.0,-0.2707211822271347,-0.041967683099210264,0.012982262670993805,0.0,0.5455468356609344,-0.2681972458958626,-0.2664835453033447,-0.08292371779680252
18550,1333.75,-0.2501257434487343,-0.03496923372149467,0.04189199581742287,0.0,0.5467378854751587,-0.2485671892762184,-0.2372247874736786,-0.06946514546871185
18560,1412.625,-0.498798668384552,-0.03812650889158249,0.024800248071551324,0.0,0.5472114503383636,-0.2892232373356819,-0.3399145305156708,-0.07892469316720963
18570,1510.4375,-0.1658409833908081,-0.03588723912835121,0.015046722255647182,0.0,0.5484329879283905,-0.27218137979507445,-0.2651295065879822,-0.06655248254537582
18580,726.3125,-0.4413645267486572,-0.03028213046491146,0.060917530208826065,0.0,0.5479603469371795,-0.27342499792575836,-0.23847979307174683,-0.06615079939365387
18590,815.1875,-0.37111425399780273,-0.03539004549384117,0.012547575496137142,0.0,0.5473039746284485,-0.268169578909874,-0.2752675414085388,-0.08226733654737473
18600,916.5,-0.18449820578098297,-0.03266083672642708,0.024136216565966605,0.0,0.5479747354984283,-0.2847480237483978,-0.2893141210079193,-0.07968229055404663
18610,1007.3125,-0.40231339633464813,-0.03831077478826046,0.018474571406841278,0.0,0.5507830023765564,-0.32558623850345614,-0.33875128626823425,-0.08016470819711685
18620,1120.875,-0.30509053170681,-0.040512485429644585,0.007376713771373033,0.0,0.5504408121109009,-0.34441250264644624,-0.3400653600692749,-0.0769200474023819
18630,1226.3125,-0.30184314399957657,-0.033874865435063836,0.010033571906387807,0.0,0.550963181257248,-0.3672623962163925,-0.32805299758911133,-0.08207578957080841
18640,1336.25,-0.3754664584994316,-0.038004589080810544,0.033009234443306924,0.0,0.54991534948349,-0.3403276979923248,-0.35402438044548035,-0.010568749159574509
18650,1450.125,-0.3078934922814369,-0.03667639717459679,0.01110015343874693,0.0,0.5481172263622284,-0.3533701866865158,-0.34707701206207275,-0.07614471018314362
18660,1556.6875,-0.41187962889671326,-0.035152944177389144,0.024514733627438546,0.0,0.5500174462795258,-0.3589411288499832,-0.3581116795539856,-0.07995323091745377
18670,1662.875,-0.5170155912637711,-0.034003586322069165,0.02519437372684479,0.0,0.5488200485706329,-0.3761960804462433,-0.3742503523826599,-0.08103092759847641
18680,1785.75,-0.3333147168159485,-0.0340123375877738,0.16087552309036254,0.0,0.5505729138851165,-0.4007279366254807,-0.40879422426223755,-0.06554307043552399
18690,1916.1875,-0.33532392978668213,-0.023448416218161582,0.025903283059597014,0.0,0.5481889963150024,-0.4348782181739807,-0.42318907380104065,-0.05411453917622566
18700,2016.5625,-0.33273502439260483,-0.04124175142496824,0.009371371380984784,0.0,0.5522250056266784,-0.4004521042108536,-0.39297717809677124,-0.08005239069461823
18710,1799.25,-0.31112702190876007,-0.039317996427416804,0.013341590203344822,0.0,0.5479179620742798,-0.3623794823884964,-0.34738004207611084,-0.08159679174423218
18720,1485.0,-0.5711777955293655,-0.02403329163789749,0.22632586658000947,0.0,0.5483392179012299,-0.32353828847408295,-0.30577194690704346,-0.06563213467597961
18730,1421.875,-0.24369483441114426,-0.0350147370249033,0.01974659077823162,0.0,0.5469622313976288,-0.2675019070506096,-0.21778512001037598,-0.07653412222862244
18740,1503.8125,-0.3391992449760437,-0.04180355705320835,0.014320225827395916,0.0,0.5483987390995025,-0.2304590091109276,-0.2220105677843094,-0.07109813392162323
18750,1437.25,-0.4390837550163269,-0.04678239598870278,0.059157122671604154,0.0,0.547867476940155,-0.22024416774511338,-0.2506849765777588,-0.04742465540766716
18760,1539.1875,-0.3925296366214752,-0.034482847154140475,0.010037555918097496,0.0,0.5507070899009705,-0.2970688953995705,-0.31572026014328003,-0.08445096015930176
18770,1330.1875,-0.27008381485939026,-0.03983645923435688,0.01563554219901562,0.0,0.547491192817688,-0.31422151029109957,-0.27938520908355713,-0.06846047192811966
18780,1239.1875,-0.697455883026123,-0.031504572927951814,0.16328971982002258,0.0,0.5485518991947174,-0.29751176238059995,-0.3493678569793701,-0.08120264112949371
18790,1307.8125,-0.36885878443717957,-0.0393156673759222,0.022608736529946327,0.0,0.5468697667121887,-0.30487133264541627,-0.28031986951828003,-0.07080622762441635
18800,1404.6875,-0.28444749116897583,-0.04341808408498764,0.009397055022418499,0.0,0.5469708859920501,-0.3050530642271042,-0.30417078733444214,-0.07175351679325104
18810,1239.5625,-0.3454904407262802,-0.039248020946979524,0.02072836719453335,0.0,0.5474949419498444,-0.2444227859377861,-0.235268235206604,-0.0698167160153389
18820,1317.0,-0.34078991413116455,-0.042976048216223715,0.02051636911928654,0.0,0.5513305246829987,-0.2613803416490555,-0.23909157514572144,-0.05638411268591881
18830,1332.4375,-0.25999194383621216,-0.042417256720364095,0.011425044387578964,0.0,0.549139428138733,-0.2598337486386299,-0.25395214557647705,-0.07274825870990753
18840,1340.9375,-0.30608518421649933,-0.03918824084103108,0.034255240112543106,0.0,0.547682911157608,-0.26591956615448,-0.2141227424144745,-0.012033587321639061
18850,1415.25,-0.28059590607881546,-0.03490024786442518,0.12325883358716964,0.0,0.5496737837791443,-0.2897515192627907,-0.3015822768211365,-0.0670892596244812
18860,1218.375,-0.3901536911725998,-0.03304525353014469,0.004909912217408418,0.0,0.5528753638267517,-0.3398491144180298,-0.33256542682647705,-0.062396854162216187
18870,1334.875,-0.3358776718378067,-0.030225324630737304,0.033453966677188876,0.0,0.5531069517135621,-0.38440333008766175,-0.40550369024276733,-0.073161281645298
18880,1379.125,-0.20783296693116426,-0.032771320268511775,0.16758954524993896,0.0,0.5520039916038513,-0.40887472331523894,-0.4069588780403137,-0.008707059547305107
18890,1399.0625,-0.408113956451416,-0.03976818583905697,0.014619273506104946,0.0,0.5506583154201508,-0.3901680499315262,-0.37177276611328125,-0.060490041971206665
18900,1449.25,-0.39192333817481995,-0.028378372266888618,0.023841586709022523,0.0,0.5512311816215515,-0.36823880970478057,-0.31734275817871094,-0.08050023764371872
18910,1571.5,-0.20811540819704533,-0.041917120292782786,0.004446856770664453,0.0,0.5531308829784394,-0.3822440057992935,-0.35787543654441833,-0.058355383574962616
18920,1628.0625,-0.24630741029977798,-0.04182931799441576,0.014558224380016327,0.0,0.5531639456748962,-0.39908509850502016,-0.42754483222961426,-0.06506998836994171
18930,1270.9375,-0.24906690418720245,-0.023042014241218566,0.1347462058067322,0.0,0.5546536028385163,-0.41337994337081907,-0.4197379946708679,-0.07839581370353699
18940,1407.3125,-0.2647053673863411,-0.03601899947971106,0.00912566827610135,0.0,0.5518504440784454,-0.4546253591775894,-0.45259326696395874,-0.07681746780872345
18950,1349.75,-0.44392524659633636,-0.03680172450840473,0.03484153151512146,0.0,0.5528667807579041,-0.44104463458061216,-0.43086254596710205,-0.07130641490221024
18960,1475.875,-0.3251025378704071,-0.030083638802170753,0.02672368362545967,0.0,0.5537968218326569,-0.404110723733902,-0.38167518377304077,-0.07551425695419312
18970,1601.6875,-0.22653349488973618,-0.03658228814601898,0.014907644130289555,0.0,0.551900976896286,-0.39486551880836485,-0.37562114000320435,-0.0774458795785904
18980,1709.4375,-0.4333958625793457,-0.036436041444540025,0.031956960633397105,0.0,0.5493392884731293,-0.39901305437088014,-0.41536569595336914,-0.06721138209104538
18990,758.9375,-0.3640768676996231,-0.035916827619075775,0.022146740183234214,0.0,0.5508056282997131,-0.3456098407506943,-0.2806059718132019,-0.06436162441968918
19000,654.25,-0.4421124756336212,-0.027846816554665567,0.21346979439258576,0.0,0.5501571834087372,-0.2721119329333305,-0.2354010045528412,-0.06970618665218353
19010,764.375,-0.4066599905490875,-0.041215547174215314,0.017650151625275612,0.0,0.5540245294570922,-0.30673759430646896,-0.36762428283691406,-0.06006339192390442
19020,748.0625,-0.3547379747033119,-0.03326405584812164,0.011331545934081078,0.0,0.5564870417118073,-0.4306568741798401,-0.4423666000366211,-0.07432311773300171
19030,850.4375,-0.3024517484009266,-0.026324492506682874,0.028908828645944594,0.0,0.5504323780536652,-0.3971042692661285,-0.39867541193962097,-0.012952566146850586
19040,967.125,-0.42157065868377686,-0.03329904526472092,0.026887035369873045,0.0,0.5531600058078766,-0.3855100154876709,-0.3939109146595001,-0.06305024027824402
19050,1097.0,-0.2382507212460041,-0.03576657623052597,0.009933088719844819,0.0,0.556196516752243,-0.3921620935201645,-0.41958898305892944,-0.056912459433078766
19060,1223.0,-0.3442053869366646,-0.021882544830441476,0.11241063326597214,0.0,0.5557209253311157,-0.41348635256290434,-0.4220709800720215,-0.07350674271583557
19070,1357.25,-0.24462143331766129,-0.03711870741099119,0.0048231537453830246,0.0,0.5587831437587738,-0.43471625447273254,-0.4250393807888031,-0.06420348584651947
19080,1488.125,-0.24177815951406956,-0.035710519179701805,0.0162354052066803,0.0,0.5533717691898346,-0.43414067029953,-0.42383283376693726,-0.05972345918416977
19090,1630.25,-0.3828236237168312,-0.021313776820898057,0.2878567576408386,0.0,0.5522243082523346,-0.4783781737089157,-0.5077208876609802,-0.06530695408582687
19100,1765.0,-0.26473623886704445,-0.03018038235604763,0.01810926217585802,0.0,0.5525608718395233,-0.486958971619606,-0.46763068437576294,-0.061841823160648346
19110,1899.4375,-0.3596779629588127,-0.017456215620040894,0.37752235531806944,0.0,0.5501826643943787,-0.5113426119089126,-0.46807289123535156,-0.05851409211754799
19120,2050.125,-0.2924213781952858,-0.02247313894331455,0.07766941487789154,0.0,0.5503978312015534,-0.5053314417600632,-0.5152830481529236,-0.06955976784229279
19130,2206.9375,-0.2961371149867773,-0.02218686193227768,0.032986417412757874,0.0,0.5511459231376648,-0.5166057705879211,-0.5368978977203369,-0.05537627264857292
19140,2349.4375,-0.38906242698431015,-0.031124694272875786,0.03845226243138313,0.0,0.5495424032211303,-0.5215169787406921,-0.5207492113113403,-0.06573426723480225
19150,2499.8125,-0.28311370499432087,-0.03239291198551655,0.021447917260229588,0.0,0.5469828486442566,-0.5203540205955506,-0.5064313411712646,-0.05979606509208679
19160,2649.4375,-0.386549636721611,-0.024789140745997428,0.00946918549016118,0.0,0.5458547711372376,-0.5209631145000457,-0.5158449411392212,-0.06484280526638031
19170,2800.0,-0.28319625556468964,-0.023589125834405422,0.010163865145295858,0.0,0.5402786314487458,-0.5083956062793732,-0.5013970732688904,-0.06499543786048889
19180,2789.0625,-0.27598886005580425,-0.02161240391433239,0.06403062120079994,0.0,0.544258040189743,-0.518151444196701,-0.5491243600845337,-0.002853359328582883
19190,2949.0625,-0.29847626760602,-0.01171739138662815,0.002046383055858314,0.0,0.5419987976551056,-0.5498817682266235,-0.5498873591423035,-0.047065116465091705
19200,2730.0625,-0.43251731991767883,-0.01908196844160557,0.40336761474609373,0.0,0.5403583109378814,-0.5092237651348114,-0.4200683534145355,-0.05910711735486984
19210,2332.6875,-0.5070207118988037,-0.04196493346244097,0.02278091236948967,0.0,0.5395954608917236,-0.3888619184494019,-0.3587842881679535,-0.07835614681243896
19220,2449.6875,-0.32022472470998764,-0.037766750529408456,0.009526342898607255,0.0,0.5460879147052765,-0.3681626975536346,-0.39586663246154785,-0.051558300852775574
19230,2571.0625,-0.4197230935096741,-0.029097106494009494,0.09592994898557664,0.0,0.5505920886993408,-0.37125242650508883,-0.38064295053482056,-0.07223893702030182
19240,2693.4375,-0.338702529668808,-0.027166276425123214,0.009537383355200291,0.0,0.5487649440765381,-0.38283637166023254,-0.4052886962890625,-0.07916966080665588
19250,2480.375,-0.5010747313499451,-0.016662724688649176,0.29671754837036135,0.0,0.5458175420761109,-0.39424980580806734,-0.35432690382003784,-0.06836158037185669
19260,2062.375,-0.5930661261081696,-0.02421182841062546,0.29965418577194214,0.0,0.5460583090782165,-0.3485763847827911,-0.34545066952705383,-0.06917853653430939
19270,1737.5625,-0.2804238051176071,-0.04272925537079573,0.04345395565032959,0.0,0.5450564563274384,-0.2963854134082794,-0.2963647246360779,-0.07174377888441086
19280,1818.5625,-0.4673982560634613,-0.03580583781003952,0.03525624498724937,0.0,0.5461092591285706,-0.2545344442129135,-0.2852117419242859,-0.07041513919830322
19290,1900.25,-0.34573936462402344,-0.034962710738182065,0.10712854266166687,0.0,0.5509618163108826,-0.21606103628873824,-0.23787850141525269,-0.06658090651035309
19300,1997.5625,-0.2639864832162857,-0.03958672843873501,0.020154328644275667,0.0,0.5526842832565307,-0.2741561770439148,-0.256244421005249,-0.07876555621623993
19310,2025.0625,-0.6452787816524506,-0.03808258511126041,0.02850831374526024,0.0,0.5509149312973023,-0.25735835880041125,-0.25690463185310364,-0.06948000192642212
19320,2016.125,-0.24572871625423431,-0.04051202461123467,0.015254850871860981,0.0,0.5527601778507233,-0.2490049496293068,-0.22797897458076477,-0.07080674171447754
19330,2041.625,-0.3143838346004486,-0.045680775120854375,0.02838784605264664,0.0,0.5547566533088684,-0.22931230515241624,-0.159560889005661,-0.08382526785135269
19340,2118.4375,-0.5353038907051086,-0.03706483542919159,0.05166897922754288,0.0,0.5482516646385193,-0.22699908465147017,-0.2230197787284851,-0.07520341873168945
19350,1942.6875,-0.3703344315290451,-0.03390233591198921,0.14738779962062837,0.0,0.550317770242691,-0.21653730571269988,-0.2953159511089325,-0.059209488332271576
19360,2054.5625,-0.3029537945985794,-0.04120150860399008,0.03752589002251625,0.0,0.5563630282878875,-0.3306638240814209,-0.34479689598083496,-0.06847935914993286
19370,2166.5625,-0.2265618983656168,-0.0336099749431014,0.006335542071610689,0.0,0.5545156598091125,-0.3765643805265427,-0.400020569562912,-0.05310320109128952
19380,2295.25,-0.32890035957098007,-0.029839107394218446,0.014566773176193237,0.0,0.5575528383255005,-0.4065606117248535,-0.3978120684623718,-0.06775292754173279
19390,2428.0625,-0.22310630418360233,-0.03530430756509304,0.02012472189962864,0.0,0.5539493560791016,-0.4113678246736526,-0.39205509424209595,-0.05415751785039902
19400,2556.3125,-0.3260395675897598,-0.030097464099526405,0.012221141904592513,0.0,0.5528754472732544,-0.40859709680080414,-0.38961970806121826,-0.06822395324707031
19410,2693.9375,-0.23128022626042366,-0.03906708136200905,0.010923420265316963,0.0,0.5555885672569275,-0.4016562044620514,-0.3993297219276428,-0.0632307305932045
19420,2814.75,-0.3431077003479004,-0.025090723857283594,0.014506486803293228,0.0,0.5539865493774414,-0.41065784394741056,-0.4233536124229431,-0.07025118172168732
19430,2951.0,-0.3545416221022606,-0.026456768438220025,0.008829004690051078,0.0,0.5535380959510803,-0.40151821076869965,-0.44582581520080566,-0.06967875361442566
19440,3017.625,-0.2524414584040642,-0.030065495520830154,0.00487202862277627,0.0,0.5541521549224854,-0.43036599159240724,-0.4368128776550293,-0.06807009875774384
19450,2066.9375,-0.39127784967422485,-0.036342163756489756,0.026241759583353997,0.0,0.5536489903926849,-0.39945119619369507,-0.32319462299346924,-0.07350354641675949
19460,2177.875,-0.5152167081832886,-0.038326891511678694,0.05760605782270432,0.0,0.5524609625339508,-0.3372540265321732,-0.38792651891708374,-0.06391384452581406
19470,2293.5625,-0.3836858943104744,-0.04392830990254879,0.01627719309180975,0.0,0.554200291633606,-0.3377921491861343,-0.3289593458175659,-0.051951855421066284
19480,2393.8125,-0.3857962191104889,-0.039060686528682706,0.03312560617923736,0.0,0.5516051769256591,-0.31797570586204527,-0.3167322874069214,-0.06886421144008636
19490,2505.4375,-0.40320271253585815,-0.020633066073060036,0.0716096967458725,0.0,0.5509667336940766,-0.3305551499128342,-0.3555799424648285,-0.06417028605937958
19500,2621.75,-0.28934482485055923,-0.02883908972144127,0.010289059206843375,0.0,0.555642718076706,-0.3370326578617096,-0.31555497646331787,-0.06982889771461487
19510,2664.375,-0.5033472925424576,-0.0363670002669096,0.03900504782795906,0.0,0.5575019717216492,-0.35806686282157896,-0.3541744351387024,-0.07537247240543365
19520,2379.5625,-0.5664911419153214,-0.030313379317522048,0.46711687445640565,0.0,0.5527799248695373,-0.3335555285215378,-0.2829311490058899,-0.07859576493501663
19530,2460.9375,-0.6980592608451843,-0.03302990570664406,0.05241484194993973,0.0,0.5526669740676879,-0.24919107109308242,-0.35865965485572815,-0.07194468379020691
19540,1508.0,-0.262825645506382,-0.03228252604603767,0.22420566380023957,0.0,0.5565646827220917,-0.2877243787050247,-0.28834983706474304,-0.043552275747060776
19550,1001.5625,-0.46214771270751953,-0.043702781572937964,0.012817616015672684,0.0,0.5492166399955749,-0.13908876180648805,-0.08830153942108154,-0.06405765563249588
19560,1049.5625,-0.4581042528152466,-0.04114252720028162,0.044655125588178635,0.0,0.5541778802871704,-0.10263441875576973,-0.07023007422685623,-0.07431749254465103
19570,1102.375,-0.30496247112751007,-0.05124825164675713,0.04041469171643257,0.0,0.5563490390777588,-0.11394540444016457,-0.15255825221538544,-0.07260213792324066
19580,562.6875,-0.3384511023759842,-0.05120798796415329,0.016904741898179053,0.0,0.5569169163703919,-0.0975284431129694,-0.028113840147852898,-0.07016079127788544
19590,611.25,-0.26257380843162537,-0.044734149053692815,0.021572447940707208,0.0,0.5554964542388916,-0.0760260745882988,-0.04935197904706001,-0.08843439817428589
19600,654.4375,-0.1350800059735775,-0.039619756117463115,0.028431538864970206,0.0,0.556504738330841,-0.07710705352947116,-0.000987149542197585,-0.07640423625707626
19610,701.25,-0.47347815334796906,-0.03790476992726326,0.02145171947777271,0.0,0.5576414227485657,-0.08159698694944381,-0.09414352476596832,-0.0813208818435669
19620,764.9375,-0.43918123841285706,-0.03828359469771385,0.013962705247104168,0.0,0.5608906805515289,-0.15355333387851716,-0.21796664595603943,-0.08284328877925873
19630,825.6875,-0.4044446498155594,-0.021439483016729356,0.028405940532684325,0.0,0.5594536542892456,-0.1319951668381691,-0.14733023941516876,-0.08276684582233429
19640,882.75,-0.4101363718509674,-0.03997603878378868,0.014305273815989495,0.0,0.5638543844223023,-0.1503412514925003,-0.18074378371238708,-0.0621538981795311
19650,983.125,-0.24906286597251892,-0.035439299792051314,0.010749175399541854,0.0,0.5631063282489777,-0.22343199253082274,-0.23564951121807098,-0.07010673731565475
19660,1050.4375,-0.3261323869228363,-0.03063405565917492,0.022199033200740813,0.0,0.5671599507331848,-0.22510164380073547,-0.1961555778980255,-0.06891968846321106
19670,811.5,-0.2095373198390007,-0.036708280071616174,0.0023399573750793935,0.0,0.5655737936496734,-0.19947547912597657,-0.15051868557929993,-0.07616407424211502
19680,888.625,-0.1233731098473072,-0.04344503581523895,0.009102435410022735,0.0,0.5653871655464172,-0.2107010990381241,-0.17572574317455292,-0.0710204690694809
19690,864.9375,-0.22109559923410416,-0.048460236936807635,0.01259628590196371,0.0,0.5669636011123658,-0.20761440843343734,-0.18377411365509033,-0.06605225801467896
19700,941.6875,-0.4373245984315872,-0.040695850178599356,0.032885180041193965,0.0,0.564935028553009,-0.2154545545578003,-0.22490759193897247,-0.06959597021341324
19710,1024.875,-0.4156523495912552,-0.03945100121200085,0.04449394345283508,0.0,0.5653645277023316,-0.19688314348459243,-0.1994546353816986,-0.0519508421421051
19720,1112.75,-0.33845558762550354,-0.0378865946084261,0.049863317608833314,0.0,0.5659614086151123,-0.23802972435951233,-0.2104741334915161,-0.08079800009727478
19730,1209.1875,-0.24520858377218246,-0.04105830676853657,0.018727514892816544,0.0,0.5663738489151001,-0.2415144443511963,-0.22124063968658447,-0.07494382560253143
19740,1295.0,-0.18323848396539688,-0.0315060505643487,0.06649412959814072,0.0,0.564470648765564,-0.2424136906862259,-0.23205414414405823,0.05861489474773407
19750,1247.5,-0.25026992708444595,-0.04026247356086969,0.011965972371399403,0.0,0.5682075500488282,-0.2407555028796196,-0.21848438680171967,-0.08943800628185272
19760,1332.25,-0.4390405863523483,-0.040307152457535265,0.026609509065747262,0.0,0.5625178515911102,-0.22439901083707808,-0.23516178131103516,-0.06311075389385223
19770,1428.875,-0.452165350317955,-0.03357346169650555,0.03877651244401932,0.0,0.5672168493270874,-0.24783520847558976,-0.2516442537307739,-0.07442479580640793
19780,1547.1875,-0.2747432813048363,-0.030450598895549776,0.08724501729011536,0.0,0.5646327435970306,-0.28635752499103545,-0.2916300296783447,-0.06358683854341507
19790,1665.75,-0.22627772018313408,-0.035269083082675935,0.006567731872200966,0.0,0.5672384142875672,-0.3597357928752899,-0.3885331451892853,-0.06402229517698288
19800,1808.5,-0.32527098804712296,-0.028204211592674257,0.02644679769873619,0.0,0.564261132478714,-0.38393148183822634,-0.40137630701065063,-0.05686604604125023
19810,1916.875,-0.26566169038414955,-0.01811760328710079,0.08375707864761353,0.0,0.5646742284297943,-0.3795811504125595,-0.36509865522384644,0.0266927108168602
19820,2047.9375,-0.3273012787103653,-0.037596188485622406,0.008057254552841186,0.0,0.5643649995326996,-0.39297947883605955,-0.39892077445983887,-0.06199776381254196
19830,2192.75,-0.19094996713101864,-0.021443542465567587,0.014235468395054341,0.0,0.5591961801052093,-0.3856058090925217,-0.3712756633758545,-0.010624298825860023
19840,2314.5,-0.21052753925323486,-0.031862239353358746,0.011288517154753208,0.0,0.5590863347053527,-0.38001614809036255,-0.3710859417915344,-0.0499691367149353
19850,2449.375,-0.3425849825143814,-0.03059431631118059,0.305109041929245,0.0,0.5624082922935486,-0.39177737534046175,-0.42458564043045044,-0.06749345362186432
19860,2374.6875,-0.45253342390060425,-0.02907267101109028,0.04211282506585121,0.0,0.5597776770591736,-0.4303347736597061,-0.4364315867424011,-0.0809822753071785
19870,2508.8125,-0.22758036851882935,-0.0368455097079277,0.006549007724970579,0.0,0.558093810081482,-0.4022804081439972,-0.3849151134490967,-0.07024559378623962
19880,2105.3125,-0.4387116879224777,-0.026823098212480544,0.4480355799198151,0.0,0.5557934522628785,-0.40968860387802125,-0.4160861074924469,-0.07470104098320007
19890,2251.125,-0.21095606870949268,-0.0269926480948925,0.05848932862281799,0.0,0.559480357170105,-0.4214099824428558,-0.4213285744190216,-0.0005835583433508873
19900,2266.75,-0.20762382540851831,-0.03764612451195717,0.06383238434791565,0.0,0.5566719889640808,-0.4311553806066513,-0.40028735995292664,-0.014960262924432755
19910,2006.25,-0.4252660274505615,-0.020545703172683717,0.41645312309265137,0.0,0.5611214101314544,-0.3894234597682953,-0.3759612739086151,-0.08816009759902954
19920,2110.5,-0.4131069779396057,-0.03443842083215713,0.013657322153449059,0.0,0.5547015726566314,-0.3640858978033066,-0.3648959994316101,-0.07494895160198212
19930,2231.125,-0.3059343844652176,-0.03321577087044716,0.013151723518967628,0.0,0.5531593203544617,-0.3628556102514267,-0.3576841354370117,-0.06174064427614212
19940,2050.5,-0.32747261226177216,-0.03845820501446724,0.023551591113209723,0.0,0.5557161569595337,-0.3519068002700806,-0.38962697982788086,-0.07304517179727554
19950,2173.625,-0.31505654752254486,-0.031288274377584455,0.04187738299369812,0.0,0.5532396972179413,-0.3358542412519455,-0.3649718165397644,-0.0715796947479248
19960,2278.5625,-0.29608939588069916,-0.03476727679371834,0.01112472452223301,0.0,0.553138017654419,-0.3375656247138977,-0.32372182607650757,-0.07574792206287384
19970,2388.1875,-0.3918004781007767,-0.04495791047811508,0.033038559928536416,0.0,0.5555001735687256,-0.31011723577976225,-0.32989180088043213,-0.06661872565746307
19980,2496.5,-0.1861826702952385,-0.038915088027715684,0.04296635463833809,0.0,0.5539431512355805,-0.3212491571903229,-0.30921316146850586,-0.06315214931964874
19990,2604.5,-0.2512155771255493,-0.036742122285068034,0.028638414293527602,0.0,0.5544660270214081,-0.3296643406152725,-0.30720406770706177,-0.0026575936935842037
20000,2722.6875,-0.2899307459592819,-0.04037262536585331,0.03590008020401001,0.0,0.5527812719345093,-0.3279518157243729,-0.31342101097106934,-0.07335656881332397
20010,2828.5,-0.19341997057199478,-0.031035647355020048,0.00934764016419649,0.0,0.5495561957359314,-0.326391676068306,-0.3195079565048218,-0.06733197718858719
20020,2944.9375,-0.3054080829024315,-0.03394969590008259,0.008750394638627767,0.0,0.5548364102840424,-0.3560541868209839,-0.3483131527900696,-0.0699758231639862
20030,3067.75,-0.20802155137062073,-0.039199047908186915,0.007805653009563684,0.0,0.5525890290737152,-0.3744422972202301,-0.34724003076553345,-0.06880307197570801
20040,2893.5,-0.2883920669555664,-0.038158432394266126,0.012166975904256106,0.0,0.5533081769943238,-0.3423197865486145,-0.3159677982330322,-0.06776099652051926
20050,3016.25,-0.28316833823919296,-0.03545026993378997,0.009624463506042957,0.0,0.5548821270465851,-0.3021924734115601,-0.3077092170715332,-0.06617385149002075
20060,2654.25,-0.25766438245773315,-0.046498087048530576,0.04419604986906052,0.0,0.5566977798938751,-0.2964978337287903,-0.2530454695224762,-0.06910619139671326
20070,2168.3125,-0.3460504561662674,-0.04733451772481203,0.024209729209542275,0.0,0.5537565410137176,-0.22714497596025468,-0.24134069681167603,-0.0672396868467331
20080,2250.5625,-0.34782545268535614,-0.04786633346229792,0.014465335384011268,0.0,0.554901510477066,-0.2505164861679077,-0.23648309707641602,-0.07321596145629883
20090,2350.625,-0.33511894941329956,-0.03729168809950352,0.0189437884837389,0.0,0.5557912826538086,-0.2479603499174118,-0.22126004099845886,-0.06329450011253357
20100,2450.875,-0.12799575831741095,-0.035897871293127534,0.02621350288391113,0.0,0.5568572640419006,-0.2514608263969421,-0.24278591573238373,-0.013205616734921932
20110,2191.5,-0.528449535369873,-0.040517483558505776,0.03858534917235375,0.0,0.5550655543804168,-0.23089153319597244,-0.21984583139419556,-0.06468245387077332
20120,2257.3125,-0.4588756859302521,-0.0425171747803688,0.024070632457733155,0.0,0.5571249723434448,-0.21748929917812349,-0.26702213287353516,-0.07298649102449417
20130,1824.875,-0.31835871934890747,-0.04705309495329857,0.006037626136094332,0.0,0.5555294871330261,-0.15490202680230142,-0.17988842725753784,-0.07089215517044067
20140,1900.6875,-0.3744069039821625,-0.042344321683049205,0.00996298436075449,0.0,0.5544740855693817,-0.18348563015460967,-0.2742398977279663,-0.08964669704437256
20150,2001.25,-0.33448636531829834,-0.03834334090352058,0.009292525053024293,0.0,0.5570051848888398,-0.21914010792970656,-0.20650440454483032,-0.07705027610063553
20160,2043.0,-0.45070047676563263,-0.040763570368289946,0.07301848232746125,0.0,0.5548904657363891,-0.20584344863891602,-0.24935822188854218,-0.07439522445201874
20170,1141.75,-0.3885265290737152,-0.027681175991892813,0.16298218667507172,0.0,0.5544322013854981,-0.18750551864504814,-0.12486313283443451,-0.07118850201368332
20180,728.9375,-0.40994498133659363,-0.04810675382614136,0.015545222163200378,0.0,0.5571004271507263,-0.023366297991015018,0.008821028284728527,-0.05826403573155403
20190,741.8125,-0.2448786497116089,-0.04253275059163571,0.04105945080518723,0.0,0.5573439478874207,0.0019407879561185836,-0.02593710646033287,-0.07652204483747482
20200,646.4375,-0.5185193717479706,-0.04553098455071449,0.026479263231158255,0.0,0.5610711693763732,-0.00782881984487176,-0.011079061776399612,-0.061416056007146835
20210,123.9375,-0.31049981713294983,-0.046844009682536124,0.014790735766291618,0.0,0.5587844133377076,-0.0026948142796754835,0.03142587095499039,-0.07294157147407532
20220,81.875,-0.43172213435173035,-0.0473032146692276,0.037345919758081436,0.0,0.5593367040157318,-0.02215129937976599,-0.03324800357222557,-0.05788414180278778
20230,99.25,-0.23767545819282532,-0.05030369088053703,0.020748555660247803,0.0,0.5620399117469788,0.0014161187224090098,-0.01594911515712738,-0.07406973838806152
20240,168.625,-0.30233611166477203,-0.04505253247916698,0.015219262987375259,0.0,0.5615533828735352,0.034449622593820096,0.05770406499505043,-0.0810193419456482
20250,75.125,-0.41579729318618774,-0.045485809072852136,0.02858443036675453,0.0,0.5650496125221253,0.04032488558441401,0.01385241188108921,-0.07454484701156616
20260,100.3125,-0.38657015562057495,-0.04712359718978405,0.018984141945838928,0.0,0.5643069326877594,0.04267615722492337,0.06846769899129868,-0.06872697174549103
20270,121.8125,-0.22158543020486832,-0.041906305402517316,0.02635571248829365,0.0,0.5667771577835083,0.04839687999337912,0.026266779750585556,-0.08359189331531525
20280,155.25,-0.8374227583408356,-0.0469176284968853,0.039254754036664966,0.0,0.5688401460647583,0.015011131018400192,-0.05944632738828659,-0.07157386839389801
20290,199.25,-0.34949541091918945,-0.036418698728084564,0.04667702093720436,0.0,0.5661128342151642,-0.030479967780411243,-0.048797182738780975,-0.07103057205677032
20300,215.5625,-0.2483786791563034,-0.02211616225540638,0.15988937318325042,0.0,0.5667507290840149,-0.05315706133842468,-0.04121268540620804,-0.06916046142578125
20310,238.3125,-0.5146259218454361,-0.04083515778183937,0.023214105144143106,0.0,0.5687431156635284,-0.037914738850668074,-0.006479300558567047,-0.05876519903540611
20320,267.5,-0.5393657088279724,-0.0403976283967495,0.036254146695137025,0.0,0.5677263736724854,-0.03073846660554409,-0.0578116700053215,-0.054935961961746216
20330,300.25,-0.23480264097452164,-0.040404855459928515,0.01744343265891075,0.0,0.5665750861167907,-0.046087823994457724,-0.029313644394278526,-0.05290912836790085
20340,312.1875,-0.23706534504890442,-0.042778728529810905,0.012185869738459587,0.0,0.5638808250427246,-0.04299009032547474,-0.02946508675813675,-0.05904155597090721
20350,378.0,-0.13857697695493698,-0.028280902281403543,0.005318651720881462,0.0,0.5657894670963287,-0.03788255732506514,-0.02156541496515274,-0.06309519708156586
20360,416.0,-0.5433764159679413,-0.043445434980094434,0.00581186767667532,0.0,0.5699102342128753,-0.02767887422814965,-0.06155352294445038,-0.06034926325082779
20370,438.8125,-0.4325447380542755,-0.04240983203053474,0.0182552020996809,0.0,0.5709664285182953,-0.05339236184954643,-0.04548754543066025,-0.04365716129541397
20380,460.0625,-0.43303489685058594,-0.04798963740468025,0.022341546788811683,0.0,0.5674650490283966,-0.057729269936680795,-0.052232444286346436,-0.036142949014902115
20390,516.3125,-0.3721477836370468,-0.030390214920043946,0.13002850115299225,0.0,0.5692389070987701,-0.08421094194054604,-0.0967644453048706,-0.0691261887550354
20400,550.0,-0.4728221893310547,-0.049460365995764734,0.009572870656847953,0.0,0.568811422586441,-0.07156208269298077,-0.10499662905931473,-0.06945031881332397
20410,588.375,-0.3513365387916565,-0.02752305530011654,0.16137114763259888,0.0,0.5692834198474884,-0.061552693322300914,-0.05052974075078964,-0.07387886196374893
20420,627.0,-0.6421935260295868,-0.04500042758882046,0.020871061459183694,0.0,0.5698621809482575,-0.043684237357229,-0.06145146116614342,-0.06425300240516663
20430,654.875,-0.5776121318340302,-0.040682998672127726,0.015106980130076409,0.0,0.5705052793025971,-0.08056585676968098,-0.12226654589176178,-0.06885849684476852
20440,710.8125,-0.3646017760038376,-0.03577097244560719,0.03642928972840309,0.0,0.576835983991623,-0.07563826553523541,-0.0894806832075119,-0.06168375909328461
20450,767.875,-0.45003247261047363,-0.047106928378343585,0.014845468662679195,0.0,0.5751010954380036,-0.08760074153542519,-0.08172333985567093,-0.047797489911317825
20460,822.3125,-0.26063017547130585,-0.03415012806653976,0.013549918308854103,0.0,0.5779389798641205,-0.08873097151517868,-0.06952990591526031,-0.06512411683797836
20470,907.9375,-0.0603819377720356,-0.04386785998940468,0.017414275929331778,0.0,0.5754542887210846,-0.06871673502027989,-0.061603907495737076,-0.05915996804833412
20480,954.5625,-0.2800137400627136,-0.04784323312342167,0.010588065162301064,0.0,0.5736278116703033,-0.10884986072778702,-0.10920317471027374,-0.06384013593196869
20490,1012.3125,-0.2008873075246811,-0.039337621070444584,0.03398304805159569,0.0,0.5747276425361634,-0.13793740794062614,-0.15425309538841248,-0.05597367510199547
20500,1062.0625,-0.3303924947977066,-0.04004773683845997,0.20967181921005248,0.0,0.573885715007782,-0.1469327315688133,-0.2093108594417572,-0.06610527634620667
20510,37.25,-0.7799912691116333,-0.04788159262388945,0.02075560986995697,0.0,0.5608465254306794,0.09015536718070508,0.06606587767601013,-0.0819522887468338
20520,60.3125,-0.18093617260456085,-0.04484804905951023,0.01102165412157774,0.0,0.5671169877052307,0.07491575665771961,0.10185734927654266,-0.0770176500082016
20530,70.09375,-0.18397125601768494,-0.04646700695157051,0.010336708836257457,0.0,0.5643613874912262,0.08043266721069812,0.08182237297296524,-0.06339378654956818
20540,71.21875,-0.45905905961990356,-0.037185709550976755,0.007671417761594057,0.0,0.5643788814544678,0.09426037967205048,0.11684826016426086,-0.06813161075115204
20550,91.6875,-0.1808367595076561,-0.039403943717479704,0.006338812969624996,0.0,0.5674795091152192,0.0892510786652565,0.09883781522512436,-0.07408048212528229
20560,85.96875,-0.2848707363009453,-0.04350258931517601,0.01522618904709816,0.0,0.5682738661766052,0.07316329330205917,0.07743281126022339,-0.06997179239988327
20570,103.9375,-0.2830892950296402,-0.03612852804362774,0.012995344400405884,0.0,0.5693301975727081,0.07738708816468716,0.08051753044128418,-0.06675273180007935
20580,110.1875,-0.4869784414768219,-0.05055996105074882,0.012820226885378361,0.0,0.5618029832839966,0.04171620588749647,0.06736942380666733,-0.07360123097896576
20590,92.90625,-0.3897613435983658,-0.03832570239901543,0.007665884774178266,0.0,0.5646364390850067,0.07347294688224792,0.07659859955310822,-0.08205227553844452
20600,92.375,-0.37212419509887695,-0.04357057586312294,0.01803322210907936,0.0,0.5659373223781585,0.08012141026556492,0.08360157161951065,-0.05757157504558563
20610,75.3125,-0.5020380616188049,-0.05001057423651219,0.0192930668592453,0.0,0.5637701749801636,0.05309884808957577,0.036736875772476196,-0.07471422106027603
20620,98.1875,-0.46325309574604034,-0.05185437090694904,0.021930435672402382,0.0,0.5697140038013458,0.06030007414519787,0.073422372341156,-0.03540801256895065
20630,127.75,-0.4931560456752777,-0.03604837190359831,0.004607013426721096,0.0,0.5669762253761291,0.07080648243427276,0.05232522636651993,-0.07364106923341751
20640,133.40625,-0.40733909606933594,-0.03861411921679973,0.021031569316983224,0.0,0.5631400763988494,0.05575995296239853,0.03217460215091705,-0.07073526084423065
20650,132.65625,-0.10247734189033508,-0.03415987752377987,0.013196797482669354,0.0,0.561054402589798,0.0453620795160532,0.06253866851329803,-0.07469810545444489
20660,134.25,-0.38386841118335724,-0.03846307583153248,0.01607474163174629,0.0,0.562054443359375,0.05222265608608723,0.06690413504838943,-0.06458424031734467
20670,127.875,-0.09272685833275318,-0.0394771970808506,0.017177673056721687,0.0,0.5603051126003266,0.07128414809703827,0.0726742148399353,-0.06591740250587463
20680,124.78125,-0.19581859558820724,-0.03424341194331646,0.007642251253128052,0.0,0.5597895741462707,0.05530602559447288,0.07236212491989136,-0.07749290764331818
20690,140.59375,-0.20533191412687302,-0.04426752999424934,0.009451176784932614,0.0,0.5588342785835266,0.05767502654343844,0.05420484393835068,-0.07839146256446838
20700,137.28125,-0.07485207356512547,-0.037087972089648244,0.005946800112724304,0.0,0.5586032927036285,0.0668372143059969,0.08254683017730713,-0.03854350745677948
20710,83.375,-0.5733814239501953,-0.04482825063169003,0.02018675282597542,0.0,0.5560295104980468,0.07958307564258575,0.07148317992687225,-0.060952965170145035
20720,69.375,-0.5881805121898651,-0.039742938615381716,0.02130836583673954,0.0,0.5580988526344299,0.051705981884151694,0.047146618366241455,-0.065970778465271
20730,76.75,-0.2851466163992882,-0.048664160445332526,0.011566194519400597,0.0,0.565892904996872,0.06794257462024689,0.0795002430677414,-0.06906753033399582
20740,96.96875,-0.09205017425119877,-0.036854322999715805,0.0076889172196388245,0.0,0.5685421049594879,0.04569941572844982,0.07222916930913925,-0.06443831324577332
20750,99.21875,-0.49827347695827484,-0.04716396704316139,0.008558162767440081,0.0,0.5648082971572876,0.038754369132220745,0.033889129757881165,-0.06611549854278564
20760,126.1875,-0.19962690025568008,-0.022882876545190813,0.11576682180166245,0.0,0.5661321580410004,0.03391542239114642,0.05978043004870415,-0.07247916609048843
20770,162.65625,-0.1102458480745554,-0.04092273004353046,0.0054388648830354215,0.0,0.5668711125850677,0.04951999429613352,0.04027009382843971,-0.06799104809761047
20780,150.21875,-0.5002305805683136,-0.042471883445978166,0.01015034895390272,0.0,0.5627878129482269,0.045718925865367056,0.030583780258893967,-0.06350527703762054
20790,152.96875,-0.512261152267456,-0.04175060614943504,0.006849031988531351,0.0,0.5628233432769776,0.0483949966263026,0.014178594574332237,-0.07347796857357025
20800,166.9375,-0.2876749038696289,-0.041577431559562686,0.00745345139876008,0.0,0.5654059648513794,0.03586264681071043,0.07679963111877441,-0.07352092862129211
20810,141.5,-0.39872269332408905,-0.04486672356724739,0.009656390361487865,0.0,0.5633217334747315,0.03863982483744621,0.03962630778551102,-0.06396423280239105
20820,142.875,-0.4978563189506531,-0.04306561648845673,0.005086205434054136,0.0,0.5637015998363495,0.024715825263410807,0.03592506796121597,-0.06748497486114502
20830,149.71875,-0.12600206583738327,-0.03615799024701118,0.03758030086755752,0.0,0.5677545428276062,0.03728549294173718,0.020330484956502914,-0.07953161746263504
20840,181.28125,-0.4813219904899597,-0.04388604313135147,0.010341448523104192,0.0,0.5670657634735108,-0.006343413889408111,0.03560387343168259,-0.03295537829399109
20850,208.125,-0.10783595405519009,-0.03054046593606472,0.011392447538673878,0.0,0.5701759159564972,0.02984919548034668,0.03994276374578476,-0.06178613007068634
20860,244.75,-0.010908285155892372,-0.04309057965874672,0.018501897156238557,0.0,0.5658143937587738,0.031010669143870472,0.039700932800769806,-0.06151749938726425
20870,251.875,-0.44632092118263245,-0.04492722935974598,0.04233541190624237,0.0,0.5662250697612763,-0.0014007598161697387,-0.057867035269737244,-0.06331801414489746
20880,302.21875,-0.2328210026025772,-0.024152611196041108,0.008282186929136515,0.0,0.5684460580348969,-0.005488703120499849,-0.010816850699484348,-0.06980621069669724
20890,329.28125,-0.2219332754611969,-0.0391926720738411,0.014815057814121246,0.0,0.5753845155239106,0.0012943727895617485,0.007196156308054924,-0.0652507096529007
20900,346.75,-0.12818694859743118,-0.04598371386528015,0.0155284458771348,0.0,0.5727853894233703,0.011886332463473082,0.008072832599282265,-0.0711631178855896
20910,321.875,-0.32539084553718567,-0.03971750997006893,0.0032466309145092963,0.0,0.5738627851009369,0.003464136947877705,-0.003216768614947796,-0.06829464435577393
20920,340.8125,-0.24402276426553726,-0.031705562770366666,0.015933483280241488,0.0,0.5727685630321503,-0.024281566473655404,-0.03307003527879715,-0.06783603876829147
20930,384.3125,-0.17209836095571518,-0.03464308604598045,0.05035194382071495,0.0,0.576538473367691,-0.06037629172205925,-0.08271440863609314,-0.06841398775577545
20940,366.40625,-0.2666790634393692,-0.03975943345576525,0.032167752459645274,0.0,0.5710189580917359,-0.05947478115558624,-0.06769701838493347,-0.07806092500686646
20950,385.8125,-0.3635799139738083,-0.037395155802369115,0.015645028650760652,0.0,0.573482084274292,-0.04574074987322092,-0.08058978617191315,-0.06567130982875824
20960,399.125,-0.45351871848106384,-0.048571907356381415,0.010787685588002204,0.0,0.5732179164886475,-0.05839558690786362,-0.06424043327569962,-0.0687522292137146
20970,416.5625,-0.1710750013589859,-0.04137605354189873,0.018274273350834848,0.0,0.5742616832256318,-0.08105298951268196,-0.11310891807079315,-0.03535446152091026
20980,456.9375,-0.1568274274468422,-0.02545650191605091,0.011922052316367625,0.0,0.578654283285141,-0.06304029524326324,-0.05486109107732773,-0.06558822095394135
20990,471.15625,-0.46068526804447174,-0.03190365992486477,0.03305529877543449,0.0,0.5737445831298829,-0.07588453106582164,-0.06857479363679886,-0.07852016389369965
21000,436.1875,-0.2756059318780899,-0.03618822656571865,0.011360188201069831,0.0,0.579159015417099,-0.08393593207001686,-0.11114336550235748,-0.0537169873714447
21010,462.375,-0.1750403344631195,-0.04274188503623009,0.016250849515199662,0.0,0.5797111034393311,-0.10529167652130127,-0.09667456150054932,-0.06108473241329193
21020,486.65625,-0.09086205437779427,-0.04618996270000934,0.010438542068004607,0.0,0.5744076728820801,-0.12563621252775192,-0.11244435608386993,-0.0692797526717186
21030,532.34375,-0.17108698934316635,-0.03999796882271767,0.00963913556188345,0.0,0.5782943725585937,-0.12282374948263168,-0.08362196385860443,-0.06464047729969025
21040,555.3125,-0.30723485350608826,-0.03558940514922142,0.008645630814135075,0.0,0.5810516893863678,-0.1263467401266098,-0.15920454263687134,-0.06971494853496552
21050,599.78125,-0.4881298243999481,-0.039732031896710394,0.010626859031617641,0.0,0.5795102119445801,-0.11900121048092842,-0.1385619044303894,-0.06604543328285217
21060,626.21875,-0.1916598379611969,-0.04380450993776321,0.007123583741486072,0.0,0.5759710252285004,-0.12348043844103813,-0.11982455849647522,-0.06972561776638031
21070,653.15625,-0.18013637512922287,-0.03613134399056435,0.0016256515169516205,0.0,0.5760051190853119,-0.1268170543015003,-0.10411038994789124,-0.0626772791147232
21080,646.21875,-0.3792034834623337,-0.03033328242599964,0.02335280068218708,0.0,0.5768434941768646,-0.10144554674625397,-0.10972980409860611,-0.06826068460941315
21090,592.96875,-0.2807013690471649,-0.03569259736686945,0.019369135424494744,0.0,0.5773608684539795,-0.08626494072377681,-0.10264039784669876,-0.07222314178943634
21100,560.25,-0.16848671436309814,-0.04109204802662134,0.011680489778518677,0.0,0.5727636635303497,-0.08569742813706398,-0.07751543819904327,-0.0656561553478241
21110,605.59375,-0.261672243475914,-0.04467993602156639,0.004126608185470104,0.0,0.5748416662216187,-0.071798150613904,-0.07962396740913391,-0.05793962627649307
21120,615.90625,-0.4715016186237335,-0.0369725838303566,0.024740616604685784,0.0,0.5818893671035766,-0.09787979423999786,-0.09868726134300232,-0.06539980322122574
21130,630.03125,-0.15931275486946106,-0.025845911540091037,0.09060544520616531,0.0,0.5780067145824432,-0.11286550983786584,-0.09383790194988251,-0.031387828290462494
21140,629.25,-0.1882086545228958,-0.0361582450568676,0.022268666326999663,0.0,0.5776829123497009,-0.10805687382817268,-0.12446969747543335,-0.05873579531908035
21150,628.78125,-0.10893753357231617,-0.03702785689383745,0.0045072357170283794,0.0,0.5786217987537384,-0.1356711819767952,-0.16195553541183472,-0.05591953173279762
21160,680.59375,-0.17306549847126007,-0.024420245364308358,0.011020239628851413,0.0,0.5790176570415497,-0.11036118194460869,-0.09071590006351471,-0.062113650143146515
21170,733.875,-0.09700391814112663,-0.02852731868624687,0.01732809953391552,0.0,0.5797636151313782,-0.11104725524783135,-0.13560795783996582,-0.058399878442287445
21180,788.53125,-0.1925702765583992,-0.033512091264128685,0.0025580267421901224,0.0,0.5791942417621613,-0.13117053508758544,-0.13339367508888245,-0.05816241726279259
21190,835.53125,-0.1784457340836525,-0.03776694163680076,0.005161389894783497,0.0,0.5800950169563294,-0.12190841138362885,-0.10794804990291595,-0.05471688508987427
21200,877.8125,-0.08784305118024349,-0.03199699074029923,0.0100941589102149,0.0,0.5785244345664978,-0.1308119460940361,-0.12141291052103043,-0.05427319556474686
21210,913.40625,-0.27955955266952515,-0.03871884718537331,0.006979606207460165,0.0,0.5800596058368683,-0.12628454044461251,-0.11774909496307373,-0.05644294247031212
21220,948.09375,-0.08467208407819271,-0.04068032801151276,0.011637610383331776,0.0,0.5754988193511963,-0.13211365565657615,-0.11551935970783234,-0.05382480472326279
21230,966.0,-0.30407965183258057,-0.041889742389321326,0.007130078878253699,0.0,0.5765299081802369,-0.15013332217931746,-0.15846988558769226,-0.0636373832821846
21240,1012.15625,-0.5204887986183167,-0.02966280244290829,0.016906559839844702,0.0,0.5761795580387116,-0.15276507213711737,-0.20843656361103058,-0.06230032071471214
21250,1065.3125,-0.11755439639091492,-0.04047766625881195,0.004571724869310856,0.0,0.5787531495094299,-0.1419815994799137,-0.17663075029850006,-0.05847802758216858
21260,1115.75,-0.30936355888843536,-0.03999371156096458,0.00304527273401618,0.0,0.5775844275951385,-0.15199663862586021,-0.17069606482982635,-0.06270385533571243
21270,1139.90625,-0.09215749241411686,-0.03721267748624087,0.009241241216659545,0.0,0.5758201777935028,-0.15453593879938127,-0.1229722872376442,-0.06134270131587982
21280,1189.65625,-0.20537002384662628,-0.036646269261837006,0.003351712925359607,0.0,0.5762718796730042,-0.15458893775939941,-0.16413161158561707,-0.05371978506445885
21290,1240.875,-0.09765522554516792,-0.027647621184587478,0.008777241967618466,0.0,0.5759103536605835,-0.15543520003557204,-0.13729125261306763,-0.05801919847726822
21300,1293.6875,-0.21353013813495636,-0.029550018534064294,0.004541852138936519,0.0,0.5796140491962433,-0.1714634045958519,-0.17403022944927216,-0.06060830131173134
21310,1333.40625,-0.20667076110839844,-0.031417809426784515,0.007014602795243264,0.0,0.5732649087905883,-0.1775907501578331,-0.1624128818511963,-0.057459067553281784
21320,1382.84375,-0.3250226527452469,-0.03336130660027266,0.011527532152831555,0.0,0.5724445343017578,-0.1918148010969162,-0.21007534861564636,-0.05397632718086243
21330,1444.875,-0.2998250126838684,-0.03557567335665226,0.01524365209043026,0.0,0.572486424446106,-0.18186773657798766,-0.15017664432525635,-0.0639074370265007
21340,1497.125,-0.3143552541732788,-0.04308234192430973,0.008484471403062344,0.0,0.5701634466648102,-0.18011090606451036,-0.1839776188135147,-0.05738527327775955
21350,1557.5,-0.2299678772687912,-0.03896740488708019,0.004227881133556366,0.0,0.5722519934177399,-0.19069274067878722,-0.20266416668891907,-0.06537142395973206
21360,1620.5,-0.12370108440518379,-0.03271503522992134,0.009423335269093513,0.0,0.5719266176223755,-0.20612080842256547,-0.186749666929245,-0.06065250188112259
21370,1555.53125,-0.216333270072937,-0.03639656156301498,0.010358725674450397,0.0,0.5687893986701965,-0.1910305827856064,-0.178025484085083,-0.060597289353609085
21380,1613.5625,-0.3266971707344055,-0.0399685493670404,0.005685456283390522,0.0,0.5693528175354003,-0.20360106527805327,-0.20464007556438446,-0.06208887696266174
21390,1612.375,-0.22609400749206543,-0.0350746251642704,0.008990878611803055,0.0,0.5704952418804169,-0.19200745671987535,-0.20086351037025452,-0.05794152244925499
21400,1551.03125,-0.32621777057647705,-0.03207799792289734,0.0406689316034317,0.0,0.5718352973461152,-0.1982086107134819,-0.20265543460845947,-0.06511154770851135
21410,1578.03125,-0.31767992675304413,-0.038440022990107535,0.005675756838172674,0.0,0.5670908391475677,-0.202410751581192,-0.19051815569400787,-0.058920808136463165
21420,1606.0,-0.3805902302265167,-0.03982967510819435,0.013812090270221233,0.0,0.5654909491539002,-0.18245022892951965,-0.17323671281337738,-0.009893079288303852
21430,1645.4375,-0.4102793335914612,-0.033455438911914825,0.02297382652759552,0.0,0.5647012531757355,-0.18339840620756148,-0.18016019463539124,-0.06131931394338608
21440,1571.625,-0.2137504145503044,-0.03534629605710506,0.018551769852638244,0.0,0.563851261138916,-0.16102280765771865,-0.1741231381893158,-0.06093252822756767
21450,1398.84375,-0.3109862953424454,-0.030488541722297667,0.050770945847034454,0.0,0.5694298028945923,-0.1668166533112526,-0.18347622454166412,-0.05328202247619629
21460,1454.875,-0.1180078387260437,-0.03948233984410763,0.03016294725239277,0.0,0.5679539740085602,-0.16186273992061614,-0.16549131274223328,-0.07052436470985413
21470,1466.5,-0.40816783905029297,-0.04018547534942627,0.007335692457854748,0.0,0.5700364947319031,-0.1691390424966812,-0.17402446269989014,-0.06334947794675827
21480,1503.28125,-0.3143349140882492,-0.034624282643198966,0.011261155642569066,0.0,0.5671996235847473,-0.18301309496164322,-0.18418505787849426,-0.0582801029086113
21490,1456.96875,-0.3081405758857727,-0.03535242285579443,0.01167954709380865,0.0,0.5676830589771271,-0.18654709160327912,-0.16918429732322693,-0.06330469250679016
21500,1514.8125,-0.11447596177458763,-0.0369501881301403,0.006780170183628797,0.0,0.5673069179058075,-0.18590870797634124,-0.17079493403434753,-0.05815698951482773
21510,1574.0625,-0.22309871017932892,-0.02910619229078293,0.0055108537897467615,0.0,0.5652927398681641,-0.183017036318779,-0.1946544349193573,-0.0588420145213604
21520,1637.875,-0.20157871395349503,-0.035813577100634576,0.014481228403747081,0.0,0.5659112274646759,-0.1758597046136856,-0.16970865428447723,-0.03997081518173218
21530,1692.09375,-0.2183058187365532,-0.03305421639233828,0.0033045541495084763,0.0,0.5628117918968201,-0.18127461671829223,-0.18994474411010742,-0.05391477420926094
21540,1739.59375,-0.21121181547641754,-0.03603932298719883,0.0025199668016284704,0.0,0.5635961294174194,-0.19009245485067366,-0.1667327880859375,-0.06195051595568657
21550,1810.5,-0.11891932412981987,-0.025743933767080306,0.002710647555068135,0.0,0.5653133034706116,-0.17746022641658782,-0.17708127200603485,-0.06075737252831459
21560,1878.1875,-0.21312227100133896,-0.032656820863485335,0.010377340205013751,0.0,0.5650343239307404,-0.1752157524228096,-0.17521949112415314,-0.056919049471616745
21570,1919.5625,-0.09657938126474619,-0.030196301639080048,0.008912136871367693,0.0,0.5634992480278015,-0.17567788660526276,-0.16616573929786682,-0.026993025094270706
21580,1960.625,-0.11900299042463303,-0.029570259712636472,0.004666859656572342,0.0,0.5608780741691589,-0.17806291133165358,-0.17202982306480408,-0.06597615778446198
21590,1951.0625,-0.4273569583892822,-0.038917073793709275,0.013178224489092828,0.0,0.5625442445278168,-0.19024868160486222,-0.2172946035861969,-0.060444459319114685
21600,2011.875,-0.3146202713251114,-0.039843105152249335,0.006550079211592674,0.0,0.5619517624378204,-0.1807960242033005,-0.1757357120513916,-0.06819705665111542
21610,1700.0,-0.21119409799575806,-0.03288838490843773,0.018546522408723832,0.0,0.5616073548793793,-0.15057201385498048,-0.17307591438293457,-0.05688977986574173
21620,1709.46875,-0.08780691400170326,-0.042240805178880694,0.004773556254804134,0.0,0.5634253919124603,-0.16132547408342363,-0.12316052615642548,-0.052453313022851944
21630,1617.03125,-0.0727110467851162,-0.03856542054563761,0.023429571464657784,0.0,0.5635717928409576,-0.11825166940689087,-0.10802121460437775,-0.03740088269114494
21640,1362.9375,-0.09085331112146378,-0.03235341720283032,0.010903382673859596,0.0,0.5637764096260071,-0.10575143657624722,-0.11663144826889038,-0.06507517397403717
21650,1406.1875,-0.2720775902271271,-0.03893369734287262,0.020168742537498473,0.0,0.563882464170456,-0.09656613916158677,-0.0984172523021698,-0.05901092290878296
21660,1358.46875,-0.3717120736837387,-0.036808880418539046,0.006221978180110455,0.0,0.5648260354995728,-0.0982130527496338,-0.1005273386836052,-0.0645119845867157
21670,1402.46875,-0.2743220031261444,-0.04639785178005695,0.009251226484775544,0.0,0.568414157629013,-0.09351729676127433,-0.10400699079036713,-0.05874551832675934
21680,1371.3125,-0.08740266039967537,-0.04186917580664158,0.02237083949148655,0.0,0.5648308396339417,-0.09344155862927436,-0.11741670221090317,-0.05738862603902817
21690,1396.71875,-0.26732054352760315,-0.04803795553743839,0.0057630565017461775,0.0,0.5632164537906647,-0.09773119874298572,-0.09181569516658783,-0.0573599711060524
21700,1444.65625,-0.22291745990514755,-0.0302221417427063,0.020364607870578765,0.0,0.5666657984256744,-0.06609268188476562,-0.03286668658256531,-0.02564982697367668
21710,1481.03125,-0.0537628848105669,-0.041265275701880454,0.008179505541920661,0.0,0.5635593295097351,-0.05403798334300518,-0.0571737214922905,-0.05035203695297241
21720,1521.34375,-0.2475832924246788,-0.02963152676820755,0.01118837334215641,0.0,0.5679372727870942,-0.06460960395634174,-0.04453006386756897,-0.06339175999164581
21730,1484.46875,-0.4627573490142822,-0.02911251559853554,0.0836382195353508,0.0,0.5652008175849914,-0.0756198562681675,-0.08870446681976318,-0.06389140337705612
21740,1499.375,-0.14800984412431717,-0.045143318641930816,0.005914366897195577,0.0,0.5621530473232269,-0.05864677168428898,-0.04880605638027191,-0.05489087849855423
21750,1490.71875,-0.25942425429821014,-0.04371027126908302,0.01383277103304863,0.0,0.5632596969604492,-0.0712910246104002,-0.08015842735767365,-0.051122114062309265
21760,1540.90625,-0.07497129216790199,-0.037210329249501226,0.005616995412856341,0.0,0.561811625957489,-0.10124538987874984,-0.08017905056476593,-0.06976354122161865
21770,1348.0,-0.26635242998600006,-0.02743656374514103,0.012962589785456658,0.0,0.5630289793014527,-0.07751155458390713,-0.08693350851535797,-0.05881372094154358
21780,1336.0625,-0.3789516091346741,-0.04290869757533074,0.005127494782209396,0.0,0.5583627939224243,-0.09180651158094406,-0.11136703193187714,-0.06508387625217438
21790,1386.15625,-0.37104612588882446,-0.03603731133043766,0.005641079042106867,0.0,0.560950118303299,-0.10695076733827591,-0.10469220578670502,-0.05867961794137955
21800,1445.1875,-0.17441071569919586,-0.035645602829754354,0.01064908504486084,0.0,0.5639934420585633,-0.10647570788860321,-0.10287163406610489,-0.05355684459209442
21810,1471.90625,-0.21654322743415833,-0.04256356842815876,0.006921568233519792,0.0,0.5648731350898742,-0.16550523340702056,-0.18298092484474182,-0.05773712694644928
21820,1527.21875,-0.29327481985092163,-0.029411182180047034,0.003995258966460824,0.0,0.5657314717769623,-0.14062008634209633,-0.14019227027893066,-0.05895518511533737
21830,1590.9375,-0.20395179092884064,-0.02953833881765604,0.008403259702026844,0.0,0.5696692883968353,-0.14274472296237944,-0.15532852709293365,-0.059628769755363464
21840,1495.5,-0.40925417840480804,-0.03395198471844196,0.017806735634803773,0.0,0.5692379415035248,-0.1580846205353737,-0.1735972911119461,-0.06542736291885376
21850,1495.0625,-0.22036214917898178,-0.03391009755432606,0.005776982009410858,0.0,0.5704489111900329,-0.1566378653049469,-0.1810891032218933,-0.06599387526512146
21860,1553.59375,-0.21180421113967896,-0.029621387645602227,0.00317655592225492,0.0,0.5687041044235229,-0.16562316417694092,-0.1739201843738556,-0.05682509392499924
21870,1347.96875,-0.3870236426591873,-0.040550836734473704,0.009283564612269401,0.0,0.5671575903892517,-0.13660259991884233,-0.13068091869354248,-0.06455719470977783
21880,1370.8125,-0.09815283864736557,-0.030508211255073546,0.006222947128117084,0.0,0.5703068494796752,-0.13297101110219955,-0.13147297501564026,-0.06483270227909088
21890,1373.34375,-0.20071813464164734,-0.03206095546483993,0.005613242648541928,0.0,0.5689209043979645,-0.17673867642879487,-0.15022936463356018,-0.057241782546043396
21900,1426.28125,-0.10888796299695969,-0.03135692030191421,0.005585681088268757,0.0,0.5720127046108245,-0.14768745750188828,-0.15711483359336853,-0.06066109240055084
21910,1451.46875,-0.32993561029434204,-0.03290344029664993,0.021465131267905235,0.0,0.5723960697650909,-0.18453386425971985,-0.21364030241966248,-0.06143784895539284
21920,1523.375,-0.11848587542772293,-0.02662442661821842,0.03431618958711624,0.0,0.5719246804714203,-0.1769650474190712,-0.18394221365451813,-0.05302955210208893
21930,1575.09375,-0.12734531611204147,-0.022494708001613618,0.030793221667408943,0.0,0.5729219198226929,-0.17276806086301805,-0.19505038857460022,-0.05964024364948273
21940,1618.78125,-0.11902931239455938,-0.02588219791650772,0.015820620767772197,0.0,0.572474205493927,-0.19063785225152968,-0.2068783938884735,-0.031180229038000107
21950,1672.09375,-0.14193490147590637,-0.03291127420961857,0.005508711189031601,0.0,0.5716477274894715,-0.2145667552947998,-0.22606618702411652,-0.05780363082885742
21960,1674.84375,-0.22380336374044418,-0.033596134185791014,0.006141853053122759,0.0,0.5688101172447204,-0.20837786495685579,-0.20108899474143982,-0.05408872663974762
21970,1640.78125,-0.20330414548516273,-0.030107546597719193,0.022703048214316367,0.0,0.5680161714553833,-0.20240320712327958,-0.18849411606788635,-0.025909196585416794
21980,1389.78125,-0.21218030899763107,-0.0336600586771965,0.05408168211579323,0.0,0.5685444414615631,-0.16588255763053894,-0.16904878616333008,-0.06101950258016586
21990,1150.40625,-0.18894565105438232,-0.041123992018401626,0.0037502844352275133,0.0,0.5684082329273223,-0.15096139907836914,-0.11797577887773514,-0.0664970725774765
22000,1208.21875,-0.20351152122020721,-0.04295756444334984,0.008488515950739383,0.0,0.5686862826347351,-0.11684787794947624,-0.15004172921180725,-0.06399384140968323
22010,1248.40625,-0.205573171377182,-0.03926323391497135,0.007800737209618091,0.0,0.5653399527072906,-0.1318463310599327,-0.1378287971019745,-0.07963334769010544
22020,1260.96875,-0.1862247809767723,-0.03344475403428078,0.004628992825746536,0.0,0.5669351041316986,-0.11686001345515251,-0.10811541974544525,-0.07088759541511536
22030,1315.34375,-0.07710123062133789,-0.028081923723220825,0.004920248407870531,0.0,0.5702285408973694,-0.10286217480897904,-0.08794959634542465,-0.06625286489725113
22040,1364.0625,-0.179153673350811,-0.02205125093460083,0.04775291681289673,0.0,0.5717614948749542,-0.10067737773060799,-0.0964357852935791,-0.06833286583423615
22050,1419.59375,-0.1842111051082611,-0.03672330752015114,0.0028105128090828656,0.0,0.5683357119560242,-0.11199112832546235,-0.10103711485862732,-0.07383763790130615
22060,1408.40625,-0.08898065611720085,-0.039274058863520624,0.00383520252071321,0.0,0.5681334435939789,-0.10612926334142685,-0.09989636391401291,-0.0780649483203888
22070,1459.0625,-0.08549175411462784,-0.03233201056718826,0.0012689544353634119,0.0,0.5681395769119263,-0.11118572428822518,-0.09868152439594269,-0.07230198383331299
22080,1502.3125,-0.0830230601131916,-0.02958160825073719,0.003563581220805645,0.0,0.5646982014179229,-0.11876324191689491,-0.10950995981693268,-0.05653615668416023
22090,1331.03125,-0.08857288211584091,-0.02877720445394516,0.003780104173347354,0.0,0.5653933942317962,-0.11187218353152276,-0.10519067198038101,-0.07195509225130081
22100,1308.0,-0.38701191544532776,-0.031094153970479967,0.005806682351976633,0.0,0.5637253940105438,-0.11084545478224754,-0.12347878515720367,-0.07030059397220612
22110,1343.59375,-0.2865508794784546,-0.03350698575377464,0.006017393060028553,0.0,0.5659417688846589,-0.11575654447078705,-0.1182100921869278,-0.06786466389894485
22120,1374.5625,-0.18316646665334702,-0.03857199810445309,0.003708623442798853,0.0,0.5641048967838287,-0.11331013217568398,-0.10254311561584473,-0.07036218047142029
22130,1389.4375,-0.27099546790122986,-0.043364201299846174,0.007617735117673874,0.0,0.5649904608726501,-0.10334679037332535,-0.08889593929052353,-0.06527405977249146
22140,1423.78125,-0.19210347533226013,-0.037839709967374804,0.010132018476724625,0.0,0.5665395498275757,-0.11567231118679047,-0.1236192137002945,-0.06740593910217285
22150,1484.71875,-0.28700995445251465,-0.03221800923347473,0.022844431921839714,0.0,0.56804079413414,-0.10961238965392113,-0.12020675837993622,-0.06707189977169037
22160,1532.0,-0.0910114049911499,-0.035614056140184404,0.010766715928912162,0.0,0.5657727360725403,-0.11610209867358208,-0.11330170929431915,-0.06872110813856125
22170,1555.375,-0.08442941308021545,-0.037596463412046435,0.006218724697828293,0.0,0.5673700749874115,-0.10956287309527397,-0.1082138940691948,-0.060644928365945816
22180,1465.375,-0.3782156854867935,-0.03570817746222019,0.01755031980574131,0.0,0.568546199798584,-0.10860630422830582,-0.10512956231832504,-0.0731951892375946
22190,1517.3125,-0.17411824315786362,-0.02175428532063961,0.03596755489706993,0.0,0.5709250748157502,-0.11248215511441231,-0.1233920231461525,-0.030830834060907364
22200,1552.59375,-0.29956550896167755,-0.025942819193005562,0.046824266016483304,0.0,0.5675345659255981,-0.11534329503774643,-0.1507970094680786,-0.061370670795440674
22210,1598.71875,-0.2726632133126259,-0.04030265212059021,0.009900892525911332,0.0,0.567486584186554,-0.13423956111073493,-0.125829815864563,-0.03341926634311676
22220,1568.78125,-0.3941061943769455,-0.03252012841403484,0.006931547354906797,0.0,0.5701812207698822,-0.12840055748820306,-0.1340215653181076,-0.07446254789829254
22230,1537.1875,-0.0832415334880352,-0.039579645916819575,0.0030063286889344455,0.0,0.5672281861305237,-0.11454096287488938,-0.09744513034820557,-0.06903793662786484
22240,1556.84375,-0.10802801698446274,-0.03276775479316711,0.0028161907102912664,0.0,0.5666170179843902,-0.13587650209665297,-0.1472126990556717,-0.06884334981441498
22250,1594.0625,-0.401827409863472,-0.03875352460891009,0.002649588230997324,0.0,0.5621648550033569,-0.13912885934114455,-0.16050466895103455,-0.06405309587717056
22260,1511.375,-0.21642430871725082,-0.03330420656129718,0.01925676465034485,0.0,0.5670366287231445,-0.1573126196861267,-0.17935538291931152,-0.06018511950969696
22270,1564.8125,-0.28549715876579285,-0.03529598340392113,0.007851819787174464,0.0,0.5660789787769318,-0.1527181699872017,-0.14792203903198242,-0.03726634010672569
22280,1609.96875,-0.10245371609926224,-0.036008461564779284,0.0030498466454446315,0.0,0.5640023827552796,-0.14968520998954774,-0.13866651058197021,-0.06624092161655426
22290,1628.625,-0.3041069358587265,-0.03365733958780766,0.010702686943113804,0.0,0.5640283465385437,-0.14574216157197953,-0.15723881125450134,-0.06446942687034607
22300,1690.15625,-0.10364880785346031,-0.026387334614992142,0.0043031806126236916,0.0,0.5635785102844239,-0.15058233588933945,-0.14494609832763672,-0.062351517379283905
22310,1437.25,-0.4904453754425049,-0.038243378326296804,0.009687503334134817,0.0,0.5621433019638061,-0.14519353806972504,-0.1431027054786682,-0.06608930230140686
22320,1503.28125,-0.08423097804188728,-0.03288490232080221,0.0019915175158530473,0.0,0.5661398053169251,-0.1308487720787525,-0.10531064867973328,-0.0631512925028801
22330,1561.96875,-0.38415127992630005,-0.03829620275646448,0.010517283715307713,0.0,0.5618302941322326,-0.13226403295993805,-0.13287633657455444,-0.056977055966854095
22340,1613.59375,-0.09360000491142273,-0.0279434721916914,0.002750570606440306,0.0,0.5608039379119873,-0.12981126755475997,-0.11846006661653519,-0.06873992830514908
22350,1624.53125,-0.21251392364501953,-0.030371840670704843,0.00797278806567192,0.0,0.5600215017795562,-0.15109437853097915,-0.16677336394786835,-0.06663355231285095
22360,1678.34375,-0.20794207602739334,-0.04016131460666657,0.0095910107716918,0.0,0.5618647575378418,-0.16241496652364731,-0.17029815912246704,-0.054096728563308716
22370,1738.59375,-0.31834690272808075,-0.03369069546461105,0.003830440761521459,0.0,0.5604988098144531,-0.16877942085266112,-0.18692827224731445,-0.0628175139427185
22380,1793.5625,-0.20911473035812378,-0.03631034903228283,0.0063271807506680485,0.0,0.5601027011871338,-0.16290533691644668,-0.164179265499115,-0.06064549833536148
22390,1841.40625,-0.3980002999305725,-0.04061203971505165,0.006286655552685261,0.0,0.5603258669376373,-0.15568534284830093,-0.16011196374893188,-0.05725698173046112
22400,1639.21875,-0.3830661326646805,-0.03843484818935394,0.01341142188757658,0.0,0.5650746822357178,-0.16954429000616072,-0.15463703870773315,-0.031861789524555206
22410,1701.96875,-0.20079714059829712,-0.02658516988158226,0.049944158643484116,0.0,0.5605994582176208,-0.15387480556964875,-0.16329103708267212,-0.044777221977710724
22420,1772.125,-0.12301158532500267,-0.030994143709540366,0.004913779534399509,0.0,0.5615637719631195,-0.17549195885658264,-0.1897350251674652,-0.05628814548254013
22430,1767.84375,-0.1310141533613205,-0.03259159252047539,0.011803624406456947,0.0,0.5638539016246795,-0.18926525563001634,-0.20375534892082214,-0.058272942900657654
22440,1797.28125,-0.24041715264320374,-0.03430175371468067,0.009145784936845303,0.0,0.564648711681366,-0.21769589185714722,-0.2199127972126007,-0.06754346191883087
22450,1786.4375,-0.4219820350408554,-0.032254844158887866,0.01779886558651924,0.0,0.5633896887302399,-0.21020772755146028,-0.21729014813899994,-0.0472872331738472
22460,1678.375,-0.2202700525522232,-0.02658603321760893,0.020121976733207703,0.0,0.5624528527259827,-0.2298729509115219,-0.2118837833404541,-0.03531787917017937
22470,1727.78125,-0.35108426213264465,-0.038317302241921425,0.0030582521576434374,0.0,0.5655662000179291,-0.23496074676513673,-0.254839152097702,-0.06064791977405548
22480,1784.96875,-0.24495267868041992,-0.03665923997759819,0.0027850337326526644,0.0,0.5644008398056031,-0.23691877275705336,-0.2408527433872223,-0.05593213811516762
22490,1465.9375,-0.2228105291724205,-0.040053296647965905,0.0038812851533293726,0.0,0.5632955014705658,-0.22022702395915986,-0.19514253735542297,-0.057108111679553986
22500,1520.09375,-0.2271076738834381,-0.02572937309741974,0.0787173256278038,0.0,0.5591901123523713,-0.20594557672739028,-0.22096577286720276,-0.040456343442201614
22510,1568.28125,-0.2385653555393219,-0.03833858817815781,0.008583888597786426,0.0,0.5608366191387176,-0.21244703233242035,-0.22398078441619873,-0.06014012545347214
22520,1625.78125,-0.2455654963850975,-0.031067433953285217,0.04535850137472153,0.0,0.5611435890197753,-0.2261141136288643,-0.23627279698848724,-0.06255585700273514
22530,1488.09375,-0.33162064850330353,-0.03319782577455044,0.013365671783685685,0.0,0.5616129398345947,-0.23791681677103044,-0.22124159336090088,-0.056201957166194916
22540,1545.40625,-0.4460200369358063,-0.0348327124491334,0.0843889519572258,0.0,0.5607518136501313,-0.23392663449048995,-0.24377934634685516,-0.06900477409362793
22550,1580.84375,-0.22401747852563858,-0.039838279597461224,0.0034913601353764533,0.0,0.5596254706382752,-0.23046158850193024,-0.19488728046417236,-0.059892136603593826
22560,1632.375,-0.3205968737602234,-0.03449258850887418,0.014920806512236595,0.0,0.5633173286914825,-0.22189143896102906,-0.2323712706565857,-0.022633031010627747
22570,1691.71875,-0.23789455741643906,-0.022386833652853967,0.010826606117188931,0.0,0.5621530890464783,-0.22948044985532762,-0.2205929011106491,-0.06141240522265434
22580,1745.5625,-0.3623548746109009,-0.02935906145721674,0.008779185451567173,0.0,0.5612894296646118,-0.23872870057821274,-0.2732682526111603,-0.06536707282066345
22590,1810.59375,-0.13206251710653305,-0.03311735391616821,0.007373796682804823,0.0,0.5599291205406189,-0.23873000591993332,-0.23407956957817078,-0.030045464634895325
22600,1850.40625,-0.4948320686817169,-0.03412797600030899,0.030459101870656015,0.0,0.5607279896736145,-0.2779801219701767,-0.35625556111335754,-0.0573229044675827
22610,1902.40625,-0.36239442229270935,-0.029284683242440223,0.020793691650032996,0.0,0.5578175544738769,-0.31973027884960176,-0.2779248356819153,-0.06062180548906326
22620,1898.375,-0.4597361534833908,-0.037942725047469136,0.013327368721365928,0.0,0.5636795639991761,-0.2789273202419281,-0.2811007499694824,-0.059473246335983276
22630,1913.46875,-0.37978003919124603,-0.024265173077583312,0.014327830262482166,0.0,0.5648532152175904,-0.28629685044288633,-0.30607840418815613,-0.06697767227888107
22640,1971.25,-0.38192859292030334,-0.035800215182825924,0.0078653653152287,0.0,0.5665852129459381,-0.31659346222877505,-0.32201188802719116,-0.056283555924892426
22650,2029.8125,-0.395149827003479,-0.02703140154480934,0.06859989389777184,0.0,0.5644056022167205,-0.3160277187824249,-0.33803051710128784,-0.06723673641681671
22660,2082.875,-0.41936784982681274,-0.03422114439308643,0.0521048866212368,0.0,0.5622893452644349,-0.3489567905664444,-0.3780811131000519,-0.074464350938797
22670,1876.4375,-0.3967337906360626,-0.025989644601941107,0.03282204158604145,0.0,0.5604131639003753,-0.33616927564144133,-0.33861175179481506,-0.06878900527954102
22680,1931.09375,-0.19052400812506676,-0.023876839131116868,0.012874742783606053,0.0,0.5629583179950715,-0.34321958422660825,-0.32507210969924927,-0.05597587302327156
22690,1978.28125,-0.39704008400440216,-0.036445618234574796,0.01746542248874903,0.0,0.5625916600227356,-0.32854652404785156,-0.3423837721347809,-0.06469816714525223
22700,2035.09375,-0.18988352827727795,-0.03926704078912735,0.0044957235455513,0.0,0.5621725440025329,-0.33062865138053893,-0.31989341974258423,-0.059873633086681366
22710,2093.9375,-0.19347133859992027,-0.039788858592510225,0.004319802951067686,0.0,0.561586594581604,-0.330437907576561,-0.3248342275619507,-0.062108445912599564
22720,2156.15625,-0.29175879806280136,-0.03474520146846771,0.0025494817644357683,0.0,0.5628722846508026,-0.3370873391628265,-0.32797732949256897,-0.06291531026363373
22730,2218.40625,-0.377570204436779,-0.025303081423044205,0.0228538453578949,0.0,0.5591727912425994,-0.3310943603515625,-0.3431144058704376,-0.024775156751275063
22740,2288.34375,-0.3079559653997421,-0.03787656091153622,0.004585823509842157,0.0,0.558623081445694,-0.35036163330078124,-0.36005187034606934,-0.0620904341340065
22750,2345.03125,-0.5105695426464081,-0.027007418125867842,0.010553252696990967,0.0,0.5558884918689728,-0.361098051071167,-0.38377636671066284,-0.05795590206980705
22760,2416.375,-0.30724116414785385,-0.02145880237221718,0.00851265825331211,0.0,0.5588998317718505,-0.36862379908561704,-0.3632696866989136,-0.057098764926195145
22770,2482.0,-0.22998833283782005,-0.017871618270874023,0.021440733596682547,0.0,0.5586447358131409,-0.37690162360668183,-0.3954821527004242,-0.06449452042579651
22780,2556.0,-0.22874753922224045,-0.01899460107088089,0.005488957650959492,0.0,0.5595053017139435,-0.39777461588382723,-0.39833343029022217,-0.059161677956581116
22790,2623.96875,-0.30805182084441185,-0.025067466869950296,0.011942086927592754,0.0,0.5585978388786316,-0.41333326399326326,-0.4008725881576538,-0.021818218752741814
22800,2700.65625,-0.3375864773988724,-0.026515354961156846,0.007046258728951216,0.0,0.5579189956188202,-0.4095157623291016,-0.41763174533843994,-0.06489360332489014
22810,2775.28125,-0.23835130967199802,-0.01404706183820963,0.005237071309238672,0.0,0.556917816400528,-0.4252778470516205,-0.42211204767227173,-0.05459057539701462
22820,2852.375,-0.25734517723321915,-0.034621677547693255,0.027421857789158822,0.0,0.5547232449054718,-0.4280257046222687,-0.4528436064720154,-0.061846718192100525
22830,2827.96875,-0.2472233660519123,-0.03729245513677597,0.010004949569702149,0.0,0.5519927918910981,-0.442827507853508,-0.4415198564529419,-0.05292687565088272
22840,2901.15625,-0.2473804410547018,-0.027690660580992697,0.010156046785414218,0.0,0.549956488609314,-0.4424411654472351,-0.4380788803100586,-0.056682001799345016
22850,2975.6875,-0.24647044390439987,-0.03905521333217621,0.0037982160225510596,0.0,0.5501037538051605,-0.4338879883289337,-0.4340381324291229,-0.05890275537967682
22860,3015.78125,-0.24165170267224312,-0.02538059391081333,0.004891709797084332,0.0,0.5488430500030518,-0.42446660399436953,-0.42375344038009644,-0.0595499724149704
22870,2830.59375,-0.21949727833271027,-0.028963873535394667,0.008804134093225002,0.0,0.5495377957820893,-0.41626461744308474,-0.38899633288383484,-0.049998193979263306
22880,2637.0,-0.32697104662656784,-0.02429227773100138,0.012788276188075542,0.0,0.5487067997455597,-0.39329867362976073,-0.40550991892814636,-0.05529163032770157
22890,2694.875,-0.33103349804878235,-0.03260882757604122,0.013566449098289014,0.0,0.5507738173007966,-0.4080934703350067,-0.4075072705745697,-0.062334783375263214
22900,2768.40625,-0.22398602589964867,-0.028405680134892464,0.0076224347576498985,0.0,0.5502261579036712,-0.40441263318061826,-0.3933434784412384,-0.05462857335805893
22910,2826.65625,-0.3080139011144638,-0.0259833250194788,0.015296440199017524,0.0,0.5477275371551513,-0.400185751914978,-0.40057915449142456,-0.0225275456905365
22920,2895.15625,-0.426018089056015,-0.023746234923601152,0.0045930081978440285,0.0,0.548700338602066,-0.401442751288414,-0.4027414619922638,-0.06330560147762299
22930,2966.3125,-0.3287309557199478,-0.03193162437528372,0.017752870544791223,0.0,0.547990208864212,-0.4029161125421524,-0.40272650122642517,-0.062317557632923126
22940,3020.625,-0.24284502677619457,-0.01997560039162636,0.04975560232996941,0.0,0.5466828286647797,-0.41643969118595126,-0.4341709017753601,-0.05151915177702904
22950,3029.40625,-0.24179819971323013,-0.03328346125781536,0.03512552529573441,0.0,0.5450810551643371,-0.41138278841972353,-0.418371319770813,-0.06522507965564728
22960,3096.625,-0.3355611637234688,-0.020782343298196792,0.04822580218315124,0.0,0.5465842604637146,-0.4193991631269455,-0.41636407375335693,-0.0615520253777504
22970,3171.375,-0.23724705167114735,-0.033384451270103456,0.0005773039301857352,0.0,0.5445129692554473,-0.41656769812107086,-0.41964292526245117,-0.05485117435455322
22980,2978.65625,-0.2291242592036724,-0.026620249450206756,0.007118975091725588,0.0,0.5468258917331695,-0.4156288504600525,-0.4044780135154724,-0.053770504891872406
22990,3054.28125,-0.24637677520513535,-0.021154829114675523,0.004717097897082567,0.0,0.5502694964408874,-0.4174835354089737,-0.42999058961868286,-0.06276296079158783
23000,3131.875,-0.25689123570919037,-0.018675799667835235,0.030899542570114135,0.0,0.5464122295379639,-0.43360216319561007,-0.4549538493156433,-0.05882862210273743
23010,3211.0625,-0.24277925491333008,-0.02278452180325985,0.0023474345915019514,0.0,0.5432141959667206,-0.42625234723091127,-0.43024560809135437,-0.0553128682076931
23020,3287.0625,-0.2420099936425686,-0.0228456674143672,0.03734765574336052,0.0,0.5440653622150421,-0.43005753457546236,-0.4254855513572693,-0.05853443592786789
23030,3365.84375,-0.23315603286027908,-0.022443767450749875,0.013011417724192143,0.0,0.5433053255081177,-0.4312026470899582,-0.4375131130218506,-0.02879895083606243
23040,3442.125,-0.2451165672391653,-0.036282408982515335,0.002833192842081189,0.0,0.5419446110725403,-0.42551913261413576,-0.4295440912246704,-0.0606890432536602
23050,3522.125,-0.23732652515172958,-0.02800842225551605,0.006234296876937151,0.0,0.5388206601142883,-0.42502357065677643,-0.4151298403739929,-0.05952320620417595
23060,3554.875,-0.24032393097877502,-0.028105397894978523,0.014422934874892235,0.0,0.5403810858726501,-0.43703489005565643,-0.4211711883544922,-0.05947666987776756
23070,3603.59375,-0.23963288217782974,-0.02252173572778702,0.041641072183847425,0.0,0.5444565057754517,-0.4216868460178375,-0.4151573181152344,-0.0641084760427475
23080,3679.28125,-0.33804959803819656,-0.025924225710332392,0.020258885622024537,0.0,0.5434662103652954,-0.42585987150669097,-0.45035606622695923,-0.031808167695999146
23090,3754.34375,-0.2540769837796688,-0.02656462285667658,0.003979862760752439,0.0,0.5446501195430755,-0.45000655949115753,-0.446081280708313,-0.06207268312573433
23100,3831.125,-0.24976849928498268,-0.025187970697879793,0.005034808022901416,0.0,0.5386180400848388,-0.4459008663892746,-0.4466533064842224,-0.05288369208574295
23110,3644.0,-0.24099204316735268,-0.03342844173312187,0.013559430278837681,0.0,0.5412592351436615,-0.4303084254264832,-0.4242779314517975,-0.057706184685230255
23120,3719.78125,-0.2450356986373663,-0.030442739278078078,0.10273039788007736,0.0,0.5436616241931915,-0.4207721441984177,-0.4292651414871216,-0.06080625578761101
23130,3797.1875,-0.2458650227636099,-0.02966742143034935,0.004084400273859501,0.0,0.5420457899570466,-0.44053342938423157,-0.43715035915374756,-0.054579682648181915
23140,3826.6875,-0.25877517089247704,-0.03385713547468185,0.015316675044596195,0.0,0.5412044703960419,-0.44228312075138093,-0.4557966887950897,-0.06175368279218674
23150,3902.59375,-0.24765458889305592,-0.025647280737757683,0.0007584418053738773,0.0,0.542890590429306,-0.44505491852760315,-0.43913108110427856,-0.05617809295654297
23160,3982.59375,-0.2329904418438673,-0.025616046413779257,0.05590072944760323,0.0,0.5406249046325684,-0.43779506981372834,-0.44026634097099304,-0.025714542716741562
23170,4056.75,-0.2527869939804077,-0.011644145846366883,0.009035007655620575,0.0,0.5436177313327789,-0.4427806347608566,-0.4425419569015503,-0.06303203105926514
23180,3820.25,-0.24355259165167809,-0.029076621681451798,0.014134467951953411,0.0,0.5391305088996887,-0.43921343982219696,-0.42696458101272583,-0.06014053896069527
23190,3892.125,-0.22194788604974747,-0.03120949761942029,0.007492869906127453,0.0,0.5366510093212128,-0.4283052831888199,-0.4145638942718506,-0.029331879690289497
23200,3966.1875,-0.2464539147913456,-0.029479050263762473,0.011769792810082436,0.0,0.5375127732753754,-0.4217191755771637,-0.4285264015197754,-0.06438140571117401
23210,4026.6875,-0.23557136580348015,-0.035177502781152725,0.0007318770163692534,0.0,0.5398501873016357,-0.42101772129535675,-0.41418981552124023,-0.056952912360429764
23220,4098.59375,-0.24875338561832905,-0.0270997017621994,0.013308743573725223,0.0,0.539681339263916,-0.42497043013572694,-0.43550044298171997,-0.062006331980228424
23230,4172.75,-0.34397244453430176,-0.034244346618652347,0.021125634014606477,0.0,0.5411825954914093,-0.42458842396736146,-0.4404182434082031,-0.05399060249328613
23240,4202.6875,-0.23916586488485336,-0.029966483265161513,0.009966294094920159,0.0,0.5399588763713836,-0.4215665429830551,-0.4167439341545105,-0.06158779561519623
23250,4270.90625,-0.3386881798505783,-0.028265172243118288,0.003962756739929319,0.0,0.5399145185947418,-0.42644983232021333,-0.41652125120162964,-0.06745151430368423
23260,4341.5,-0.4482639878988266,-0.03209170550107956,0.08968647122383118,0.0,0.5389606118202209,-0.42835995852947234,-0.4492834210395813,-0.061414044350385666
23270,4411.03125,-0.24496955052018166,-0.029791890643537045,0.035169217735528946,0.0,0.5379603981971741,-0.42811110317707063,-0.42350155115127563,-0.06643754988908768
23280,4213.53125,-0.2472783625125885,-0.027078485023230313,0.029333921521902083,0.0,0.5378191471099854,-0.42272318005561826,-0.4304051399230957,-0.06415164470672607
23290,4012.15625,-0.22639086842536926,-0.039379261806607245,0.005508080217987299,0.0,0.5382849931716919,-0.42088688611984254,-0.3897070288658142,-0.06307467818260193
23300,3814.78125,-0.4342555105686188,-0.03510148897767067,0.04329308494925499,0.0,0.5393274843692779,-0.4109510511159897,-0.4213714599609375,-0.060140885412693024
23310,3741.15625,-0.41093818843364716,-0.030138397589325905,0.021276390925049782,0.0,0.5381171405315399,-0.39343385994434354,-0.3811756372451782,-0.054857030510902405
23320,3809.75,-0.21586673334240913,-0.033960902318358424,0.0038625295273959637,0.0,0.5394897937774659,-0.37876616716384887,-0.3741917610168457,-0.057541705667972565
23330,3878.75,-0.21640906855463982,-0.034429356642067435,0.003281399980187416,0.0,0.544649463891983,-0.37810379564762114,-0.3722332715988159,-0.060584865510463715
23340,3942.65625,-0.31466249376535416,-0.023879558593034745,0.017106345668435097,0.0,0.5441325008869171,-0.3718240886926651,-0.38061287999153137,-0.05525054410099983
23350,4010.34375,-0.4074343666434288,-0.026376427337527274,0.0038174225483089685,0.0,0.5418654024600983,-0.3726661503314972,-0.37706637382507324,-0.052804458886384964
23360,4073.875,-0.2112121358513832,-0.02786189317703247,0.0017576325219124556,0.0,0.5438529491424561,-0.3782941997051239,-0.36881089210510254,-0.05361337959766388
23370,4143.46875,-0.2113265097141266,-0.03306697867810726,0.0069524855352938175,0.0,0.5435177326202393,-0.383429217338562,-0.3898574113845825,-0.032795581966638565
23380,4211.1875,-0.20616740360856056,-0.029975783079862595,0.0196084288880229,0.0,0.5392324924468994,-0.38194645643234254,-0.37805044651031494,-0.034284330904483795
23390,4285.0625,-0.22065412811934948,-0.032570356875658034,0.06005075722932816,0.0,0.5400085151195526,-0.3881754070520401,-0.3897020220756531,-0.05160623788833618
23400,4361.125,-0.3374779224395752,-0.02739083059132099,0.02019372247159481,0.0,0.5428532481193542,-0.4022363841533661,-0.42185282707214355,-0.060738831758499146
23410,4430.8125,-0.22780788876116276,-0.0362606767565012,0.011641955748200417,0.0,0.5368106961250305,-0.41096301972866056,-0.42503809928894043,-0.030577680096030235
23420,4240.03125,-0.21860669739544392,-0.02679959647357464,0.003959327517077327,0.0,0.5365654766559601,-0.39147049486637114,-0.38203614950180054,-0.055177271366119385
23430,4320.03125,-0.21871022135019302,-0.03167632594704628,0.0004038228304125369,0.0,0.5411242783069611,-0.3820744127035141,-0.3807615041732788,-0.05665893852710724
23440,4400.03125,-0.21773161739110947,-0.02501954510807991,0.008663967717438936,0.0,0.5377886116504669,-0.3833016574382782,-0.37910574674606323,-0.056357491761446
23450,4471.34375,-0.20284768845885992,-0.02517463341355324,0.013175990618765353,0.0,0.5414132058620453,-0.38667447566986085,-0.38331055641174316,-0.022384878247976303
23460,4283.6875,-0.21452030166983604,-0.027383869886398314,0.007704789098352194,0.0,0.539820772409439,-0.36746815741062167,-0.3679162263870239,-0.06112437695264816
23470,4092.4375,-0.302758164703846,-0.03150270022451877,0.0029553209431469442,0.0,0.5380151510238648,-0.34283328652381895,-0.3518880307674408,-0.06166696548461914
23480,3898.03125,-0.1890567298978567,-0.033815170638263226,0.0021556349471211433,0.0,0.5389665126800537,-0.33575385212898257,-0.32037442922592163,-0.05773899704217911
23490,3706.46875,-0.17370011657476425,-0.031062624603509902,0.0029549333732575176,0.0,0.5405352592468262,-0.3098969548940659,-0.28955262899398804,-0.05784766003489494
23500,3781.59375,-0.18298572301864624,-0.028222742676734924,0.0011403376003727317,0.0,0.5421836137771606,-0.30163451433181765,-0.2995527386665344,-0.06641870737075806
23510,3861.59375,-0.17762190848588943,-0.021666588075459004,0.0013306608889251947,0.0,0.5424843311309815,-0.2954298496246338,-0.2943916618824005,-0.06085212528705597
23520,3663.28125,-0.17094061896204948,-0.034478333219885825,0.004968288168311119,0.0,0.5430162668228149,-0.30285643339157103,-0.2728770971298218,-0.0690041333436966
23530,3649.5625,-0.36211608350276947,-0.02200205959379673,0.019265574961900712,0.0,0.5442641079425812,-0.2764307677745819,-0.27660664916038513,-0.061942100524902344
23540,3719.28125,-0.3647919297218323,-0.025205932930111884,0.023361309617757797,0.0,0.5490828931331635,-0.2857906609773636,-0.2779862582683563,-0.06530975550413132
23550,3794.65625,-0.15887383744120598,-0.025257789343595505,0.01309511810541153,0.0,0.5461249053478241,-0.2723913788795471,-0.27143651247024536,-0.04631119221448898
23560,3586.1875,-0.13612478785216808,-0.027174286544322968,0.011609023064374923,0.0,0.5469878375530243,-0.26894719898700714,-0.24448421597480774,-0.02776532992720604
23570,3649.9375,-0.16493960842490196,-0.03353454936295748,0.006630744226276875,0.0,0.5476990759372711,-0.2574433222413063,-0.26693832874298096,-0.06294088810682297
23580,3724.03125,-0.1648443527519703,-0.03750783614814281,0.004267115518450737,0.0,0.5486014544963836,-0.2679154992103577,-0.2691071629524231,-0.06058154255151749
23590,3504.4375,-0.16369272768497467,-0.027866093069314958,0.008623049966990948,0.0,0.5465326488018036,-0.2605753868818283,-0.2645614445209503,-0.06282401084899902
23600,3569.46875,-0.17227697744965553,-0.031103215739130975,0.02913179323077202,0.0,0.547225683927536,-0.293313467502594,-0.29463285207748413,-0.049921076744794846
23610,3466.1875,-0.25936800241470337,-0.03166896216571331,0.013257472403347492,0.0,0.5506074368953705,-0.29293447732925415,-0.26606687903404236,-0.059812113642692566
23620,3197.5,-0.26190412789583206,-0.03629158772528172,0.03252247907221317,0.0,0.5458506286144257,-0.2722873345017433,-0.2575471103191376,-0.07298766821622849
23630,2993.21875,-0.239602729678154,-0.03852047398686409,0.004772372543811798,0.0,0.5462640285491943,-0.23553185313940048,-0.22239023447036743,-0.06496632099151611
23640,3048.9375,-0.333905965089798,-0.03331669941544533,0.012341191060841084,0.0,0.544783079624176,-0.23323928713798522,-0.2236846685409546,-0.05939566344022751
23650,3106.90625,-0.34653113782405853,-0.038375470973551276,0.01029247734695673,0.0,0.5486150503158569,-0.23297134935855865,-0.2431183159351349,-0.06331446766853333
23660,3168.65625,-0.13489599712193012,-0.037311533093452455,0.005149660911411047,0.0,0.5518758833408356,-0.23317961990833283,-0.21513161063194275,-0.05466039478778839
23670,3236.15625,-0.14210346341133118,-0.03792788665741682,0.009894625656306744,0.0,0.5500578165054322,-0.22074633538722993,-0.21590188145637512,-0.06830504536628723
23680,3036.21875,-0.12467637285590172,-0.01882801577448845,0.22872795462608336,0.0,0.5497775197029113,-0.22177007794380188,-0.1871492862701416,-0.06220346316695213
23690,3103.34375,-0.1450730264186859,-0.03847343996167183,0.004815156757831574,0.0,0.5502254903316498,-0.2048895463347435,-0.22077089548110962,-0.06937515735626221
23700,2593.96875,-0.30328209698200226,-0.02541760541498661,0.025630122423171996,0.0,0.5526285707950592,-0.18080137819051742,-0.1595240980386734,-0.061443477869033813
23710,2655.40625,-0.213440902531147,-0.0324555866420269,0.01881679631769657,0.0,0.5525653719902038,-0.1655268520116806,-0.1705503761768341,-0.06265679001808167
23720,2720.6875,-0.21829134225845337,-0.04198864363133907,0.008038143254816532,0.0,0.554390811920166,-0.18159534484148027,-0.17854167520999908,-0.0642743855714798
23730,2750.15625,-0.22518285363912582,-0.022483603656291963,0.01104979831725359,0.0,0.5551898896694183,-0.2081963911652565,-0.2012248933315277,-0.05572250485420227
23740,2814.40625,-0.1235333513468504,-0.034793196991086,0.001510554226115346,0.0,0.556952852010727,-0.19480173885822297,-0.18685665726661682,-0.060210030525922775
23750,2880.65625,-0.12311925366520882,-0.029751085117459296,0.007922883238643407,0.0,0.5594860494136811,-0.19357239603996276,-0.1872876137495041,-0.05895087122917175
23760,2686.59375,-0.21530568599700928,-0.036715324781835076,0.0036607695277780295,0.0,0.5592048943042756,-0.18415887653827667,-0.18015730381011963,-0.0577855184674263
23770,2724.9375,-0.22283625602722168,-0.03328366130590439,0.009877293836325407,0.0,0.5559566140174865,-0.18233052641153336,-0.1882132589817047,-0.06281091272830963
23780,2797.6875,-0.11461187154054642,-0.032808037102222444,0.017197831347584725,0.0,0.5578836560249328,-0.18984740525484084,-0.17659008502960205,-0.052633658051490784
23790,2773.0,-0.3187570422887802,-0.03280571848154068,0.0085321344435215,0.0,0.5540878593921661,-0.18412114083766937,-0.1840745508670807,-0.06853516399860382
23800,2562.03125,-0.29942047595977783,-0.02866560872644186,0.03170756585896015,0.0,0.5588306009769439,-0.15886005759239197,-0.18643592298030853,-0.027108438313007355
23810,2630.5625,-0.10545707121491432,-0.027249597199261188,0.005758795887231827,0.0,0.5539456486701966,-0.15614833682775497,-0.16330334544181824,-0.04761077091097832
23820,2572.0,-0.10605953633785248,-0.03378262855112553,0.004802302923053503,0.0,0.5593437731266022,-0.14810250401496888,-0.15371140837669373,-0.05840766429901123
23830,2339.71875,-0.09758694469928741,-0.038632626086473464,0.005879105161875486,0.0,0.5586008608341217,-0.15525593012571334,-0.1299792230129242,-0.06519468128681183
23840,2190.40625,-0.10218076780438423,-0.02929220013320446,0.011724384501576424,0.0,0.5575809717178345,-0.14089502543210983,-0.13908544182777405,-0.06527610123157501
23850,2256.25,-0.10663532465696335,-0.03963430542498827,0.0030112642794847488,0.0,0.5604953050613404,-0.14719351530075073,-0.149513840675354,-0.06375680863857269
23860,2057.0,-0.18782830983400345,-0.04034713990986347,0.007330905180424452,0.0,0.556797331571579,-0.11768427938222885,-0.12223460525274277,-0.06108233705163002
23870,1850.25,-0.1862301081418991,-0.03473221585154533,0.010926285944879054,0.0,0.5597537934780121,-0.11928628757596016,-0.11400977522134781,-0.06605224311351776
23880,1887.71875,-0.18242787569761276,-0.029663369990885258,0.014060714468359947,0.0,0.5601248323917389,-0.1144401639699936,-0.10280349105596542,-0.0691547617316246
23890,1952.5,-0.19111847132444382,-0.02547832727432251,0.01182833481580019,0.0,0.5566044449806213,-0.11823540106415749,-0.12159273773431778,-0.06761377304792404
23900,2014.75,-0.2855986952781677,-0.03982140235602856,0.022984205558896065,0.0,0.5555075705051422,-0.1312232010066509,-0.11660107225179672,-0.06631389260292053
23910,2055.375,-0.08902421966195107,-0.04185279943048954,0.00717779453843832,0.0,0.5582416415214538,-0.1163680113852024,-0.11538747698068619,-0.06266096979379654
23920,2124.96875,-0.05891554616391659,-0.030833013355731964,0.016982075944542884,0.0,0.5593450784683227,-0.10963842794299125,-0.0908992812037468,-0.026931805536150932
23930,2112.5,-0.0855044536292553,-0.03383673802018165,0.0059922912158072,0.0,0.559164947271347,-0.09975838586688042,-0.11014347523450851,-0.060865432024002075
23940,1932.40625,-0.3020194470882416,-0.03590637147426605,0.1032115176320076,0.0,0.5620215475559235,-0.1315089613199234,-0.15153446793556213,-0.06571969389915466
23950,1984.15625,-0.20262771844863892,-0.037639572843909265,0.010880646482110023,0.0,0.5591217100620269,-0.15580494999885558,-0.14573857188224792,-0.06691479682922363
23960,2006.59375,-0.20253199338912964,-0.03796274252235889,0.010840990953147412,0.0,0.5607507884502411,-0.1559702754020691,-0.14916929602622986,-0.06187798082828522
23970,2068.96875,-0.2967529222369194,-0.028509272262454033,0.02014649398624897,0.0,0.5617203712463379,-0.17549246847629546,-0.17799580097198486,-0.03012046031653881
23980,1980.0,-0.5199116468429565,-0.030611472204327583,0.016784898191690444,0.0,0.5590586185455322,-0.16941844224929808,-0.2060408592224121,-0.06381088495254517
23990,1936.75,-0.2133079320192337,-0.03755123410373926,0.0061915741302073,0.0,0.5618732213973999,-0.1674177974462509,-0.1674785315990448,-0.06689921021461487
24000,1979.5,-0.2290344387292862,-0.04222624115645886,0.014935369417071343,0.0,0.560851663351059,-0.18628036677837373,-0.20218119025230408,-0.06249984726309776
24010,2035.5625,-0.11608515866100788,-0.04224719665944576,0.006678304262459278,0.0,0.5582140386104584,-0.19622434228658675,-0.1722831130027771,-0.05988719314336777
24020,1977.8125,-0.13662708178162575,-0.03286428339779377,0.016638543084263803,0.0,0.5625030219554901,-0.204023340344429,-0.2125917375087738,-0.06066242605447769
24030,2024.625,-0.33191291987895966,-0.036857469007372856,0.0066379795782268046,0.0,0.564618957042694,-0.21572771221399306,-0.21426093578338623,-0.0646221935749054
24040,1992.4375,-0.3503313958644867,-0.043722243141382934,0.010506125353276729,0.0,0.5628211975097657,-0.23592599332332612,-0.248751699924469,-0.0672045350074768
24050,2039.03125,-0.5398067086935043,-0.03186394851654768,0.05588140264153481,0.0,0.559134179353714,-0.24367244243621827,-0.2411872297525406,-0.06630479544401169
24060,2085.625,-0.4538678526878357,-0.040779989957809445,0.0696737676858902,0.0,0.5548321187496186,-0.2566404238343239,-0.262376606464386,-0.06482930481433868
24070,2001.6875,-0.3578498214483261,-0.04081493504345417,0.008843707665801049,0.0,0.557687109708786,-0.2520530328154564,-0.2659662365913391,-0.06313546001911163
24080,2021.53125,-0.6246400475502014,-0.03623844757676124,0.024181215465068816,0.0,0.556349927186966,-0.241443233191967,-0.22544512152671814,-0.05910184234380722
24090,2078.875,-0.2366798222064972,-0.04237258993089199,0.0157278073951602,0.0,0.5597306668758393,-0.2186841517686844,-0.2191288024187088,-0.06063663586974144
24100,2129.15625,-0.47976863384246826,-0.03234890419989824,0.015095347724854945,0.0,0.5590971767902374,-0.2691626653075218,-0.3056260645389557,-0.07445570826530457
24110,2177.28125,-0.19664322957396507,-0.0372108431532979,0.02822420932352543,0.0,0.5578642964363099,-0.3018511593341827,-0.3309515714645386,-0.06233488768339157
24120,2056.90625,-0.3412208557128906,-0.026030487194657326,0.22866674065589904,0.0,0.5587461829185486,-0.3105591475963593,-0.25194138288497925,-0.043907687067985535
24130,2104.3125,-0.35357630252838135,-0.0412192165851593,0.004238388314843178,0.0,0.5631399869918823,-0.2567001223564148,-0.25639867782592773,-0.06623022258281708
24140,1890.40625,-0.3330298960208893,-0.03164474405348301,0.01367877535521984,0.0,0.5592044115066528,-0.23135212510824205,-0.21495060622692108,-0.06408800929784775
24150,1335.1875,-0.30471302568912506,-0.02589823938906193,0.0682472750544548,0.0,0.5583460211753846,-0.22081730514764786,-0.16017018258571625,-0.06285341084003448
24160,1369.375,-0.37705929577350616,-0.039401528984308244,0.012916251830756665,0.0,0.5592750430107116,-0.15838028192520143,-0.11470985412597656,-0.0634201392531395
24170,1420.6875,-0.19748727977275848,-0.04044538382440806,0.0062200378626585005,0.0,0.5600922167301178,-0.14924028813838958,-0.14190703630447388,-0.06075764447450638
24180,1481.125,-0.20561344921588898,-0.025707240402698516,0.025980533659458162,0.0,0.5637539327144623,-0.14956558793783187,-0.15941603481769562,-0.060126177966594696
24190,1501.5,-0.20827830582857132,-0.038988766446709636,0.011677024513483047,0.0,0.5615620911121368,-0.15965602546930313,-0.1561242640018463,-0.06736491620540619
24200,1519.25,-0.5239724665880203,-0.04054681779816747,0.02453160546720028,0.0,0.5601558804512023,-0.1808629661798477,-0.20561203360557556,-0.07202447205781937
24210,1550.5,-0.33082906901836395,-0.03650502376258373,0.00999270547181368,0.0,0.5584419727325439,-0.1999975174665451,-0.20015132427215576,-0.07542414218187332
24220,1582.8125,-0.4342460483312607,-0.04078749231994152,0.022385722398757933,0.0,0.5604640245437622,-0.2018386647105217,-0.23147934675216675,-0.061382558196783066
24230,1464.71875,-0.2264452949166298,-0.03360712993890047,0.002592789754271507,0.0,0.5608258128166199,-0.21796013563871383,-0.18682816624641418,-0.0720759704709053
24240,1522.21875,-0.22203972190618515,-0.02764396071434021,0.008961227908730506,0.0,0.5622026979923248,-0.2099324196577072,-0.1860315054655075,-0.06411781162023544
24250,1223.40625,-0.32580266892910004,-0.02418553251773119,0.39047632217407224,0.0,0.565153706073761,-0.21153551638126372,-0.23521430790424347,-0.025659354403614998
24260,1249.34375,-0.23006563633680344,-0.04007299095392227,0.013968976214528084,0.0,0.5687477946281433,-0.20258868336677552,-0.1996600478887558,-0.06875075399875641
24270,1267.28125,-0.31011487543582916,-0.03715252969413996,0.027071809396147728,0.0,0.5662410140037537,-0.19851027876138688,-0.16546770930290222,-0.06814655661582947
24280,1300.53125,-0.32247887551784515,-0.04162487611174583,0.010308882594108582,0.0,0.5636885762214661,-0.19003106504678727,-0.19515083730220795,-0.06473495066165924
24290,1358.34375,-0.3138236850500107,-0.03599999248981476,0.008553294092416763,0.0,0.5648731887340546,-0.18932353407144548,-0.18195636570453644,-0.058650411665439606
24300,1382.34375,-0.515485018491745,-0.03245598375797272,0.018725146353244782,0.0,0.5636486172676086,-0.1785438820719719,-0.18843267858028412,-0.06720288097858429
24310,1323.53125,-0.09613270498812199,-0.030743634700775145,0.008786654379218817,0.0,0.5664498209953308,-0.167722749710083,-0.15540286898612976,-0.03686252981424332
24320,1381.34375,-0.23346596956253052,-0.04449772499501705,0.005880974046885967,0.0,0.5681404709815979,-0.1780360922217369,-0.21190351247787476,-0.0628698468208313
24330,1435.6875,-0.12551851943135262,-0.04079751670360565,0.021800529584288596,0.0,0.5669223368167877,-0.19355180710554123,-0.19289638102054596,-0.05814065784215927
24340,1454.3125,-0.24281781166791916,-0.02868121340870857,0.007972423732280732,0.0,0.561473935842514,-0.2261666998267174,-0.22566771507263184,-0.06621147692203522
24350,1505.84375,-0.14823662489652634,-0.036085518263280394,0.015935997664928436,0.0,0.5628907918930054,-0.22728779762983323,-0.22845572233200073,-0.06801753491163254
24360,1565.6875,-0.15074528753757477,-0.033272167667746544,0.008821123279631138,0.0,0.5621837496757507,-0.22858319580554962,-0.23232732713222504,-0.0691632628440857
24370,1566.8125,-0.2187550589442253,-0.03232495728880167,0.009268019534647464,0.0,0.5611967325210572,-0.220510895550251,-0.19625528156757355,-0.047949425876140594
24380,1549.0625,-0.23780079931020737,-0.039179278165102006,0.010561327077448368,0.0,0.5635575413703918,-0.2216101720929146,-0.21909356117248535,-0.06405188888311386
24390,1593.375,-0.2336144745349884,-0.03564293645322323,0.010720958560705185,0.0,0.5640434265136719,-0.21076446771621704,-0.21164661645889282,-0.06358643621206284
24400,1645.0,-0.4206518232822418,-0.03607643553987146,0.010929242335259914,0.0,0.5626087307929992,-0.21672777682542801,-0.20457954704761505,-0.05703358352184296
24410,1708.90625,-0.23252581804990768,-0.02528211884200573,0.006324498914182186,0.0,0.5600779116153717,-0.22226644903421403,-0.20853403210639954,-0.06292897462844849
24420,1784.9375,-0.1307857371866703,-0.02361818291246891,0.03821751177310943,0.0,0.5633703649044037,-0.2443768009543419,-0.2610664665699005,-0.0005050376057624817
24430,1859.8125,-0.16224651411175728,-0.034134053811430934,0.0021272945683449506,0.0,0.5625076949596405,-0.2675110578536987,-0.25984859466552734,-0.06464442610740662
24440,1654.09375,-0.3234076201915741,-0.018484126776456833,0.2419212281703949,0.0,0.5588006913661957,-0.2413160741329193,-0.19355139136314392,-0.06634554266929626
24450,1279.625,-0.102738531306386,-0.03408975787460804,0.019783737137913704,0.0,0.5616581976413727,-0.1895230531692505,-0.15787142515182495,-0.04760563746094704
24460,1157.3125,-0.1806236356496811,-0.03715223036706448,0.013667340576648711,0.0,0.5626036524772644,-0.15123749524354935,-0.1394892781972885,-0.029799826443195343
24470,1216.8125,-0.30852991342544556,-0.04379993490874767,0.003707712981849909,0.0,0.5630253255367279,-0.16204796135425567,-0.17128722369670868,-0.06176656484603882
24480,998.59375,-0.20341184735298157,-0.02905092276632786,0.05330959260463715,0.0,0.5630773842334748,-0.1429128721356392,-0.14767968654632568,-0.0649227648973465
24490,820.625,-0.19456353783607483,-0.03381001576781273,0.0054053043946623806,0.0,0.5637629687786102,-0.1411319211125374,-0.1300315111875534,-0.06507056206464767
24500,860.15625,-0.1868511214852333,-0.039268198609352115,0.007887860108166934,0.0,0.5617135524749756,-0.13229311779141426,-0.11503425985574722,-0.06467411667108536
24510,844.5,-0.16783308237791061,-0.038373836874961854,0.006251825578510761,0.0,0.5595146596431733,-0.09126161858439445,-0.07371753454208374,-0.07038135081529617
24520,866.125,-0.03700910322368145,-0.027715019509196283,0.051909835636615755,0.0,0.5578347742557526,-0.063950383849442,-0.030762016773223877,-0.043256185948848724
24530,913.25,-0.0719623751938343,-0.03891574256122112,0.019729264453053473,0.0,0.5614320039749146,-0.030180618073791264,-0.07901378720998764,-0.06491094827651978
24540,934.875,-0.2624792605638504,-0.040693577378988266,0.015843575075268745,0.0,0.5603958964347839,-0.057496530935168266,-0.07531613856554031,-0.06387923657894135
24550,942.53125,-0.062468613497912884,-0.029365374147891997,0.010141818784177303,0.0,0.5595279991626739,-0.07440856322646142,-0.10732851922512054,-0.017608707770705223
24560,1008.34375,-0.1618160456418991,-0.0378620938397944,0.012435596622526645,0.0,0.5587104320526123,-0.05444531366229057,-0.06561620533466339,-0.0644877627491951
24570,1041.9375,-0.056635430082678795,-0.03200207911431789,0.0030522687826305627,0.0,0.5607276737689972,-0.06813535541296005,-0.058005720376968384,-0.05526513606309891
24580,1111.65625,-0.08764328435063362,-0.03593325428664684,0.012312748655676841,0.0,0.5607171952724457,-0.0840248629450798,-0.11133955419063568,-0.06394702196121216
24590,1134.65625,-0.27025042474269867,-0.035845253989100455,0.023294564709067343,0.0,0.5625419378280639,-0.08980173766613006,-0.09949950873851776,-0.05664699524641037
24600,1146.625,-0.2839781641960144,-0.04216018617153168,0.009504474513232709,0.0,0.5605273723602295,-0.08948341235518456,-0.12532487511634827,-0.057169124484062195
24610,1176.1875,-0.195846825838089,-0.02235569916665554,0.06085294112563133,0.0,0.5623891651630402,-0.12791518345475197,-0.13354086875915527,-0.06543281674385071
24620,1246.5625,-0.11210614070296288,-0.019981749355793,0.011468824185431003,0.0,0.5655465543270111,-0.1377258449792862,-0.16057932376861572,-0.06363297998905182
24630,1278.6875,-0.21621625125408173,-0.03160481564700603,0.01115343440324068,0.0,0.567287802696228,-0.15778591781854628,-0.17977726459503174,-0.06098238378763199
24640,1346.84375,-0.3062092214822769,-0.021108172088861465,0.008192312438040972,0.0,0.5673232913017273,-0.13972498178482057,-0.16745898127555847,-0.05989813059568405
24650,1421.34375,-0.10004164651036263,-0.02444378063082695,0.05562807396054268,0.0,0.5697450637817383,-0.1492830365896225,-0.14170989394187927,-0.05837339535355568
24660,1483.09375,-0.11519988439977169,-0.034181125834584235,0.00238875225186348,0.0,0.5737160503864288,-0.1704670637845993,-0.17544817924499512,-0.054951585829257965
24670,1530.9375,-0.12233518064022064,-0.027785085886716843,0.004709427710622549,0.0,0.5686328887939454,-0.1848691299557686,-0.1876816302537918,-0.05698871612548828
24680,1601.6875,-0.24132902920246124,-0.03210844248533249,0.08274752050638198,0.0,0.5702742516994477,-0.19951096624135972,-0.22400596737861633,-0.06511654704809189
24690,1641.96875,-0.250086709856987,-0.03233139701187611,0.019104307517409325,0.0,0.5722093701362609,-0.22647347897291184,-0.24561557173728943,-0.0601215623319149
24700,1691.0625,-0.1433718204498291,-0.030257225036621094,0.0022136488929390906,0.0,0.5693402945995331,-0.22427392452955247,-0.22414764761924744,-0.06259600073099136
24710,1766.9375,-0.21845592558383942,-0.021668941900134086,0.04808318093419075,0.0,0.5696522831916809,-0.22385313659906386,-0.22334204614162445,-0.01999027281999588
24720,1765.8125,-0.13715778663754463,-0.028453668765723705,0.006608268711715937,0.0,0.5700736701488495,-0.22682997435331345,-0.22350634634494781,-0.05080920830368996
24730,1838.53125,-0.160068703815341,-0.023696664720773697,0.25070546865463256,0.0,0.5715533375740052,-0.2471557602286339,-0.267301082611084,-0.052836328744888306
24740,1912.96875,-0.17450705729424953,-0.02799016088247299,0.0723933830857277,0.0,0.5700725197792054,-0.28543455600738527,-0.30113106966018677,-0.047883011400699615
24750,1863.78125,-0.17321009933948517,-0.03165874555706978,0.0058464154601097105,0.0,0.5674568951129914,-0.29841784238815305,-0.29050755500793457,-0.05591261759400368
24760,1834.8125,-0.3686055541038513,-0.03205711767077446,0.014727208390831947,0.0,0.5685997486114502,-0.2945424854755402,-0.29389405250549316,-0.05922234058380127
24770,1871.25,-0.20278655365109444,-0.029691985249519347,0.005091380886733532,0.0,0.5685435354709625,-0.3312880486249924,-0.3438642621040344,-0.06170884147286415
24780,1942.625,-0.29556962475180626,-0.02466101571917534,0.012297063320875167,0.0,0.5665644884109498,-0.3663866013288498,-0.3837894797325134,-0.015570355579257011
24790,2012.4375,-0.32350293546915054,-0.02274184748530388,0.03722693100571632,0.0,0.5647018849849701,-0.3918621212244034,-0.3902765214443207,-0.06441758573055267
24800,2086.0625,-0.29575202986598015,-0.029747357964515685,0.013118704408407211,0.0,0.5631431519985199,-0.3849909394979477,-0.3875727653503418,-0.012386095710098743
24810,2132.34375,-0.32431747764348984,-0.02649962492287159,0.007958624511957169,0.0,0.5630626142024994,-0.4057088166475296,-0.39711683988571167,-0.05761348828673363
24820,2207.78125,-0.3312680497765541,-0.024269461631774902,0.006839445978403092,0.0,0.5624122798442841,-0.41039274334907533,-0.41799646615982056,-0.05196242034435272
24830,2284.59375,-0.2339865006506443,-0.03110201209783554,0.0034423723816871645,0.0,0.5619174122810364,-0.40688862800598147,-0.4050416946411133,-0.0629313662648201
24840,2356.71875,-0.3380700722336769,-0.022774441912770272,0.014455455355346203,0.0,0.5571894586086273,-0.41215724050998687,-0.4226307272911072,-0.06113332882523537
24850,2436.71875,-0.23008928634226322,-0.027195055037736893,0.0035123139154165984,0.0,0.5570914030075074,-0.40689748525619507,-0.40561938285827637,-0.054559189826250076
24860,2516.71875,-0.23074203357100487,-0.01877443604171276,0.002060001972131431,0.0,0.5596383154392243,-0.4056071400642395,-0.4088723063468933,-0.052611760795116425
24870,2331.53125,-0.21960106678307056,-0.024428274482488632,0.03471164926886559,0.0,0.5606704354286194,-0.4024358630180359,-0.38265708088874817,-0.05654505267739296
24880,2316.8125,-0.31856830418109894,-0.03183758333325386,0.02350882366299629,0.0,0.5567633271217346,-0.38686755001544954,-0.39027345180511475,-0.05368984490633011
24890,2394.96875,-0.24753043055534363,-0.027907807473093273,0.010241090692579747,0.0,0.5569707691669464,-0.39822049140930177,-0.43840286135673523,-0.05665799602866173
24900,2297.1875,-0.21257583051919937,-0.03491614758968353,0.0056037653237581255,0.0,0.5550690710544586,-0.37625322937965394,-0.3625125288963318,-0.06263919174671173
24910,2282.65625,-0.20240391045808792,-0.03139212653040886,0.00859580859541893,0.0,0.5568019628524781,-0.357026669383049,-0.34263187646865845,-0.0621759407222271
24920,2014.84375,-0.26906512677669525,-0.04264488443732262,0.008918649703264236,0.0,0.5544113397598267,-0.3193702220916748,-0.282389760017395,-0.06143034249544144
24930,1921.25,-0.4727259576320648,-0.036796484142541885,0.01534719243645668,0.0,0.5536945462226868,-0.2913881689310074,-0.30965664982795715,-0.057759083807468414
24940,1658.21875,-0.4859665483236313,-0.03824607729911804,0.00769879873842001,0.0,0.5519666969776154,-0.29385215044021606,-0.3320562541484833,-0.06198720261454582
24950,1439.1875,-0.3470577895641327,-0.0367883250117302,0.0385228231549263,0.0,0.5538239300251007,-0.260588538646698,-0.25089168548583984,-0.057821884751319885
24960,1188.3125,-0.27851827442646027,-0.040905278734862806,0.014710385352373123,0.0,0.5542008817195893,-0.19903186559677125,-0.10627955198287964,-0.06381315737962723
24970,1079.28125,-0.3050742447376251,-0.03299763910472393,0.03204331882297993,0.0,0.5579664707183838,-0.12027397155761718,-0.16289496421813965,-0.06162397563457489
24980,1105.0,-0.4665144681930542,-0.04908349402248859,0.01899748109281063,0.0,0.5576239168643952,-0.12349511161446572,-0.09719084203243256,-0.06489844620227814
24990,1111.875,-0.2919809818267822,-0.03044048845767975,0.03767917156219482,0.0,0.5541210412979126,-0.11643949300050735,-0.13384276628494263,-0.06340166926383972
25000,1131.78125,-0.4749401956796646,-0.045152630656957626,0.011674930155277253,0.0,0.5508514285087586,-0.12730871215462686,-0.11961579322814941,-0.058695368468761444
25010,1067.34375,-0.28795093297958374,-0.03452857127413154,0.011544393189251424,0.0,0.5553386747837067,-0.10978359058499336,-0.12374991178512573,-0.06685484200716019
25020,1096.40625,-0.5311330556869507,-0.033518140017986295,0.05446688234806061,0.0,0.5556300282478333,-0.1432734929025173,-0.22794286906719208,-0.06475915014743805
