epoch,step,L_total,L_simple,L_joints,L_vel,L_foot,VL_total,VL_simple,VL_joints,VL_vel,VL_foot
1,128,296.7787780761719,197.53924560546875,9907.4296875,0.11732026934623718,0.479394793510437,-,-,-,-,-
1,256,295.55267333984375,196.7332000732422,9867.453125,0.10483711957931519,0.4013419449329376,-,-,-,-,-
1,384,250.9810333251953,167.09298706054688,8371.6728515625,0.1170182004570961,0.5429396629333496,-,-,-,-,-
1,512,325.04425048828125,216.35882568359375,10852.181640625,0.11777742952108383,0.45846977829933167,-,-,-,-,-
1,640,266.0456237792969,177.11940002441406,8876.892578125,0.11085237562656403,0.46479520201683044,287.4345703125,191.33851623535156,9596.533203125,0.0972825288772583,0.3345070779323578
1,768,225.3314208984375,150.03712463378906,7515.56298828125,0.10235974192619324,0.363200843334198,-,-,-,-,-
1,896,263.4745178222656,175.3970947265625,8792.2685546875,0.11724359542131424,0.3751278519630432,-,-,-,-,-
1,1024,221.17822265625,147.27574157714844,7376.3935546875,0.10229100286960602,0.36249226331710815,-,-,-,-,-
1,1152,232.3159637451172,154.6798095703125,7750.13623046875,0.1001666784286499,0.3461482524871826,-,-,-,-,-
1,1280,231.1730499267578,153.91709899902344,7712.06982421875,0.10044968128204346,0.3481014370918274,282.2376708984375,187.87216186523438,9424.4921875,0.09055017679929733,0.30058401823043823
1,1408,235.9930419921875,157.14178466796875,7875.2001953125,0.07543249428272247,0.23824769258499146,-,-,-,-,-
1,1536,234.70785522460938,156.26522827148438,7831.484375,0.0959189385175705,0.3185708820819855,-,-,-,-,-
1,1664,232.95632934570312,155.10519409179688,7773.97119140625,0.08789078146219254,0.23528268933296204,-,-,-,-,-
1,1792,265.2363586425781,176.59271240234375,8856.04296875,0.06378516554832458,0.19451506435871124,-,-,-,-,-
1,1920,282.1013488769531,187.8046417236328,9419.7451171875,0.07649826258420944,0.227727010846138,278.7998046875,185.5951385498047,9311.0205078125,0.07193707674741745,0.22511398792266846
1,2048,232.27862548828125,154.6294708251953,7749.8466796875,0.13047893345355988,0.2022065669298172,-,-,-,-,-
1,2176,260.66412353515625,173.54794311523438,8702.0546875,0.07406971603631973,0.21563325822353363,-,-,-,-,-
1,2304,362.72064208984375,241.38885498046875,12120.0166015625,0.11469963937997818,0.16931548714637756,-,-,-,-,-
1,2432,279.0926818847656,185.8125762939453,9319.3359375,0.06806264817714691,0.1869630217552185,-,-,-,-,-
1,2560,302.21502685546875,201.1796875,10094.3037109375,0.07785240560770035,0.14460843801498413,276.4383239746094,184.0523681640625,9232.2001953125,0.052467286586761475,0.11500014364719391
1,2688,284.78369140625,189.59225463867188,9509.50390625,0.07880506664514542,0.17612195014953613,-,-,-,-,-
1,2816,232.83645629882812,155.07308959960938,7770.82666015625,0.04440520703792572,0.10694802552461624,-,-,-,-,-
1,2944,232.84254455566406,155.06900024414062,7770.86083984375,0.0531189851462841,0.11823403090238571,-,-,-,-,-
1,3072,234.05270385742188,155.88722229003906,7811.0888671875,0.045320719480514526,0.0928318127989769,-,-,-,-,-
1,3200,260.5638427734375,173.51373291015625,8697.96484375,0.0583919920027256,0.12093255668878555,274.62841796875,182.8725128173828,9170.3115234375,0.044648632407188416,0.08157919347286224
1,3328,262.41412353515625,174.7638397216797,8759.048828125,0.05203207582235336,0.07773209363222122,-,-,-,-,-
1,3456,264.5074462890625,176.15155029296875,8830.5439453125,0.041159648448228836,0.09318874776363373,-,-,-,-,-
1,3584,262.3791809082031,174.75088500976562,8758.72265625,0.03467194363474846,0.0640973374247551,-,-,-,-,-
1,3712,268.5404357910156,178.8489990234375,8964.8876953125,0.035298075526952744,0.07248017191886902,-,-,-,-,-
1,3840,267.453125,178.12490844726562,8928.6279296875,0.03516444191336632,0.06784246116876602,273.22161865234375,181.93722534179688,9123.619140625,0.04117385670542717,0.07047824561595917
1,3968,270.38336181640625,180.05923461914062,9027.9365234375,0.03860893473029137,0.061789367347955704,-,-,-,-,-
1,4096,255.7329559326172,170.30914306640625,8537.796875,0.039856988936662674,0.05990161374211311,-,-,-,-,-
1,4224,267.737060546875,178.304443359375,8938.625,0.04044455662369728,0.05954241380095482,-,-,-,-,-
1,4352,248.87159729003906,165.7421112060547,8308.361328125,0.04078077897429466,0.05098242312669754,-,-,-,-,-
1,4480,295.97283935546875,197.0638885498047,9885.8359375,0.04533756151795387,0.052620064467191696,271.8759765625,181.02679443359375,9080.6943359375,0.03638308867812157,0.05861219763755798
1,4608,294.2513122558594,195.90823364257812,9829.0166015625,0.04854709655046463,0.04351785033941269,-,-,-,-,-
1,4736,310.6111145019531,206.79861450195312,10377.375,0.03351403400301933,0.05261470749974251,-,-,-,-,-
1,4864,301.3929443359375,200.66387939453125,10068.51953125,0.0380236953496933,0.058631449937820435,-,-,-,-,-
1,4992,339.4950256347656,226.00808715820312,11343.0263671875,0.051949601620435715,0.04731405898928642,-,-,-,-,-
1,5120,360.3226318359375,239.84202575683594,12040.744140625,0.06782090663909912,0.0537990927696228,270.7442626953125,180.2581787109375,9044.658203125,0.03397088870406151,0.05535220354795456
1,5248,348.3805847167969,231.90127563476562,11642.0966796875,0.0535275973379612,0.048069559037685394,-,-,-,-,-
1,5376,341.05322265625,227.02622985839844,11396.1513671875,0.060222990810871124,0.05292103439569473,-,-,-,-,-
1,5504,466.379150390625,310.3684387207031,15593.2001953125,0.07497277855873108,0.03746744617819786,-,-,-,-,-
1,5632,409.8632507324219,272.79638671875,13702.791015625,0.034780506044626236,0.041821595281362534,-,-,-,-,-
1,5760,361.81695556640625,240.8296661376953,12094.255859375,0.04017553851008415,0.04586120694875717,269.3132629394531,179.29592895507812,8998.05078125,0.03226937726140022,0.045827582478523254
1,5888,440.6460266113281,293.26129150390625,14733.8251953125,0.04238838702440262,0.041029974818229675,-,-,-,-,-
1,6016,371.9888000488281,247.59414672851562,12435.03125,0.03963412344455719,0.04696140065789223,-,-,-,-,-
1,6144,372.0062255859375,247.59832763671875,12436.169921875,0.04140353202819824,0.04806440323591232,-,-,-,-,-
1,6272,445.6869201660156,296.6033935546875,14901.5810546875,0.06365575641393661,0.04073458909988403,-,-,-,-,-
1,6400,456.9624938964844,304.102783203125,15279.7734375,0.057078562676906586,0.04928058758378029,267.84661865234375,178.30848693847656,8950.15625,0.031715456396341324,0.04854700341820717
1,6528,481.7212829589844,320.5670166015625,16108.70703125,0.06333911418914795,0.038726817816495895,-,-,-,-,-
1,6656,449.1011657714844,298.8802795410156,15016.16015625,0.054312653839588165,0.04964947700500488,-,-,-,-,-
1,6784,390.2883605957031,259.7494812011719,13047.9833984375,0.054525282233953476,0.045294757932424545,-,-,-,-,-
1,6912,501.96954345703125,334.0363464355469,16788.064453125,0.04823463410139084,0.04307038336992264,-,-,-,-,-
1,7040,376.35223388671875,250.4984130859375,12581.6181640625,0.03311590477824211,0.04543830081820488,266.3176574707031,177.28836059570312,8899.20703125,0.032658156007528305,0.04582235962152481
1,7168,354.7471008300781,236.12789916992188,11858.3076171875,0.0325784906744957,0.03528088703751564,-,-,-,-,-
1,7296,349.3681640625,232.5362091064453,11678.4814453125,0.0421869270503521,0.04986003413796425,-,-,-,-,-
1,7424,336.9237976074219,224.23973083496094,11263.369140625,0.045422833412885666,0.04968556761741638,-,-,-,-,-
1,7552,311.0251159667969,207.02381896972656,10394.6943359375,0.049399737268686295,0.04949900507926941,-,-,-,-,-
1,7680,268.1873779296875,178.5458221435547,8961.7626953125,0.018843652680516243,0.05082515627145767,264.44903564453125,176.0322723388672,8837.94921875,0.03271244093775749,0.045622892677783966
1,7808,265.19781494140625,176.56954956054688,8860.5048828125,0.018443048000335693,0.048014380037784576,-,-,-,-,-
1,7936,292.576171875,194.7741241455078,9777.556640625,0.021891336888074875,0.04599808156490326,-,-,-,-,-
1,8064,271.0574035644531,180.4524383544922,9057.958984375,0.021089889109134674,0.04263370484113693,-,-,-,-,-
1,8192,285.6098327636719,190.14369201660156,9544.0390625,0.0218659620732069,0.038684602826833725,-,-,-,-,-
1,8320,300.8046569824219,200.2527618408203,10053.0009765625,0.017056841403245926,0.048139169812202454,262.8329772949219,174.94671630859375,8784.5224609375,0.035741280764341354,0.05303487181663513
1,8448,270.3014221191406,179.9619598388672,9032.0771484375,0.014336851425468922,0.04371054843068123,-,-,-,-,-
1,8576,301.9378356933594,201.00596618652344,10091.265625,0.015312092378735542,0.03893953934311867,-,-,-,-,-
1,8704,283.1004638671875,188.47633361816406,9460.720703125,0.013676084578037262,0.03238380327820778,-,-,-,-,-
1,8832,276.9942932128906,184.39715576171875,9257.630859375,0.016536042094230652,0.04297741502523422,-,-,-,-,-
1,8960,263.9090270996094,175.69827270507812,8819.30859375,0.01407645083963871,0.03610915690660477,260.7575378417969,173.56285095214844,8715.7802734375,0.03226732090115547,0.046435337513685226
1,9088,263.4314270019531,175.3730010986328,8803.6015625,0.018137920647859573,0.0430321991443634,-,-,-,-,-
1,9216,259.3578186035156,172.6668701171875,8666.900390625,0.01771111786365509,0.042413096874952316,-,-,-,-,-
1,9344,378.5403137207031,251.9080352783203,12653.7900390625,0.09039760380983353,0.03990131616592407,-,-,-,-,-
1,9472,223.77142333984375,148.9937286376953,7475.04296875,0.02427833154797554,0.029965445399284363,-,-,-,-,-
1,9600,215.9760284423828,143.78225708007812,7216.15185546875,0.029302051290869713,0.02959800511598587,258.6049499511719,172.1282501220703,8644.322265625,0.030596569180488586,0.028806302696466446
1,9728,257.8898620605469,171.6775360107422,8618.5849609375,0.023826850578188896,0.02666373923420906,-,-,-,-,-
1,9856,286.36419677734375,190.6136016845703,9572.083984375,0.02761680819094181,0.021298443898558617,-,-,-,-,-
1,9984,270.6197204589844,180.16619873046875,9042.43359375,0.02683895453810692,0.023688431829214096,-,-,-,-,-
1,10112,233.33441162109375,155.34881591796875,7795.9970703125,0.023343505337834358,0.022826246917247772,-,-,-,-,-
1,10240,256.55694580078125,170.78726196289062,8574.67578125,0.020974600687623024,0.019641650840640068,256.30560302734375,170.59429931640625,8568.0478515625,0.029104681685566902,0.01715526357293129
1,10368,256.7693176269531,170.92413330078125,8582.830078125,0.015113044530153275,0.017745748162269592,-,-,-,-,-
1,10496,253.13198852539062,168.48544311523438,8462.75,0.017492754384875298,0.015585589222609997,-,-,-,-,-
1,10624,252.73753356933594,168.22265625,8448.994140625,0.023341087624430656,0.01598634384572506,-,-,-,-,-
1,10752,252.3162384033203,167.9296875,8434.9453125,0.035766199231147766,0.013306227512657642,-,-,-,-,-
1,10880,271.3883056640625,180.63082885742188,9072.529296875,0.031172560527920723,0.010441194288432598,254.12855529785156,169.14254760742188,8495.7373046875,0.02748009003698826,0.011542999185621738
1,11008,281.0841064453125,187.06434631347656,9399.396484375,0.024412063881754875,0.013640456832945347,-,-,-,-,-
1,11136,271.5099792480469,180.67909240722656,9079.0654296875,0.038759298622608185,0.014917520806193352,-,-,-,-,-
1,11264,279.0362548828125,185.71694946289062,9329.732421875,0.02067681960761547,0.012891439720988274,-,-,-,-,-
1,11392,276.4007263183594,183.9419403076172,9243.728515625,0.02039637602865696,0.011175977997481823,-,-,-,-,-
1,11520,246.54019165039062,164.10494995117188,8241.521484375,0.018675440922379494,0.01349936705082655,251.42202758789062,167.34365844726562,8404.9345703125,0.02792658656835556,0.011032412759959698
1,11648,232.9796905517578,155.08169555664062,7787.68359375,0.020143399015069008,0.010281440801918507,-,-,-,-,-
1,11776,226.7855224609375,150.9498748779297,7581.23095703125,0.02243424765765667,0.009111274965107441,-,-,-,-,-
1,11904,230.25669860839844,153.25732421875,7695.6533203125,0.041983213275671005,0.008764619007706642,-,-,-,-,-
1,12032,240.37457275390625,159.99591064453125,8035.0205078125,0.02753426507115364,0.0093122823163867,-,-,-,-,-
1,12160,265.3701171875,176.6259765625,8871.2587890625,0.03078792802989483,0.007562208455055952,248.56072998046875,165.43638610839844,8309.5810546875,0.027635017409920692,0.009045885875821114
1,12288,259.6949157714844,172.82986450195312,8683.30859375,0.031199699267745018,0.00767360907047987,-,-,-,-,-
1,12416,272.41192626953125,181.28994750976562,9109.029296875,0.030757512897253036,0.009087463840842247,-,-,-,-,-
1,12544,266.9980773925781,177.68287658691406,8928.3818359375,0.030680615454912186,0.007213667035102844,-,-,-,-,-
1,12672,230.95138549804688,153.7184600830078,7720.5400390625,0.026891808956861496,0.006344963796436787,-,-,-,-,-
1,12800,234.7053985595703,156.20645141601562,7846.84423828125,0.0297622699290514,0.007341898512095213,245.79171752929688,163.5773468017578,8218.55859375,0.02801489271223545,0.007557395379990339
1,12928,249.2725372314453,165.9105987548828,8333.61328125,0.025225937366485596,0.005857513751834631,-,-,-,-,-
1,13056,251.9766387939453,167.71881103515625,8423.869140625,0.018442561849951744,0.006933652330189943,-,-,-,-,-
1,13184,274.778564453125,182.89088439941406,9186.2763671875,0.024222124367952347,0.006830250844359398,-,-,-,-,-
1,13312,265.24896240234375,176.5434112548828,8868.173828125,0.02314809523522854,0.006411583162844181,-,-,-,-,-
1,13440,260.2413024902344,173.19659423828125,8701.4189453125,0.02986779622733593,0.006426034960895777,243.2576141357422,161.86721801757812,8136.24609375,0.027353854849934578,0.005849125329405069
1,13568,256.40069580078125,170.63861083984375,8574.2373046875,0.019255874678492546,0.004629712086170912,-,-,-,-,-
1,13696,255.39390563964844,169.9766082763672,8539.705078125,0.019653260707855225,0.005892641842365265,-,-,-,-,-
1,13824,247.9176025390625,164.9983673095703,8289.7294921875,0.0214235819876194,0.005205782596021891,-,-,-,-,-
1,13952,254.63343811035156,169.44862365722656,8516.41796875,0.02007550187408924,0.00558383297175169,-,-,-,-,-
1,14080,251.74754333496094,167.53271484375,8419.2978515625,0.021308453753590584,0.005430581048130989,239.87716674804688,159.59976196289062,8025.0634765625,0.02639530785381794,0.0036912572104483843
1,14208,235.40440368652344,156.64720153808594,7873.65869140625,0.02012621983885765,0.004837351385504007,-,-,-,-,-
1,14336,235.28875732421875,156.57431030273438,7869.06298828125,0.02338184416294098,0.004478126764297485,-,-,-,-,-
1,14464,236.1448211669922,157.13819885253906,7897.76953125,0.028490712866187096,0.0044149900786578655,-,-,-,-,-
1,14592,231.8163299560547,154.2473907470703,7754.0546875,0.02802855707705021,0.0037194243632256985,-,-,-,-,-
1,14720,247.66258239746094,164.78213500976562,8285.47265625,0.025450754910707474,0.0027204900979995728,236.50497436523438,157.3476104736328,7912.89013671875,0.028069190680980682,0.0038926717825233936
1,14848,258.3754577636719,171.91152954101562,8643.6083984375,0.027593910694122314,0.002858067862689495,-,-,-,-,-
1,14976,269.4274597167969,179.26266479492188,9014.2470703125,0.02198459953069687,0.0034801363945007324,-,-,-,-,-
1,15104,260.2167663574219,173.12274169921875,8706.9248046875,0.02451018989086151,0.0028021521866321564,-,-,-,-,-
1,15232,254.20166015625,169.12188720703125,8505.4501953125,0.02500365674495697,0.0025628956500440836,-,-,-,-,-
1,15360,230.6192169189453,153.42970275878906,7716.5185546875,0.024082032963633537,0.0026459856890141964,233.0672149658203,155.0500030517578,7798.939453125,0.027540063485503197,0.0028037140145897865
1,15488,258.21490478515625,171.7823944091797,8641.005859375,0.02224411629140377,0.0021820068359375,-,-,-,-,-
1,15616,234.9578399658203,156.34194946289062,7859.87255859375,0.01699656993150711,0.001739166327752173,-,-,-,-,-
1,15744,234.70697021484375,156.15878295898438,7853.15771484375,0.01641206629574299,0.0018496843986213207,-,-,-,-,-
1,15872,236.80482482910156,157.56199645996094,7922.9560546875,0.013124404475092888,0.0013857661979272962,-,-,-,-,-
1,16000,234.68035888671875,156.1428680419922,7852.09912109375,0.016379034146666527,0.0014488724991679192,229.5745086669922,152.71324157714844,7683.41943359375,0.026930203661322594,0.0015144621720537543
1,16128,234.91152954101562,156.28492736816406,7860.31396484375,0.023316187784075737,0.0015326340217143297,-,-,-,-,-
1,16256,281.7851257324219,187.44436645507812,9431.3525390625,0.027133051306009293,0.0013629511231556535,-,-,-,-,-
1,16384,257.55322265625,171.3322296142578,8619.3818359375,0.027046270668506622,0.0010755292605608702,-,-,-,-,-
1,16512,266.8623046875,177.51263427734375,8931.8291015625,0.031265221536159515,0.0011637405259534717,-,-,-,-,-
1,16640,256.17034912109375,170.42425537109375,8572.1376953125,0.02459750697016716,0.001140547334216535,225.3690643310547,149.91436767578125,7542.7490234375,0.02706645242869854,0.0013197908410802484
1,16768,294.56292724609375,195.95550537109375,9857.943359375,0.027882138267159462,0.001016648719087243,-,-,-,-,-
1,16896,218.04632568359375,145.09756469726562,7293.19189453125,0.016741005703806877,0.0010773955145850778,-,-,-,-,-
1,17024,216.2452392578125,143.9078369140625,7231.92529296875,0.018051747232675552,0.0010009169345721602,-,-,-,-,-
1,17152,213.9768524169922,142.39166259765625,7156.515625,0.019939573481678963,0.0008789233979769051,-,-,-,-,-
1,17280,247.24087524414062,164.4867706298828,8272.61328125,0.02791500650346279,0.0008319306652992964,221.0186309814453,147.03038024902344,7396.1357421875,0.026799308136105537,0.001085764029994607
1,17408,259.59112548828125,172.70663452148438,8685.578125,0.02861417643725872,0.0009509979281574488,-,-,-,-,-
1,17536,258.39910888671875,171.89776611328125,8646.6943359375,0.03431044518947601,0.0009274192852899432,-,-,-,-,-
1,17664,239.48568725585938,159.33331298828125,8012.47412109375,0.027531800791621208,0.0010398693848401308,-,-,-,-,-
1,17792,228.921630859375,152.29408264160156,7659.46533203125,0.032810281962156296,0.000973533489741385,-,-,-,-,-
1,17920,227.50909423828125,151.34744262695312,7612.96728515625,0.0318843312561512,0.0009281441452912986,216.8289794921875,144.2456817626953,7255.74365234375,0.025782469660043716,0.0008152230875566602
1,18048,214.0464630126953,142.39669799804688,7161.84716796875,0.03120642527937889,0.0008826027042232454,-,-,-,-,-
1,18176,219.24945068359375,145.8407745361328,7337.1494140625,0.03707229346036911,0.0009974139975383878,-,-,-,-,-
1,18304,240.5136260986328,159.98190307617188,8050.10205078125,0.0306092482060194,0.0008887382573448122,-,-,-,-,-
1,18432,247.01100158691406,164.29820251464844,8268.169921875,0.03102015145123005,0.0008623868343420327,-,-,-,-,-
1,18560,230.64329528808594,153.41539001464844,7719.91650390625,0.02864375151693821,0.0008856792119331658,211.89234924316406,140.9536590576172,7091.11279296875,0.02749255858361721,0.0007962981471791863
1,18688,229.737060546875,152.81292724609375,7688.4501953125,0.03955881670117378,0.0008148062042891979,-,-,-,-,-
1,18816,234.4993133544922,155.97386169433594,7847.70458984375,0.048341475427150726,0.0007486844551749527,-,-,-,-,-
1,18944,228.7336883544922,152.15292358398438,7654.8486328125,0.03220543637871742,0.0005757531616836786,-,-,-,-,-
1,19072,232.50645446777344,154.68209838867188,7778.509765625,0.03920701518654823,0.0006849325727671385,-,-,-,-,-
1,19200,234.29852294921875,155.87269592285156,7838.85498046875,0.037179477512836456,0.0008546251920051873,206.79124450683594,137.57655334472656,6918.41796875,0.030413733795285225,0.000848044699523598
1,19328,233.4613037109375,155.32022094726562,7811.291015625,0.028106816112995148,0.0006811322527937591,-,-,-,-,-
1,19456,209.89891052246094,139.6609344482422,7020.52587890625,0.03263168781995773,0.00089574622688815,-,-,-,-,-
1,19584,189.47799682617188,126.09668731689453,6335.38671875,0.027354996651411057,0.0007700760033912957,-,-,-,-,-
1,19712,185.79782104492188,123.63883209228516,6212.41943359375,0.03470364585518837,0.0009747463627718389,-,-,-,-,-
1,19840,182.72592163085938,121.58193969726562,6109.10498046875,0.052832771092653275,0.0010466811945661902,201.2863311767578,133.9510040283203,6730.8779296875,0.026437504217028618,0.0010245536686852574
1,19968,221.90972900390625,147.6646728515625,7420.13916015625,0.04356338456273079,0.0010868790559470654,-,-,-,-,-
1,20096,262.1368408203125,174.4171905517578,8768.38671875,0.035661183297634125,0.0007691315840929747,-,-,-,-,-
1,20224,240.28675842285156,159.890380859375,8035.67333984375,0.0395348034799099,0.0010930655989795923,-,-,-,-,-
1,20352,268.6099548339844,178.74267578125,8984.4033203125,0.02312290295958519,0.0011981502175331116,-,-,-,-,-
1,20480,283.6417541503906,188.72640991210938,9488.671875,0.0285323578864336,0.001040724921040237,195.25624084472656,129.95773315429688,6527.130859375,0.0270904041826725,0.0012062366586178541
1,20608,253.17030334472656,168.4723663330078,8466.951171875,0.02830788679420948,0.0011551796924322844,-,-,-,-,-
1,20736,184.56117248535156,122.84910583496094,6167.79638671875,0.0339779406785965,0.0011681088944897056,-,-,-,-,-
1,20864,187.84327697753906,125.0423812866211,6276.98974609375,0.030888250097632408,0.0010080875363200903,-,-,-,-,-
1,20992,182.6470184326172,121.57624816894531,6105.88427734375,0.011775175109505653,0.0014996754471212626,-,-,-,-,-
1,21120,194.7480926513672,129.63511657714844,6510.166015625,0.011164620518684387,0.0014282717602327466,188.7520294189453,125.62966918945312,6309.5849609375,0.026363326236605644,0.001312161679379642
1,21248,191.77671813964844,127.65413665771484,6411.28662109375,0.00960440095514059,0.001294426154345274,-,-,-,-,-
1,21376,186.54800415039062,124.16918182373047,6237.01904296875,0.008521042764186859,0.0011700040195137262,-,-,-,-,-
1,21504,190.48985290527344,126.7788314819336,6369.67626953125,0.014147932641208172,0.0012497380375862122,-,-,-,-,-
1,21632,198.00413513183594,131.78607177734375,6620.8466796875,0.009461208246648312,0.0013938198098912835,-,-,-,-,-
1,21760,195.71543884277344,130.26123046875,6544.00244140625,0.014061810448765755,0.0010298085398972034,183.02915954589844,121.81343078613281,6118.88427734375,0.026760997250676155,0.001146053895354271
1,21888,196.7660369873047,130.9513397216797,6579.88671875,0.01573396660387516,0.000881875108461827,-,-,-,-,-
1,22016,192.94320678710938,128.41160583496094,6452.18798828125,0.009621825069189072,0.0009245440596714616,-,-,-,-,-
1,22144,176.31935119628906,117.35035705566406,5895.5458984375,0.013461296446621418,0.0007056515314616263,-,-,-,-,-
1,22272,155.37899780273438,103.41907501220703,5194.10302734375,0.01872969977557659,0.0016175371129065752,-,-,-,-,-
1,22400,156.04022216796875,103.86041259765625,5216.41015625,0.015576330944895744,0.0014416549820452929,176.05494689941406,117.16390991210938,5886.3486328125,0.027372989803552628,0.001800511498004198
1,22528,153.93106079101562,102.44654846191406,5146.11572265625,0.023259056732058525,0.0010592915350571275,-,-,-,-,-
1,22656,182.57394409179688,121.49879455566406,6105.68701171875,0.018139507621526718,0.0014239996671676636,-,-,-,-,-
1,22784,195.65879821777344,130.20880126953125,6543.876953125,0.011066101491451263,0.0016750253271311522,-,-,-,-,-
1,22912,232.75662231445312,154.8801727294922,7786.66650390625,0.00968893337994814,0.0010972353629767895,-,-,-,-,-
1,23040,194.34129333496094,129.3195343017578,6500.67578125,0.014892683364450932,0.0010761846788227558,169.8446044921875,113.01145935058594,5680.69970703125,0.026044074445962906,0.0009964342461898923
1,23168,201.0919189453125,133.80117797851562,6727.72021484375,0.013440774753689766,0.00103045126888901,-,-,-,-,-
1,23296,153.88153076171875,102.38693237304688,5147.59765625,0.01851034164428711,0.0010215877555310726,-,-,-,-,-
1,23424,175.7794647216797,116.94964599609375,5880.67724609375,0.022960497066378593,0.0009221350774168968,-,-,-,-,-
1,23552,155.13345336914062,103.2198486328125,5188.703125,0.02650158852338791,0.0007239810074679554,-,-,-,-,-
1,23680,194.94638061523438,129.7199249267578,6520.703125,0.019383195787668228,0.0005101105198264122,163.3939971923828,108.70365142822266,5466.51123046875,0.0251859612762928,0.0004212029161863029
1,23808,180.78480529785156,120.28246307373047,6047.98388671875,0.022442108020186424,0.0006311270990408957,-,-,-,-,-
1,23936,266.5059814453125,177.32546997070312,8914.9228515625,0.031242026016116142,0.00045077118556946516,-,-,-,-,-
1,24064,223.27227783203125,148.54278564453125,7469.39404296875,0.03549513965845108,0.0006749785970896482,-,-,-,-,-
1,24192,183.48341369628906,122.06903076171875,6138.689453125,0.0273993331938982,0.000714239664375782,-,-,-,-,-
1,24320,157.44374084472656,104.75545501708984,5265.41064453125,0.03412575647234917,0.0006562974886037409,156.39744567871094,104.03925323486328,5233.1171875,0.02694396860897541,0.00075769197428599
1,24448,147.60775756835938,98.1988754272461,4938.00390625,0.028767172247171402,0.0007502802764065564,-,-,-,-,-
1,24576,150.8328399658203,100.3608627319336,5044.8125,0.023777669295668602,0.000809738296084106,-,-,-,-,-
1,24704,159.91537475585938,106.3897933959961,5348.8720703125,0.03680809214711189,0.0006148636457510293,-,-,-,-,-
1,24832,171.8035888671875,114.29483795166016,5746.97998046875,0.038892846554517746,0.0005488837487064302,-,-,-,-,-
1,24960,159.22250366210938,105.91741943359375,5326.41845703125,0.04084547981619835,0.00044406979577615857,148.8900604248047,99.04183197021484,4982.26171875,0.02556634321808815,0.0005042318953201175
1,25088,169.41781616210938,112.70030212402344,5666.236328125,0.05509870499372482,0.0004091133887413889,-,-,-,-,-
1,25216,155.35870361328125,103.35108184814453,5197.00341796875,0.03756161406636238,0.00036342660314403474,-,-,-,-,-
1,25344,141.51406860351562,94.1336898803711,4735.462890625,0.025705702602863312,0.0004302015295252204,-,-,-,-,-
1,25472,156.11912536621094,103.85088348388672,5223.623046875,0.03196661174297333,0.00045910797780379653,-,-,-,-,-
1,25600,127.71207427978516,84.95890045166016,4272.673828125,0.02638266608119011,0.0004994440823793411,142.6486358642578,94.89713287353516,4772.6015625,0.025441115722060204,0.0006229050923138857
1,25728,161.59349060058594,107.5102767944336,5405.9853515625,0.023291440680623055,0.0007247781613841653,-,-,-,-,-
1,25856,128.882080078125,85.74400329589844,4310.69189453125,0.031058691442012787,0.0010255328379571438,-,-,-,-,-
1,25984,155.22348022460938,103.2724838256836,5192.00048828125,0.030886949971318245,0.0010624045971781015,-,-,-,-,-
1,26112,152.7408447265625,101.61672973632812,5108.716796875,0.03686920925974846,0.0008733481517992914,-,-,-,-,-
1,26130,135.22572326660156,89.97166442871094,4520.03076171875,0.053638607263565063,0.001220290083438158,133.77285766601562,89.00133514404297,4474.54345703125,0.026013929396867752,0.0008266750955954194
2,128,148.9229278564453,99.09273529052734,4980.44921875,0.025625284761190414,0.0007550260634161532,-,-,-,-,-
2,256,148.7570037841797,98.97413635253906,4975.32177734375,0.029553385451436043,0.0009538699523545802,-,-,-,-,-
2,384,149.0664520263672,99.1886978149414,4985.1533203125,0.026129893958568573,0.0011054318165406585,-,-,-,-,-
2,512,138.444580078125,92.1226577758789,4629.490234375,0.026934951543807983,0.0009685800760053098,-,-,-,-,-
2,640,157.63511657714844,104.88452911376953,5272.1103515625,0.029368406161665916,0.0011198122519999743,141.63836669921875,94.2508316040039,4735.95458984375,0.027911322191357613,0.0007586073479615152
2,768,137.47373962402344,91.4750747680664,4597.19873046875,0.026617787778377533,0.0007648317259736359,-,-,-,-,-
2,896,151.11802673339844,100.54620361328125,5054.28125,0.02893965318799019,0.0006517195724882185,-,-,-,-,-
2,1024,139.11546325683594,92.56219482421875,4652.65380859375,0.026667801663279533,0.0006830939091742039,-,-,-,-,-
2,1152,148.7217559814453,98.95299530029297,4974.21533203125,0.026559237390756607,0.0004356583522167057,-,-,-,-,-
2,1280,149.9213104248047,99.75244903564453,5014.306640625,0.025737181305885315,0.0005892490735277534,136.98806762695312,91.14395904541016,4581.42236328125,0.02980067767202854,0.0007833150448277593
2,1408,138.68052673339844,92.2713394165039,4638.216796875,0.026967188343405724,0.0005684541538357735,-,-,-,-,-
2,1536,130.38894653320312,86.75928497314453,4360.27392578125,0.02683953568339348,0.0007278289413079619,-,-,-,-,-
2,1664,139.68704223632812,92.9511489868164,4670.79638671875,0.02785647101700306,0.0005553136579692364,-,-,-,-,-
2,1792,133.14854431152344,88.60054016113281,4451.90673828125,0.028894145041704178,0.0005245787906460464,-,-,-,-,-
2,1920,133.30157470703125,88.70419311523438,4456.87451171875,0.02859632670879364,0.0005267693777568638,140.60328674316406,93.56077575683594,4701.63037109375,0.02615763433277607,0.0004296958795748651
2,2048,117.40482330322266,78.13648223876953,3924.1689453125,0.02660837024450302,0.00039268253021873534,-,-,-,-,-
2,2176,129.0031280517578,85.84174346923828,4313.39111328125,0.027429914101958275,0.0004854840226471424,-,-,-,-,-
2,2304,117.45941162109375,78.1706314086914,3926.184326171875,0.026901522651314735,0.0004140801611356437,-,-,-,-,-
2,2432,115.42684173583984,76.81314849853516,3858.9189453125,0.024463001638650894,0.0004776307614520192,-,-,-,-,-
2,2560,125.4771957397461,83.496337890625,4195.2275390625,0.028550025075674057,0.0004158728988841176,118.18626403808594,78.64593505859375,3951.330322265625,0.026984842494130135,0.00036208622623234987
2,2688,118.50141906738281,78.8579330444336,3961.623046875,0.02719072811305523,0.0006238747155293822,-,-,-,-,-
2,2816,115.9830093383789,77.17542266845703,3877.955078125,0.02799457497894764,0.00048634939594194293,-,-,-,-,-
2,2944,115.57659912109375,76.91107177734375,3863.724853515625,0.028226660564541817,0.00046854777610860765,-,-,-,-,-
2,3072,117.33444213867188,78.0772933959961,3922.810302734375,0.029000548645853996,0.00046130779082886875,-,-,-,-,-
2,3200,109.16322326660156,72.64665985107422,3649.02294921875,0.026292206719517708,0.00047906837426126003,108.82487487792969,72.42068481445312,3637.55859375,0.028564855456352234,0.0004365714848972857
2,3328,124.75164031982422,83.01341247558594,4170.91259765625,0.029061708599328995,0.00045577192213386297,-,-,-,-,-
2,3456,122.47113037109375,81.51010131835938,4092.956298828125,0.03142726421356201,0.00040275114588439465,-,-,-,-,-
2,3584,121.44661712646484,80.82958221435547,4058.8271484375,0.02871529757976532,0.00046913325786590576,-,-,-,-,-
2,3712,120.14413452148438,79.96493530273438,4015.221435546875,0.02695355750620365,0.000294939789455384,-,-,-,-,-
2,3840,99.65276336669922,66.33551788330078,3328.89111328125,0.028289932757616043,0.0004942258237861097,96.88611602783203,64.49535369873047,3236.53369140625,0.02538308873772621,0.00043333013309165835
2,3968,109.18954467773438,72.68324279785156,3648.22412109375,0.024043384939432144,0.00024373579071834683,-,-,-,-,-
2,4096,114.08085632324219,75.93622589111328,3811.7021484375,0.027574554085731506,0.00036035189987160265,-,-,-,-,-
2,4224,101.16019439697266,67.33604431152344,3379.209716796875,0.03200530633330345,0.0004331070522312075,-,-,-,-,-
2,4352,86.8398666381836,57.808109283447266,2900.36962890625,0.028016066178679466,0.000482977950014174,-,-,-,-,-
2,4480,97.2743148803711,64.75057220458984,3249.57861328125,0.027914168313145638,0.0004539466754067689,94.33842468261719,62.79481887817383,3151.478515625,0.028784863650798798,0.0003469219373073429
2,4608,105.84098815917969,70.45128631591797,3536.1962890625,0.02770036831498146,0.00035767126246355474,-,-,-,-,-
2,4736,101.04779815673828,67.2645492553711,3375.70751953125,0.026149358600378036,0.000275252154096961,-,-,-,-,-
2,4864,92.604736328125,61.64800262451172,3092.74658203125,0.029233889654278755,0.00033025044831447303,-,-,-,-,-
2,4992,95.519775390625,63.58354187011719,3190.94970703125,0.026694610714912415,0.0004184105491731316,-,-,-,-,-
2,5120,82.34864807128906,54.820716857910156,2750.07470703125,0.027134958654642105,0.00043551763519644737,89.46166229248047,59.547725677490234,2988.69921875,0.026895858347415924,0.0005434811464510858
2,5248,84.7743911743164,56.4273567199707,2831.848388671875,0.028498845174908638,0.0005414822371676564,-,-,-,-,-
2,5376,83.25188446044922,55.40962600708008,2781.43603515625,0.027857068926095963,0.0004798869485966861,-,-,-,-,-
2,5504,87.19718170166016,58.036521911621094,2913.64990234375,0.024124467745423317,0.0003869369684252888,-,-,-,-,-
2,5632,78.31812286376953,52.13277053833008,2615.85302734375,0.026764603331685066,0.0006006481125950813,-,-,-,-,-
2,5760,83.92831420898438,55.86689758300781,2803.0556640625,0.030796773731708527,0.0006212721345946193,90.52896881103516,60.26084899902344,3024.077880859375,0.027314363047480583,0.00033279447234235704
2,5888,76.6240463256836,51.01286315917969,2558.3837890625,0.02730594575405121,0.000346064887708053,-,-,-,-,-
2,6016,78.17564392089844,52.04653549194336,2610.4365234375,0.024714482948184013,0.0003186232643201947,-,-,-,-,-
2,6144,87.5796890258789,58.294734954833984,2925.58544921875,0.029059648513793945,0.0003765517030842602,-,-,-,-,-
2,6272,82.54830169677734,54.94780349731445,2757.10107421875,0.029431944712996483,0.0005558457341976464,-,-,-,-,-
2,6400,72.18804168701172,48.055076599121094,2410.584716796875,0.027069710195064545,0.0005438532098196447,74.79109191894531,49.78634262084961,2497.3427734375,0.031278304755687714,0.00046315553481690586
2,6528,78.2684326171875,52.10016632080078,2613.81787109375,0.030032342299818993,0.000619736616499722,-,-,-,-,-
2,6656,64.59544372558594,43.002071380615234,2156.514404296875,0.02818070724606514,0.00047736859414726496,-,-,-,-,-
2,6784,80.5140380859375,53.594017028808594,2689.04248046875,0.02955831028521061,0.00039179378654807806,-,-,-,-,-
2,6912,78.13777923583984,52.00462341308594,2610.62158203125,0.026893947273492813,0.00047256838297471404,-,-,-,-,-
2,7040,72.01154327392578,47.92326736450195,2405.930419921875,0.028913589194417,0.0005337048787623644,62.74224853515625,41.763370513916016,2095.361328125,0.025219455361366272,0.0004630681942217052
2,7168,71.87162780761719,47.83858871459961,2400.74267578125,0.025575358420610428,0.00037246293504722416,-,-,-,-,-
2,7296,74.49295043945312,49.58442687988281,2488.1455078125,0.027041275054216385,0.0003422302834223956,-,-,-,-,-
2,7424,72.12779998779297,48.01034927368164,2409.0625,0.026791634038090706,0.0002770104620140046,-,-,-,-,-
2,7552,67.02153778076172,44.6093635559082,2238.4072265625,0.02806507609784603,0.0003360631235409528,-,-,-,-,-
2,7680,59.68982696533203,39.728939056396484,1993.253662109375,0.028306344524025917,0.00045527133625000715,62.197811126708984,41.39871597290039,2077.170166015625,0.027356401085853577,0.0003998945758212358
2,7808,61.1394157409668,40.69251251220703,2041.8792724609375,0.028049157932400703,0.0006046239286661148,-,-,-,-,-
2,7936,55.3929557800293,36.87236404418945,1849.564453125,0.024884823709726334,0.0006326467846520245,-,-,-,-,-
2,8064,56.96257019042969,37.922550201416016,1901.376708984375,0.026220429688692093,0.00031759138801135123,-,-,-,-,-
2,8192,52.69157791137695,35.07942199707031,1758.711669921875,0.025000598281621933,0.00037278723903000355,-,-,-,-,-
2,8320,71.04217529296875,47.2806510925293,2373.261474609375,0.02886614389717579,0.0003767500165849924,59.68537521362305,39.727294921875,1993.1314697265625,0.02673099748790264,0.0003712654870469123
2,8448,51.009796142578125,33.9541130065918,1702.593505859375,0.02968723140656948,0.0006197877810336649,-,-,-,-,-
2,8576,45.67666244506836,30.406970977783203,1524.3685302734375,0.025960825383663177,0.00045636596041731536,-,-,-,-,-
2,8704,62.790260314941406,41.78927230834961,2097.040283203125,0.030525920912623405,0.0006088169757276773,-,-,-,-,-
2,8832,53.41612243652344,35.5535774230957,1783.7379150390625,0.025121664628386497,0.0004764827899634838,-,-,-,-,-
2,8960,71.09501647949219,47.31393051147461,2375.227783203125,0.02876264601945877,0.00045313755981624126,44.414512634277344,29.563007354736328,1482.6898193359375,0.024569591507315636,0.0003847620391752571
2,9088,55.054786682128906,36.641319274902344,1838.671630859375,0.02671177126467228,0.00039379901136271656,-,-,-,-,-
2,9216,50.116451263427734,33.351165771484375,1673.69873046875,0.028241777792572975,0.0006253517349250615,-,-,-,-,-
2,9344,49.62174606323242,33.02060317993164,1657.0289306640625,0.03079528734087944,0.0005691752885468304,-,-,-,-,-
2,9472,46.94901657104492,31.23847198486328,1568.363525390625,0.026850612834095955,0.0005820889491587877,-,-,-,-,-
2,9600,57.22676086425781,38.07905578613281,1912.0684814453125,0.02697175182402134,0.0005240754690021276,44.886898040771484,29.869836807250977,1498.6114501953125,0.030889980494976044,0.0005654946435242891
2,9728,45.99742126464844,30.608686447143555,1536.0093994140625,0.0285994540899992,0.0004212265193928033,-,-,-,-,-
2,9856,43.04978561401367,28.64988899230957,1437.1119384765625,0.028722694143652916,0.0005533752264454961,-,-,-,-,-
2,9984,43.55683135986328,28.986583709716797,1454.253173828125,0.027673963457345963,0.0004164731071796268,-,-,-,-,-
2,10112,60.601009368896484,40.324275970458984,2024.61279296875,0.030563125386834145,0.0004264018789399415,-,-,-,-,-
2,10240,40.33892059326172,26.84345245361328,1346.818115234375,0.027244655415415764,0.0004198727838229388,55.99053955078125,37.251346588134766,1871.02197265625,0.028930839151144028,0.00045305589446797967
2,10368,46.7441520690918,31.1035099029541,1560.9437255859375,0.0311431922018528,0.0006254905601963401,-,-,-,-,-
2,10496,53.496131896972656,35.59483337402344,1787.1898193359375,0.029351167380809784,0.0005061842384748161,-,-,-,-,-
2,10624,34.72880172729492,23.1108455657959,1159.11865234375,0.02670701965689659,0.0006100044120103121,-,-,-,-,-
2,10752,43.88222885131836,29.198179244995117,1465.5086669921875,0.028906501829624176,0.0005712101701647043,-,-,-,-,-
2,10880,47.89805603027344,31.87290382385254,1599.7733154296875,0.027353661134839058,0.0006509411032311618,41.39896011352539,27.54683494567871,1382.3348388671875,0.028711488470435143,0.0006569366087205708
2,11008,52.891387939453125,35.190528869628906,1767.3570556640625,0.027225270867347717,0.0006338040693663061,-,-,-,-,-
2,11136,46.10158920288086,30.674583435058594,1539.8155517578125,0.028774812817573547,0.000744319986552,-,-,-,-,-
2,11264,48.003292083740234,31.94075584411621,1603.2789306640625,0.029681285843253136,0.0006426441250368953,-,-,-,-,-
2,11392,52.4742546081543,34.91838455200195,1752.677734375,0.029034949839115143,0.0005968543700873852,-,-,-,-,-
2,11520,37.95437240600586,25.257307052612305,1266.9610595703125,0.027396172285079956,0.0005875127390027046,47.38285446166992,31.52863121032715,1582.4169921875,0.029986228793859482,0.0006802549469284713
2,11648,40.42380142211914,26.90237808227539,1349.3896484375,0.0274610947817564,0.0006386959576047957,-,-,-,-,-
2,11776,39.065818786621094,25.998796463012695,1303.7601318359375,0.029345886781811714,0.0007246526656672359,-,-,-,-,-
2,11904,43.15168762207031,28.71339988708496,1440.829345703125,0.029912108555436134,0.0008383664535358548,-,-,-,-,-
2,12032,40.698951721191406,27.08149528503418,1358.963623046875,0.027733230963349342,0.0008934704237617552,-,-,-,-,-
2,12160,37.52880859375,24.975740432739258,1252.706298828125,0.025917867198586464,0.0008773241424933076,38.57292556762695,25.664100646972656,1287.5921630859375,0.03281224146485329,0.0008901857654564083
2,12288,38.3104362487793,25.493656158447266,1278.9798583984375,0.026911702007055283,0.0007046246901154518,-,-,-,-,-
2,12416,34.9831428527832,23.278400421142578,1167.691162109375,0.02775389328598976,0.0007695798994973302,-,-,-,-,-
2,12544,37.65076446533203,25.049196243286133,1257.2379150390625,0.029091600328683853,0.0010011880658566952,-,-,-,-,-
2,12672,31.38027572631836,20.880388259887695,1047.3118896484375,0.02668866142630577,0.000778764602728188,-,-,-,-,-
2,12800,35.09781265258789,23.354040145874023,1171.426513671875,0.029430260881781578,0.0007734948885627091,40.852134704589844,27.181556701660156,1364.1185302734375,0.029309798032045364,0.0008447464206255972
2,12928,39.12240219116211,26.031768798828125,1305.9498291015625,0.031033935025334358,0.001023472286760807,-,-,-,-,-
2,13056,35.90428161621094,23.891164779663086,1198.63671875,0.02667422778904438,0.0007614537607878447,-,-,-,-,-
2,13184,41.787620544433594,27.801054000854492,1395.7333984375,0.029141537845134735,0.0008992648799903691,-,-,-,-,-
2,13312,34.055904388427734,22.65567398071289,1137.2518310546875,0.027622129768133163,0.0009336773655377328,-,-,-,-,-
2,13440,33.647708892822266,22.384557723999023,1123.380859375,0.029264338314533234,0.0008171459776349366,38.71436309814453,25.755943298339844,1293.15087890625,0.026837753131985664,0.0007655714871361852
2,13568,40.53296661376953,26.966678619384766,1353.720703125,0.029019949957728386,0.0006538017769344151,-,-,-,-,-
2,13696,30.41041374206543,20.234216690063477,1014.895751953125,0.02713625878095627,0.0010357131250202656,-,-,-,-,-
2,13824,33.03425598144531,21.97925567626953,1102.694580078125,0.02794923633337021,0.0010377158178016543,-,-,-,-,-
2,13952,43.496368408203125,28.93568992614746,1453.1199951171875,0.02936573512852192,0.001132560078985989,-,-,-,-,-
2,14080,37.122432708740234,24.69927978515625,1239.4991455078125,0.028095915913581848,0.0006834264495410025,34.838966369628906,23.180612564086914,1163.009765625,0.02819063328206539,0.00066542555578053
2,14208,43.78578186035156,29.134424209594727,1462.2203369140625,0.029076583683490753,0.000805020157713443,-,-,-,-,-
2,14336,38.37871170043945,25.532472610473633,1281.5439453125,0.030703702941536903,0.000946547370404005,-,-,-,-,-
2,14464,43.32408142089844,28.819665908813477,1447.5279541015625,0.0290463138371706,0.0009334992500953376,-,-,-,-,-
2,14592,30.076066970825195,20.005449295043945,1004.0653686523438,0.02984524518251419,0.0011868232395499945,-,-,-,-,-
2,14720,44.42240905761719,29.551036834716797,1483.98779296875,0.031385648995637894,0.0010498103220015764,28.237930297851562,18.786832809448242,941.805908203125,0.03294380009174347,0.0009589959518052638
2,14848,33.925048828125,22.569881439208984,1132.5985107421875,0.029070235788822174,0.0011041834950447083,-,-,-,-,-
2,14976,28.274999618530273,18.808120727539062,943.9572143554688,0.02719615027308464,0.001099191140383482,-,-,-,-,-
2,15104,34.474002838134766,22.934877395629883,1151.1634521484375,0.027386590838432312,0.0010597056243568659,-,-,-,-,-
2,15232,43.40887451171875,28.880460739135742,1449.828369140625,0.030000515282154083,0.0013132147723808885,-,-,-,-,-
2,15360,28.93760871887207,19.249622344970703,965.706298828125,0.030771633610129356,0.0015241238288581371,34.46760177612305,22.928068161010742,1151.1402587890625,0.028052546083927155,0.0008045294089242816
2,15488,31.03656768798828,20.645286560058594,1036.17138671875,0.02949068322777748,0.0007618670351803303,-,-,-,-,-
2,15616,29.157846450805664,19.392118453979492,973.073486328125,0.03488902747631073,0.0010449684923514724,-,-,-,-,-
2,15744,33.2283935546875,22.10047721862793,1109.5760498046875,0.032018888741731644,0.0013699221890419722,-,-,-,-,-
2,15872,35.39536666870117,23.546205520629883,1181.9151611328125,0.029903244227170944,0.0010645519942045212,-,-,-,-,-
2,16000,40.38570022583008,26.86198616027832,1349.3900146484375,0.029697692021727562,0.0011541279964148998,31.173160552978516,20.73703384399414,1040.6148681640625,0.029858840629458427,0.0011848846916109324
2,16128,52.318878173828125,34.80390167236328,1748.482421875,0.03006082773208618,0.0009322716505266726,-,-,-,-,-
2,16256,33.87879180908203,22.53493309020996,1131.010009765625,0.033645711839199066,0.001140429638326168,-,-,-,-,-
2,16384,35.97500228881836,23.93235969543457,1201.34033203125,0.02908029407262802,0.0016136125195771456,-,-,-,-,-
2,16512,33.41086959838867,22.226289749145508,1115.9259033203125,0.0252044927328825,0.001197486068122089,-,-,-,-,-
2,16640,37.450645446777344,24.909988403320312,1251.0821533203125,0.029646333307027817,0.0018725673435255885,24.838409423828125,16.521013259887695,828.8846435546875,0.0284372940659523,0.001117300009354949
2,16768,32.07303237915039,21.334726333618164,1070.6976318359375,0.031193962320685387,0.0013692147331312299,-,-,-,-,-
2,16896,30.76943016052246,20.469715118408203,1027.110595703125,0.028523918241262436,0.0008475702488794923,-,-,-,-,-
2,17024,30.936250686645508,20.578092575073242,1032.6405029296875,0.03160082548856735,0.0015268208226189017,-,-,-,-,-
2,17152,42.17518997192383,28.05849838256836,1408.6949462890625,0.029600683599710464,0.0014293354470282793,-,-,-,-,-
2,17280,34.885223388671875,23.209070205688477,1164.4798583984375,0.031182697042822838,0.00174925837200135,22.205663681030273,14.773429870605469,740.374267578125,0.02827528677880764,0.002176211681216955
2,17408,45.14073944091797,30.030336380004883,1508.044677734375,0.02976115606725216,0.0019438726594671607,-,-,-,-,-
2,17536,40.124202728271484,26.696269989013672,1339.8426513671875,0.02933700755238533,0.0016625740099698305,-,-,-,-,-
2,17664,26.212390899658203,17.43859100341797,874.348876953125,0.030122458934783936,0.001896803849376738,-,-,-,-,-
2,17792,47.378665924072266,31.51630210876465,1582.72705078125,0.03485698252916336,0.002313074190169573,-,-,-,-,-
2,17920,32.176265716552734,21.406972885131836,1073.8349609375,0.030826395377516747,0.001179759157821536,36.6787223815918,24.398473739624023,1224.5418701171875,0.03460375592112541,0.0023007371928542852
2,18048,39.772132873535156,26.45551872253418,1328.185791015625,0.03456646949052811,0.0018902173032984138,-,-,-,-,-
2,18176,34.800724029541016,23.151451110839844,1161.810546875,0.030973317101597786,0.001994566060602665,-,-,-,-,-
2,18304,33.62284469604492,22.368640899658203,1122.5374755859375,0.02866530418395996,0.0016386815113946795,-,-,-,-,-
2,18432,35.29994201660156,23.482088088989258,1178.7237548828125,0.03040621615946293,0.0020880235824733973,-,-,-,-,-
2,18560,24.603069305419922,16.3625545501709,820.8990478515625,0.03128776326775551,0.0023710380773991346,20.459144592285156,13.610535621643066,681.7808227539062,0.030564885586500168,0.0023380951024591923
2,18688,24.375337600708008,16.210201263427734,813.3798217773438,0.031094416975975037,0.002452185144647956,-,-,-,-,-
2,18816,19.86353302001953,13.209802627563477,662.0363159179688,0.033145952969789505,0.0022205666173249483,-,-,-,-,-
2,18944,28.345558166503906,18.84743309020996,946.6944580078125,0.03097829408943653,0.0020294704008847475,-,-,-,-,-
2,19072,26.408885955810547,17.563196182250977,881.2608032226562,0.032774537801742554,0.003067970974370837,-,-,-,-,-
2,19200,31.43137550354004,20.904428482055664,1049.521240234375,0.03146900236606598,0.0026573536451905966,46.82141876220703,31.138288497924805,1564.8448486328125,0.03433389961719513,0.003507459769025445
2,19328,47.30458068847656,31.45876693725586,1580.9051513671875,0.03643188998103142,0.00333630689419806,-,-,-,-,-
2,19456,37.341209411621094,24.837053298950195,1246.84033203125,0.03537506237626076,0.003793409327045083,-,-,-,-,-
2,19584,35.6655158996582,23.72466278076172,1190.9254150390625,0.031295835971832275,0.0029972975607961416,-,-,-,-,-
2,19712,41.46999740600586,27.58631706237793,1385.2724609375,0.03064200095832348,0.0031144721433520317,-,-,-,-,-
2,19840,28.39344024658203,18.886079788208008,947.5694580078125,0.031328245997428894,0.003382731694728136,31.693523406982422,21.081483840942383,1057.979736328125,0.03190414234995842,0.003373336512595415
2,19968,31.000370025634766,20.619224548339844,1034.756103515625,0.033179208636283875,0.004061561543494463,-,-,-,-,-
2,20096,35.470069885253906,23.591636657714844,1184.5162353515625,0.032875292003154755,0.003984800074249506,-,-,-,-,-
2,20224,33.91910934448242,22.56171989440918,1132.5472412109375,0.031491588801145554,0.00427254568785429,-,-,-,-,-
2,20352,31.644622802734375,21.048860549926758,1056.1268310546875,0.03406892344355583,0.004246644675731659,-,-,-,-,-
2,20480,32.175296783447266,21.40169906616211,1073.9326171875,0.033779364079236984,0.004925025627017021,32.163780212402344,21.39576530456543,1073.288330078125,0.03466349467635155,0.0046927002258598804
2,20608,33.41012191772461,22.225038528442383,1115.13720703125,0.03327697142958641,0.0043478477746248245,-,-,-,-,-
2,20736,34.15119934082031,22.717710494995117,1139.6148681640625,0.036759667098522186,0.005815428216010332,-,-,-,-,-
2,20864,27.234865188598633,18.117551803588867,907.8814086914062,0.037925779819488525,0.0057424516417086124,-,-,-,-,-
2,20992,24.480716705322266,16.285388946533203,816.051025390625,0.034240517765283585,0.005760961677879095,-,-,-,-,-
2,21120,31.008188247680664,20.622758865356445,1034.9427490234375,0.03537319600582123,0.006270019803196192,29.98548698425293,19.941375732421875,1000.5665893554688,0.03771217167377472,0.007344068493694067
2,21248,35.05012512207031,23.312257766723633,1170.3011474609375,0.03422332555055618,0.0063509647734463215,-,-,-,-,-
2,21376,31.677114486694336,21.06801986694336,1057.212158203125,0.03618413954973221,0.007905377075076103,-,-,-,-,-
2,21504,33.57964324951172,22.335187911987305,1120.895263671875,0.03466326743364334,0.00837700441479683,-,-,-,-,-
2,21632,29.379735946655273,19.544334411621094,980.2257690429688,0.03244951739907265,0.006937343627214432,-,-,-,-,-
2,21760,33.43841552734375,22.24127960205078,1116.2318115234375,0.03399443253874779,0.008249251171946526,37.36720275878906,24.853410720825195,1247.26171875,0.040125370025634766,0.010479416698217392
2,21888,27.513946533203125,18.300403594970703,917.9224243164062,0.03355367109179497,0.0076390658505260944,-,-,-,-,-
2,22016,37.40996551513672,24.878816604614258,1249.118408203125,0.039042968302965164,0.00920425821095705,-,-,-,-,-
2,22144,24.25102996826172,16.12675666809082,808.5242309570312,0.03789588809013367,0.011371620930731297,-,-,-,-,-
2,22272,34.501922607421875,22.94695472717285,1151.7322998046875,0.03635215386748314,0.012933379039168358,-,-,-,-,-
2,22400,38.23836135864258,25.432390213012695,1276.384521484375,0.04058185592293739,0.015434268862009048,29.569156646728516,19.663888931274414,986.4188842773438,0.03972705826163292,0.013539442792534828
2,22528,35.30824661254883,23.4775333404541,1178.9468994140625,0.03980029374361038,0.014443355612456799,-,-,-,-,-
2,22656,31.54090690612793,20.970613479614258,1052.5794677734375,0.04264308512210846,0.018572397530078888,-,-,-,-,-
2,22784,36.43354034423828,24.232080459594727,1215.9967041015625,0.03967849537730217,0.018168576061725616,-,-,-,-,-
2,22912,29.179519653320312,19.401142120361328,973.289794921875,0.04343331232666969,0.020437918603420258,-,-,-,-,-
2,23040,37.607391357421875,25.010061264038086,1254.892578125,0.045930732041597366,0.024767689406871796,39.76571273803711,26.450061798095703,1327.419677734375,0.03925715759396553,0.021962657570838928
2,23168,27.58287811279297,18.345355987548828,920.0413208007812,0.034807056188583374,0.023018155246973038,-,-,-,-,-
2,23296,48.08903503417969,31.989585876464844,1605.40478515625,0.04246741533279419,0.029338855296373367,-,-,-,-,-
2,23424,27.3836727142334,18.211668014526367,912.525390625,0.04377158731222153,0.029794584959745407,-,-,-,-,-
2,23552,26.871015548706055,17.872159957885742,895.4405517578125,0.04092218726873398,0.035284604877233505,-,-,-,-,-
2,23680,34.855255126953125,23.180870056152344,1161.996826171875,0.049308814108371735,0.051092151552438736,50.68115234375,33.710166931152344,1691.3433837890625,0.05153732746839523,0.06016863137483597
2,23808,28.4808292388916,18.943225860595703,948.3223876953125,0.04737935587763786,0.07001890242099762,-,-,-,-,-
2,23936,37.824581146240234,25.15907859802246,1260.9593505859375,0.048986855894327164,0.06921166926622391,-,-,-,-,-
2,24064,35.14277267456055,23.382278442382812,1171.037353515625,0.0439039021730423,0.062187373638153076,-,-,-,-,-
2,24192,40.493656158447266,26.944169998168945,1349.6214599609375,0.04497683048248291,0.0829756036400795,-,-,-,-,-
2,24320,39.51841735839844,26.293134689331055,1315.755126953125,0.05615534260869026,0.11577923595905304,31.48869514465332,20.945941925048828,1047.659423828125,0.053942326456308365,0.1221887618303299
2,24448,53.625221252441406,35.67518615722656,1787.6729736328125,0.05955194681882858,0.13751278817653656,-,-,-,-,-
2,24576,43.16141891479492,28.71453094482422,1437.0841064453125,0.0591331385076046,0.16915516555309296,-,-,-,-,-
2,24704,58.28791809082031,38.78797912597656,1942.2183837890625,0.05884060636162758,0.18912498652935028,-,-,-,-,-
2,24832,24.995723724365234,16.621870040893555,827.609619140625,0.06836403906345367,0.2939366400241852,-,-,-,-,-
2,24960,34.44951248168945,22.913284301757812,1142.608642578125,0.07204645872116089,0.3809222877025604,28.642868041992188,19.043216705322266,946.6814575195312,0.07866298407316208,0.5417394638061523
2,25088,34.56472396850586,22.993478775024414,1145.4151611328125,0.07243070751428604,0.44664379954338074,-,-,-,-,-
2,25216,29.087095260620117,19.316747665405273,960.5320434570312,0.09276057034730911,0.7226831912994385,-,-,-,-,-
2,25344,32.58955383300781,21.6497745513916,1075.0926513671875,0.09608285874128342,0.9277065396308899,-,-,-,-,-
2,25472,27.142295837402344,18.037456512451172,892.8817749023438,0.0847851112484932,0.9123525023460388,-,-,-,-,-
2,25600,34.36616516113281,22.834606170654297,1130.9052734375,0.08956456184387207,1.3294364213943481,26.721820831298828,17.714529037475586,871.4146118164062,0.10715511441230774,1.85990571975708
2,25728,24.449512481689453,16.194110870361328,794.7861328125,0.10875667631626129,1.9878402948379517,-,-,-,-,-
2,25856,35.68511199951172,23.653425216674805,1168.059814453125,0.10815827548503876,2.4292988777160645,-,-,-,-,-
2,25984,34.81447982788086,23.075464248657227,1133.8050537109375,0.11175645142793655,2.8921029567718506,-,-,-,-,-
2,26112,34.41718673706055,22.57606315612793,1108.8455810546875,0.13889171183109283,6.137731075286865,-,-,-,-,-
2,26130,19.020601272583008,12.620606422424316,601.0333862304688,0.09004127234220505,2.9962005615234375,32.72173309326172,21.44325065612793,1048.91796875,0.1352681666612625,6.540337085723877
3,128,31.426523208618164,20.627178192138672,1006.3653564453125,0.1290973722934723,6.065957069396973,-,-,-,-,-
3,256,39.4520149230957,26.06671142578125,1277.6077880859375,0.13560065627098083,4.736258506774902,-,-,-,-,-
3,384,34.36591339111328,22.50490951538086,1103.5299072265625,0.15399475395679474,6.717127323150635,-,-,-,-,-
3,512,25.300649642944336,16.67827606201172,806.9176025390625,0.13587453961372375,4.173248291015625,-,-,-,-,-
3,640,28.697830200195312,18.807954788208008,911.2896118164062,0.13484930992126465,6.421291828155518,30.385643005371094,20.059560775756836,974.552978515625,0.13015499711036682,4.503974437713623
3,768,28.505197525024414,18.831567764282227,914.1231689453125,0.12137781083583832,4.110200881958008,-,-,-,-,-
3,896,35.52785873413086,23.366270065307617,1144.771728515625,0.1529628485441208,5.609102249145508,-,-,-,-,-
3,1024,37.04279708862305,24.486242294311523,1201.6612548828125,0.13158512115478516,4.083599090576172,-,-,-,-,-
3,1152,32.98923873901367,21.825098037719727,1064.16162109375,0.13240119814872742,3.901250123977661,-,-,-,-,-
3,1280,25.445213317871094,16.83558464050293,813.1547241210938,0.12170801311731339,3.5637216567993164,30.66730499267578,20.290346145629883,988.08203125,0.13020232319831848,3.659358263015747
3,1408,28.65452766418457,18.95148468017578,919.2227783203125,0.13483180105686188,3.7598483562469482,-,-,-,-,-
3,1536,38.55622100830078,25.524484634399414,1252.0694580078125,0.13336165249347687,3.776780843734741,-,-,-,-,-
3,1664,23.806804656982422,15.73822021484375,760.1569213867188,0.12730368971824646,3.397110939025879,-,-,-,-,-
3,1792,21.864259719848633,14.463016510009766,695.0524291992188,0.1283961981534958,3.2232306003570557,-,-,-,-,-
3,1920,36.5595703125,24.20759391784668,1186.5794677734375,0.13109511137008667,3.5508780479431152,28.83877944946289,19.11064338684082,930.62890625,0.1283319592475891,2.9351561069488525
3,2048,31.81513214111328,21.104520797729492,1028.6524658203125,0.12074806541204453,3.0333950519561768,-,-,-,-,-
3,2176,28.034818649291992,18.582157135009766,900.184814453125,0.12120214849710464,3.2961089611053467,-,-,-,-,-
3,2304,28.87733268737793,19.159324645996094,929.2510375976562,0.11375740170478821,3.1173887252807617,-,-,-,-,-
3,2432,27.758142471313477,18.377483367919922,890.0519409179688,0.1303958147764206,3.497420072555542,-,-,-,-,-
3,2560,33.333126068115234,22.141191482543945,1079.431884765625,0.12495503574609756,2.7266180515289307,36.549072265625,24.308244705200195,1185.9232177734375,0.11550792306661606,2.6608567237854004
3,2688,34.21940994262695,22.742294311523438,1107.423095703125,0.12234139442443848,2.805459499359131,-,-,-,-,-
3,2816,43.39737319946289,28.841005325317383,1412.4599609375,0.12137158960103989,3.103931427001953,-,-,-,-,-
3,2944,20.7940616607666,13.733336448669434,655.8280639648438,0.13675549626350403,3.6569066047668457,-,-,-,-,-
3,3072,28.07023048400879,18.551528930664062,897.9400024414062,0.14207643270492554,3.9722511768341064,-,-,-,-,-
3,3200,39.148521423339844,25.99250030517578,1266.942626953125,0.13209769129753113,3.5449514389038086,19.82452964782715,13.08513355255127,617.0300903320312,0.13218827545642853,4.369073390960693
3,3328,36.53197479248047,24.15776824951172,1173.6854248046875,0.1404924839735031,4.968590259552002,-,-,-,-,-
3,3456,18.40130615234375,12.12070369720459,569.1387939453125,0.12623922526836395,4.629750728607178,-,-,-,-,-
3,3584,32.92327880859375,21.77437973022461,1052.38330078125,0.1352299600839615,4.898395538330078,-,-,-,-,-
3,3712,33.82013702392578,22.242496490478516,1079.8809814453125,0.1518373042345047,6.269932270050049,-,-,-,-,-
3,3840,29.82240867614746,19.670400619506836,948.4768676757812,0.14354653656482697,5.2369184494018555,34.50204086303711,22.792598724365234,1102.6226806640625,0.1327841430902481,5.5043044090271
3,3968,25.63804817199707,16.99102020263672,808.9243774414062,0.11328484863042831,4.444989204406738,-,-,-,-,-
3,4096,38.5650634765625,25.54006004333496,1241.566650390625,0.13840100169181824,4.709339618682861,-,-,-,-,-
3,4224,23.006763458251953,15.152664184570312,715.3281860351562,0.1327514499425888,5.680655002593994,-,-,-,-,-
3,4352,31.194278717041016,20.609188079833984,991.6024169921875,0.1337144672870636,5.353524208068848,-,-,-,-,-
3,4480,26.07120704650879,17.21553611755371,823.616455078125,0.14479364454746246,4.747120380401611,23.473735809326172,15.493982315063477,734.2628784179688,0.12472730875015259,5.123974323272705
3,4608,46.09352493286133,30.43207550048828,1487.877685546875,0.1364329755306244,6.4623894691467285,-,-,-,-,-
3,4736,34.01103591918945,22.533611297607422,1087.5081787109375,0.1158788874745369,4.864649295806885,-,-,-,-,-
3,4864,27.402143478393555,18.10541343688965,864.3094482421875,0.13543701171875,5.181987285614014,-,-,-,-,-
3,4992,35.077938079833984,23.157211303710938,1115.7877197265625,0.13079701364040375,6.320540904998779,-,-,-,-,-
3,5120,23.583236694335938,15.510340690612793,735.713623046875,0.1424141526222229,5.733443737030029,26.02511978149414,17.109493255615234,810.7178955078125,0.13258208334445953,6.75868034362793
3,5248,24.67777442932129,16.129959106445312,768.0342407226562,0.13755320012569427,7.299219608306885,-,-,-,-,-
3,5376,29.744613647460938,19.62456512451172,941.3794555664062,0.12085983157157898,5.853947162628174,-,-,-,-,-
3,5504,21.61220359802246,14.168537139892578,668.8097534179688,0.13301204144954681,6.225561618804932,-,-,-,-,-
3,5632,13.232917785644531,8.60004997253418,389.74603271484375,0.1297440528869629,6.056635856628418,-,-,-,-,-
3,5760,17.726537704467773,11.619094848632812,538.1226196289062,0.12860453128814697,5.976116180419922,23.673799514770508,15.62398910522461,736.9594116210938,0.11918222904205322,5.610334873199463
3,5888,19.498201370239258,12.705394744873047,597.863037109375,0.1360139399766922,6.781630039215088,-,-,-,-,-
3,6016,35.839542388916016,23.758907318115234,1147.8651123046875,0.12338804453611374,4.785989284515381,-,-,-,-,-
3,6144,28.997900009155273,19.11802101135254,917.2000122070312,0.12491106986999512,5.829695701599121,-,-,-,-,-
3,6272,25.068605422973633,16.542692184448242,789.267333984375,0.13474871218204498,4.984921455383301,-,-,-,-,-
3,6400,27.82332992553711,18.384798049926758,877.7740478515625,0.1103297621011734,5.504609107971191,29.028236389160156,19.31869125366211,920.4392700195312,0.10296168923377991,4.021908283233643
3,6528,28.198883056640625,18.691020965576172,893.8171997070312,0.11264238506555557,4.570476531982422,-,-,-,-,-
3,6656,21.195690155029297,13.992460250854492,658.2947998046875,0.1141548901796341,5.061255931854248,-,-,-,-,-
3,6784,34.680728912353516,23.018451690673828,1112.529052734375,0.10787837207317352,4.291085243225098,-,-,-,-,-
3,6912,22.4381103515625,14.83016586303711,703.1824340820312,0.11334974318742752,4.627704620361328,-,-,-,-,-
3,7040,28.1822509765625,18.681306838989258,893.8505249023438,0.11217489838600159,4.502647876739502,29.63764762878418,19.551103591918945,943.4584350585938,0.12514005601406097,5.268204212188721
3,7168,20.892547607421875,13.842257499694824,650.4429931640625,0.11010291427373886,4.357565402984619,-,-,-,-,-
3,7296,29.077817916870117,19.180280685424805,921.8529663085938,0.12852463126182556,5.504820346832275,-,-,-,-,-
3,7424,32.41050720214844,21.43093490600586,1033.6376953125,0.13163329660892487,5.115630626678467,-,-,-,-,-
3,7552,19.260847091674805,12.612561225891113,594.4010009765625,0.12272103875875473,5.815549373626709,-,-,-,-,-
3,7680,26.252954483032227,17.383302688598633,827.9154663085938,0.11539152264595032,4.751067638397217,17.830257415771484,11.666142463684082,542.9140014648438,0.12831763923168182,6.066569805145264
3,7808,21.182321548461914,13.927350044250488,657.8428955078125,0.12582258880138397,5.507205963134766,-,-,-,-,-
3,7936,26.800554275512695,17.56741714477539,842.1785278320312,0.1390404850244522,6.723117351531982,-,-,-,-,-
3,8064,24.997352600097656,16.33441734313965,780.1826171875,0.12049759179353714,7.4061198234558105,-,-,-,-,-
3,8192,16.92980194091797,11.114057540893555,512.6783447265625,0.1157630905508995,5.7319817543029785,-,-,-,-,-
3,8320,21.399002075195312,14.04208755493164,661.7457885742188,0.11982199549674988,6.196348667144775,28.407798767089844,18.669677734375,894.8466796875,0.12091699242591858,6.6873779296875
3,8448,27.328065872192383,17.96180534362793,860.2002563476562,0.11317072808742523,6.510869026184082,-,-,-,-,-
3,8576,15.522358894348145,10.09941291809082,465.49786376953125,0.12496572732925415,6.430016040802002,-,-,-,-,-
3,8704,27.304485321044922,17.871301651000977,855.88037109375,0.1268109232187271,7.4757080078125,-,-,-,-,-
3,8832,24.20868492126465,15.8916015625,758.08056640625,0.12663161754608154,6.096482753753662,-,-,-,-,-
3,8960,17.288856506347656,11.3975248336792,528.7933959960938,0.11211815476417542,4.912802696228027,22.17977523803711,14.591123580932617,692.400634765625,0.11713245511054993,5.475140571594238
3,9088,17.404932022094727,11.337411880493164,528.0732421875,0.12203739583492279,6.647491931915283,-,-,-,-,-
3,9216,24.940839767456055,16.46548080444336,784.0796508789062,0.11292751133441925,5.216333866119385,-,-,-,-,-
3,9344,15.60603141784668,10.17074966430664,471.6824951171875,0.11934201419353485,5.991144180297852,-,-,-,-,-
3,9472,21.06614112854004,13.683562278747559,648.1483154296875,0.12756499648094177,7.735312461853027,-,-,-,-,-
3,9600,29.085418701171875,19.105703353881836,917.1865844726562,0.11359002441167831,6.942604064941406,22.735450744628906,14.837637901306152,704.0033569335938,0.11742714792490005,7.403520107269287
3,9728,16.680551528930664,10.924220085144043,506.36102294921875,0.10033119469881058,5.9239020347595215,-,-,-,-,-
3,9856,28.06885528564453,18.486127853393555,887.010009765625,0.10760017484426498,6.050278186798096,-,-,-,-,-
3,9984,31.04172706604004,20.389436721801758,986.2691650390625,0.11662741750478745,6.7297186851501465,-,-,-,-,-
3,10112,22.141254425048828,14.481181144714355,684.5986328125,0.09761743992567062,7.164686679840088,-,-,-,-,-
3,10240,28.902990341186523,18.959606170654297,912.8529663085938,0.11549921333789825,6.993553161621094,28.603017807006836,18.641281127929688,896.6058959960938,0.10353575646877289,8.921407699584961
3,10368,15.830005645751953,10.211894035339355,474.72674560546875,0.10063032805919647,7.702136039733887,-,-,-,-,-
3,10496,29.407438278198242,19.445463180541992,934.9541015625,0.1037837341427803,5.086496353149414,-,-,-,-,-
3,10624,22.859825134277344,14.96099853515625,712.8377685546875,0.09680002927780151,6.736494064331055,-,-,-,-,-
3,10752,16.58268928527832,10.699936866760254,500.4579162597656,0.11499645560979843,7.631775379180908,-,-,-,-,-
3,10880,30.940086364746094,19.979476928710938,966.3670654296875,0.12139788269996643,11.755433082580566,28.741010665893555,18.292943954467773,882.793701171875,0.11991528421640396,15.00214672088623
3,11008,28.738943099975586,18.337125778198242,885.3359375,0.1210930272936821,14.27364730834961,-,-,-,-,-
3,11136,29.253034591674805,19.11507225036621,924.05712890625,0.119397833943367,7.779922962188721,-,-,-,-,-
3,11264,16.425107955932617,10.343379020690918,482.72735595703125,0.11822661757469177,11.362277030944824,-,-,-,-,-
3,11392,17.065244674682617,10.886621475219727,510.60198974609375,0.10603099316358566,9.665724754333496,-,-,-,-,-
3,11520,23.511615753173828,15.286259651184082,733.4015502929688,0.10974530130624771,7.815954208374023,24.600919723510742,15.732500076293945,756.3358154296875,0.11512433737516403,11.89937973022461
3,11648,23.138139724731445,14.83273983001709,710.9097290039062,0.11049150675535202,10.858110427856445,-,-,-,-,-
3,11776,18.98379898071289,12.267414093017578,581.7461547851562,0.12050358206033707,7.784195899963379,-,-,-,-,-
3,11904,30.51968765258789,20.028663635253906,972.91650390625,0.10164634138345718,6.602136611938477,-,-,-,-,-
3,12032,21.003459930419922,13.522574424743652,646.3738403320312,0.12111812084913254,8.960280418395996,-,-,-,-,-
3,12160,17.702383041381836,11.381049156188965,538.5194091796875,0.10991134494543076,8.262289047241211,24.109073638916016,15.815279006958008,761.0672607421875,0.10007461160421371,5.830481052398682
3,12288,27.69805145263672,18.18058967590332,879.523681640625,0.10752718150615692,6.146980285644531,-,-,-,-,-
3,12416,17.869600296020508,11.62531566619873,552.1979370117188,0.10144456475973129,6.208614826202393,-,-,-,-,-
3,12544,28.39421272277832,18.534151077270508,898.55908203125,0.11580420285463333,7.586666584014893,-,-,-,-,-
3,12672,24.102161407470703,15.761905670166016,760.5283203125,0.11337495595216751,6.215969562530518,-,-,-,-,-
3,12800,30.200647354125977,19.644912719726562,954.1110229492188,0.11199578642845154,9.026270866394043,22.877309799194336,14.80258846282959,711.589599609375,0.11159627884626389,8.472294807434082
3,12928,29.47970199584961,19.227983474731445,934.0023193359375,0.11078258603811264,8.009123802185059,-,-,-,-,-
3,13056,33.217872619628906,21.785831451416016,1065.0687255859375,0.11673878133296967,6.646160125732422,-,-,-,-,-
3,13184,23.37008285522461,15.143509864807129,729.05419921875,0.11662629246711731,8.194050788879395,-,-,-,-,-
3,13312,20.38693618774414,13.232552528381348,632.6688232421875,0.10184621810913086,7.258500099182129,-,-,-,-,-
3,13440,17.926076889038086,11.644549369812012,552.5555419921875,0.09864689409732819,6.573258399963379,19.56863021850586,12.603772163391113,604.5654907226562,0.108943410217762,8.102588653564453
3,13568,17.92626953125,11.69223403930664,557.8890991210938,0.09077485650777817,5.6436848640441895,-,-,-,-,-
3,13696,25.19208526611328,16.41402244567871,794.57861328125,0.10920925438404083,7.230690002441406,-,-,-,-,-
3,13824,23.699542999267578,15.561464309692383,753.2003173828125,0.09759623557329178,5.084781169891357,-,-,-,-,-
3,13952,19.337940216064453,12.49204158782959,597.7754516601562,0.11514070630073547,7.530043125152588,-,-,-,-,-
3,14080,24.95753288269043,16.232913970947266,786.9600219726562,0.1149672344326973,7.400519371032715,22.57550811767578,14.608816146850586,704.10888671875,0.11561347544193268,8.099892616271973
3,14208,22.814563751220703,14.710679054260254,709.653076171875,0.11761515587568283,8.897398948669434,-,-,-,-,-
3,14336,20.31615447998047,13.183796882629395,633.0933227539062,0.10671432316303253,6.947106838226318,-,-,-,-,-
3,14464,16.681673049926758,10.799174308776855,514.9332275390625,0.10954277217388153,6.236257076263428,-,-,-,-,-
3,14592,18.26551628112793,11.647000312805176,557.8165893554688,0.108440101146698,9.319087028503418,-,-,-,-,-
3,14720,14.618731498718262,9.3524808883667,443.2471618652344,0.10218018293380737,7.315986633300781,22.634296417236328,14.668771743774414,710.0740966796875,0.11206953227519989,7.527137279510498
3,14848,34.061370849609375,22.37940216064453,1096.0758056640625,0.09851522743701935,6.22697114944458,-,-,-,-,-
3,14976,18.247774124145508,11.676360130310059,559.9692993164062,0.10165609419345856,8.700658798217773,-,-,-,-,-
3,15104,14.2135591506958,9.023204803466797,427.4711608886719,0.10357879847288132,8.120645523071289,-,-,-,-,-
3,15232,22.100509643554688,14.244458198547363,690.3126831054688,0.1180877760052681,8.34837532043457,-,-,-,-,-
3,15360,21.522233963012695,13.695734024047852,662.6073608398438,0.10885030776262283,10.915756225585938,14.263711929321289,9.098645210266113,432.44970703125,0.09782954305410385,7.427402019500732
3,15488,29.882646560668945,19.52182960510254,955.41796875,0.10701488703489304,6.996229648590088,-,-,-,-,-
3,15616,17.913352966308594,11.367980003356934,547.39794921875,0.11388330906629562,9.57509994506836,-,-,-,-,-
3,15744,23.90121078491211,15.215003967285156,739.3369140625,0.10790134221315384,11.849365234375,-,-,-,-,-
3,15872,20.939361572265625,13.653646469116211,661.218505859375,0.09952525049448013,5.740049362182617,-,-,-,-,-
3,16000,15.467672348022461,9.716531753540039,463.958251953125,0.09887571632862091,10.12682056427002,24.777128219604492,16.064956665039062,782.9542846679688,0.10873153805732727,7.73896598815918
3,16128,16.175281524658203,10.313237190246582,495.1270446777344,0.10610640048980713,8.046671867370605,-,-,-,-,-
3,16256,18.404197692871094,11.84216594696045,572.1723022460938,0.11269168555736542,7.2761640548706055,-,-,-,-,-
3,16384,15.366984367370605,9.61308479309082,459.9288024902344,0.10952973365783691,10.450818061828613,-,-,-,-,-
3,16512,16.387842178344727,10.353143692016602,499.35101318359375,0.10622630268335342,9.349621772766113,-,-,-,-,-
3,16640,24.359468460083008,15.942867279052734,778.4522094726562,0.09565916657447815,5.364181041717529,21.745203018188477,14.11774730682373,688.1962890625,0.09700536727905273,6.484877109527588
3,16768,22.07569122314453,14.303193092346191,695.8681640625,0.0948173999786377,7.189977645874023,-,-,-,-,-
3,16896,22.975610733032227,14.720645904541016,719.3967895507812,0.09715800732374191,9.63839054107666,-,-,-,-,-
3,17024,23.915767669677734,15.631542205810547,764.4163208007812,0.10131652653217316,5.387462615966797,-,-,-,-,-
3,17152,19.807430267333984,12.616219520568848,614.0275268554688,0.10489656031131744,9.460400581359863,-,-,-,-,-
3,17280,22.600534439086914,14.545592308044434,709.2705078125,0.10147339850664139,8.607641220092773,19.307374954223633,12.408071517944336,603.7326049804688,0.1026044487953186,7.593746662139893
3,17408,14.90393352508545,9.425589561462402,453.28466796875,0.11029063910245895,8.352073669433594,-,-,-,-,-
3,17536,20.421092987060547,13.059889793395996,635.0909423828125,0.09463631361722946,9.156562805175781,-,-,-,-,-
3,17664,16.82555389404297,10.873156547546387,526.6085815429688,0.09593266993761063,5.90378999710083,-,-,-,-,-
3,17792,17.376741409301758,10.983266830444336,531.9464111328125,0.1051832064986229,9.688276290893555,-,-,-,-,-
3,17920,18.723875045776367,11.88730239868164,577.0250244140625,0.09498625248670578,9.713362693786621,20.429616928100586,13.39491081237793,653.3148803710938,0.08520976454019547,4.163491249084473
3,18048,25.41852378845215,16.61981201171875,815.282958984375,0.09841275960206985,5.474697113037109,-,-,-,-,-
3,18176,19.981481552124023,12.823421478271484,624.8983764648438,0.09461775422096252,8.144591331481934,-,-,-,-,-
3,18304,14.806811332702637,9.220110893249512,444.1887512207031,0.11489429324865341,10.299185752868652,-,-,-,-,-
3,18432,19.180238723754883,12.122044563293457,590.1419677734375,0.11239895969629288,10.443768501281738,-,-,-,-,-
3,18560,24.689611434936523,15.774895668029785,774.2213745117188,0.10271871834993362,10.697845458984375,21.910629272460938,14.101491928100586,690.3284912109375,0.09908647835254669,8.067665100097656
3,18688,21.761579513549805,13.985079765319824,684.068115234375,0.10076045989990234,8.350581169128418,-,-,-,-,-
3,18816,19.102888107299805,12.489152908325195,609.2069091796875,0.09213617444038391,4.295289516448975,-,-,-,-,-
3,18944,22.471956253051758,14.469265937805176,708.64697265625,0.09570004045963287,8.20521068572998,-,-,-,-,-
3,19072,28.50150489807129,18.56882095336914,915.2012939453125,0.10086200386285782,6.798099040985107,-,-,-,-,-
3,19200,16.281940460205078,10.551721572875977,512.7057495117188,0.0881345346570015,5.150267124176025,27.069477081298828,17.602603912353516,867.2679443359375,0.10372976958751678,6.904643535614014
3,19328,36.12493133544922,23.663349151611328,1171.914306640625,0.10064351558685303,6.417942523956299,-,-,-,-,-
3,19456,20.692354202270508,13.380212783813477,655.0582275390625,0.09950930625200272,6.620501518249512,-,-,-,-,-
3,19584,19.24404525756836,12.45523738861084,608.4784545898438,0.0922195240855217,6.118039608001709,-,-,-,-,-
3,19712,26.661882400512695,17.374746322631836,855.8216552734375,0.09988993406295776,6.290302276611328,-,-,-,-,-
3,19840,35.1948356628418,22.9595947265625,1136.224365234375,0.10409922897815704,7.688971519470215,23.030603408813477,14.92992115020752,732.9103393554688,0.10323227196931839,6.6834869384765625
3,19968,29.812763214111328,19.485801696777344,962.1911010742188,0.10152754932641983,6.035225868225098,-,-,-,-,-
3,20096,15.096686363220215,9.64040470123291,467.58935546875,0.09574554860591888,6.846434116363525,-,-,-,-,-
3,20224,24.302392959594727,15.752803802490234,774.0209350585938,0.10382624715566635,7.055530548095703,-,-,-,-,-
3,20352,26.972612380981445,17.54559326171875,864.7007446289062,0.10541608184576035,6.745974063873291,-,-,-,-,-
3,20480,25.805631637573242,16.734264373779297,823.83056640625,0.09991629421710968,7.331474781036377,23.238033294677734,14.995176315307617,736.27197265625,0.09758710116147995,7.825510025024414
3,20608,15.087465286254883,9.631599426269531,467.4703369140625,0.09990540146827698,6.812572956085205,-,-,-,-,-
3,20736,25.93797492980957,16.70966339111328,823.0616455078125,0.1106640174984932,8.8702974319458,-,-,-,-,-
3,20864,20.872737884521484,13.352842330932617,654.1517944335938,0.10909267514944077,8.69286060333252,-,-,-,-,-
3,20992,22.697969436645508,14.671884536743164,721.1312255859375,0.10921011865139008,7.055601596832275,-,-,-,-,-
3,21120,16.586191177368164,10.502033233642578,511.4789733886719,0.11610767990350723,8.532600402832031,20.895124435424805,13.468173027038574,660.7401733398438,0.09415849298238754,7.253920078277588
3,21248,18.058202743530273,11.532313346862793,563.4066772460938,0.10605375468730927,7.857678413391113,-,-,-,-,-
3,21376,16.863805770874023,10.784234046936035,525.5194702148438,0.10057400912046432,7.238030433654785,-,-,-,-,-
3,21504,13.150715827941895,8.321920394897461,402.6883239746094,0.09104783833026886,7.108641624450684,-,-,-,-,-
3,21632,15.16808032989502,9.613316535949707,467.34906005859375,0.10308162868022919,7.781912803649902,-,-,-,-,-
3,21760,20.083789825439453,12.9899320602417,637.5263671875,0.08665657043457031,6.3193793296813965,23.61411476135254,15.296894073486328,752.6639404296875,0.09965396672487259,6.909268379211426
3,21888,18.843252182006836,12.133499145507812,594.4170532226562,0.0962272360920906,6.693554401397705,-,-,-,-,-
3,22016,22.22808265686035,14.321045875549316,704.6375122070312,0.09959739446640015,7.610652446746826,-,-,-,-,-
3,22144,24.031923294067383,15.499675750732422,763.4684448242188,0.10188394039869308,7.956785678863525,-,-,-,-,-
3,22272,17.455482482910156,11.299507141113281,553.308349609375,0.08929088711738586,5.336019992828369,-,-,-,-,-
3,22400,23.8718318939209,15.531002044677734,765.4310913085938,0.09880565851926804,5.877126216888428,23.626296997070312,15.165772438049316,746.721923828125,0.10176263749599457,8.915419578552246
3,22528,12.764124870300293,8.0394868850708,389.9399108886719,0.09081245213747025,7.344269275665283,-,-,-,-,-
3,22656,18.144365310668945,11.674398422241211,572.5865478515625,0.09129869192838669,6.528006553649902,-,-,-,-,-
3,22784,20.898523330688477,13.583104133605957,668.07373046875,0.10005535930395126,5.3462629318237305,-,-,-,-,-
3,22912,20.98871612548828,13.385066032409668,658.77099609375,0.10590025782585144,9.10039234161377,-,-,-,-,-
3,23040,23.906553268432617,15.131402015686035,746.1851806640625,0.0948742926120758,12.184259414672852,19.77030372619629,12.735162734985352,625.8104858398438,0.08793346583843231,6.8910393714904785
3,23168,16.933040618896484,10.772727966308594,526.846923828125,0.09348922222852707,7.98354434967041,-,-,-,-,-
3,23296,19.665285110473633,12.779999732971191,627.6552734375,0.09102145582437515,5.177115440368652,-,-,-,-,-
3,23424,18.262910842895508,11.517472267150879,564.626220703125,0.09341473877429962,10.057615280151367,-,-,-,-,-
3,23552,19.568552017211914,12.591025352478027,619.3059692382812,0.09288804978132248,6.915799140930176,-,-,-,-,-
3,23680,19.422956466674805,12.57046127319336,617.1157836914062,0.09194988012313843,5.893886566162109,13.594707489013672,8.347697257995605,405.6513366699219,0.09987962990999222,10.906173706054688
3,23808,20.347396850585938,12.845648765563965,631.813232421875,0.09529528766870499,10.883218765258789,-,-,-,-,-
3,23936,17.396488189697266,11.215312957763672,549.9605712890625,0.08585827797651291,5.957119941711426,-,-,-,-,-
3,24064,15.736390113830566,10.098993301391602,494.2811584472656,0.08624443411827087,6.083401203155518,-,-,-,-,-
3,24192,20.793134689331055,13.17094898223877,648.074462890625,0.09543081372976303,10.46010971069336,-,-,-,-,-
3,24320,23.347238540649414,15.080342292785645,744.1768798828125,0.09506936371326447,7.3005828857421875,14.710658073425293,9.321473121643066,454.7601013183594,0.09238061308860779,7.492035388946533
3,24448,27.8558406829834,17.98662567138672,890.8215942382812,0.09837688505649567,8.626225471496582,-,-,-,-,-
3,24576,14.793262481689453,9.048818588256836,441.7803649902344,0.08939116448163986,12.3724946975708,-,-,-,-,-
3,24704,15.468421936035156,10.003393173217773,489.6593933105469,0.08710113912820816,4.813338756561279,-,-,-,-,-
3,24832,18.92955780029297,11.994768142700195,589.438720703125,0.10752329975366592,9.328782081604004,-,-,-,-,-
3,24960,18.257352828979492,11.538533210754395,567.4517822265625,0.08735685795545578,9.569453239440918,14.862217903137207,9.532748222351074,466.93499755859375,0.09188918024301529,5.682306289672852
3,25088,11.83446979522705,7.513620853424072,365.09954833984375,0.09426242858171463,5.755913257598877,-,-,-,-,-
3,25216,22.97821044921875,14.343774795532227,707.8994140625,0.08869107067584991,14.66750717163086,-,-,-,-,-
3,25344,18.478717803955078,11.777791023254395,579.4749145507812,0.0926361158490181,8.135411262512207,-,-,-,-,-
3,25472,18.244827270507812,11.670836448669434,573.1976928710938,0.09762242436408997,7.4439215660095215,-,-,-,-,-
3,25600,21.149715423583984,13.119629859924316,646.2153930664062,0.10318776965141296,14.647452354431152,18.4981746673584,11.751824378967285,578.2069702148438,0.08708517253398895,8.771951675415039
3,25728,26.949115753173828,17.451702117919922,864.3505249023438,0.07911555469036102,7.747931480407715,-,-,-,-,-
3,25856,26.3603515625,17.0772647857666,846.3141479492188,0.08450573682785034,7.354421138763428,-,-,-,-,-
3,25984,23.43690299987793,14.887687683105469,735.4724731445312,0.09708669036626816,10.974048614501953,-,-,-,-,-
3,26112,20.078948974609375,12.996101379394531,640.6224365234375,0.09305001050233841,5.835749626159668,-,-,-,-,-
3,26130,9.733001708984375,6.075429439544678,293.3692321777344,0.07566653192043304,6.482137680053711,21.069982528686523,13.616373062133789,671.8020629882812,0.09214422851800919,6.4344563484191895
4,128,14.631816864013672,9.245183944702148,452.3101806640625,0.10654290020465851,7.569881439208984,-,-,-,-,-
4,256,19.15389060974121,11.778862953186035,579.3802490234375,0.09306640177965164,14.881577491760254,-,-,-,-,-
4,384,27.096736907958984,17.544536590576172,869.1494140625,0.09330586344003677,7.674003601074219,-,-,-,-,-
4,512,15.863025665283203,10.101157188415527,495.1466979980469,0.09545005112886429,7.149514198303223,-,-,-,-,-
4,640,18.463388442993164,11.564192771911621,568.8529663085938,0.0853634774684906,11.253031730651855,20.64284324645996,13.341153144836426,657.5228881835938,0.09400688111782074,6.324545860290527
4,768,20.83657455444336,13.461836814880371,664.4249267578125,0.09140261262655258,6.3908610343933105,-,-,-,-,-
4,896,19.015560150146484,12.10699462890625,596.283447265625,0.09468801319599152,8.510429382324219,-,-,-,-,-
4,1024,21.88001251220703,14.161263465881348,699.808349609375,0.0777457132935524,6.429201602935791,-,-,-,-,-
4,1152,21.652070999145508,13.873642921447754,684.6454467773438,0.09642264246940613,8.355525016784668,-,-,-,-,-
4,1280,15.095185279846191,9.151341438293457,447.6831359863281,0.08863449841737747,13.783780097961426,20.230606079101562,12.749627113342285,629.4387817382812,0.09161528944969177,10.949764251708984
4,1408,16.68170738220215,10.564231872558594,519.2910766601562,0.08420418202877045,8.403607368469238,-,-,-,-,-
4,1536,20.031604766845703,12.72663402557373,628.2407836914062,0.10075435787439346,9.218095779418945,-,-,-,-,-
4,1664,21.876623153686523,13.67053508758545,675.330078125,0.09040063619613647,13.623859405517578,-,-,-,-,-
4,1792,22.8033504486084,14.59130573272705,721.2410888671875,0.09858166426420212,9.010516166687012,-,-,-,-,-
4,1920,19.56501579284668,12.220784187316895,602.6581420898438,0.0844539925456047,12.3319673538208,20.025659561157227,12.703301429748535,626.1904296875,0.0894923061132431,9.709609985351562
4,2048,21.93490219116211,14.069291114807129,694.450927734375,0.08028329163789749,8.408178329467773,-,-,-,-,-
4,2176,14.081140518188477,8.728726387023926,426.7740783691406,0.08603478223085403,9.98637866973877,-,-,-,-,-
4,2304,19.232589721679688,11.96888256072998,589.5319213867188,0.08903709799051285,12.793525695800781,-,-,-,-,-
4,2432,30.101123809814453,19.63450813293457,975.4553833007812,0.08390814065933228,6.281553268432617,-,-,-,-,-
4,2560,22.271085739135742,13.910404205322266,687.2523803710938,0.10213162004947662,13.860269546508789,19.484935760498047,11.887687683105469,585.3734741210938,0.09079743176698685,16.52715301513672
4,2688,21.244253158569336,13.271944999694824,654.9935302734375,0.09079203754663467,13.315814018249512,-,-,-,-,-
4,2816,12.158419609069824,7.731300354003906,377.7618103027344,0.07935803383588791,5.701426029205322,-,-,-,-,-
4,2944,20.43903350830078,12.751043319702148,628.933837890625,0.09033818542957306,13.08314037322998,-,-,-,-,-
4,3072,19.129091262817383,12.44173812866211,613.9379272460938,0.08804678916931152,4.599262714385986,-,-,-,-,-
4,3200,22.633676528930664,14.522411346435547,718.580810546875,0.08618868887424469,8.392681121826172,26.10830307006836,16.999326705932617,841.9778442382812,0.09774435311555862,5.914536476135254
4,3328,25.303115844726562,16.5567626953125,820.3612060546875,0.08838460594415665,4.543546199798584,-,-,-,-,-
4,3456,29.588865280151367,19.07223129272461,946.9344482421875,0.08918659389019012,9.581036567687988,-,-,-,-,-
4,3584,22.721254348754883,14.635379791259766,724.137939453125,0.09113835543394089,7.533578395843506,-,-,-,-,-
4,3712,15.155048370361328,9.711274147033691,477.9494934082031,0.08951933681964874,5.747607707977295,-,-,-,-,-
4,3840,13.783215522766113,8.70682430267334,426.4092102050781,0.09020315110683441,7.220958709716797,14.180187225341797,9.000961303710938,440.59454345703125,0.09179900586605072,6.8148274421691895
4,3968,16.832319259643555,10.97436809539795,540.95556640625,0.07306422293186188,3.753326654434204,-,-,-,-,-
4,4096,18.649063110351562,11.916315078735352,587.2471923828125,0.08861880004405975,7.716555118560791,-,-,-,-,-
4,4224,15.666390419006348,9.975578308105469,489.7989196777344,0.08161500841379166,7.112069606781006,-,-,-,-,-
4,4352,12.202374458312988,7.800686359405518,381.298828125,0.08355677127838135,5.051428318023682,-,-,-,-,-
4,4480,18.895809173583984,12.092198371887207,596.6097412109375,0.08693563938140869,7.505776882171631,15.238900184631348,9.759198188781738,478.19329833984375,0.09419512003660202,6.035739421844482
4,4608,27.459848403930664,18.066482543945312,897.777587890625,0.08113814890384674,3.3445115089416504,-,-,-,-,-
4,4736,18.0455322265625,11.603033065795898,571.7193603515625,0.08156102150678635,6.437448978424072,-,-,-,-,-
4,4864,12.339377403259277,7.953388690948486,388.79925537109375,0.07829084247350693,4.197056770324707,-,-,-,-,-
4,4992,18.78843879699707,12.170416831970215,600.9818725585938,0.08085344731807709,5.273515224456787,-,-,-,-,-
4,5120,19.56083869934082,12.642520904541016,624.3518676757812,0.08460020273923874,5.901987075805664,20.317949295043945,13.25892162322998,655.61083984375,0.08768296241760254,4.152373790740967
4,5248,18.81170082092285,12.201363563537598,603.02392578125,0.08151020109653473,4.98588752746582,-,-,-,-,-
4,5376,14.47415542602539,9.282153129577637,454.91912841796875,0.08797802776098251,5.548322677612305,-,-,-,-,-
4,5504,13.262572288513184,8.55189037322998,419.520751953125,0.08586283028125763,4.296114444732666,-,-,-,-,-
4,5632,17.206098556518555,11.121342658996582,548.9196166992188,0.0901423767209053,5.054175853729248,-,-,-,-,-
4,5760,22.316247940063477,14.496920585632324,717.9657592773438,0.0876966044306755,5.5197248458862305,15.513527870178223,9.92557430267334,487.69744873046875,0.09594893455505371,6.150294303894043
4,5888,15.492197036743164,9.98922061920166,491.78564453125,0.08781920373439789,4.9730095863342285,-,-,-,-,-
4,6016,21.106172561645508,13.762228012084961,680.7412109375,0.07671908289194107,4.598126411437988,-,-,-,-,-
4,6144,14.836727142333984,9.48521900177002,465.2857971191406,0.09313677996397018,6.055131912231445,-,-,-,-,-
4,6272,17.665122985839844,11.31408405303955,557.241943359375,0.09094569832086563,6.876739501953125,-,-,-,-,-
4,6400,17.593894958496094,11.432744026184082,563.9043579101562,0.07670234888792038,4.454061985015869,14.005110740661621,9.015262603759766,442.5111999511719,0.0804259404540062,4.843105316162109
4,6528,13.594523429870605,8.763049125671387,429.66619873046875,0.08521383255720139,4.495986461639404,-,-,-,-,-
4,6656,16.871810913085938,10.920042991638184,538.3770751953125,0.0827924981713295,4.852048397064209,-,-,-,-,-
4,6784,13.82453727722168,8.874780654907227,435.3102722167969,0.09028232097625732,5.0637102127075195,-,-,-,-,-
4,6912,20.586973190307617,13.40896224975586,663.1848754882812,0.08964839577674866,4.565124034881592,-,-,-,-,-
4,7040,18.36243438720703,11.87689208984375,586.2664794921875,0.09115801006555557,5.317198276519775,14.815824508666992,9.53221321105957,468.16314697265625,0.08984365314245224,5.12136697769165
4,7168,15.011236190795898,9.70152473449707,476.6337890625,0.0797843262553215,4.635882377624512,-,-,-,-,-
4,7296,17.90036964416504,11.55739688873291,569.7272338867188,0.08662264794111252,5.590783596038818,-,-,-,-,-
4,7424,19.720571517944336,12.731175422668457,628.4990234375,0.09132073074579239,6.1308512687683105,-,-,-,-,-
4,7552,17.979110717773438,11.70894718170166,577.9358520507812,0.08487820625305176,4.059254169464111,-,-,-,-,-
4,7680,11.335382461547852,7.262401580810547,355.2381896972656,0.08492528647184372,4.3567328453063965,9.229106903076172,5.88222074508667,285.7076416015625,0.08079858124256134,4.090115547180176
4,7808,23.375141143798828,15.298786163330078,758.4807739257812,0.0828358605504036,4.087097644805908,-,-,-,-,-
4,7936,11.824349403381348,7.5486860275268555,368.1823425292969,0.08676145225763321,5.070793628692627,-,-,-,-,-
4,8064,16.722923278808594,10.714872360229492,527.4511108398438,0.08934111893177032,6.441991329193115,-,-,-,-,-
4,8192,15.730191230773926,10.25201416015625,504.67498779296875,0.08099678158760071,3.5043158531188965,-,-,-,-,-
4,8320,20.562114715576172,13.349053382873535,659.9442749023438,0.08698181807994843,5.266355991363525,13.502897262573242,8.69843578338623,426.8265380859375,0.08609774708747864,4.500983238220215
4,8448,13.649202346801758,8.800930976867676,431.04852294921875,0.08946390450000763,4.483222961425781,-,-,-,-,-
4,8576,18.390777587890625,11.932869911193848,589.2260131835938,0.0903661921620369,4.75281286239624,-,-,-,-,-
4,8704,21.29038429260254,13.832283020019531,684.7109375,0.08876344561576843,5.222291469573975,-,-,-,-,-
4,8832,25.570499420166016,16.757972717285156,832.009521484375,0.08277714252471924,4.096551895141602,-,-,-,-,-
4,8960,18.642982482910156,12.062142372131348,596.0489501953125,0.08486470580101013,5.3548502922058105,18.419193267822266,12.021429061889648,592.4364624023438,0.08289354294538498,3.90507435798645
4,9088,17.490385055541992,11.461023330688477,566.0203247070312,0.0768609270453453,2.922971248626709,-,-,-,-,-
4,9216,20.135454177856445,13.162813186645508,650.8737182617188,0.08177217096090317,3.821314573287964,-,-,-,-,-
4,9344,20.103864669799805,13.111985206604004,648.3860473632812,0.09102688729763031,4.169926643371582,-,-,-,-,-
4,9472,16.999832153320312,10.911331176757812,537.7276611328125,0.0873229131102562,6.239022731781006,-,-,-,-,-
4,9600,14.058104515075684,8.981501579284668,440.8211975097656,0.09154699742794037,5.768439292907715,27.01979637145996,17.6341552734375,875.7805786132812,0.09080267697572708,5.370321750640869
4,9728,22.072635650634766,14.38192081451416,713.3230590820312,0.08520025759935379,4.7228498458862305,-,-,-,-,-
4,9856,15.782254219055176,10.274640083312988,506.5215759277344,0.08339355140924454,3.5900566577911377,-,-,-,-,-
4,9984,10.515172004699707,6.683113098144531,325.70526123046875,0.08448774367570877,4.905188083648682,-,-,-,-,-
4,10112,10.294018745422363,6.601813793182373,321.8629150390625,0.07560949772596359,3.9796667098999023,-,-,-,-,-
4,10240,10.655411720275879,6.8201985359191895,332.8105773925781,0.07937054336071014,4.277371406555176,14.506041526794434,9.279109001159668,456.4908447265625,0.08489251136779785,5.771324634552002
4,10368,19.58331298828125,12.690881729125977,627.594970703125,0.09067898988723755,5.258026123046875,-,-,-,-,-
4,10496,17.68206024169922,11.493980407714844,567.0091552734375,0.08768916130065918,4.3029913902282715,-,-,-,-,-
4,10624,19.4978084564209,12.587615966796875,622.591064453125,0.08854186534881592,5.957409858703613,-,-,-,-,-
4,10752,25.149381637573242,16.52393913269043,819.9451904296875,0.0807027816772461,3.452899694442749,-,-,-,-,-
4,10880,13.306617736816406,8.466145515441895,415.2176818847656,0.09051979333162308,5.977758884429932,16.8828067779541,10.926970481872559,538.6277465820312,0.08046196401119232,4.890966892242432
4,11008,16.682138442993164,10.702278137207031,527.5446166992188,0.08663712441921234,6.1777753829956055,-,-,-,-,-
4,11136,14.017766952514648,9.085006713867188,446.3758850097656,0.08230318874120712,3.8669917583465576,-,-,-,-,-
4,11264,14.519403457641602,9.39699649810791,462.2322082519531,0.08305620402097702,4.170286655426025,-,-,-,-,-
4,11392,19.214008331298828,12.52929401397705,618.4806518554688,0.08503887802362442,4.14869499206543,-,-,-,-,-
4,11520,11.460576057434082,7.323144912719727,357.26226806640625,0.08495932817459106,4.798499584197998,19.35593605041504,12.656222343444824,626.2718505859375,0.0839485228061676,3.5304577350616455
4,11648,20.36404037475586,13.259561538696289,655.3484497070312,0.09090238809585571,4.600921154022217,-,-,-,-,-
4,11776,23.43033790588379,15.351603507995605,760.3755493164062,0.0855715423822403,3.8940765857696533,-,-,-,-,-
4,11904,16.009342193603516,10.409717559814453,512.8681640625,0.09073474258184433,3.8020970821380615,-,-,-,-,-
4,12032,14.265641212463379,9.224533081054688,453.2947998046875,0.08622930943965912,4.2193121910095215,-,-,-,-,-
4,12160,13.375929832458496,8.602910041809082,422.2410583496094,0.08854693919420242,4.620622158050537,16.152183532714844,10.530563354492188,519.2526245117188,0.07591728866100311,3.53177547454834
4,12288,9.454195976257324,6.11108922958374,297.90240478515625,0.07578674703836441,2.8829703330993652,-,-,-,-,-
4,12416,12.958799362182617,8.380717277526855,411.3188781738281,0.0862925574183464,3.7860071659088135,-,-,-,-,-
4,12544,25.132732391357422,16.50893783569336,819.4652709960938,0.07343136519193649,3.557119131088257,-,-,-,-,-
4,12672,13.14866828918457,8.533032417297363,418.9255676269531,0.08177059143781662,3.44608998298645,-,-,-,-,-
4,12800,10.857209205627441,7.0028076171875,341.8179626464844,0.07609789818525314,3.6012494564056396,17.692625045776367,11.522180557250977,569.27294921875,0.08408556878566742,3.9362900257110596
4,12928,19.583650588989258,12.852987289428711,636.8078002929688,0.07486888766288757,2.8771510124206543,-,-,-,-,-
4,13056,18.211103439331055,11.893197059631348,587.4365844726562,0.08237669616937637,3.611632823944092,-,-,-,-,-
4,13184,16.65610122680664,10.82215690612793,534.570556640625,0.09009517729282379,3.9814453125,-,-,-,-,-
4,13312,11.842879295349121,7.591397762298584,371.51727294921875,0.08696512877941132,4.493434429168701,-,-,-,-,-
4,13440,19.91391372680664,13.011251449584961,644.0048217773438,0.07605823129415512,3.8655669689178467,24.697168350219727,16.166671752929688,802.5907592773438,0.08846720308065414,4.161220550537109
4,13568,17.388168334960938,11.266247749328613,556.1592407226562,0.08793389797210693,4.723954200744629,-,-,-,-,-
4,13696,16.588130950927734,10.707561492919922,528.1648559570312,0.07839847356081009,5.205232620239258,-,-,-,-,-
4,13824,14.869742393493652,9.629510879516602,474.39111328125,0.07989973574876785,4.164209365844727,-,-,-,-,-
4,13952,20.184284210205078,13.173462867736816,651.9385986328125,0.08244868367910385,4.089874744415283,-,-,-,-,-
4,14080,11.251629829406738,7.153876781463623,349.5634765625,0.08286070823669434,5.192571640014648,11.923981666564941,7.557156562805176,370.0943298339844,0.08636912703514099,5.795128345489502
4,14208,16.062467575073242,10.440824508666992,514.7471313476562,0.0763092190027237,3.978623867034912,-,-,-,-,-
4,14336,17.463760375976562,11.358156204223633,560.4251098632812,0.09027927368879318,4.110754489898682,-,-,-,-,-
4,14464,17.803878784179688,11.4805269241333,566.4520874023438,0.07917438447475433,5.796561241149902,-,-,-,-,-
4,14592,19.825912475585938,13.026484489440918,644.9795532226562,0.07173164933919907,2.779010534286499,-,-,-,-,-
4,14720,12.166224479675293,7.681288719177246,376.3281555175781,0.08146344125270844,6.401900768280029,11.488920211791992,7.23226261138916,353.7147216796875,0.08293162286281586,6.365791320800781
4,14848,19.993661880493164,12.79957103729248,633.2001953125,0.09394708275794983,7.681434154510498,-,-,-,-,-
4,14976,18.497478485107422,11.9336519241333,589.8353881835938,0.08267577737569809,5.82797908782959,-,-,-,-,-
4,15104,18.175617218017578,11.886711120605469,587.6528930664062,0.08179677277803421,3.305788278579712,-,-,-,-,-
4,15232,15.317754745483398,9.871339797973633,487.0299377441406,0.08023124188184738,4.958844184875488,-,-,-,-,-
4,15360,16.39299774169922,10.747041702270508,530.9052124023438,0.06969238072633743,2.672109842300415,22.714771270751953,14.903511047363281,738.7186279296875,0.0697258934378624,3.5434939861297607
4,15488,19.068222045898438,12.363483428955078,610.9815063476562,0.08851613104343414,5.064062595367432,-,-,-,-,-
4,15616,18.383874893188477,11.974708557128906,592.1555786132812,0.07341701537370682,4.14193868637085,-,-,-,-,-
4,15744,14.562972068786621,9.465123176574707,466.2620849609375,0.08259835094213486,3.5262951850891113,-,-,-,-,-
4,15872,16.051105499267578,10.349103927612305,510.0323181152344,0.08432824164628983,5.173510551452637,-,-,-,-,-
4,16000,23.254352569580078,15.19554328918457,753.7061767578125,0.07853862643241882,4.432093620300293,12.03026008605957,7.791701316833496,381.95477294921875,0.0850406363606453,3.3397016525268555
4,16128,17.48957633972168,11.384852409362793,563.1519165039062,0.08400356769561768,3.8920304775238037,-,-,-,-,-
4,16256,18.5512638092041,12.034100532531738,595.2842407226562,0.08316823095083237,4.811527729034424,-,-,-,-,-
4,16384,19.22466278076172,12.582127571105957,622.94189453125,0.07786370813846588,3.3525230884552,-,-,-,-,-
4,16512,21.210556030273438,13.90259075164795,689.5576171875,0.08215413242578506,3.302373170852661,-,-,-,-,-
4,16640,20.431358337402344,13.373268127441406,662.1747436523438,0.07810988277196884,3.582334280014038,18.71334457397461,12.190777778625488,603.090576171875,0.08636698126792908,4.052950382232666
4,16768,11.641980171203613,7.53188943862915,368.8405456542969,0.08322115242481232,3.3846418857574463,-,-,-,-,-
4,16896,29.528213500976562,19.31666374206543,960.7901611328125,0.0962669774889946,5.073807716369629,-,-,-,-,-
4,17024,20.894372940063477,13.557182312011719,671.2239990234375,0.08535318076610565,5.395968437194824,-,-,-,-,-
4,17152,13.133872985839844,8.463167190551758,415.2822570800781,0.09060648828744888,4.272770404815674,-,-,-,-,-
4,17280,13.990273475646973,9.046472549438477,444.2023010253906,0.08465619385242462,4.171231746673584,14.5795316696167,9.41596508026123,463.314453125,0.07664349675178528,4.537781715393066
4,17408,15.197800636291504,9.698208808898926,476.8359375,0.08842398226261139,6.428084850311279,-,-,-,-,-
4,17536,11.346569061279297,7.181055545806885,351.47723388671875,0.07783035933971405,5.7291131019592285,-,-,-,-,-
4,17664,19.217832565307617,12.567241668701172,622.1203002929688,0.08703525364398956,3.423522472381592,-,-,-,-,-
4,17792,14.89814567565918,9.38332748413086,461.3607482910156,0.0834609791636467,8.177499771118164,-,-,-,-,-
4,17920,18.483877182006836,11.856493949890137,585.78076171875,0.07833448797464371,6.9123992919921875,13.122180938720703,8.476036071777344,417.11871337890625,0.07953868806362152,3.9541966915130615
4,18048,21.704893112182617,14.152533531188965,701.9966430664062,0.07954107969999313,4.528528213500977,-,-,-,-,-
4,18176,20.747779846191406,13.08559513092041,647.9691772460938,0.08500765264034271,10.974861145019531,-,-,-,-,-
4,18304,17.969566345214844,11.51866340637207,568.7340087890625,0.07643354684114456,6.871297836303711,-,-,-,-,-
4,18432,18.2584171295166,11.751778602600098,581.1444702148438,0.08842436224222183,6.06769323348999,-,-,-,-,-
4,18560,16.60498046875,10.330944061279297,509.21600341796875,0.07610809803009033,11.057695388793945,12.772024154663086,8.17221450805664,401.254638671875,0.07915055006742477,5.0811309814453125
4,18688,9.731743812561035,6.1807146072387695,300.8343200683594,0.079631507396698,4.63053560256958,-,-,-,-,-
4,18816,13.729676246643066,8.630208015441895,424.2311706542969,0.07442198693752289,7.82734489440918,-,-,-,-,-
4,18944,17.968175888061523,11.305514335632324,558.2152099609375,0.08241495490074158,9.980950355529785,-,-,-,-,-
4,19072,20.86986541748047,13.336710929870605,660.7268676757812,0.08641481399536133,8.394721031188965,-,-,-,-,-
4,19200,14.602909088134766,9.330767631530762,459.32611083984375,0.07386495172977448,6.050161361694336,24.11745834350586,15.734234809875488,781.0125732421875,0.07635702937841415,4.967398643493652
4,19328,19.388263702392578,12.689566612243652,628.2540893554688,0.0707986056804657,3.4535763263702393,-,-,-,-,-
4,19456,14.872353553771973,9.512651443481445,468.3154602050781,0.08440757542848587,5.921395778656006,-,-,-,-,-
4,19584,10.473745346069336,6.591691017150879,321.5968933105469,0.08086340129375458,5.852224349975586,-,-,-,-,-
4,19712,22.893869400024414,14.875419616699219,737.3797607421875,0.07461154460906982,5.700397491455078,-,-,-,-,-
4,19840,16.573530197143555,10.691883087158203,527.4361572265625,0.0809834748506546,5.2630157470703125,23.251020431518555,15.153546333312988,752.1952514648438,0.08374260365962982,4.9177985191345215
4,19968,13.309176445007324,8.500978469848633,417.7576904296875,0.08895082771778107,5.4166998863220215,-,-,-,-,-
4,20096,17.279783248901367,11.085148811340332,547.6760864257812,0.08950374275445938,6.283697605133057,-,-,-,-,-
4,20224,12.170764923095703,7.858177661895752,385.5111083984375,0.07779260724782944,3.796839714050293,-,-,-,-,-
4,20352,12.328408241271973,7.936084270477295,388.6875915527344,0.0784308910369873,4.270175933837891,-,-,-,-,-
4,20480,17.290307998657227,11.219927787780762,554.2448120117188,0.07517696917057037,4.527568340301514,11.900577545166016,7.73200798034668,378.27862548828125,0.07546599209308624,3.103170394897461
4,20608,16.557615280151367,10.823812484741211,534.56103515625,0.08035141229629517,3.078425168991089,-,-,-,-,-
4,20736,17.04178810119629,10.977471351623535,541.5997924804688,0.07277358323335648,5.755466461181641,-,-,-,-,-
4,20864,20.313188552856445,13.346360206604004,661.5345458984375,0.07230285555124283,2.791783332824707,-,-,-,-,-
4,20992,12.43202018737793,7.81496000289917,383.0101318359375,0.08318116515874863,7.037777900695801,-,-,-,-,-
4,21120,14.638205528259277,9.203607559204102,452.8145446777344,0.07973436266183853,8.267186164855957,15.26173210144043,9.92844009399414,489.4101257324219,0.0752059817314148,3.6398470401763916
4,21248,11.574197769165039,7.501408100128174,367.6095886230469,0.07789750397205353,3.187971591949463,-,-,-,-,-
4,21376,19.376811981201172,12.486393928527832,618.0596923828125,0.07622469216585159,6.335962295532227,-,-,-,-,-
4,21504,16.502643585205078,10.789843559265137,532.8887329101562,0.08210238069295883,3.018113613128662,-,-,-,-,-
4,21632,15.220624923706055,9.682498931884766,477.6535949707031,0.08388601988554001,6.777042865753174,-,-,-,-,-
4,21760,13.265419960021973,8.538485527038574,419.2389221191406,0.0830654501914978,4.514795303344727,11.556897163391113,7.4556403160095215,365.5627746582031,0.06717643141746521,3.7845189571380615
4,21888,15.480610847473145,10.038991928100586,494.9610595703125,0.07986341416835785,4.1214470863342285,-,-,-,-,-
4,22016,16.09827423095703,10.313847541809082,508.52166748046875,0.08059024065732956,6.186206340789795,-,-,-,-,-
4,22144,14.632208824157715,9.513973236083984,468.4266662597656,0.07276343554258347,3.6120502948760986,-,-,-,-,-
4,22272,21.680240631103516,14.145334243774414,701.4331665039062,0.07569570094347,4.448791027069092,-,-,-,-,-
4,22400,10.786961555480957,6.859189987182617,335.06939697265625,0.0801641047000885,4.969139575958252,10.670215606689453,6.812749862670898,332.43170166015625,0.09268251061439514,4.404658794403076
4,22528,14.787145614624023,9.628722190856934,475.1978759765625,0.07818572968244553,3.282585620880127,-,-,-,-,-
4,22656,15.128886222839355,9.858391761779785,486.3699035644531,0.0751020684838295,3.3169331550598145,-,-,-,-,-
4,22784,14.139481544494629,9.218161582946777,453.64813232421875,0.0691506490111351,3.15688157081604,-,-,-,-,-
4,22912,13.901530265808105,8.984046936035156,442.58392333984375,0.07679367065429688,4.1485090255737305,-,-,-,-,-
4,23040,12.7079496383667,8.276039123535156,406.2525939941406,0.07410522550344467,2.9527931213378906,14.491935729980469,9.340492248535156,459.8086242675781,0.08785553276538849,4.655020236968994
4,23168,14.816213607788086,9.605575561523438,473.4366760253906,0.07636313885450363,3.9990854263305664,-,-,-,-,-
4,23296,12.705120086669922,8.262221336364746,406.3623962402344,0.072916179895401,3.063587188720703,-,-,-,-,-
4,23424,16.51807403564453,10.698623657226562,527.842041015625,0.0863901749253273,4.546390056610107,-,-,-,-,-
4,23552,17.140743255615234,11.107969284057617,549.1166381835938,0.06755831837654114,4.740493297576904,-,-,-,-,-
4,23680,22.172073364257812,14.590303421020508,725.0746459960938,0.06972353160381317,2.6130151748657227,17.87015724182129,11.53144645690918,570.682861328125,0.08256953209638596,5.493134021759033
4,23808,15.08644962310791,9.572096824645996,471.62176513671875,0.08501271903514862,7.131221294403076,-,-,-,-,-
4,23936,19.92494010925293,12.916255950927734,639.7053833007812,0.08118241280317307,5.304487228393555,-,-,-,-,-
4,24064,9.77077579498291,6.248122215270996,304.8905944824219,0.08109588921070099,3.9265263080596924,-,-,-,-,-
4,24192,11.731220245361328,7.278981685638428,356.5967712402344,0.08162124454975128,8.04649829864502,-,-,-,-,-
4,24320,15.214839935302734,9.867079734802246,486.8017578125,0.08032035827636719,3.9942140579223633,16.474262237548828,10.703307151794434,528.8579711914062,0.07594792544841766,4.064274787902832
4,24448,17.341936111450195,11.149662971496582,550.4299926757812,0.09163208305835724,5.963400363922119,-,-,-,-,-
4,24576,13.991671562194824,8.793872833251953,432.7673034667969,0.07387596368789673,7.962498188018799,-,-,-,-,-
4,24704,10.904497146606445,7.022593975067139,343.584228515625,0.07563445717096329,3.7042715549468994,-,-,-,-,-
4,24832,16.683012008666992,10.362884521484375,512.3203125,0.07268203794956207,11.242413520812988,-,-,-,-,-
4,24960,12.310253143310547,7.959877014160156,390.9937438964844,0.0798063725233078,3.6063265800476074,17.847103118896484,11.306463241577148,559.1563720703125,0.07396357506513596,8.75112247467041
4,25088,13.939632415771484,8.659805297851562,425.6409606933594,0.0829930528998375,9.404240608215332,-,-,-,-,-
4,25216,9.338747024536133,6.035462856292725,295.0443115234375,0.0668102353811264,2.860304594039917,-,-,-,-,-
4,25344,17.11725425720215,10.92509651184082,540.0213623046875,0.07420744001865387,7.177373886108398,-,-,-,-,-
4,25472,14.943768501281738,9.69091796875,477.790283203125,0.07470675557851791,4.002406120300293,-,-,-,-,-
4,25600,12.555793762207031,7.848599433898926,385.3702392578125,0.0782177597284317,7.75274133682251,25.834379196166992,16.542234420776367,821.7261962890625,0.07985363900661469,9.95031452178955
4,25728,17.564607620239258,11.055285453796387,546.474365234375,0.07676491886377335,9.678133964538574,-,-,-,-,-
4,25856,16.420944213867188,10.781558990478516,533.1032104492188,0.07370692491531372,2.346461296081543,-,-,-,-,-
4,25984,23.9258975982666,15.456544876098633,767.6395263671875,0.06667425483465195,7.262827396392822,-,-,-,-,-
4,26112,13.541236877441406,8.8159761428833,433.69842529296875,0.07577269524335861,3.125049114227295,-,-,-,-,-
4,26130,34.7397575378418,22.613605499267578,1126.763916015625,0.0825461819767952,7.759658336639404,11.479601860046387,7.215885639190674,353.8415222167969,0.07748262584209442,6.478183746337891
5,128,20.836883544921875,13.490189552307129,669.6517333984375,0.07973319292068481,5.704446792602539,-,-,-,-,-
5,256,14.71379280090332,9.527180671691895,470.1189880371094,0.07742307335138321,4.079992771148682,-,-,-,-,-
5,384,18.7003116607666,12.116303443908691,599.6119384765625,0.07567094266414642,5.122176170349121,-,-,-,-,-
5,512,12.648159980773926,8.187931060791016,401.9566650390625,0.07400064170360565,3.6666243076324463,-,-,-,-,-
5,640,14.87341022491455,9.567252159118652,471.6469421386719,0.07235169410705566,5.173370838165283,29.266307830810547,19.249269485473633,958.1361083984375,0.08377314358949661,3.5190482139587402
5,768,8.259757995605469,5.355463027954102,260.7857971191406,0.06843317300081253,2.2800402641296387,-,-,-,-,-
5,896,16.77529525756836,10.832253456115723,534.8587036132812,0.07664735615253448,5.178096294403076,-,-,-,-,-
5,1024,17.189420700073242,11.229458808898926,555.5320434570312,0.07754465937614441,3.2709736824035645,-,-,-,-,-
5,1152,18.391033172607422,11.896659851074219,588.5244140625,0.08071374148130417,5.284150123596191,-,-,-,-,-
5,1280,11.801970481872559,7.507465362548828,368.3688659667969,0.07166215032339096,5.391542434692383,12.280742645263672,7.931739807128906,389.6270751953125,0.07802802324295044,3.7470436096191406
5,1408,19.71800994873047,12.880330085754395,638.5726318359375,0.07310427725315094,3.788489818572998,-,-,-,-,-
5,1536,18.869531631469727,12.307701110839844,609.7252807617188,0.06609839200973511,3.984790802001953,-,-,-,-,-
5,1664,9.521848678588867,6.014163017272949,292.84527587890625,0.07737546414136887,5.018580913543701,-,-,-,-,-
5,1792,15.928818702697754,10.109747886657715,498.78564453125,0.07839138060808182,7.528226852416992,-,-,-,-,-
5,1920,14.50696849822998,9.450136184692383,466.8731384277344,0.06813908368349075,3.199618101119995,18.77351951599121,12.14259147644043,600.82470703125,0.072921022772789,5.497594833374023
5,2048,13.715821266174316,8.664789199829102,426.5527648925781,0.08002613484859467,7.054782390594482,-,-,-,-,-
5,2176,13.331826210021973,8.621088027954102,424.61553955078125,0.07997651398181915,3.8460745811462402,-,-,-,-,-
5,2304,17.217662811279297,11.028543472290039,545.03662109375,0.07764049619436264,6.611143112182617,-,-,-,-,-
5,2432,14.95710563659668,9.622380256652832,474.6490783691406,0.0777050033211708,5.105293273925781,-,-,-,-,-
5,2560,11.514139175415039,7.363961219787598,361.486328125,0.07496493309736252,4.603504180908203,21.03050422668457,13.530245780944824,671.0077514648438,0.0721970647573471,7.1798481941223145
5,2688,12.477216720581055,7.709641933441162,378.3904724121094,0.08267243206501007,9.009977340698242,-,-,-,-,-
5,2816,14.021005630493164,9.089900970458984,448.57232666015625,0.06848479807376862,3.7689568996429443,-,-,-,-,-
5,2944,13.433444023132324,8.541448593139648,420.5967102050781,0.07218252867460251,6.138455390930176,-,-,-,-,-
5,3072,11.555317878723145,7.334465503692627,360.01739501953125,0.0819573625922203,5.38721227645874,-,-,-,-,-
5,3200,19.72513771057129,12.755552291870117,631.586181640625,0.07538877427577972,5.783351421356201,11.56423282623291,7.324886322021484,358.98681640625,0.08083321154117584,5.6864495277404785
5,3328,19.5346736907959,12.65868091583252,627.30419921875,0.0705779492855072,5.3237409591674805,-,-,-,-,-
5,3456,15.305092811584473,9.931442260742188,490.1026916503906,0.07346037030220032,3.991635799407959,-,-,-,-,-
5,3584,12.643611907958984,8.043990135192871,395.22772216796875,0.08100037276744843,5.663447380065918,-,-,-,-,-
5,3712,7.551646709442139,4.809550762176514,232.81765747070312,0.0652802363038063,3.486388683319092,-,-,-,-,-
5,3840,19.989694595336914,13.11235523223877,650.6354370117188,0.07132937759160995,2.9965550899505615,10.332576751708984,6.623852252960205,323.8199157714844,0.0761817991733551,3.943443775177002
5,3968,14.003058433532715,9.173954010009766,452.0019836425781,0.06961432844400406,2.3947017192840576,-,-,-,-,-
5,4096,14.749385833740234,9.602746963500977,474.0569763183594,0.07610476016998291,3.2996346950531006,-,-,-,-,-
5,4224,11.886903762817383,7.601339817047119,373.90301513671875,0.0807156041264534,4.658182144165039,-,-,-,-,-
5,4352,11.549739837646484,7.45343542098999,366.74249267578125,0.07395525276660919,3.5492398738861084,-,-,-,-,-
5,4480,15.39684009552002,10.019535064697266,495.2637634277344,0.07879391312599182,3.4587368965148926,10.654698371887207,6.880993366241455,337.4081726074219,0.06904418766498566,3.305788516998291
5,4608,13.163603782653809,8.512524604797363,418.80657958984375,0.07619915902614594,3.868143081665039,-,-,-,-,-
5,4736,12.742318153381348,8.211840629577637,403.8974914550781,0.07547849416732788,4.160243988037109,-,-,-,-,-
5,4864,21.31739044189453,14.033905029296875,696.2479858398438,0.06636203080415726,2.5464365482330322,-,-,-,-,-
5,4992,8.315048217773438,5.312897205352783,258.5072326660156,0.06786070019006729,3.492180585861206,-,-,-,-,-
5,5120,13.081297874450684,8.557000160217285,421.27947998046875,0.06908183544874191,2.4242095947265625,15.078441619873047,9.741300582885742,479.7987060546875,0.07378195226192474,4.653717041015625
5,5248,12.769027709960938,8.165457725524902,401.5532531738281,0.08040115982294083,5.076362609863281,-,-,-,-,-
5,5376,12.010625839233398,7.7123122215271,377.99017333984375,0.07839349657297134,4.400174140930176,-,-,-,-,-
5,5504,14.353567123413086,9.267210960388184,457.1324462890625,0.07616372406482697,4.3886823654174805,-,-,-,-,-
5,5632,13.588050842285156,8.646944999694824,426.0290832519531,0.07996465265750885,6.008498191833496,-,-,-,-,-
5,5760,11.964676856994629,7.739482879638672,380.5339660644531,0.08216239511966705,3.376912832260132,18.237882614135742,11.88219928741455,588.7083129882812,0.07334118336439133,3.9525740146636963
5,5888,14.20901107788086,9.222783088684082,455.35369873046875,0.07659965753555298,3.5609192848205566,-,-,-,-,-
5,6016,14.781917572021484,9.646142959594727,476.6019287109375,0.0771070048213005,2.9264707565307617,-,-,-,-,-
5,6144,13.699307441711426,8.918227195739746,440.1931457519531,0.07100407034158707,3.081454038619995,-,-,-,-,-
5,6272,15.86894416809082,10.366374015808105,513.13818359375,0.07282598316669464,2.9836277961730957,-,-,-,-,-
5,6400,15.774667739868164,10.322580337524414,511.2242431640625,0.0664881244301796,2.733574151992798,12.46738338470459,8.157279014587402,402.00732421875,0.06229645013809204,2.2773451805114746
5,6528,12.474516868591309,8.08381175994873,398.0119934082031,0.0724286437034607,3.381568193435669,-,-,-,-,-
5,6656,20.90160369873047,13.61178970336914,674.51708984375,0.08463522791862488,4.600095748901367,-,-,-,-,-
5,6784,10.978446960449219,7.063795566558838,346.55694580078125,0.06777793914079666,3.8130383491516113,-,-,-,-,-
5,6912,11.273198127746582,7.3419365882873535,360.72314453125,0.07003877311944962,2.5399155616760254,-,-,-,-,-
5,7040,9.230929374694824,5.818004131317139,284.0204162597656,0.07207191735506058,5.006494522094727,11.019036293029785,7.174011707305908,353.39447021484375,0.062211111187934875,2.488690137863159
5,7168,14.390905380249023,9.41784381866455,463.776123046875,0.06792817264795303,2.6737253665924072,-,-,-,-,-
5,7296,11.968210220336914,7.737970352172852,380.71905517578125,0.07208441942930222,3.509652614593506,-,-,-,-,-
5,7424,20.02256202697754,13.06762409210205,648.2315063476562,0.076567642390728,3.9605793952941895,-,-,-,-,-
5,7552,18.175870895385742,11.907490730285645,590.4766235351562,0.07910793274641037,2.8450779914855957,-,-,-,-,-
5,7680,21.477157592773438,14.11591625213623,700.4576416015625,0.06995681673288345,2.867065906524658,14.310790061950684,9.278481483459473,457.4807434082031,0.07592896372079849,3.8157296180725098
5,7808,13.646267890930176,8.945696830749512,441.3373107910156,0.06086733937263489,2.263310670852661,-,-,-,-,-
5,7936,9.399930953979492,6.0665812492370605,296.11688232421875,0.07463925331830978,2.975419282913208,-,-,-,-,-
5,8064,19.209293365478516,12.560127258300781,621.624755859375,0.07826816290616989,3.5465126037597656,-,-,-,-,-
5,8192,10.970175743103027,7.022670269012451,343.8739013671875,0.07441354542970657,4.343536853790283,-,-,-,-,-
5,8320,20.025484085083008,13.036462783813477,646.54296875,0.07276879251003265,4.508220672607422,14.690648078918457,9.498515129089355,468.9781494140625,0.07811664044857025,4.24235725402832
5,8448,11.392200469970703,7.321223735809326,359.4322509765625,0.06912048161029816,4.0753326416015625,-,-,-,-,-
5,8576,18.783710479736328,12.323166847229004,611.0100708007812,0.07276731729507446,2.77675724029541,-,-,-,-,-
5,8704,10.147102355957031,6.5633087158203125,321.5130920410156,0.07402420789003372,2.946390151977539,-,-,-,-,-
5,8832,15.032999038696289,9.76342487335205,482.0362548828125,0.07123401015996933,3.7797741889953613,-,-,-,-,-
5,8960,17.024059295654297,11.13821029663086,551.2061157226562,0.07156997919082642,3.022169828414917,13.324292182922363,8.568448066711426,421.5652770996094,0.08219906687736511,4.579927444458008
5,9088,17.32459259033203,11.298335075378418,559.4991455078125,0.07285966724157333,3.5840728282928467,-,-,-,-,-
5,9216,13.86780834197998,8.979279518127441,442.7823181152344,0.08409247547388077,3.766139507293701,-,-,-,-,-
5,9344,13.0206298828125,8.435419082641602,415.3539733886719,0.07511084526777267,3.565609931945801,-,-,-,-,-
5,9472,17.87642478942871,11.715547561645508,580.87353515625,0.07239338755607605,2.797480821609497,-,-,-,-,-
5,9600,19.150428771972656,12.615033149719238,624.5493774414062,0.06698498129844666,2.2291784286499023,22.3395938873291,14.686067581176758,729.8284912109375,0.07353437691926956,2.817084789276123
5,9728,17.167617797851562,11.211966514587402,554.5123291015625,0.07810241729021072,3.324251651763916,-,-,-,-,-
5,9856,13.246070861816406,8.621306419372559,424.0102844238281,0.07292181253433228,3.117396116256714,-,-,-,-,-
5,9984,12.091240882873535,7.907182693481445,388.81768798828125,0.06835325807332993,2.275275230407715,-,-,-,-,-
5,10112,18.373414993286133,12.058576583862305,597.357421875,0.07183605432510376,2.6942782402038574,-,-,-,-,-
5,10240,18.966142654418945,12.369257926940918,612.9699096679688,0.0899166390299797,3.7726895809173584,8.686856269836426,5.611476421356201,273.616455078125,0.06929192692041397,2.699230194091797
5,10368,14.754720687866211,9.658608436584473,477.0470886230469,0.0681842714548111,2.574573516845703,-,-,-,-,-
5,10496,9.467453002929688,6.0954413414001465,297.7365417480469,0.07499611377716064,3.1965019702911377,-,-,-,-,-
5,10624,13.177739143371582,8.57773494720459,422.38861083984375,0.07509104162454605,3.010274887084961,-,-,-,-,-
5,10752,18.222614288330078,11.958856582641602,591.80859375,0.07440022379159927,2.712718963623047,-,-,-,-,-
5,10880,12.670494079589844,8.313989639282227,409.63165283203125,0.06837217509746552,1.9181615114212036,12.743127822875977,8.3080472946167,408.7429504394531,0.07482165843248367,2.728292465209961
5,11008,9.72913646697998,6.294766902923584,307.89874267578125,0.07473696768283844,2.80645489692688,-,-,-,-,-
5,11136,16.961700439453125,11.10672664642334,549.7482299804688,0.06074053421616554,2.9674835205078125,-,-,-,-,-
5,11264,15.188356399536133,9.934772491455078,490.57049560546875,0.0728425458073616,2.7503674030303955,-,-,-,-,-
5,11392,11.563068389892578,7.548102855682373,371.3602294921875,0.06598420441150665,2.3537914752960205,-,-,-,-,-
5,11520,6.954419136047363,4.4023847579956055,213.04087829589844,0.06988822668790817,3.5173773765563965,15.46556282043457,10.089555740356445,498.7160949707031,0.07275412231683731,3.1609268188476562
5,11648,16.281896591186523,10.647489547729492,527.131103515625,0.06970056146383286,2.9339587688446045,-,-,-,-,-
5,11776,11.10539436340332,7.221365928649902,354.68377685546875,0.08041007816791534,2.567808151245117,-,-,-,-,-
5,11904,11.904115676879883,7.769213676452637,381.8204345703125,0.0681162029504776,2.485816478729248,-,-,-,-,-
5,12032,13.483548164367676,8.74621868133545,431.0541687011719,0.07678522169589996,3.5000250339508057,-,-,-,-,-
5,12160,13.842490196228027,9.010863304138184,444.8678283691406,0.0691639631986618,3.137850284576416,16.26278305053711,10.611425399780273,524.1018676757812,0.07600823789834976,3.3433237075805664
5,12288,9.522966384887695,6.178717136383057,302.55682373046875,0.07284501194953918,2.458355188369751,-,-,-,-,-
5,12416,20.48140525817871,13.375231742858887,663.255859375,0.07526551187038422,3.983489513397217,-,-,-,-,-
5,12544,9.946961402893066,6.309859275817871,308.5016784667969,0.06997854262590408,4.821060657501221,-,-,-,-,-
5,12672,12.133769989013672,7.6765217781066895,376.93170166015625,0.07356157898902893,6.143690586090088,-,-,-,-,-
5,12800,14.099455833435059,9.116321563720703,449.4299011230469,0.076332688331604,4.125019073486328,10.430245399475098,6.690374851226807,328.1108703613281,0.07578200101852417,3.8298070430755615
5,12928,12.026815414428711,7.830920219421387,384.8889465332031,0.07098666578531265,2.7601871490478516,-,-,-,-,-
5,13056,19.100740432739258,12.452064514160156,617.8411865234375,0.06667881458997726,4.03584623336792,-,-,-,-,-
5,13184,16.496246337890625,10.75386905670166,532.5797119140625,0.07287623733282089,3.437044620513916,-,-,-,-,-
5,13312,14.110896110534668,9.163057327270508,451.4243469238281,0.07252111285924911,3.610736131668091,-,-,-,-,-
5,13440,15.006571769714355,9.66678524017334,477.1573181152344,0.07570189237594604,4.925121784210205,15.581869125366211,9.763395309448242,481.76019287109375,0.08001084625720978,9.208616256713867
5,13568,15.428934097290039,9.68725872039795,478.4477844238281,0.07601747661828995,8.811796188354492,-,-,-,-,-
5,13696,11.605866432189941,6.949355602264404,341.1005859375,0.0691276416182518,11.763771057128906,-,-,-,-,-
5,13824,15.038060188293457,9.735322952270508,480.50079345703125,0.07185915112495422,4.258695125579834,-,-,-,-,-
5,13952,11.083000183105469,7.102212905883789,349.202392578125,0.06480709463357925,4.239572048187256,-,-,-,-,-
5,14080,14.43416976928711,9.100590705871582,448.8036193847656,0.07208650559186935,7.734569072723389,12.460173606872559,7.921218395233154,389.7032470703125,0.06862401962280273,5.7329888343811035
5,14208,13.345649719238281,8.59080696105957,424.11865234375,0.05988810211420059,4.53768253326416,-,-,-,-,-
5,14336,13.867655754089355,8.996368408203125,444.5686950683594,0.06776193529367447,3.578383445739746,-,-,-,-,-
5,14464,8.23029899597168,4.860091686248779,236.56495666503906,0.07810785621404648,9.264500617980957,-,-,-,-,-
5,14592,16.052745819091797,10.27552604675293,509.3990173339844,0.07493633776903152,6.08293342590332,-,-,-,-,-
5,14720,17.36094856262207,11.426229476928711,566.1654663085938,0.06201544031500816,2.1105096340179443,11.303199768066406,7.094860553741455,348.4154052734375,0.07284006476402283,6.513450622558594
5,14848,14.005768775939941,8.898518562316895,439.2557067871094,0.06851726025342941,6.461750030517578,-,-,-,-,-
5,14976,11.5283203125,7.30550479888916,358.2888488769531,0.0721348449587822,5.677915573120117,-,-,-,-,-
5,15104,16.99246597290039,11.031911849975586,545.4954833984375,0.07432865351438522,4.312697410583496,-,-,-,-,-
5,15232,7.868130207061768,4.85707426071167,235.98411560058594,0.06644933670759201,5.847660541534424,-,-,-,-,-
5,15360,14.327659606933594,9.241480827331543,456.4176940917969,0.07366147637367249,4.483397006988525,9.71161937713623,6.3451056480407715,311.0029296875,0.05611470341682434,2.003685712814331
5,15488,12.42335319519043,8.063159942626953,396.2613525390625,0.07231461256742477,3.2526586055755615,-,-,-,-,-
5,15616,12.519793510437012,7.995018005371094,393.0844421386719,0.07324246317148209,5.206892967224121,-,-,-,-,-
5,15744,15.601873397827148,9.789682388305664,484.0668029785156,0.0825047567486763,8.890182495117188,-,-,-,-,-
5,15872,11.638751983642578,7.058474063873291,346.82452392578125,0.070247121155262,10.41786003112793,-,-,-,-,-
5,16000,17.816478729248047,11.704604148864746,580.424072265625,0.06529948860406876,2.4233529567718506,15.858322143554688,9.846527099609375,486.4460144042969,0.0697970762848854,10.775376319885254
5,16128,11.266427993774414,6.810153961181641,334.6009826660156,0.07260194420814514,10.376620292663574,-,-,-,-,-
5,16256,10.173013687133789,5.407890319824219,263.4441223144531,0.06883542984724045,20.61846160888672,-,-,-,-,-
5,16384,10.07788372039795,6.094666004180908,298.21649169921875,0.06628501415252686,9.347677230834961,-,-,-,-,-
5,16512,10.073208808898926,6.378020286560059,312.7292175292969,0.06054229661822319,5.073549270629883,-,-,-,-,-
5,16640,11.31889820098877,6.8939337730407715,338.40753173828125,0.0696534588932991,9.712349891662598,13.660090446472168,8.698892593383789,428.4968566894531,0.07760611921548843,5.9862284660339355
5,16768,12.179242134094238,7.748007774353027,380.75311279296875,0.07545340061187744,5.482489109039307,-,-,-,-,-
5,16896,14.576007843017578,9.231599807739258,455.9816589355469,0.07081149518489838,7.137799263000488,-,-,-,-,-
5,17024,15.557568550109863,10.016335487365723,495.0319519042969,0.06599210202693939,5.249218463897705,-,-,-,-,-
5,17152,11.61528205871582,7.2871479988098145,357.7613830566406,0.08138827979564667,6.691319942474365,-,-,-,-,-
5,17280,13.285650253295898,8.020883560180664,395.0655517578125,0.06371881067752838,12.503925323486328,16.30154800415039,10.611554145812988,525.1907958984375,0.0709703117609024,3.6711556911468506
5,17408,11.161991119384766,7.248061656951904,356.0382080078125,0.0652865320444107,2.8826141357421875,-,-,-,-,-
5,17536,20.0012264251709,11.913907051086426,589.8543701171875,0.08247829973697662,21.062984466552734,-,-,-,-,-
5,17664,18.521533966064453,9.508631706237793,469.1907958984375,0.06612744927406311,42.548667907714844,-,-,-,-,-
5,17792,10.592620849609375,6.862155914306641,337.2774658203125,0.07304195314645767,2.846489191055298,-,-,-,-,-
5,17920,22.711288452148438,12.17094612121582,603.3085327148438,0.07658436894416809,44.306724548339844,12.31744384765625,6.6017537117004395,324.406494140625,0.06210775300860405,24.095176696777344
5,18048,10.61953353881836,5.10603666305542,249.43185424804688,0.06805139034986496,29.511266708374023,-,-,-,-,-
5,18176,16.147077560424805,9.569072723388672,473.2156066894531,0.07021062076091766,17.756383895874023,-,-,-,-,-
5,18304,13.295164108276367,6.918354034423828,339.9103698730469,0.06869568675756454,29.090112686157227,-,-,-,-,-
5,18432,14.75805950164795,8.646415710449219,426.329345703125,0.06672845780849457,17.81621551513672,-,-,-,-,-
5,18560,18.36510467529297,10.35209846496582,511.6977233886719,0.06448385864496231,28.31544303894043,15.655661582946777,9.153420448303223,451.4519958496094,0.06813564151525497,19.195865631103516
5,18688,16.20956802368164,9.398635864257812,464.0102844238281,0.06786823272705078,21.029605865478516,-,-,-,-,-
5,18816,14.928220748901367,6.52714204788208,320.13250732421875,0.06989508867263794,51.298583984375,-,-,-,-,-
5,18944,11.46815013885498,7.1839213371276855,352.82366943359375,0.06265494972467422,6.933378219604492,-,-,-,-,-
5,19072,15.146060943603516,7.517975330352783,369.4209899902344,0.08059804141521454,38.53278350830078,-,-,-,-,-
5,19200,13.191207885742188,8.487959861755371,418.7357482910156,0.07948491722345352,4.364051342010498,14.950855255126953,8.397357940673828,413.74884033203125,0.06414974480867386,23.51859474182129
5,19328,14.997657775878906,7.695559024810791,379.0101013183594,0.07425174862146378,34.37746047973633,-,-,-,-,-
5,19456,14.003461837768555,8.977595329284668,443.4025573730469,0.07122291624546051,5.206172466278076,-,-,-,-,-
5,19584,15.19497013092041,8.753437995910645,431.284912109375,0.06479023396968842,20.638935089111328,-,-,-,-,-
5,19712,9.231475830078125,5.9480719566345215,290.76824951171875,0.05982639268040657,3.1589393615722656,-,-,-,-,-
5,19840,14.997720718383789,9.003714561462402,444.29925537109375,0.06556747853755951,14.854472160339355,9.137990951538086,5.577378749847412,272.6172790527344,0.07817579805850983,7.562634468078613
5,19968,13.597384452819824,8.665496826171875,427.0916748046875,0.06568469852209091,5.952873706817627,-,-,-,-,-
5,20096,8.185997009277344,4.503796100616455,217.79481506347656,0.07291357219219208,14.313392639160156,-,-,-,-,-
5,20224,15.451228141784668,10.06002140045166,498.61236572265625,0.06551791727542877,3.3956503868103027,-,-,-,-,-
5,20352,10.507430076599121,6.563774108886719,322.68743896484375,0.06772112101316452,6.490602016448975,-,-,-,-,-
5,20480,10.340550422668457,6.3778557777404785,313.0457458496094,0.07381072640419006,7.584268093109131,12.999741554260254,8.393414497375488,414.2485046386719,0.06599780172109604,3.97843337059021
5,20608,11.337862014770508,7.1467814445495605,351.6985168457031,0.0777573361992836,5.963383197784424,-,-,-,-,-
5,20736,9.960684776306152,6.289259910583496,308.22705078125,0.06945688277482986,5.19697380065918,-,-,-,-,-
5,20864,10.31494140625,6.544314384460449,321.64227294921875,0.06986561417579651,4.843398571014404,-,-,-,-,-
5,20992,10.740768432617188,6.892937183380127,338.850341796875,0.06684892624616623,3.924790859222412,-,-,-,-,-
5,21120,14.537976264953613,9.468062400817871,468.5180969238281,0.06750857084989548,3.1722464561462402,9.428573608398438,6.015961170196533,294.3887023925781,0.062266428023576736,4.064589500427246
5,21248,10.418312072753906,6.577725410461426,322.91845703125,0.06719084829092026,5.442117214202881,-,-,-,-,-
5,21376,17.407503128051758,11.225089073181152,556.1936645507812,0.07567038387060165,5.448071002960205,-,-,-,-,-
5,21504,14.352588653564453,9.361469268798828,462.9237060546875,0.0677509531378746,2.941312551498413,-,-,-,-,-
5,21632,11.900686264038086,7.69396448135376,379.0022277832031,0.061896130442619324,3.5480268001556396,-,-,-,-,-
5,21760,10.294876098632812,6.578258991241455,322.58868408203125,0.07099319994449615,4.1973724365234375,7.084968566894531,4.534820556640625,220.662109375,0.05666350573301315,2.8686351776123047
5,21888,14.050493240356445,9.122859001159668,450.8739929199219,0.06680485606193542,3.5208849906921387,-,-,-,-,-
5,22016,8.100712776184082,5.114835262298584,249.32569885253906,0.06676137447357178,4.2585906982421875,-,-,-,-,-
5,22144,9.434553146362305,5.911258220672607,289.66339111328125,0.06389511376619339,5.62765645980835,-,-,-,-,-
5,22272,17.401350021362305,11.347227096557617,562.8706665039062,0.07542973011732101,3.499872922897339,-,-,-,-,-
5,22400,14.903342247009277,9.552572250366211,472.68267822265625,0.07045035064220428,5.534924507141113,17.513896942138672,11.470053672790527,568.863525390625,0.06341490149497986,2.91791033744812
5,22528,13.424522399902344,8.746091842651367,431.6717529296875,0.06774649024009705,2.9396748542785645,-,-,-,-,-
5,22656,22.131196975708008,14.335814476013184,712.3229370117188,0.07321978360414505,5.989349365234375,-,-,-,-,-
5,22784,13.303730010986328,8.611348152160645,425.23583984375,0.06507478654384613,3.749483585357666,-,-,-,-,-
5,22912,11.723980903625488,7.492068290710449,369.27703857421875,0.07039465755224228,4.687483787536621,-,-,-,-,-
5,23040,21.866323471069336,14.213277816772461,707.0369262695312,0.06714367121458054,5.155313491821289,15.847577095031738,10.349827766418457,511.9880065917969,0.06869922578334808,3.091707706451416
5,23168,13.980836868286133,9.037744522094727,446.3174133300781,0.07033031433820724,4.095875263214111,-,-,-,-,-
5,23296,13.732129096984863,8.821661949157715,435.8337097167969,0.06937199831008911,4.827581882476807,-,-,-,-,-
5,23424,12.823440551757812,8.349366188049316,412.6952819824219,0.06196311116218567,2.8515918254852295,-,-,-,-,-
5,23552,14.257973670959473,9.292654991149902,459.3808288574219,0.06721565127372742,3.0429461002349854,-,-,-,-,-
5,23680,12.752384185791016,8.210028648376465,405.1866760253906,0.06184982508420944,4.286392688751221,17.629674911499023,11.514896392822266,571.527099609375,0.06661729514598846,3.3288886547088623
5,23808,15.271408081054688,9.983274459838867,494.0397644042969,0.06595562398433685,2.8178131580352783,-,-,-,-,-
5,23936,11.381834030151367,7.339320659637451,361.648193359375,0.06188839673995972,3.6414201259613037,-,-,-,-,-
5,24064,13.753125190734863,8.926044464111328,440.75482177734375,0.06740458309650421,3.5212819576263428,-,-,-,-,-
5,24192,14.454497337341309,9.382767677307129,463.4447326660156,0.0648650974035263,3.7241718769073486,-,-,-,-,-
5,24320,12.395163536071777,8.044876098632812,396.5431823730469,0.0710727646946907,3.1378328800201416,16.01314926147461,10.386457443237305,514.4114990234375,0.06673586368560791,4.158392906188965
5,24448,12.055378913879395,7.753180027008057,382.3964538574219,0.07248430699110031,4.057505130767822,-,-,-,-,-
5,24576,9.418571472167969,6.1025543212890625,299.1929626464844,0.06381533294916153,2.6027159690856934,-,-,-,-,-
5,24704,15.92912483215332,10.362704277038574,513.66748046875,0.06848624348640442,3.6125898361206055,-,-,-,-,-
5,24832,6.8701066970825195,4.401659965515137,213.9361572265625,0.05591453239321709,2.7317073345184326,-,-,-,-,-
5,24960,16.361053466796875,10.710709571838379,530.70166015625,0.060917943716049194,2.824084758758545,15.215666770935059,9.833297729492188,486.3877258300781,0.0707055926322937,4.477859973907471
5,25088,16.0252685546875,10.392910957336426,514.7835083007812,0.07585233449935913,4.086698532104492,-,-,-,-,-
5,25216,15.967558860778809,10.470161437988281,518.6649780273438,0.0662321224808693,2.445160388946533,-,-,-,-,-
5,25344,12.141742706298828,7.776269912719727,383.09771728515625,0.07436525076627731,4.601297378540039,-,-,-,-,-
5,25472,13.04251480102539,8.338605880737305,410.96783447265625,0.08262544125318527,5.116053104400635,-,-,-,-,-
5,25600,12.41987419128418,8.068737030029297,397.9098205566406,0.07060347497463226,3.014355182647705,14.530263900756836,9.50445556640625,470.66259765625,0.0674171894788742,2.5176515579223633
5,25728,12.861893653869629,8.376338005065918,413.7663879394531,0.06335964053869247,2.845327854156494,-,-,-,-,-
5,25856,12.685473442077637,8.232431411743164,406.6405944824219,0.06727933883666992,3.1935617923736572,-,-,-,-,-
5,25984,12.054021835327148,7.845019340515137,387.35260009765625,0.06713934242725372,2.68337345123291,-,-,-,-,-
5,26112,14.440441131591797,9.418018341064453,465.79449462890625,0.06984863430261612,2.946291208267212,-,-,-,-,-
5,26130,18.445642471313477,12.0458402633667,596.3488159179688,0.08401218801736832,3.523010730743408,10.310751914978027,6.568981647491455,323.1986083984375,0.06454918533563614,4.452338695526123
6,128,14.432429313659668,9.304845809936523,460.40167236328125,0.07297292351722717,4.505928039550781,-,-,-,-,-
6,256,8.402371406555176,5.409121990203857,264.5821228027344,0.07436323165893555,2.7306478023529053,-,-,-,-,-
6,384,14.857794761657715,9.610489845275879,475.62939453125,0.06994383037090302,4.2106781005859375,-,-,-,-,-
6,512,12.848236083984375,8.374592781066895,413.7843017578125,0.06266390532255173,2.7313647270202637,-,-,-,-,-
6,640,12.563797950744629,8.116265296936035,400.3785705566406,0.06845604628324509,3.7529211044311523,17.15046501159668,11.184396743774414,555.5404663085938,0.05970519036054611,3.509584665298462
6,768,10.16197395324707,6.393189907073975,314.1556091308594,0.07365990430116653,5.5356831550598145,-,-,-,-,-
6,896,9.185599327087402,5.918879508972168,290.7170104980469,0.06434489041566849,2.9520413875579834,-,-,-,-,-
6,1024,13.12971305847168,8.417119026184082,415.47454833984375,0.07354950159788132,4.842991828918457,-,-,-,-,-
6,1152,17.526731491088867,11.439105987548828,566.9230346679688,0.06567178666591644,3.5272421836853027,-,-,-,-,-
6,1280,10.827119827270508,7.013018608093262,345.534912109375,0.06461812555789948,2.941337823867798,9.93540096282959,6.387240886688232,313.3784484863281,0.06042451784014702,3.5395052433013916
6,1408,10.883356094360352,6.968235492706299,343.45953369140625,0.0627630352973938,4.177618980407715,-,-,-,-,-
6,1536,12.133936882019043,7.9173688888549805,390.91473388671875,0.0653473362326622,2.420729637145996,-,-,-,-,-
6,1664,13.595891952514648,8.81259536743164,435.6260986328125,0.064702108502388,3.6233410835266113,-,-,-,-,-
6,1792,11.584644317626953,7.526418209075928,370.7327880859375,0.06735439598560333,2.8354475498199463,-,-,-,-,-
6,1920,9.351579666137695,6.019635200500488,295.0921630859375,0.06591073423624039,3.1511270999908447,11.706836700439453,7.588984489440918,373.48980712890625,0.07410051673650742,3.0885345935821533
6,2048,10.975265502929688,7.104528903961182,350.0007019042969,0.06585124880075455,3.048784017562866,-,-,-,-,-
6,2176,6.549142360687256,4.215203762054443,205.6409912109375,0.056077197194099426,2.2145156860351562,-,-,-,-,-
6,2304,12.57477855682373,8.186551094055176,403.4352722167969,0.07188066095113754,2.81994366645813,-,-,-,-,-
6,2432,9.406434059143066,6.0673322677612305,297.5081481933594,0.0699552446603775,2.9406533241271973,-,-,-,-,-
6,2560,14.250256538391113,9.309605598449707,460.63922119140625,0.06411657482385635,2.7014267444610596,13.56558895111084,8.864535331726074,438.69903564453125,0.06791689246892929,2.461460590362549
6,2688,10.989352226257324,7.14852237701416,352.3956298828125,0.062028635293245316,2.548448324203491,-,-,-,-,-
6,2816,14.39315128326416,9.296844482421875,459.1853332519531,0.07210148870944977,4.3235182762146,-,-,-,-,-
6,2944,8.284884452819824,5.188315391540527,254.39273071289062,0.06626691669225693,4.8637495040893555,-,-,-,-,-
6,3072,10.865813255310059,7.073646068572998,348.5773010253906,0.06654690951108932,2.3984832763671875,-,-,-,-,-
6,3200,10.186136245727539,6.553073883056641,322.1880798339844,0.06113940477371216,3.500420331954956,9.392976760864258,6.039085388183594,296.285400390625,0.06338928639888763,3.2764790058135986
6,3328,12.427506446838379,8.098416328430176,400.2659606933594,0.06274188309907913,2.6368777751922607,-,-,-,-,-
6,3456,10.475006103515625,6.708155155181885,330.43975830078125,0.06328869611024857,3.991647243499756,-,-,-,-,-
6,3584,10.93187141418457,7.070669174194336,348.3039855957031,0.06139685586094856,3.167656421661377,-,-,-,-,-
6,3712,13.476625442504883,8.742654800415039,432.7630615234375,0.06402738392353058,3.4231224060058594,-,-,-,-,-
6,3840,10.79232120513916,6.884982109069824,339.2422790527344,0.06741029024124146,4.475063800811768,10.13382625579834,6.487850666046143,319.07568359375,0.0675584226846695,3.8765976428985596
6,3968,9.67269229888916,6.224260330200195,305.7254638671875,0.06232253089547157,3.2885472774505615,-,-,-,-,-
6,4096,18.562389373779297,12.151324272155762,603.2332763671875,0.06692225486040115,3.1181023120880127,-,-,-,-,-
6,4224,14.168340682983398,9.012212753295898,445.5342712402344,0.07698097825050354,6.238044261932373,-,-,-,-,-
6,4352,13.479371070861816,8.268431663513184,407.8064880371094,0.06949511170387268,10.6337890625,-,-,-,-,-
6,4480,14.27387809753418,9.106473922729492,450.8733215332031,0.06450487673282623,5.941660404205322,12.817244529724121,8.28391170501709,409.6940612792969,0.06378668546676636,3.726060628890991
6,4608,13.017460823059082,8.360843658447266,413.2711181640625,0.0654965415596962,4.584097385406494,-,-,-,-,-
6,4736,13.065099716186523,8.04677963256836,397.30096435546875,0.06496291607618332,9.803476333618164,-,-,-,-,-
6,4864,7.3021559715271,4.439777374267578,216.48902893066406,0.06090123951435089,6.365869522094727,-,-,-,-,-
6,4992,18.214391708374023,11.838996887207031,588.4629516601562,0.0695686861872673,4.211975574493408,-,-,-,-,-
6,5120,10.058944702148438,6.2216715812683105,306.39727783203125,0.06377077102661133,7.095296859741211,6.146214008331299,3.842456579208374,186.97850036621094,0.05748649314045906,3.7648584842681885
6,5248,15.341767311096191,9.770798683166504,484.2369079589844,0.07081900537014008,6.577808380126953,-,-,-,-,-
6,5376,9.396803855895996,6.005380630493164,294.4931945800781,0.07341644912958145,3.730745315551758,-,-,-,-,-
6,5504,9.54372787475586,5.626153469085693,275.32427978515625,0.08199886232614517,10.823324203491211,-,-,-,-,-
6,5632,15.965434074401855,9.24853801727295,457.8016662597656,0.06628172099590302,20.72597312927246,-,-,-,-,-
6,5760,14.20029354095459,9.281296730041504,459.53472900390625,0.05816914141178131,2.6547980308532715,11.687681198120117,6.691770076751709,329.3590087890625,0.0657615140080452,16.3655948638916
6,5888,18.282577514648438,10.726322174072266,531.2842407226562,0.07157425582408905,21.718372344970703,-,-,-,-,-
6,6016,14.854795455932617,6.600569725036621,324.2056884765625,0.06491465866565704,49.472537994384766,-,-,-,-,-
6,6144,22.123523712158203,13.525260925292969,672.2540283203125,0.0735020637512207,18.0222110748291,-,-,-,-,-
6,6272,12.165372848510742,7.6167755126953125,376.32720947265625,0.06501893699169159,7.203067779541016,-,-,-,-,-
6,6400,8.256342887878418,4.458050727844238,217.4066619873047,0.06470275670289993,15.595224380493164,14.021095275878906,8.91369342803955,440.6063537597656,0.07161454111337662,6.2972307205200195
6,6528,14.1563081741333,8.905364990234375,440.0302734375,0.0758022591471672,7.748383045196533,-,-,-,-,-
6,6656,10.822758674621582,6.32834005355835,311.5595397949219,0.05971613898873329,13.191070556640625,-,-,-,-,-
6,6784,7.5657124519348145,4.721575736999512,230.9241180419922,0.05903901532292366,4.758563995361328,-,-,-,-,-
6,6912,12.1226224899292,7.157400608062744,352.37158203125,0.0690016970038414,13.725038528442383,-,-,-,-,-
6,7040,7.866061210632324,4.389669895172119,214.01527404785156,0.06508902460336685,12.71149730682373,9.928836822509766,6.321025371551514,310.4020690917969,0.06351755559444427,4.402736186981201
6,7168,13.540433883666992,8.614386558532715,426.3395690917969,0.07367277145385742,5.889778137207031,-,-,-,-,-
6,7296,10.55523681640625,6.290684223175049,309.17169189453125,0.06495673209428787,11.078791618347168,-,-,-,-,-
6,7424,14.193267822265625,9.149484634399414,452.93115234375,0.07113050669431686,4.433403968811035,-,-,-,-,-
6,7552,7.055046558380127,4.127157211303711,200.6566162109375,0.06339983642101288,8.57923412322998,-,-,-,-,-
6,7680,12.388306617736816,8.06208324432373,398.9842529296875,0.06070185452699661,2.7567896842956543,8.209818840026855,5.0193047523498535,245.89059448242188,0.06703375279903412,6.645747661590576
6,7808,10.478802680969238,6.51758337020874,321.0104064941406,0.061379704624414444,6.897354602813721,-,-,-,-,-
6,7936,9.49101448059082,6.109673023223877,300.7637634277344,0.06078546866774559,3.129183292388916,-,-,-,-,-
6,8064,12.07668685913086,7.632787227630615,377.3671875,0.061074625700712204,6.091536998748779,-,-,-,-,-
6,8192,14.146641731262207,9.104376792907715,450.1757507324219,0.06728942692279816,4.732183933258057,-,-,-,-,-
6,8320,9.927912712097168,6.378674030303955,314.1783142089844,0.06828127801418304,3.391744613647461,15.802990913391113,10.346817970275879,514.5569458007812,0.06123305484652519,2.4936983585357666
6,8448,10.913434982299805,7.023709297180176,346.4139099121094,0.0638957992196083,3.6169064044952393,-,-,-,-,-
6,8576,10.248867988586426,6.63054895401001,326.5897521972656,0.06493686139583588,2.8748526573181152,-,-,-,-,-
6,8704,20.90142250061035,13.673954010009766,680.7670288085938,0.06511399894952774,3.5468525886535645,-,-,-,-,-
6,8832,7.092507839202881,4.59976053237915,224.89529418945312,0.05904686078429222,1.8474754095077515,-,-,-,-,-
6,8960,8.211551666259766,5.262254238128662,258.4031982421875,0.05874618515372276,3.0651988983154297,12.926301956176758,8.418173789978027,416.5959777832031,0.06717807799577713,2.7499074935913086
6,9088,15.636774063110352,10.185155868530273,505.4955139160156,0.06908135861158371,3.275822162628174,-,-,-,-,-
6,9216,13.355544090270996,8.723731994628906,432.50714111328125,0.06219729781150818,2.4454281330108643,-,-,-,-,-
6,9344,10.463581085205078,6.716433525085449,330.77996826171875,0.06568554043769836,3.7366271018981934,-,-,-,-,-
6,9472,11.497967720031738,7.439256191253662,367.3913269042969,0.06225113570690155,3.2254669666290283,-,-,-,-,-
6,9600,10.200888633728027,6.669563293457031,329.0332946777344,0.05703549459576607,1.839572787284851,9.910840034484863,6.4232025146484375,316.8330078125,0.05841189622879028,2.608954429626465
6,9728,19.121816635131836,12.517364501953125,622.2299194335938,0.06772148609161377,3.1443018913269043,-,-,-,-,-
6,9856,14.544957160949707,9.513328552246094,471.885009765625,0.061382099986076355,2.5139644145965576,-,-,-,-,-
6,9984,12.943449974060059,8.45186710357666,418.2278747558594,0.06552490592002869,2.43778920173645,-,-,-,-,-
6,10112,10.83590030670166,7.0550537109375,348.3795471191406,0.06151757016777992,2.355332851409912,-,-,-,-,-
6,10240,10.205516815185547,6.645754814147949,328.1415710449219,0.05604023486375809,2.223066806793213,11.39883041381836,7.394962310791016,365.5096435546875,0.062382977455854416,2.863895893096924
6,10368,9.389620780944824,6.060751914978027,298.4872131347656,0.060983505100011826,2.8301327228546143,-,-,-,-,-
6,10496,9.972504615783691,6.460219860076904,318.18939208984375,0.06106128171086311,2.693296432495117,-,-,-,-,-
6,10624,11.106573104858398,7.099360466003418,350.55999755859375,0.0693087950348854,4.323031425476074,-,-,-,-,-
6,10752,11.996435165405273,7.691129207611084,380.5355224609375,0.0625784769654274,4.373722076416016,-,-,-,-,-
6,10880,8.042704582214355,5.193212985992432,255.41990661621094,0.059759076684713364,2.3553338050842285,15.256739616394043,9.946266174316406,493.5265808105469,0.05672447755932808,3.1848316192626953
6,11008,15.323716163635254,9.922938346862793,491.6408386230469,0.06941665709018707,4.149528980255127,-,-,-,-,-
6,11136,17.030048370361328,11.13197135925293,553.27978515625,0.057169847190380096,3.0811188220977783,-,-,-,-,-
6,11264,6.0397233963012695,3.776838779449463,183.3087615966797,0.061587054282426834,3.682105541229248,-,-,-,-,-
6,11392,7.342065334320068,4.454742431640625,217.73004150390625,0.06012198328971863,6.499002933502197,-,-,-,-,-
6,11520,8.70320987701416,5.562742710113525,272.873046875,0.06512162834405899,3.4661529064178467,8.834371566772461,5.420278549194336,265.67572021484375,0.06328204274177551,6.940536975860596
6,11648,10.626774787902832,6.647471904754639,327.62420654296875,0.06583770364522934,6.372230529785156,-,-,-,-,-
6,11776,13.32492733001709,8.546910285949707,423.0447082519531,0.06109991297125816,4.8647003173828125,-,-,-,-,-
6,11904,9.7253999710083,6.2178544998168945,306.80682373046875,0.06575999408960342,3.737175226211548,-,-,-,-,-
6,12032,12.89305591583252,8.126852989196777,402.0871276855469,0.061484672129154205,6.838473796844482,-,-,-,-,-
6,12160,8.978632926940918,5.8448405265808105,287.9065856933594,0.06036548316478729,1.9436041116714478,10.239542007446289,6.443587303161621,317.8520812988281,0.05877889320254326,5.586545467376709
6,12288,8.763005256652832,5.425212860107422,266.6282043457031,0.06611610949039459,6.053946495056152,-,-,-,-,-
6,12416,6.883288860321045,4.4134368896484375,215.90280151367188,0.05809331685304642,2.5273027420043945,-,-,-,-,-
6,12544,11.989599227905273,7.609833240509033,376.5971984863281,0.06185925379395485,5.519350051879883,-,-,-,-,-
6,12672,10.354928970336914,6.543219089508057,322.6567077636719,0.06032489612698555,5.2481794357299805,-,-,-,-,-
6,12800,11.36213493347168,7.331821918487549,362.30450439453125,0.054568320512771606,3.5270016193389893,15.07645034790039,9.725057601928711,482.0971374511719,0.06147720292210579,4.689437389373779
6,12928,8.001914024353027,4.944702625274658,242.2647705078125,0.06381936371326447,5.707441806793213,-,-,-,-,-
6,13056,15.71508502960205,10.282620429992676,509.8408203125,0.07033640891313553,2.6371912956237793,-,-,-,-,-
6,13184,16.567949295043945,10.66391658782959,530.24169921875,0.06131817400455475,5.402987003326416,-,-,-,-,-
6,13312,12.850196838378906,8.348411560058594,413.4634704589844,0.06582590937614441,3.013256549835205,-,-,-,-,-
6,13440,12.488614082336426,8.047484397888184,398.6680603027344,0.05897532403469086,3.9547410011291504,15.562833786010742,10.128750801086426,502.59771728515625,0.07130876928567886,3.3679702281951904
6,13568,16.041624069213867,10.531575202941895,523.4176635742188,0.058664049953222275,2.172075033187866,-,-,-,-,-
6,13696,11.713024139404297,7.530661106109619,372.08935546875,0.06336813420057297,3.9810173511505127,-,-,-,-,-
6,13824,12.804092407226562,8.248071670532227,407.9976501464844,0.07313288003206253,4.029109001159668,-,-,-,-,-
6,13952,12.27383041381836,7.9994730949401855,396.2545471191406,0.061794817447662354,2.5001654624938965,-,-,-,-,-
6,14080,14.714298248291016,9.527745246887207,472.6639709472656,0.06425054371356964,3.9566195011138916,9.931684494018555,6.3859076499938965,314.82763671875,0.06412448734045029,3.333770513534546
6,14208,7.422886848449707,4.812290191650391,236.6848907470703,0.049895599484443665,1.9385199546813965,-,-,-,-,-
6,14336,9.157020568847656,5.785821437835693,284.8345031738281,0.06782326102256775,4.550299644470215,-,-,-,-,-
6,14464,13.126986503601074,8.294469833374023,410.5386657714844,0.0679921805858612,6.5913801193237305,-,-,-,-,-
6,14592,13.853388786315918,8.98625659942627,445.1972351074219,0.0667949914932251,3.483651638031006,-,-,-,-,-
6,14720,10.125905990600586,6.414015769958496,316.0777893066406,0.06538136303424835,4.857313632965088,14.329864501953125,9.27627182006836,460.7071228027344,0.05864464491605759,3.8787777423858643
6,14848,15.315031051635742,9.885119438171387,490.7752685546875,0.05926237255334854,4.628969192504883,-,-,-,-,-
6,14976,16.904800415039062,11.069987297058105,550.5540771484375,0.06109941005706787,2.681731939315796,-,-,-,-,-
6,15104,10.100375175476074,6.36047887802124,313.8045959472656,0.06401824206113815,5.378321170806885,-,-,-,-,-
6,15232,8.77635383605957,5.567842960357666,273.55426025390625,0.06438486278057098,4.085840225219727,-,-,-,-,-
6,15360,9.588800430297852,6.219079971313477,306.7150573730469,0.05892815440893173,2.4364218711853027,7.231142520904541,4.581515789031982,224.36988830566406,0.06294570118188858,3.4298245906829834
6,15488,10.306641578674316,6.554605484008789,323.3499450683594,0.06666345149278641,4.518727779388428,-,-,-,-,-
6,15616,9.289146423339844,5.877345561981201,289.5027770996094,0.06223602592945099,4.545373916625977,-,-,-,-,-
6,15744,17.34467887878418,11.384576797485352,566.3994140625,0.061060067266225815,2.3504836559295654,-,-,-,-,-
6,15872,6.8181233406066895,4.303210258483887,209.72552490234375,0.06531526148319244,3.5234265327453613,-,-,-,-,-
6,16000,11.401338577270508,7.250917434692383,357.8940124511719,0.06863432377576828,5.028464317321777,7.65807580947876,4.920795917510986,241.29641723632812,0.05441318452358246,2.6990230083465576
6,16128,8.184308052062988,5.266266822814941,258.40350341796875,0.05908495932817459,2.7492120265960693,-,-,-,-,-
6,16256,16.004932403564453,10.331862449645996,513.0449829101562,0.06560394167900085,4.770153045654297,-,-,-,-,-
6,16384,11.49805736541748,7.316154956817627,361.81353759765625,0.06212329864501953,5.016445636749268,-,-,-,-,-
6,16512,10.784485816955566,6.971912384033203,344.1964416503906,0.06424596160650253,3.0636284351348877,-,-,-,-,-
6,16640,9.61384105682373,6.089419364929199,299.9394226074219,0.060667578130960464,4.643594264984131,9.54128646850586,6.101774215698242,300.5897216796875,0.06504804641008377,3.6856632232666016
6,16768,7.626978397369385,4.849238872528076,237.32601928710938,0.06376960128545761,3.4070956707000732,-,-,-,-,-
6,16896,6.700800895690918,4.260516166687012,208.26463317871094,0.05692099407315254,3.007174015045166,-,-,-,-,-
6,17024,9.066704750061035,5.733436584472656,282.4110412597656,0.06319484859704971,4.459630966186523,-,-,-,-,-
6,17152,12.500998497009277,8.02780532836914,397.2370910644531,0.065333791077137,4.354889392852783,-,-,-,-,-
6,17280,6.638278007507324,4.1279144287109375,201.56509399414062,0.0661454126238823,4.2856764793396,11.609869956970215,7.43747091293335,368.44903564453125,0.05934210121631622,4.285664081573486
6,17408,7.360101699829102,4.6181535720825195,226.59315490722656,0.0603068582713604,4.157096862792969,-,-,-,-,-
6,17536,12.2385835647583,7.914199352264404,391.29278564453125,0.06720210611820221,3.442531108856201,-,-,-,-,-
6,17664,9.985980033874512,6.173087120056152,303.43939208984375,0.0667690709233284,7.117302417755127,-,-,-,-,-
6,17792,19.274328231811523,12.281330108642578,610.9883422851562,0.06737504154443741,8.157411575317383,-,-,-,-,-
6,17920,19.959239959716797,13.024216651916504,648.7750854492188,0.06695093959569931,3.803206205368042,11.175337791442871,7.2263922691345215,357.0462951660156,0.05736025795340538,3.21122407913208
6,18048,14.338427543640137,9.386848449707031,465.9358215332031,0.05561347305774689,2.3660762310028076,-,-,-,-,-
6,18176,12.958634376525879,8.482120513916016,420.6791687011719,0.05713661387562752,2.1258606910705566,-,-,-,-,-
6,18304,8.966789245605469,5.774096965789795,284.4491882324219,0.05932989716529846,2.8887102603912354,-,-,-,-,-
6,18432,14.62000560760498,9.56363582611084,474.7652893066406,0.06511078774929047,2.436060667037964,-,-,-,-,-
6,18560,8.49226188659668,5.477932453155518,269.5739440917969,0.059991512447595596,2.5859854221343994,10.822407722473145,6.963817596435547,344.53082275390625,0.06266094744205475,3.506199836730957
6,18688,11.049432754516602,7.1332292556762695,353.322509765625,0.05636019632220268,3.2661795616149902,-,-,-,-,-
6,18816,14.734834671020508,9.61037826538086,477.1763000488281,0.07181305438280106,2.808809757232666,-,-,-,-,-
6,18944,10.346921920776367,6.711715221405029,331.8360290527344,0.05696674436330795,2.598799467086792,-,-,-,-,-
6,19072,8.477836608886719,5.449741363525391,267.9419860839844,0.05956776440143585,2.8910858631134033,-,-,-,-,-
6,19200,18.945241928100586,12.402481079101562,616.909912109375,0.06629470735788345,3.073666572570801,11.378108024597168,7.326550006866455,361.8719787597656,0.06995368003845215,3.628840684890747
6,19328,7.655416965484619,4.927501201629639,241.2190704345703,0.061181340366601944,2.5454344749450684,-,-,-,-,-
6,19456,7.336103439331055,4.758974552154541,233.75985717773438,0.05206123739480972,1.8746933937072754,-,-,-,-,-
6,19584,11.641168594360352,7.577766418457031,374.89385986328125,0.06416305154561996,2.503007411956787,-,-,-,-,-
6,19712,7.369263172149658,4.739355564117432,232.71888732910156,0.05588243901729584,2.4683620929718018,-,-,-,-,-
6,19840,10.018189430236816,6.512179374694824,321.6092224121094,0.057075321674346924,2.328425407409668,11.841451644897461,7.656818389892578,378.90966796875,0.06179632246494293,3.3373982906341553
6,19968,15.990774154663086,10.39027214050293,515.7382202148438,0.064031220972538,3.7908804416656494,-,-,-,-,-
6,20096,11.873538970947266,7.631018161773682,377.4190673828125,0.06509703397750854,4.032336235046387,-,-,-,-,-
6,20224,10.455706596374512,6.798346996307373,336.7298278808594,0.053672682493925095,2.363882303237915,-,-,-,-,-
6,20352,10.8982515335083,6.988879680633545,345.7301025390625,0.06109912320971489,3.909724473953247,-,-,-,-,-
6,20480,14.792643547058105,9.482227325439453,470.9219970703125,0.0691661387681961,5.320300102233887,7.716331958770752,4.90383768081665,240.5557861328125,0.06075389310717583,3.4618256092071533
6,20608,13.996601104736328,9.03158187866211,447.9899597167969,0.06591899693012238,4.192006587982178,-,-,-,-,-
6,20736,8.040369033813477,5.175756931304932,253.95921325683594,0.06319116055965424,2.618290662765503,-,-,-,-,-
6,20864,11.589851379394531,7.435441017150879,367.29931640625,0.06351101398468018,4.179057598114014,-,-,-,-,-
6,20992,9.002902030944824,5.844206809997559,287.8753356933594,0.05465143918991089,2.2529170513153076,-,-,-,-,-
6,21120,8.972203254699707,5.684118270874023,279.7301025390625,0.061676688492298126,4.291067123413086,7.579078674316406,4.471445083618164,218.8553009033203,0.0638727992773056,8.552078247070312
6,21248,7.022211074829102,4.33563232421875,212.52130126953125,0.05549679696559906,5.058691501617432,-,-,-,-,-
6,21376,13.052660942077637,8.500894546508789,422.42816162109375,0.05714787542819977,2.703368902206421,-,-,-,-,-
6,21504,10.293745040893555,6.452324867248535,318.7886657714844,0.05777730792760849,5.957561492919922,-,-,-,-,-
6,21632,9.771940231323242,6.331830978393555,312.4835510253906,0.059268660843372345,2.560041904449463,-,-,-,-,-
6,21760,15.287117004394531,9.675492286682129,480.4150390625,0.05753730982542038,7.499369144439697,8.980883598327637,5.7374162673950195,281.8817443847656,0.05608342960476875,3.6856689453125
6,21888,10.674039840698242,6.800309658050537,334.9583740234375,0.06395019590854645,4.601964950561523,-,-,-,-,-
6,22016,5.964303493499756,3.7954752445220947,185.47019958496094,0.053893111646175385,2.60233211517334,-,-,-,-,-
6,22144,18.194637298583984,11.780320167541504,585.6021728515625,0.06283029913902283,4.954655170440674,-,-,-,-,-
6,22272,9.647256851196289,6.098937511444092,300.4387512207031,0.06293882429599762,4.8099284172058105,-,-,-,-,-
6,22400,14.6676025390625,9.537325859069824,472.3623046875,0.0735703781247139,3.3308424949645996,9.420698165893555,6.088489055633545,299.6560974121094,0.0664437860250473,2.692051887512207
6,22528,11.303114891052246,7.3578200340271,364.07073974609375,0.05966674163937569,2.449208974838257,-,-,-,-,-
6,22656,8.315975189208984,5.318835735321045,261.39910888671875,0.05869037285447121,3.244572401046753,-,-,-,-,-
6,22784,7.097416877746582,4.550512790679932,222.65347290039062,0.054986387491226196,2.653830051422119,-,-,-,-,-
6,22912,13.782944679260254,8.998730659484863,446.35711669921875,0.06226343661546707,2.583798408508301,-,-,-,-,-
6,23040,8.227797508239746,5.272412300109863,258.8893127441406,0.06166242063045502,3.0483036041259766,6.6605353355407715,4.264863967895508,208.2579803466797,0.05915800482034683,2.539339780807495
6,23168,10.436491966247559,6.785835266113281,335.3591613769531,0.056827742606401443,2.4023678302764893,-,-,-,-,-
6,23296,10.36151123046875,6.76242208480835,334.5023193359375,0.06056378036737442,1.935027003288269,-,-,-,-,-
6,23424,9.333860397338867,6.016688823699951,296.81671142578125,0.05909651517868042,2.8990867137908936,-,-,-,-,-
6,23552,7.7300543785095215,4.94120454788208,242.30360412597656,0.060291655361652374,3.055220603942871,-,-,-,-,-
6,23680,12.035528182983398,7.865610599517822,389.4654541015625,0.05811501294374466,2.171478033065796,5.448883056640625,3.3894882202148438,164.2301788330078,0.057513680309057236,3.595796585083008
6,23808,11.084844589233398,7.258861064910889,359.48944091796875,0.04979414492845535,1.812946081161499,-,-,-,-,-
6,23936,10.319684982299805,6.723945140838623,332.1112365722656,0.05610281601548195,2.185251474380493,-,-,-,-,-
6,24064,10.930113792419434,7.076822757720947,349.5323791503906,0.0645354613661766,2.934324026107788,-,-,-,-,-
6,24192,13.925019264221191,9.095582962036133,451.5769348144531,0.06102978438138962,2.5263712406158447,-,-,-,-,-
6,24320,6.978817939758301,4.497243881225586,220.58680725097656,0.05492720007896423,2.2077910900115967,14.816510200500488,9.772194862365723,486.1735534667969,0.05357157438993454,1.2900837659835815
6,24448,10.710954666137695,6.851648807525635,338.46795654296875,0.06953701376914978,4.0508952140808105,-,-,-,-,-
6,24576,9.50291633605957,6.1358561515808105,302.5433654785156,0.06195233762264252,2.796743631362915,-,-,-,-,-
6,24704,9.895336151123047,6.367417812347412,314.38592529296875,0.06599055230617523,3.1806867122650146,-,-,-,-,-
6,24832,10.107481956481934,6.469815731048584,319.0418395996094,0.059864602982997894,3.8738210201263428,-,-,-,-,-
6,24960,14.846171379089355,9.67675495147705,480.4330139160156,0.05775262415409088,3.0733418464660645,11.53610897064209,7.51155424118042,371.8129577636719,0.061057198792696,2.4536776542663574
6,25088,11.27180004119873,7.3566789627075195,364.2850341796875,0.05427248403429985,2.179980516433716,-,-,-,-,-
6,25216,10.540186882019043,6.791076183319092,335.4630432128906,0.06623704731464386,3.2824342250823975,-,-,-,-,-
6,25344,12.998586654663086,8.487638473510742,421.12652587890625,0.060629576444625854,2.3905324935913086,-,-,-,-,-
6,25472,7.923015594482422,5.089863300323486,250.0191650390625,0.05992506071925163,2.730353355407715,-,-,-,-,-
6,25600,10.142141342163086,6.490783214569092,320.3055419921875,0.0628296285867691,3.8547310829162598,14.30396842956543,9.322009086608887,463.2974853515625,0.057649876922369,2.9133524894714355
6,25728,8.707610130310059,5.601233959197998,275.5114440917969,0.06342104822397232,2.8784117698669434,-,-,-,-,-
6,25856,11.341934204101562,7.359794616699219,363.5435485839844,0.05922311916947365,2.874816656112671,-,-,-,-,-
6,25984,11.282097816467285,7.276796340942383,360.3790283203125,0.05782905966043472,3.4368221759796143,-,-,-,-,-
6,26112,18.450885772705078,12.082489967346191,601.8585815429688,0.06169736012816429,2.881129503250122,-,-,-,-,-
6,26130,7.393139839172363,4.740890979766846,233.4405975341797,0.04761260747909546,2.702303409576416,10.050524711608887,6.315464496612549,311.28314208984375,0.059364624321460724,5.628640174865723
7,128,8.17458438873291,5.0613555908203125,248.02462768554688,0.06698496639728546,5.659969329833984,-,-,-,-,-
7,256,13.831214904785156,8.600529670715332,425.8323059082031,0.0651191920042038,9.07243537902832,-,-,-,-,-
7,384,10.59633731842041,6.710330963134766,331.41204833984375,0.05712504684925079,5.147608280181885,-,-,-,-,-
7,512,11.702689170837402,7.608765125274658,377.0390319824219,0.05281917005777359,2.707143783569336,-,-,-,-,-
7,640,8.362188339233398,5.142518043518066,252.58021545410156,0.06271129846572876,6.3115644454956055,7.665055274963379,4.692092418670654,229.60838317871094,0.06342928111553192,6.134494304656982
7,768,14.749855041503906,9.39079761505127,466.1153564453125,0.07036799937486649,6.2753705978393555,-,-,-,-,-
7,896,7.550936222076416,4.811903476715088,236.8491668701172,0.05329080671072006,3.1725025177001953,-,-,-,-,-
7,1024,10.127090454101562,6.440554618835449,317.79730224609375,0.060310062021017075,4.482527732849121,-,-,-,-,-
7,1152,9.048541069030762,5.300489902496338,260.9034729003906,0.06255294382572174,10.764630317687988,-,-,-,-,-
7,1280,8.958075523376465,5.5859832763671875,275.5295104980469,0.05246659368276596,5.643312931060791,11.794575691223145,7.479746341705322,370.6053161621094,0.05715426802635193,5.516217231750488
7,1408,13.081779479980469,8.192795753479004,405.91162109375,0.06673256307840347,7.631357669830322,-,-,-,-,-
7,1536,12.762685775756836,6.48581075668335,320.2067565917969,0.0619620643556118,30.128459930419922,-,-,-,-,-
7,1664,11.890751838684082,5.9666361808776855,293.57843017578125,0.06187542527914047,29.264562606811523,-,-,-,-,-
7,1792,7.711719036102295,4.989496231079102,245.3673095703125,0.05177344009280205,2.167757987976074,-,-,-,-,-
7,1920,10.967227935791016,5.63873815536499,277.30926513671875,0.05430230125784874,25.010950088500977,6.8199052810668945,3.601072311401367,175.07916259765625,0.062173277139663696,14.058682441711426
7,2048,12.464730262756348,7.378876209259033,365.2218933105469,0.05696341022849083,13.766717910766602,-,-,-,-,-
7,2176,9.24997615814209,5.8406596183776855,288.22625732421875,0.05800050497055054,4.690534591674805,-,-,-,-,-
7,2304,8.903600692749023,4.924131393432617,241.58154296875,0.06562115252017975,14.980327606201172,-,-,-,-,-
7,2432,8.415785789489746,5.042627811431885,248.01890563964844,0.06359832733869553,8.293705940246582,-,-,-,-,-
7,2560,12.832087516784668,8.117145538330078,401.96417236328125,0.06607570499181747,6.2922444343566895,8.785395622253418,5.073171138763428,249.49533081054688,0.05699728801846504,11.602737426757812
7,2688,13.035308837890625,7.664957046508789,379.5233459472656,0.06617962568998337,15.089387893676758,-,-,-,-,-
7,2816,11.718689918518066,7.325835227966309,362.2527160644531,0.06157071888446808,7.087561130523682,-,-,-,-,-
7,2944,7.48982048034668,4.742012977600098,232.66140747070312,0.05736011639237404,3.6383278369903564,-,-,-,-,-
7,3072,14.070877075195312,8.9409761428833,443.9297180175781,0.054030995815992355,6.365717887878418,-,-,-,-,-
7,3200,8.913551330566406,5.692084789276123,280.364013671875,0.057923734188079834,3.599029302597046,6.428463459014893,3.5405211448669434,172.25479125976562,0.06161386892199516,11.037800788879395
7,3328,10.947916984558105,6.8536176681518555,338.77459716796875,0.056337956339120865,6.502148628234863,-,-,-,-,-
7,3456,11.852775573730469,7.619553089141846,377.31781005859375,0.0589844211935997,4.010604381561279,-,-,-,-,-
7,3584,14.39535140991211,8.748170852661133,433.7590637207031,0.0619211308658123,12.476678848266602,-,-,-,-,-
7,3712,12.225723266601562,7.979621887207031,396.12176513671875,0.055457938462495804,2.294255495071411,-,-,-,-,-
7,3840,8.729676246643066,5.130688667297363,251.9807891845703,0.059765905141830444,10.194136619567871,11.771183967590332,7.199282646179199,355.6710205078125,0.06050309166312218,9.546883583068848
7,3968,12.561366081237793,7.584468841552734,374.8060302734375,0.0659380629658699,11.628990173339844,-,-,-,-,-
7,4096,9.594268798828125,6.162595272064209,303.875244140625,0.05323495343327522,3.396866798400879,-,-,-,-,-
7,4224,10.90196418762207,6.823365688323975,337.1606140136719,0.05440732091665268,6.525853633880615,-,-,-,-,-
7,4352,6.006947040557861,3.6183085441589355,176.14784240722656,0.06092085689306259,5.662393093109131,-,-,-,-,-
7,4480,10.543192863464355,6.865283012390137,339.8683776855469,0.05096052214503288,2.28265643119812,11.427282333374023,7.282799243927002,360.69769287109375,0.06025565788149834,4.7725043296813965
7,4608,9.232295989990234,5.862863063812256,289.1286315917969,0.05773697793483734,4.204090118408203,-,-,-,-,-
7,4736,14.614520072937012,9.483559608459473,471.15142822265625,0.06369967758655548,3.5574660301208496,-,-,-,-,-
7,4864,7.106817245483398,4.430880546569824,217.1905059814453,0.06299082189798355,4.410407543182373,-,-,-,-,-
7,4992,10.923310279846191,7.0705718994140625,349.9851379394531,0.06081991642713547,2.9206793308258057,-,-,-,-,-
7,5120,12.250343322753906,7.999032974243164,397.336669921875,0.053387708961963654,2.2455570697784424,12.50717544555664,8.057324409484863,399.13934326171875,0.06298904865980148,3.954688549041748
7,5248,12.50247859954834,8.104778289794922,401.42889404296875,0.06440054625272751,3.1901097297668457,-,-,-,-,-
7,5376,11.100997924804688,7.211794853210449,356.9761962890625,0.05648675933480263,2.629535675048828,-,-,-,-,-
7,5504,9.069438934326172,5.89300012588501,290.58160400390625,0.05680238455533981,2.1381995677948,-,-,-,-,-
7,5632,10.476519584655762,6.764517307281494,334.470458984375,0.059956252574920654,3.0734050273895264,-,-,-,-,-
7,5760,11.971747398376465,7.804871559143066,387.0579528808594,0.05471772328019142,2.415781021118164,10.12940788269043,6.564390182495117,324.56695556640625,0.05339760705828667,2.659515142440796
7,5888,7.931389331817627,5.116944313049316,251.89981079101562,0.05348055437207222,2.419660806655884,-,-,-,-,-
7,6016,14.290872573852539,9.274894714355469,460.6237487792969,0.0623793862760067,3.473604917526245,-,-,-,-,-
7,6144,7.159788608551025,4.613170623779297,226.30747985839844,0.05410804599523544,2.2943508625030518,-,-,-,-,-
7,6272,5.50778865814209,3.4932045936584473,170.5443115234375,0.05046762526035309,2.586738348007202,-,-,-,-,-
7,6400,8.69792652130127,5.586572647094727,275.38037109375,0.06234835088253021,2.952021360397339,9.144944190979004,5.8536505699157715,289.174072265625,0.05513579025864601,3.444171667098999
7,6528,10.72708797454834,6.894281387329102,341.3048095703125,0.05767420306801796,3.6208462715148926,-,-,-,-,-
7,6656,10.081571578979492,6.484764099121094,320.2330017089844,0.06093055009841919,3.3354783058166504,-,-,-,-,-
7,6784,6.557529926300049,4.110055923461914,201.28939819335938,0.055939942598342896,3.786402463912964,-,-,-,-,-
7,6912,9.975750923156738,6.411905288696289,317.451171875,0.05312005802989006,3.3621442317962646,-,-,-,-,-
7,7040,12.17542552947998,7.8765716552734375,389.96624755859375,0.058842260390520096,3.403489589691162,11.800915718078613,7.480741024017334,370.8305969238281,0.061073340475559235,5.507956504821777
7,7168,17.121105194091797,10.969544410705566,546.3096923828125,0.05912644788622856,6.293386936187744,-,-,-,-,-
7,7296,12.219274520874023,7.874986171722412,390.9782409667969,0.06036514788866043,3.7414042949676514,-,-,-,-,-
7,7424,9.95998764038086,6.389613628387451,316.0377502441406,0.060567691922187805,3.494281530380249,-,-,-,-,-
7,7552,18.399375915527344,11.9191255569458,593.16064453125,0.06147002801299095,4.871740818023682,-,-,-,-,-
7,7680,7.100551128387451,4.532162189483643,222.60360717773438,0.05537976324558258,2.869732141494751,8.178383827209473,5.212329864501953,256.3277893066406,0.06196803227066994,3.4080872535705566
7,7808,8.010091781616211,5.14094352722168,252.82992553710938,0.05612102895975113,2.8472843170166016,-,-,-,-,-
7,7936,10.652496337890625,6.846835136413574,338.576904296875,0.06768641620874405,3.5220627784729004,-,-,-,-,-
7,8064,10.91945743560791,7.084242820739746,350.2846374511719,0.060469046235084534,2.7189953327178955,-,-,-,-,-
7,8192,13.375543594360352,8.721236228942871,433.5709228515625,0.05732021853327751,2.612774610519409,-,-,-,-,-
7,8320,9.32509994506836,5.988486289978027,295.1643981933594,0.0652146264910698,3.1975600719451904,12.497711181640625,8.16474723815918,405.9033203125,0.05639015883207321,2.175417423248291
7,8448,8.986740112304688,5.777009010314941,285.0760498046875,0.06375175714492798,2.9521889686584473,-,-,-,-,-
7,8576,6.687282562255859,4.14743185043335,202.2240753173828,0.06547891348600388,4.52131462097168,-,-,-,-,-
7,8704,8.547449111938477,5.386122226715088,265.3992614746094,0.05521306023001671,4.521212100982666,-,-,-,-,-
7,8832,9.732137680053711,6.227016448974609,307.2243957519531,0.059195272624492645,3.7368204593658447,-,-,-,-,-
7,8960,12.812374114990234,8.29784107208252,411.614990234375,0.059679560363292694,3.3870348930358887,12.936342239379883,8.31607437133789,412.5987854003906,0.05820423737168312,4.36075496673584
7,9088,8.832383155822754,5.573720932006836,274.9767761230469,0.05586756765842438,4.530274391174316,-,-,-,-,-
7,9216,7.196139335632324,4.701074600219727,231.68893432617188,0.04741548374295235,1.307603120803833,-,-,-,-,-
7,9344,10.22317886352539,6.568212032318115,324.666259765625,0.05716630443930626,3.511382818222046,-,-,-,-,-
7,9472,7.673673629760742,4.843808650970459,238.01095581054688,0.06140314042568207,3.8835232257843018,-,-,-,-,-
7,9600,14.136022567749023,9.178502082824707,456.093505859375,0.05764651671051979,3.389385223388672,8.234622955322266,5.285187721252441,260.51531982421875,0.05571046471595764,2.8857147693634033
7,9728,10.54024600982666,6.756753444671631,334.08441162109375,0.059410203248262405,3.832390069961548,-,-,-,-,-
7,9856,11.248709678649902,7.212880611419678,356.9745178222656,0.06050107255578041,4.055837154388428,-,-,-,-,-
7,9984,9.702750205993652,6.123100280761719,301.89276123046875,0.06130247190594673,4.994202136993408,-,-,-,-,-
7,10112,8.445856094360352,5.202099800109863,255.75653076171875,0.05897104740142822,6.272200584411621,-,-,-,-,-
7,10240,15.966517448425293,10.304352760314941,512.7384033203125,0.05942968279123306,4.753517150878906,10.372154235839844,6.683629512786865,330.0759582519531,0.06262288242578506,3.2514193058013916
7,10368,9.39717960357666,6.086721897125244,300.9333190917969,0.05798321217298508,2.4314095973968506,-,-,-,-,-
7,10496,6.593812942504883,4.128866672515869,202.43838500976562,0.059430986642837524,3.811311721801758,-,-,-,-,-
7,10624,10.087340354919434,6.350553512573242,313.50604248046875,0.06151968985795975,5.402070999145508,-,-,-,-,-
7,10752,5.961252689361572,3.722332715988159,181.83387756347656,0.052096888422966,3.684843063354492,-,-,-,-,-
7,10880,6.609469413757324,4.156343460083008,203.35972595214844,0.05604631081223488,3.6348254680633545,12.928691864013672,7.998099327087402,396.4816589355469,0.06097523495554924,9.048008918762207
7,11008,8.963747024536133,5.366235733032227,264.05322265625,0.06048658490180969,8.964924812316895,-,-,-,-,-
7,11136,11.682029724121094,7.199947834014893,356.65887451171875,0.058396097272634506,8.570969581604004,-,-,-,-,-
7,11264,13.968424797058105,9.05594253540039,449.46527099609375,0.06004447862505913,3.5778541564941406,-,-,-,-,-
7,11392,9.826737403869629,6.0976409912109375,301.5769958496094,0.05284986272454262,6.604766845703125,-,-,-,-,-
7,11520,11.275734901428223,7.0287017822265625,347.6154479980469,0.06297074258327484,7.079073905944824,6.306050777435303,3.735909938812256,182.60215759277344,0.05355498194694519,6.9056396484375
7,11648,11.044496536254883,6.943421840667725,344.432373046875,0.051202934235334396,6.055488109588623,-,-,-,-,-
7,11776,11.161602973937988,7.163509845733643,354.88616943359375,0.05887063965201378,3.903607130050659,-,-,-,-,-
7,11904,10.757049560546875,6.298181533813477,311.1305236816406,0.061020731925964355,12.865415573120117,-,-,-,-,-
7,12032,8.655890464782715,4.897525310516357,240.70877075195312,0.0619686096906662,12.893081665039062,-,-,-,-,-
7,12160,13.105536460876465,8.585463523864746,426.69146728515625,0.05561993271112442,1.9753872156143188,12.092536926269531,7.647131443023682,379.899169921875,0.050650130957365036,5.9576334953308105
7,12288,7.7022905349731445,4.5397186279296875,222.62066650390625,0.05913160368800163,8.77233600616455,-,-,-,-,-
7,12416,8.180026054382324,4.9679365158081055,244.28976440429688,0.05971427261829376,7.094775676727295,-,-,-,-,-
7,12544,9.094461441040039,5.876885890960693,290.32415771484375,0.05322761833667755,2.6110663414001465,-,-,-,-,-
7,12672,8.794261932373047,5.527796745300293,273.124755859375,0.05092962086200714,4.842877388000488,-,-,-,-,-
7,12800,14.616724014282227,9.555766105651855,474.99114990234375,0.056505944579839706,2.545403242111206,8.047529220581055,5.111423969268799,251.35418701171875,0.056695859879255295,3.6586720943450928
7,12928,8.044756889343262,5.15431022644043,254.36865234375,0.05552460625767708,2.912357807159424,-,-,-,-,-
7,13056,11.857109069824219,7.744758605957031,384.87994384765625,0.048513755202293396,2.1503782272338867,-,-,-,-,-
7,13184,14.760250091552734,9.573034286499023,476.2976379394531,0.060193005949258804,3.640472173690796,-,-,-,-,-
7,13312,8.391857147216797,5.355947017669678,263.8990173339844,0.056864019483327866,3.400567054748535,-,-,-,-,-
7,13440,6.526740074157715,4.1894917488098145,205.5114288330078,0.05494435131549835,2.2718968391418457,8.368010520935059,5.324265480041504,261.9507751464844,0.057950977236032486,3.662860631942749
7,13568,6.675821781158447,4.2922821044921875,210.66246032714844,0.04926861822605133,2.276463031768799,-,-,-,-,-
7,13696,7.463222503662109,4.812636375427246,236.5248565673828,0.055725160986185074,2.2961244583129883,-,-,-,-,-
7,13824,7.086171627044678,4.523130416870117,221.58059692382812,0.055990707129240036,2.9124438762664795,-,-,-,-,-
7,13952,7.06897497177124,4.539555549621582,222.84616088867188,0.055671315640211105,2.452871561050415,-,-,-,-,-
7,14080,9.042445182800293,5.77804708480835,285.03662109375,0.057496797293424606,3.5653486251831055,11.197229385375977,7.171314716339111,355.2384338378906,0.05716659873723984,4.16363000869751
7,14208,7.215303421020508,4.540827751159668,222.9817352294922,0.05289556831121445,3.9176270961761475,-,-,-,-,-
7,14336,7.868300914764404,5.05338716506958,248.6450958251953,0.06202496215701103,2.6643807888031006,-,-,-,-,-
7,14464,8.55966567993164,5.522236347198486,272.7589111328125,0.05169212073087692,2.581486225128174,-,-,-,-,-
7,14592,9.911455154418945,6.447903633117676,318.97381591796875,0.05456540361046791,2.1924736499786377,-,-,-,-,-
7,14720,8.273116111755371,5.245101451873779,258.7463073730469,0.055490609258413315,3.8506171703338623,9.824161529541016,6.329931735992432,313.0257568359375,0.0518103688955307,3.1216115951538086
7,14848,7.233229160308838,4.608133316040039,226.74560546875,0.05418461188673973,3.034555435180664,-,-,-,-,-
7,14976,6.752405643463135,4.274474620819092,209.67335510253906,0.054349567741155624,3.2684810161590576,-,-,-,-,-
7,15104,9.917264938354492,6.292952537536621,311.58599853515625,0.05290684849023819,4.5554518699646,-,-,-,-,-
7,15232,9.357420921325684,6.097958087921143,301.80084228515625,0.05105256289243698,1.9040173292160034,-,-,-,-,-
7,15360,9.382240295410156,5.816385269165039,286.9556579589844,0.06019462272524834,6.36103630065918,9.247434616088867,5.88864803314209,291.7640686035156,0.04792296141386032,3.9322257041931152
7,15488,7.140934467315674,4.445934772491455,218.90530395507812,0.051564108580350876,4.543824672698975,-,-,-,-,-
7,15616,8.58298397064209,5.390542507171631,265.3940124511719,0.06154009699821472,4.769623756408691,-,-,-,-,-
7,15744,8.821434020996094,5.386507987976074,265.9560546875,0.05259237065911293,7.2277374267578125,-,-,-,-,-
7,15872,9.136035919189453,5.853801250457764,289.15264892578125,0.0538487434387207,3.3685851097106934,-,-,-,-,-
7,16000,9.95572280883789,5.962140083312988,294.431396484375,0.054023586213588715,9.952445983886719,11.78463077545166,7.669221878051758,380.2173156738281,0.055998627096414566,2.5723631381988525
7,16128,8.026520729064941,5.172050952911377,254.2601776123047,0.0618077777326107,2.5005993843078613,-,-,-,-,-
7,16256,6.384721279144287,3.769669532775879,184.48219299316406,0.05267272889614105,7.175571441650391,-,-,-,-,-
7,16384,6.690706729888916,4.169341087341309,204.26991271972656,0.05719801411032677,4.214685916900635,-,-,-,-,-
7,16512,11.893465042114258,7.442529201507568,368.7049865722656,0.058519668877124786,7.053666114807129,-,-,-,-,-
7,16640,6.95337438583374,4.318377494812012,211.98934936523438,0.05251741409301758,4.625857353210449,7.110564231872559,4.46421480178833,219.0713348388672,0.059653718024492264,3.9598238468170166
7,16768,12.911046028137207,8.243380546569824,408.8036193847656,0.06386779248714447,5.157613754272461,-,-,-,-,-
7,16896,9.906218528747559,5.551949501037598,274.0899658203125,0.05492611974477768,15.584436416625977,-,-,-,-,-
7,17024,11.715310096740723,7.4083991050720215,367.1740417480469,0.05697339028120041,5.781973838806152,-,-,-,-,-
7,17152,10.605917930603027,6.534686088562012,323.0055236816406,0.059951700270175934,7.812251091003418,-,-,-,-,-
7,17280,13.348115921020508,7.929056167602539,393.3651428222656,0.05531751364469528,14.300909042358398,10.013837814331055,6.2591376304626465,309.1719055175781,0.060712654143571854,6.02268648147583
7,17408,10.346136093139648,6.541500568389893,323.5034484863281,0.05961267277598381,5.099890232086182,-,-,-,-,-
7,17536,13.801594734191895,8.44951343536377,419.57635498046875,0.056131210178136826,11.001863479614258,-,-,-,-,-
7,17664,11.276758193969727,7.001612186431885,346.95458984375,0.05209214240312576,7.535073757171631,-,-,-,-,-
7,17792,9.300518989562988,5.782299518585205,286.1562805175781,0.04932358115911484,6.073335647583008,-,-,-,-,-
7,17920,11.481175422668457,7.272708415985107,360.4586181640625,0.05563874915242195,5.482421875,8.815279006958008,5.353308200836182,264.004638671875,0.0539163313806057,7.680086612701416
7,18048,9.320881843566895,5.574198246002197,274.9529724121094,0.05953218787908554,9.376220703125,-,-,-,-,-
7,18176,7.33890962600708,4.242814540863037,208.16006469726562,0.061240777373313904,9.532537460327148,-,-,-,-,-
7,18304,12.518211364746094,8.105643272399902,402.52569580078125,0.056631509214639664,3.3068065643310547,-,-,-,-,-
7,18432,10.228626251220703,6.166834831237793,304.2587890625,0.06407210975885391,9.551315307617188,-,-,-,-,-
7,18560,10.763615608215332,6.55309534072876,324.22509765625,0.05567987263202667,9.125889778137207,9.183029174804688,5.781942844390869,284.8936767578125,0.05764974653720856,4.944997310638428
7,18688,8.798849105834961,5.606870174407959,276.2721252441406,0.0551394447684288,3.741178512573242,-,-,-,-,-
7,18816,11.039670944213867,6.756714344024658,334.7416076660156,0.05377566069364548,8.817651748657227,-,-,-,-,-
7,18944,5.643293857574463,3.4751434326171875,169.14639282226562,0.059477128088474274,4.172092914581299,-,-,-,-,-
7,19072,7.367698669433594,4.468133926391602,219.5151824951172,0.056230127811431885,6.481827735900879,-,-,-,-,-
7,19200,7.736809730529785,4.889628887176514,241.00811767578125,0.05494649335741997,3.821531057357788,8.6007719039917,5.392679691314697,266.0438537597656,0.05646636709570885,4.9118804931640625
7,19328,8.4292573928833,5.236162185668945,258.1965637207031,0.05838582664728165,5.527438640594482,-,-,-,-,-
7,19456,7.962111473083496,4.6428680419921875,228.16082763671875,0.05806274339556694,9.795723915100098,-,-,-,-,-
7,19584,7.5656208992004395,4.706944465637207,231.04421997070312,0.06420106440782547,4.840337753295898,-,-,-,-,-
7,19712,10.353111267089844,6.369984149932861,314.6649169921875,0.062172554433345795,7.743058204650879,-,-,-,-,-
7,19840,8.50781536102295,5.448419094085693,269.3135681152344,0.04528213292360306,3.2097854614257812,8.400856971740723,4.918554306030273,241.79115295410156,0.05431587994098663,10.100751876831055
7,19968,15.424678802490234,9.752079010009766,484.7091979980469,0.056419599801301956,7.690883636474609,-,-,-,-,-
7,20096,7.473982334136963,4.732224941253662,233.3567352294922,0.04660661518573761,3.615834951400757,-,-,-,-,-
7,20224,7.5446906089782715,4.356031894683838,214.11895751953125,0.052876342087984085,9.94592571258545,-,-,-,-,-
7,20352,14.214170455932617,8.833523750305176,438.79083251953125,0.0617017038166523,9.310368537902832,-,-,-,-,-
7,20480,11.573386192321777,7.378994464874268,365.8945007324219,0.057487066835165024,4.779598236083984,7.550004959106445,4.335192680358887,212.6968994140625,0.05965607240796089,10.281874656677246
7,20608,6.935422897338867,3.963289260864258,194.46119689941406,0.0517716184258461,9.757497787475586,-,-,-,-,-
7,20736,10.455617904663086,6.757840633392334,335.2283630371094,0.04976450651884079,2.957285165786743,-,-,-,-,-
7,20864,10.0346040725708,6.266659736633301,310.32080078125,0.05308939144015312,6.116480350494385,-,-,-,-,-
7,20992,7.571988582611084,4.835569381713867,238.38226318359375,0.04884793236851692,3.0374879837036133,-,-,-,-,-
7,21120,8.112043380737305,4.8131489753723145,236.4835205078125,0.061896972358226776,8.721627235412598,6.718146324157715,3.7897799015045166,185.13043212890625,0.0593084841966629,10.177533149719238
7,21248,10.126880645751953,6.203426361083984,306.2659606933594,0.05615934729576111,8.046355247497559,-,-,-,-,-
7,21376,16.180505752563477,10.363349914550781,515.6903076171875,0.057473741471767426,6.027796745300293,-,-,-,-,-
7,21504,11.80754566192627,7.3580851554870605,365.1804504394531,0.04868678003549576,7.489692687988281,-,-,-,-,-
7,21632,11.752626419067383,7.343349933624268,364.5090026855469,0.050282493233680725,7.139039039611816,-,-,-,-,-
7,21760,8.364035606384277,4.336397647857666,212.65162658691406,0.06455289572477341,18.36569595336914,9.747010231018066,5.65053653717041,278.5129699707031,0.06046861410140991,12.508750915527344
7,21888,16.493017196655273,10.305806159973145,513.3731079101562,0.055861879140138626,9.976188659667969,-,-,-,-,-
7,22016,6.525439739227295,3.9904229640960693,195.81430053710938,0.052527397871017456,5.243463039398193,-,-,-,-,-
7,22144,8.150473594665527,4.789074420928955,235.8534698486328,0.05062311142683029,9.522418022155762,-,-,-,-,-
7,22272,8.619016647338867,5.436070442199707,268.14910888671875,0.05637373402714729,4.450817108154297,-,-,-,-,-
7,22400,10.734749794006348,6.008825302124023,296.9440612792969,0.05839492380619049,16.98088836669922,8.799551963806152,5.267830848693848,259.4273986816406,0.05473094433546066,8.827157974243164
7,22528,9.356358528137207,5.751638889312744,283.9580993652344,0.055208735167980194,7.099292278289795,-,-,-,-,-
7,22656,11.231595039367676,6.990821838378906,347.0312805175781,0.051624517887830734,7.188361167907715,-,-,-,-,-
7,22784,12.768636703491211,7.638274192810059,378.9132385253906,0.05621730163693428,12.85013198852539,-,-,-,-,-
7,22912,9.946516036987305,6.330327033996582,312.7913513183594,0.06188632547855377,4.263890743255615,-,-,-,-,-
7,23040,11.897010803222656,7.396915912628174,366.8546142578125,0.05355502665042877,7.779935836791992,11.228944778442383,7.262032508850098,359.7917175292969,0.05747867003083229,3.115166664123535
7,23168,10.216350555419922,6.547640800476074,323.47705078125,0.059488873928785324,3.7444937229156494,-,-,-,-,-
7,23296,14.069660186767578,8.474346160888672,420.9186096191406,0.05729484558105469,13.288322448730469,-,-,-,-,-
7,23424,7.396455764770508,4.513254165649414,221.52830505371094,0.05699438974261284,6.1092424392700195,-,-,-,-,-
7,23552,10.046273231506348,6.296296119689941,311.48443603515625,0.0544496551156044,5.806828022003174,-,-,-,-,-
7,23680,8.451695442199707,5.135100841522217,253.26499938964844,0.05442456901073456,7.295196533203125,8.525907516479492,5.385319709777832,264.50518798828125,0.06686493009328842,4.2867045402526855
7,23808,12.365700721740723,7.998182773590088,396.6021423339844,0.062123216688632965,3.3937389850616455,-,-,-,-,-
7,23936,10.030084609985352,6.274862766265869,310.4434814453125,0.05082615837454796,5.999609470367432,-,-,-,-,-
7,24064,8.033348083496094,5.196935176849365,256.6587829589844,0.05147624388337135,2.1834895610809326,-,-,-,-,-
7,24192,13.331878662109375,8.374038696289062,415.17181396484375,0.06684920191764832,7.3927321434021,-,-,-,-,-
7,24320,16.36307716369629,10.462313652038574,520.7373046875,0.05999840423464775,6.333913326263428,9.916638374328613,6.450692653656006,319.3208923339844,0.05336758494377136,2.1936910152435303
7,24448,7.47834587097168,4.757321834564209,234.00045776367188,0.05968811735510826,3.2133162021636963,-,-,-,-,-
7,24576,9.18643856048584,5.589334487915039,276.1185302734375,0.05539325997233391,7.8052659034729,-,-,-,-,-
7,24704,12.418481826782227,8.065900802612305,400.8143005371094,0.05085321143269539,2.9358537197113037,-,-,-,-,-
7,24832,5.291560649871826,3.200191020965576,156.04476928710938,0.05250035226345062,4.784215927124023,-,-,-,-,-
7,24960,7.890735626220703,4.946997165679932,243.7100067138672,0.05858421325683594,4.4805450439453125,12.919700622558594,8.439553260803223,419.28656005859375,0.054290127009153366,2.329918384552002
7,25088,8.20014762878418,5.301513671875,261.9173889160156,0.04863904044032097,2.3082120418548584,-,-,-,-,-
7,25216,7.99204158782959,4.903636932373047,241.0227508544922,0.06489209830760956,6.1328444480896,-,-,-,-,-
7,25344,9.251017570495605,5.568274021148682,274.8105163574219,0.05534793436527252,8.79289436340332,-,-,-,-,-
7,25472,6.835832595825195,4.086646556854248,200.5806427001953,0.056742601096630096,6.866367816925049,-,-,-,-,-
7,25600,8.618454933166504,5.344721794128418,263.1927795410156,0.06269120424985886,5.791153430938721,13.010690689086914,8.292510032653809,411.46063232421875,0.0619850791990757,5.415897369384766
7,25728,9.770442008972168,6.221058368682861,307.966064453125,0.05326199159026146,4.164605617523193,-,-,-,-,-
7,25856,10.482352256774902,6.680212497711182,330.31561279296875,0.06108652055263519,4.378965854644775,-,-,-,-,-
7,25984,7.513164043426514,4.308347702026367,211.0626678466797,0.05788806080818176,10.363016128540039,-,-,-,-,-
7,26112,10.364843368530273,6.585912227630615,326.0343933105469,0.05460882931947708,4.6397786140441895,-,-,-,-,-
7,26130,4.544051170349121,2.6432573795318604,128.25949096679688,0.05510268360376358,5.630965232849121,7.256311416625977,4.492910385131836,221.0030975341797,0.0509638674557209,5.024059295654297
8,128,8.461569786071777,5.28623628616333,260.8270263671875,0.055754128843545914,5.113091945648193,-,-,-,-,-
8,256,10.141212463378906,6.357720851898193,314.27191162109375,0.06307612359523773,5.776965141296387,-,-,-,-,-
8,384,10.107843399047852,6.163819789886475,304.8857727050781,0.05406109616160393,8.411054611206055,-,-,-,-,-
8,512,8.486114501953125,5.4194183349609375,267.66424560546875,0.051272012293338776,3.387815237045288,-,-,-,-,-
8,640,8.198076248168945,5.119884967803955,252.3499755859375,0.05513390526175499,4.995571136474609,12.091787338256836,7.75657844543457,384.8042907714844,0.05521487072110176,4.319514751434326
8,768,8.766647338867188,5.608388423919678,277.2521667480469,0.05362691730260849,3.321103096008301,-,-,-,-,-
8,896,11.248998641967773,7.100199222564697,351.4595642089844,0.060293495655059814,5.739102363586426,-,-,-,-,-
8,1024,8.070794105529785,4.932783603668213,242.9817657470703,0.054642047733068466,6.535506248474121,-,-,-,-,-
8,1152,10.296561241149902,6.602543354034424,326.6722412109375,0.056895531713962555,3.70400071144104,-,-,-,-,-
8,1280,5.977472305297852,3.6026666164398193,176.48231506347656,0.04962775856256485,5.603549003601074,10.481728553771973,6.620937347412109,327.9728088378906,0.057441145181655884,5.236221790313721
8,1408,7.5098419189453125,4.588767051696777,225.34156799316406,0.057509683072566986,6.101492404937744,-,-,-,-,-
8,1536,11.774796485900879,6.735430717468262,333.272216796875,0.05697367340326309,16.496700286865234,-,-,-,-,-
8,1664,8.813450813293457,5.684710502624512,280.7627258300781,0.05524136871099472,2.658708095550537,-,-,-,-,-
8,1792,11.731334686279297,6.956715106964111,344.85882568359375,0.053626686334609985,12.724051475524902,-,-,-,-,-
8,1920,7.002852439880371,4.201450824737549,206.84823608398438,0.044308144599199295,6.8861083984375,8.112044334411621,4.62522029876709,227.35418701171875,0.05446277931332588,11.588190078735352
8,2048,9.636863708496094,5.638064861297607,278.4931335449219,0.05508234724402428,11.58785343170166,-,-,-,-,-
8,2176,7.477627754211426,3.4231178760528564,167.561767578125,0.047855276614427567,23.31036376953125,-,-,-,-,-
8,2304,9.168096542358398,5.782703399658203,285.9981689453125,0.054380182176828384,4.710313320159912,-,-,-,-,-
8,2432,6.962699890136719,3.2113397121429443,156.79681396484375,0.05081521347165108,21.32576560974121,-,-,-,-,-
8,2560,10.396950721740723,6.4005961418151855,316.72430419921875,0.05589521676301956,7.732174396514893,9.992563247680664,5.414523124694824,267.2090148925781,0.05535183474421501,18.505983352661133
8,2688,14.893115997314453,8.471990585327148,420.44866943359375,0.06256331503391266,21.540756225585938,-,-,-,-,-
8,2816,7.973099708557129,4.672006607055664,230.23794555664062,0.048286501318216324,9.50426959991455,-,-,-,-,-
8,2944,9.949028015136719,5.96497106552124,295.2836608886719,0.05055234953761101,9.806684494018555,-,-,-,-,-
8,3072,11.108244895935059,6.678709983825684,330.75018310546875,0.053224388509988785,10.68808364868164,-,-,-,-,-
8,3200,11.500970840454102,6.88702392578125,341.2032470703125,0.05554282292723656,11.463715553283691,8.734734535217285,5.509052753448486,272.1877136230469,0.05370759218931198,4.500972270965576
8,3328,8.49284553527832,5.244534015655518,258.78509521484375,0.05544674023985863,6.050137519836426,-,-,-,-,-
8,3456,7.423854351043701,4.424232006072998,217.92572021484375,0.053306952118873596,7.670583724975586,-,-,-,-,-
8,3584,9.101343154907227,5.825850009918213,288.5442199707031,0.05156806856393814,3.3848259449005127,-,-,-,-,-
8,3712,8.50967025756836,4.876482963562012,239.9422149658203,0.06072654947638512,11.730381965637207,-,-,-,-,-
8,3840,8.44884204864502,5.288425922393799,261.49102783203125,0.05014408752322197,4.953614711761475,8.205182075500488,5.099678993225098,251.6347198486328,0.04677915945649147,5.423772811889648
8,3968,7.724527835845947,4.698730945587158,230.8056182861328,0.05115780979394913,6.665825366973877,-,-,-,-,-
8,4096,8.265849113464355,4.897830009460449,241.3548126220703,0.054145388305187225,9.003253936767578,-,-,-,-,-
8,4224,6.753098011016846,4.288508892059326,211.0101776123047,0.04933442920446396,3.0515267848968506,-,-,-,-,-
8,4352,9.15886116027832,5.483668804168701,270.7377624511719,0.052986349910497665,9.14828109741211,-,-,-,-,-
8,4480,11.021940231323242,6.9481611251831055,344.44818115234375,0.05668644234538078,5.726107597351074,10.275928497314453,6.632010459899902,328.6138000488281,0.05130501091480255,3.0647590160369873
8,4608,9.634296417236328,6.080965995788574,300.8941345214844,0.05518000200390816,4.892096519470215,-,-,-,-,-
8,4736,12.277231216430664,7.566737174987793,375.07672119140625,0.057739630341529846,9.019866943359375,-,-,-,-,-
8,4864,7.4412736892700195,4.486667633056641,220.50827026367188,0.057467713952064514,6.920553684234619,-,-,-,-,-
8,4992,10.726827621459961,6.780685901641846,335.78778076171875,0.05586271360516548,5.324019908905029,-,-,-,-,-
8,5120,11.768026351928711,6.928956985473633,342.942138671875,0.056449245661497116,13.531991004943848,7.0090203285217285,4.248194694519043,208.77870178222656,0.053867168724536896,6.191715240478516
8,5248,6.165472030639648,3.7687461376190186,184.77760314941406,0.05397273972630501,4.949772834777832,-,-,-,-,-
8,5376,12.166590690612793,7.706148147583008,383.03839111328125,0.049880657345056534,5.801779747009277,-,-,-,-,-
8,5504,8.464208602905273,5.399744987487793,266.4092102050781,0.05386286601424217,3.4650919437408447,-,-,-,-,-
8,5632,9.497395515441895,5.886515140533447,291.1734619140625,0.05377738177776337,6.453672885894775,-,-,-,-,-
8,5760,8.185407638549805,5.011836528778076,247.053466796875,0.055699169635772705,6.473372936248779,8.019798278808594,5.1669135093688965,255.14898681640625,0.04913860931992531,2.5225605964660645
8,5888,7.893338203430176,5.107187747955322,252.2543487548828,0.045718349516391754,2.178889036178589,-,-,-,-,-
8,6016,12.771247863769531,8.184123992919922,406.6987609863281,0.05107012018561363,4.69065523147583,-,-,-,-,-
8,6144,8.775507926940918,5.640368938446045,278.8096618652344,0.05354582518339157,2.9349658489227295,-,-,-,-,-
8,6272,9.98983097076416,6.32753849029541,313.41796875,0.04896050691604614,4.791527271270752,-,-,-,-,-
8,6400,5.647867679595947,3.6066031455993652,176.53260803222656,0.051783181726932526,2.2415542602539062,9.308027267456055,5.824533462524414,287.9299011230469,0.05457086116075516,5.4962358474731445
8,6528,9.701359748840332,6.104645252227783,302.29071044921875,0.04993176460266113,5.238758563995361,-,-,-,-,-
8,6656,6.689083576202393,4.230576515197754,207.98182678222656,0.04728797450661659,3.3140103816986084,-,-,-,-,-
8,6784,6.7183756828308105,3.954195022583008,194.0185089111328,0.05594548210501671,7.6805033683776855,-,-,-,-,-
8,6912,8.179437637329102,4.473878860473633,219.79782104492188,0.05944900959730148,14.481310844421387,-,-,-,-,-
8,7040,5.1340789794921875,3.2253377437591553,157.34080505371094,0.05248109623789787,2.828523874282837,6.243293762207031,3.4143259525299072,166.57830810546875,0.05035537853837013,11.128290176391602
8,7168,11.280401229858398,6.776648044586182,335.9850769042969,0.05127039551734924,10.926321983337402,-,-,-,-,-
8,7296,9.404247283935547,5.627172946929932,277.9309387207031,0.050953928381204605,9.468104362487793,-,-,-,-,-
8,7424,6.22531270980835,3.8873023986816406,190.4017333984375,0.057975247502326965,3.7601752281188965,-,-,-,-,-
8,7552,12.043745040893555,7.39530086517334,366.765380859375,0.05481281131505966,9.259781837463379,-,-,-,-,-
8,7680,7.243780136108398,4.660927772521973,229.14205932617188,0.05051109194755554,2.409212350845337,9.786053657531738,6.055756568908691,299.431396484375,0.05539252609014511,6.805902481079102
8,7808,10.12804889678955,6.390296459197998,317.1544494628906,0.04673555865883827,5.194722652435303,-,-,-,-,-
8,7936,8.479828834533691,5.43800163269043,268.5035705566406,0.057344600558280945,2.9944732189178467,-,-,-,-,-
8,8064,11.268682479858398,6.93149471282959,343.24981689453125,0.06052510440349579,8.441645622253418,-,-,-,-,-
8,8192,6.423189163208008,4.021820545196533,197.59657287597656,0.045655060559511185,3.7974746227264404,-,-,-,-,-
8,8320,12.239372253417969,7.732893943786621,383.0964660644531,0.062251146882772446,6.132628917694092,7.958492279052734,4.46258544921875,219.32901000976562,0.0554778017103672,12.471391677856445
8,8448,8.347138404846191,4.673763275146484,229.91494750976562,0.05390433222055435,13.203214645385742,-,-,-,-,-
8,8576,5.560718059539795,3.576202392578125,175.211669921875,0.04783419892191887,1.8456441164016724,-,-,-,-,-
8,8704,6.65800142288208,3.855773448944092,188.74253845214844,0.05172144994139671,8.630809783935547,-,-,-,-,-
8,8832,12.395790100097656,7.874632835388184,390.3466796875,0.05946824699640274,5.582232475280762,-,-,-,-,-
8,8960,6.685913562774658,4.187454700469971,205.4685821533203,0.0539914146065712,3.8978161811828613,11.534103393554688,7.173205852508545,355.94500732421875,0.052130162715911865,7.493184566497803
8,9088,12.00174617767334,7.564220428466797,375.208984375,0.05368208885192871,6.317539215087891,-,-,-,-,-
8,9216,6.748486518859863,4.322240352630615,212.58355712890625,0.05586638301610947,2.4454469680786133,-,-,-,-,-
8,9344,12.200525283813477,7.847723484039307,389.9835510253906,0.05158479884266853,4.013814449310303,-,-,-,-,-
8,9472,11.180671691894531,7.191728115081787,356.7191162109375,0.054721470922231674,3.6703102588653564,-,-,-,-,-
8,9600,9.23161506652832,5.720230579376221,282.9273681640625,0.051825299859046936,6.302855491638184,11.595799446105957,7.496392250061035,371.90167236328125,0.06260304898023605,3.177877426147461
8,9728,6.002896308898926,3.8167500495910645,187.399169921875,0.049818672239780426,2.623363733291626,-,-,-,-,-
8,9856,9.107372283935547,5.590893268585205,276.3900146484375,0.04936768487095833,7.032107830047607,-,-,-,-,-
8,9984,8.091557502746582,5.17974328994751,255.53477478027344,0.056276001036167145,3.0019071102142334,-,-,-,-,-
8,10112,7.979286193847656,5.0161824226379395,247.7207794189453,0.05194395035505295,4.3395233154296875,-,-,-,-,-
8,10240,10.04727554321289,6.356597900390625,314.22467041015625,0.05833446979522705,4.900966167449951,6.544875144958496,4.016015529632568,196.9237518310547,0.05110976845026016,5.085123062133789
8,10368,6.054661750793457,3.7351365089416504,183.1513671875,0.050836704671382904,4.37174654006958,-,-,-,-,-
8,10496,7.219512939453125,4.47550106048584,219.80638122558594,0.062228430062532425,4.837199687957764,-,-,-,-,-
8,10624,6.938983917236328,4.251966953277588,209.3776092529297,0.0503167062997818,5.42924165725708,-,-,-,-,-
8,10752,9.948801040649414,6.4217209815979,318.035888671875,0.05176062136888504,2.949610471725464,-,-,-,-,-
8,10880,6.7256693840026855,4.098603248596191,201.02578735351562,0.05332476273179054,5.634838581085205,4.091464519500732,2.556715488433838,124.36481475830078,0.04341866448521614,2.4768218994140625
8,11008,5.148888111114502,3.273080825805664,160.16184997558594,0.04808218777179718,2.261065721511841,-,-,-,-,-
8,11136,9.35838508605957,5.8259711265563965,288.28277587890625,0.05306277796626091,5.965229511260986,-,-,-,-,-
8,11264,13.237221717834473,8.641688346862793,429.8967590332031,0.05740378424525261,2.39162278175354,-,-,-,-,-
8,11392,8.903138160705566,5.624882221221924,278.13641357421875,0.050372835248708725,4.46519136428833,-,-,-,-,-
8,11520,8.243474960327148,5.354043006896973,264.698486328125,0.052341852337121964,1.9010545015335083,10.070521354675293,6.376305103302002,315.3990783691406,0.04883856326341629,4.913861274719238
8,11648,7.6887688636779785,4.773046493530273,234.293212890625,0.058481328189373016,5.143094062805176,-,-,-,-,-
8,11776,9.294812202453613,5.930141448974609,293.7479553222656,0.048910725861787796,3.782804250717163,-,-,-,-,-
8,11904,6.527156829833984,4.10352087020874,201.77565002441406,0.04781936854124069,3.580601692199707,-,-,-,-,-
8,12032,7.184755325317383,4.55064058303833,224.137451171875,0.05336088687181473,3.3937954902648926,-,-,-,-,-
8,12160,7.0012311935424805,4.456341743469238,219.4259490966797,0.04960792511701584,3.0102181434631348,6.458571434020996,3.9920876026153564,195.3721923828125,0.055591873824596405,4.571702480316162
8,12288,9.875116348266602,6.328242301940918,313.46893310546875,0.05234065279364586,3.598437547683716,-,-,-,-,-
8,12416,5.142158031463623,3.269578456878662,159.60934448242188,0.051218677312135696,2.252674102783203,-,-,-,-,-
8,12544,8.35454273223877,5.294775009155273,261.42559814453125,0.05395358428359032,3.915585517883301,-,-,-,-,-
8,12672,9.856118202209473,6.414834499359131,318.0302429199219,0.05126900225877762,2.097125291824341,-,-,-,-,-
8,12800,7.901325702667236,5.091641902923584,251.4103240966797,0.04619814082980156,2.4938201904296875,8.333622932434082,5.405253887176514,266.81781005859375,0.05245419219136238,2.0773730278015137
8,12928,9.715923309326172,6.340392589569092,314.6541748046875,0.046914242208004,1.8207459449768066,-,-,-,-,-
8,13056,9.058245658874512,5.8593597412109375,289.4409484863281,0.054956432431936264,2.4952051639556885,-,-,-,-,-
8,13184,8.6135835647583,5.524068355560303,273.1983642578125,0.05149531736969948,3.0603606700897217,-,-,-,-,-
8,13312,11.800235748291016,7.698335647583008,381.8718566894531,0.0531330481171608,2.3004932403564453,-,-,-,-,-
8,13440,7.094140529632568,4.523528099060059,222.50653076171875,0.05433335155248642,2.912139654159546,12.44577407836914,8.146769523620605,404.473388671875,0.05566321313381195,1.9860731363296509
8,13568,15.446351051330566,10.091302871704102,502.80462646484375,0.05571315437555313,2.712902069091797,-,-,-,-,-
8,13696,9.44443416595459,6.0920867919921875,301.6468505859375,0.05194161832332611,2.839376926422119,-,-,-,-,-
8,13824,9.543107032775879,6.104458332061768,302.4381103515625,0.05183223634958267,3.624354362487793,-,-,-,-,-
8,13952,9.747430801391602,6.223453998565674,307.5758361816406,0.05738164111971855,3.90836238861084,-,-,-,-,-
8,14080,7.602405548095703,4.856307506561279,239.09902954101562,0.053653646260499954,3.0145418643951416,5.590903282165527,3.5332608222961426,172.6661834716797,0.05298731103539467,2.7799391746520996
8,14208,5.51424503326416,3.502772569656372,171.80015563964844,0.04839860275387764,2.450723648071289,-,-,-,-,-
8,14336,8.191214561462402,5.295462131500244,261.61810302734375,0.053787752985954285,2.2578375339508057,-,-,-,-,-
8,14464,12.032742500305176,7.785676002502441,386.9176940917969,0.050597090274095535,3.272926092147827,-,-,-,-,-
8,14592,8.238588333129883,5.251706600189209,259.07073974609375,0.05674290284514427,3.394322156906128,-,-,-,-,-
8,14720,8.64299488067627,5.621033191680908,278.1505432128906,0.05005364492535591,1.9040322303771973,8.39996337890625,5.381075382232666,265.78338623046875,0.05296887084841728,3.0808591842651367
8,14848,6.606759071350098,4.232339382171631,208.11505126953125,0.05154438689351082,2.4172487258911133,-,-,-,-,-
8,14976,8.11367416381836,5.248203754425049,259.3597106933594,0.050172436982393265,2.2170097827911377,-,-,-,-,-
8,15104,7.661884307861328,4.986824989318848,245.9960174560547,0.04946630075573921,1.6563301086425781,-,-,-,-,-
8,15232,6.54849910736084,4.157575607299805,203.720458984375,0.050926439464092255,3.027923345565796,-,-,-,-,-
8,15360,8.398560523986816,5.333131790161133,262.900146484375,0.05919615179300308,3.7723073959350586,5.780325412750244,3.6262030601501465,177.47283935546875,0.05283435806632042,3.2655937671661377
8,15488,8.861042022705078,5.613061428070068,277.0155029296875,0.05994739010930061,4.178778171539307,-,-,-,-,-
8,15616,8.451501846313477,5.400571346282959,266.6354064941406,0.05727730691432953,3.272989273071289,-,-,-,-,-
8,15744,5.08036994934082,3.222057580947876,157.50103759765625,0.048092201352119446,2.352097511291504,-,-,-,-,-
8,15872,8.608742713928223,5.564999103546143,274.6748046875,0.0532093420624733,2.4378726482391357,-,-,-,-,-
8,16000,9.18315601348877,5.858309745788574,289.3966979980469,0.05497773364186287,3.7590229511260986,7.068301200866699,4.382612705230713,214.97152709960938,0.055414870381355286,4.805586814880371
8,16128,7.898400783538818,5.005832195281982,246.82907104492188,0.05512010306119919,3.6915783882141113,-,-,-,-,-
8,16256,9.231477737426758,5.98897647857666,296.02801513671875,0.051102884113788605,2.311178684234619,-,-,-,-,-
8,16384,7.70632266998291,4.895662307739258,241.3502960205078,0.05324597284197807,3.4391160011291504,-,-,-,-,-
8,16512,5.763067722320557,3.6327970027923584,177.6074981689453,0.05904302000999451,2.951533317565918,-,-,-,-,-
8,16640,7.679481029510498,4.980564117431641,246.37814331054688,0.047454942017793655,1.8768081665039062,6.252115249633789,4.040359973907471,198.6548614501953,0.05098354071378708,1.7422345876693726
8,16768,9.735313415527344,6.314239978790283,312.7113952636719,0.05337515473365784,2.4058456420898438,-,-,-,-,-
8,16896,7.668903350830078,4.941317081451416,243.2661590576172,0.051000602543354034,2.4392426013946533,-,-,-,-,-
8,17024,7.339148044586182,4.734524250030518,232.680419921875,0.05216827988624573,2.256511926651001,-,-,-,-,-
8,17152,5.758676528930664,3.6446115970611572,177.95675659179688,0.05276663973927498,2.817305326461792,-,-,-,-,-
8,17280,7.921658515930176,5.049561977386475,249.0474090576172,0.05752713605761528,3.240952968597412,6.302003383636475,3.9611620903015137,193.89633178710938,0.055739764124155045,3.461378335952759
8,17408,9.369239807128906,6.029168128967285,298.58587646484375,0.04942533001303673,3.047877073287964,-,-,-,-,-
8,17536,6.97028923034668,4.399374961853027,216.5621795654297,0.05516383424401283,3.501284599304199,-,-,-,-,-
8,17664,4.644698619842529,2.954848289489746,143.9425048828125,0.05121849477291107,1.9920670986175537,-,-,-,-,-
8,17792,11.024604797363281,7.115804195404053,353.34625244140625,0.05287836492061615,3.224595069885254,-,-,-,-,-
8,17920,9.276841163635254,6.010660171508789,297.25994873046875,0.05007178336381912,2.435102701187134,5.706268310546875,3.624213695526123,177.19578552246094,0.05299508571624756,2.5710136890411377
8,18048,7.488234519958496,4.883060455322266,241.11346435546875,0.040785834193229675,1.5325379371643066,-,-,-,-,-
8,18176,7.040560722351074,4.5043206214904785,221.37176513671875,0.05356770381331444,2.6895408630371094,-,-,-,-,-
8,18304,8.827193260192871,5.6677565574646,279.715087890625,0.056568510830402374,3.057177782058716,-,-,-,-,-
8,18432,9.366104125976562,6.025760173797607,298.459716796875,0.05299639701843262,3.0275020599365234,-,-,-,-,-
8,18560,6.303009986877441,4.034983158111572,198.09056091308594,0.056798167526721954,2.3032314777374268,6.029618740081787,3.880058765411377,190.29739379882812,0.04918734356760979,1.9739912748336792
8,18688,5.486323356628418,3.494056224822998,170.76866149902344,0.05498156696557999,2.2959892749786377,-,-,-,-,-
8,18816,5.29358434677124,3.3856799602508545,165.38259887695312,0.056211069226264954,1.9786741733551025,-,-,-,-,-
8,18944,6.787255764007568,4.333045959472656,213.05068969726562,0.05428626760840416,2.6941699981689453,-,-,-,-,-
8,19072,7.124451160430908,4.6230363845825195,228.0371551513672,0.04618975520133972,1.748534917831421,-,-,-,-,-
8,19200,4.932699203491211,3.153740406036377,154.05905151367188,0.04924808815121651,1.8911960124969482,11.204716682434082,7.304561138153076,362.6033020019531,0.05021186172962189,2.23911190032959
8,19328,8.898228645324707,5.772778034210205,285.6003112792969,0.055964600294828415,2.134831190109253,-,-,-,-,-
8,19456,7.778512001037598,5.03219747543335,248.04669189453125,0.055258236825466156,2.1058921813964844,-,-,-,-,-
8,19584,7.357596397399902,4.733809471130371,233.86778259277344,0.051916006952524185,2.3319308757781982,-,-,-,-,-
8,19712,8.329516410827637,5.384377479553223,266.16845703125,0.05726258084177971,2.261913776397705,-,-,-,-,-
8,19840,8.20068073272705,5.306798458099365,262.10589599609375,0.051022689789533615,2.218010187149048,11.252026557922363,7.296821117401123,361.6473693847656,0.05454127863049507,2.841902256011963
8,19968,11.714774131774902,7.556092739105225,374.1389465332031,0.05723855271935463,3.6005358695983887,-,-,-,-,-
8,20096,9.089509010314941,5.84527587890625,289.323486328125,0.05071615055203438,3.002826690673828,-,-,-,-,-
8,20224,15.387091636657715,9.994032859802246,497.304443359375,0.06065508723258972,3.593595266342163,-,-,-,-,-
8,20352,4.764054298400879,2.8375844955444336,137.61636352539062,0.054910652339458466,4.95395565032959,-,-,-,-,-
8,20480,9.34559440612793,6.051339149475098,299.8211975097656,0.045338258147239685,2.507044553756714,8.457837104797363,5.364844799041748,264.81207275390625,0.05260593444108963,3.922661066055298
8,20608,4.0114593505859375,2.4862773418426514,120.58954620361328,0.04689436033368111,2.723923683166504,-,-,-,-,-
8,20736,4.763594150543213,2.983829975128174,145.53375244140625,0.05358508974313736,2.7084155082702637,-,-,-,-,-
8,20864,4.903377532958984,3.136681079864502,153.02821350097656,0.049297433346509933,1.8711705207824707,-,-,-,-,-
8,20992,11.563093185424805,7.365211009979248,365.2109069824219,0.0586695559322834,4.871048927307129,-,-,-,-,-
8,21120,6.125032424926758,3.872709035873413,189.9629669189453,0.052897922694683075,2.9979541301727295,8.354607582092285,5.393630027770996,266.9849853515625,0.04752803593873978,2.435985565185547
8,21248,8.565776824951172,5.4708027839660645,269.6877746582031,0.05326111614704132,3.4483494758605957,-,-,-,-,-
8,21376,11.199719429016113,7.105907917022705,352.24725341796875,0.04944070056080818,5.218994140625,-,-,-,-,-
8,21504,7.698348045349121,4.945816993713379,243.93624877929688,0.05173470824956894,2.6143364906311035,-,-,-,-,-
8,21632,12.110334396362305,7.703243732452393,382.21044921875,0.05628926679491997,5.286964416503906,-,-,-,-,-
8,21760,8.300722122192383,5.108742713928223,252.06732177734375,0.050371188670396805,6.2093505859375,11.431655883789062,7.434747695922852,368.883056640625,0.056884732097387314,2.511932611465454
8,21888,6.644951343536377,4.211721897125244,206.80308532714844,0.05271884799003601,3.1248013973236084,-,-,-,-,-
8,22016,6.471966743469238,3.8188703060150146,187.22802734375,0.05286303162574768,7.2795281410217285,-,-,-,-,-
8,22144,11.372973442077637,7.170348644256592,356.02545166015625,0.05461321771144867,5.8775739669799805,-,-,-,-,-
8,22272,8.270195007324219,5.1916937828063965,256.00457763671875,0.060634732246398926,4.578213691711426,-,-,-,-,-
8,22400,11.066143035888672,6.569018840789795,325.2804870605469,0.05415884777903557,11.901602745056152,10.117966651916504,6.098592758178711,301.5645446777344,0.053421929478645325,9.503068923950195
8,22528,6.299782752990723,3.550086259841919,173.80943298339844,0.05014026537537575,9.614620208740234,-,-,-,-,-
8,22656,8.677447319030762,5.363607883453369,264.5553894042969,0.050941482186317444,6.17343807220459,-,-,-,-,-
8,22784,4.832783222198486,2.651463270187378,128.62283325195312,0.05164220929145813,8.434492111206055,-,-,-,-,-
8,22912,12.075124740600586,7.754500389099121,385.02783203125,0.055769484490156174,4.145764350891113,-,-,-,-,-
8,23040,12.874435424804688,8.026327133178711,398.598876953125,0.054142363369464874,8.079774856567383,5.2947893142700195,3.2408664226531982,158.7454376220703,0.0433519221842289,4.2311692237854
8,23168,9.765152931213379,6.06889009475708,300.08349609375,0.0601385198533535,6.352888584136963,-,-,-,-,-
8,23296,7.351553440093994,4.731321811676025,233.28810119628906,0.051267437636852264,2.3608295917510986,-,-,-,-,-
8,23424,8.66330337524414,5.4811553955078125,270.6697082519531,0.05030016973614693,4.251501560211182,-,-,-,-,-
8,23552,8.6256103515625,5.472664833068848,270.1380920410156,0.05263843014836311,3.9892659187316895,-,-,-,-,-
8,23680,6.3354387283325195,4.052969932556152,199.002197265625,0.04563319310545921,2.4681363105773926,6.06842041015625,3.8859481811523438,190.71795654296875,0.046594470739364624,2.286984443664551
8,23808,7.217613220214844,4.661575794219971,229.49642944335938,0.05323318764567375,2.078401803970337,-,-,-,-,-
8,23936,10.243464469909668,6.663098335266113,330.3122253417969,0.04739253968000412,2.298504590988159,-,-,-,-,-
8,24064,8.0101900100708,5.153922080993652,254.32171630859375,0.0513484813272953,2.617018699645996,-,-,-,-,-
8,24192,8.243375778198242,5.1757354736328125,254.94921875,0.058530379086732864,4.596184730529785,-,-,-,-,-
8,24320,8.377501487731934,5.290428161621094,261.47393798828125,0.050774697214365005,4.2155914306640625,9.396100044250488,6.062833309173584,299.92852783203125,0.053239673376083374,2.807419776916504
8,24448,8.455708503723145,5.4577531814575195,269.9780578613281,0.04489738494157791,2.532778739929199,-,-,-,-,-
8,24576,6.500093936920166,4.060922622680664,199.1490478515625,0.053830649703741074,3.938505172729492,-,-,-,-,-
8,24704,7.651323318481445,4.83750057220459,237.88014221191406,0.05216103792190552,3.828603506088257,-,-,-,-,-
8,24832,6.298943996429443,4.052351474761963,199.26773071289062,0.04840942472219467,2.0550568103790283,-,-,-,-,-
8,24960,11.79033088684082,7.517632961273193,372.5072326660156,0.057861171662807465,4.897642612457275,10.422828674316406,6.096512317657471,301.3176574707031,0.0524519719183445,12.60688304901123
8,25088,9.602957725524902,5.729470729827881,283.1732482910156,0.05367762967944145,9.880772590637207,-,-,-,-,-
8,25216,5.25460147857666,3.359504461288452,164.23818969726562,0.051053524017333984,2.016618013381958,-,-,-,-,-
8,25344,8.374516487121582,4.808246612548828,236.5718994140625,0.05512372776865959,11.45427131652832,-,-,-,-,-
8,25472,7.306910037994385,4.147084712982178,204.02651977539062,0.04566871374845505,10.738917350769043,-,-,-,-,-
8,25600,8.161787986755371,5.092041015625,251.1444854736328,0.05415302515029907,5.041492462158203,5.49378776550293,2.3945770263671875,115.85912322998047,0.05096988007426262,18.89649772644043
8,25728,7.126609802246094,3.6901607513427734,180.9227294921875,0.05036236345767975,15.768593788146973,-,-,-,-,-
8,25856,14.859280586242676,9.545926094055176,474.6864929199219,0.055912330746650696,5.105768203735352,-,-,-,-,-
8,25984,9.273557662963867,4.58717155456543,225.82601928710938,0.05564824119210243,23.72477912902832,-,-,-,-,-
8,26112,7.839760780334473,4.892305850982666,241.4909210205078,0.05102283135056496,4.815230369567871,-,-,-,-,-
8,26130,11.109112739562988,5.997899532318115,295.7333679199219,0.057225439697504044,20.966550827026367,12.4733304977417,6.696994304656982,331.9803466796875,0.05171681195497513,24.04815673828125
9,128,10.152624130249023,5.060067653656006,249.22897338867188,0.048852916806936264,25.514137268066406,-,-,-,-,-
9,256,8.451621055603027,5.1899847984313965,256.3638916015625,0.05001024156808853,6.479868412017822,-,-,-,-,-
9,384,10.923194885253906,5.799710750579834,286.55572509765625,0.05542229115962982,22.025049209594727,-,-,-,-,-
9,512,12.433426856994629,6.775290489196777,335.665771484375,0.05635823681950569,22.45119857788086,-,-,-,-,-
9,640,5.368525981903076,2.9675896167755127,144.72572326660156,0.05128698796033859,9.023917198181152,12.33979320526123,7.173470497131348,356.0404052734375,0.05074235796928406,15.551769256591797
9,768,13.019375801086426,7.501083850860596,372.18511962890625,0.056895580142736435,17.395462036132812,-,-,-,-,-
9,896,9.73486042022705,5.320439338684082,262.9383239746094,0.05281849205493927,17.32219696044922,-,-,-,-,-
9,1024,8.479792594909668,4.748968601226807,233.80340576171875,0.05562703683972359,13.37162971496582,-,-,-,-,-
9,1152,11.035768508911133,4.313286304473877,211.92782592773438,0.05209784582257271,45.51105880737305,-,-,-,-,-
9,1280,7.380331039428711,4.6766204833984375,230.1883544921875,0.04811333492398262,3.5371363162994385,10.904744148254395,5.16108512878418,253.98817443847656,0.05074070021510124,31.53036880493164
9,1408,12.086812973022461,5.583511829376221,275.5798034667969,0.05107654258608818,36.96426773071289,-,-,-,-,-
9,1536,7.0995306968688965,3.44865345954895,168.0944366455078,0.0529031977057457,19.170299530029297,-,-,-,-,-
9,1664,8.72840690612793,4.986158847808838,246.0844268798828,0.05139657109975815,12.300076484680176,-,-,-,-,-
9,1792,8.832822799682617,5.390866756439209,266.3781433105469,0.04286005720496178,7.353142261505127,-,-,-,-,-
9,1920,10.794418334960938,5.914473533630371,292.9146728515625,0.04872990772128105,19.02067756652832,9.616991996765137,5.779324531555176,285.7914733886719,0.051836833357810974,9.279154777526855
9,2048,12.408973693847656,7.465717315673828,370.54974365234375,0.053525183349847794,11.84233283996582,-,-,-,-,-
9,2176,10.839908599853516,6.248371124267578,309.619384765625,0.049742601811885834,14.456010818481445,-,-,-,-,-
9,2304,6.2088823318481445,3.6345434188842773,178.05953979492188,0.04973827674984932,7.440051078796387,-,-,-,-,-
9,2432,7.402904510498047,4.1581130027771,204.2383270263672,0.053652264177799225,11.487557411193848,-,-,-,-,-
9,2560,8.618245124816895,5.321052551269531,262.9068603515625,0.047608088701963425,6.205165863037109,11.783945083618164,7.261528015136719,360.812255859375,0.05359109491109848,8.607033729553223
9,2688,11.570045471191406,7.141261577606201,354.42529296875,0.052104610949754715,8.324264526367188,-,-,-,-,-
9,2816,7.2299017906188965,4.382482051849365,215.8799285888672,0.048231061547994614,6.403892993927002,-,-,-,-,-
9,2944,6.98969841003418,4.355003356933594,214.0906219482422,0.04631199687719345,4.474766731262207,-,-,-,-,-
9,3072,7.754446029663086,4.667911052703857,230.2271728515625,0.045603517442941666,7.386599063873291,-,-,-,-,-
9,3200,10.860142707824707,7.015627861022949,347.7164001464844,0.0514676496386528,3.1588244438171387,8.444758415222168,5.174213409423828,255.4116668701172,0.05180668085813522,6.64621639251709
9,3328,8.957481384277344,5.447239398956299,268.9264221191406,0.054286155849695206,7.66691780090332,-,-,-,-,-
9,3456,9.131553649902344,5.79398250579834,286.564453125,0.0527169294655323,4.192098617553711,-,-,-,-,-
9,3584,5.878387928009033,3.5346033573150635,173.22300720214844,0.04806379973888397,5.6349077224731445,-,-,-,-,-
9,3712,6.384044170379639,3.945923328399658,193.78549194335938,0.05018315091729164,4.500826835632324,-,-,-,-,-
9,3840,8.279929161071777,5.152774810791016,254.36509704589844,0.05093642324209213,5.32567834854126,5.537291049957275,3.3875417709350586,165.84056091308594,0.04445608705282211,4.468878746032715
9,3968,10.365762710571289,6.442979335784912,318.7848815917969,0.05162537842988968,6.833090782165527,-,-,-,-,-
9,4096,8.540714263916016,5.403355598449707,266.4519958496094,0.05481017008423805,4.180285453796387,-,-,-,-,-
9,4224,7.911283016204834,4.727277755737305,233.1388397216797,0.04718149080872536,8.054353713989258,-,-,-,-,-
9,4352,7.261397838592529,4.5593132972717285,224.8330535888672,0.04612352326512337,4.0763044357299805,-,-,-,-,-
9,4480,6.495988845825195,3.951169013977051,194.19744873046875,0.0511530339717865,5.51692008972168,6.3411335945129395,3.8594653606414795,189.39944458007812,0.05547443777322769,5.321994304656982
9,4608,11.236336708068848,7.177947521209717,356.18341064453125,0.051524095237255096,4.450315952301025,-,-,-,-,-
9,4736,8.149964332580566,5.204151630401611,257.42364501953125,0.05430636554956436,3.172694683074951,-,-,-,-,-
9,4864,7.335550308227539,4.446491718292236,218.89474487304688,0.055819857865571976,6.442916393280029,-,-,-,-,-
9,4992,7.8643574714660645,4.857348442077637,239.7491912841797,0.05370643734931946,5.55810546875,-,-,-,-,-
9,5120,8.896970748901367,5.515505313873291,272.1517028808594,0.052134688943624496,6.0781378746032715,8.968963623046875,5.311236381530762,261.73968505859375,0.05557449534535408,9.847564697265625
9,5248,8.224407196044922,5.057374477386475,249.2344970703125,0.04782608523964882,6.268620491027832,-,-,-,-,-
9,5376,4.934713840484619,2.8897299766540527,140.43087768554688,0.045365311205387115,5.953096389770508,-,-,-,-,-
9,5504,8.264425277709961,4.970794200897217,244.7601318359375,0.050907619297504425,7.951222896575928,-,-,-,-,-
9,5632,10.441542625427246,6.750762462615967,334.65582275390625,0.05121564865112305,2.9300618171691895,-,-,-,-,-
9,5760,12.149003028869629,7.783430576324463,386.9129943847656,0.05645247548818588,4.399897575378418,6.882730960845947,4.330820083618164,212.9267120361328,0.05631977319717407,3.663243293762207
9,5888,5.218352794647217,3.278625249862671,160.1061248779297,0.04784588888287544,2.908205986022949,-,-,-,-,-
9,6016,6.078707218170166,3.7355549335479736,183.07579040527344,0.053618233650922775,4.587761878967285,-,-,-,-,-
9,6144,8.386319160461426,5.366641998291016,264.7392883300781,0.05167270824313164,3.206122636795044,-,-,-,-,-
9,6272,8.227509498596191,5.2392754554748535,258.78704833984375,0.046900421380996704,3.5346319675445557,-,-,-,-,-
9,6400,6.796207904815674,4.311416149139404,211.79580688476562,0.05063594877719879,3.1619765758514404,6.18174934387207,3.810964345932007,186.55918884277344,0.05112680420279503,4.540664196014404
9,6528,5.249082565307617,3.1775524616241455,155.0041961669922,0.049082379788160324,4.724058628082275,-,-,-,-,-
9,6656,8.685782432556152,5.632575511932373,278.69281005859375,0.0478082112967968,2.1847074031829834,-,-,-,-,-
9,6784,6.988651752471924,4.326951503753662,213.1669921875,0.05227600410580635,4.777547836303711,-,-,-,-,-
9,6912,7.141691207885742,4.435389995574951,218.02484130859375,0.053284965455532074,4.727677822113037,-,-,-,-,-
9,7040,5.456151962280273,3.4880318641662598,170.6791229248047,0.047813352197408676,2.135150671005249,7.878701210021973,5.090221405029297,251.54666137695312,0.04896014556288719,2.2405290603637695
9,7168,13.993865013122559,9.126938819885254,454.5075988769531,0.05097290500998497,2.7087771892547607,-,-,-,-,-
9,7296,6.153649806976318,3.9506142139434814,194.05921936035156,0.05038619041442871,2.120574474334717,-,-,-,-,-
9,7424,10.96424674987793,7.086020469665527,351.1651916503906,0.05550520867109299,3.1106982231140137,-,-,-,-,-
9,7552,10.994403839111328,7.1116862297058105,352.6944580078125,0.0577276311814785,2.9804556369781494,-,-,-,-,-
9,7680,5.200734615325928,3.3112473487854004,161.9740447998047,0.04868227243423462,2.2106454372406006,6.276926040649414,3.998934507369995,196.52597045898438,0.050085727125406265,2.626462459564209
9,7808,6.800848484039307,4.355729579925537,214.6057891845703,0.04998822510242462,2.490732192993164,-,-,-,-,-
9,7936,5.26732873916626,3.364464044570923,164.65481567382812,0.049985118210315704,2.0633153915405273,-,-,-,-,-
9,8064,6.219717502593994,3.9719197750091553,195.07347106933594,0.053971972316503525,2.4309167861938477,-,-,-,-,-
9,8192,5.6007890701293945,3.554262638092041,174.0419158935547,0.049042560160160065,2.5706489086151123,-,-,-,-,-
9,8320,4.497899055480957,2.8721158504486084,140.069580078125,0.04536045715212822,1.7972674369812012,5.504835605621338,3.5294082164764404,173.21412658691406,0.047782838344573975,1.955031394958496
9,8448,4.709863185882568,2.989067316055298,146.11671447753906,0.045359786599874496,2.1426923274993896,-,-,-,-,-
9,8576,5.888483047485352,3.702982187271118,181.44740295410156,0.0548851452767849,3.1614203453063965,-,-,-,-,-
9,8704,4.689444541931152,2.9638798236846924,144.7911834716797,0.04250984266400337,2.351426839828491,-,-,-,-,-
9,8832,11.961880683898926,7.686245441436768,381.712646484375,0.055475421249866486,4.030333995819092,-,-,-,-,-
9,8960,5.962402820587158,3.693356513977051,181.52642822265625,0.04454474896192551,4.092374324798584,5.111227035522461,3.102048873901367,151.5433807373047,0.04896671697497368,4.447776794433594
9,9088,7.2002482414245605,4.499802589416504,221.594970703125,0.05399493873119354,4.3050031661987305,-,-,-,-,-
9,9216,7.665239334106445,4.838188648223877,238.4678955078125,0.05108913406729698,3.912827968597412,-,-,-,-,-
9,9344,7.022587776184082,4.404596328735352,216.81178283691406,0.04839408025145531,4.014796733856201,-,-,-,-,-
9,9472,6.592250347137451,4.21620512008667,207.17295837402344,0.04794501140713692,2.563708782196045,-,-,-,-,-
9,9600,8.008584976196289,5.0294508934021,248.26231384277344,0.04827535152435303,4.482350826263428,6.063979148864746,3.8471012115478516,189.23683166503906,0.045960914343595505,2.785484790802002
9,9728,6.526079177856445,4.143199443817139,203.7039794921875,0.047512486577034,2.9832756519317627,-,-,-,-,-
9,9856,11.043025016784668,7.082315921783447,351.22430419921875,0.0517786368727684,3.9668755531311035,-,-,-,-,-
9,9984,7.0277814865112305,4.506015777587891,222.28421020507812,0.04731941223144531,2.516043186187744,-,-,-,-,-
9,10112,5.40119743347168,3.320598840713501,162.53582763671875,0.04916920140385628,4.060713291168213,-,-,-,-,-
9,10240,5.979286193847656,3.825939655303955,188.01185607910156,0.04880551993846893,2.2442221641540527,7.966553688049316,5.005127429962158,247.19940185546875,0.05152995139360428,4.379026889801025
9,10368,5.144364833831787,3.139181613922119,153.31329345703125,0.04691066965460777,4.251396179199219,-,-,-,-,-
9,10496,9.352651596069336,5.948429107666016,294.22125244140625,0.04624542221426964,4.157645225524902,-,-,-,-,-
9,10624,7.410910606384277,4.7100419998168945,231.83328247070312,0.04982196167111397,3.327141761779785,-,-,-,-,-
9,10752,7.823421001434326,4.835395336151123,238.35247802734375,0.050542525947093964,5.539590358734131,-,-,-,-,-
9,10880,8.956543922424316,5.733930587768555,283.5932922363281,0.048867251724004745,3.3781368732452393,6.491238594055176,4.191745281219482,206.53631591796875,0.04504060745239258,1.890892505645752
9,11008,7.4258527755737305,4.794022560119629,236.49481201171875,0.050588708370923996,2.1629316806793213,-,-,-,-,-
9,11136,4.5322699546813965,2.855847120285034,139.42132568359375,0.04875083640217781,2.3345882892608643,-,-,-,-,-
9,11264,5.905267715454102,3.7629215717315674,185.1240234375,0.05034782364964485,2.407585620880127,-,-,-,-,-
9,11392,6.398967266082764,4.074654579162598,200.888916015625,0.04817136004567146,2.672518491744995,-,-,-,-,-
9,11520,4.297354221343994,2.748547315597534,134.1206512451172,0.04613666981458664,1.6146363019943237,9.129630088806152,5.959397792816162,295.3103942871094,0.047451701015233994,1.6967707872390747
9,11648,5.82175350189209,3.7302117347717285,183.2095489501953,0.044967539608478546,2.144785165786743,-,-,-,-,-
9,11776,6.605698585510254,4.2065205574035645,206.30902099609375,0.04963380843400955,2.864542245864868,-,-,-,-,-
9,11904,7.437437534332275,4.782770156860352,235.5299072265625,0.05108500272035599,2.482832670211792,-,-,-,-,-
9,12032,7.409328460693359,4.801547527313232,237.1558837890625,0.04604049026966095,1.9018166065216064,-,-,-,-,-
9,12160,5.923739910125732,3.8013107776641846,186.637939453125,0.04870571196079254,2.073439121246338,8.869964599609375,5.709727764129639,282.2850646972656,0.051984019577503204,2.8540198802948
9,12288,7.101814270019531,4.532193660736084,223.73849487304688,0.05345908924937248,2.7877652645111084,-,-,-,-,-
9,12416,9.669355392456055,6.2472310066223145,308.92938232421875,0.05745299160480499,2.7537734508514404,-,-,-,-,-
9,12544,6.60528039932251,4.270411968231201,210.59469604492188,0.04730333015322685,1.8161821365356445,-,-,-,-,-
9,12672,5.349964141845703,3.410607099533081,167.10824584960938,0.046600136905908585,2.2167446613311768,-,-,-,-,-
9,12800,11.849907875061035,7.668063163757324,381.2740783691406,0.04698273539543152,3.2212088108062744,6.606997489929199,4.231100559234619,208.4237518310547,0.046521950513124466,2.45137095451355
9,12928,12.712198257446289,8.307058334350586,413.140380859375,0.04809935390949249,2.2563631534576416,-,-,-,-,-
9,13056,6.9310126304626465,4.456442832946777,220.12513732910156,0.04692796617746353,2.2639076709747314,-,-,-,-,-
9,13184,8.786023139953613,5.7101640701293945,282.7263488769531,0.04787207394838333,2.00722336769104,-,-,-,-,-
9,13312,8.977264404296875,5.746670246124268,284.1439208984375,0.05399034544825554,3.351640224456787,-,-,-,-,-
9,13440,7.811861991882324,5.012377738952637,247.86590576171875,0.044813595712184906,2.760119676589966,8.627291679382324,5.607029914855957,277.6934509277344,0.04279734194278717,2.0053043365478516
9,13568,6.707216739654541,4.312835216522217,212.2804412841797,0.04665100947022438,2.24926495552063,-,-,-,-,-
9,13696,5.971569538116455,3.677375078201294,180.53042602539062,0.04517816752195358,4.437121391296387,-,-,-,-,-
9,13824,7.036121845245361,4.556170463562012,224.2449493408203,0.05111980438232422,1.8638180494308472,-,-,-,-,-
9,13952,5.808036804199219,3.640936851501465,178.7248077392578,0.0515366829931736,3.2831530570983887,-,-,-,-,-
9,14080,6.163185119628906,3.8276679515838623,187.40011596679688,0.05067763477563858,4.108382701873779,5.113531589508057,3.288116455078125,161.32656860351562,0.04766881465911865,1.644805908203125
9,14208,5.859692096710205,3.724689483642578,182.75738525390625,0.05371490493416786,2.5371406078338623,-,-,-,-,-
9,14336,10.3420991897583,6.705195903778076,332.2337341308594,0.05517847090959549,2.593876600265503,-,-,-,-,-
9,14464,10.289045333862305,6.6096110343933105,327.9905090332031,0.04846078157424927,3.510680675506592,-,-,-,-,-
9,14592,5.232693672180176,3.3572423458099365,164.3838348388672,0.04672540724277496,1.848876953125,-,-,-,-,-
9,14720,10.541775703430176,6.717376708984375,333.1186218261719,0.05427497997879982,4.38938570022583,5.222165107727051,3.309509515762329,161.56497192382812,0.050003405660390854,2.4700212478637695
9,14848,6.010750770568848,3.8637144565582275,189.95655822753906,0.04513782635331154,2.0233280658721924,-,-,-,-,-
9,14976,7.593509674072266,4.781512260437012,235.4495391845703,0.05319659411907196,4.043060302734375,-,-,-,-,-
9,15104,8.210196495056152,4.949731349945068,243.72084045410156,0.05477689206600189,7.684798240661621,-,-,-,-,-
9,15232,8.134068489074707,5.1262922286987305,252.87646484375,0.04983476176857948,4.291769981384277,-,-,-,-,-
9,15360,5.333197116851807,3.3420681953430176,163.62460327148438,0.050823889672756195,3.0405898094177246,7.422612190246582,4.575577259063721,225.32803344726562,0.053494375199079514,5.402604103088379
9,15488,5.487217903137207,3.3867928981781006,166.51040649414062,0.04710057005286217,3.882202625274658,-,-,-,-,-
9,15616,7.376523017883301,4.693584442138672,231.2251434326172,0.04849960282444954,3.2218809127807617,-,-,-,-,-
9,15744,8.054019927978516,4.920523166656494,242.95787048339844,0.051147978752851486,6.527708530426025,-,-,-,-,-
9,15872,5.370771884918213,3.412294387817383,167.14266967773438,0.048651255667209625,2.383993148803711,-,-,-,-,-
9,16000,11.15326976776123,6.983579158782959,346.3766784667969,0.05041205883026123,6.555121898651123,9.394064903259277,5.802511215209961,287.3193359375,0.050612498074769974,6.677470684051514
9,16128,7.953766345977783,4.788443088531494,235.93162536621094,0.05190659314393997,7.5410027503967285,-,-,-,-,-
9,16256,5.885086536407471,3.753222942352295,184.01856994628906,0.05052540451288223,2.4115264415740967,-,-,-,-,-
9,16384,7.391837120056152,4.673735618591309,230.31478881835938,0.052001990377902985,3.629518985748291,-,-,-,-,-
9,16512,5.812251091003418,3.6524670124053955,179.22573852539062,0.05085054785013199,3.166764259338379,-,-,-,-,-
9,16640,4.6891350746154785,2.9608139991760254,144.46795654296875,0.048006363213062286,2.3563480377197266,3.9289956092834473,2.451739549636841,118.73363494873047,0.04254795238375664,2.4737179279327393
9,16768,8.047311782836914,5.076595783233643,249.8655548095703,0.057913586497306824,4.1414666175842285,-,-,-,-,-
9,16896,6.291969299316406,3.955388307571411,194.2283172607422,0.04761272668838501,3.4668500423431396,-,-,-,-,-
9,17024,10.655292510986328,6.925731182098389,343.3044128417969,0.05505562573671341,2.414613962173462,-,-,-,-,-
9,17152,6.661860942840576,4.235187530517578,208.28004455566406,0.046668436378240585,2.972043514251709,-,-,-,-,-
9,17280,7.857089042663574,5.075911521911621,250.7174072265625,0.05147503688931465,2.225282907485962,6.9602532386779785,4.406205177307129,217.18798828125,0.0504218228161335,3.31746768951416
9,17408,8.725994110107422,5.547079086303711,274.2659606933594,0.0493626669049263,3.8689193725585938,-,-,-,-,-
9,17536,5.69907808303833,3.600013017654419,176.64453125,0.050589900463819504,2.8202953338623047,-,-,-,-,-
9,17664,10.111456871032715,6.4286885261535645,318.4403381347656,0.05320632457733154,4.45158052444458,-,-,-,-,-
9,17792,7.958555698394775,5.035133361816406,248.2510223388672,0.05128936097025871,3.8962252140045166,-,-,-,-,-
9,17920,8.008210182189941,5.1294755935668945,253.3178253173828,0.0522041954100132,2.9335200786590576,8.030868530273438,4.953216552734375,244.21221923828125,0.05255879461765289,5.829709529876709
9,18048,7.474924564361572,4.708086967468262,232.3834228515625,0.05124571919441223,3.917574405670166,-,-,-,-,-
9,18176,10.337590217590332,6.697360038757324,331.94195556640625,0.05290639027953148,2.6790480613708496,-,-,-,-,-
9,18304,8.29991340637207,5.230245590209961,258.42010498046875,0.04996075853705406,4.355060577392578,-,-,-,-,-
9,18432,5.75754451751709,3.453739643096924,168.92645263671875,0.048701535910367966,5.658382415771484,-,-,-,-,-
9,18560,10.397947311401367,6.742956638336182,334.08087158203125,0.0540146604180336,2.601682424545288,8.254144668579102,5.238370418548584,258.0623474121094,0.057290688157081604,3.778602123260498
9,18688,8.003816604614258,5.079277038574219,250.5334930419922,0.05395520105957985,3.652492046356201,-,-,-,-,-
9,18816,6.552887439727783,4.160845756530762,205.11160278320312,0.043735381215810776,2.97189998626709,-,-,-,-,-
9,18944,8.373790740966797,5.3384857177734375,263.97796630859375,0.04657452926039696,3.489513874053955,-,-,-,-,-
9,19072,5.477421283721924,3.302259922027588,161.71165466308594,0.05064377561211586,5.074007987976074,-,-,-,-,-
9,19200,9.533833503723145,6.212831974029541,308.10888671875,0.052720434963703156,1.871933102607727,6.033012866973877,3.6924102306365967,181.05667114257812,0.04781875014305115,4.822171211242676
9,19328,7.546678066253662,4.694349765777588,231.50518798828125,0.047938499599695206,4.8933844566345215,-,-,-,-,-
9,19456,4.4107208251953125,2.758666515350342,133.84837341308594,0.04683549702167511,2.6673483848571777,-,-,-,-,-
9,19584,7.003167152404785,4.437283992767334,218.60560607910156,0.047527141869068146,3.3230018615722656,-,-,-,-,-
9,19712,7.170851707458496,4.570249557495117,225.52139282226562,0.05040382221341133,2.949846029281616,-,-,-,-,-
9,19840,7.801735877990723,5.0045013427734375,246.89218139648438,0.04639310762286186,2.8192009925842285,7.230274677276611,4.637705326080322,228.93795776367188,0.04731424152851105,2.5587568283081055
9,19968,5.551799774169922,3.5510289669036865,174.18418884277344,0.048228614032268524,2.1070029735565186,-,-,-,-,-
9,20096,5.8240227699279785,3.753413677215576,184.98007202148438,0.042166221886873245,1.7864232063293457,-,-,-,-,-
9,20224,4.9511871337890625,3.1651039123535156,154.95286560058594,0.04983406141400337,1.867202639579773,-,-,-,-,-
9,20352,7.802450180053711,4.973135948181152,245.22921752929688,0.056315477937459946,3.207061529159546,-,-,-,-,-
9,20480,6.940508842468262,4.481536865234375,220.6656951904297,0.05146382004022598,2.0085160732269287,8.635852813720703,5.612730979919434,278.2297668457031,0.04382247105240822,1.9700103998184204
9,20608,10.067689895629883,6.54233980178833,323.931884765625,0.05072800815105438,2.3530404567718506,-,-,-,-,-
9,20736,5.314493656158447,3.405755043029785,167.0400390625,0.03914416953921318,1.991938829421997,-,-,-,-,-
9,20864,5.859914779663086,3.7105789184570312,182.02081298828125,0.049176666885614395,2.7995121479034424,-,-,-,-,-
9,20992,5.7190375328063965,3.6102519035339355,176.93411254882812,0.050728242844343185,2.887164831161499,-,-,-,-,-
9,21120,7.469976902008057,4.844182014465332,239.03335571289062,0.048881325870752335,1.8658030033111572,7.016158103942871,4.475510597229004,220.47537231445312,0.04626176506280899,2.8963165283203125
9,21248,9.733357429504395,6.185635566711426,306.3245544433594,0.056815482676029205,4.276609897613525,-,-,-,-,-
9,21376,9.029257774353027,5.876709938049316,291.6520690917969,0.042661476880311966,1.933659315109253,-,-,-,-,-
9,21504,6.286744594573975,3.9429433345794678,194.32518005371094,0.05037648230791092,3.5017316341400146,-,-,-,-,-
9,21632,5.228201866149902,3.221646785736084,157.75074768066406,0.04485628381371498,3.8419156074523926,-,-,-,-,-
9,21760,8.144454956054688,5.260256767272949,259.9543151855469,0.04548703879117966,2.3916823863983154,11.829193115234375,7.487157821655273,371.5499572753906,0.05646742135286331,5.700680255889893
9,21888,7.714132785797119,4.7481865882873535,233.7066192626953,0.051933653652668,5.769464015960693,-,-,-,-,-
9,22016,5.581131935119629,3.4940342903137207,171.11233520507812,0.050647396594285965,3.253267765045166,-,-,-,-,-
9,22144,10.925336837768555,7.067860126495361,350.9590759277344,0.04802102595567703,2.998647451400757,-,-,-,-,-
9,22272,11.79810905456543,7.594510078430176,377.3615417480469,0.05097945034503937,3.790032148361206,-,-,-,-,-
9,22400,8.791929244995117,5.637184143066406,278.3634033203125,0.05049271136522293,3.206188678741455,4.059075832366943,2.4951088428497314,121.22660064697266,0.04578585550189018,3.059152841567993
9,22528,9.061881065368652,5.748333930969238,284.31048583984375,0.04823237657546997,4.222107887268066,-,-,-,-,-
9,22656,6.484655380249023,4.058609485626221,199.41738891601562,0.05013551563024521,3.8173635005950928,-,-,-,-,-
9,22784,6.96853494644165,4.349053859710693,213.86148071289062,0.049008555710315704,4.318582057952881,-,-,-,-,-
9,22912,5.824892520904541,3.4936437606811523,171.5651397705078,0.050136033445596695,5.654613018035889,-,-,-,-,-
9,23040,7.463265895843506,4.615750789642334,227.3880157470703,0.05368863791227341,5.199466228485107,5.37660551071167,3.374310255050659,165.2307586669922,0.05050622299313545,2.994811773300171
9,23168,6.678005218505859,4.265563488006592,209.9441680908203,0.048882048577070236,2.641183376312256,-,-,-,-,-
9,23296,6.0965681076049805,3.8229739665985107,187.79351806640625,0.04710153490304947,3.4855728149414062,-,-,-,-,-
9,23424,5.352351188659668,3.248370885848999,158.75254821777344,0.04571232944726944,4.70742130279541,-,-,-,-,-
9,23552,11.480951309204102,7.488601207733154,371.8642578125,0.048034995794296265,2.2567286491394043,-,-,-,-,-
9,23680,6.8733906745910645,4.319782733917236,212.96875,0.045788880437612534,3.7813122272491455,4.282174110412598,2.7063751220703125,131.17263793945312,0.05068056285381317,2.133917808532715
9,23808,6.958441257476807,4.469857692718506,219.76583862304688,0.0523565448820591,2.3856892585754395,-,-,-,-,-
9,23936,6.156612396240234,3.8328428268432617,188.37742614746094,0.051530059427022934,3.8846516609191895,-,-,-,-,-
9,24064,7.484704971313477,4.699656963348389,231.61219787597656,0.04944971948862076,4.19476318359375,-,-,-,-,-
9,24192,5.0931501388549805,3.2293102741241455,157.9058380126953,0.04832173138856888,2.3645949363708496,-,-,-,-,-
9,24320,7.874423980712891,4.927258014678955,243.4989776611328,0.049737848341464996,4.62438440322876,6.584671974182129,4.046667575836182,198.50213623046875,0.05513959378004074,4.978438854217529
9,24448,6.910951137542725,4.3586530685424805,214.857177734375,0.04375145956873894,3.599747896194458,-,-,-,-,-
9,24576,4.77178955078125,3.04370379447937,148.72300720214844,0.04021630436182022,2.006394863128662,-,-,-,-,-
9,24704,5.292229652404785,3.214855194091797,156.9581756591797,0.05295652151107788,4.548359394073486,-,-,-,-,-
9,24832,6.442960262298584,3.936453104019165,193.29052734375,0.04947055131196976,5.241318225860596,-,-,-,-,-
9,24960,4.083529472351074,2.5997161865234375,126.367431640625,0.049142926931381226,1.7099614143371582,8.175678253173828,5.152915954589844,254.2913818359375,0.05174970626831055,4.280988693237305
9,25088,6.125428199768066,3.815542221069336,187.73171997070312,0.0431671217083931,3.894012689590454,-,-,-,-,-
9,25216,5.231176853179932,3.2464852333068848,158.56973266601562,0.05142538994550705,3.475689172744751,-,-,-,-,-
9,25344,4.882940292358398,3.0164737701416016,147.11448669433594,0.051313143223524094,3.440091371536255,-,-,-,-,-
9,25472,6.729106426239014,4.377870559692383,215.799560546875,0.044567886739969254,1.486724853515625,-,-,-,-,-
9,25600,6.540787696838379,4.052190780639648,199.1094970703125,0.048119813203811646,4.493815898895264,6.837089538574219,4.1007466316223145,201.15548706054688,0.05246869847178459,6.72319221496582
9,25728,5.106823444366455,3.0490200519561768,148.90609741210938,0.04874764755368233,5.199945449829102,-,-,-,-,-
9,25856,8.031136512756348,5.167113780975342,255.18504333496094,0.048122502863407135,2.640495538711548,-,-,-,-,-
9,25984,9.578991889953613,6.065131187438965,300.60028076171875,0.04912474751472473,4.587337017059326,-,-,-,-,-
9,26112,8.14657211303711,5.213141918182373,257.4693908691406,0.05240773409605026,3.0632786750793457,-,-,-,-,-
9,26130,4.348631858825684,2.6206390857696533,127.12090301513672,0.04313397780060768,4.136497974395752,6.145037651062012,3.887420654296875,191.04022216796875,0.04859304055571556,2.9862146377563477
10,128,6.730686664581299,4.322507381439209,212.93453979492188,0.0478595606982708,2.309741735458374,-,-,-,-,-
10,256,5.990104675292969,3.817363739013672,187.95455932617188,0.044232986867427826,2.489626407623291,-,-,-,-,-
10,384,7.391098976135254,4.713885307312012,232.2930145263672,0.054768189787864685,2.9951512813568115,-,-,-,-,-
10,512,8.69505500793457,5.5730743408203125,275.33990478515625,0.05776797607541084,3.1081349849700928,-,-,-,-,-
10,640,7.938917636871338,5.082688331604004,251.1380157470703,0.04707777500152588,2.9777164459228516,5.613752365112305,3.6137778759002686,177.04074096679688,0.04828239232301712,1.8128448724746704
10,768,5.605704307556152,3.596820592880249,176.24562072753906,0.04971145838499069,1.9671647548675537,-,-,-,-,-
10,896,7.625776290893555,4.862915515899658,240.09365844726562,0.04574991762638092,3.161740779876709,-,-,-,-,-
10,1024,6.992583751678467,4.521956443786621,222.84259033203125,0.048795007169246674,1.934059500694275,-,-,-,-,-
10,1152,6.115222930908203,3.80543851852417,186.75265502929688,0.052090518176555634,3.9016735553741455,-,-,-,-,-
10,1280,6.076309680938721,3.8703629970550537,190.23316955566406,0.04437636956572533,2.5923850536346436,6.042713642120361,3.846331834793091,188.5748748779297,0.05302496626973152,2.576082229614258
10,1408,9.19735336303711,5.922787189483643,293.3083190917969,0.048457901924848557,2.9302477836608887,-,-,-,-,-
10,1536,7.95594596862793,5.025222301483154,247.96726989746094,0.05230742692947388,3.9874305725097656,-,-,-,-,-
10,1664,6.5330963134765625,4.216468334197998,207.77847290039062,0.0481937900185585,1.9064912796020508,-,-,-,-,-
10,1792,8.684371948242188,5.420742034912109,267.5933532714844,0.05640449747443199,5.312924385070801,-,-,-,-,-
10,1920,8.228012084960938,5.117857933044434,252.30300903320312,0.0482659749686718,5.388580322265625,5.921634674072266,3.7040717601776123,181.12864685058594,0.05135064572095871,3.549262762069702
10,2048,6.482720375061035,4.105094909667969,201.51962280273438,0.04693330079317093,3.154966115951538,-,-,-,-,-
10,2176,7.176084518432617,4.620955467224121,228.28956604003906,0.04674355313181877,2.254899263381958,-,-,-,-,-
10,2304,5.869990825653076,3.7262990474700928,183.22372436523438,0.04682903736829758,2.646249771118164,-,-,-,-,-
10,2432,5.685861110687256,3.5621516704559326,174.4488067626953,0.04798594489693642,3.3123533725738525,-,-,-,-,-
10,2560,4.753851890563965,2.992025375366211,146.1208953857422,0.04762812703847885,2.529895305633545,5.94601583480835,3.8222861289978027,187.92567443847656,0.048768945038318634,1.9570412635803223
10,2688,6.187216758728027,3.956601858139038,194.48550415039062,0.04627527669072151,2.3948495388031006,-,-,-,-,-
10,2816,10.326706886291504,6.721837997436523,333.4096374511719,0.051882676780223846,2.1889054775238037,-,-,-,-,-
10,2944,10.47492790222168,6.816425800323486,338.2801513671875,0.047565825283527374,2.28134822845459,-,-,-,-,-
10,3072,9.344766616821289,6.076040267944336,300.6260986328125,0.051246751099824905,2.1121904850006104,-,-,-,-,-
10,3200,8.315595626831055,5.326023578643799,263.5681457519531,0.0467972531914711,3.070932149887085,6.115557670593262,3.913334846496582,192.28330993652344,0.046790990978479385,2.325989007949829
10,3328,5.693559169769287,3.635772943496704,178.53817749023438,0.04961986094713211,2.227846622467041,-,-,-,-,-
10,3456,5.0378594398498535,3.1367404460906982,152.88467407226562,0.05302219092845917,3.1924970149993896,-,-,-,-,-
10,3584,5.309706211090088,3.174623727798462,155.27838134765625,0.0500180646777153,5.322807312011719,-,-,-,-,-
10,3712,5.761394500732422,3.5963799953460693,176.14251708984375,0.049968887120485306,3.5362064838409424,-,-,-,-,-
10,3840,4.0213303565979,2.52457594871521,122.09283447265625,0.047504015266895294,2.2832202911376953,6.9838337898254395,4.421732425689697,217.75999450683594,0.048648204654455185,3.3585314750671387
10,3968,6.265153408050537,3.900935173034668,191.58116149902344,0.04954995959997177,3.988568067550659,-,-,-,-,-
10,4096,7.352370262145996,4.733379364013672,233.3306427001953,0.049684684723615646,2.3600027561187744,-,-,-,-,-
10,4224,8.460296630859375,5.400912761688232,266.475830078125,0.05324655398726463,3.4137938022613525,-,-,-,-,-
10,4352,4.473392963409424,2.737910032272339,133.36793518066406,0.04733852297067642,3.544651508331299,-,-,-,-,-
10,4480,7.049324989318848,4.529177665710449,223.3378448486328,0.05062380060553551,2.3614509105682373,6.487915992736816,4.006989479064941,197.1884307861328,0.04462688788771629,4.6441545486450195
10,4608,5.623324871063232,3.4328904151916504,167.6907501220703,0.050553299486637115,4.629734516143799,-,-,-,-,-
10,4736,5.740461349487305,3.7295172214508057,183.5183868408203,0.042931824922561646,1.328279972076416,-,-,-,-,-
10,4864,7.014890193939209,4.339474201202393,213.7731170654297,0.04760099574923515,4.900836944580078,-,-,-,-,-
10,4992,6.180917263031006,3.9197793006896973,192.3396453857422,0.04899448901414871,2.8874683380126953,-,-,-,-,-
10,5120,8.444622039794922,5.365329265594482,264.9255676269531,0.05446473881602287,3.7557294368743896,11.47500991821289,7.185583114624023,356.31072998046875,0.057509198784828186,6.6880998611450195
10,5248,7.0840163230896,4.130026817321777,202.77967834472656,0.05393598601222038,8.722566604614258,-,-,-,-,-
10,5376,5.229642391204834,3.2699387073516846,160.363525390625,0.04454980790615082,3.1151859760284424,-,-,-,-,-
10,5504,11.397276878356934,7.050335884094238,350.2456359863281,0.04566704109311104,7.988182067871094,-,-,-,-,-
10,5632,8.550329208374023,5.111732006072998,252.21499633789062,0.05942098796367645,8.57026481628418,-,-,-,-,-
10,5760,7.188797473907471,4.574216842651367,225.5584716796875,0.049663130193948746,3.0933284759521484,11.9345064163208,7.486499309539795,371.655517578125,0.04968581348657608,6.817664623260498
10,5888,6.815780162811279,4.233581066131592,208.48745727539062,0.042705826461315155,4.546184539794922,-,-,-,-,-
10,6016,4.674098014831543,2.891294479370117,140.9853057861328,0.047837626188993454,3.2511281967163086,-,-,-,-,-
10,6144,6.425088882446289,3.832617998123169,188.0030517578125,0.05127633363008499,6.611640930175781,-,-,-,-,-
10,6272,9.460107803344727,6.048401832580566,299.4854431152344,0.051454443484544754,3.6539618968963623,-,-,-,-,-
10,6400,10.29939079284668,6.539608001708984,324.2920227050781,0.0473962128162384,4.6946611404418945,5.315651893615723,3.362853527069092,164.27670288085938,0.04965107887983322,2.603802442550659
10,6528,6.370070934295654,4.0926594734191895,201.27919006347656,0.054444361478090286,2.101748466491699,-,-,-,-,-
10,6656,9.425568580627441,5.881677627563477,291.39306640625,0.05039185658097267,5.79567813873291,-,-,-,-,-
10,6784,5.199361324310303,3.2840888500213623,160.77029418945312,0.04631402716040611,2.6125540733337402,-,-,-,-,-
10,6912,5.2348175048828125,3.284083604812622,160.89788818359375,0.04149496182799339,3.00260066986084,-,-,-,-,-
10,7040,9.983255386352539,6.437084674835205,318.3477783203125,0.05531936511397362,3.073730945587158,5.764787197113037,3.659721612930298,179.54986572265625,0.0432562418282032,2.6631081104278564
10,7168,4.677484035491943,2.877608299255371,140.0528564453125,0.04873597249388695,3.506113052368164,-,-,-,-,-
10,7296,4.459572792053223,2.7715959548950195,134.7888946533203,0.05128340795636177,2.888047695159912,-,-,-,-,-
10,7424,6.000944137573242,3.857476234436035,189.77096557617188,0.04779309034347534,1.9796524047851562,-,-,-,-,-
10,7552,4.306757926940918,2.6842095851898193,130.85562133789062,0.04414123296737671,2.698505163192749,-,-,-,-,-
10,7680,8.327412605285645,5.3826704025268555,266.3272705078125,0.05253589525818825,2.289336681365967,11.076958656311035,7.151214122772217,354.802001953125,0.05282951518893242,3.248953104019165
10,7808,7.510348796844482,4.8674235343933105,240.28379821777344,0.04423418641090393,1.9585292339324951,-,-,-,-,-
10,7936,5.29134464263916,3.3491783142089844,163.93194580078125,0.04994546249508858,2.5290169715881348,-,-,-,-,-
10,8064,11.699542999267578,7.565771102905273,375.1678161621094,0.05872233584523201,3.2337090969085693,-,-,-,-,-
10,8192,5.6313018798828125,3.6232030391693115,177.8209228515625,0.049542058259248734,1.8034809827804565,-,-,-,-,-
10,8320,7.773229598999023,5.032614707946777,248.22189331054688,0.050494484603405,2.079012870788574,5.851522922515869,3.760880708694458,185.2240447998047,0.045155372470617294,1.9324619770050049
10,8448,5.249034881591797,3.32739520072937,163.16555786132812,0.04467128589749336,2.453131914138794,-,-,-,-,-
10,8576,4.166656494140625,2.613799571990967,126.94761657714844,0.05144181102514267,2.319387674331665,-,-,-,-,-
10,8704,8.179524421691895,5.277499198913574,261.0694274902344,0.048126377165317535,2.4320497512817383,-,-,-,-,-
10,8832,4.378865718841553,2.807680606842041,137.17991638183594,0.04366551339626312,1.5572056770324707,-,-,-,-,-
10,8960,4.924606800079346,3.057178258895874,149.34347534179688,0.04385117441415787,3.3014237880706787,7.04343318939209,4.432972431182861,218.08619689941406,0.04923860356211662,3.8036015033721924
10,9088,5.402609825134277,3.3713011741638184,164.79550170898438,0.04984399676322937,3.3350977897644043,-,-,-,-,-
10,9216,6.734878063201904,4.322793960571289,213.31002807617188,0.044594794511795044,2.343888998031616,-,-,-,-,-
10,9344,5.8295769691467285,3.7241766452789307,182.83006286621094,0.04957336187362671,2.275263547897339,-,-,-,-,-
10,9472,7.259690284729004,4.57038688659668,224.8544464111328,0.05596069619059563,3.847982406616211,-,-,-,-,-
10,9600,6.7762041091918945,4.398094654083252,216.92308044433594,0.047164998948574066,1.617134928703308,6.697060585021973,4.241776943206787,209.03990173339844,0.04999346658587456,3.1489100456237793
10,9728,7.634225368499756,4.900329113006592,241.86122131347656,0.0504315160214901,2.6485259532928467,-,-,-,-,-
10,9856,5.77009391784668,3.6443569660186768,179.0233154296875,0.048759110271930695,2.867445230484009,-,-,-,-,-
10,9984,7.1660051345825195,4.646790981292725,229.40557861328125,0.04417281597852707,1.8098607063293457,-,-,-,-,-
10,10112,11.180001258850098,7.227350234985352,358.4414978027344,0.05438820272684097,3.138475179672241,-,-,-,-,-
10,10240,6.060635089874268,3.8560078144073486,189.27064514160156,0.04887237027287483,2.630479574203491,5.004210472106934,3.2034215927124023,156.87252807617188,0.04488274082541466,1.871811866760254
10,10368,6.0864176750183105,3.896578311920166,191.489501953125,0.051879651844501495,2.2306442260742188,-,-,-,-,-
10,10496,10.81104850769043,6.860752105712891,340.13116455078125,0.054748330265283585,4.94235897064209,-,-,-,-,-
10,10624,8.060585021972656,5.026768684387207,248.60484313964844,0.04434903338551521,5.034186363220215,-,-,-,-,-
10,10752,10.675085067749023,6.918290615081787,342.83306884765625,0.05628557130694389,2.72177791595459,-,-,-,-,-
10,10880,5.887406826019287,3.377333879470825,165.3363494873047,0.04647059366106987,8.10239028930664,4.763729095458984,2.8466317653656006,138.63690185546875,0.0459335595369339,4.847947597503662
10,11008,6.38862419128418,3.93631649017334,193.14309692382812,0.044747494161129,4.761297702789307,-,-,-,-,-
10,11136,5.003532886505127,3.1640970706939697,154.61366271972656,0.05075796693563461,2.425413131713867,-,-,-,-,-
10,11264,9.180673599243164,5.452960014343262,269.2904968261719,0.05730387195944786,9.775054931640625,-,-,-,-,-
10,11392,6.646357536315918,3.4430835247039795,168.36428833007812,0.04872531443834305,14.709064483642578,-,-,-,-,-
10,11520,4.175698757171631,2.562795639038086,124.72994232177734,0.04606609791517258,3.195378541946411,7.039376735687256,4.242281436920166,208.78219604492188,0.04579862207174301,6.634745121002197
10,11648,6.114811420440674,3.4841771125793457,170.44155883789062,0.05214892700314522,8.740696907043457,-,-,-,-,-
10,11776,7.547712326049805,3.8730814456939697,190.4580841064453,0.04776142165064812,17.222885131835938,-,-,-,-,-
10,11904,9.917621612548828,6.4140119552612305,318.036865234375,0.04832001030445099,2.7492189407348633,-,-,-,-,-
10,12032,9.50376033782959,4.740965843200684,233.68995666503906,0.04871397092938423,23.771808624267578,-,-,-,-,-
10,12160,8.775276184082031,4.467617511749268,219.53273010253906,0.049294255673885345,20.630373001098633,5.044656753540039,3.135056495666504,152.74948120117188,0.04720291867852211,3.3490242958068848
10,12288,4.112042427062988,2.617502212524414,127.50165557861328,0.04238753765821457,1.7713602781295776,-,-,-,-,-
10,12416,7.7437849044799805,4.1702880859375,204.9464874267578,0.04847997426986694,14.75551700592041,-,-,-,-,-
10,12544,6.746129035949707,4.231653690338135,208.10105895996094,0.051616933196783066,3.818479061126709,-,-,-,-,-
10,12672,6.484028339385986,3.8080217838287354,186.9058837890625,0.05265279486775398,7.542949199676514,-,-,-,-,-
10,12800,7.253612518310547,4.17659854888916,205.58103942871094,0.04412263631820679,9.770807266235352,6.6935648918151855,4.160073757171631,204.6522674560547,0.05084112286567688,4.361273288726807
10,12928,7.508368968963623,4.738537788391113,233.37852478027344,0.047642696648836136,3.884033203125,-,-,-,-,-
10,13056,9.511569023132324,4.996476173400879,246.4504852294922,0.052562158554792404,19.980255126953125,-,-,-,-,-
10,13184,4.6136088371276855,2.5996615886688232,126.32671356201172,0.04472075030207634,7.059591770172119,-,-,-,-,-
10,13312,7.534640789031982,3.955110788345337,194.39219665527344,0.04879013076424599,15.868180274963379,-,-,-,-,-
10,13440,10.589527130126953,5.598605632781982,277.1051940917969,0.04693775624036789,21.72931480407715,5.2751946449279785,3.010315179824829,146.94842529296875,0.048437003046274185,7.46958065032959
10,13568,5.210818290710449,2.82470703125,137.7282257080078,0.04522588476538658,9.636032104492188,-,-,-,-,-
10,13696,8.669465065002441,4.114955902099609,202.73768615722656,0.0405251607298851,24.866069793701172,-,-,-,-,-
10,13824,4.663130283355713,2.024186611175537,97.68791961669922,0.04134751856327057,16.207168579101562,-,-,-,-,-
10,13952,13.564126968383789,7.131941318511963,354.2282409667969,0.052127037197351456,28.377765655517578,-,-,-,-,-
10,14080,6.049862861633301,3.600086212158203,176.31759643554688,0.04726116731762886,6.393394470214844,6.305858612060547,2.6807219982147217,130.7799835205078,0.03944729268550873,22.778900146484375
10,14208,13.61781120300293,6.588022708892822,325.9837951660156,0.04962237924337387,37.203277587890625,-,-,-,-,-
10,14336,6.911736488342285,4.253811359405518,208.88888549804688,0.04820756986737251,5.208286285400391,-,-,-,-,-
10,14464,13.605257987976074,8.167497634887695,406.74078369140625,0.04195377230644226,13.283984184265137,-,-,-,-,-
10,14592,8.155742645263672,5.235507488250732,258.83099365234375,0.048032376915216446,2.838930606842041,-,-,-,-,-
10,14720,6.830581188201904,3.5202765464782715,172.69898986816406,0.04900712892413139,15.34307861328125,8.684610366821289,5.51922607421875,273.3585205078125,0.0477997288107872,3.839984655380249
10,14848,7.310553073883057,4.5065083503723145,222.0823211669922,0.055788807570934296,5.2743306159973145,-,-,-,-,-
10,14976,6.511856555938721,3.6261792182922363,177.42877197265625,0.05266621708869934,10.587235450744629,-,-,-,-,-
10,15104,7.307858943939209,4.478949546813965,220.7624053955078,0.047100018709897995,5.741854190826416,-,-,-,-,-
10,15232,6.626286029815674,3.6939449310302734,181.09622192382812,0.04864204674959183,10.727367401123047,-,-,-,-,-
10,15360,7.783663272857666,4.161373615264893,204.96194458007812,0.04586385563015938,15.26806640625,8.373245239257812,5.271751880645752,259.99322509765625,0.04822200909256935,4.53339147567749
10,15488,5.507007598876953,3.505398988723755,172.1699676513672,0.043770644813776016,2.3613810539245605,-,-,-,-,-
10,15616,8.709611892700195,4.977502822875977,245.48037719726562,0.05081247538328171,12.264933586120605,-,-,-,-,-
10,15744,5.533858776092529,3.4279367923736572,168.3262481689453,0.04399075359106064,3.786689043045044,-,-,-,-,-
10,15872,6.06323766708374,3.292551040649414,161.45468139648438,0.049182310700416565,11.069572448730469,-,-,-,-,-
10,16000,6.6869707107543945,4.118666648864746,203.06002807617188,0.0471835657954216,4.905200958251953,6.661335468292236,3.576486587524414,174.71546936035156,0.05393102392554283,12.837628364562988
10,16128,5.7481489181518555,3.1204512119293213,152.5960693359375,0.045000333338975906,10.567362785339355,-,-,-,-,-
10,16256,11.96159839630127,7.032658100128174,348.3880920410156,0.05545610561966896,13.896035194396973,-,-,-,-,-
10,16384,8.093975067138672,5.202902317047119,256.8269348144531,0.04477597400546074,2.780270576477051,-,-,-,-,-
10,16512,7.54730224609375,4.569077968597412,224.7046356201172,0.05039044842123985,6.807878494262695,-,-,-,-,-
10,16640,6.6477131843566895,4.242974281311035,208.7147674560547,0.04609095677733421,2.7149999141693115,3.782914161682129,2.1846320629119873,106.02041625976562,0.04558943212032318,4.924884796142578
10,16768,5.643280029296875,3.297991991043091,161.66261291503906,0.04917820170521736,6.794841289520264,-,-,-,-,-
10,16896,7.3924360275268555,4.616856575012207,228.0550994873047,0.04512813687324524,4.498999118804932,-,-,-,-,-
10,17024,5.946429252624512,3.5382730960845947,173.6316375732422,0.048813577741384506,6.230264663696289,-,-,-,-,-
10,17152,7.624701976776123,4.350559711456299,213.99533081054688,0.054794833064079285,10.793943405151367,-,-,-,-,-
10,17280,6.762362480163574,4.302024841308594,212.08590698242188,0.0438484288752079,2.956301689147949,7.846181392669678,4.6272077560424805,227.6753692626953,0.05570386350154877,8.865167617797852
10,17408,7.323792934417725,4.269776344299316,210.25389099121094,0.049672260880470276,9.01805305480957,-,-,-,-,-
10,17536,6.324739456176758,3.6201565265655518,177.4603729248047,0.049851346760988235,8.801278114318848,-,-,-,-,-
10,17664,4.60300874710083,2.855156898498535,139.1133270263672,0.04974084347486496,3.069777011871338,-,-,-,-,-
10,17792,5.088325023651123,2.932481288909912,143.27662658691406,0.04437898471951485,6.786984920501709,-,-,-,-,-
10,17920,5.324856281280518,3.2913286685943604,161.23912048339844,0.04618247225880623,3.7495357990264893,4.7340569496154785,2.786372423171997,136.18597412109375,0.043201323598623276,5.426237106323242
10,18048,6.965412616729736,4.219090461730957,207.80972290039062,0.048847559839487076,6.193770885467529,-,-,-,-,-
10,18176,4.7483391761779785,2.9700820446014404,145.12704467773438,0.04736929014325142,2.796175003051758,-,-,-,-,-
10,18304,5.045109272003174,2.944866180419922,143.7372589111328,0.04590407386422157,6.16966438293457,-,-,-,-,-
10,18432,5.582052707672119,3.5678508281707764,175.11778259277344,0.04729814454913139,2.1572611331939697,-,-,-,-,-
10,18560,7.345410346984863,4.522642612457275,222.57073974609375,0.05391964688897133,5.431402206420898,8.400999069213867,5.404643535614014,267.17181396484375,0.04987376555800438,2.747636556625366
10,18688,3.6675634384155273,2.2889208793640137,111.14454650878906,0.04427773132920265,2.229193687438965,-,-,-,-,-
10,18816,7.693999290466309,4.782910346984863,235.86721801757812,0.0530896857380867,4.993271350860596,-,-,-,-,-
10,18944,6.515827655792236,4.13382625579834,204.19102478027344,0.04235025495290756,2.977407693862915,-,-,-,-,-
10,19072,8.024827003479004,4.904368877410889,241.9217529296875,0.05299444869160652,6.482460021972656,-,-,-,-,-
10,19200,12.53121280670166,7.646008491516113,379.7637634277344,0.04897649958729744,10.385906219482422,8.594501495361328,5.548482418060303,274.8139953613281,0.04576319828629494,2.52116322517395
10,19328,6.758231163024902,4.3235554695129395,212.88633728027344,0.04508631303906441,2.607259750366211,-,-,-,-,-
10,19456,5.758113861083984,3.383944511413574,165.74639892578125,0.04688459634780884,6.6982102394104,-,-,-,-,-
10,19584,5.437893867492676,3.4843037128448486,171.35560607910156,0.04239509627223015,1.976392149925232,-,-,-,-,-
10,19712,6.545196533203125,3.967963218688965,195.1419219970703,0.04769778624176979,5.781157970428467,-,-,-,-,-
10,19840,4.455561637878418,2.83548641204834,138.73094177246094,0.04111676663160324,1.9164893627166748,6.533604145050049,3.807636022567749,186.5230712890625,0.05379984900355339,8.069375038146973
10,19968,10.415712356567383,6.414039611816406,317.5509338378906,0.05603594705462456,7.70127534866333,-,-,-,-,-
10,20096,6.630725860595703,4.120553016662598,202.8181915283203,0.04739760607481003,4.345931529998779,-,-,-,-,-
10,20224,6.044295787811279,3.7292542457580566,183.3383026123047,0.04484718665480614,4.368114948272705,-,-,-,-,-
10,20352,6.094675064086914,3.778435468673706,185.23171997070312,0.045662425458431244,4.182599067687988,-,-,-,-,-
10,20480,4.1092634201049805,2.6017773151397705,126.260986328125,0.047122206538915634,1.9775407314300537,6.3217058181762695,3.945566415786743,193.67056274414062,0.049432650208473206,3.900012254714966
10,20608,4.895788669586182,3.0925779342651367,151.3539276123047,0.04034164547920227,2.493297576904297,-,-,-,-,-
10,20736,16.143949508666992,10.423554420471191,519.2639770507812,0.05277695879340172,4.749783992767334,-,-,-,-,-
10,20864,6.989116191864014,4.128669261932373,203.1250457763672,0.05330124497413635,7.758950710296631,-,-,-,-,-
10,20992,6.077746868133545,3.8868260383605957,191.00413513183594,0.05331040173768997,2.2756922245025635,-,-,-,-,-
10,21120,7.344568252563477,4.426348686218262,218.35504150390625,0.04769152030348778,6.869780540466309,7.470949649810791,4.746638298034668,233.71893310546875,0.05292230844497681,3.341998338699341
10,21248,6.463397026062012,4.173923492431641,205.206787109375,0.049363695085048676,1.8804209232330322,-,-,-,-,-
10,21376,6.455006122589111,3.96494197845459,195.0843048095703,0.04503583163022995,4.9418535232543945,-,-,-,-,-
10,21504,5.2559285163879395,3.3194594383239746,162.5791778564453,0.044101960957050323,2.665750503540039,-,-,-,-,-
10,21632,9.971717834472656,6.124107360839844,303.2189025878906,0.04945860430598259,7.659637928009033,-,-,-,-,-
10,21760,7.473109722137451,4.8088250160217285,236.84442138671875,0.05198032781481743,2.438601016998291,7.863821029663086,4.868125915527344,240.38333129882812,0.050502222031354904,5.413596153259277
10,21888,9.455995559692383,5.847064018249512,289.1414489746094,0.05207127332687378,6.654456615447998,-,-,-,-,-
10,22016,6.503762722015381,3.9842522144317627,195.6017608642578,0.05008775740861893,5.134050369262695,-,-,-,-,-
10,22144,4.0494065284729,2.5331318378448486,123.49443054199219,0.04437589645385742,2.3695449829101562,-,-,-,-,-
10,22272,7.218748092651367,4.605902194976807,227.40875244140625,0.048809394240379333,2.899491548538208,-,-,-,-,-
10,22400,4.524416446685791,2.8180034160614014,137.31683349609375,0.048167143017053604,2.850775718688965,7.9164934158325195,5.0344462394714355,248.99449157714844,0.04573402553796768,3.4636828899383545
10,22528,6.058022499084473,3.8140528202056885,187.8042755126953,0.04232606664299965,3.236009120941162,-,-,-,-,-
10,22656,6.770985126495361,4.2849249839782715,211.0740509033203,0.05084766075015068,3.244724988937378,-,-,-,-,-
10,22784,5.1157941818237305,3.1350269317626953,153.3252716064453,0.04595554992556572,4.015590667724609,-,-,-,-,-
10,22912,5.777720928192139,3.6784279346466064,180.8713836669922,0.04850403219461441,2.420753002166748,-,-,-,-,-
10,23040,5.921416759490967,3.6718218326568604,180.57077026367188,0.043841652572155,4.000455856323242,3.8115577697753906,2.4237289428710938,117.94847106933594,0.04085065796971321,1.6749327182769775
10,23168,5.949273109436035,3.8017122745513916,186.5674591064453,0.04937262088060379,2.325131893157959,-,-,-,-,-
10,23296,9.508593559265137,5.985753536224365,296.50531005859375,0.04763161391019821,5.10155725479126,-,-,-,-,-
10,23424,4.676723003387451,3.0095503330230713,147.2093963623047,0.04455455765128136,1.505240797996521,-,-,-,-,-
10,23552,5.811796188354492,3.6327338218688965,178.2604217529297,0.045455511659383774,3.5100245475769043,-,-,-,-,-
10,23680,9.742355346679688,6.359258651733398,315.37200927734375,0.04819324240088463,1.8118360042572021,10.031158447265625,6.487258434295654,321.7060852050781,0.050595320761203766,2.7624404430389404
10,23808,6.765578746795654,4.330410003662109,213.87574768066406,0.04474487900733948,2.5166614055633545,-,-,-,-,-
10,23936,6.625389575958252,4.2650933265686035,210.29930114746094,0.04730931669473648,2.099937915802002,-,-,-,-,-
10,24064,6.428582191467285,4.149415016174316,204.25608825683594,0.049952950328588486,1.8665343523025513,-,-,-,-,-
10,24192,5.089219093322754,3.2695727348327637,160.2854461669922,0.04199974983930588,1.7479252815246582,-,-,-,-,-
10,24320,5.128061294555664,3.3062334060668945,162.1464080810547,0.04407908022403717,1.562848687171936,4.618208885192871,2.960095167160034,144.45225524902344,0.04593392461538315,1.6765718460083008
10,24448,5.809988498687744,3.7403595447540283,183.66673278808594,0.045777175575494766,1.8718433380126953,-,-,-,-,-
10,24576,5.740102767944336,3.664910078048706,179.68959045410156,0.04672067612409592,2.315762519836426,-,-,-,-,-
10,24704,9.2911958694458,6.061278820037842,300.4462890625,0.0501616895198822,1.7529315948486328,-,-,-,-,-
10,24832,5.329363822937012,3.4064722061157227,167.12887573242188,0.04331665113568306,2.0828616619110107,-,-,-,-,-
10,24960,7.678611755371094,4.980518341064453,246.40194702148438,0.04729321226477623,1.8678112030029297,4.567655086517334,2.875267744064331,140.4813232421875,0.04763681814074516,2.3993735313415527
10,25088,5.279811382293701,3.351813554763794,164.48207092285156,0.044072505086660385,2.391040802001953,-,-,-,-,-
10,25216,6.261366367340088,3.985639810562134,196.12306213378906,0.051192816346883774,2.63303279876709,-,-,-,-,-
10,25344,6.191169261932373,3.9539549350738525,194.3932342529297,0.045184943825006485,2.4809679985046387,-,-,-,-,-
10,25472,5.4730916023254395,3.509058713912964,171.98997497558594,0.0452539324760437,1.9887969493865967,-,-,-,-,-
10,25600,5.475113868713379,3.425825834274292,168.00173950195312,0.05003271996974945,3.192380666732788,7.419341087341309,4.7458882331848145,234.06219482421875,0.04904479160904884,2.8378610610961914
10,25728,5.460394859313965,3.4561121463775635,169.39697265625,0.05055604130029678,2.5975706577301025,-,-,-,-,-
10,25856,8.783236503601074,5.667519569396973,280.50445556640625,0.04987534135580063,2.6079728603363037,-,-,-,-,-
10,25984,8.484853744506836,5.468783855438232,270.285888671875,0.04248986765742302,2.707216739654541,-,-,-,-,-
10,26112,5.65807580947876,3.577887773513794,175.25357055664062,0.05350600183010101,2.7414677143096924,-,-,-,-,-
10,26130,16.021530151367188,10.36279296875,516.40576171875,0.05134977400302887,4.433298587799072,5.8259992599487305,3.7815825939178467,185.9759063720703,0.04660050943493843,1.3805700540542603
11,128,8.58283805847168,5.533557415008545,273.5206604003906,0.04732564091682434,2.667471170425415,-,-,-,-,-
11,256,6.622056484222412,4.12935209274292,203.14927673339844,0.0465618297457695,4.146501064300537,-,-,-,-,-
11,384,6.061936855316162,3.77028489112854,184.84201049804688,0.053018923848867416,3.9021294116973877,-,-,-,-,-
11,512,4.425020694732666,2.680974245071411,130.82066345214844,0.04127941280603409,3.9456045627593994,-,-,-,-,-
11,640,7.473255157470703,4.687474727630615,230.898193359375,0.05601123347878456,4.2078728675842285,9.240907669067383,5.642908573150635,279.1227722167969,0.04742513597011566,7.593456745147705
11,768,4.989768981933594,2.7113900184631348,131.98391723632812,0.04563012346625328,9.129097938537598,-,-,-,-,-
11,896,4.347455978393555,2.735037326812744,133.07643127441406,0.047110509127378464,2.3454384803771973,-,-,-,-,-
11,1024,8.177789688110352,4.933253288269043,243.43365478515625,0.04586196690797806,7.64337682723999,-,-,-,-,-
11,1152,5.7084856033325195,3.319005250930786,162.63331604003906,0.04594990611076355,7.17197322845459,-,-,-,-,-
11,1280,6.333085536956787,3.909761667251587,192.1938018798828,0.048764292150735855,4.526219844818115,6.256272315979004,3.761150360107422,184.4688720703125,0.049929071217775345,6.0050435066223145
11,1408,5.197276592254639,3.0942635536193848,151.39755249023438,0.04623405262827873,5.428032398223877,-,-,-,-,-
11,1536,4.9007792472839355,2.9727418422698975,145.22080993652344,0.046180736273527145,4.296488285064697,-,-,-,-,-
11,1664,6.974826812744141,4.324917793273926,213.2647705078125,0.04642191901803017,4.708396911621094,-,-,-,-,-
11,1792,6.119843006134033,3.589750289916992,175.84080505371094,0.04943644627928734,7.222479343414307,-,-,-,-,-
11,1920,6.964720726013184,4.305018424987793,212.88638305664062,0.03837064653635025,4.924678325653076,6.26077127456665,3.3777029514312744,165.67149353027344,0.044773347675800323,11.815796852111816
11,2048,9.538348197937012,5.352757930755615,264.5411682128906,0.05172792449593544,14.884496688842773,-,-,-,-,-
11,2176,6.7036614418029785,3.279179811477661,160.69830322265625,0.04755432531237602,17.699440002441406,-,-,-,-,-
11,2304,7.373815059661865,4.492629528045654,221.3762969970703,0.04638933390378952,6.210334777832031,-,-,-,-,-
11,2432,7.967052936553955,4.564768314361572,225.00013732910156,0.04498593509197235,11.072975158691406,-,-,-,-,-
11,2560,7.518429756164551,4.452981472015381,219.180908203125,0.046153683215379715,8.274856567382812,5.738016128540039,3.1918656826019287,156.03372192382812,0.043295107781887054,9.425180435180664
11,2688,5.197856426239014,2.840928792953491,138.55503845214844,0.04471283778548241,9.266643524169922,-,-,-,-,-
11,2816,5.540389537811279,3.144305944442749,153.8489990234375,0.04498353973031044,8.126102447509766,-,-,-,-,-
11,2944,6.326240062713623,3.633890151977539,177.89402770996094,0.04912787675857544,8.642815589904785,-,-,-,-,-
11,3072,5.6414594650268555,3.325972318649292,162.24520874023438,0.05104876682162285,6.419865608215332,-,-,-,-,-
11,3200,7.941239833831787,4.748119354248047,234.14328002929688,0.05147609859704971,8.002118110656738,6.880255699157715,4.252768516540527,209.53842163085938,0.045011576265096664,4.870916366577148
11,3328,8.697400093078613,5.447516441345215,269.7868957519531,0.04765606299042702,5.043584823608398,-,-,-,-,-
11,3456,8.104439735412598,5.036489486694336,248.75872802734375,0.05310136824846268,5.272618293762207,-,-,-,-,-
11,3584,5.19980001449585,3.0668118000030518,149.84246826171875,0.04830348119139671,5.862599849700928,-,-,-,-,-
11,3712,5.879004001617432,3.674769639968872,180.4446258544922,0.043651364743709564,3.5613672733306885,-,-,-,-,-
11,3840,7.37739372253418,4.1830573081970215,205.7315673828125,0.05177707225084305,10.852438926696777,6.8420538902282715,3.9807395935058594,195.45513916015625,0.052870191633701324,8.538928985595703
11,3968,6.458868980407715,3.767641544342041,185.36102294921875,0.04589755833148956,7.917197227478027,-,-,-,-,-
11,4096,4.701178550720215,2.594620943069458,126.44877624511719,0.04144243523478508,8.006275177001953,-,-,-,-,-
11,4224,6.675417900085449,4.296438217163086,211.32522583007812,0.04716721177101135,2.185603618621826,-,-,-,-,-
11,4352,8.214930534362793,4.748476028442383,234.51451110839844,0.04911757633090019,10.721915245056152,-,-,-,-,-
11,4480,4.56579065322876,2.9682934284210205,145.48861694335938,0.040916893631219864,1.016940712928772,7.322540760040283,4.070496559143066,200.4146270751953,0.047648362815380096,12.002490997314453
11,4608,7.565184116363525,4.255633354187012,209.418212890625,0.04867525026202202,11.666935920715332,-,-,-,-,-
11,4736,7.378215789794922,4.795738697052002,236.4136505126953,0.04577082023024559,1.7257014513015747,-,-,-,-,-
11,4864,6.47761344909668,3.3592746257781982,164.0334930419922,0.049335312098264694,14.286686897277832,-,-,-,-,-
11,4992,5.9727888107299805,3.339784860610962,163.68600463867188,0.04557280242443085,9.50571060180664,-,-,-,-,-
11,5120,6.073541641235352,3.4215729236602783,167.7436065673828,0.04680509865283966,9.277277946472168,8.01459789276123,4.609867572784424,227.21401977539062,0.048306964337825775,10.842832565307617
11,5248,5.3249406814575195,3.205927610397339,157.45208740234375,0.03826865553855896,5.06223726272583,-,-,-,-,-
11,5376,6.346958160400391,3.2229790687561035,157.9025115966797,0.04281039908528328,15.021435737609863,-,-,-,-,-
11,5504,6.744110107421875,4.0310959815979,198.15724182128906,0.04943059757351875,6.8201093673706055,-,-,-,-,-
11,5632,6.109127044677734,3.4224531650543213,168.08062744140625,0.04169789329171181,9.641695022583008,-,-,-,-,-
11,5760,9.783243179321289,5.917888641357422,293.4980773925781,0.04468347132205963,8.856904983520508,14.975363731384277,9.317909240722656,464.2359313964844,0.04594367742538452,9.69152545928955
11,5888,6.345770359039307,3.7043261528015137,182.25479125976562,0.04437171667814255,7.745248317718506,-,-,-,-,-
11,6016,7.488614559173584,4.012102127075195,196.85350036621094,0.04957877844572067,14.583989143371582,-,-,-,-,-
11,6144,9.76785659790039,5.9708099365234375,295.5696716308594,0.04730140417814255,7.940488815307617,-,-,-,-,-
11,6272,9.298635482788086,5.619257926940918,278.3270263671875,0.04623089358210564,8.498761177062988,-,-,-,-,-
11,6400,4.531796455383301,2.739333391189575,133.08135986328125,0.04415053874254227,4.174992084503174,6.947072982788086,4.1145405769348145,202.10794067382812,0.05142322927713394,7.600299835205078
11,6528,6.405266284942627,3.711374282836914,182.00518798828125,0.046956829726696014,8.268831253051758,-,-,-,-,-
11,6656,4.88918924331665,2.993586540222168,146.15164184570312,0.044882141053676605,3.8920397758483887,-,-,-,-,-
11,6784,6.26650857925415,3.5967612266540527,176.5380859375,0.04700011387467384,8.573664665222168,-,-,-,-,-
11,6912,7.176273822784424,4.615386962890625,227.9169158935547,0.04876098409295082,2.329568862915039,-,-,-,-,-
11,7040,5.66718053817749,3.379987955093384,165.91046142578125,0.04607360064983368,5.820143699645996,6.881145477294922,4.317606449127197,212.48056030273438,0.04585764929652214,3.9287633895874023
11,7168,5.90857458114624,3.74381422996521,184.36404418945312,0.041240617632865906,2.7987916469573975,-,-,-,-,-
11,7296,7.357550144195557,4.671258449554443,230.69989013671875,0.045938946306705475,3.3335390090942383,-,-,-,-,-
11,7424,6.971055030822754,4.266221523284912,210.34747314453125,0.04735604673624039,5.540026664733887,-,-,-,-,-
11,7552,12.16981029510498,7.735808372497559,384.4659118652344,0.0512855164706707,5.380575180053711,-,-,-,-,-
11,7680,6.658968925476074,4.068187236785889,199.98651123046875,0.048473749309778214,5.4244256019592285,5.887724876403809,3.622283458709717,178.27784729003906,0.04056219384074211,4.421010971069336
11,7808,7.4111504554748535,4.5831403732299805,226.109375,0.041125256568193436,5.257911682128906,-,-,-,-,-
11,7936,6.172970771789551,3.85038423538208,189.38734436035156,0.045895133167505264,3.828178644180298,-,-,-,-,-
11,8064,6.8089823722839355,4.304183483123779,211.8827362060547,0.04856482893228531,3.3740663528442383,-,-,-,-,-
11,8192,7.7549519538879395,4.88970422744751,241.2976837158203,0.05074071139097214,4.015304088592529,-,-,-,-,-
11,8320,5.908092975616455,3.6887121200561523,180.975341796875,0.05086773633956909,3.5875985622406006,6.294243812561035,3.851029872894287,189.35128784179688,0.04801371321082115,5.016876697540283
11,8448,5.737862586975098,3.453678607940674,169.12791442871094,0.05056750774383545,5.423374176025391,-,-,-,-,-
11,8576,6.346435070037842,4.09257698059082,201.31031799316406,0.048865173012018204,1.9188936948776245,-,-,-,-,-
11,8704,5.042787075042725,3.066070079803467,149.91770935058594,0.04036330804228783,4.371766090393066,-,-,-,-,-
11,8832,4.936309337615967,3.155872344970703,153.97152709960938,0.04900273680686951,1.9171909093856812,-,-,-,-,-
11,8960,5.840481758117676,3.7079362869262695,181.72262573242188,0.0470506027340889,2.682687997817993,3.882979393005371,2.4953510761260986,121.64900207519531,0.037844911217689514,1.3329336643218994
11,9088,5.318805694580078,3.3968136310577393,166.44732666015625,0.04797843098640442,2.095405101776123,-,-,-,-,-
11,9216,5.521982192993164,3.5260367393493652,173.32412719726562,0.04251620173454285,2.201880931854248,-,-,-,-,-
11,9344,6.650783061981201,4.223268508911133,208.3121795654297,0.049010057002305984,2.9538238048553467,-,-,-,-,-
11,9472,6.39891242980957,4.036926746368408,198.5670623779297,0.04800286889076233,3.28312349319458,-,-,-,-,-
11,9600,9.666984558105469,6.274570465087891,311.2702331542969,0.04876815900206566,2.3094372749328613,7.591282367706299,4.736711502075195,233.58645629882812,0.04793039336800575,4.707762718200684
11,9728,6.334040641784668,3.9732398986816406,195.26431274414062,0.04635343328118324,3.6180431842803955,-,-,-,-,-
11,9856,6.116119384765625,3.9066405296325684,192.013916015625,0.04463917762041092,2.447007417678833,-,-,-,-,-
11,9984,4.9151201248168945,3.116971969604492,152.6691131591797,0.0399504154920578,2.315065860748291,-,-,-,-,-
11,10112,6.661367893218994,4.282801628112793,211.42039489746094,0.041895296424627304,2.224668264389038,-,-,-,-,-
11,10240,5.535662651062012,3.575739622116089,175.51255798339844,0.0436437726020813,1.6115378141403198,8.495019912719727,5.373032093048096,265.2723693847656,0.051471564918756485,4.177927017211914
11,10368,3.60711407661438,2.269549608230591,110.47636413574219,0.04134199023246765,1.9145876169204712,-,-,-,-,-
11,10496,7.067921161651611,4.525424957275391,222.96875,0.05408811941742897,2.5872039794921875,-,-,-,-,-
11,10624,4.233646869659424,2.6481871604919434,129.1463165283203,0.04269271343946457,2.51304030418396,-,-,-,-,-
11,10752,4.092486381530762,2.5802011489868164,126.0218734741211,0.03925834596157074,2.128082036972046,-,-,-,-,-
11,10880,6.109821796417236,3.921656370162964,192.54661560058594,0.0470748171210289,2.156249761581421,4.865138530731201,3.0963613986968994,152.01522827148438,0.04283163696527481,2.057932138442993
11,11008,5.419881820678711,3.4396655559539795,168.83865356445312,0.04617820307612419,2.4565181732177734,-,-,-,-,-
11,11136,4.349726676940918,2.800370693206787,136.45767211914062,0.043130893260240555,1.416481375694275,-,-,-,-,-
11,11264,4.797879219055176,3.092493772506714,151.9224090576172,0.034810870885849,1.5135043859481812,-,-,-,-,-
11,11392,5.007579326629639,3.2362899780273438,158.75059509277344,0.041598401963710785,1.4218508005142212,-,-,-,-,-
11,11520,7.164206504821777,4.612947463989258,227.13987731933594,0.05026227608323097,2.29598069190979,6.549559593200684,4.210653305053711,207.31173706054688,0.04789143428206444,2.1789731979370117
11,11648,5.408057689666748,3.4572861194610596,169.61419677734375,0.048415444791316986,2.0621378421783447,-,-,-,-,-
11,11776,9.680986404418945,6.259872913360596,310.1711120605469,0.04842429608106613,2.709782361984253,-,-,-,-,-
11,11904,8.004958152770996,5.157669544219971,254.4597625732422,0.04901890829205513,2.536716938018799,-,-,-,-,-
11,12032,8.523070335388184,5.460389137268066,270.407958984375,0.047362349927425385,3.112389087677002,-,-,-,-,-
11,12160,6.580327033996582,4.223482131958008,207.69393920898438,0.04752299189567566,2.3238251209259033,5.976810455322266,3.776780843734741,185.4308624267578,0.045817065984010696,2.99904203414917
11,12288,3.4675512313842773,2.1797306537628174,105.46842193603516,0.0424548014998436,1.9068161249160767,-,-,-,-,-
11,12416,5.7729644775390625,3.716417074203491,182.45132446289062,0.04735516011714935,1.8467909097671509,-,-,-,-,-
11,12544,5.2111711502075195,3.3458030223846436,163.93238830566406,0.04926758632063866,1.7677617073059082,-,-,-,-,-
11,12672,6.778892993927002,4.304560661315918,211.84173583984375,0.052647579461336136,3.032676935195923,-,-,-,-,-
11,12800,4.933795928955078,3.1335623264312744,153.51283264160156,0.04517531394958496,2.1992974281311035,7.376596927642822,4.730340957641602,233.14166259765625,0.04994416609406471,2.6489479541778564
11,12928,8.97247314453125,5.828824043273926,288.52392578125,0.04820236563682556,2.102069616317749,-,-,-,-,-
11,13056,7.9218339920043945,5.081430912017822,251.0316619873047,0.04696664586663246,2.8311991691589355,-,-,-,-,-
11,13184,6.613969802856445,4.235046863555908,208.4625701904297,0.04714254289865494,2.4715449810028076,-,-,-,-,-
11,13312,5.549530982971191,3.562700033187866,174.487060546875,0.04368418827652931,1.9827643632888794,-,-,-,-,-
11,13440,5.1538615226745605,3.2800676822662354,160.76417541503906,0.04687737300992012,2.1927459239959717,6.618465423583984,4.258927822113037,209.84823608398438,0.046825554221868515,2.1422970294952393
11,13568,6.793903350830078,4.39036226272583,216.30825805664062,0.04971763864159584,1.9074130058288574,-,-,-,-,-
11,13696,6.517397403717041,4.20436954498291,206.77011108398438,0.04833220690488815,1.9699453115463257,-,-,-,-,-
11,13824,4.098283767700195,2.5808496475219727,125.68035888671875,0.04418439790606499,2.164459705352783,-,-,-,-,-
11,13952,11.378911972045898,7.343514919281006,365.2591552734375,0.0494682751595974,3.3333749771118164,-,-,-,-,-
11,14080,9.6382474899292,6.298424243927002,312.6363525390625,0.04320245236158371,1.7025716304779053,4.659273147583008,2.937408924102783,143.55152893066406,0.04628056287765503,2.4006831645965576
11,14208,8.535467147827148,5.5104594230651855,272.4591979980469,0.05186089500784874,2.485551357269287,-,-,-,-,-
11,14336,4.469048500061035,2.8431196212768555,139.08399963378906,0.04391518980264664,1.9117374420166016,-,-,-,-,-
11,14464,12.689547538757324,8.265621185302734,411.01873779296875,0.04624990373849869,2.6748838424682617,-,-,-,-,-
11,14592,4.491725444793701,2.735316753387451,133.3994140625,0.04384135827422142,3.7857272624969482,-,-,-,-,-
11,14720,4.574212551116943,2.9433202743530273,143.75335693359375,0.045214198529720306,1.4814465045928955,5.714437007904053,3.5811872482299805,175.44140625,0.04783076420426369,3.310049295425415
11,14848,5.297613620758057,3.297302484512329,161.27395629882812,0.048335738480091095,3.392362356185913,-,-,-,-,-
11,14976,4.8512678146362305,3.0978217124938965,151.60629272460938,0.049422550946474075,1.8796052932739258,-,-,-,-,-
11,15104,5.333086013793945,3.3523662090301514,164.31204223632812,0.04792456701397896,2.896749973297119,-,-,-,-,-
11,15232,4.9833478927612305,3.1101183891296387,152.0762481689453,0.047265008091926575,3.052020788192749,-,-,-,-,-
11,15360,7.309407711029053,4.717775821685791,232.45985412597656,0.053966641426086426,2.130666971206665,5.701433181762695,3.5327038764953613,173.2515106201172,0.04811074212193489,3.8810346126556396
11,15488,5.1430487632751465,3.245248794555664,159.36227416992188,0.04259411245584488,2.6158342361450195,-,-,-,-,-
11,15616,8.592127799987793,5.586650371551514,276.6340026855469,0.047190502285957336,1.9194729328155518,-,-,-,-,-
11,15744,3.97202205657959,2.5239663124084473,123.09798431396484,0.040635161101818085,1.7644071578979492,-,-,-,-,-
11,15872,7.747108459472656,5.073385715484619,250.77395629882812,0.045380525290966034,1.206025242805481,-,-,-,-,-
11,16000,8.074150085449219,5.209149360656738,256.9538269042969,0.05374955013394356,2.417130708694458,4.99954891204834,3.2315890789031982,158.29954528808594,0.04298078268766403,1.419835090637207
11,16128,8.098844528198242,5.258931636810303,260.0844421386719,0.04832933843135834,1.907390832901001,-,-,-,-,-
11,16256,11.588617324829102,7.557053089141846,375.61431884765625,0.049721505492925644,2.256993293762207,-,-,-,-,-
11,16384,6.1923747062683105,3.982823133468628,195.6787567138672,0.047508515417575836,2.052553653717041,-,-,-,-,-
11,16512,6.531889915466309,4.232605457305908,208.3471221923828,0.04732007533311844,1.6849385499954224,-,-,-,-,-
11,16640,7.043057441711426,4.570790767669678,225.66314697265625,0.04495041444897652,1.7068469524383545,5.226505279541016,3.3613178730010986,165.0078125,0.042614564299583435,1.7249476909637451
11,16768,4.5091962814331055,2.8873212337493896,141.3767547607422,0.04502818360924721,1.6307932138442993,-,-,-,-,-
11,16896,6.403654098510742,4.089050769805908,201.46737670898438,0.04659254476428032,2.533370018005371,-,-,-,-,-
11,17024,4.874027252197266,3.077631711959839,150.4134521484375,0.04622044041752815,2.4604077339172363,-,-,-,-,-
11,17152,6.253613471984863,4.030707836151123,198.3937530517578,0.0441092811524868,1.9485833644866943,-,-,-,-,-
11,17280,3.8742778301239014,2.4611873626708984,119.75928497314453,0.0433708056807518,1.7212709188461304,5.1483964920043945,3.3334078788757324,163.34503173828125,0.04443895071744919,1.3709964752197266
11,17408,5.480294227600098,3.50486159324646,171.62261962890625,0.047793835401535034,2.114130735397339,-,-,-,-,-
11,17536,4.395762920379639,2.813445568084717,137.17666625976562,0.049275465309619904,1.6127558946609497,-,-,-,-,-
11,17664,4.828141212463379,3.1103146076202393,152.05775451660156,0.04584597423672676,1.5140300989151,-,-,-,-,-
11,17792,6.616038799285889,4.3060622215271,212.54196166992188,0.04294271767139435,1.416142463684082,-,-,-,-,-
11,17920,6.941983699798584,4.503912925720215,222.35092163085938,0.048044219613075256,1.6651756763458252,5.745692729949951,3.7188479900360107,182.96336364746094,0.04223882034420967,1.5497243404388428
11,18048,5.8825602531433105,3.762202739715576,184.6942138671875,0.04649173095822334,2.2692394256591797,-,-,-,-,-
11,18176,7.261532783508301,4.668324947357178,230.39332580566406,0.05008793994784355,2.3918662071228027,-,-,-,-,-
11,18304,5.857490062713623,3.765667200088501,184.4326629638672,0.04859291389584541,1.98903226852417,-,-,-,-,-
11,18432,6.365118980407715,4.056350231170654,199.43643188476562,0.04720853269100189,2.6719629764556885,-,-,-,-,-
11,18560,6.343759059906006,4.052719593048096,199.36895751953125,0.048427287489175797,2.489229440689087,6.121279716491699,3.9451310634613037,194.0818328857422,0.04538145288825035,1.8994882106781006
11,18688,6.2266740798950195,4.0227274894714355,197.98329162597656,0.04865815117955208,1.7545530796051025,-,-,-,-,-
11,18816,5.323899745941162,3.3112196922302246,162.1798095703125,0.0514710508286953,3.394108533859253,-,-,-,-,-
11,18944,6.268107891082764,4.013306617736816,197.82948303222656,0.04494602233171463,2.3156020641326904,-,-,-,-,-
11,19072,5.295592308044434,3.33958101272583,163.67721557617188,0.04186899587512016,2.7736992835998535,-,-,-,-,-
11,19200,5.1849446296691895,3.163377046585083,155.01962280273438,0.043832700699567795,4.275384426116943,4.821094512939453,3.077425479888916,150.75650024414062,0.04364589601755142,1.9245814085006714
11,19328,7.849974632263184,5.040406227111816,249.2493438720703,0.045825835317373276,2.712489128112793,-,-,-,-,-
11,19456,7.352331161499023,4.439558506011963,218.45521545410156,0.05408577248454094,6.741345405578613,-,-,-,-,-
11,19584,7.870140552520752,4.721898555755615,233.35838317871094,0.045267440378665924,7.693905830383301,-,-,-,-,-
11,19712,5.138784408569336,3.2988176345825195,161.6235809326172,0.047189053148031235,1.7654156684875488,-,-,-,-,-
11,19840,5.925652503967285,3.442828416824341,168.80091857910156,0.045886844396591187,7.48928165435791,6.347837448120117,3.737962245941162,183.48162841796875,0.04637662693858147,7.28682279586792
11,19968,5.8510212898254395,3.5865797996520996,176.19700622558594,0.04265505447983742,4.598162651062012,-,-,-,-,-
11,20096,5.374722957611084,3.2275662422180176,158.02308654785156,0.0443773977458477,5.225488662719727,-,-,-,-,-
11,20224,6.380467891693115,3.636854410171509,178.53399658203125,0.05342269316315651,9.048505783081055,-,-,-,-,-
11,20352,4.21559476852417,2.57698655128479,125.26951599121094,0.04643426463007927,3.394791841506958,-,-,-,-,-
11,20480,8.316234588623047,5.239314556121826,259.10174560546875,0.04428268224000931,4.416199207305908,4.804403781890869,2.8066422939300537,137.01583862304688,0.044309522956609726,5.8329339027404785
11,20608,5.011503219604492,2.9903151988983154,146.48583984375,0.04055638611316681,5.157732009887695,-,-,-,-,-
11,20736,5.411450386047363,3.3413500785827637,163.4320526123047,0.04985203593969345,3.8592751026153564,-,-,-,-,-
11,20864,8.973140716552734,5.320162296295166,263.004638671875,0.049575384706258774,9.733564376831055,-,-,-,-,-
11,20992,6.596426010131836,4.227293014526367,208.12933349609375,0.049808382987976074,2.3803141117095947,-,-,-,-,-
11,21120,5.729954242706299,2.8296875953674316,137.56307983398438,0.04842635244131088,14.76209545135498,4.857274532318115,2.7731099128723145,135.24293518066406,0.0465327650308609,6.852024555206299
11,21248,8.594442367553711,5.132192134857178,253.7539825439453,0.049024827778339386,8.756855010986328,-,-,-,-,-
11,21376,4.790725231170654,3.0371639728546143,148.96678161621094,0.04444987699389458,2.1944358348846436,-,-,-,-,-
11,21504,7.9731950759887695,4.836541652679443,239.20376586914062,0.04638128727674484,6.9823384284973145,-,-,-,-,-
11,21632,6.701379776000977,4.179141998291016,205.5542755126953,0.048397935926914215,4.182968616485596,-,-,-,-,-
11,21760,4.856248378753662,3.109401226043701,152.44053649902344,0.04219057783484459,1.802509069442749,7.465648174285889,4.742104530334473,233.7043914794922,0.04839429259300232,3.381056308746338
11,21888,7.181692123413086,4.540043354034424,223.92227172851562,0.046214450150728226,3.56211256980896,-,-,-,-,-
11,22016,4.176876544952393,2.5516974925994873,124.0535888671875,0.04230904579162598,3.423341989517212,-,-,-,-,-
11,22144,4.318446159362793,2.690826892852783,131.41517639160156,0.043808575719594955,2.6965909004211426,-,-,-,-,-
11,22272,6.042074203491211,3.7921416759490967,186.4026641845703,0.045251477509737015,3.406548023223877,-,-,-,-,-
11,22400,4.4366278648376465,2.730259895324707,133.04408264160156,0.04816534370183945,3.277623414993286,7.141685485839844,4.468547344207764,219.84837341308594,0.051460858434438705,4.231932640075684
11,22528,8.32257080078125,5.302086353302002,262.3887634277344,0.04354602098464966,3.5305049419403076,-,-,-,-,-
11,22656,6.894874572753906,4.468292713165283,220.31971740722656,0.04777442291378975,1.7561039924621582,-,-,-,-,-
11,22784,6.5427117347717285,4.099705219268799,201.83103942871094,0.044454507529735565,3.8024165630340576,-,-,-,-,-
11,22912,8.144034385681152,5.287600517272949,261.7604675292969,0.04423931613564491,1.9458980560302734,-,-,-,-,-
11,23040,9.734031677246094,6.219411373138428,307.9524230957031,0.04930216073989868,3.857935667037964,6.412364959716797,4.0277485847473145,198.32704162597656,0.041562728583812714,3.5978357791900635
11,23168,5.788060665130615,3.498927354812622,171.34925842285156,0.046674009412527084,5.289668560028076,-,-,-,-,-
11,23296,4.215906620025635,2.738085985183716,133.69737243652344,0.038942642509937286,1.0190411806106567,-,-,-,-,-
11,23424,7.3328657150268555,4.544281005859375,224.10874938964844,0.04862488806247711,4.988725185394287,-,-,-,-,-
11,23552,6.456670761108398,4.12420654296875,203.2073211669922,0.046381302177906036,2.540097236633301,-,-,-,-,-
11,23680,5.505350589752197,3.463644027709961,170.05609130859375,0.04623871296644211,2.9490675926208496,6.603187084197998,4.170278549194336,205.20518493652344,0.048146866261959076,3.3271031379699707
11,23808,6.330339431762695,4.0422587394714355,198.98402404785156,0.04552275314927101,2.5271782875061035,-,-,-,-,-
11,23936,8.93785285949707,5.757751941680908,284.98358154296875,0.04563279077410698,2.8463237285614014,-,-,-,-,-
11,24064,5.332961082458496,3.28383731842041,160.77821350097656,0.04392059147357941,3.9742071628570557,-,-,-,-,-
11,24192,6.8673810958862305,4.357905864715576,214.7992401123047,0.046747837215662,3.1473495960235596,-,-,-,-,-
11,24320,5.69950532913208,3.4760851860046387,170.5228271484375,0.04205259680747986,4.761392593383789,5.945464611053467,3.823673725128174,188.46995544433594,0.04192756116390228,1.951640248298645
11,24448,5.783191680908203,3.6453683376312256,179.5767059326172,0.045132700353860855,2.969238042831421,-,-,-,-,-
11,24576,6.9076619148254395,4.3565192222595215,214.5289306640625,0.047645773738622665,3.582080364227295,-,-,-,-,-
11,24704,5.494625568389893,3.4797840118408203,170.73736572265625,0.05195341259241104,2.555147886276245,-,-,-,-,-
11,24832,7.295369625091553,4.563809394836426,224.49331665039062,0.05382317304611206,4.328042984008789,-,-,-,-,-
11,24960,5.718952655792236,3.5302486419677734,173.58787536621094,0.04604455083608627,4.067808628082275,6.408799171447754,4.148920059204102,204.00421142578125,0.04643828049302101,1.7339887619018555
11,25088,6.512914657592773,4.219388961791992,207.8363494873047,0.04273630678653717,1.724258303642273,-,-,-,-,-
11,25216,5.02280330657959,3.0838513374328613,150.57066345214844,0.04666813090443611,3.8657779693603516,-,-,-,-,-
11,25344,4.404256343841553,2.816194772720337,137.26296997070312,0.04241134971380234,1.7302017211914062,-,-,-,-,-
11,25472,5.978030204772949,3.7571213245391846,184.45852661132812,0.04857187718153,3.2775158882141113,-,-,-,-,-
11,25600,4.165918827056885,2.6252260208129883,127.84636688232422,0.04388587921857834,2.183431386947632,5.416691780090332,3.4363248348236084,168.56396484375,0.044479113072156906,2.5024828910827637
11,25728,5.716930389404297,3.694880723953247,181.6237335205078,0.043714575469493866,1.6209779977798462,-,-,-,-,-
11,25856,8.513042449951172,5.494046688079834,271.68634033203125,0.05201961472630501,2.5011227130889893,-,-,-,-,-
11,25984,8.954419136047363,5.736003875732422,283.5228576660156,0.055671367794275284,3.275156259536743,-,-,-,-,-
11,26112,6.107450008392334,3.8869853019714355,190.9313201904297,0.05042571946978569,2.6072585582733154,-,-,-,-,-
11,26130,4.729189395904541,3.0749454498291016,150.14642333984375,0.05732757970690727,0.9545206427574158,5.737128257751465,3.6684610843658447,180.0704803466797,0.045116912573575974,2.2284562587738037
12,128,5.071995258331299,3.171160936355591,155.0106964111328,0.04612816497683525,3.0459935665130615,-,-,-,-,-
12,256,6.306801795959473,4.020802974700928,197.98800659179688,0.04441838711500168,2.617006540298462,-,-,-,-,-
12,384,10.924625396728516,7.110190391540527,353.11480712890625,0.045425329357385635,2.3786208629608154,-,-,-,-,-
12,512,5.814165115356445,3.6045498847961426,176.94712829589844,0.04481140896677971,3.9533257484436035,-,-,-,-,-
12,640,5.990490913391113,3.8577888011932373,189.65200805664062,0.044928256422281265,1.9125406742095947,4.439359664916992,2.700507640838623,131.81100463867188,0.042086295783519745,3.786560535430908
12,768,5.104708671569824,3.106661081314087,151.795654296875,0.049638181924819946,4.304527759552002,-,-,-,-,-
12,896,5.247762203216553,3.2618184089660645,159.90301513671875,0.049751777201890945,3.371619462966919,-,-,-,-,-
12,1024,4.786008358001709,3.029641628265381,147.9131317138672,0.045809049159288406,2.314263105392456,-,-,-,-,-
12,1152,4.374087333679199,2.725027084350586,132.94851684570312,0.03935984894633293,2.802154779434204,-,-,-,-,-
12,1280,6.150608062744141,3.8997206687927246,191.8753662109375,0.047835830599069595,2.8429789543151855,8.156536102294922,5.011484146118164,247.81967163085938,0.04400411248207092,6.228511810302734
12,1408,4.275502681732178,2.3418402671813965,113.66580200195312,0.04439512640237808,7.526092052459717,-,-,-,-,-
12,1536,5.033300876617432,3.181126117706299,156.04644775390625,0.041544679552316666,2.501654624938965,-,-,-,-,-
12,1664,9.126642227172852,5.656581878662109,279.7392883300781,0.050226252526044846,6.224416732788086,-,-,-,-,-
12,1792,8.296379089355469,4.593164920806885,226.2410888671875,0.0484757274389267,13.923273086547852,-,-,-,-,-
12,1920,5.363697528839111,3.381373167037964,165.77439880371094,0.045159272849559784,2.7942123413085938,4.404273509979248,2.6023383140563965,126.78532409667969,0.04209790751338005,4.919840335845947
12,2048,6.716870307922363,4.084890842437744,200.78787231445312,0.0497405044734478,5.743603229522705,-,-,-,-,-
12,2176,8.110238075256348,5.026642322540283,248.44976806640625,0.04552130028605461,5.535768032073975,-,-,-,-,-
12,2304,5.938129901885986,3.78037691116333,185.88356018066406,0.04257754236459732,2.5633974075317383,-,-,-,-,-
12,2432,5.630882263183594,3.2646219730377197,159.7601776123047,0.04913272708654404,7.19525671005249,-,-,-,-,-
12,2560,6.874780178070068,4.359134197235107,214.9428253173828,0.051484569907188416,3.1473357677459717,5.426948547363281,3.4164748191833496,167.5195770263672,0.046390414237976074,2.88887357711792
12,2688,5.064399719238281,3.2333602905273438,158.6663818359375,0.04710688069462776,1.9726881980895996,-,-,-,-,-
12,2816,6.345449924468994,4.039275169372559,198.44207763671875,0.051352743059396744,2.704011917114258,-,-,-,-,-
12,2944,8.534732818603516,5.475196838378906,271.245361328125,0.0481412447988987,2.9894027709960938,-,-,-,-,-
12,3072,4.624514102935791,2.9275195598602295,143.02719116210938,0.04291905462741852,2.2380335330963135,-,-,-,-,-
12,3200,6.630949974060059,4.2358856201171875,208.35430908203125,0.04668216034770012,2.648393392562866,6.570196628570557,4.194942951202393,206.90805053710938,0.039260003715753555,2.6691362857818604
12,3328,4.47794246673584,2.788222551345825,136.27279663085938,0.04089636728167534,2.860954523086548,-,-,-,-,-
12,3456,5.764408111572266,3.670628547668457,180.0467529296875,0.04999098926782608,2.4332079887390137,-,-,-,-,-
12,3584,5.682453155517578,3.4464943408966064,169.0094451904297,0.044464945793151855,5.013988971710205,-,-,-,-,-
12,3712,4.324050426483154,2.764070510864258,135.00372314453125,0.044933952391147614,1.6500893831253052,-,-,-,-,-
12,3840,6.305424213409424,3.9662885665893555,195.0634002685547,0.042409688234329224,3.460919141769409,10.064698219299316,6.51991605758667,323.0354309082031,0.05568566173315048,2.587416648864746
12,3968,6.5169525146484375,4.217243671417236,208.41452026367188,0.04304492846131325,1.7251886129379272,-,-,-,-,-
12,4096,6.57077693939209,4.174373149871826,205.67657470703125,0.04724152013659477,2.9239611625671387,-,-,-,-,-
12,4224,6.777821063995361,4.403396129608154,217.21920776367188,0.04420745000243187,1.5802518129348755,-,-,-,-,-
12,4352,8.15459156036377,5.252185344696045,259.8360290527344,0.043102629482746124,2.609433650970459,-,-,-,-,-
12,4480,5.967846870422363,3.8487627506256104,189.35374450683594,0.04431043192744255,1.8123619556427002,4.500890731811523,2.860386610031128,139.83595275878906,0.04336432367563248,1.9877984523773193
12,4608,6.164547443389893,3.9554035663604736,194.59449768066406,0.04487712308764458,2.1832168102264404,-,-,-,-,-
12,4736,6.2645673751831055,4.054568767547607,199.68727111816406,0.04386195167899132,1.692642092704773,-,-,-,-,-
12,4864,4.133340358734131,2.6355233192443848,128.44200134277344,0.04691390320658684,1.6648313999176025,-,-,-,-,-
12,4992,6.282854080200195,4.068284511566162,200.3793487548828,0.044651418924331665,1.6612504720687866,-,-,-,-,-
12,5120,4.678716659545898,2.9685444831848145,145.0904083251953,0.042915310710668564,2.1635284423828125,5.3720197677612305,3.4241139888763428,167.9246063232422,0.04609902948141098,2.2256016731262207
12,5248,4.737907409667969,3.00531005859375,147.01608276367188,0.045054495334625244,2.173818826675415,-,-,-,-,-
12,5376,4.892453670501709,3.1594583988189697,154.50869750976562,0.04727104678750038,1.406370997428894,-,-,-,-,-
12,5504,5.340867042541504,3.464296340942383,170.1790313720703,0.04160264879465103,1.3317756652832031,-,-,-,-,-
12,5632,5.915079116821289,3.7794313430786133,186.009765625,0.04625224694609642,2.2929766178131104,-,-,-,-,-
12,5760,7.651721477508545,4.910534858703613,242.67958068847656,0.044128578156232834,2.7026207447052,8.36472225189209,5.449717044830322,269.6230773925781,0.042876407504081726,1.7589824199676514
12,5888,7.263193130493164,4.712536811828613,232.6397247314453,0.04609742760658264,1.7816215753555298,-,-,-,-,-
12,6016,4.896403789520264,3.0578174591064453,149.23403930664062,0.046644553542137146,2.996013641357422,-,-,-,-,-
12,6144,7.841855049133301,5.021799087524414,248.25994873046875,0.04846086725592613,2.8899576663970947,-,-,-,-,-
12,6272,7.490046977996826,4.8221564292907715,238.02296447753906,0.04692981392145157,2.4073116779327393,-,-,-,-,-
12,6400,7.046520709991455,4.529631614685059,223.4146728515625,0.04588508605957031,2.368572473526001,6.521432876586914,4.173469066619873,205.7989044189453,0.04461319372057915,2.453615665435791
12,6528,3.8801751136779785,2.396998405456543,116.55284881591797,0.045625239610672,2.720233201980591,-,-,-,-,-
12,6656,5.982574939727783,3.834855794906616,188.61233520507812,0.0439700223505497,2.176257610321045,-,-,-,-,-
12,6784,3.993563652038574,2.536748170852661,123.50930786132812,0.045761507004499435,1.759609580039978,-,-,-,-,-
12,6912,5.866875171661377,3.701080083847046,181.8627166748047,0.04667925834655762,3.004889488220215,-,-,-,-,-
12,7040,4.808775424957275,3.0763955116271973,150.47525024414062,0.044920943677425385,1.827063798904419,5.01653528213501,3.22530460357666,158.50538635253906,0.038026001304388046,1.6815109252929688
12,7168,5.165315628051758,3.348787307739258,164.36520385742188,0.042873747646808624,1.300023078918457,-,-,-,-,-
12,7296,5.112952709197998,3.311291456222534,162.24853515625,0.0455019436776638,1.336742877960205,-,-,-,-,-
12,7424,4.342436790466309,2.793144941329956,136.26641845703125,0.047940075397491455,1.3868741989135742,-,-,-,-,-
12,7552,6.078732967376709,3.9407167434692383,193.57565307617188,0.05005250126123428,1.5220667123794556,-,-,-,-,-
12,7680,6.5638957023620605,4.268601894378662,210.5048370361328,0.04391404986381531,1.4633139371871948,5.111656188964844,3.2947421073913574,161.27633666992188,0.045632995665073395,1.5851805210113525
12,7808,3.6077346801757812,2.309534788131714,112.5188217163086,0.04233613610267639,1.3067563772201538,-,-,-,-,-
12,7936,4.6354498863220215,2.990115165710449,145.7798309326172,0.04469306021928787,1.4284359216690063,-,-,-,-,-
12,8064,5.625056266784668,3.6210803985595703,177.69700622558594,0.050730351358652115,1.7627594470977783,-,-,-,-,-
12,8192,6.930702209472656,4.492062568664551,221.53997802734375,0.04714437201619148,1.760956883430481,-,-,-,-,-
12,8320,5.9420270919799805,3.843118906021118,189.2389373779297,0.04556204751133919,1.6095669269561768,3.8902862071990967,2.472689628601074,120.36913299560547,0.043976131826639175,1.699291706085205
12,8448,3.4376063346862793,2.210033893585205,107.4116439819336,0.04118052497506142,1.1227530241012573,-,-,-,-,-
12,8576,5.674886226654053,3.6530356407165527,179.38999938964844,0.045697785913944244,1.8225305080413818,-,-,-,-,-
12,8704,8.713434219360352,5.648601055145264,279.7726745605469,0.042159903794527054,2.249467611312866,-,-,-,-,-
12,8832,5.973249435424805,3.8449840545654297,189.29776000976562,0.04450908303260803,1.9077881574630737,-,-,-,-,-
12,8960,5.215168476104736,3.299004316329956,161.3988494873047,0.049380574375391006,2.527951955795288,4.433557033538818,2.8363330364227295,138.68472290039062,0.045354053378105164,1.6502296924591064
12,9088,5.876936912536621,3.73370099067688,183.66297912597656,0.045995619148015976,2.606106996536255,-,-,-,-,-
12,9216,4.268941879272461,2.745790481567383,134.24114990234375,0.04117230325937271,1.3956713676452637,-,-,-,-,-
12,9344,5.6926727294921875,3.641904592514038,178.89500427246094,0.04527241364121437,2.165457010269165,-,-,-,-,-
12,9472,11.150739669799805,7.289153099060059,362.3147888183594,0.047236692160367966,1.912026286125183,-,-,-,-,-
12,9600,4.426602840423584,2.8708248138427734,140.31761169433594,0.04181209206581116,1.1078994274139404,5.308697700500488,3.4235939979553223,168.13063049316406,0.04391667619347572,1.5988048315048218
12,9728,5.664584159851074,3.66324782371521,180.07427978515625,0.04141392931342125,1.5917950868606567,-,-,-,-,-
12,9856,5.7764058113098145,3.7378814220428467,183.26870727539062,0.04936186969280243,1.5647574663162231,-,-,-,-,-
12,9984,6.017221927642822,3.904702663421631,192.40867614746094,0.04371628165245056,1.4471632242202759,-,-,-,-,-
12,10112,8.968972206115723,5.853977203369141,289.78369140625,0.04893060028553009,1.6822803020477295,-,-,-,-,-
12,10240,5.784635543823242,3.7353110313415527,183.80758666992188,0.0415736548602581,1.696746826171875,11.509684562683105,7.538858890533447,374.63116455078125,0.048950549215078354,1.7556345462799072
12,10368,4.729865074157715,3.0818681716918945,150.86326599121094,0.04039282351732254,0.9897125363349915,-,-,-,-,-
12,10496,5.701296329498291,3.6512489318847656,179.21726989746094,0.04546083137392998,2.1241447925567627,-,-,-,-,-
12,10624,5.7060346603393555,3.6647491455078125,180.13685607910156,0.04396640881896019,1.959504246711731,-,-,-,-,-
12,10752,6.4765119552612305,4.178131580352783,206.31980895996094,0.04546689987182617,1.8971554040908813,-,-,-,-,-
12,10880,3.474771738052368,2.1917824745178223,106.57006072998047,0.03723210096359253,1.8005661964416504,4.22780704498291,2.668290376663208,129.87013244628906,0.04531272500753403,2.1550259590148926
12,11008,4.608978271484375,2.9961888790130615,146.9581298828125,0.03749915584921837,1.057092547416687,-,-,-,-,-
12,11136,6.706343650817871,4.312730312347412,212.743408203125,0.04487857595086098,2.2130048274993896,-,-,-,-,-
12,11264,3.4481210708618164,2.170680284500122,105.43018341064453,0.04209381341934204,1.8104512691497803,-,-,-,-,-
12,11392,3.640120506286621,2.357184648513794,114.7640380859375,0.03841714933514595,0.9687834978103638,-,-,-,-,-
12,11520,6.398512840270996,4.111422061920166,202.57757568359375,0.0467224158346653,2.1459288597106934,7.340353965759277,4.751175403594971,234.41322326660156,0.04814136400818825,1.969051480293274
12,11648,6.831675052642822,4.39818000793457,216.27256774902344,0.05468561127781868,2.1608407497406006,-,-,-,-,-
12,11776,6.867766857147217,4.446486473083496,218.76504516601562,0.04810107871890068,1.8552876710891724,-,-,-,-,-
12,11904,5.493361949920654,3.5684974193573,175.43963623046875,0.04318605363368988,1.2728211879730225,-,-,-,-,-
12,12032,5.015768527984619,3.212878704071045,157.4243927001953,0.04349825158715248,1.851479411125183,-,-,-,-,-
12,12160,6.1491875648498535,3.996192693710327,196.9630126953125,0.04060211777687073,1.4276272058486938,7.842574596405029,5.0391716957092285,248.3347930908203,0.05513329803943634,2.649217367172241
12,12288,7.9393086433410645,5.18035364151001,256.2728576660156,0.045641303062438965,1.505853295326233,-,-,-,-,-
12,12416,6.085650444030762,3.945159673690796,194.28366088867188,0.04109255224466324,1.5656208992004395,-,-,-,-,-
12,12544,4.056884288787842,2.5838370323181152,125.98155975341797,0.04407456889748573,1.6915693283081055,-,-,-,-,-
12,12672,5.180670738220215,3.301391363143921,161.70989990234375,0.04849373549222946,2.1368637084960938,-,-,-,-,-
12,12800,4.681823253631592,3.032254695892334,148.15652465820312,0.04237760603427887,1.256259799003601,6.632961750030518,4.244646072387695,208.9037322998047,0.04647902399301529,2.5279970169067383
12,12928,6.2955322265625,4.044036865234375,198.94412231445312,0.046138323843479156,2.1591596603393555,-,-,-,-,-
12,13056,6.853487968444824,4.359353542327881,214.80960083007812,0.05025014653801918,2.9578864574432373,-,-,-,-,-
12,13184,7.045263290405273,4.5223002433776855,222.97560119628906,0.04957639053463936,2.436310291290283,-,-,-,-,-
12,13312,4.52407693862915,2.9221110343933105,142.8585205078125,0.03944578766822815,1.3393478393554688,-,-,-,-,-
12,13440,3.777678966522217,2.4279377460479736,118.43658447265625,0.04112404212355614,1.2425100803375244,6.074679851531982,3.9035298824310303,192.52061462402344,0.042890410870313644,2.0305352210998535
12,13568,4.091419696807861,2.5888473987579346,125.82988739013672,0.04699382558465004,1.9727979898452759,-,-,-,-,-
12,13696,6.180324077606201,4.010314464569092,197.71633911132812,0.04358367621898651,1.4926249980926514,-,-,-,-,-
12,13824,4.8871235847473145,3.166337251663208,155.11524963378906,0.043397899717092514,1.2623587846755981,-,-,-,-,-
12,13952,6.387241840362549,4.137692451477051,204.0057830810547,0.04559836536645889,1.6389294862747192,-,-,-,-,-
12,14080,7.247518062591553,4.679646968841553,231.1260223388672,0.0453668050467968,2.112443208694458,3.9398622512817383,2.534365177154541,123.58551025390625,0.0419183187186718,1.2772364616394043
12,14208,6.028159141540527,3.888535737991333,191.09097290039062,0.04848637804389,1.802276611328125,-,-,-,-,-
12,14336,7.892962455749512,5.121784687042236,252.80712890625,0.051027219742536545,1.9207948446273804,-,-,-,-,-
12,14464,6.437840461730957,4.152307033538818,204.5896453857422,0.04536348953843117,1.942737102508545,-,-,-,-,-
12,14592,4.501341342926025,2.90478515625,141.87982177734375,0.043843209743499756,1.3391436338424683,-,-,-,-,-
12,14720,4.638639450073242,2.9124410152435303,142.11314392089844,0.04317428916692734,2.618929386138916,4.85694694519043,3.0477662086486816,149.10923767089844,0.04404907301068306,2.740391731262207
12,14848,5.603387832641602,3.5519368648529053,174.56002807617188,0.041597332805395126,2.6425364017486572,-,-,-,-,-
12,14976,6.182862281799316,3.96341609954834,195.01101684570312,0.049902964383363724,2.194335460662842,-,-,-,-,-
12,15104,6.663904190063477,4.155454158782959,204.457275390625,0.05179901048541069,4.120790004730225,-,-,-,-,-
12,15232,6.7527689933776855,4.224640369415283,207.8633270263672,0.05020972341299057,3.9928581714630127,-,-,-,-,-
12,15360,4.906135559082031,3.155571937561035,154.52926635742188,0.045800719410181046,1.594700813293457,4.1097187995910645,2.60378098487854,126.98067474365234,0.04105439782142639,1.9507683515548706
12,15488,9.949527740478516,6.432523727416992,318.7164306640625,0.05073663964867592,2.791032075881958,-,-,-,-,-
12,15616,6.2608323097229,3.8643558025360107,190.07626342773438,0.04811888560652733,4.475947856903076,-,-,-,-,-
12,15744,6.315488815307617,4.069988250732422,200.75428771972656,0.045204903930425644,1.9275307655334473,-,-,-,-,-
12,15872,5.898171901702881,3.6601948738098145,179.14865112304688,0.05186058580875397,3.946298122406006,-,-,-,-,-
12,16000,5.493764400482178,3.237952470779419,158.68133544921875,0.042485322803258896,6.265135765075684,4.390937328338623,2.811547040939331,137.3097686767578,0.04509231075644493,1.612003207206726
12,16128,4.683226585388184,3.010754108428955,147.38023376464844,0.04678487405180931,1.5188543796539307,-,-,-,-,-
12,16256,3.7399773597717285,2.210155963897705,107.47456359863281,0.04269871115684509,4.123770713806152,-,-,-,-,-
12,16384,4.976322174072266,3.163907289505005,155.0115203857422,0.04457835108041763,2.1772091388702393,-,-,-,-,-
12,16512,7.904606819152832,5.120767593383789,252.97596740722656,0.04465853050351143,2.0942113399505615,-,-,-,-,-
12,16640,4.458086967468262,2.808542490005493,137.0238494873047,0.0440402626991272,2.352658987045288,6.979450702667236,4.481192111968994,221.0537567138672,0.04495730996131897,2.4276416301727295
12,16768,5.372791767120361,3.3748178482055664,165.49090576171875,0.04352252185344696,2.9954233169555664,-,-,-,-,-
12,16896,9.094047546386719,5.75295352935791,284.98370361328125,0.046228207647800446,4.450284957885742,-,-,-,-,-
12,17024,10.164603233337402,6.4789958000183105,321.5396423339844,0.04666760563850403,4.2354278564453125,-,-,-,-,-
12,17152,3.580399990081787,2.252145528793335,109.4657211303711,0.041258491575717926,1.9233860969543457,-,-,-,-,-
12,17280,4.319768905639648,2.7293357849121094,133.6817626953125,0.04070465639233589,2.12910795211792,5.003686428070068,3.165640115737915,155.3723602294922,0.04542621225118637,2.3889615535736084
12,17408,4.934061527252197,3.156503915786743,155.0789794921875,0.04063458740711212,1.8613340854644775,-,-,-,-,-
12,17536,6.670098781585693,4.239738941192627,209.0758819580078,0.045566171407699585,2.9403486251831055,-,-,-,-,-
12,17664,4.72227144241333,2.8894202709198,141.1836395263672,0.04345708340406418,3.7755777835845947,-,-,-,-,-
12,17792,5.458907604217529,3.544074296951294,173.816650390625,0.04597548767924309,1.3069093227386475,-,-,-,-,-
12,17920,5.812478542327881,3.589493989944458,176.28167724609375,0.04682360962033272,4.133443832397461,5.903073787689209,3.6345510482788086,178.56773376464844,0.04477053880691528,4.380745887756348
12,18048,4.806353569030762,2.8692500591278076,140.08116149902344,0.04569423571228981,4.90597677230835,-,-,-,-,-
12,18176,6.0986714363098145,3.8276939392089844,187.82737731933594,0.0490228570997715,3.4368069171905518,-,-,-,-,-
12,18304,6.400763988494873,4.022791862487793,197.9734649658203,0.04214873164892197,3.5608909130096436,-,-,-,-,-
12,18432,5.643476963043213,3.550194501876831,174.43316650390625,0.04627368226647377,3.0267722606658936,-,-,-,-,-
12,18560,4.994238376617432,3.145183563232422,153.7206573486328,0.04555030167102814,2.6629762649536133,6.523042678833008,4.1358962059021,203.63638305664062,0.04953283816576004,3.0124971866607666
12,18688,6.313661575317383,4.006380558013916,197.13072204589844,0.044968780130147934,2.9100496768951416,-,-,-,-,-
12,18816,4.928433418273926,3.16998553276062,155.51254272460938,0.044198937714099884,1.5912351608276367,-,-,-,-,-
12,18944,4.9591217041015625,3.1443984508514404,153.929443359375,0.045645423233509064,2.2978339195251465,-,-,-,-,-
12,19072,5.302280902862549,3.280482292175293,160.63314819335938,0.04697852209210396,3.6848881244659424,-,-,-,-,-
12,19200,14.212904930114746,9.215158462524414,458.7127380371094,0.05414982885122299,3.5646915435791016,5.569247245788574,3.5792553424835205,176.11172485351562,0.03988045081496239,1.8899438381195068
12,19328,10.185053825378418,6.607819557189941,327.7986145019531,0.04673324525356293,2.5251588821411133,-,-,-,-,-
12,19456,3.6277542114257812,2.342725992202759,114.2705078125,0.03877738118171692,1.0354571342468262,-,-,-,-,-
12,19584,6.116509437561035,3.9208226203918457,192.58302307128906,0.04519128426909447,2.2466533184051514,-,-,-,-,-
12,19712,5.274831771850586,3.392932891845703,166.89039611816406,0.04170505702495575,1.712900996208191,-,-,-,-,-
12,19840,5.787528991699219,3.724783420562744,183.3924102783203,0.047893647104501724,1.8092819452285767,5.1475934982299805,3.2518625259399414,159.20700073242188,0.04821362346410751,2.554476022720337
12,19968,5.81698751449585,3.7579598426818848,184.82191467285156,0.04396370053291321,1.668441891670227,-,-,-,-,-
12,20096,8.590822219848633,5.595668315887451,277.1378479003906,0.04757607355713844,1.7619960308074951,-,-,-,-,-
12,20224,7.1599578857421875,4.5640459060668945,225.1584014892578,0.04565529525279999,2.986725091934204,-,-,-,-,-
12,20352,5.017181873321533,3.2045373916625977,157.17372131347656,0.04152122512459755,1.9938596487045288,-,-,-,-,-
12,20480,4.734583854675293,3.033201217651367,148.36073303222656,0.043881408870220184,1.7389380931854248,4.627462387084961,2.902376651763916,142.13172912597656,0.04388348013162613,2.59885311126709
12,20608,9.682509422302246,6.224096298217773,308.3005065917969,0.053504180163145065,3.21903920173645,-,-,-,-,-
12,20736,5.178487300872803,3.287450075149536,161.29957580566406,0.04466069117188454,2.333806276321411,-,-,-,-,-
12,20864,7.267942428588867,4.6055779457092285,226.79754638671875,0.054142486304044724,3.4024646282196045,-,-,-,-,-
12,20992,6.864404678344727,3.7508695125579834,184.12591552734375,0.04685495048761368,12.254209518432617,-,-,-,-,-
12,21120,5.885313034057617,2.8625175952911377,139.98904418945312,0.040981225669384,15.819234848022461,5.289085865020752,3.351452112197876,164.96678161621094,0.04374571144580841,2.4422051906585693
12,21248,5.513608932495117,3.484262466430664,171.43783569335938,0.04690214619040489,2.680659532546997,-,-,-,-,-
12,21376,5.907912731170654,3.16799259185791,155.4608917236328,0.041534971445798874,11.437765121459961,-,-,-,-,-
12,21504,5.141061782836914,3.177473783493042,155.78878784179688,0.04282316565513611,3.6287686824798584,-,-,-,-,-
12,21632,7.862112522125244,4.626256942749023,228.14837646484375,0.0482073575258255,9.06164836883545,-,-,-,-,-
12,21760,6.111989974975586,3.2273969650268555,158.39356994628906,0.04549678415060043,12.551600456237793,5.184126853942871,3.0578677654266357,149.3015899658203,0.046733882278203964,5.865090847015381
12,21888,7.1956071853637695,4.365882396697998,215.2288818359375,0.04767973721027374,6.297560691833496,-,-,-,-,-
12,22016,5.498208999633789,2.275554895401001,110.73997497558594,0.03896116837859154,20.7629337310791,-,-,-,-,-
12,22144,5.557734966278076,3.4079885482788086,167.35511779785156,0.04196320101618767,4.3423237800598145,-,-,-,-,-
12,22272,5.843401908874512,2.4511098861694336,119.39530944824219,0.043128758668899536,21.552099227905273,-,-,-,-,-
12,22400,5.101373195648193,3.216970205307007,157.6486053466797,0.044274136424064636,2.6364266872406006,5.649516582489014,2.6875431537628174,131.03546142578125,0.04264220595359802,16.08976936340332
12,22528,7.950631141662598,3.918212652206421,192.8482666015625,0.04470718279480934,20.59228515625,-,-,-,-,-
12,22656,5.795271396636963,3.57645845413208,175.39962768554688,0.04228728264570236,4.22529411315918,-,-,-,-,-
12,22784,6.766489028930664,3.541482448577881,174.03475952148438,0.04593486338853836,14.387243270874023,-,-,-,-,-
12,22912,6.041743755340576,3.161637783050537,154.92832946777344,0.04254603758454323,12.88276195526123,-,-,-,-,-
12,23040,5.477116584777832,3.2375214099884033,159.13189697265625,0.04086209833621979,6.07414436340332,5.515021324157715,3.24828839302063,159.72030639648438,0.03859162703156471,6.30938196182251
12,23168,4.497143268585205,2.5485053062438965,124.18702697753906,0.04069969058036804,6.6606764793396,-,-,-,-,-
12,23296,4.6265130043029785,2.6551852226257324,129.65333557128906,0.04239541292190552,6.323990821838379,-,-,-,-,-
12,23424,7.66585111618042,4.8030571937561035,237.41246032714844,0.04383091628551483,4.448384761810303,-,-,-,-,-
12,23552,4.140557765960693,2.262741804122925,109.8560791015625,0.041280824691057205,7.379743576049805,-,-,-,-,-
12,23680,6.329881191253662,3.9701898097991943,195.4148406982422,0.04461193457245827,3.6093103885650635,7.496292591094971,4.248559951782227,209.22842407226562,0.044068168848752975,11.113801002502441
12,23808,4.149044990539551,2.1422383785247803,103.77012634277344,0.038777515292167664,9.303274154663086,-,-,-,-,-
12,23936,4.651189804077148,2.9248926639556885,143.21810913085938,0.0431397408246994,2.509758949279785,-,-,-,-,-
12,24064,4.5004682540893555,2.650343179702759,129.6905975341797,0.039970092475414276,5.1324896812438965,-,-,-,-,-
12,24192,4.334210395812988,2.750126600265503,134.03016662597656,0.043640267103910446,2.00141978263855,-,-,-,-,-
12,24320,5.6299052238464355,3.421767473220825,167.76356506347656,0.04608413204550743,4.844177722930908,4.286870956420898,2.567779779434204,124.46127319335938,0.046708013862371445,4.277705669403076
12,24448,7.335681915283203,4.5746564865112305,224.88449096679688,0.04560872167348862,4.665719032287598,-,-,-,-,-
12,24576,6.924104690551758,4.411002159118652,216.64898681640625,0.04857701435685158,2.9803590774536133,-,-,-,-,-
12,24704,7.112403869628906,4.400524139404297,216.06488037109375,0.0432332344353199,5.079977512359619,-,-,-,-,-
12,24832,6.290523052215576,4.0478434562683105,197.89366149902344,0.04479585215449333,2.1894683837890625,-,-,-,-,-
12,24960,5.78580379486084,3.60970401763916,176.96571350097656,0.04057839512825012,3.658644199371338,7.571159362792969,4.875468730926514,240.4334259033203,0.04756653681397438,2.437894821166992
12,25088,4.090433597564697,2.6039106845855713,126.35247802734375,0.041379354894161224,1.8161851167678833,-,-,-,-,-
12,25216,5.746903419494629,3.5722157955169678,175.39913940429688,0.043466515839099884,3.7722976207733154,-,-,-,-,-
12,25344,8.241756439208984,5.2752485275268555,260.9833679199219,0.04654206708073616,3.1013245582580566,-,-,-,-,-
12,25472,4.421269416809082,2.7678518295288086,135.1340789794922,0.042559463530778885,2.59517240524292,-,-,-,-,-
12,25600,6.11331844329834,3.879152774810791,190.9281463623047,0.043530069291591644,2.813542127609253,5.295533180236816,3.3573200702667236,164.60275268554688,0.04189654067158699,2.502896547317505
12,25728,5.18569803237915,3.270411252975464,160.45880126953125,0.03886130452156067,2.718378782272339,-,-,-,-,-
12,25856,5.625578880310059,3.617677927017212,177.58399963378906,0.04586457833647728,1.8619626760482788,-,-,-,-,-
12,25984,5.054962158203125,3.2139220237731934,157.17864990234375,0.04190748557448387,2.2734644412994385,-,-,-,-,-
12,26112,5.9397687911987305,3.8333864212036133,188.3858642578125,0.04773201420903206,1.7479157447814941,-,-,-,-,-
12,26130,3.0978500843048096,1.9263129234313965,93.4971694946289,0.0371217355132103,1.9944355487823486,5.2519025802612305,3.3602519035339355,164.834716796875,0.043014779686927795,2.0028812885284424
13,128,8.877718925476074,5.703813076019287,282.3143310546875,0.04655385762453079,3.0420830249786377,-,-,-,-,-
13,256,4.902335166931152,2.975160837173462,145.3946075439453,0.04727635905146599,4.259517192840576,-,-,-,-,-
13,384,6.295298099517822,4.106723785400391,202.63807678222656,0.04093967750668526,1.2125381231307983,-,-,-,-,-
13,512,4.142419338226318,2.4865291118621826,121.08333587646484,0.040966637432575226,4.040901184082031,-,-,-,-,-
13,640,4.592752933502197,2.8681702613830566,140.32571411132812,0.04292099177837372,2.7840449810028076,6.208719253540039,4.010004997253418,197.21212768554688,0.04248844087123871,1.8410439491271973
13,768,3.6774611473083496,2.3190808296203613,112.55191802978516,0.043993815779685974,1.8886724710464478,-,-,-,-,-
13,896,5.3740739822387695,3.406574249267578,167.05276489257812,0.044027552008628845,2.529449462890625,-,-,-,-,-
13,1024,6.9095916748046875,4.426819801330566,218.537841796875,0.04665715619921684,2.5073654651641846,-,-,-,-,-
13,1152,7.004297733306885,4.297634601593018,211.31741333007812,0.04766986519098282,5.458192348480225,-,-,-,-,-
13,1280,5.730382442474365,3.5880916118621826,176.13389587402344,0.048282261937856674,3.3266987800598145,6.2831034660339355,4.06265115737915,199.80340576171875,0.045246850699186325,1.7717117071151733
13,1408,4.95003604888916,3.1480374336242676,154.08111572265625,0.045731596648693085,2.1545586585998535,-,-,-,-,-
13,1536,3.850267171859741,2.334737539291382,113.41954803466797,0.03925878554582596,3.4207537174224854,-,-,-,-,-
13,1664,9.082172393798828,5.900735378265381,292.84967041015625,0.04037434980273247,2.1256561279296875,-,-,-,-,-
13,1792,5.380701065063477,3.208357095718384,157.3253631591797,0.04575774818658829,5.533327579498291,-,-,-,-,-
13,1920,4.927267074584961,3.110685110092163,152.55990600585938,0.041998233646154404,2.4898486137390137,7.433113098144531,4.551334381103516,224.5169219970703,0.04897143319249153,5.876377105712891
13,2048,5.236058235168457,3.177912473678589,155.66055297851562,0.04453261196613312,4.570075511932373,-,-,-,-,-
13,2176,4.533178806304932,2.6436197757720947,129.1085662841797,0.044869113713502884,5.536044120788574,-,-,-,-,-
13,2304,6.008789539337158,3.8441274166107178,188.6795654296875,0.04907437413930893,2.2879221439361572,-,-,-,-,-
13,2432,7.881333827972412,4.661900043487549,230.29722595214844,0.04551833122968674,8.709430694580078,-,-,-,-,-
13,2560,4.570352077484131,2.7659590244293213,135.0105743408203,0.04001416638493538,4.142727851867676,3.621479034423828,2.2876265048980713,111.26685333251953,0.03711293265223503,1.8407113552093506
13,2688,8.926377296447754,5.6692681312561035,280.48675537109375,0.04591066762804985,4.063310146331787,-,-,-,-,-
13,2816,6.721768379211426,3.8009085655212402,186.9882049560547,0.04303876683115959,10.079389572143555,-,-,-,-,-
13,2944,4.171219825744629,2.671023368835449,130.56704711914062,0.038234155625104904,1.562919020652771,-,-,-,-,-
13,3072,9.328872680664062,5.772375583648682,286.3956604003906,0.04805254191160202,6.444879055023193,-,-,-,-,-
13,3200,6.823143482208252,4.373099327087402,215.55104064941406,0.04405108466744423,2.5048272609710693,5.412935256958008,3.350944757461548,164.58782958984375,0.0429622083902359,3.731498956680298
13,3328,11.532211303710938,7.445193290710449,370.3963623046875,0.04534874111413956,3.377058267593384,-,-,-,-,-
13,3456,5.718463897705078,3.6417267322540283,179.0535430908203,0.043504565954208374,2.4269659519195557,-,-,-,-,-
13,3584,4.403798580169678,2.7582099437713623,134.78468322753906,0.042817991226911545,2.549238920211792,-,-,-,-,-
13,3712,5.1894330978393555,3.1811909675598145,155.90716552734375,0.04319479689002037,4.059760570526123,-,-,-,-,-
13,3840,6.582021236419678,4.263118743896484,209.97097778320312,0.04641961306333542,1.72773277759552,5.5367279052734375,3.308710813522339,162.23104858398438,0.047015029937028885,5.586913108825684
13,3968,4.67792272567749,2.7726893424987793,135.5552520751953,0.04084927588701248,5.088320255279541,-,-,-,-,-
13,4096,5.397053241729736,3.3978915214538574,166.8554229736328,0.04254772514104843,2.880596876144409,-,-,-,-,-
13,4224,8.28831958770752,5.251697063446045,259.4636535644531,0.048520591109991074,3.9346542358398438,-,-,-,-,-
13,4352,6.614091873168945,3.624737501144409,178.15284729003906,0.04655177891254425,11.612741470336914,-,-,-,-,-
13,4480,5.828081130981445,3.659240484237671,179.8870391845703,0.046021468937397,3.239487648010254,5.986309051513672,3.540827751159668,174.12811279296875,0.04342673346400261,6.6077375411987305
13,4608,5.740306854248047,3.443854808807373,169.3282928466797,0.04219462350010872,5.609743595123291,-,-,-,-,-
13,4736,4.930910587310791,2.9567933082580566,144.75717163085938,0.04385669529438019,4.826887130737305,-,-,-,-,-
13,4864,3.899473190307617,2.4337973594665527,118.31805419921875,0.042565714567899704,2.3992936611175537,-,-,-,-,-
13,4992,8.959385871887207,5.528117656707764,273.9386901855469,0.05078010633587837,6.411005020141602,-,-,-,-,-
13,5120,4.905993461608887,3.0797641277313232,150.727783203125,0.04399918019771576,2.749523639678955,4.449216842651367,2.776878833770752,135.73289489746094,0.04057275876402855,2.744363784790039
13,5248,3.909877061843872,2.4712913036346436,120.6986083984375,0.03473180532455444,1.9686775207519531,-,-,-,-,-
13,5376,6.770373821258545,4.396316051483154,217.42115783691406,0.038697123527526855,1.6114912033081055,-,-,-,-,-
13,5504,5.819655895233154,3.6927738189697266,181.45599365234375,0.04391232132911682,2.684098482131958,-,-,-,-,-
13,5632,3.9621424674987793,2.5347063541412354,123.7093276977539,0.04118872433900833,1.4915412664413452,-,-,-,-,-
13,5760,6.655608654022217,4.257898807525635,210.09523010253906,0.04301862046122551,2.5373899936676025,5.263162612915039,3.327942132949829,163.2787322998047,0.04411660507321358,2.5831642150878906
13,5888,4.061065196990967,2.6015729904174805,126.7071533203125,0.040712323039770126,1.5170835256576538,-,-,-,-,-
13,6016,6.79383659362793,4.192667484283447,206.5638427734375,0.049029089510440826,4.865019798278809,-,-,-,-,-
13,6144,5.147284984588623,3.0782346725463867,150.88558959960938,0.04301615431904793,5.171785831451416,-,-,-,-,-
13,6272,7.408313274383545,4.715489387512207,233.041015625,0.042232681065797806,3.201815128326416,-,-,-,-,-
13,6400,5.294876575469971,2.923475742340088,143.18055725097656,0.045523565262556076,8.940717697143555,5.381478309631348,3.4560940265655518,169.57504272460938,0.04394655302166939,1.8568719625473022
13,6528,6.711050987243652,4.278994083404541,211.1666259765625,0.047900211066007614,2.724903106689453,-,-,-,-,-
13,6656,6.554448127746582,3.863953113555908,190.0089874267578,0.046543244272470474,7.438619136810303,-,-,-,-,-
13,6784,5.892722129821777,3.1981449127197266,156.87820434570312,0.0443735234439373,10.81421947479248,-,-,-,-,-
13,6912,5.698650360107422,3.6491432189941406,179.61428833007812,0.04073585197329521,2.1262896060943604,-,-,-,-,-
13,7040,6.453347206115723,3.4274368286132812,167.53573608398438,0.04923716560006142,13.01315975189209,8.78131103515625,5.421337604522705,268.359619140625,0.04316318780183792,6.332141399383545
13,7168,4.4957966804504395,2.572171211242676,125.53123474121094,0.043802738189697266,6.245103359222412,-,-,-,-,-
13,7296,6.401263236999512,4.027966499328613,197.89305114746094,0.05369451269507408,3.40671706199646,-,-,-,-,-
13,7424,5.999982833862305,3.2322030067443848,158.43472290039062,0.04200099781155586,11.41431999206543,-,-,-,-,-
13,7552,4.994054317474365,3.2197623252868652,158.13711547851562,0.04375948756933212,1.4916185140609741,-,-,-,-,-
13,7680,5.96112060546875,3.262110948562622,160.1455841064453,0.04305032640695572,10.545034408569336,4.370081901550293,2.619853973388672,127.77098083496094,0.042423538863658905,4.300946235656738
13,7808,4.945715427398682,2.9880621433258057,146.25209045410156,0.043116942048072815,4.520155429840088,-,-,-,-,-
13,7936,5.332840442657471,3.1405510902404785,153.97256469726562,0.04338632896542549,6.091769218444824,-,-,-,-,-
13,8064,6.650101184844971,3.580360174179077,175.5469970703125,0.04780490696430206,12.664661407470703,-,-,-,-,-
13,8192,7.700705051422119,4.734787464141846,234.14903259277344,0.03995577618479729,5.8447160720825195,-,-,-,-,-
13,8320,5.046235084533691,2.9410126209259033,143.80450439453125,0.044784627854824066,6.22392463684082,4.579604148864746,2.4948482513427734,121.12997436523438,0.04473274573683739,8.287235260009766
13,8448,7.263336181640625,4.406215190887451,217.12290954589844,0.043429382145404816,6.424629211425781,-,-,-,-,-
13,8576,5.627824783325195,3.3985557556152344,166.75050354003906,0.04741912707686424,5.143448352813721,-,-,-,-,-
13,8704,6.500051021575928,3.5428366661071777,174.06532287597656,0.046922843903303146,11.69638442993164,-,-,-,-,-
13,8832,6.93865966796875,4.368710041046143,215.30747985839844,0.047035250812768936,3.6983978748321533,-,-,-,-,-
13,8960,5.713103771209717,3.3511738777160645,164.31283569335938,0.04670804366469383,6.720934867858887,7.129922389984131,4.059471130371094,199.4949951171875,0.05187782645225525,10.236234664916992
13,9088,7.447956562042236,4.34616231918335,214.00621032714844,0.04989263787865639,9.118401527404785,-,-,-,-,-
13,9216,6.348058223724365,4.054759979248047,200.18055725097656,0.04113265499472618,2.503602981567383,-,-,-,-,-
13,9344,4.1800217628479,2.4892046451568604,121.55621337890625,0.03893939033150673,4.363154411315918,-,-,-,-,-
13,9472,4.7544426918029785,3.0321733951568604,148.60028076171875,0.03828935697674751,1.9797688722610474,-,-,-,-,-
13,9600,4.014845371246338,2.4264512062072754,118.27452850341797,0.04088806360960007,3.6476075649261475,5.124842166900635,3.261007785797119,160.0166015625,0.03923851251602173,2.2442991733551025
13,9728,4.176272869110107,2.6747336387634277,130.8759765625,0.03802376613020897,1.547558069229126,-,-,-,-,-
13,9856,6.142763137817383,3.7144980430603027,182.8163299560547,0.04397148638963699,5.561305522918701,-,-,-,-,-
13,9984,6.160747051239014,3.7087059020996094,181.9721221923828,0.048135049641132355,5.8418450355529785,-,-,-,-,-
13,10112,3.9805715084075928,2.508265972137451,122.2332763671875,0.04214995354413986,2.078228235244751,-,-,-,-,-
13,10240,4.946660995483398,3.035475015640259,148.53981018066406,0.04251835122704506,3.8326964378356934,5.410970687866211,3.3535776138305664,164.6621551513672,0.044049981981515884,3.667212963104248
13,10368,3.8169126510620117,2.362588405609131,115.18557739257812,0.04061151668429375,2.6185696125030518,-,-,-,-,-
13,10496,6.250618934631348,3.786597728729248,186.0736541748047,0.04574354365468025,5.575411796569824,-,-,-,-,-
13,10624,7.869129180908203,5.096443176269531,252.1307373046875,0.03826627880334854,2.1311302185058594,-,-,-,-,-
13,10752,7.8495402336120605,4.867895126342773,240.5236053466797,0.04669402167201042,5.297152519226074,-,-,-,-,-
13,10880,3.9268605709075928,2.3543407917022705,114.47576141357422,0.044660162180662155,3.8310227394104004,6.300721645355225,3.947622060775757,194.1045684814453,0.0506853386759758,3.613687515258789
13,11008,4.752381324768066,3.0003483295440674,146.98611450195312,0.04078328609466553,2.413881540298462,-,-,-,-,-
13,11136,6.911888122558594,4.303730487823486,212.2175750732422,0.04226285591721535,4.437190532684326,-,-,-,-,-
13,11264,6.8183183670043945,4.354657173156738,214.926025390625,0.042091548442840576,2.723092555999756,-,-,-,-,-
13,11392,5.679714679718018,3.3665976524353027,164.9803466796875,0.05020635947585106,6.131072044372559,-,-,-,-,-
13,11520,5.187838554382324,2.8864212036132812,140.8401641845703,0.04691990837454796,8.460959434509277,5.512473106384277,3.566725254058838,175.6628875732422,0.03733573481440544,1.5178298950195312
13,11648,10.520608901977539,6.8039445877075195,338.2298278808594,0.04696119204163551,2.8740503787994385,-,-,-,-,-
13,11776,6.5981645584106445,4.06497049331665,200.69180297851562,0.0443178154528141,4.819584369659424,-,-,-,-,-
13,11904,8.373760223388672,5.3891825675964355,266.60845947265625,0.04964413866400719,2.6884851455688477,-,-,-,-,-
13,12032,6.540098667144775,3.970175266265869,195.162841796875,0.04484822601079941,5.734466075897217,-,-,-,-,-
13,12160,4.168334484100342,2.60312819480896,126.79228973388672,0.039813220500946045,2.5747029781341553,6.078485488891602,3.7806308269500732,186.12991333007812,0.04207553341984749,3.94480299949646
13,12288,4.6055192947387695,2.8193557262420654,137.83932495117188,0.038565635681152344,3.6920464038848877,-,-,-,-,-
13,12416,5.622776985168457,3.5095081329345703,172.3727264404297,0.046574484556913376,3.4296715259552,-,-,-,-,-
13,12544,7.930028438568115,5.002450942993164,247.02584838867188,0.048541389405727386,4.087772846221924,-,-,-,-,-
13,12672,7.858739376068115,4.727316379547119,233.24050903320312,0.04627691209316254,7.527409553527832,-,-,-,-,-
13,12800,4.314545154571533,2.655365228652954,129.72476196289062,0.04070553928613663,3.212268352508545,5.02316951751709,3.1254656314849854,152.8083953857422,0.04258148744702339,3.2703804969787598
13,12928,4.808638572692871,2.9661293029785156,144.8136444091797,0.042692266404628754,3.516808032989502,-,-,-,-,-
13,13056,5.517748832702637,3.3634650707244873,165.33001708984375,0.041359856724739075,4.596238136291504,-,-,-,-,-
13,13184,9.377276420593262,6.065035343170166,300.5775451660156,0.0434083491563797,2.6305768489837646,-,-,-,-,-
13,13312,4.537374973297119,2.4722421169281006,119.99783325195312,0.04216613993048668,8.229881286621094,-,-,-,-,-
13,13440,8.49421501159668,5.464582443237305,271.0035705566406,0.04436224326491356,2.752354145050049,5.254781246185303,3.0910534858703613,151.0269012451172,0.04678400233387947,6.066749572753906
13,13568,6.35152006149292,3.6841511726379395,180.8974151611328,0.05067475512623787,8.07719898223877,-,-,-,-,-
13,13696,4.594748497009277,2.312285900115967,112.28485107421875,0.04386856406927109,11.157452583312988,-,-,-,-,-
13,13824,7.720045566558838,4.800338268280029,237.0813446044922,0.0460217222571373,5.0287184715271,-,-,-,-,-
13,13952,7.337872505187988,3.5095937252044678,172.12437438964844,0.04818494990468025,20.5885009765625,-,-,-,-,-
13,14080,7.931029319763184,5.152856826782227,255.02859497070312,0.04347044974565506,1.844161868095398,5.529296398162842,2.544600009918213,124.04415130615234,0.03906475752592087,17.051902770996094
13,14208,7.210220813751221,3.57112455368042,175.59034729003906,0.041116971522569656,18.420751571655273,-,-,-,-,-
13,14336,4.711798191070557,2.7596113681793213,134.60047912597656,0.0474163293838501,5.5876569747924805,-,-,-,-,-
13,14464,6.384669780731201,3.3273985385894775,162.9162139892578,0.0451604425907135,13.829489707946777,-,-,-,-,-
13,14592,4.657838344573975,2.2676844596862793,110.22775268554688,0.043059445917606354,12.448171615600586,-,-,-,-,-
13,14720,4.921137809753418,2.385106325149536,116.25614929199219,0.04293264076113701,13.30537223815918,7.429859161376953,3.833688974380493,188.90655517578125,0.04730569198727608,16.597990036010742
13,14848,8.13898754119873,4.041341781616211,198.75161743164062,0.04970788583159447,20.604217529296875,-,-,-,-,-
13,14976,6.042113780975342,3.856659173965454,190.00352478027344,0.04457433521747589,2.408450126647949,-,-,-,-,-
13,15104,7.172921657562256,3.6312220096588135,178.44357299804688,0.048964012414216995,17.08299446105957,-,-,-,-,-
13,15232,4.880402088165283,2.309875249862671,112.14440155029297,0.040225788950920105,14.08857250213623,-,-,-,-,-
13,15360,6.476454734802246,3.5328588485717773,173.63558959960938,0.0415470227599144,11.656929969787598,7.393265724182129,3.6581132411956787,179.51339721679688,0.047331590205430984,18.926870346069336
13,15488,7.23352575302124,3.485478401184082,170.84109497070312,0.042729973793029785,19.96906852722168,-,-,-,-,-
13,15616,6.361056804656982,3.945141077041626,194.23858642578125,0.04732266813516617,4.262069225311279,-,-,-,-,-
13,15744,5.950088024139404,3.084089994430542,151.20689392089844,0.0458204559981823,13.08108901977539,-,-,-,-,-
13,15872,5.924187660217285,3.628859043121338,178.5083770751953,0.044864408671855927,4.653807640075684,-,-,-,-,-
13,16000,7.746055603027344,4.245314598083496,209.10699462890625,0.04678608104586601,13.628846168518066,5.518043041229248,3.3707616329193115,165.47979736328125,0.042950961738824844,4.495323181152344
13,16128,4.862270355224609,2.806076765060425,136.8345184326172,0.044220931828022,6.436275959014893,-,-,-,-,-
13,16256,5.095273971557617,3.0741922855377197,150.84075927734375,0.041097722947597504,4.715767860412598,-,-,-,-,-
13,16384,6.940523624420166,3.9007506370544434,191.57421875,0.047939103096723557,10.760910987854004,-,-,-,-,-
13,16512,6.90729284286499,3.315786361694336,162.4978485107422,0.042228251695632935,19.242996215820312,-,-,-,-,-
13,16640,5.7216901779174805,3.452064037322998,170.0946044921875,0.04031187668442726,5.283687114715576,5.1062912940979,2.3052241802215576,112.11981201171875,0.04575807973742485,16.34111213684082
13,16768,6.534141540527344,3.348386764526367,164.62652587890625,0.04459366947412491,14.948960304260254,-,-,-,-,-
13,16896,4.794984340667725,2.975029706954956,145.95098876953125,0.04298969358205795,3.1745471954345703,-,-,-,-,-
13,17024,5.815467357635498,3.011154890060425,147.47093200683594,0.04065021872520447,12.889527320861816,-,-,-,-,-
13,17152,6.06881046295166,3.6923067569732666,181.18959045410156,0.04304002597928047,5.215680122375488,-,-,-,-,-
13,17280,5.1789398193359375,2.777134418487549,135.58287048339844,0.038658443838357925,10.07318115234375,3.9426238536834717,2.389944314956665,115.93114471435547,0.04470781236886978,3.486603021621704
13,17408,6.961269855499268,4.411045551300049,217.6324462890625,0.04179796576499939,3.321018695831299,-,-,-,-,-
13,17536,6.25419807434082,3.4213809967041016,168.26756286621094,0.04311555251479149,11.070259094238281,-,-,-,-,-
13,17664,3.7615749835968018,2.4074547290802,117.57356262207031,0.03856005519628525,1.3982431888580322,-,-,-,-,-
13,17792,4.75482702255249,2.566213369369507,124.93839263916016,0.044739071279764175,8.944906234741211,-,-,-,-,-
13,17920,8.006756782531738,5.080564498901367,251.35995483398438,0.04579167068004608,3.668015480041504,7.309256553649902,4.36348295211792,215.2373809814453,0.041282735764980316,7.521169662475586
13,18048,5.925001621246338,3.5577614307403564,174.65127563476562,0.042657408863306046,5.780703544616699,-,-,-,-,-
13,18176,5.820868968963623,3.6248550415039062,178.0142059326172,0.04038779065012932,3.7548434734344482,-,-,-,-,-
13,18304,4.950076580047607,3.1132278442382812,152.45367431640625,0.03770658001303673,2.7460596561431885,-,-,-,-,-
13,18432,6.476983547210693,4.088378429412842,201.76693725585938,0.04367338493466377,3.2726240158081055,-,-,-,-,-
13,18560,4.889919757843018,2.9851901531219482,145.9180145263672,0.04895956441760063,3.965899705886841,9.62109375,6.00585412979126,297.8293151855469,0.05189795047044754,5.850482940673828
13,18688,5.890069007873535,3.5988547801971436,176.8147430419922,0.047080960124731064,4.759860515594482,-,-,-,-,-
13,18816,3.7131478786468506,2.3427677154541016,114.16710662841797,0.03945692256093025,1.892520785331726,-,-,-,-,-
13,18944,4.051272869110107,2.4653749465942383,120.17935943603516,0.04234756529331207,3.4175667762756348,-,-,-,-,-
13,19072,5.024694442749023,3.1869139671325684,156.2762451171875,0.04124489054083824,2.3377318382263184,-,-,-,-,-
13,19200,4.642573356628418,2.789778232574463,136.26133728027344,0.040543314069509506,4.496388912200928,5.915380477905273,3.758138418197632,185.11476135253906,0.036479055881500244,2.6961562633514404
13,19328,5.032983303070068,3.129021167755127,153.39288330078125,0.04253420606255531,3.2749886512756348,-,-,-,-,-
13,19456,4.7267255783081055,2.890430212020874,141.4263458251953,0.04214101284742355,3.7989084720611572,-,-,-,-,-
13,19584,3.831134557723999,2.332273244857788,113.6529769897461,0.04027555510401726,3.220560073852539,-,-,-,-,-
13,19712,5.898709774017334,3.4897427558898926,171.4638214111328,0.04841230437159538,6.459164619445801,-,-,-,-,-
13,19840,6.996716022491455,3.8573012351989746,189.45559692382812,0.04827754944562912,11.965811729431152,4.093592166900635,2.5765221118927,125.56684875488281,0.0485098734498024,2.1289169788360596
13,19968,5.619208812713623,3.654193878173828,179.9988250732422,0.04303392022848129,1.2199275493621826,-,-,-,-,-
13,20096,5.926712512969971,3.2531380653381348,159.50709533691406,0.046680983155965805,10.318227767944336,-,-,-,-,-
13,20224,5.91483211517334,3.6758499145507812,180.81887817382812,0.04279817268252373,3.879950761795044,-,-,-,-,-
13,20352,5.93369722366333,3.4616920948028564,170.0352783203125,0.04755517095327377,7.240973472595215,-,-,-,-,-
13,20480,5.016777992248535,2.8557915687561035,139.3056182861328,0.0473896823823452,7.205407619476318,8.208905220031738,5.1748504638671875,256.0539855957031,0.04816560074687004,4.25349235534668
13,20608,4.348369598388672,2.705777406692505,132.08424377441406,0.04510239139199257,2.7664692401885986,-,-,-,-,-
13,20736,3.7053911685943604,2.1361894607543945,103.65127563476562,0.04080377146601677,4.91885232925415,-,-,-,-,-
13,20864,3.998818874359131,2.496777057647705,121.512451171875,0.03902352601289749,2.4789347648620605,-,-,-,-,-
13,20992,3.88665771484375,2.293137788772583,111.69264221191406,0.03810174763202667,4.384919166564941,-,-,-,-,-
13,21120,5.652149677276611,3.567629098892212,175.20675659179688,0.04349550977349281,2.889573812484741,7.417649745941162,4.609736442565918,227.46759033203125,0.045216914266347885,4.880204677581787
13,21248,8.744892120361328,5.4041948318481445,267.4064025878906,0.04616743326187134,6.204659938812256,-,-,-,-,-
13,21376,4.105838775634766,2.614428758621216,127.5950927734375,0.04344923421740532,1.720100998878479,-,-,-,-,-
13,21504,5.108433723449707,3.0976274013519287,151.79583740234375,0.04548538103699684,4.4736247062683105,-,-,-,-,-
13,21632,6.006775856018066,3.6874163150787354,181.35459899902344,0.04856041073799133,4.572531700134277,-,-,-,-,-
13,21760,4.206143379211426,2.6299943923950195,128.45159912109375,0.04434344545006752,2.472897529602051,4.134605407714844,2.5138437747955322,122.33755493164062,0.04676182195544243,3.5062415599823
13,21888,4.815324783325195,3.06411075592041,150.4879608154297,0.036828573793172836,2.095059633255005,-,-,-,-,-
13,22016,8.035173416137695,5.1499199867248535,255.1709442138672,0.04516243934631348,2.8838119506835938,-,-,-,-,-
13,22144,5.128753662109375,3.217968463897705,158.09823608398438,0.042651742696762085,2.8715152740478516,-,-,-,-,-
13,22272,3.6100575923919678,2.291537046432495,111.74169921875,0.036097053438425064,1.6500649452209473,-,-,-,-,-
13,22400,5.629810333251953,3.5044777393341064,172.14230346679688,0.04710322618484497,3.568060874938965,7.021121978759766,4.521064281463623,223.0500946044922,0.0457032173871994,2.2385380268096924
13,22528,4.009814262390137,2.5566225051879883,124.68512725830078,0.04124462231993675,1.6509628295898438,-,-,-,-,-
13,22656,5.4609479904174805,3.4779539108276367,170.78948974609375,0.04303979128599167,2.3205924034118652,-,-,-,-,-
13,22784,6.057872295379639,3.8498713970184326,189.29727172851562,0.045056331902742386,2.6997179985046387,-,-,-,-,-
13,22912,4.469236373901367,2.823391914367676,138.29336547851562,0.0448647178709507,2.180459976196289,-,-,-,-,-
13,23040,5.450250625610352,3.54689359664917,174.4112091064453,0.04125439003109932,1.1799064874649048,4.568761348724365,2.894078493118286,141.6581268310547,0.042886003851890564,2.1521570682525635
13,23168,4.208069801330566,2.6659157276153564,130.26536560058594,0.039876244962215424,1.996242642402649,-,-,-,-,-
13,23296,4.7724761962890625,3.011568784713745,147.70236206054688,0.04354015737771988,2.403438091278076,-,-,-,-,-
13,23424,5.583184719085693,3.5647809505462646,174.98231506347656,0.042318519204854965,2.2626240253448486,-,-,-,-,-
13,23552,5.490735054016113,3.5901827812194824,176.7286376953125,0.039735328406095505,0.9353072643280029,-,-,-,-,-
13,23680,3.6492557525634766,2.346775531768799,114.74231719970703,0.03789262846112251,1.1716428995132446,5.626354217529297,3.61679744720459,178.01873779296875,0.043594516813755035,1.857749342918396
13,23808,5.0807881355285645,3.2654690742492676,159.8306121826172,0.04805964231491089,1.689536452293396,-,-,-,-,-
13,23936,6.451272964477539,4.153510570526123,204.76075744628906,0.044853609055280685,2.053013324737549,-,-,-,-,-
13,24064,6.5690178871154785,4.24806547164917,209.7923126220703,0.04519147425889969,1.778384804725647,-,-,-,-,-
13,24192,4.5893940925598145,2.892045259475708,141.6350860595703,0.04213915765285492,2.388585090637207,-,-,-,-,-
13,24320,5.270885467529297,3.391188621520996,166.5494384765625,0.04349947348237038,1.7070300579071045,7.021098613739014,4.412749767303467,217.93263244628906,0.04511827975511551,3.839038133621216
13,24448,3.8962910175323486,2.4304628372192383,118.63485717773438,0.04064249247312546,2.3883724212646484,-,-,-,-,-
13,24576,4.881411075592041,3.069153308868408,150.20748901367188,0.04347894340753555,2.667039394378662,-,-,-,-,-
13,24704,5.156607151031494,3.109560489654541,152.38192749023438,0.042003050446510315,4.812238693237305,-,-,-,-,-
13,24832,4.577449798583984,2.926896333694458,143.03941345214844,0.04518210142850876,1.7497730255126953,-,-,-,-,-
13,24960,4.347620487213135,2.6241445541381836,128.06956481933594,0.04087170213460922,4.019087314605713,7.968487739562988,5.133318901062012,254.2904815673828,0.044792015105485916,2.474717140197754
13,25088,7.126197338104248,4.577357769012451,226.05514526367188,0.04577735811471939,2.425107717514038,-,-,-,-,-
13,25216,5.20587682723999,3.1289796829223633,153.43162536621094,0.041915494948625565,5.00665807723999,-,-,-,-,-
13,25344,4.259453296661377,2.703824520111084,132.28323364257812,0.03838236629962921,1.9441348314285278,-,-,-,-,-
13,25472,4.740805625915527,2.9102587699890137,142.2106475830078,0.044267620891332626,3.641730308532715,-,-,-,-,-
13,25600,4.190220355987549,2.687471389770508,131.4027099609375,0.041922736912965775,1.4679933786392212,8.883295059204102,5.725620746612549,284.10516357421875,0.046002645045518875,2.7062063217163086
13,25728,4.475525379180908,2.7995448112487793,136.68905639648438,0.0482373870909214,2.6085269451141357,-,-,-,-,-
13,25856,4.647487163543701,3.0151524543762207,148.02755737304688,0.041414447128772736,1.1064475774765015,-,-,-,-,-
13,25984,5.784308910369873,3.679826498031616,181.0486297607422,0.0435621403157711,2.504342555999756,-,-,-,-,-
13,26112,5.415517330169678,3.4624006748199463,170.23751831054688,0.04210280999541283,2.08638596534729,-,-,-,-,-
13,26130,2.6144509315490723,1.6027772426605225,77.46998596191406,0.03802856430411339,1.9894534349441528,5.431737422943115,3.3445467948913574,164.33505249023438,0.04099868983030319,4.028417587280273
14,128,5.590641021728516,3.3783864974975586,165.8213348388672,0.04158657416701317,5.124548435211182,-,-,-,-,-
14,256,4.637787818908691,2.9766101837158203,146.2016143798828,0.03653592988848686,1.6262571811676025,-,-,-,-,-
14,384,4.797698974609375,2.9684336185455322,145.5067596435547,0.04212138056755066,3.3207643032073975,-,-,-,-,-
14,512,4.084114074707031,2.626819372177124,128.56280517578125,0.03607621788978577,1.3559025526046753,-,-,-,-,-
14,640,4.638801574707031,2.9312686920166016,143.91543579101562,0.039733439683914185,2.2864513397216797,4.828858852386475,3.0606791973114014,149.83058166503906,0.04490022361278534,2.249735116958618
14,768,9.363314628601074,6.046174049377441,300.0385437011719,0.04826914519071579,2.684863328933716,-,-,-,-,-
14,896,5.3376851081848145,3.2951669692993164,161.63037109375,0.04503641277551651,3.811784029006958,-,-,-,-,-
14,1024,3.7682158946990967,2.4176106452941895,117.97374725341797,0.037711285054683685,1.3315632343292236,-,-,-,-,-
14,1152,4.441676616668701,2.716968297958374,132.33419799804688,0.04467514902353287,3.5669093132019043,-,-,-,-,-
14,1280,4.072961807250977,2.5921988487243652,126.48936462402344,0.03998039662837982,1.758892297744751,5.822028160095215,3.741344451904297,183.78981018066406,0.04182212054729462,2.0096347332000732
14,1408,5.328768730163574,3.3754379749298096,165.86473083496094,0.041138991713523865,2.535444736480713,-,-,-,-,-
14,1536,2.8692240715026855,1.8150889873504639,87.82279205322266,0.037848349660634995,1.380588173866272,-,-,-,-,-
14,1664,4.2451605796813965,2.611757755279541,127.60655212402344,0.04099490866065025,3.1634268760681152,-,-,-,-,-
14,1792,4.714096546173096,2.937295436859131,143.86941528320312,0.043820593506097794,2.942868947982788,-,-,-,-,-
14,1920,3.598639726638794,2.284832715988159,111.194580078125,0.03925749659538269,1.6260358095169067,6.195686340332031,3.9144461154937744,192.7192840576172,0.04191860556602478,3.1212852001190186
14,2048,5.100732326507568,3.2706780433654785,160.32347106933594,0.043805938214063644,1.8301331996917725,-,-,-,-,-
14,2176,10.324464797973633,6.674391746520996,331.6153869628906,0.04768611863255501,2.862332344055176,-,-,-,-,-
14,2304,5.755822658538818,3.59639310836792,176.7388153076172,0.04325303062796593,3.4878859519958496,-,-,-,-,-
14,2432,4.29960823059082,2.756938934326172,134.83799743652344,0.041535358875989914,1.527538776397705,-,-,-,-,-
14,2560,5.092346668243408,3.2154390811920166,157.8697052001953,0.042791277170181274,2.5541937351226807,4.166151523590088,2.6606640815734863,130.01243591308594,0.044303420931100845,1.6106003522872925
14,2688,3.603163242340088,2.3374757766723633,114.04415130615234,0.038812775164842606,0.8643311262130737,-,-,-,-,-
14,2816,4.615812301635742,2.947239875793457,144.29930114746094,0.040507663041353226,1.850714921951294,-,-,-,-,-
14,2944,6.679226875305176,4.272340774536133,210.47216796875,0.05112436041235924,2.5104012489318848,-,-,-,-,-
14,3072,4.119348049163818,2.62011456489563,127.83589935302734,0.03980439901351929,1.810699224472046,-,-,-,-,-
14,3200,6.354532718658447,4.123456954956055,203.2139129638672,0.04286782070994377,1.5606937408447266,3.5702314376831055,2.2444047927856445,108.9839096069336,0.04097731038928032,1.950104832649231
14,3328,5.556110858917236,3.5902822017669678,176.7156524658203,0.03646281734108925,1.622097373008728,-,-,-,-,-
14,3456,4.052846431732178,2.580320358276367,125.83184814453125,0.04204453155398369,1.7216299772262573,-,-,-,-,-
14,3584,5.652548313140869,3.572432518005371,175.5448760986328,0.047371286898851395,2.7729573249816895,-,-,-,-,-
14,3712,5.417878150939941,3.5079338550567627,172.639404296875,0.044927261769771576,1.3862308263778687,-,-,-,-,-
14,3840,4.39955472946167,2.8228070735931396,138.2286834716797,0.03995432332158089,1.5450657606124878,6.5377516746521,4.269442081451416,210.76414489746094,0.04369846358895302,1.16969633102417
14,3968,4.614224433898926,2.9869463443756104,146.4119415283203,0.04407461732625961,1.1908384561538696,-,-,-,-,-
14,4096,3.9138026237487793,2.5010857582092285,122.19929504394531,0.03867782652378082,1.5204607248306274,-,-,-,-,-
14,4224,4.7953948974609375,3.0624144077301025,150.0553436279297,0.04494209587574005,1.8748525381088257,-,-,-,-,-
14,4352,3.5418827533721924,2.2386281490325928,108.80448150634766,0.03933226689696312,1.7587757110595703,-,-,-,-,-
14,4480,4.056394100189209,2.617307186126709,127.7555923461914,0.041727785021066666,1.1980310678482056,5.9352707862854,3.819558620452881,187.9068145751953,0.04212973639369011,1.94514799118042
14,4608,4.1846137046813965,2.661482095718384,129.46853637695312,0.044696494936943054,1.8374990224838257,-,-,-,-,-
14,4736,3.7697484493255615,2.4302711486816406,118.2405776977539,0.043095994740724564,1.1397548913955688,-,-,-,-,-
14,4864,4.877304553985596,3.1431615352630615,154.23760986328125,0.042441319674253464,1.493259310722351,-,-,-,-,-
14,4992,4.234335422515869,2.7472174167633057,134.6106719970703,0.03982243686914444,1.0118879079818726,-,-,-,-,-
14,5120,5.143459320068359,3.360578775405884,165.34510803222656,0.04025983810424805,0.8916962742805481,7.581144332885742,4.963894367218018,245.53810119628906,0.045277874916791916,1.16591215133667
14,5248,7.105179309844971,4.6191301345825195,228.16131591796875,0.04773271083831787,1.5670322179794312,-,-,-,-,-
14,5376,6.007906436920166,3.8751213550567627,190.41159057617188,0.049171388149261475,1.7949763536453247,-,-,-,-,-
14,5504,8.101031303405762,5.286279678344727,261.720703125,0.044036492705345154,1.535081148147583,-,-,-,-,-
14,5632,5.342798709869385,3.461580514907837,169.67311096191406,0.04402169957756996,1.4046543836593628,-,-,-,-,-
14,5760,4.256544589996338,2.7614264488220215,134.92333984375,0.03933638334274292,1.0654882192611694,4.430761814117432,2.8760762214660645,140.83090209960938,0.0409407839179039,1.054356575012207
14,5888,4.0495710372924805,2.600048542022705,126.97911071777344,0.040658704936504364,1.39072847366333,-,-,-,-,-
14,6016,5.493900299072266,3.5721800327301025,175.73361206054688,0.0442497581243515,1.2013452053070068,-,-,-,-,-
14,6144,7.991293907165527,5.222286701202393,258.6329040527344,0.04739869385957718,1.3527954816818237,-,-,-,-,-
14,6272,4.166726112365723,2.6771278381347656,130.69595336914062,0.04519964009523392,1.3743864297866821,-,-,-,-,-
14,6400,4.9236578941345215,3.187917470932007,156.4437255859375,0.043187063187360764,1.2811610698699951,6.533884048461914,4.240018844604492,209.058837890625,0.046461187303066254,1.5681558847427368
14,6528,5.242056846618652,3.404564142227173,166.78819274902344,0.04175717383623123,1.2785370349884033,-,-,-,-,-
14,6656,3.9205234050750732,2.5505025386810303,124.52650451660156,0.03806496411561966,0.8669079542160034,-,-,-,-,-
14,6784,3.8047173023223877,2.4665400981903076,120.34902954101562,0.03930547460913658,0.9538156390190125,-,-,-,-,-
14,6912,6.636193752288818,4.259118556976318,209.44252014160156,0.04820789396762848,2.344423770904541,-,-,-,-,-
14,7040,11.381843566894531,7.312199115753174,363.2879943847656,0.045875370502471924,3.908895492553711,5.964240550994873,3.8249752521514893,188.42222595214844,0.044423628598451614,2.1061925888061523
14,7168,4.838155746459961,3.1405885219573975,154.2763214111328,0.039479147642850876,1.1532483100891113,-,-,-,-,-
14,7296,5.045636177062988,3.090073823928833,150.9613800048828,0.04970134049654007,3.9624760150909424,-,-,-,-,-
14,7424,4.908278942108154,2.9509806632995605,144.56983947753906,0.04084840044379234,4.70751953125,-,-,-,-,-
14,7552,5.415289878845215,3.477996349334717,170.9589385986328,0.04139004275202751,1.8631415367126465,-,-,-,-,-
14,7680,4.7042646408081055,2.7839670181274414,136.1124725341797,0.039088260382413864,5.200841903686523,4.3448991775512695,2.8075058460235596,137.33070373535156,0.04185500741004944,1.2223169803619385
14,7808,7.4246625900268555,4.8281168937683105,238.69131469726562,0.04944176226854324,1.6019082069396973,-,-,-,-,-
14,7936,7.094823837280273,4.297028541564941,212.1217803955078,0.04833987355232239,6.282379627227783,-,-,-,-,-
14,8064,6.903708457946777,4.375680446624756,216.17759704589844,0.04361777380108833,3.2263410091400146,-,-,-,-,-
14,8192,6.085933208465576,3.803579330444336,187.3072052001953,0.039411865174770355,3.6986985206604004,-,-,-,-,-
14,8320,4.443933486938477,2.696533679962158,131.59739685058594,0.044367097318172455,3.8705883026123047,6.331242084503174,4.02566385269165,197.82546997070312,0.04889555647969246,2.7842800617218018
14,8448,3.4679319858551025,2.196469783782959,106.7096176147461,0.03909049183130264,1.6527553796768188,-,-,-,-,-
14,8576,4.155372619628906,2.585083246231079,126.32967376708984,0.03965897858142853,2.673336982727051,-,-,-,-,-
14,8704,6.100608825683594,3.9294846057891846,193.5741729736328,0.04327813535928726,1.9210455417633057,-,-,-,-,-
14,8832,6.169256210327148,3.826101064682007,188.3236083984375,0.04577704891562462,4.141419887542725,-,-,-,-,-
14,8960,4.381985664367676,2.82774019241333,138.51756286621094,0.03892650082707405,1.3014312982559204,5.4741106033325195,3.4508023262023926,169.871826171875,0.03879057988524437,2.857997179031372
14,9088,5.310052394866943,3.345136880874634,164.58319091796875,0.03952527791261673,2.795583963394165,-,-,-,-,-
14,9216,4.5706000328063965,2.955371141433716,143.98785400390625,0.04074447974562645,1.3460642099380493,-,-,-,-,-
14,9344,5.1846022605896,3.22922945022583,158.05377197265625,0.04122183844447136,3.3361337184906006,-,-,-,-,-
14,9472,3.564085006713867,2.2750179767608643,110.12999725341797,0.03873765468597412,1.4902914762496948,-,-,-,-,-
14,9600,4.0191192626953125,2.5190649032592773,122.25032043457031,0.040655720978975296,2.3689558506011963,5.719509601593018,3.7021772861480713,181.94439697265625,0.04126955568790436,1.5661842823028564
14,9728,4.660356521606445,2.982996940612793,145.33644104003906,0.0446835458278656,1.7931166887283325,-,-,-,-,-
14,9856,3.9950475692749023,2.5321404933929443,122.89595794677734,0.04330400377511978,1.9064359664916992,-,-,-,-,-
14,9984,4.558753967285156,2.955195665359497,144.48912048339844,0.04236619174480438,1.1630111932754517,-,-,-,-,-
14,10112,5.976012706756592,3.8266565799713135,188.22210693359375,0.044281408190727234,2.228534460067749,-,-,-,-,-
14,10240,6.295596599578857,4.0379180908203125,198.90585327148438,0.04692155495285988,2.2169837951660156,4.404346466064453,2.8533272743225098,139.65777587890625,0.04279373958706856,1.1164751052856445
14,10368,6.118581295013428,3.9342293739318848,193.7385711669922,0.044615279883146286,2.023510217666626,-,-,-,-,-
14,10496,5.417175769805908,3.388561248779297,166.29844665527344,0.04251750931143761,3.231123447418213,-,-,-,-,-
14,10624,6.611600875854492,4.290377616882324,212.0399932861328,0.038512714207172394,1.6231036186218262,-,-,-,-,-
14,10752,4.292445182800293,2.6849091053009033,130.91432189941406,0.0412205271422863,2.571720838546753,-,-,-,-,-
14,10880,5.213925361633301,3.3623046875,164.99293518066406,0.04293910413980484,1.5875226259231567,3.843140125274658,2.43308687210083,118.7454833984375,0.04066284000873566,1.8193570375442505
14,11008,4.65678596496582,2.948495388031006,144.17845153808594,0.04228517785668373,2.242213487625122,-,-,-,-,-
14,11136,5.085060119628906,3.244374990463257,159.2394561767578,0.04385772719979286,2.0443274974823,-,-,-,-,-
14,11264,5.468617916107178,3.4995572566986084,172.07603454589844,0.0432734489440918,2.0502662658691406,-,-,-,-,-
14,11392,4.768669128417969,3.047908306121826,149.19053649902344,0.04121329262852669,1.8764214515686035,-,-,-,-,-
14,11520,4.476288318634033,2.8493449687957764,139.19686889648438,0.046825192868709564,1.8814961910247803,3.9853975772857666,2.5148768424987793,122.72367095947266,0.039645951241254807,2.036381483078003
14,11648,5.302016735076904,3.3539645671844482,164.76881408691406,0.04477635398507118,2.555875539779663,-,-,-,-,-
14,11776,4.445728302001953,2.8759853839874268,140.80714416503906,0.04326161369681358,1.1841005086898804,-,-,-,-,-
14,11904,3.0368335247039795,1.9280061721801758,93.4593734741211,0.03791208565235138,1.3632159233093262,-,-,-,-,-
14,12032,4.819526195526123,3.06882905960083,150.40101623535156,0.04228845238685608,2.0439846515655518,-,-,-,-,-
14,12160,4.180643558502197,2.650080680847168,129.38497924804688,0.038762953132390976,1.9795001745224,7.663752555847168,4.972275733947754,245.9477996826172,0.04144395887851715,1.9055507183074951
14,12288,4.531190395355225,2.8488662242889404,139.19061279296875,0.04341887682676315,2.4699928760528564,-,-,-,-,-
14,12416,5.214700222015381,3.273566484451294,161.01565551757812,0.038031402975320816,2.9294557571411133,-,-,-,-,-
14,12544,6.242396831512451,4.028445720672607,198.6384735107422,0.04122975841164589,1.8633668422698975,-,-,-,-,-
14,12672,4.682863235473633,2.9550771713256836,144.902587890625,0.04237822815775871,2.3638174533843994,-,-,-,-,-
14,12800,4.266680717468262,2.6852915287017822,130.83067321777344,0.04489826038479805,2.2818427085876465,6.283952236175537,3.9361934661865234,194.1765594482422,0.03990013152360916,3.6609280109405518
14,12928,3.75250244140625,2.349092960357666,114.46904754638672,0.03926544263958931,2.1945362091064453,-,-,-,-,-
14,13056,5.4518513679504395,3.3278732299804688,163.39271545410156,0.042534470558166504,4.475164890289307,-,-,-,-,-
14,13184,6.773835182189941,4.18743371963501,206.61111450195312,0.042855046689510345,4.774350166320801,-,-,-,-,-
14,13312,4.9220099449157715,3.0560762882232666,150.00523376464844,0.0381559319794178,3.277252197265625,-,-,-,-,-
14,13440,4.801962852478027,2.8758044242858887,140.39324951171875,0.04739662632346153,4.748291015625,5.316801071166992,3.433743715286255,169.14805603027344,0.0390801839530468,1.5249700546264648
14,13568,5.37233304977417,3.4093546867370605,167.69398498535156,0.04518195986747742,2.408567190170288,-,-,-,-,-
14,13696,5.797970771789551,3.294231414794922,161.6335906982422,0.0429033599793911,8.445001602172852,-,-,-,-,-
14,13824,5.713913917541504,3.6239168643951416,178.21780395507812,0.04121728613972664,2.666015625,-,-,-,-,-
14,13952,5.762067794799805,3.5462045669555664,174.2879638671875,0.04065326973795891,4.323301792144775,-,-,-,-,-
14,14080,4.824052333831787,3.057864189147949,149.79623413085938,0.03916086629033089,2.2906477451324463,3.4669299125671387,2.090028762817383,101.38790130615234,0.03916078060865402,3.2386162281036377
14,14208,7.560250282287598,4.823426723480225,238.31736755371094,0.04303882643580437,3.1061127185821533,-,-,-,-,-
14,14336,4.055765151977539,2.5982825756073,127.15967559814453,0.04014468193054199,1.457414150238037,-,-,-,-,-
14,14464,4.987313747406006,3.0819315910339355,151.5257110595703,0.04381463676691055,3.463099241256714,-,-,-,-,-
14,14592,5.772812366485596,3.6983768939971924,182.25750732421875,0.04152801260352135,2.1033260822296143,-,-,-,-,-
14,14720,5.502560615539551,3.4684157371520996,170.5137939453125,0.04747754707932472,2.8152964115142822,3.980729579925537,2.516721487045288,123.10919952392578,0.04013383015990257,1.9278241395950317
14,14848,6.2698845863342285,3.9456698894500732,194.37429809570312,0.044922906905412674,3.3554887771606445,-,-,-,-,-
14,14976,5.301961421966553,3.3748700618743896,165.89630126953125,0.04160308092832565,2.265251398086548,-,-,-,-,-
14,15104,4.945952415466309,3.1726677417755127,155.29556274414062,0.039191778749227524,1.8113768100738525,-,-,-,-,-
14,15232,4.869119644165039,3.1363587379455566,153.9376678466797,0.039284076541662216,1.5409995317459106,-,-,-,-,-
14,15360,8.618465423583984,5.56771993637085,275.79022216796875,0.047200486063957214,2.456427574157715,10.377985954284668,6.679316997528076,331.5246276855469,0.048004087060689926,3.354184627532959
14,15488,5.716737270355225,3.6428656578063965,179.2053680419922,0.041655439883470535,2.4016239643096924,-,-,-,-,-
14,15616,5.308557033538818,3.4142508506774902,168.0659637451172,0.0414353609085083,1.7221102714538574,-,-,-,-,-
14,15744,5.5343403816223145,3.3482394218444824,164.06985473632812,0.04744059965014458,4.97961950302124,-,-,-,-,-
14,15872,10.48412036895752,6.618069648742676,328.9550476074219,0.045539792627096176,5.309612274169922,-,-,-,-,-
14,16000,5.186710357666016,3.3598568439483643,164.88577270507812,0.041893891990184784,1.3610156774520874,5.780611515045166,3.6472954750061035,179.82574462890625,0.03745429962873459,2.9760444164276123
14,16128,10.008313179016113,6.199608325958252,307.04656982421875,0.05283932387828827,6.853998184204102,-,-,-,-,-
14,16256,4.145042896270752,2.20206880569458,107.27337646484375,0.03703080490231514,8.332096099853516,-,-,-,-,-
14,16384,7.854464054107666,4.524903774261475,222.75823974609375,0.04707960784435272,10.548982620239258,-,-,-,-,-
14,16512,8.715582847595215,3.135511875152588,153.16976928710938,0.041870422661304474,40.065025329589844,-,-,-,-,-
14,16640,6.1888108253479,3.957286834716797,195.23143005371094,0.042237844318151474,2.3697195053100586,8.696338653564453,3.564603090286255,175.1642608642578,0.04287540167570114,33.37217712402344
14,16768,9.407218933105469,4.17002534866333,205.61146545410156,0.04189852625131607,31.39180564880371,-,-,-,-,-
14,16896,3.15187931060791,1.9453027248382568,94.43122100830078,0.035494379699230194,2.267699718475342,-,-,-,-,-
14,17024,7.772780418395996,3.1430509090423584,153.52264404296875,0.046783123165369034,30.477201461791992,-,-,-,-,-
14,17152,6.837547302246094,3.311063766479492,162.06732177734375,0.04635244235396385,18.594581604003906,-,-,-,-,-
14,17280,11.80937385559082,7.101693153381348,353.1247863769531,0.044364262372255325,11.320688247680664,7.02512788772583,3.212054491043091,157.141845703125,0.04477858915925026,21.968759536743164
14,17408,5.919300079345703,3.028549909591675,148.2449493408203,0.039635974913835526,13.686649322509766,-,-,-,-,-
14,17536,5.690223693847656,3.041724920272827,148.84506225585938,0.04267442226409912,11.173731803894043,-,-,-,-,-
14,17664,8.722624778747559,3.9395344257354736,193.64283752441406,0.04821915552020073,27.98442840576172,-,-,-,-,-
14,17792,5.384607791900635,3.25362229347229,159.73899841308594,0.04369715228676796,4.898982524871826,-,-,-,-,-
14,17920,5.797109603881836,2.786072015762329,136.42547607421875,0.04138337820768356,16.05399513244629,5.813145637512207,3.559385061264038,174.5721435546875,0.046838223934173584,4.612011909484863
14,18048,4.266535758972168,2.575535297393799,125.45494079589844,0.043007124215364456,3.9344375133514404,-,-,-,-,-
14,18176,9.94633960723877,5.5927557945251465,276.9859619140625,0.0465528704226017,15.37171459197998,-,-,-,-,-
14,18304,6.202798843383789,3.4249026775360107,167.8821258544922,0.046314433217048645,10.527604103088379,-,-,-,-,-
14,18432,5.116489410400391,2.7813315391540527,135.8080291748047,0.043581560254096985,9.334959983825684,-,-,-,-,-
14,18560,5.1877264976501465,2.998551607131958,147.0215301513672,0.04265360161662102,6.763057231903076,6.400649070739746,3.2082512378692627,157.16238403320312,0.046040527522563934,15.747335433959961
14,18688,5.476487636566162,2.7240493297576904,132.9826202392578,0.04214359074831009,13.804682731628418,-,-,-,-,-
14,18816,4.270274639129639,2.0506815910339355,99.79768371582031,0.03938862681388855,11.822275161743164,-,-,-,-,-
14,18944,11.233972549438477,6.2609148025512695,310.5918273925781,0.045611437410116196,18.215286254882812,-,-,-,-,-
14,19072,8.486215591430664,3.2764127254486084,160.6463623046875,0.04173392429947853,35.61605453491211,-,-,-,-,-
14,19200,5.780106544494629,3.6172945499420166,177.90054321289062,0.04318387806415558,3.4062299728393555,8.829561233520508,3.145236015319824,153.8072509765625,0.04519611597061157,41.01057052612305
14,19328,7.334006309509277,3.3926968574523926,166.6793212890625,0.037934623658657074,22.36581039428711,-,-,-,-,-
14,19456,5.2050275802612305,2.76128888130188,135.25242614746094,0.04444199427962303,10.467719078063965,-,-,-,-,-
14,19584,7.843061447143555,2.560955762863159,124.6341552734375,0.04433954879641533,39.91424560546875,-,-,-,-,-
14,19712,8.18081283569336,4.963958263397217,245.81161499023438,0.0376327708363533,7.211052894592285,-,-,-,-,-
14,19840,9.600677490234375,3.453885316848755,169.3686981201172,0.04577696695923805,44.07328414916992,5.004289627075195,2.944258451461792,144.3891143798828,0.04286010563373566,5.732798099517822
14,19968,4.326239109039307,2.5378949642181396,123.83076477050781,0.037086717784404755,5.12949800491333,-,-,-,-,-
14,20096,7.140761375427246,2.5124974250793457,122.75535583496094,0.03890405222773552,33.61806869506836,-,-,-,-,-
14,20224,4.192963600158691,2.614866018295288,127.8711929321289,0.03921829164028168,2.6016743183135986,-,-,-,-,-
14,20352,7.952895164489746,3.3353264331817627,163.48558044433594,0.04661025106906891,29.36102294921875,-,-,-,-,-
14,20480,3.701268196105957,2.3019955158233643,111.99099731445312,0.03928268700838089,2.400799036026001,5.575186729431152,2.271942377090454,110.18477630615234,0.04339270293712616,21.58003807067871
14,20608,7.601851940155029,3.397221326828003,166.6833953857422,0.046777788549661636,24.910186767578125,-,-,-,-,-
14,20736,12.697210311889648,8.04906177520752,400.2415771484375,0.05066825449466705,5.9506449699401855,-,-,-,-,-
14,20864,9.06700325012207,4.73190450668335,233.38906860351562,0.047936104238033295,19.532724380493164,-,-,-,-,-
14,20992,3.8764712810516357,2.439659595489502,118.85272979736328,0.03881021961569786,2.094743490219116,-,-,-,-,-
14,21120,6.389175891876221,3.052633762359619,149.5168914794922,0.04324309900403023,17.981298446655273,5.692199230194092,3.5851972103118896,176.3375701904297,0.042746514081954956,3.0088014602661133
14,21248,3.896841049194336,2.4088306427001953,117.34074401855469,0.045241907238960266,2.6936113834381104,-,-,-,-,-
14,21376,5.562223434448242,3.0553648471832275,149.96768188476562,0.04045635089278221,9.667253494262695,-,-,-,-,-
14,21504,4.094332218170166,2.443385362625122,119.11821746826172,0.044708412140607834,4.1505608558654785,-,-,-,-,-
14,21632,5.040740013122559,2.7834510803222656,136.41452026367188,0.03838064521551132,8.547628402709961,-,-,-,-,-
14,21760,4.867546558380127,2.8020148277282715,136.87017822265625,0.03802821785211563,6.5880208015441895,8.855501174926758,5.439048767089844,269.44244384765625,0.04309966787695885,6.789280414581299
14,21888,3.8517332077026367,2.2053234577178955,107.20117950439453,0.039054226130247116,5.353437900543213,-,-,-,-,-
14,22016,4.546695232391357,2.4640281200408936,120.26985931396484,0.03629087656736374,8.436776161193848,-,-,-,-,-
14,22144,3.9419965744018555,2.487757444381714,121.53923797607422,0.04094935581088066,1.978974461555481,-,-,-,-,-
14,22272,5.919991493225098,3.0773041248321533,150.84210205078125,0.040752824395895004,12.935137748718262,-,-,-,-,-
14,22400,3.7336888313293457,2.4051973819732666,117.48075103759766,0.03684220090508461,1.168419599533081,7.5797624588012695,4.579979419708252,226.29898071289062,0.0405435748398304,6.962501525878906
14,22528,2.8164172172546387,1.626086711883545,78.80319213867188,0.035023875534534454,3.6727476119995117,-,-,-,-,-
14,22656,4.534909725189209,2.6428802013397217,129.08514404296875,0.04183144122362137,5.5934648513793945,-,-,-,-,-
14,22784,3.992197275161743,2.379143238067627,115.52043914794922,0.041328925639390945,4.1652092933654785,-,-,-,-,-
14,22912,4.83021879196167,2.9024147987365723,142.03860473632812,0.040266331285238266,4.671516418457031,-,-,-,-,-
14,23040,4.285194396972656,2.748800039291382,134.60861206054688,0.04000135511159897,1.5030664205551147,6.880422115325928,4.12122917175293,203.25828552246094,0.04750047251582146,6.7910943031311035
14,23168,5.026688098907471,2.9670653343200684,145.4511260986328,0.04189682751893997,5.632149696350098,-,-,-,-,-
14,23296,4.860119819641113,3.108994960784912,152.64892578125,0.041347481310367584,1.8328794240951538,-,-,-,-,-
14,23424,4.543521881103516,2.812278985977173,138.01934814453125,0.03756581246852875,3.1348354816436768,-,-,-,-,-
14,23552,5.108725070953369,3.1972405910491943,157.2803497314453,0.04040481895208359,2.9827589988708496,-,-,-,-,-
14,23680,7.954359531402588,4.989651203155518,246.66944885253906,0.044875368475914,4.531387805938721,5.004364967346191,3.2363479137420654,159.19557189941406,0.03822802007198334,1.3783378601074219
14,23808,7.230133533477783,4.667571544647217,231.01988220214844,0.04560079425573349,2.067621946334839,-,-,-,-,-
14,23936,4.201241493225098,2.646543264389038,129.7091827392578,0.03844046592712402,2.1916584968566895,-,-,-,-,-
14,24064,6.780567646026611,4.348415374755859,214.30596923828125,0.04484085738658905,2.4425158500671387,-,-,-,-,-
14,24192,7.50806188583374,4.769190788269043,235.55740356445312,0.04902904853224754,3.342686653137207,-,-,-,-,-
14,24320,3.9394218921661377,2.533057689666748,123.77188873291016,0.0367579348385334,1.318874478340149,3.7490241527557373,2.389131784439087,116.53874969482422,0.03849335014820099,1.5601167678833008
14,24448,3.7313709259033203,2.3706259727478027,115.55615997314453,0.04011465236544609,1.6506879329681396,-,-,-,-,-
14,24576,4.77356481552124,3.0877559185028076,151.89601135253906,0.0360809862613678,1.3076772689819336,-,-,-,-,-
14,24704,5.944422245025635,3.8368287086486816,189.3203125,0.04567081108689308,1.6871907711029053,-,-,-,-,-
14,24832,5.8812456130981445,3.7646985054016113,185.7883758544922,0.04566925764083862,2.1299405097961426,-,-,-,-,-
14,24960,5.299966335296631,3.377903461456299,166.11802673339844,0.04251953214406967,2.1836318969726562,2.9614486694335938,1.863590955734253,90.43882751464844,0.03755410760641098,1.559156060218811
14,25088,5.843942642211914,3.7381577491760254,183.81192016601562,0.04483148455619812,2.2283456325531006,-,-,-,-,-
14,25216,3.74312686920166,2.4012134075164795,117.28471374511719,0.03805960342288017,1.3100680112838745,-,-,-,-,-
14,25344,4.464207172393799,2.8116660118103027,137.3278350830078,0.04232601821422577,2.369368314743042,-,-,-,-,-
14,25472,5.027952194213867,3.2445600032806396,159.4068145751953,0.037899404764175415,1.5142457485198975,-,-,-,-,-
14,25600,4.937131404876709,3.0267791748046875,147.90492248535156,0.04153048247098923,3.8977255821228027,4.422388076782227,2.804875373840332,137.41159057617188,0.04009329527616501,2.033033609390259
14,25728,5.9340620040893555,3.6954505443573,181.68006896972656,0.0417371541261673,3.8007402420043945,-,-,-,-,-
14,25856,5.895791053771973,3.7983505725860596,187.5041046142578,0.04254675284028053,1.798527717590332,-,-,-,-,-
14,25984,5.468191623687744,3.472100019454956,170.55145263671875,0.046869803220033646,2.437074899673462,-,-,-,-,-
14,26112,8.201272964477539,5.296953201293945,262.3630676269531,0.046158477663993835,2.3453102111816406,-,-,-,-,-
14,26130,2.641530752182007,1.671187162399292,80.5123062133789,0.044576916843652725,1.2064361572265625,5.807297706604004,3.6383519172668457,178.74688720703125,0.04435427114367485,3.3712241649627686
15,128,3.9827988147735596,2.506448984146118,122.32856750488281,0.039274662733078,2.1378939151763916,-,-,-,-,-
15,256,4.505043029785156,2.9107847213745117,142.6161651611328,0.039848461747169495,1.282483458518982,-,-,-,-,-
15,384,5.791360378265381,3.6735010147094727,181.3295135498047,0.03949994221329689,2.650644302368164,-,-,-,-,-
15,512,4.808850288391113,3.1213278770446777,153.2310028076172,0.04236004129052162,1.128523826599121,-,-,-,-,-
15,640,4.807955265045166,3.0302200317382812,148.55703735351562,0.03953395411372185,2.52630615234375,6.1055097579956055,3.930082082748413,193.84591674804688,0.043690651655197144,1.9327760934829712
15,768,6.1029534339904785,3.9447579383850098,194.4359893798828,0.042509157210588455,1.71326744556427,-,-,-,-,-
15,896,5.961663722991943,3.75874662399292,185.02308654785156,0.04419659450650215,3.08489990234375,-,-,-,-,-
15,1024,4.044698715209961,2.6227142810821533,128.41644287109375,0.03603993356227875,1.017803430557251,-,-,-,-,-
15,1152,5.3162384033203125,3.44368577003479,169.1267852783203,0.03676143288612366,1.445233941078186,-,-,-,-,-
15,1280,5.010608196258545,3.212070941925049,157.7054901123047,0.04072540998458862,1.807571530342102,6.390371799468994,4.082447528839111,201.33567810058594,0.041950710117816925,2.526167869567871
15,1408,4.898280143737793,3.13104248046875,153.90138244628906,0.03844311460852623,1.8978086709976196,-,-,-,-,-
15,1536,6.179414749145508,3.964618444442749,195.64541625976562,0.03896858170628548,2.1937382221221924,-,-,-,-,-
15,1664,7.124171257019043,4.520011901855469,223.247802734375,0.04495612531900406,3.2672479152679443,-,-,-,-,-
15,1792,4.509551525115967,2.946974754333496,144.3956298828125,0.040295425802469254,0.783247709274292,-,-,-,-,-
15,1920,5.404520511627197,3.481971025466919,170.983154296875,0.044138167053461075,1.6857988834381104,4.517940521240234,2.9101104736328125,142.5222930908203,0.04563694819808006,1.3696997165679932
15,2048,5.120475769042969,3.3125951290130615,162.47193908691406,0.043742261826992035,1.3941904306411743,-,-,-,-,-
15,2176,4.33185338973999,2.7803401947021484,136.05206298828125,0.04077088460326195,1.5022205114364624,-,-,-,-,-
15,2304,5.421109676361084,3.467231035232544,170.2799835205078,0.044238027185201645,2.0684118270874023,-,-,-,-,-
15,2432,4.363718509674072,2.7933061122894287,136.35165405273438,0.0428544320166111,1.6404162645339966,-,-,-,-,-
15,2560,3.5072181224823,2.2285807132720947,108.5363998413086,0.03943374380469322,1.5383965969085693,4.992830753326416,3.243922472000122,159.65805053710938,0.04124639928340912,1.1108167171478271
15,2688,3.3424065113067627,2.156855821609497,104.84722137451172,0.04155723378062248,0.9552117586135864,-,-,-,-,-
15,2816,4.759812831878662,3.0224814414978027,148.22726440429688,0.047618430107831955,2.07440447807312,-,-,-,-,-
15,2944,6.40159273147583,4.1152472496032715,203.1103973388672,0.042723022401332855,2.125188112258911,-,-,-,-,-
15,3072,4.0109968185424805,2.5738348960876465,125.6500015258789,0.04067668691277504,1.3998547792434692,-,-,-,-,-
15,3200,4.8694748878479,3.1202573776245117,153.25689697265625,0.03807344287633896,1.7857497930526733,5.353003025054932,3.4286928176879883,168.22476196289062,0.043331630527973175,1.987309217453003
15,3328,3.830202341079712,2.496046781539917,122.29177856445312,0.034372806549072266,0.7686498165130615,-,-,-,-,-
15,3456,5.786736965179443,3.719265937805176,182.70535278320312,0.04061431437730789,1.998035192489624,-,-,-,-,-
15,3584,5.029835224151611,3.2909393310546875,161.87442016601562,0.03740319609642029,0.8274866938591003,-,-,-,-,-
15,3712,4.891515254974365,3.099031448364258,152.09442138671875,0.041450370103120804,2.3008921146392822,-,-,-,-,-
15,3840,4.69127082824707,3.0166549682617188,148.21124267578125,0.04044382646679878,1.5205960273742676,9.554388999938965,6.232626914978027,309.9771423339844,0.04111957177519798,1.8087100982666016
15,3968,7.176443099975586,4.648159027099609,230.24298095703125,0.04067598283290863,1.851784586906433,-,-,-,-,-
15,4096,5.706234931945801,3.676671266555786,181.03367614746094,0.04601258412003517,1.7321447134017944,-,-,-,-,-
15,4224,5.1302809715271,3.300966501235962,162.1383819580078,0.040379270911216736,1.6755160093307495,-,-,-,-,-
15,4352,3.470956802368164,2.214771032333374,107.79652404785156,0.039479807019233704,1.3874088525772095,-,-,-,-,-
15,4480,4.602388381958008,2.960188388824463,145.6759796142578,0.036396175622940063,1.4904407262802124,5.303554058074951,3.3785717487335205,165.84014892578125,0.042826492339372635,2.2375435829162598
15,4608,3.764857530593872,2.4040403366088867,117.04624938964844,0.04110320284962654,1.49251389503479,-,-,-,-,-
15,4736,4.70799446105957,3.048790693283081,149.60818481445312,0.03954454883933067,1.2357770204544067,-,-,-,-,-
15,4864,8.684349060058594,5.6641154289245605,280.74267578125,0.04195978119969368,1.7084718942642212,-,-,-,-,-
15,4992,4.6136579513549805,2.9744458198547363,145.41241455078125,0.04470890015363693,1.403794288635254,-,-,-,-,-
15,5120,6.010922908782959,3.8544068336486816,189.82591247558594,0.04501697048544884,2.132403612136841,6.529869079589844,4.250202655792236,209.62440490722656,0.04388854280114174,1.3953375816345215
15,5248,5.266758918762207,3.333301544189453,163.6785125732422,0.04173975810408592,2.549325942993164,-,-,-,-,-
15,5376,3.6585731506347656,2.3319199085235596,113.78943634033203,0.04324786737561226,1.4551082849502563,-,-,-,-,-
15,5504,3.4724349975585938,2.2290642261505127,108.82127380371094,0.04173842817544937,1.1341948509216309,-,-,-,-,-
15,5632,4.841723442077637,3.10805082321167,152.3454132080078,0.04299759864807129,1.672211766242981,-,-,-,-,-
15,5760,4.347972869873047,2.7945125102996826,136.8084716796875,0.03961380943655968,1.4576194286346436,3.972604513168335,2.576537609100342,125.9806137084961,0.03686713054776192,0.9939354062080383
15,5888,5.356973171234131,3.4704504013061523,170.51100158691406,0.04431243613362312,1.3710033893585205,-,-,-,-,-
15,6016,3.0921401977539062,2.011620044708252,97.68429565429688,0.03486695885658264,0.688102662563324,-,-,-,-,-
15,6144,3.9236862659454346,2.489236354827881,121.69792938232422,0.04004368931055069,1.7742711305618286,-,-,-,-,-
15,6272,4.544521331787109,2.8993895053863525,142.07601928710938,0.04277528077363968,1.81596839427948,-,-,-,-,-
15,6400,4.631245136260986,2.978377103805542,145.907958984375,0.042851731181144714,1.5093638896942139,4.30132532119751,2.7737879753112793,136.0179901123047,0.03933117538690567,1.2802666425704956
15,6528,5.684728145599365,3.6345651149749756,178.55686950683594,0.04629461467266083,2.182997941970825,-,-,-,-,-
15,6656,3.9183106422424316,2.542611837387085,124.10765075683594,0.03903331235051155,0.9558895826339722,-,-,-,-,-
15,6784,4.207335948944092,2.7061495780944824,132.7591552734375,0.03888556361198425,1.3470953702926636,-,-,-,-,-
15,6912,4.20550537109375,2.734957695007324,134.14793395996094,0.036244913935661316,0.9282351732254028,-,-,-,-,-
15,7040,4.121131896972656,2.649587392807007,129.82647705078125,0.038775473833084106,1.3450437784194946,5.11326265335083,3.311729907989502,162.83018493652344,0.042462702840566635,1.3076772689819336
15,7168,4.032837867736816,2.586073160171509,126.67118072509766,0.042363908141851425,1.376888394355774,-,-,-,-,-
15,7296,5.917574405670166,3.8079898357391357,187.5771026611328,0.04427339881658554,1.895401954650879,-,-,-,-,-
15,7424,4.777833938598633,3.067946434020996,150.33993530273438,0.040275897830724716,1.662121295928955,-,-,-,-,-
15,7552,4.797791957855225,3.0743536949157715,150.955810546875,0.04321960359811783,1.7066056728363037,-,-,-,-,-
15,7680,4.314119815826416,2.811035633087158,138.00502014160156,0.03808754310011864,0.8494680523872375,3.4838616847991943,2.2346692085266113,108.89073944091797,0.03828988969326019,1.2199547290802002
15,7808,4.598111629486084,2.9810738563537598,145.9805145263672,0.041883278638124466,1.1534926891326904,-,-,-,-,-
15,7936,6.953456878662109,4.527923107147217,223.6206512451172,0.04281052201986313,1.4651702642440796,-,-,-,-,-
15,8064,3.888791799545288,2.5001020431518555,122.0893783569336,0.04105355963110924,1.267424464225769,-,-,-,-,-
15,8192,5.025895118713379,3.2499728202819824,159.7168731689453,0.04518944025039673,1.3356448411941528,-,-,-,-,-
15,8320,4.22427225112915,2.6976518630981445,132.1736602783203,0.04009594768285751,1.6478818655014038,4.196214199066162,2.678536891937256,130.71670532226562,0.04315542057156563,1.6735503673553467
15,8448,3.91096830368042,2.515704870223999,122.73726654052734,0.04371938109397888,1.2417148351669312,-,-,-,-,-
15,8576,3.788170576095581,2.4163975715637207,117.7181396484375,0.03906579688191414,1.5552581548690796,-,-,-,-,-
15,8704,3.893815040588379,2.4959158897399902,121.98115539550781,0.03874759376049042,1.3934004306793213,-,-,-,-,-
15,8832,5.360744953155518,3.376953601837158,165.57870483398438,0.045641954988241196,2.8236262798309326,-,-,-,-,-
15,8960,4.0440216064453125,2.6273930072784424,128.48971557617188,0.03857501968741417,0.9315674901008606,3.0297207832336426,1.9136556386947632,93.0215072631836,0.03862838074564934,1.4722192287445068
15,9088,5.808976173400879,3.6758809089660645,180.79745483398438,0.04475559666752815,2.803652286529541,-,-,-,-,-
15,9216,6.895381927490234,4.46793270111084,220.8616180419922,0.041752949357032776,1.7708017826080322,-,-,-,-,-
15,9344,7.019511699676514,4.473394870758057,221.12442016601562,0.049454279243946075,2.8541831970214844,-,-,-,-,-
15,9472,3.5665338039398193,2.1997878551483154,107.00953674316406,0.04360193759202957,2.530486822128296,-,-,-,-,-
15,9600,3.9169981479644775,2.4707343578338623,120.61373901367188,0.042200200259685516,1.979263186454773,4.326322555541992,2.797434091567993,136.9845428466797,0.03538421913981438,1.2365915775299072
15,9728,3.885350227355957,2.4678053855895996,120.66361999511719,0.036389194428920746,1.745194673538208,-,-,-,-,-
15,9856,3.457493305206299,2.185046672821045,106.33146667480469,0.035725776106119156,1.7340610027313232,-,-,-,-,-
15,9984,4.449252128601074,2.864701509475708,140.1442108154297,0.04179585352540016,1.4131269454956055,-,-,-,-,-
15,10112,3.7268548011779785,2.313779592514038,112.62296295166016,0.042001333087682724,2.4484450817108154,-,-,-,-,-
15,10240,7.006901741027832,4.584346771240234,226.7923583984375,0.041432976722717285,1.1319853067398071,4.431049823760986,2.815995216369629,137.6752471923828,0.0380440354347229,2.00258469581604
15,10368,4.2432026863098145,2.718634843826294,133.22222900390625,0.037277545779943466,1.5506789684295654,-,-,-,-,-
15,10496,6.83026123046875,4.450169086456299,220.25643920898438,0.0426744781434536,1.3485321998596191,-,-,-,-,-
15,10624,4.5335235595703125,2.876368761062622,140.76409912109375,0.04440987482666969,2.051039695739746,-,-,-,-,-
15,10752,4.730263710021973,3.0638210773468018,150.52752685546875,0.035707153379917145,1.254601001739502,-,-,-,-,-
15,10880,4.3422698974609375,2.7517380714416504,134.5684356689453,0.038679417222738266,2.061675786972046,4.694475173950195,3.0210368633270264,148.21371459960938,0.0370921827852726,1.5420892238616943
15,11008,6.635801792144775,4.302477836608887,212.57620239257812,0.03991119936108589,1.676507592201233,-,-,-,-,-
15,11136,4.38629150390625,2.8060595989227295,137.30526733398438,0.0439450778067112,1.632335901260376,-,-,-,-,-
15,11264,4.976941108703613,3.123410224914551,153.1531982421875,0.04267103970050812,2.7932775020599365,-,-,-,-,-
15,11392,5.213681221008301,3.3939507007598877,166.5687713623047,0.045237816870212555,1.0880491733551025,-,-,-,-,-
15,11520,6.809723854064941,4.449431419372559,220.36610412597656,0.04072296619415283,1.1590852737426758,7.888535499572754,5.185002326965332,256.8245849609375,0.04347415268421173,0.9181296229362488
15,11648,4.735137462615967,3.0712568759918213,150.5548553466797,0.04580589011311531,1.1252630949020386,-,-,-,-,-
15,11776,4.758028030395508,3.028968095779419,148.4047393798828,0.03975465148687363,2.0525729656219482,-,-,-,-,-
15,11904,4.33824348449707,2.8151073455810547,137.84461975097656,0.04095148667693138,1.0373880863189697,-,-,-,-,-
15,12032,3.9732959270477295,2.453728199005127,119.49590301513672,0.04265192896127701,2.819566249847412,-,-,-,-,-
15,12160,3.8579955101013184,2.4346120357513428,118.72215270996094,0.04067571833729744,1.954864263534546,5.431829929351807,3.466061592102051,170.73388671875,0.0438898466527462,2.1453959941864014
15,12288,5.431718826293945,3.4876914024353027,171.5056915283203,0.03976995125412941,1.8920059204101562,-,-,-,-,-
15,12416,5.306713104248047,3.3711109161376953,165.80203247070312,0.043016839772462845,2.3456501960754395,-,-,-,-,-
15,12544,4.332858085632324,2.7798454761505127,136.1356658935547,0.04325868561863899,1.4839755296707153,-,-,-,-,-
15,12672,3.080876111984253,1.8905049562454224,91.75486755371094,0.03712780028581619,2.3569495677948,-,-,-,-,-
15,12800,6.307916641235352,4.015893936157227,197.94972229003906,0.04373883083462715,2.6878695487976074,3.7972872257232666,2.2730209827423096,111.03724670410156,0.03354451805353165,3.803493022918701
15,12928,4.080710411071777,2.353584051132202,114.48613739013672,0.03789180517196655,5.443731307983398,-,-,-,-,-
15,13056,4.1083173751831055,2.611880302429199,127.2055435180664,0.044437091797590256,1.7994438409805298,-,-,-,-,-
15,13184,5.288265228271484,3.0971853733062744,151.54879760742188,0.04219020903110504,6.334020137786865,-,-,-,-,-
15,13312,5.031309127807617,3.2212846279144287,158.1044158935547,0.03966838866472244,1.8931211233139038,-,-,-,-,-
15,13440,4.808849811553955,2.981562614440918,146.02938842773438,0.04357276111841202,3.2342066764831543,6.0830841064453125,3.940459728240967,194.51356506347656,0.044627685099840164,1.5286117792129517
15,13568,4.2296247482299805,2.766568422317505,135.20030212402344,0.03813128173351288,0.7292240858078003,-,-,-,-,-
15,13696,5.397445201873779,3.370497465133667,165.96893310546875,0.040283508598804474,3.2697501182556152,-,-,-,-,-
15,13824,5.343282222747803,3.4435930252075195,169.17477416992188,0.04675216227769852,1.6118953227996826,-,-,-,-,-
15,13952,4.035384178161621,2.515714406967163,122.7989501953125,0.04426712542772293,2.4741320610046387,-,-,-,-,-
15,14080,4.429510593414307,2.84151291847229,139.02627563476562,0.038211289793252945,1.5952337980270386,5.349153518676758,3.317765712738037,162.73696899414062,0.04242026060819626,3.6159822940826416
15,14208,8.571531295776367,5.511227607727051,273.44915771484375,0.04128759354352951,2.845250129699707,-,-,-,-,-
15,14336,4.293799877166748,2.7485439777374268,134.79898071289062,0.036439523100852966,1.6082673072814941,-,-,-,-,-
15,14464,6.424798965454102,4.053359508514404,200.47967529296875,0.039656754583120346,3.2698609828948975,-,-,-,-,-
15,14592,3.6291890144348145,2.3256990909576416,113.36053466796875,0.04095494747161865,1.2892955541610718,-,-,-,-,-
15,14720,4.052351474761963,2.4600555896759033,120.02294921875,0.03857770189642906,3.534885883331299,5.281852722167969,3.4116177558898926,167.71153259277344,0.04183435067534447,1.5128509998321533
15,14848,7.0042805671691895,4.506616115570068,222.67864990234375,0.042204663157463074,2.286735773086548,-,-,-,-,-
15,14976,3.836246967315674,2.3594465255737305,115.11138916015625,0.039201319217681885,2.8648524284362793,-,-,-,-,-
15,15104,4.75939416885376,3.0306215286254883,148.37594604492188,0.04416564106941223,2.008474349975586,-,-,-,-,-
15,15232,3.3093512058258057,2.0738131999969482,100.76616668701172,0.03802208974957466,1.8985430002212524,-,-,-,-,-
15,15360,3.1827492713928223,1.9966493844985962,96.99681854248047,0.03869820013642311,1.7743358612060547,4.417847633361816,2.8477625846862793,139.3902130126953,0.04269225522875786,1.334905743598938
15,15488,4.866062641143799,3.1186091899871826,153.0652313232422,0.04422704130411148,1.7257424592971802,-,-,-,-,-
15,15616,6.889630317687988,4.423492908477783,218.3753204345703,0.04652330279350281,2.3586061000823975,-,-,-,-,-
15,15744,5.74314022064209,3.731127977371216,183.53976440429688,0.04226739704608917,1.3434736728668213,-,-,-,-,-
15,15872,3.5530717372894287,2.276538610458374,110.80558776855469,0.03801411762833595,1.3046306371688843,-,-,-,-,-
15,16000,5.233113765716553,3.372213125228882,165.8120574951172,0.03842936083674431,1.6435095071792603,4.361499786376953,2.72810959815979,133.40579223632812,0.043325889855623245,2.560063123703003
15,16128,4.593092441558838,2.9357728958129883,143.93032836914062,0.03765039145946503,1.803657054901123,-,-,-,-,-
15,16256,4.62620210647583,2.9581077098846436,145.2428741455078,0.03767704963684082,1.7798855304718018,-,-,-,-,-
15,16384,5.122757911682129,3.218316078186035,157.8616180419922,0.04462192580103874,2.812035322189331,-,-,-,-,-
15,16512,5.029110431671143,3.247342824935913,159.77389526367188,0.04180699586868286,1.4222133159637451,-,-,-,-,-
15,16640,3.690769672393799,2.347653388977051,114.5261459350586,0.039657264947891235,1.5819764137268066,4.975108623504639,3.2166059017181396,157.997314453125,0.041533272713422775,1.3699628114700317
15,16768,4.485443115234375,2.898479700088501,141.8678741455078,0.040199123322963715,1.2808529138565063,-,-,-,-,-
15,16896,6.374953746795654,4.060113430023193,199.80462646484375,0.044943783432245255,2.718501329421997,-,-,-,-,-
15,17024,5.94736909866333,3.8166887760162354,188.00439453125,0.04016013443470001,2.1047661304473877,-,-,-,-,-
15,17152,4.222065448760986,2.68731427192688,131.42709350585938,0.04161960259079933,1.7886055707931519,-,-,-,-,-
15,17280,3.614380121231079,2.252800703048706,109.92816925048828,0.03516003489494324,2.271378755569458,4.557990550994873,2.9255828857421875,143.37147521972656,0.03887045383453369,1.5982234477996826
15,17408,9.270648956298828,5.976928234100342,296.795654296875,0.043998584151268005,2.8176538944244385,-,-,-,-,-
15,17536,6.12227725982666,3.666459321975708,180.10882568359375,0.04622809588909149,6.085020542144775,-,-,-,-,-
15,17664,9.899994850158691,6.439955234527588,319.2673034667969,0.05031333863735199,2.1705374717712402,-,-,-,-,-
15,17792,6.041655540466309,3.758477210998535,185.1887664794922,0.04181545600295067,3.8947532176971436,-,-,-,-,-
15,17920,4.448432922363281,2.834381341934204,138.64151000976562,0.03932015597820282,1.8831619024276733,5.157139778137207,3.275773048400879,160.90843200683594,0.0418054424226284,2.3047735691070557
15,18048,3.4220190048217773,2.163166046142578,105.3870849609375,0.03831326216459274,1.6666901111602783,-,-,-,-,-
15,18176,5.30402946472168,3.3728926181793213,166.17315673828125,0.041564904153347015,2.2784018516540527,-,-,-,-,-
15,18304,5.673488616943359,3.636488676071167,178.87997436523438,0.04091380164027214,2.0728681087493896,-,-,-,-,-
15,18432,2.9317328929901123,1.8648942708969116,90.71114349365234,0.03662360832095146,1.2310352325439453,-,-,-,-,-
15,18560,3.6207735538482666,2.2955617904663086,111.59504699707031,0.04229290410876274,1.6696828603744507,8.244121551513672,5.377696990966797,266.91162109375,0.040079373866319656,1.572295069694519
15,18688,4.368180751800537,2.7556302547454834,135.0402374267578,0.04061713442206383,2.215315341949463,-,-,-,-,-
15,18816,3.802612543106079,2.4621591567993164,120.2106704711914,0.03958280757069588,0.9876390695571899,-,-,-,-,-
15,18944,4.016592025756836,2.500368356704712,121.96107482910156,0.04025452211499214,2.5635862350463867,-,-,-,-,-
15,19072,9.210041999816895,5.97231388092041,296.8941345214844,0.0433349646627903,2.2545125484466553,-,-,-,-,-
15,19200,3.7113919258117676,2.356921911239624,115.06939697265625,0.037048742175102234,1.6672738790512085,4.136871337890625,2.647118091583252,129.3932342529297,0.03864474594593048,1.5717624425888062
15,19328,5.553865909576416,3.5613603591918945,175.29544067382812,0.042627669870853424,1.9692317247390747,-,-,-,-,-
15,19456,4.176526069641113,2.713285207748413,132.92613220214844,0.038470495492219925,0.955093502998352,-,-,-,-,-
15,19584,5.864019393920898,3.834050178527832,188.7687225341797,0.041216153651475906,1.010657548904419,-,-,-,-,-
15,19712,4.251697540283203,2.760099172592163,135.3009490966797,0.03772381693124771,1.008650779724121,-,-,-,-,-
15,19840,6.372647762298584,4.160725116729736,205.38072204589844,0.041907522827386856,1.16208016872406,5.1239495277404785,3.344740390777588,164.3173828125,0.03968331217765808,0.9635200500488281
15,19968,4.046095371246338,2.6305129528045654,128.98402404785156,0.03795540705323219,0.8778682351112366,-,-,-,-,-
15,20096,7.137042045593262,4.650431156158447,229.99185180664062,0.04398993402719498,1.42702054977417,-,-,-,-,-
15,20224,4.587446689605713,2.9694929122924805,145.35867309570312,0.0387846939265728,1.2558248043060303,-,-,-,-,-
15,20352,7.152517795562744,4.695290565490723,232.03952026367188,0.04180192947387695,0.9502965211868286,-,-,-,-,-
15,20480,4.2372727394104,2.752075433731079,134.44595336914062,0.03874938189983368,1.0198876857757568,4.005077838897705,2.592864990234375,126.6867446899414,0.03776481747627258,1.075804591178894
15,20608,4.493270397186279,2.9082581996917725,142.51272583007812,0.04128912463784218,1.1859549283981323,-,-,-,-,-
15,20736,4.697792053222656,3.0478272438049316,149.17840576171875,0.039957091212272644,1.1822353601455688,-,-,-,-,-
15,20864,5.11698579788208,3.289691209793091,161.46632385253906,0.04359843209385872,1.6903274059295654,-,-,-,-,-
15,20992,4.779696464538574,3.0679290294647217,150.08749389648438,0.044065896421670914,1.668269395828247,-,-,-,-,-
15,21120,5.228618621826172,3.3702380657196045,165.17022705078125,0.04922963306307793,1.5744870901107788,4.108875751495361,2.6816625595092773,130.96095275878906,0.039889611303806305,0.77713942527771
15,21248,4.5525031089782715,2.9721391201019287,145.829833984375,0.04026758670806885,0.8179810643196106,-,-,-,-,-
15,21376,4.958020210266113,3.1863880157470703,156.62677001953125,0.04025150090456009,1.6511284112930298,-,-,-,-,-
15,21504,9.216633796691895,5.994454383850098,297.9339904785156,0.045812759548425674,1.97027587890625,-,-,-,-,-
15,21632,4.622094631195068,3.009336471557617,147.4254150390625,0.0407513752579689,0.9775267839431763,-,-,-,-,-
15,21760,4.9068498611450195,3.199918270111084,157.44204711914062,0.03615119308233261,0.9635992050170898,3.8070313930511475,2.469630002975464,120.65108489990234,0.04040525108575821,0.904853343963623
15,21888,2.880187511444092,1.857316493988037,90.0553207397461,0.03729226812720299,0.8502549529075623,-,-,-,-,-
15,22016,5.039343357086182,3.2719578742980957,160.41311645507812,0.042740147560834885,1.2051396369934082,-,-,-,-,-
15,22144,6.618953227996826,4.334186553955078,214.3018035888672,0.04112662002444267,1.0062201023101807,-,-,-,-,-
15,22272,6.216587066650391,4.01164436340332,197.4998779296875,0.043206531554460526,1.8673769235610962,-,-,-,-,-
15,22400,3.83657169342041,2.4653797149658203,120.4809799194336,0.04063420370221138,1.2574821710586548,5.179401874542236,3.376265287399292,165.8931884765625,0.041392646729946136,1.02811598777771
15,22528,4.278076648712158,2.778007745742798,136.10008239746094,0.038723841309547424,1.0034432411193848,-,-,-,-,-
15,22656,3.3305366039276123,2.1580708026885986,105.16500091552734,0.03596000000834465,0.8485596179962158,-,-,-,-,-
15,22784,3.827115297317505,2.497887372970581,121.82136535644531,0.03653988242149353,0.7447434663772583,-,-,-,-,-
15,22912,8.192499160766602,5.376884937286377,266.474609375,0.04211118817329407,1.0875672101974487,-,-,-,-,-
15,23040,4.899479866027832,3.163421392440796,155.1146697998047,0.044476352632045746,1.4043532609939575,4.549475193023682,2.9672961235046387,145.69775390625,0.04148750752210617,0.8371420502662659
15,23168,4.4495954513549805,2.8968253135681152,142.17138671875,0.03827735036611557,0.9277898073196411,-,-,-,-,-
15,23296,4.497737407684326,2.9017562866210938,142.23504638671875,0.04063835367560387,1.3299232721328735,-,-,-,-,-
15,23424,8.815860748291016,5.7552289962768555,285.5273742675781,0.04017290100455284,1.6518574953079224,-,-,-,-,-
15,23552,7.85915470123291,5.127592086791992,254.51231384277344,0.04250103607773781,1.4393857717514038,-,-,-,-,-
15,23680,4.1604108810424805,2.69427227973938,131.8333740234375,0.04314632713794708,1.0465871095657349,4.483220100402832,2.89103364944458,141.51136779785156,0.04144282266497612,1.3562966585159302
15,23808,3.876620054244995,2.481700897216797,121.06504821777344,0.04144282639026642,1.4282594919204712,-,-,-,-,-
15,23936,5.941720962524414,3.868764877319336,190.87730407714844,0.04000496119260788,1.2417861223220825,-,-,-,-,-
15,24064,4.20625638961792,2.7199666500091553,133.18685913085938,0.03955456614494324,1.148665189743042,-,-,-,-,-
15,24192,3.5601065158843994,2.293300151824951,111.88493347167969,0.038925524801015854,1.0903178453445435,-,-,-,-,-
15,24320,4.49666166305542,2.881317377090454,141.32144165039062,0.0430438295006752,1.5908641815185547,8.245046615600586,5.372626781463623,266.5978088378906,0.04201243445277214,1.6443008184432983
15,24448,5.952213764190674,3.8457939624786377,189.13267517089844,0.042751941829919815,1.7234115600585938,-,-,-,-,-
15,24576,6.032921314239502,3.9221420288085938,193.54791259765625,0.04179860278964043,1.335014820098877,-,-,-,-,-
15,24704,4.647785663604736,2.9813125133514404,146.36514282226562,0.039951831102371216,1.628697395324707,-,-,-,-,-
15,24832,4.0128960609436035,2.6103360652923584,127.83540344238281,0.039458002895116806,0.8474789261817932,-,-,-,-,-
15,24960,3.922602891921997,2.5109286308288574,122.79918670654297,0.03949015587568283,1.4419230222702026,4.83172607421875,3.0665159225463867,150.6703338623047,0.04156038165092468,2.169468402862549
15,25088,4.000460624694824,2.5729198455810547,125.9263687133789,0.03821676969528198,1.3006067276000977,-,-,-,-,-
15,25216,3.1911394596099854,2.07883620262146,101.1670150756836,0.03650550916790962,0.6412770748138428,-,-,-,-,-
15,25344,4.281242370605469,2.7236084938049316,133.1585235595703,0.03965334966778755,1.8639512062072754,-,-,-,-,-
15,25472,3.950101613998413,2.5470244884490967,124.41268157958984,0.040671300143003464,1.1827905178070068,-,-,-,-,-
15,25600,4.180392742156982,2.6485345363616943,129.21168518066406,0.043807826936244965,1.9593335390090942,5.561792850494385,3.5309293270111084,173.66265869140625,0.045523252338171005,2.4871418476104736
15,25728,5.777185916900635,3.7134385108947754,182.6478729248047,0.04340305179357529,1.93865966796875,-,-,-,-,-
15,25856,3.6211190223693848,2.3479301929473877,114.27527618408203,0.03988596796989441,0.9054991602897644,-,-,-,-,-
15,25984,3.9862470626831055,2.5561585426330566,125.01509094238281,0.041176505386829376,1.387609839439392,-,-,-,-,-
15,26112,3.06856107711792,1.9615342617034912,95.53175354003906,0.03963878005743027,1.1207056045532227,-,-,-,-,-
15,26130,8.45132064819336,5.511717319488525,273.27593994140625,0.053250446915626526,1.5359361171722412,4.588839054107666,2.867922067642212,140.25457763671875,0.04173220694065094,2.766389846801758
16,128,7.555472373962402,4.788452625274658,236.81195068359375,0.04618769884109497,3.527120590209961,-,-,-,-,-
16,256,5.414679527282715,3.400702953338623,167.44082641601562,0.04295960068702698,2.9660820960998535,-,-,-,-,-
16,384,4.207636833190918,2.6529407501220703,129.5244598388672,0.04301411285996437,2.164372682571411,-,-,-,-,-
16,512,4.740397930145264,2.838395595550537,138.59925842285156,0.04376097768545151,4.722490310668945,-,-,-,-,-
16,640,4.514167785644531,2.915576457977295,142.93777465820312,0.03846948966383934,1.307446837425232,4.79452657699585,2.987635850906372,146.36929321289062,0.03492852672934532,3.082695722579956
16,768,5.583921432495117,3.3957574367523193,166.62681579589844,0.041554130613803864,4.80341911315918,-,-,-,-,-
16,896,4.207056045532227,2.5832507610321045,126.3847885131836,0.0405304841697216,3.19427227973938,-,-,-,-,-
16,1024,4.78114652633667,2.9621946811676025,145.43858337402344,0.04443890601396561,3.2012758255004883,-,-,-,-,-
16,1152,4.066798686981201,2.374724864959717,115.8946762084961,0.041060853749513626,4.920660018920898,-,-,-,-,-
16,1280,3.519735813140869,2.259446144104004,110.26808166503906,0.03738296404480934,1.2022593021392822,3.949097156524658,2.3968582153320312,117.00152587890625,0.03910825029015541,3.4311540126800537
16,1408,5.883172988891602,3.6364529132843018,178.3978271484375,0.045405007898807526,4.173367977142334,-,-,-,-,-
16,1536,4.493656635284424,2.8855812549591064,141.3231201171875,0.0426681786775589,1.5217612981796265,-,-,-,-,-
16,1664,7.199041843414307,4.643836498260498,229.77586364746094,0.03759673237800598,2.1985015869140625,-,-,-,-,-
16,1792,4.41838264465332,2.8843913078308105,141.5092315673828,0.03617237135767937,0.8272680044174194,-,-,-,-,-
16,1920,4.268600940704346,2.657933235168457,129.82447814941406,0.041441626846790314,2.7098135948181152,4.809924602508545,3.0889196395874023,151.07696533203125,0.04075641557574272,1.6947904825210571
16,2048,3.6679532527923584,2.380073070526123,116.13021087646484,0.03674258664250374,0.8983539342880249,-,-,-,-,-
16,2176,3.1879069805145264,1.9798787832260132,96.27534484863281,0.03622298687696457,2.090517520904541,-,-,-,-,-
16,2304,4.857771396636963,3.0957190990448,151.98057556152344,0.045682791620492935,1.965637445449829,-,-,-,-,-
16,2432,3.161367416381836,1.9221378564834595,93.36601257324219,0.03838532418012619,2.6718413829803467,-,-,-,-,-
16,2560,8.742549896240234,5.584865093231201,276.94378662109375,0.043387629091739655,3.448589563369751,4.312008857727051,2.5530974864959717,124.92765808105469,0.0373661071062088,4.722687721252441
16,2688,5.434640884399414,3.3489913940429688,164.178466796875,0.03943823277950287,4.044266700744629,-,-,-,-,-
16,2816,3.0827789306640625,1.9139682054519653,93.19760131835938,0.03460584953427315,2.0222909450531006,-,-,-,-,-
16,2944,9.191102027893066,5.888991355895996,292.10675048828125,0.046000946313142776,3.3504254817962646,-,-,-,-,-
16,3072,3.8322558403015137,2.403172016143799,117.07559967041016,0.036953121423721313,2.213747978210449,-,-,-,-,-
16,3200,3.6841959953308105,2.3475100994110107,114.43230438232422,0.04138238728046417,1.5098037719726562,5.162143707275391,3.2796878814697266,161.28121948242188,0.04261485114693642,2.2702887058258057
16,3328,4.875237941741943,3.0952558517456055,151.9360809326172,0.04111349582672119,2.195080518722534,-,-,-,-,-
16,3456,4.326148986816406,2.8078513145446777,137.6096954345703,0.03960379958152771,1.025965929031372,-,-,-,-,-
16,3584,5.165679931640625,3.2938427925109863,161.66622924804688,0.04138984903693199,2.1378493309020996,-,-,-,-,-
16,3712,5.483428955078125,3.54510498046875,174.3227081298828,0.04083474352955818,1.5426210165023804,-,-,-,-,-
16,3840,4.125583171844482,2.596919059753418,127.0089340209961,0.042648881673812866,2.159261465072632,5.0377516746521,3.23738694190979,159.34437561035156,0.038891326636075974,1.6802986860275269
16,3968,7.157623291015625,4.640347003936768,229.856201171875,0.045229922980070114,1.7348436117172241,-,-,-,-,-
16,4096,3.6811718940734863,2.330962657928467,113.7977294921875,0.039593618363142014,1.7263851165771484,-,-,-,-,-
16,4224,5.548938751220703,3.579331159591675,175.95510864257812,0.041566893458366394,1.6848927736282349,-,-,-,-,-
16,4352,5.735616207122803,3.571336269378662,175.65939331054688,0.04369380697607994,3.6399166584014893,-,-,-,-,-
16,4480,3.7237420082092285,2.368401288986206,115.57158660888672,0.0397513322532177,1.598737120628357,6.259073257446289,3.999382972717285,197.42340087890625,0.041785143315792084,2.4367105960845947
16,4608,6.556032180786133,4.193744659423828,207.16514587402344,0.039675503969192505,2.509603500366211,-,-,-,-,-
16,4736,9.438931465148926,6.178544998168945,306.719970703125,0.04162789508700371,1.5155853033065796,-,-,-,-,-
16,4864,4.877847671508789,3.149125337600708,154.77877807617188,0.03505135327577591,1.4588309526443481,-,-,-,-,-
16,4992,4.489161014556885,2.8969991207122803,141.8528594970703,0.042656928300857544,1.3097624778747559,-,-,-,-,-
16,5120,3.352349042892456,2.1227498054504395,103.22089385986328,0.03882258012890816,1.5856777429580688,5.231272220611572,3.355489492416382,164.81365966796875,0.04546387121081352,1.821823239326477
16,5248,4.511382102966309,2.9089694023132324,142.67276000976562,0.03913579881191254,1.3654890060424805,-,-,-,-,-
16,5376,5.069046497344971,3.239046573638916,159.3328094482422,0.044178400188684464,1.9249361753463745,-,-,-,-,-
16,5504,5.438985347747803,3.5149903297424316,173.04342651367188,0.04343200474977493,1.501288652420044,-,-,-,-,-
16,5632,8.312661170959473,5.4206976890563965,268.993896484375,0.044645898044109344,1.5737820863723755,-,-,-,-,-
16,5760,6.788548946380615,4.384171009063721,216.6544647216797,0.04356338828802109,1.942699909210205,4.507421016693115,2.9041051864624023,142.5201416015625,0.03873883932828903,1.3937554359436035
16,5888,3.55503249168396,2.2980144023895264,111.95426940917969,0.036005206406116486,1.014699935913086,-,-,-,-,-
16,6016,4.303620338439941,2.7456748485565186,134.19088745117188,0.041445132344961166,1.7459137439727783,-,-,-,-,-
16,6144,4.427390098571777,2.794428825378418,136.41798400878906,0.040445175021886826,2.28336501121521,-,-,-,-,-
16,6272,4.571693420410156,2.963488817214966,145.3946533203125,0.04249880462884903,1.1175944805145264,-,-,-,-,-
16,6400,4.145842552185059,2.6217598915100098,127.93931579589844,0.04341667518019676,2.0127248764038086,8.090007781982422,5.271129131317139,261.4676818847656,0.04126496985554695,1.629365086555481
16,6528,4.7104878425598145,3.0399348735809326,149.3267059326172,0.04030875116586685,1.369767427444458,-,-,-,-,-
16,6656,4.249247074127197,2.7330322265625,133.7460174560547,0.03750457242131233,1.412499189376831,-,-,-,-,-
16,6784,4.336455345153809,2.7290945053100586,133.26397705078125,0.04573798552155495,2.2898290157318115,-,-,-,-,-
16,6912,3.929409980773926,2.5247769355773926,123.67279052734375,0.038452520966529846,1.294526219367981,-,-,-,-,-
16,7040,4.439721584320068,2.8514769077301025,139.77139282226562,0.04239675775170326,1.4813423156738281,6.318565368652344,4.065759658813477,200.54409790039062,0.03980459272861481,2.075603723526001
16,7168,4.946809768676758,3.154010057449341,154.92388916015625,0.040953975170850754,2.0260655879974365,-,-,-,-,-
16,7296,3.9485485553741455,2.5714170932769775,125.52256774902344,0.04075770825147629,0.8114807605743408,-,-,-,-,-
16,7424,4.0581278800964355,2.591893196105957,126.87732696533203,0.03991580009460449,1.5754566192626953,-,-,-,-,-
16,7552,7.009819984436035,4.5461859703063965,224.80059814453125,0.04195224121212959,1.7367610931396484,-,-,-,-,-
16,7680,3.97161602973938,2.544682264328003,124.44554138183594,0.040833696722984314,1.4164477586746216,5.111032485961914,3.3306543827056885,163.8414764404297,0.04189816117286682,1.0006537437438965
16,7808,4.518694877624512,2.945490598678589,144.63259887695312,0.039248477667570114,0.8762964606285095,-,-,-,-,-
16,7936,4.380561828613281,2.8403234481811523,139.55470275878906,0.037234608083963394,1.0745657682418823,-,-,-,-,-
16,8064,4.844912528991699,3.1456754207611084,154.50958251953125,0.040698714554309845,1.134429931640625,-,-,-,-,-
16,8192,4.86306619644165,3.1415281295776367,154.5364532470703,0.03872182220220566,1.3745148181915283,-,-,-,-,-
16,8320,5.726318836212158,3.707925319671631,182.18775939941406,0.04375877231359482,1.5275702476501465,3.8032259941101074,2.440554141998291,119.31002044677734,0.03479526564478874,1.347764253616333
16,8448,4.262404918670654,2.7497289180755615,134.65228271484375,0.034426383674144745,1.3172706365585327,-,-,-,-,-
16,8576,3.7221035957336426,2.417654275894165,117.88495635986328,0.04016982018947601,0.8543003797531128,-,-,-,-,-
16,8704,5.486354351043701,3.5697619915008545,175.78680419921875,0.039170414209365845,1.195541501045227,-,-,-,-,-
16,8832,4.058158874511719,2.6368460655212402,128.84603881835938,0.03859711438417435,0.9425566792488098,-,-,-,-,-
16,8960,3.5230979919433594,2.2778546810150146,110.79918670654297,0.039365556091070175,0.9788582921028137,8.247477531433105,5.390433311462402,267.2231140136719,0.043555326759815216,1.4125778675079346
16,9088,3.2253339290618896,2.0442850589752197,99.24871826171875,0.03758200630545616,1.5097973346710205,-,-,-,-,-
16,9216,3.627063751220703,2.3323609828948975,113.75456237792969,0.03761783614754677,1.1953932046890259,-,-,-,-,-
16,9344,4.454543590545654,2.8811285495758057,141.64300537109375,0.03746255487203598,1.1952229738235474,-,-,-,-,-
16,9472,6.286818981170654,4.0407490730285645,199.27297973632812,0.04150773957371712,2.11832332611084,-,-,-,-,-
16,9600,6.140493869781494,3.995774030685425,196.83287048339844,0.04357023537158966,1.3282099962234497,3.630502462387085,2.34668231010437,114.52742767333984,0.04127137362957001,0.9727440476417542
16,9728,3.979680061340332,2.5883960723876953,126.57823944091797,0.034353576600551605,0.911480724811554,-,-,-,-,-
16,9856,3.8803205490112305,2.5332446098327637,123.84879302978516,0.037748053669929504,0.7083993554115295,-,-,-,-,-
16,9984,8.39081859588623,5.4975714683532715,272.61590576171875,0.04179542511701584,1.252930760383606,-,-,-,-,-
16,10112,4.1219916343688965,2.6611247062683105,129.97073364257812,0.040210410952568054,1.2094933986663818,-,-,-,-,-
16,10240,4.8157854080200195,3.1017909049987793,151.9921875,0.03881760314106941,1.55255126953125,5.343091011047363,3.4339182376861572,168.89768981933594,0.03874736651778221,1.8144822120666504
16,10368,4.0382981300354,2.572567939758301,125.6624755859375,0.04165642336010933,1.6744904518127441,-,-,-,-,-
16,10496,4.134293556213379,2.678912401199341,131.09637451171875,0.039887286722660065,1.0452969074249268,-,-,-,-,-
16,10624,8.468965530395508,5.524479866027832,273.5780029296875,0.04175015538930893,1.669560432434082,-,-,-,-,-
16,10752,8.205938339233398,5.3639116287231445,265.442138671875,0.04369717836380005,1.4390733242034912,-,-,-,-,-
16,10880,3.2759628295898438,2.097320079803467,102.05738067626953,0.035867638885974884,1.222015619277954,5.474832057952881,3.5683329105377197,175.48233032226562,0.03830501437187195,1.133708119392395
16,11008,5.920887470245361,3.8473033905029297,189.64663696289062,0.04149705544114113,1.3562060594558716,-,-,-,-,-
16,11136,5.224794864654541,3.3959765434265137,166.88575744628906,0.04082958772778511,1.1913124322891235,-,-,-,-,-
16,11264,4.8219404220581055,3.154930353164673,155.1964874267578,0.036127328872680664,0.7891762256622314,-,-,-,-,-
16,11392,4.317078590393066,2.8005599975585938,137.26499938964844,0.04506944492459297,0.9879904389381409,-,-,-,-,-
16,11520,7.2338643074035645,4.731309413909912,233.954345703125,0.04395906254649162,1.1905227899551392,3.33096981048584,2.146491765975952,104.38552856445312,0.03921066224575043,1.0141210556030273
16,11648,4.371046543121338,2.8344790935516357,139.0068817138672,0.04113152250647545,1.053671956062317,-,-,-,-,-
16,11776,4.792168140411377,3.092170238494873,151.66671752929688,0.04020220413804054,1.4312909841537476,-,-,-,-,-
16,11904,4.723991394042969,3.0790507793426514,151.25572204589844,0.0393369235098362,0.9304599761962891,-,-,-,-,-
16,12032,6.418588638305664,4.175994873046875,206.14183044433594,0.04428115114569664,1.368943214416504,-,-,-,-,-
16,12160,4.092217445373535,2.637834310531616,129.26300048828125,0.036895230412483215,1.248577356338501,3.047192096710205,1.9660860300064087,95.64861297607422,0.03814569115638733,0.8647415041923523
16,12288,3.4922542572021484,2.2596068382263184,110.26554107666016,0.03644753620028496,0.9354457259178162,-,-,-,-,-
16,12416,4.94514799118042,3.187657356262207,156.35699462890625,0.044849660247564316,1.4907084703445435,-,-,-,-,-
16,12544,4.591680526733398,2.946953773498535,144.4934539794922,0.04123464599251747,1.5855791568756104,-,-,-,-,-
16,12672,5.177397727966309,3.3843371868133545,166.7000732421875,0.03953690826892853,0.8652313351631165,-,-,-,-,-
16,12800,5.353000640869141,3.4757988452911377,170.823486328125,0.042425453662872314,1.2654175758361816,6.225620269775391,4.087957382202148,201.60479736328125,0.04036042094230652,0.8125462532043457
16,12928,5.015171051025391,3.2576682567596436,159.99740600585938,0.04089154675602913,1.1663738489151,-,-,-,-,-
16,13056,3.5104880332946777,2.2590458393096924,109.97640991210938,0.03821737691760063,1.134608507156372,-,-,-,-,-
16,13184,3.5626778602600098,2.293111801147461,112.00040435791016,0.03889542445540428,1.1066652536392212,-,-,-,-,-
16,13312,5.086699485778809,3.270176887512207,160.79061889648438,0.041254956275224686,1.6736112833023071,-,-,-,-,-
16,13440,3.7351858615875244,2.3816325664520264,116.50615692138672,0.03762943297624588,1.5086215734481812,5.292552947998047,3.4147520065307617,168.26312255859375,0.04425352066755295,1.509163498878479
16,13568,9.046858787536621,5.927976131439209,294.4981994628906,0.04645948112010956,1.2744097709655762,-,-,-,-,-
16,13696,3.6270179748535156,2.286094903945923,111.41410064697266,0.04300319030880928,1.8377907276153564,-,-,-,-,-
16,13824,4.068630695343018,2.6393330097198486,129.45687866210938,0.03852853178977966,0.9620046019554138,-,-,-,-,-
16,13952,4.327057838439941,2.749645233154297,134.7266845703125,0.0364663228392601,1.9367960691452026,-,-,-,-,-
16,14080,3.7046520709991455,2.3714938163757324,115.43864440917969,0.041753485798835754,1.370181918144226,4.636417865753174,2.969032049179077,145.3013916015625,0.040886227041482925,1.7348593473434448
16,14208,3.4692370891571045,2.2111928462982178,107.36712646484375,0.03787098079919815,1.4650236368179321,-,-,-,-,-
16,14336,6.4323859214782715,4.168970108032227,205.97560119628906,0.041499990969896317,1.621594786643982,-,-,-,-,-
16,14464,3.4401326179504395,2.1765713691711426,105.97938537597656,0.038210079073905945,1.655570387840271,-,-,-,-,-
16,14592,5.241844654083252,3.3845291137695312,166.2959747314453,0.04852183908224106,1.4583417177200317,-,-,-,-,-
16,14720,6.288650035858154,4.0507354736328125,199.75833129882812,0.04371804744005203,1.9661349058151245,4.361179828643799,2.7974090576171875,137.09535217285156,0.04111412540078163,1.5170279741287231
16,14848,3.675344228744507,2.373610258102417,115.85321807861328,0.04112159460783005,1.0208027362823486,-,-,-,-,-
16,14976,4.255131721496582,2.709554433822632,132.5410919189453,0.040957964956760406,1.7920817136764526,-,-,-,-,-
16,15104,4.959338665008545,3.1575427055358887,154.63710021972656,0.0439944751560688,2.114305019378662,-,-,-,-,-
16,15232,4.73081636428833,3.0601632595062256,149.95718383789062,0.03952062129974365,1.3156044483184814,-,-,-,-,-
16,15360,6.83958625793457,4.390048027038574,217.56031799316406,0.03727022558450699,2.3666534423828125,4.957281589508057,3.228685140609741,158.32754516601562,0.044843513518571854,1.00477135181427
16,15488,6.211949825286865,4.022652626037598,198.6463165283203,0.03837711364030838,1.644569993019104,-,-,-,-,-
16,15616,3.450211524963379,2.14982271194458,104.56031036376953,0.037961795926094055,2.168241500854492,-,-,-,-,-
16,15744,4.742262840270996,3.076528310775757,151.33477783203125,0.041652861982584,1.1073417663574219,-,-,-,-,-
16,15872,5.895999431610107,3.787452459335327,186.89425659179688,0.04452114179730415,1.9508310556411743,-,-,-,-,-
16,16000,5.264507293701172,3.38195538520813,166.52658081054688,0.04350593686103821,1.737799882888794,4.94320011138916,3.15714168548584,154.76048278808594,0.04138641059398651,1.970672369003296
16,16128,4.247777462005615,2.6960315704345703,131.93458557128906,0.040476009249687195,1.9192390441894531,-,-,-,-,-
16,16256,4.923920631408691,3.1040608882904053,152.48330688476562,0.039919231086969376,2.5510754585266113,-,-,-,-,-
16,16384,3.7095792293548584,2.3052923679351807,112.60740661621094,0.03772007301449776,2.40492844581604,-,-,-,-,-
16,16512,3.513956308364868,2.262010335922241,110.2312240600586,0.040406398475170135,1.0922718048095703,-,-,-,-,-
16,16640,3.6968994140625,2.270524501800537,110.59137725830078,0.04264553636312485,2.7781577110290527,5.110681533813477,3.3049733638763428,162.65225219726562,0.04229668900370598,1.368890404701233
16,16768,3.5563533306121826,2.3042359352111816,112.33222198486328,0.04058185592293739,0.8821321129798889,-,-,-,-,-
16,16896,3.1927855014801025,1.9801173210144043,96.05680084228516,0.039189789444208145,2.129103422164917,-,-,-,-,-
16,17024,3.244856119155884,2.1004252433776855,102.01622772216797,0.0369899682700634,0.872787356376648,-,-,-,-,-
16,17152,4.551747798919678,2.897869825363159,142.39657592773438,0.03757907450199127,1.9233341217041016,-,-,-,-,-
16,17280,3.3704960346221924,2.1691551208496094,105.50413513183594,0.03521350026130676,1.1108616590499878,5.528536319732666,3.5497379302978516,174.8368682861328,0.03814489394426346,1.922847032546997
16,17408,7.2595391273498535,4.631609916687012,228.830322265625,0.04557522013783455,2.940507650375366,-,-,-,-,-
16,17536,5.563331604003906,3.5397140979766846,174.1671905517578,0.043761152774095535,2.3818466663360596,-,-,-,-,-
16,17664,5.973207950592041,3.821963310241699,188.40878295898438,0.04283525049686432,2.2432172298431396,-,-,-,-,-
16,17792,4.826587200164795,3.042085647583008,149.29135131835938,0.04181567579507828,2.4977242946624756,-,-,-,-,-
16,17920,5.385116100311279,3.4813313484191895,171.24913024902344,0.04449227452278137,1.468009352684021,4.0194172859191895,2.5457816123962402,124.02408599853516,0.038883328437805176,1.9451125860214233
16,18048,4.883110523223877,3.097161293029785,151.93234252929688,0.04175528883934021,2.248706579208374,-,-,-,-,-
16,18176,4.361868858337402,2.7557449340820312,134.71481323242188,0.03848404064774513,2.2049179077148438,-,-,-,-,-
16,18304,8.073077201843262,5.255151271820068,260.4024353027344,0.042588964104652405,1.7131257057189941,-,-,-,-,-
16,18432,3.4478724002838135,2.1697022914886475,105.51717376708984,0.03800644353032112,1.8499174118041992,-,-,-,-,-
16,18560,3.8335862159729004,2.4276740550994873,118.62171173095703,0.03619660064578056,1.8349846601486206,4.809844970703125,3.086240291595459,151.33937072753906,0.04024806246161461,1.6996269226074219
16,18688,4.512023448944092,2.887744665145874,141.62110900878906,0.04099307581782341,1.670744776725769,-,-,-,-,-
16,18816,4.2257466316223145,2.6105709075927734,127.58312225341797,0.04346337169408798,2.958810806274414,-,-,-,-,-
16,18944,4.104264736175537,2.6277217864990234,128.22293090820312,0.041100483387708664,1.5321321487426758,-,-,-,-,-
16,19072,3.545687198638916,2.227816581726074,108.12874603271484,0.03937438130378723,1.9720898866653442,-,-,-,-,-
16,19200,3.881000518798828,2.486323595046997,121.79743957519531,0.035591863095760345,1.4111073017120361,3.956838369369507,2.4870851039886475,121.72126007080078,0.03579168766736984,2.1674911975860596
16,19328,4.8799591064453125,3.1205692291259766,153.1934814453125,0.03860790655016899,1.8884719610214233,-,-,-,-,-
16,19456,4.443951606750488,2.8741281032562256,140.71954345703125,0.04249410703778267,1.201337456703186,-,-,-,-,-
16,19584,4.310093879699707,2.702707052230835,132.133056640625,0.04227088391780853,2.4378585815429688,-,-,-,-,-
16,19712,5.3619794845581055,3.4852304458618164,171.4389190673828,0.04640904441475868,1.1595067977905273,-,-,-,-,-
16,19840,4.458439826965332,2.8387458324432373,139.16835021972656,0.042016156017780304,1.859947681427002,3.6624584197998047,2.3302624225616455,113.42200469970703,0.03967595100402832,1.5830010175704956
16,19968,3.5440385341644287,2.2721149921417236,110.87622833251953,0.03466366231441498,1.2849757671356201,-,-,-,-,-
16,20096,5.746991157531738,3.682166814804077,181.26107788085938,0.04361354932188988,2.08599853515625,-,-,-,-,-
16,20224,4.274184703826904,2.6576993465423584,129.7449493408203,0.041057195514440536,2.779790163040161,-,-,-,-,-
16,20352,4.3292317390441895,2.7235524654388428,133.08322143554688,0.04371694475412369,2.31130313873291,-,-,-,-,-
16,20480,6.905817031860352,4.4120893478393555,217.84156799316406,0.043580543249845505,2.717320442199707,5.070449352264404,3.2665963172912598,160.2117156982422,0.04524499922990799,1.564907431602478
16,20608,3.0299949645996094,1.9675164222717285,95.47756958007812,0.03467029705643654,0.730323314666748,-,-,-,-,-
16,20736,4.3631510734558105,2.7650046348571777,135.58164978027344,0.03851285204291344,2.038172483444214,-,-,-,-,-
16,20864,4.267284393310547,2.735435962677002,133.78353881835938,0.04279038682579994,1.5122278928756714,-,-,-,-,-
16,20992,5.20904016494751,3.3503870964050293,164.6972198486328,0.041768234223127365,1.6991300582885742,-,-,-,-,-
16,21120,5.827541828155518,3.7752628326416016,186.0893096923828,0.041983712464571,1.4940193891525269,5.329010963439941,3.464165687561035,170.2917022705078,0.04193076491355896,1.1999765634536743
16,21248,3.9572033882141113,2.5485775470733643,125.08734130859375,0.03562594950199127,1.2212661504745483,-,-,-,-,-
16,21376,8.386878967285156,5.493701457977295,272.9473876953125,0.0402948334813118,1.234095573425293,-,-,-,-,-
16,21504,4.6073198318481445,2.9146785736083984,143.08438110351562,0.04075630009174347,2.2104122638702393,-,-,-,-,-
16,21632,3.4136290550231934,2.2058608531951904,107.64315795898438,0.03412124142050743,0.9721540212631226,-,-,-,-,-
16,21760,3.5699691772460938,2.2720320224761963,110.72489929199219,0.037381500005722046,1.5330668687820435,4.662967681884766,3.0426747798919678,149.0588836669922,0.039579879492521286,0.9012436866760254
16,21888,4.428699493408203,2.9043471813201904,142.50164794921875,0.036652274429798126,0.6268358826637268,-,-,-,-,-
16,22016,3.213994264602661,2.0522778034210205,99.63531494140625,0.037068404257297516,1.2829487323760986,-,-,-,-,-
16,22144,8.755373001098633,5.748242378234863,285.27703857421875,0.04055098816752434,1.1380817890167236,-,-,-,-,-
16,22272,3.4915199279785156,2.229830741882324,108.85716247558594,0.038172073662281036,1.3494572639465332,-,-,-,-,-
16,22400,7.32749605178833,4.805372714996338,238.30523681640625,0.03893394395709038,1.0013704299926758,3.446296215057373,2.204848527908325,107.26705932617188,0.03735578432679176,1.3142104148864746
16,22528,4.578207969665527,2.911024332046509,142.73829650878906,0.0403754860162735,1.9942455291748047,-,-,-,-,-
16,22656,5.31289005279541,3.4179842472076416,168.24432373046875,0.041998013854026794,1.7046432495117188,-,-,-,-,-
16,22784,4.255219459533691,2.7245166301727295,133.51849365234375,0.03934962674975395,1.561684012413025,-,-,-,-,-
16,22912,3.6208198070526123,2.3404617309570312,114.18183135986328,0.038121823221445084,1.0041784048080444,-,-,-,-,-
16,23040,3.229621171951294,2.049724817276001,99.56847381591797,0.03743520379066467,1.467761754989624,4.130161762237549,2.6735451221466064,130.5786590576172,0.036956220865249634,1.138741135597229
16,23168,4.568841934204102,2.9421236515045166,144.15011596679688,0.03996748849749565,1.452494740486145,-,-,-,-,-
16,23296,5.209109783172607,3.3004863262176514,161.92007446289062,0.04039350897073746,2.490293264389038,-,-,-,-,-
16,23424,3.832869529724121,2.4951345920562744,122.02581024169922,0.03818274289369583,0.792942464351654,-,-,-,-,-
16,23552,3.5465595722198486,2.2725110054016113,111.03636932373047,0.03771248459815979,1.2597218751907349,-,-,-,-,-
16,23680,4.237093925476074,2.698277473449707,131.97218322753906,0.038322433829307556,1.807724952697754,5.05986213684082,3.243779420852661,159.57826232910156,0.040129903703927994,1.8016996383666992
16,23808,3.826767921447754,2.40324330329895,117.17923736572266,0.04016166552901268,2.1157071590423584,-,-,-,-,-
16,23936,5.673281669616699,3.682036876678467,181.83474731445312,0.041255395859479904,1.316417932510376,-,-,-,-,-
16,24064,4.43336820602417,2.834529161453247,139.24160766601562,0.035433925688266754,1.7098950147628784,-,-,-,-,-
16,24192,3.9935669898986816,2.595703125,127.25572967529297,0.03683430701494217,0.8847240805625916,-,-,-,-,-
16,24320,3.0984482765197754,1.9450255632400513,94.1334228515625,0.03798263520002365,1.7410577535629272,5.318395614624023,3.4630908966064453,170.43687438964844,0.043197933584451675,1.0773797035217285
16,24448,6.04074764251709,3.9203901290893555,193.0508270263672,0.04368966072797775,1.4615962505340576,-,-,-,-,-
16,24576,4.310445785522461,2.7285525798797607,133.47911071777344,0.041002992540597916,2.060991048812866,-,-,-,-,-
16,24704,4.089168548583984,2.6183218955993652,128.2115936279297,0.0392669141292572,1.4946388006210327,-,-,-,-,-
16,24832,4.155200004577637,2.557408571243286,124.88301849365234,0.04184241592884064,3.0711886882781982,-,-,-,-,-
16,24960,2.7318923473358154,1.7393980026245117,84.1324462890625,0.03663173317909241,1.1453827619552612,7.577297687530518,4.8417744636535645,239.66632080078125,0.0472661592066288,2.915940284729004
16,25088,4.231990814208984,2.649980068206787,129.36105346679688,0.041888829320669174,2.465113639831543,-,-,-,-,-
16,25216,4.712980270385742,2.985426425933838,146.3050994873047,0.0434572733938694,2.210456609725952,-,-,-,-,-
16,25344,3.3277971744537354,2.1231751441955566,103.56834411621094,0.03713654726743698,1.3180214166641235,-,-,-,-,-
16,25472,3.9163615703582764,2.5042951107025146,122.70932006835938,0.04055559262633324,1.4441770315170288,-,-,-,-,-
16,25600,3.7731730937957764,2.432741403579712,119.02159881591797,0.038394831120967865,1.1182085275650024,3.7582030296325684,2.4111714363098145,117.86224365234375,0.0400296114385128,1.283798098564148
16,25728,5.382684230804443,3.4606215953826904,170.0791015625,0.04375908523797989,1.7751259803771973,-,-,-,-,-
16,25856,4.421813488006592,2.8746767044067383,140.9237518310547,0.03380701690912247,1.0409259796142578,-,-,-,-,-
16,25984,4.332781791687012,2.8181521892547607,138.0641326904297,0.040874969214200974,0.9311318397521973,-,-,-,-,-
16,26112,4.424899578094482,2.8375744819641113,139.02496337890625,0.042366065084934235,1.5470929145812988,-,-,-,-,-
16,26130,2.396423816680908,1.5308618545532227,74.08788299560547,0.03476399555802345,0.8991904854774475,5.873267650604248,3.787203788757324,186.69395446777344,0.043947894126176834,1.751763939857483
17,128,4.4538984298706055,2.8174703121185303,138.15147399902344,0.04218139871954918,2.127317190170288,-,-,-,-,-
17,256,4.852856636047363,3.0958616733551025,152.03268432617188,0.039770256727933884,1.9689821004867554,-,-,-,-,-
17,384,3.504457473754883,2.2719504833221436,110.66677856445312,0.03929940611124039,0.8653967976570129,-,-,-,-,-
17,512,4.332201957702637,2.781954288482666,136.19308471679688,0.03770603612065315,1.506110668182373,-,-,-,-,-
17,640,4.0826191902160645,2.6285836696624756,128.58995056152344,0.038244765251874924,1.2989133596420288,4.14671516418457,2.6315672397613525,128.57363891601562,0.03972158953547478,1.8969025611877441
17,768,4.18607234954834,2.6780858039855957,131.1302032470703,0.03803551569581032,1.5864875316619873,-,-,-,-,-
17,896,3.043199300765991,1.9803285598754883,96.317626953125,0.037113115191459656,0.625812828540802,-,-,-,-,-
17,1024,3.862156867980957,2.487060308456421,121.65276336669922,0.03919120877981186,1.1937752962112427,-,-,-,-,-
17,1152,5.195799350738525,3.3805415630340576,165.9683074951172,0.04202622175216675,1.1354871988296509,-,-,-,-,-
17,1280,3.398257255554199,2.1877059936523438,106.71479034423828,0.036049287766218185,1.0735408067703247,5.023565769195557,3.2512431144714355,159.60476684570312,0.04542669281363487,1.3084794282913208
17,1408,5.088428020477295,3.30570912361145,162.3658447265625,0.042300738394260406,1.1675972938537598,-,-,-,-,-
17,1536,4.720969200134277,3.0178093910217285,147.74278259277344,0.040919333696365356,1.8481268882751465,-,-,-,-,-
17,1664,5.813117027282715,3.8165884017944336,188.14541625976562,0.0411742702126503,0.7390039563179016,-,-,-,-,-
17,1792,6.114725589752197,3.912189245223999,192.68695068359375,0.042218949645757675,2.334475040435791,-,-,-,-,-
17,1920,4.575053691864014,2.9249088764190674,143.1329803466797,0.04201948270201683,1.767958641052246,3.286226511001587,2.0998916625976562,102.24080657958984,0.038646239787340164,1.2528061866760254
17,2048,7.1876749992370605,4.647793292999268,230.1094207763672,0.04228995740413666,1.9649778604507446,-,-,-,-,-
17,2176,4.238615989685059,2.6569387912750244,130.00448608398438,0.03912242874503136,2.425102710723877,-,-,-,-,-
17,2304,7.25009822845459,4.752567768096924,235.52377319335938,0.03937944397330284,1.029133677482605,-,-,-,-,-
17,2432,3.560903310775757,2.2802670001983643,111.13511657714844,0.040241632610559464,1.2904343605041504,-,-,-,-,-
17,2560,5.336647987365723,3.4533486366271973,169.42567443847656,0.04173245280981064,1.4731042385101318,5.185380935668945,3.293165445327759,161.9177703857422,0.03890545293688774,2.3413209915161133
17,2688,3.4623286724090576,2.2173938751220703,108.06999969482422,0.03491632267832756,1.2931840419769287,-,-,-,-,-
17,2816,3.995485782623291,2.506910562515259,122.55338287353516,0.04004963859915733,2.2299201488494873,-,-,-,-,-
17,2944,4.052640438079834,2.5516908168792725,125.11199951171875,0.03874650597572327,2.1108336448669434,-,-,-,-,-
17,3072,3.6489410400390625,2.276851177215576,110.92339324951172,0.04199405387043953,2.2086181640625,-,-,-,-,-
17,3200,4.252546310424805,2.569333553314209,125.2919692993164,0.04219263046979904,3.8810036182403564,4.302028656005859,2.780857563018799,136.08816528320312,0.037567224353551865,1.2272248268127441
17,3328,4.750755786895752,3.090416431427002,151.76832580566406,0.03770066425204277,1.0495522022247314,-,-,-,-,-
17,3456,4.633337497711182,2.8979811668395996,141.7250213623047,0.040337227284908295,2.7776918411254883,-,-,-,-,-
17,3584,4.851798057556152,3.074152946472168,150.18157958984375,0.039618462324142456,2.3621058464050293,-,-,-,-,-
17,3712,9.624031066894531,6.230318546295166,308.9805908203125,0.042465467005968094,2.614408254623413,-,-,-,-,-
17,3840,6.691280364990234,4.214234828948975,207.5652618408203,0.040356528013944626,3.6103618144989014,4.80544376373291,3.1157240867614746,152.36415100097656,0.041887421160936356,1.2419073581695557
17,3968,6.612464427947998,4.287873268127441,211.25233459472656,0.045990630984306335,1.660776972770691,-,-,-,-,-
17,4096,3.24273681640625,1.961437463760376,95.07404327392578,0.03537257760763168,2.9518661499023438,-,-,-,-,-
17,4224,4.453731060028076,2.7496416568756104,134.32342529296875,0.040728140622377396,3.2012722492218018,-,-,-,-,-
17,4352,5.125026226043701,2.9970710277557373,146.80874633789062,0.04052240028977394,6.193450927734375,-,-,-,-,-
17,4480,4.424993515014648,2.8531241416931152,139.77293395996094,0.03989241644740105,1.3424774408340454,2.6429443359375,1.5131988525390625,72.9267349243164,0.03621096909046173,3.642671585083008
17,4608,4.820652008056641,2.943763017654419,144.50213623046875,0.041902266442775726,3.8996570110321045,-,-,-,-,-
17,4736,6.246054649353027,4.057848930358887,200.33999633789062,0.04283073917031288,1.4197481870651245,-,-,-,-,-
17,4864,2.8336567878723145,1.7359548807144165,83.5802001953125,0.03779393434524536,2.2410597801208496,-,-,-,-,-
17,4992,5.826412200927734,3.7883167266845703,186.68365478515625,0.04122505336999893,1.3003400564193726,-,-,-,-,-
17,5120,7.623016357421875,4.873828887939453,241.1539306640625,0.044275667518377304,2.9337244033813477,3.2328319549560547,2.05688738822937,100.1656723022461,0.03700684756040573,1.3728084564208984
17,5248,4.208337306976318,2.6802914142608643,131.10513305664062,0.043043311685323715,1.739518404006958,-,-,-,-,-
17,5376,4.395392894744873,2.777606248855591,135.6402130126953,0.04585665464401245,2.1552820205688477,-,-,-,-,-
17,5504,7.706118106842041,4.886075496673584,241.63796997070312,0.04314408078789711,3.6051909923553467,-,-,-,-,-
17,5632,4.287652969360352,2.78171968460083,136.16958618164062,0.03925777226686478,1.0497941970825195,-,-,-,-,-
17,5760,2.679772138595581,1.6875722408294678,81.62743377685547,0.03322670981287956,1.426986575126648,4.920835971832275,3.1099488735198975,152.9526824951172,0.037841759622097015,2.4351818561553955
17,5888,3.9967331886291504,2.5162644386291504,122.86569213867188,0.03658608719706535,2.1522581577301025,-,-,-,-,-
17,6016,3.9358582496643066,2.4691483974456787,120.41893768310547,0.03546392172574997,2.2705678939819336,-,-,-,-,-
17,6144,5.070709228515625,3.2755393981933594,161.3022003173828,0.038152724504470825,1.4399522542953491,-,-,-,-,-
17,6272,4.289884090423584,2.729851007461548,133.70034790039062,0.0383438877761364,1.8468550443649292,-,-,-,-,-
17,6400,4.9657416343688965,3.208204984664917,157.85772705078125,0.03777436912059784,1.4118480682373047,4.254809379577637,2.7276880741119385,133.53103637695312,0.03751010447740555,1.5430121421813965
17,6528,5.440124034881592,3.485130786895752,171.3383026123047,0.04428209364414215,1.9732788801193237,-,-,-,-,-
17,6656,2.7086682319641113,1.763655662536621,85.26618957519531,0.03450588509440422,0.5784488320350647,-,-,-,-,-
17,6784,5.251702785491943,3.4006125926971436,167.2875518798828,0.03807581961154938,1.4013839960098267,-,-,-,-,-
17,6912,4.515689849853516,2.932943820953369,143.4752960205078,0.03872286155819893,1.092700481414795,-,-,-,-,-
17,7040,3.908778429031372,2.560000419616699,125.53474426269531,0.035520363599061966,0.5791046023368835,3.582578182220459,2.3301241397857666,113.69865417480469,0.03656919300556183,0.7889836430549622
17,7168,4.139420032501221,2.6389780044555664,129.20016479492188,0.04633111134171486,1.6210905313491821,-,-,-,-,-
17,7296,4.19307279586792,2.6778900623321533,131.48008728027344,0.034406017512083054,1.659753441810608,-,-,-,-,-
17,7424,2.780496120452881,1.7591845989227295,85.13689422607422,0.03948149457573891,1.304611086845398,-,-,-,-,-
17,7552,9.860003471374512,6.343790531158447,315.1382751464844,0.04316788166761398,3.2166240215301514,-,-,-,-,-
17,7680,3.276533842086792,2.0875473022460938,101.83799743652344,0.037224262952804565,1.3338242769241333,4.4927287101745605,2.861297607421875,140.34408569335938,0.04054888337850571,1.874414086341858
17,7808,4.691745281219482,3.0222737789154053,148.57913208007812,0.03677668049931526,1.4690372943878174,-,-,-,-,-
17,7936,3.9469869136810303,2.5315680503845215,123.454833984375,0.041879646480083466,1.3899095058441162,-,-,-,-,-
17,8064,3.6772093772888184,2.3253650665283203,113.53240966796875,0.03725544363260269,1.7926470041275024,-,-,-,-,-
17,8192,4.489706993103027,2.8440849781036377,139.4193115234375,0.04134441539645195,2.100846290588379,-,-,-,-,-
17,8320,3.7629690170288086,2.353671073913574,114.7521743774414,0.040808141231536865,2.2096803188323975,6.421653747558594,4.166903495788574,206.1393585205078,0.03929007425904274,1.540663719177246
17,8448,3.6522762775421143,2.3475399017333984,114.52474212646484,0.038821108639240265,1.206676721572876,-,-,-,-,-
17,8576,5.510889530181885,3.491891622543335,172.32472229003906,0.04169531539082527,2.540553092956543,-,-,-,-,-
17,8704,4.569752216339111,2.913614511489868,143.30950927734375,0.038127802312374115,1.849143624305725,-,-,-,-,-
17,8832,6.709264278411865,4.371631622314453,215.9643096923828,0.04070724546909332,1.3728249073028564,-,-,-,-,-
17,8960,3.946458339691162,2.4848434925079346,121.77928161621094,0.03523912653326988,2.085829257965088,5.899520397186279,3.7638099193573,185.62588500976562,0.04059026762843132,2.388617515563965
17,9088,3.8452038764953613,2.453230619430542,120.17607879638672,0.03585400432348251,1.5435839891433716,-,-,-,-,-
17,9216,3.726881980895996,2.40417742729187,117.23782348632812,0.03652219474315643,1.1380404233932495,-,-,-,-,-
17,9344,2.6893601417541504,1.7229591608047485,83.75338745117188,0.03298388794064522,0.9588345289230347,-,-,-,-,-
17,9472,7.286806106567383,4.729691505432129,234.36752319335938,0.04220633581280708,1.712334156036377,-,-,-,-,-
17,9600,3.749906063079834,2.4065744876861572,117.70091247558594,0.037473008036613464,1.2884949445724487,4.812821388244629,3.040940999984741,149.3199005126953,0.036854129284620285,2.418271541595459
17,9728,3.979886531829834,2.4968178272247314,122.0423355102539,0.03858223930001259,2.240629196166992,-,-,-,-,-
17,9856,5.880466938018799,3.699986457824707,181.88772583007812,0.04121525213122368,3.2038803100585938,-,-,-,-,-
17,9984,4.972763538360596,3.206181764602661,157.72787475585938,0.03924635052680969,1.5005658864974976,-,-,-,-,-
17,10112,4.215668678283691,2.7083663940429688,132.64694213867188,0.038596559315919876,1.422364354133606,-,-,-,-,-
17,10240,4.9427032470703125,3.2037742137908936,157.58506774902344,0.03797405958175659,1.2510449886322021,4.292516231536865,2.7553796768188477,134.95204162597656,0.043659649789333344,1.4395639896392822
17,10368,5.886837482452393,3.713637590408325,183.10153198242188,0.04306476563215256,2.9912009239196777,-,-,-,-,-
17,10496,5.951300621032715,3.737370729446411,184.1332244873047,0.045126523822546005,3.2747111320495605,-,-,-,-,-
17,10624,3.183061122894287,2.0083584785461426,97.81832122802734,0.037480153143405914,1.5903921127319336,-,-,-,-,-
17,10752,3.9621880054473877,2.4935266971588135,121.98191833496094,0.03667433187365532,2.121677875518799,-,-,-,-,-
17,10880,6.429788112640381,4.11086368560791,203.03236389160156,0.04061708599328995,2.479837417602539,5.8066606521606445,3.771785259246826,185.7067108154297,0.04173552244901657,1.3607280254364014
17,11008,3.227365493774414,2.0971524715423584,102.10838317871094,0.03563167527318001,0.7349755167961121,-,-,-,-,-
17,11136,4.1991448402404785,2.651501417160034,129.53057861328125,0.04109632968902588,2.112410545349121,-,-,-,-,-
17,11264,5.340382099151611,3.4437363147735596,169.5872802734375,0.04096198081970215,1.598107099533081,-,-,-,-,-
17,11392,2.7810585498809814,1.7617415189743042,85.34790802001953,0.03751024603843689,1.2832775115966797,-,-,-,-,-
17,11520,4.596250534057617,2.9407095909118652,144.17166137695312,0.041821353137493134,1.7200266122817993,5.043769836425781,3.2492284774780273,159.73599243164062,0.038267504423856735,1.5891417264938354
17,11648,4.090178489685059,2.61508846282959,128.13743591308594,0.03585616871714592,1.578592300415039,-,-,-,-,-
17,11776,4.070234298706055,2.625610828399658,128.38108825683594,0.039861198514699936,1.2095152139663696,-,-,-,-,-
17,11904,5.702371597290039,3.649095058441162,179.4879913330078,0.041448332369327545,2.169485092163086,-,-,-,-,-
17,12032,3.705294132232666,2.4189422130584717,118.08633422851562,0.03497067838907242,0.7051796913146973,-,-,-,-,-
17,12160,3.9160280227661133,2.422222375869751,118.40132141113281,0.03869127109646797,2.7110116481781006,3.3145434856414795,2.1121950149536133,103.0493392944336,0.033126119524240494,1.387291431427002
17,12288,4.896251678466797,3.101029634475708,152.50572204589844,0.03928733989596367,2.3087716102600098,-,-,-,-,-
17,12416,3.525486707687378,2.2859301567077637,111.81401824951172,0.036108292639255524,0.8530814051628113,-,-,-,-,-
17,12544,4.335811138153076,2.723879337310791,133.41612243652344,0.04317084327340126,2.3459975719451904,-,-,-,-,-
17,12672,3.2839767932891846,2.1244354248046875,103.41778564453125,0.0363360196352005,0.8902761936187744,-,-,-,-,-
17,12800,5.128208160400391,3.2637038230895996,160.8593292236328,0.039237771183252335,2.166729211807251,4.7894697189331055,3.0577011108398438,149.79627990722656,0.04120523855090141,1.926003336906433
17,12928,5.283088207244873,3.4023635387420654,167.20094299316406,0.03852535039186478,1.7018970251083374,-,-,-,-,-
17,13056,6.456007957458496,4.213162899017334,208.08270263671875,0.042816370725631714,1.1920185089111328,-,-,-,-,-
17,13184,7.64119815826416,4.903677463531494,243.0907440185547,0.041519224643707275,2.650939464569092,-,-,-,-,-
17,13312,3.3963463306427,2.2068891525268555,107.82136535644531,0.036845527589321136,0.7439808249473572,-,-,-,-,-
17,13440,4.332708358764648,2.690783977508545,131.36572265625,0.04537007212638855,2.828970432281494,3.77974009513855,2.1689202785491943,105.70883178710938,0.03860728442668915,5.151243686676025
17,13568,4.160736560821533,2.546062469482422,124.37849426269531,0.03792424872517586,3.329650402069092,-,-,-,-,-
17,13696,4.950220108032227,3.133601665496826,154.11341857910156,0.03635616973042488,2.391279697418213,-,-,-,-,-
17,13824,5.920422554016113,3.3536489009857178,164.42784118652344,0.044189438223838806,8.783058166503906,-,-,-,-,-
17,13952,3.6799278259277344,2.237377643585205,109.35502624511719,0.03475675731897354,3.1424343585968018,-,-,-,-,-
17,14080,6.577807903289795,3.8945510387420654,192.20648193359375,0.04080112278461456,7.203906536102295,6.837790012359619,3.233241558074951,158.6719970703125,0.042573608458042145,19.75255012512207
17,14208,4.194697380065918,2.2296037673950195,108.9097671508789,0.034887783229351044,8.411083221435547,-,-,-,-,-
17,14336,5.615601539611816,2.805027723312378,137.1692657470703,0.04302676022052765,13.958539009094238,-,-,-,-,-
17,14464,7.951958179473877,2.7104246616363525,132.48236083984375,0.036975741386413574,38.797340393066406,-,-,-,-,-
17,14592,3.757300615310669,2.3506875038146973,114.77842712402344,0.03801887854933739,2.2080986499786377,-,-,-,-,-
17,14720,4.946696758270264,1.8282485008239746,88.52442169189453,0.034494832158088684,21.987091064453125,6.251287460327148,3.324383020401001,163.23468017578125,0.04090534895658493,12.536520004272461
17,14848,5.093567371368408,2.476297378540039,120.8470687866211,0.03725292161107063,13.715463638305664,-,-,-,-,-
17,14976,9.140398025512695,3.10227370262146,151.9334716796875,0.040985941886901855,44.77803421020508,-,-,-,-,-
17,15104,4.330146312713623,2.7599685192108154,135.22116088867188,0.03676489368081093,1.8120076656341553,-,-,-,-,-
17,15232,8.944637298583984,3.0061521530151367,146.9945526123047,0.04179028049111366,44.267486572265625,-,-,-,-,-
17,15360,6.40377140045166,2.859931468963623,139.71820068359375,0.04031269624829292,21.063453674316406,6.985897064208984,3.6282413005828857,178.29722595214844,0.041687194257974625,15.329968452453613
17,15488,6.273738861083984,3.1734941005706787,155.52322387695312,0.04174017533659935,15.032724380493164,-,-,-,-,-
17,15616,7.842187881469727,3.4171903133392334,168.1417236328125,0.03872767090797424,27.048526763916016,-,-,-,-,-
17,15744,5.3216166496276855,2.6712844371795654,130.5863800048828,0.03770119696855545,13.067675590515137,-,-,-,-,-
17,15872,11.444801330566406,5.603233814239502,277.8841552734375,0.04265156388282776,30.200746536254883,-,-,-,-,-
17,16000,4.169575214385986,2.4394729137420654,118.90991973876953,0.039388738572597504,5.016147136688232,6.740396499633789,2.8969621658325195,142.07437133789062,0.03860874101519585,23.8408145904541
17,16128,6.511356353759766,2.543109655380249,124.408935546875,0.03933875635266304,26.848186492919922,-,-,-,-,-
17,16256,4.204346656799316,2.6199052333831787,128.32586669921875,0.03685601428151131,2.6432693004608154,-,-,-,-,-
17,16384,6.826694488525391,2.921464204788208,143.1340789794922,0.03839779645204544,24.354915618896484,-,-,-,-,-
17,16512,5.105155944824219,3.2319936752319336,159.2212677001953,0.036633461713790894,2.443162679672241,-,-,-,-,-
17,16640,7.790541648864746,3.778268575668335,186.35548400878906,0.04425033554434776,21.044679641723633,3.9849295616149902,2.430448055267334,118.6427001953125,0.04242048040032387,3.256340265274048
17,16768,8.415435791015625,5.379024028778076,266.712158203125,0.04335888847708702,3.2593181133270264,-,-,-,-,-
17,16896,5.407695293426514,2.649479389190674,129.14157104492188,0.03956126421689987,14.272388458251953,-,-,-,-,-
17,17024,5.050220012664795,3.153498888015747,154.84840393066406,0.044303618371486664,3.0393359661102295,-,-,-,-,-
17,17152,5.977976322174072,3.2522501945495605,159.81541442871094,0.04041733220219612,10.871549606323242,-,-,-,-,-
17,17280,6.552038192749023,4.0523786544799805,199.99703979492188,0.04460863769054413,4.55080509185791,4.341376304626465,2.4962880611419678,121.90988159179688,0.03759843483567238,5.883909702301025
17,17408,3.8343958854675293,2.212906837463379,107.90522766113281,0.0355398952960968,5.068968772888184,-,-,-,-,-
17,17536,5.711158752441406,3.510953664779663,172.47821044921875,0.044621843844652176,4.308011531829834,-,-,-,-,-
17,17664,3.996842384338379,2.029355764389038,98.49988555908203,0.03964178264141083,9.428457260131836,-,-,-,-,-
17,17792,4.169661045074463,2.563293218612671,125.13567352294922,0.03781478479504585,3.171959400177002,-,-,-,-,-
17,17920,9.010154724121094,5.203075408935547,258.081298828125,0.03811020031571388,11.881559371948242,4.755150318145752,3.049703359603882,149.78280639648438,0.040694884955883026,1.6692458391189575
17,18048,4.26235818862915,2.716646432876587,133.19541931152344,0.03742131218314171,1.7633649110794067,-,-,-,-,-
17,18176,4.675856590270996,2.4758241176605225,121.12063598632812,0.03832786902785301,9.504985809326172,-,-,-,-,-
17,18304,4.011425018310547,2.6054434776306152,127.75100708007812,0.036069925874471664,0.9240136742591858,-,-,-,-,-
17,18432,5.262223243713379,3.066667318344116,150.75791931152344,0.03863944858312607,6.493373870849609,-,-,-,-,-
17,18560,3.576873302459717,2.304192543029785,112.41131591796875,0.03643150255084038,1.121362328529358,4.845334053039551,2.7249984741210938,133.2624053955078,0.04268459603190422,7.4502692222595215
17,18688,4.6171674728393555,2.8450980186462402,139.37271118164062,0.03550772741436958,3.428351640701294,-,-,-,-,-
17,18816,4.532222270965576,2.890679121017456,141.76141357421875,0.03563046082854271,1.88298499584198,-,-,-,-,-
17,18944,5.5428924560546875,3.355259418487549,165.0467529296875,0.04230174794793129,4.948637962341309,-,-,-,-,-
17,19072,6.340039253234863,4.070202350616455,201.14083862304688,0.03828916326165199,2.2013936042785645,-,-,-,-,-
17,19200,4.831005573272705,2.8308377265930176,138.9375,0.0415378212928772,5.69254732131958,6.268693923950195,4.007933139801025,197.96412658691406,0.04362407699227333,2.3749537467956543
17,19328,4.7221879959106445,3.046558380126953,149.8236846923828,0.04173247516155243,1.3566070795059204,-,-,-,-,-
17,19456,6.782225131988525,4.213753700256348,208.29046630859375,0.04176889732480049,4.4379754066467285,-,-,-,-,-
17,19584,8.41490364074707,5.452633380889893,270.52490234375,0.04140070080757141,2.1561968326568604,-,-,-,-,-
17,19712,3.4467051029205322,2.0762994289398193,101.07432556152344,0.03461455926299095,3.250476360321045,-,-,-,-,-
17,19840,5.108951568603516,3.2181384563446045,158.6902618408203,0.03820342570543289,2.6570684909820557,3.886234760284424,2.249065399169922,109.7750473022461,0.0369320884346962,5.024868965148926
17,19968,4.9400739669799805,2.870595932006836,140.8621368408203,0.04137231409549713,6.194845676422119,-,-,-,-,-
17,20096,4.207510471343994,2.6842126846313477,131.71823120117188,0.037574078887701035,1.6854113340377808,-,-,-,-,-
17,20224,2.9207117557525635,1.7008599042892456,82.42701721191406,0.032324615865945816,3.6325724124908447,-,-,-,-,-
17,20352,2.827901840209961,1.7805620431900024,86.35800170898438,0.03527819365262985,1.4848170280456543,-,-,-,-,-
17,20480,3.183870315551758,1.962912678718567,95.4603500366211,0.03639889135956764,2.299553155899048,4.707669734954834,2.913370370864868,143.29893493652344,0.03936745598912239,3.219423294067383
17,20608,3.330740451812744,2.0833990573883057,101.52213287353516,0.034513749182224274,1.9760644435882568,-,-,-,-,-
17,20736,3.612586736679077,2.278398275375366,111.46641540527344,0.035630155354738235,1.8389413356781006,-,-,-,-,-
17,20864,5.007998943328857,3.1203525066375732,153.1221923828125,0.043108854442834854,3.1331593990325928,-,-,-,-,-
17,20992,3.57238507270813,2.2727699279785156,110.94363403320312,0.03590752184391022,1.5427134037017822,-,-,-,-,-
17,21120,4.348292827606201,2.7217016220092773,133.49647521972656,0.03803233802318573,2.535937547683716,4.4371418952941895,2.853991746902466,139.8887939453125,0.03870578482747078,1.4555630683898926
17,21248,3.643629312515259,2.3550028800964355,114.77560424804688,0.03849266842007637,1.0237758159637451,-,-,-,-,-
17,21376,4.386355400085449,2.7827587127685547,136.3799591064453,0.03793131560087204,2.0186588764190674,-,-,-,-,-
17,21504,4.876641273498535,3.1754705905914307,155.7894287109375,0.03732941672205925,1.0594677925109863,-,-,-,-,-
17,21632,4.364798069000244,2.806419849395752,137.53384399414062,0.03921705484390259,1.4382247924804688,-,-,-,-,-
17,21760,4.434946537017822,2.864924430847168,140.90638732910156,0.03885963559150696,1.2209832668304443,8.052310943603516,5.229549407958984,259.3757019042969,0.037804581224918365,1.9119995832443237
17,21888,3.7456603050231934,2.383348226547241,116.54351806640625,0.03763739392161369,1.592394471168518,-,-,-,-,-
17,22016,3.744140863418579,2.408313512802124,117.57400512695312,0.03750055283308029,1.2258682250976562,-,-,-,-,-
17,22144,3.494140625,2.265519142150879,110.85944366455078,0.03575947880744934,0.8426772952079773,-,-,-,-,-
17,22272,3.735274314880371,2.3325729370117188,113.84522247314453,0.038112346082925797,2.261368989944458,-,-,-,-,-
17,22400,4.001861095428467,2.557417631149292,124.9486312866211,0.03846263140439987,1.5649467706680298,5.3255791664123535,3.3861398696899414,166.96029663085938,0.03937392681837082,2.304625988006592
17,22528,5.08276891708374,3.2302355766296387,159.0884552001953,0.04008900374174118,2.2155938148498535,-,-,-,-,-
17,22656,4.778486251831055,2.98929500579834,146.95924377441406,0.03801784664392471,2.8158085346221924,-,-,-,-,-
17,22784,3.7090654373168945,2.392010450363159,116.98896026611328,0.03735249862074852,1.0981279611587524,-,-,-,-,-
17,22912,7.7870941162109375,5.0471086502075195,250.28500366210938,0.039801377803087234,1.9733387231826782,-,-,-,-,-
17,23040,3.884805202484131,2.5151801109313965,122.8272476196289,0.0371939018368721,1.0415858030319214,4.41469144821167,2.8439812660217285,139.69178771972656,0.03717494010925293,1.3661736249923706
17,23168,5.130860805511475,3.346343517303467,164.53756713867188,0.040325287729501724,0.9881637096405029,-,-,-,-,-
17,23296,6.57165002822876,4.231215000152588,209.0839385986328,0.04182099923491478,2.0777482986450195,-,-,-,-,-
17,23424,5.625112056732178,3.5898585319519043,177.09690856933594,0.040243491530418396,2.2404096126556396,-,-,-,-,-
17,23552,4.865508556365967,3.1453804969787598,154.5545196533203,0.04089650884270668,1.3368669748306274,-,-,-,-,-
17,23680,3.5282797813415527,2.242415428161621,109.87652587890625,0.03506214916706085,1.5203698873519897,5.149447917938232,3.228623867034912,158.82386779785156,0.04203477501869202,2.905506134033203
17,23808,3.536531925201416,2.243917226791382,109.66914367675781,0.04056080803275108,1.5536251068115234,-,-,-,-,-
17,23936,4.604575157165527,2.92639422416687,143.76229858398438,0.03852584958076477,2.0203211307525635,-,-,-,-,-
17,24064,3.8428618907928467,2.500019073486328,122.56554412841797,0.03459355980157852,0.8259357810020447,-,-,-,-,-
17,24192,3.2664554119110107,2.1065804958343506,102.88239288330078,0.034822456538677216,0.9622852206230164,-,-,-,-,-
17,24320,3.143221378326416,1.9676530361175537,95.72383880615234,0.037697918713092804,1.8063198328018188,4.5830159187316895,2.9334332942962646,143.6530303955078,0.040384139865636826,1.7266805171966553
17,24448,5.216623783111572,3.3201613426208496,163.21420288085938,0.043572328984737396,2.2074813842773438,-,-,-,-,-
17,24576,3.9661197662353516,2.5588181018829346,125.11951446533203,0.03651132807135582,1.1959502696990967,-,-,-,-,-
17,24704,4.634481430053711,2.9313125610351562,143.91551208496094,0.04006911814212799,2.2394447326660156,-,-,-,-,-
17,24832,4.110208511352539,2.654923915863037,130.04302978515625,0.04224548488855362,1.1260886192321777,-,-,-,-,-
17,24960,4.381615161895752,2.760739326477051,135.14064025878906,0.04065779224038124,2.288118600845337,3.5662896633148193,2.3322036266326904,114.09538269042969,0.033927544951438904,0.5920477509498596
17,25088,4.810174942016602,3.1326076984405518,153.70021057128906,0.04155278205871582,0.9901238679885864,-,-,-,-,-
17,25216,4.909155368804932,3.0858941078186035,151.58644104003906,0.03884803503751755,2.685487747192383,-,-,-,-,-
17,25344,4.2867841720581055,2.7571089267730713,135.3382110595703,0.03724902123212814,1.3904443979263306,-,-,-,-,-
17,25472,4.536231517791748,2.9339444637298584,143.98248291015625,0.03748554736375809,1.249767541885376,-,-,-,-,-
17,25600,3.9343597888946533,2.548064708709717,124.64798736572266,0.041736844927072525,0.980783224105835,4.5269551277160645,2.8982646465301514,142.41659545898438,0.036763083189725876,1.6776143312454224
17,25728,4.753702640533447,3.0430712699890137,149.54603576660156,0.0407695434987545,1.7440197467803955,-,-,-,-,-
17,25856,4.2656121253967285,2.7552542686462402,135.14231872558594,0.03989744931459427,1.190373420715332,-,-,-,-,-
17,25984,3.1073226928710938,1.9905622005462646,96.91416931152344,0.03549647331237793,1.1212235689163208,-,-,-,-,-
17,26112,4.340328216552734,2.816621780395508,138.33567810058594,0.039476796984672546,1.0087254047393799,-,-,-,-,-
17,26130,4.474424362182617,2.8790299892425537,141.38150024414062,0.04359001666307449,1.3798969984054565,3.6604182720184326,2.377593517303467,116.16549682617188,0.036594685167074203,0.8457507491111755
18,128,3.7570672035217285,2.4190821647644043,118.40860748291016,0.03732940927147865,1.1656948328018188,-,-,-,-,-
18,256,4.286890506744385,2.756638288497925,134.97792053222656,0.04198339208960533,1.3848912715911865,-,-,-,-,-
18,384,3.782965898513794,2.4225025177001953,118.44634246826172,0.03807287663221359,1.3792712688446045,-,-,-,-,-
18,512,3.5024161338806152,2.2283999919891357,108.81562805175781,0.03747880086302757,1.4838125705718994,-,-,-,-,-
18,640,4.119081974029541,2.673186779022217,131.09375,0.035850584506988525,0.9910728931427002,3.3454298973083496,2.15445613861084,104.70337677001953,0.04123988002538681,1.027000904083252
18,768,4.997376918792725,3.2503960132598877,159.5113983154297,0.03914952650666237,1.127173662185669,-,-,-,-,-
18,896,4.454306125640869,2.8387510776519775,139.0535125732422,0.0399777926504612,1.8504167795181274,-,-,-,-,-
18,1024,4.440919876098633,2.8434765338897705,139.27154541015625,0.03924383968114853,1.6548428535461426,-,-,-,-,-
18,1152,3.915994167327881,2.5270025730133057,123.64924621582031,0.03856844827532768,1.1393073797225952,-,-,-,-,-
18,1280,5.299736976623535,3.4424779415130615,169.26043701171875,0.044345926493406296,1.2030870914459229,3.7175521850585938,2.3703534603118896,115.74010467529297,0.039841871708631516,1.499558687210083
18,1408,4.1391167640686035,2.5979573726654053,126.8494644165039,0.04279381409287453,2.2987098693847656,-,-,-,-,-
18,1536,3.805861234664917,2.393660306930542,116.68693542480469,0.04215391352772713,2.0317776203155518,-,-,-,-,-
18,1664,4.154973030090332,2.6569788455963135,130.03636169433594,0.04103337228298187,1.565975308418274,-,-,-,-,-
18,1792,3.6838998794555664,2.3254241943359375,113.86286926269531,0.036226581782102585,1.836205244064331,-,-,-,-,-
18,1920,4.847663879394531,3.084573745727539,151.3875732421875,0.04140503332018852,2.0780885219573975,5.672515869140625,3.4036123752593994,166.94129943847656,0.04189739748835564,5.575932502746582
18,2048,5.15877628326416,3.143394708633423,154.3975067138672,0.039331525564193726,4.320749282836914,-,-,-,-,-
18,2176,4.225089073181152,2.750112771987915,134.67578125,0.038171641528606415,0.9004707336425781,-,-,-,-,-
18,2304,5.447575092315674,3.377758026123047,166.34263610839844,0.03711538016796112,3.6927523612976074,-,-,-,-,-
18,2432,3.4601752758026123,2.253704786300659,109.87969970703125,0.03550746291875839,0.7216588258743286,-,-,-,-,-
18,2560,8.79745864868164,5.63441276550293,279.4182434082031,0.040651485323905945,3.2821311950683594,3.8394391536712646,2.4725000858306885,120.81523132324219,0.039522718638181686,1.1926418542861938
18,2688,8.416213989257812,5.446977615356445,270.14886474609375,0.046828530728816986,2.2091925144195557,-,-,-,-,-
18,2816,5.564866065979004,3.6159603595733643,177.81344604492188,0.039278000593185425,1.3149316310882568,-,-,-,-,-
18,2944,4.031282424926758,2.578299045562744,126.11579895019531,0.03809724003076553,1.537284255027771,-,-,-,-,-
18,3072,5.323378562927246,3.443141460418701,169.76455688476562,0.03684746101498604,1.4574373960494995,-,-,-,-,-
18,3200,4.435265064239502,2.8147895336151123,137.667724609375,0.042933061718940735,2.008650541305542,6.056365489959717,3.92771053314209,193.55279541015625,0.042301636189222336,1.5082545280456543
18,3328,3.5351855754852295,2.2798409461975098,111.34764099121094,0.03591322898864746,1.0595510005950928,-,-,-,-,-
18,3456,4.364903926849365,2.8152718544006348,138.15760803222656,0.03905129060149193,1.2900482416152954,-,-,-,-,-
18,3584,3.42118501663208,2.200601816177368,107.2596206665039,0.03792736679315567,1.1005961894989014,-,-,-,-,-
18,3712,4.630352973937988,2.9715003967285156,146.06204223632812,0.04378289356827736,1.5444961786270142,-,-,-,-,-
18,3840,7.725799083709717,5.08311653137207,252.08676147460938,0.040085017681121826,0.8173056840896606,4.679137706756592,3.0171337127685547,147.90431213378906,0.041121046990156174,1.4184008836746216
18,3968,4.072890758514404,2.632211446762085,128.7796173095703,0.04291248694062233,1.0997042655944824,-,-,-,-,-
18,4096,4.413243770599365,2.82350754737854,138.36849975585938,0.03692588210105896,1.6912541389465332,-,-,-,-,-
18,4224,3.3888866901397705,2.1712076663970947,105.82789611816406,0.0362464115023613,1.2315388917922974,-,-,-,-,-
18,4352,5.252285480499268,3.4063169956207275,167.50953674316406,0.04297306761145592,1.27900230884552,-,-,-,-,-
18,4480,4.834843635559082,3.1038126945495605,152.48550415039062,0.039214879274368286,1.6696076393127441,3.8813536167144775,2.528966188430786,123.65731811523438,0.03717200085520744,0.786422848701477
18,4608,4.898369789123535,3.168743848800659,155.75390625,0.044734179973602295,1.2735273838043213,-,-,-,-,-
18,4736,3.682518482208252,2.358654737472534,115.28680419921875,0.03894580900669098,1.3204981088638306,-,-,-,-,-
18,4864,4.349052906036377,2.801020622253418,137.0777587890625,0.04140461981296539,1.358500599861145,-,-,-,-,-
18,4992,5.472432613372803,3.471027135848999,170.8787841796875,0.03941844776272774,2.531996488571167,-,-,-,-,-
18,5120,4.106769561767578,2.6626203060150146,130.34674072265625,0.04076430946588516,0.9991723299026489,7.841070175170898,5.06968879699707,251.37625122070312,0.039641041308641434,2.179781198501587
18,5248,4.478911399841309,2.7817108631134033,136.0598907470703,0.04107815772294998,2.9552361965179443,-,-,-,-,-
18,5376,4.931030750274658,3.0695888996124268,150.5861053466797,0.042123597115278244,3.1345720291137695,-,-,-,-,-
18,5504,3.4332528114318848,2.222820520401001,108.36685943603516,0.03786018118262291,0.8890368342399597,-,-,-,-,-
18,5632,3.2667973041534424,2.087949275970459,101.85223388671875,0.035936735570430756,1.243889331817627,-,-,-,-,-
18,5760,3.5933709144592285,2.3249902725219727,113.39732360839844,0.03732796013355255,0.9707956910133362,3.3264482021331787,2.1261770725250244,103.69099426269531,0.034943073987960815,1.284183144569397
18,5888,4.215337753295898,2.6974072456359863,131.84707641601562,0.03973419964313507,1.5972589254379272,-,-,-,-,-
18,6016,3.9562878608703613,2.544907808303833,124.35657501220703,0.03686492517590523,1.3094929456710815,-,-,-,-,-
18,6144,6.158188343048096,4.001433372497559,197.7847442626953,0.037000592797994614,1.4190658330917358,-,-,-,-,-
18,6272,4.337268829345703,2.794260025024414,137.01939392089844,0.03741825371980667,1.3539633750915527,-,-,-,-,-
18,6400,2.7989280223846436,1.7911572456359863,87.04646301269531,0.032366689294576645,1.0493937730789185,4.957725524902344,3.172208786010742,155.4995880126953,0.04536300525069237,1.8515795469284058
18,6528,4.369297981262207,2.8225455284118652,138.15736389160156,0.041410189121961594,1.237687110900879,-,-,-,-,-
18,6656,3.339745283126831,2.1758792400360107,106.32537078857422,0.03496698662638664,0.6564540863037109,-,-,-,-,-
18,6784,3.449187755584717,2.21028208732605,107.56349182128906,0.0394321084022522,1.2383893728256226,-,-,-,-,-
18,6912,3.230970621109009,2.0936672687530518,102.23822021484375,0.03231564909219742,0.826056182384491,-,-,-,-,-
18,7040,4.599688529968262,2.917583465576172,143.33380126953125,0.03939128667116165,2.093755006790161,6.841161727905273,4.349323272705078,215.43392944335938,0.04067531228065491,2.9682412147521973
18,7168,3.952467679977417,2.4924116134643555,121.75071716308594,0.03786187618970871,2.0468709468841553,-,-,-,-,-
18,7296,4.374034881591797,2.807563066482544,137.68385314941406,0.037674129009246826,1.5195940732955933,-,-,-,-,-
18,7424,3.2843739986419678,2.088639259338379,101.63766479492188,0.03591936454176903,1.43438720703125,-,-,-,-,-
18,7552,4.730860710144043,3.0596930980682373,150.2687530517578,0.03868866711854935,1.2979103326797485,-,-,-,-,-
18,7680,4.443945407867432,2.85503888130188,140.21018981933594,0.03738729655742645,1.494173526763916,3.2571091651916504,2.079047203063965,101.39444732666016,0.03573393449187279,1.2838345766067505
18,7808,3.6212990283966064,2.3239986896514893,113.383544921875,0.04046771302819252,1.2299704551696777,-,-,-,-,-
18,7936,3.7439210414886475,2.3670942783355713,115.38440704345703,0.03778562694787979,1.8519703149795532,-,-,-,-,-
18,8064,2.7127461433410645,1.7506262063980103,85.06101989746094,0.03491663932800293,0.7659315466880798,-,-,-,-,-
18,8192,3.7908787727355957,2.4269723892211914,118.52312469482422,0.03874913975596428,1.3992594480514526,-,-,-,-,-
18,8320,6.595273971557617,4.304113388061523,213.01719665527344,0.04059842228889465,1.2039018869400024,4.082608699798584,2.6617934703826904,130.405517578125,0.038048144429922104,0.7871193885803223
18,8448,4.824532985687256,3.1539344787597656,155.310302734375,0.03511471673846245,0.8238093256950378,-,-,-,-,-
18,8576,3.70524263381958,2.4116711616516113,117.97602844238281,0.0321812741458416,0.8163003921508789,-,-,-,-,-
18,8704,3.9820404052734375,2.618602991104126,128.0598907470703,0.03439658507704735,0.48441851139068604,-,-,-,-,-
18,8832,3.225064277648926,2.0597403049468994,100.22492980957031,0.03619008511304855,1.2688477039337158,-,-,-,-,-
18,8960,2.54020619392395,1.6599681377410889,80.46270751953125,0.03490438312292099,0.40706315636634827,3.5095269680023193,2.249657392501831,109.77234649658203,0.037069715559482574,1.2507628202438354
18,9088,2.959198474884033,1.8712635040283203,90.77069854736328,0.03585826978087425,1.443698763847351,-,-,-,-,-
18,9216,5.075014114379883,3.315081834793091,162.56396484375,0.04232235252857208,0.9197039604187012,-,-,-,-,-
18,9344,4.384000301361084,2.8534483909606934,140.05604553222656,0.03676997125148773,0.932218611240387,-,-,-,-,-
18,9472,3.564692735671997,2.310492753982544,112.67931365966797,0.04093591496348381,0.864708423614502,-,-,-,-,-
18,9600,4.535921573638916,2.934967517852783,144.04383850097656,0.04071391001343727,1.1980189085006714,4.6800923347473145,3.0495433807373047,149.78469848632812,0.04021865129470825,0.9248292446136475
18,9728,4.374562740325928,2.8470265865325928,139.94091796875,0.03700825572013855,0.9111862778663635,-,-,-,-,-
18,9856,3.0077710151672363,1.9294646978378296,93.99236297607422,0.032295238226652145,1.0608748197555542,-,-,-,-,-
18,9984,4.412973880767822,2.84991717338562,139.55035400390625,0.04095403850078583,1.2659926414489746,-,-,-,-,-
18,10112,3.9356353282928467,2.5649020671844482,125.64893341064453,0.03678223863244057,0.7746173739433289,-,-,-,-,-
18,10240,3.878755807876587,2.500556230545044,122.27603149414062,0.03759913519024849,1.1784015893936157,2.4507272243499756,1.5975044965744019,77.27180480957031,0.0314064659178257,0.4909829795360565
18,10368,3.5843276977539062,2.31535005569458,112.92742919921875,0.03927762061357498,1.0042582750320435,-,-,-,-,-
18,10496,4.338203430175781,2.8057191371917725,137.91648864746094,0.03771233931183815,1.1560677289962769,-,-,-,-,-
18,10624,4.92395544052124,3.19197678565979,157.074462890625,0.04158502817153931,1.1964905261993408,-,-,-,-,-
18,10752,5.026028633117676,3.23464035987854,159.00315856933594,0.042143501341342926,1.5921357870101929,-,-,-,-,-
18,10880,5.857544898986816,3.789081573486328,187.00576782226562,0.04168848320841789,1.5671725273132324,5.717315673828125,3.7302041053771973,184.1634521484375,0.03771652653813362,1.0776078701019287
18,11008,4.110864639282227,2.631638288497925,128.83824157714844,0.04016702622175217,1.5067695379257202,-,-,-,-,-
18,11136,5.233973503112793,3.4251863956451416,168.6884765625,0.03529989346861839,0.8660262823104858,-,-,-,-,-
18,11264,4.137171745300293,2.6444787979125977,129.4789276123047,0.03545595332980156,1.6244758367538452,-,-,-,-,-
18,11392,5.369844436645508,3.4144935607910156,167.8489532470703,0.041930776089429855,2.349303960800171,-,-,-,-,-
18,11520,4.337250709533691,2.7965805530548096,137.07237243652344,0.0421680212020874,1.277785062789917,2.8455541133880615,1.8367958068847656,89.18730163574219,0.034883949905633926,0.8200151920318604
18,11648,3.9245450496673584,2.5020201206207275,122.23493194580078,0.04031158238649368,1.5986402034759521,-,-,-,-,-
18,11776,2.686100959777832,1.6931674480438232,82.06025695800781,0.03620368614792824,1.3612713813781738,-,-,-,-,-
18,11904,3.453963041305542,2.2132513523101807,107.8103256225586,0.03765174373984337,1.2495653629302979,-,-,-,-,-
18,12032,4.126021385192871,2.654198408126831,130.17904663085938,0.035385340452194214,1.3464691638946533,-,-,-,-,-
18,12160,3.238633155822754,2.063842296600342,100.36444091796875,0.0365266427397728,1.3461962938308716,4.851733684539795,3.1216752529144287,153.49154663085938,0.0397714301943779,1.5537183284759521
18,12288,11.604551315307617,7.497890949249268,373.58203125,0.04667647182941437,3.241635799407959,-,-,-,-,-
18,12416,5.43458890914917,3.504333734512329,172.50381469726562,0.04203750193119049,1.6317929029464722,-,-,-,-,-
18,12544,3.5902414321899414,2.28035831451416,110.93875122070312,0.042051494121551514,1.58444082736969,-,-,-,-,-
18,12672,3.537619113922119,2.276792287826538,111.39749908447266,0.03297661244869232,1.1387544870376587,-,-,-,-,-
18,12800,3.4651339054107666,2.192234516143799,107.03133392333984,0.03927909955382347,1.6330689191818237,4.20161247253418,2.728580951690674,133.74383544921875,0.03881547972559929,0.967779815196991
18,12928,8.238529205322266,5.38517951965332,267.45697021484375,0.04186716675758362,1.3691270351409912,-,-,-,-,-
18,13056,4.484724044799805,2.8201234340667725,138.38015747070312,0.03915274515748024,2.4164628982543945,-,-,-,-,-
18,13184,5.0531816482543945,3.2617204189300537,160.40733337402344,0.03959912434220314,1.4778889417648315,-,-,-,-,-
18,13312,4.433605194091797,2.846616268157959,139.44947814941406,0.03968437388539314,1.528099536895752,-,-,-,-,-
18,13440,7.528022766113281,4.91684103012085,243.86846923828125,0.043869927525520325,1.2862695455551147,3.4374642372131348,2.2264394760131836,108.70194244384766,0.036808934062719345,0.8719632029533386
18,13568,4.3043107986450195,2.8156423568725586,138.19418334960938,0.036251604557037354,0.704749584197998,-,-,-,-,-
18,13696,4.797330379486084,3.0797019004821777,151.39768981933594,0.04057007655501366,1.6308157444000244,-,-,-,-,-
18,13824,3.3658244609832764,2.184995412826538,106.63027954101562,0.03595612570643425,0.7857004404067993,-,-,-,-,-
18,13952,3.4051942825317383,2.219026803970337,108.2950439453125,0.035768091678619385,0.6744900941848755,-,-,-,-,-
18,14080,3.5103697776794434,2.276251792907715,111.03292846679688,0.03757355362176895,0.8621535301208496,3.774796962738037,2.4139413833618164,118.14057922363281,0.037692464888095856,1.4175724983215332
18,14208,3.535155773162842,2.269538402557373,110.80953979492188,0.035462792962789536,1.2205913066864014,-,-,-,-,-
18,14336,2.964782953262329,1.9069761037826538,92.76434326171875,0.035792212933301926,0.9437141418457031,-,-,-,-,-
18,14464,3.9547438621520996,2.57045841217041,125.93460845947266,0.03627587482333183,0.8866357207298279,-,-,-,-,-
18,14592,3.857577323913574,2.488359212875366,121.96055603027344,0.03549511358141899,1.1411726474761963,-,-,-,-,-
18,14720,3.472707986831665,2.241720199584961,109.65898132324219,0.034452661871910095,0.9994535446166992,4.7748212814331055,3.1231367588043213,153.46934509277344,0.03805025666952133,0.7894082069396973
18,14848,4.548807621002197,2.9474847316741943,144.45578002929688,0.038950588554143906,1.1781436204910278,-,-,-,-,-
18,14976,7.52547025680542,4.907519340515137,243.32553100585938,0.03852178528904915,1.4617395401000977,-,-,-,-,-
18,15104,4.619751453399658,3.0293314456939697,148.95127868652344,0.0353645496070385,0.6554251313209534,-,-,-,-,-
18,15232,3.36517333984375,2.1732993125915527,105.66160583496094,0.039821550250053406,0.9543641209602356,-,-,-,-,-
18,15360,3.617276430130005,2.345841884613037,114.73268127441406,0.03737271577119827,0.8673471808433533,4.774416446685791,3.104979991912842,153.0559539794922,0.033737581223249435,1.0513914823532104
18,15488,4.057106971740723,2.61684250831604,128.25515747070312,0.037959348410367966,1.1975377798080444,-,-,-,-,-
18,15616,4.7664289474487305,3.1201233863830566,153.22955322265625,0.039790067821741104,0.7421970367431641,-,-,-,-,-
18,15744,3.648383855819702,2.3546478748321533,115.13851928710938,0.039873041212558746,1.0247771739959717,-,-,-,-,-
18,15872,4.274420261383057,2.8040738105773926,137.6351318359375,0.034403808414936066,0.5959122180938721,-,-,-,-,-
18,16000,4.5236430168151855,2.9353766441345215,144.36021423339844,0.03642899915575981,1.082351565361023,3.3324508666992188,2.17321515083313,106.29125213623047,0.03466673195362091,0.6165657043457031
18,16128,3.8869385719299316,2.523399829864502,123.3951187133789,0.040008172392845154,0.895796000957489,-,-,-,-,-
18,16256,4.740970134735107,3.1038825511932373,152.73532104492188,0.03662441670894623,0.7310996651649475,-,-,-,-,-
18,16384,4.0317182540893555,2.633552312850952,129.308837890625,0.03430584818124771,0.7077209949493408,-,-,-,-,-
18,16512,3.9243452548980713,2.5496301651000977,125.11358642578125,0.035037703812122345,0.8854157328605652,-,-,-,-,-
18,16640,4.405113697052002,2.853454351425171,140.21310424804688,0.03830266743898392,1.1122565269470215,5.766480445861816,3.802022933959961,188.06898498535156,0.03717341646552086,0.4659441113471985
18,16768,3.672067642211914,2.3876962661743164,116.81294250488281,0.037933360785245895,0.7830848097801208,-,-,-,-,-
18,16896,8.487640380859375,5.55656099319458,275.5971374511719,0.045536357909440994,1.2957202196121216,-,-,-,-,-
18,17024,5.508481979370117,3.5865113735198975,176.61769104003906,0.040504202246665955,1.1528970003128052,-,-,-,-,-
18,17152,5.179018020629883,3.369889736175537,166.13958740234375,0.03832760825753212,1.0940496921539307,-,-,-,-,-
18,17280,3.1881213188171387,2.0575923919677734,100.08039093017578,0.03900929540395737,0.9071573615074158,2.8667151927948,1.8703359365463257,90.88174438476562,0.03658652678132057,0.5097522735595703
18,17408,4.677331924438477,3.0427491664886475,149.66830444335938,0.03629574552178383,1.0160377025604248,-,-,-,-,-
18,17536,4.166501522064209,2.687246561050415,131.66622924804688,0.03698981553316116,1.2560282945632935,-,-,-,-,-
18,17664,5.23430871963501,3.405871629714966,167.4167022705078,0.04230214282870293,1.1196801662445068,-,-,-,-,-
18,17792,8.988532066345215,5.8966827392578125,292.7609558105469,0.03953296318650246,1.247070550918579,-,-,-,-,-
18,17920,4.752387523651123,3.086148500442505,151.39474487304688,0.044164761900901794,1.0812703371047974,3.625872850418091,2.368326187133789,115.92969512939453,0.032594792544841766,0.6565500497817993
18,18048,7.226546287536621,4.747790336608887,234.84664916992188,0.04200175404548645,0.8828781247138977,-,-,-,-,-
18,18176,4.993433475494385,3.2663722038269043,160.88992309570312,0.038559261709451675,0.7960255742073059,-,-,-,-,-
18,18304,3.401557683944702,2.221529483795166,108.17200469970703,0.035935863852500916,0.6237243413925171,-,-,-,-,-
18,18432,4.02078914642334,2.602423667907715,127.74163055419922,0.03948131203651428,1.0146781206130981,-,-,-,-,-
18,18560,3.4929070472717285,2.277024745941162,111.15106201171875,0.03625888377428055,0.6811249852180481,3.46239972114563,2.2428905963897705,109.53225708007812,0.035496704280376434,0.8869012594223022
18,18688,5.29240608215332,3.46733021736145,170.92913818359375,0.03966807201504707,0.7611641883850098,-,-,-,-,-
18,18816,5.882318496704102,3.8355605602264404,189.31578063964844,0.04044894874095917,1.131510615348816,-,-,-,-,-
18,18944,3.6339874267578125,2.34030818939209,114.1947021484375,0.03980641812086105,1.119259238243103,-,-,-,-,-
18,19072,4.111510753631592,2.6890950202941895,131.46969604492188,0.039142850786447525,0.6857582926750183,-,-,-,-,-
18,19200,3.1980950832366943,2.0809731483459473,101.22392272949219,0.036704543977975845,0.6817815899848938,3.7515969276428223,2.4225406646728516,118.00420379638672,0.03983974829316139,1.0917457342147827
18,19328,3.1455821990966797,2.0438380241394043,99.56398010253906,0.034109387546777725,0.7199501395225525,-,-,-,-,-
18,19456,5.5643181800842285,3.622682571411133,178.30966186523438,0.042114533483982086,1.164244532585144,-,-,-,-,-
18,19584,3.7172787189483643,2.4195048809051514,118.369140625,0.036719709634780884,0.7736266255378723,-,-,-,-,-
18,19712,3.6051177978515625,2.348912000656128,114.69132232666016,0.03451940789818764,0.7477307319641113,-,-,-,-,-
18,19840,3.8238162994384766,2.479280471801758,121.19209289550781,0.039313167333602905,0.93301922082901,6.590229511260986,4.306985855102539,213.21743774414062,0.036786798387765884,1.1428215503692627
18,19968,3.2397074699401855,2.102236747741699,102.37863159179688,0.03699539229273796,0.766889214515686,-,-,-,-,-
18,20096,3.2184252738952637,2.0935914516448975,102.18496704101562,0.03297026827931404,0.7001388669013977,-,-,-,-,-
18,20224,4.017605304718018,2.6078948974609375,127.48534393310547,0.03921396657824516,0.9564281702041626,-,-,-,-,-
18,20352,4.231782913208008,2.7678728103637695,135.2880859375,0.036536574363708496,0.7449226975440979,-,-,-,-,-
18,20480,5.167055606842041,3.3870863914489746,166.53964233398438,0.03637157380580902,0.7820143699645996,4.112802982330322,2.6863770484924316,130.78125,0.036581654101610184,0.8203163743019104
18,20608,4.560995101928711,2.9815151691436768,145.7548828125,0.037384189665317535,0.8454694151878357,-,-,-,-,-
18,20736,3.538585662841797,2.324180841445923,113.34014129638672,0.03555017337203026,0.45453381538391113,-,-,-,-,-
18,20864,4.4899725914001465,2.9370057582855225,144.13909912109375,0.035471104085445404,0.7610461115837097,-,-,-,-,-
18,20992,3.378065586090088,2.187610149383545,106.76725769042969,0.03708337992429733,0.856994092464447,-,-,-,-,-
18,21120,3.81602144241333,2.5011277198791504,122.29615783691406,0.04018712416291237,0.5174505710601807,4.072305202484131,2.6265454292297363,128.2358856201172,0.040317174047231674,1.2308390140533447
18,21248,4.099650859832764,2.675607681274414,130.81661987304688,0.0416412353515625,0.7423614263534546,-,-,-,-,-
18,21376,3.240215301513672,2.087264060974121,101.68360900878906,0.03897204250097275,0.9714285731315613,-,-,-,-,-
18,21504,3.4370226860046387,2.2410969734191895,109.25346374511719,0.037708260118961334,0.656829297542572,-,-,-,-,-
18,21632,3.417279005050659,2.218477249145508,108.38702392578125,0.03767608478665352,0.7725553512573242,-,-,-,-,-
18,21760,4.552540302276611,2.95055890083313,144.7261962890625,0.04113756865262985,1.135815978050232,9.773892402648926,6.431605815887451,319.8211364746094,0.04171371087431908,1.0236214399337769
18,21888,3.1178853511810303,2.0436511039733887,99.69918823242188,0.0327320396900177,0.4451045095920563,-,-,-,-,-
18,22016,4.721915245056152,3.061068534851074,149.9153289794922,0.041424062103033066,1.2026938199996948,-,-,-,-,-
18,22144,2.840907573699951,1.8323243856430054,88.83152770996094,0.034238044172525406,0.8602975010871887,-,-,-,-,-
18,22272,4.246189594268799,2.7519333362579346,134.8479461669922,0.038242921233177185,1.0753415822982788,-,-,-,-,-
18,22400,5.242063999176025,3.3705742359161377,166.02963256835938,0.038361962884664536,1.728316307067871,4.1364426612854,2.682023763656616,131.46485900878906,0.04025385156273842,0.9951666593551636
18,22528,5.208323001861572,3.3911452293395996,166.88795471191406,0.039791472256183624,1.0850673913955688,-,-,-,-,-
18,22656,5.195187091827393,3.3206276893615723,163.36581420898438,0.040710799396038055,2.0019073486328125,-,-,-,-,-
18,22784,4.144150257110596,2.67911696434021,131.1785430908203,0.04158562421798706,1.1166218519210815,-,-,-,-,-
18,22912,3.766571521759033,2.4369966983795166,119.20997619628906,0.0352557972073555,1.0221911668777466,-,-,-,-,-
18,23040,4.052550315856934,2.636535167694092,128.9081268310547,0.03757169842720032,0.8936254382133484,4.095343112945557,2.6488537788391113,129.71234130859375,0.036777742207050323,1.1258821487426758
18,23168,4.978630065917969,3.206249713897705,157.86183166503906,0.03686860203742981,1.568933129310608,-,-,-,-,-
18,23296,4.51704216003418,2.9475584030151367,144.60206604003906,0.03594854846596718,0.8751440048217773,-,-,-,-,-
18,23424,4.9839348793029785,3.2133703231811523,157.9164276123047,0.04164871945977211,1.4975117444992065,-,-,-,-,-
18,23552,5.235630035400391,3.414694309234619,167.96478271484375,0.04402763023972511,0.9725995063781738,-,-,-,-,-
18,23680,3.764575958251953,2.4319000244140625,118.99723052978516,0.03919019550085068,1.0351331233978271,3.566218376159668,2.325345039367676,113.2723159790039,0.03975912556052208,0.6839113235473633
18,23808,7.604241847991943,5.00682258605957,248.37310791015625,0.04166242107748985,0.720256507396698,-,-,-,-,-
18,23936,4.982608318328857,3.2446441650390625,159.00880432128906,0.03648225963115692,1.1139403581619263,-,-,-,-,-
18,24064,8.219871520996094,5.402462959289551,268.05133056640625,0.03846047818660736,0.9843430519104004,-,-,-,-,-
18,24192,4.520381450653076,2.9130101203918457,142.46463012695312,0.04195435717701912,1.4077036380767822,-,-,-,-,-
18,24320,2.853039503097534,1.8262830972671509,88.36366271972656,0.03700059652328491,1.0611926317214966,3.395129442214966,2.206310987472534,107.35135650634766,0.036987390369176865,0.7831752896308899
18,24448,3.04929256439209,1.972442388534546,95.6796646118164,0.03855525702238083,0.8149842023849487,-,-,-,-,-
18,24576,3.677483320236206,2.4021220207214355,117.19609832763672,0.03835368528962135,0.6504685878753662,-,-,-,-,-
18,24704,5.032066345214844,3.2226014137268066,158.2699432373047,0.041211675852537155,1.8555394411087036,-,-,-,-,-
18,24832,3.477756977081299,2.1448662281036377,104.57469940185547,0.03651326894760132,2.5063047409057617,-,-,-,-,-
18,24960,4.277608394622803,2.7738287448883057,135.8878631591797,0.039338234812021255,1.0556291341781616,2.8093762397766113,1.7164204120635986,83.21245574951172,0.03532589226961136,2.255053997039795
18,25088,5.281729698181152,3.281514883041382,161.42892456054688,0.040685974061489105,3.452397108078003,-,-,-,-,-
18,25216,4.208351135253906,2.6712822914123535,130.66268920898438,0.04163137823343277,1.8881086111068726,-,-,-,-,-
18,25344,3.6917879581451416,2.3555545806884766,115.09809875488281,0.038117554038763046,1.4713468551635742,-,-,-,-,-
18,25472,5.095837593078613,3.2153408527374268,157.92335510253906,0.043054066598415375,2.5820934772491455,-,-,-,-,-
18,25600,3.4778285026550293,2.2463126182556152,109.54159545898438,0.03545890748500824,1.0064107179641724,4.006817817687988,2.5093283653259277,122.6906967163086,0.03781823813915253,2.3276469707489014
18,25728,3.4476401805877686,2.1814794540405273,106.32798767089844,0.039116520434617996,1.6376419067382812,-,-,-,-,-
18,25856,3.263148784637451,2.103541374206543,102.5736312866211,0.0372169055044651,0.9665417075157166,-,-,-,-,-
18,25984,4.336923122406006,2.747507333755493,134.6129608154297,0.04399462416768074,1.9929181337356567,-,-,-,-,-
18,26112,4.920366287231445,3.150094509124756,155.0475616455078,0.038347914814949036,1.8144850730895996,-,-,-,-,-
18,26130,2.0777828693389893,1.3359547853469849,64.3800277709961,0.0336759053170681,0.6435208320617676,2.8757174015045166,1.865092396736145,90.29324340820312,0.03428708389401436,0.7340558767318726
19,128,3.5330657958984375,2.2911665439605713,111.56861114501953,0.03908194974064827,0.8713091015815735,-,-,-,-,-
19,256,4.240635395050049,2.72662091255188,133.4213104248047,0.0344674177467823,1.4533418416976929,-,-,-,-,-
19,384,4.713574409484863,3.07149076461792,150.9932861328125,0.03685140609741211,0.9529936909675598,-,-,-,-,-
19,512,3.158769130706787,2.0494742393493652,99.8366470336914,0.032918158918619156,0.7801023125648499,-,-,-,-,-
19,640,2.464737892150879,1.5902283191680908,76.6474380493164,0.03788404166698456,0.7015097141265869,4.214014530181885,2.6978118419647217,131.9561767578125,0.04423841834068298,1.5240250825881958
19,768,5.041226387023926,3.181476354598999,156.05116271972656,0.04360343515872955,2.5563466548919678,-,-,-,-,-
19,896,4.527797222137451,2.7596256732940674,135.30111694335938,0.03883780911564827,3.7632253170013428,-,-,-,-,-
19,1024,6.960936546325684,4.572103023529053,226.44671630859375,0.03800395876169205,0.8636305928230286,-,-,-,-,-
19,1152,2.936630964279175,1.7235368490219116,83.65422058105469,0.034547943621873856,3.4200377464294434,-,-,-,-,-
19,1280,3.734456777572632,2.3393735885620117,114.38726806640625,0.03512709587812424,2.1608338356018066,3.2284390926361084,1.9660606384277344,95.50689697265625,0.03477257117629051,2.725367546081543
19,1408,4.204737186431885,2.579929828643799,126.24517059326172,0.03871266916394234,3.236429214477539,-,-,-,-,-
19,1536,3.2808167934417725,1.981480360031128,96.61642456054688,0.036197807639837265,2.9697420597076416,-,-,-,-,-
19,1664,4.710191249847412,2.9087326526641846,142.7267608642578,0.04063007980585098,3.335610866546631,-,-,-,-,-
19,1792,3.1617233753204346,1.9747262001037598,96.08415985107422,0.03656964376568794,1.895858645439148,-,-,-,-,-
19,1920,6.2019147872924805,3.9277172088623047,194.2120819091797,0.03947974368929863,2.9259724617004395,4.622880458831787,2.7229700088500977,133.31707763671875,0.04090495407581329,5.258345603942871
19,2048,5.38132381439209,3.248997688293457,160.29319763183594,0.037705082446336746,4.91689395904541,-,-,-,-,-
19,2176,7.074674129486084,4.559703826904297,225.3726806640625,0.04069850966334343,2.205449342727661,-,-,-,-,-
19,2304,4.401622772216797,2.501054048538208,122.52684020996094,0.03632266819477081,6.389780044555664,-,-,-,-,-
19,2432,5.997109889984131,3.7909417152404785,186.7915802001953,0.03983309492468834,2.984194755554199,-,-,-,-,-
19,2560,5.8364787101745605,2.9681646823883057,145.3156280517578,0.04252671077847481,13.726309776306152,6.272902965545654,4.04913854598999,199.72715759277344,0.03820478543639183,1.8828827142715454
19,2688,3.758498191833496,2.4293901920318604,118.83533477783203,0.033340491354465485,1.0741428136825562,-,-,-,-,-
19,2816,4.877179145812988,2.552142381668091,124.94122314453125,0.036665961146354675,10.389586448669434,-,-,-,-,-
19,2944,4.874143600463867,2.9457788467407227,144.7358856201172,0.038077402859926224,4.429284572601318,-,-,-,-,-
19,3072,3.9294397830963135,2.1203463077545166,103.33738708496094,0.037319909781217575,7.383996963500977,-,-,-,-,-
19,3200,4.0475311279296875,2.13240385055542,103.8580551147461,0.03753235563635826,8.390143394470215,5.853909492492676,3.685720920562744,181.8615264892578,0.04034550115466118,3.092273235321045
19,3328,5.688262462615967,3.604327440261841,177.429443359375,0.04153516888618469,2.6810500621795654,-,-,-,-,-
19,3456,4.391284942626953,2.298790693283081,112.41252136230469,0.03639012947678566,9.31978702545166,-,-,-,-,-
19,3584,4.2312188148498535,2.4849202632904053,121.47483825683594,0.04212135076522827,4.894287109375,-,-,-,-,-
19,3712,4.498134613037109,2.795677900314331,137.0563201904297,0.04084556922316551,2.910478115081787,-,-,-,-,-
19,3840,9.18111515045166,5.680148124694824,281.7549133300781,0.04369772598147392,6.397211074829102,5.735954284667969,3.5019946098327637,172.31842041015625,0.03974936529994011,4.710265159606934
19,3968,2.9066922664642334,1.7595787048339844,85.47460174560547,0.033920612186193466,2.5844709873199463,-,-,-,-,-
19,4096,4.217957019805908,2.233081817626953,108.81758117675781,0.03633725643157959,8.603618621826172,-,-,-,-,-
19,4224,8.745560646057129,5.32941198348999,264.3338317871094,0.04208748787641525,7.307235240936279,-,-,-,-,-
19,4352,5.285717964172363,3.338137149810791,164.33212280273438,0.042220767587423325,2.620389699935913,-,-,-,-,-
19,4480,3.8357276916503906,2.139043092727661,104.04752349853516,0.03863034397363663,6.1757917404174805,3.3861300945281982,2.1725118160247803,105.98674774169922,0.03696715459227562,1.1678372621536255
19,4608,10.419590950012207,6.727294445037842,334.3420715332031,0.04383353888988495,3.0504255294799805,-,-,-,-,-
19,4736,6.055558681488037,3.233297824859619,158.74664306640625,0.041111137717962265,11.936836242675781,-,-,-,-,-
19,4864,3.7743351459503174,2.384434938430786,116.54049682617188,0.03720325604081154,1.8729193210601807,-,-,-,-,-
19,4992,5.750421524047852,2.9714832305908203,145.87916564941406,0.04251854494214058,12.776277542114258,-,-,-,-,-
19,5120,4.458617210388184,2.44983172416687,120.0277328491211,0.03640737012028694,7.721006393432617,6.050630569458008,3.314216375350952,163.2427978515625,0.04171907156705856,10.622674942016602
19,5248,4.455166339874268,2.493382215499878,122.15752410888672,0.03956903517246246,7.0063958168029785,-,-,-,-,-
19,5376,5.023245334625244,2.848295211791992,139.6389617919922,0.036940060555934906,7.416206359863281,-,-,-,-,-
19,5504,3.4636495113372803,1.959444522857666,95.111572265625,0.03466741740703583,5.184218406677246,-,-,-,-,-
19,5632,3.917369842529297,2.292680025100708,111.935302734375,0.03724076971411705,4.680960655212402,-,-,-,-,-
19,5760,4.843085289001465,2.7139089107513428,132.58546447753906,0.0425281822681427,7.607936382293701,7.293367385864258,4.1141581535339355,203.6699981689453,0.03647434338927269,11.060354232788086
19,5888,4.1238555908203125,2.1044845581054688,102.33837127685547,0.03710266947746277,9.588849067687988,-,-,-,-,-
19,6016,4.610712051391602,2.484919548034668,121.39864349365234,0.03688770905137062,8.74918270111084,-,-,-,-,-
19,6144,3.7658326625823975,2.234489679336548,109.0059814453125,0.04067010059952736,4.006129741668701,-,-,-,-,-
19,6272,5.654143333435059,2.750847578048706,135.030517578125,0.039328645914793015,15.136617660522461,-,-,-,-,-
19,6400,5.315624237060547,2.7968554496765137,137.15374755859375,0.039675284177064896,11.07555866241455,6.5722832679748535,3.2544898986816406,159.9784698486328,0.039454177021980286,16.78554344177246
19,6528,4.950100898742676,2.3825154304504395,116.2500228881836,0.03556843101978302,13.695164680480957,-,-,-,-,-
19,6656,6.220319747924805,3.6366188526153564,179.40402221679688,0.04017835482954979,7.494823932647705,-,-,-,-,-
19,6784,4.969334602355957,2.6199021339416504,128.0901336669922,0.03950947895646095,10.290216445922852,-,-,-,-,-
19,6912,3.3310093879699707,1.9808402061462402,96.36266326904297,0.03274806961417198,3.5379445552825928,-,-,-,-,-
19,7040,5.176962852478027,1.7691386938095093,85.63965606689453,0.03482772409915924,25.165998458862305,3.5736920833587646,2.0808603763580322,101.41862487792969,0.03895871341228485,4.396866798400879
19,7168,4.531398773193359,2.561220407485962,125.6600112915039,0.03961871191859245,6.739596843719482,-,-,-,-,-
19,7296,5.030727863311768,2.6108953952789307,128.0355987548828,0.03686092421412468,11.026155471801758,-,-,-,-,-
19,7424,4.344956398010254,2.757204294204712,135.00546264648438,0.03701534494757652,2.0068206787109375,-,-,-,-,-
19,7552,5.379292964935303,2.617161989212036,128.05230712890625,0.03629569336771965,14.45312213897705,-,-,-,-,-
19,7680,3.97701358795166,2.1925997734069824,106.9433822631836,0.032641079276800156,6.823390007019043,4.903589248657227,2.370791435241699,115.5924072265625,0.037447527050971985,13.394262313842773
19,7808,6.700047492980957,3.1146137714385986,152.83514404296875,0.04052315652370453,20.165590286254883,-,-,-,-,-
19,7936,4.762479305267334,1.9187934398651123,93.0740966796875,0.03425976261496544,18.786848068237305,-,-,-,-,-
19,8064,7.015188217163086,3.1206271648406982,153.6424560546875,0.03620200976729393,23.219345092773438,-,-,-,-,-
19,8192,4.620193004608154,2.2413899898529053,109.50480651855469,0.03735940158367157,12.46395206451416,-,-,-,-,-
19,8320,4.652923107147217,1.7304463386535645,83.9873046875,0.03302610293030739,20.49577522277832,5.066825866699219,3.2445967197418213,159.78286743164062,0.039109524339437485,1.8529086112976074
19,8448,3.4626450538635254,2.2368481159210205,109.12907409667969,0.04260780289769173,0.9189832806587219,-,-,-,-,-
19,8576,10.43930721282959,5.322381496429443,264.1864929199219,0.04104927182197571,24.340112686157227,-,-,-,-,-
19,8704,4.989988327026367,3.188059091567993,156.71087646484375,0.04151760786771774,1.9330267906188965,-,-,-,-,-
19,8832,6.618666648864746,2.8054771423339844,137.48829650878906,0.036313194781541824,24.01993751525879,-,-,-,-,-
19,8960,4.088106632232666,2.4805727005004883,121.01283264160156,0.039935152977705,3.57470703125,5.996615409851074,2.4476637840270996,119.4401626586914,0.03613318130373955,23.184167861938477
19,9088,6.001315116882324,2.466259002685547,120.4843978881836,0.03634700924158096,22.93865394592285,-,-,-,-,-
19,9216,6.023746490478516,3.2443952560424805,159.55470275878906,0.03862036392092705,11.451839447021484,-,-,-,-,-
19,9344,5.767600059509277,2.637086868286133,129.25567626953125,0.036054909229278564,18.01901626586914,-,-,-,-,-
19,9472,5.265720367431641,1.8647468090057373,90.39588165283203,0.033006083220243454,24.640085220336914,-,-,-,-,-
19,9600,4.201696395874023,2.6344642639160156,128.85000610351562,0.03603808209300041,2.426940441131592,7.136906147003174,3.1266703605651855,153.5874786376953,0.03759318217635155,24.36767578125
19,9728,7.309990882873535,2.8416295051574707,139.3740234375,0.03619864955544472,30.384227752685547,-,-,-,-,-
19,9856,4.703185081481934,2.86035418510437,140.3787078857422,0.04191300645470619,3.9713118076324463,-,-,-,-,-
19,9984,6.23451042175293,2.6898081302642822,131.74620056152344,0.04010741040110588,21.871335983276367,-,-,-,-,-
19,10112,5.334198951721191,2.9637489318847656,145.4331512451172,0.04182945564389229,8.742888450622559,-,-,-,-,-
19,10240,6.34619665145874,2.9409637451171875,144.33824157714844,0.035122260451316833,19.267282485961914,10.15100383758545,5.772779941558838,286.4184875488281,0.04221480339765549,14.71824836730957
19,10368,4.756683349609375,2.447582244873047,119.58587646484375,0.034866951406002045,10.783754348754883,-,-,-,-,-
19,10496,3.733181953430176,1.945346474647522,94.54283905029297,0.037713710218667984,8.046934127807617,-,-,-,-,-
19,10624,4.069856643676758,1.6801689863204956,81.29532623291016,0.03588125854730606,15.408534049987793,-,-,-,-,-
19,10752,4.8885955810546875,3.1032581329345703,152.94964599609375,0.036857880651950836,2.189832925796509,-,-,-,-,-
19,10880,4.727108478546143,2.147601842880249,104.68315124511719,0.03600801154971123,14.966670989990234,3.7694759368896484,2.250119924545288,109.87310028076172,0.036175210028886795,3.844499349594116
19,11008,6.061306953430176,3.7892537117004395,187.058837890625,0.039282798767089844,3.6218228340148926,-,-,-,-,-
19,11136,4.9784650802612305,2.876206159591675,141.44403076171875,0.03730982914566994,6.505086898803711,-,-,-,-,-
19,11264,3.6489956378936768,1.7680827379226685,85.97978210449219,0.03164958953857422,9.894654273986816,-,-,-,-,-
19,11392,3.2319045066833496,1.966435194015503,95.61680603027344,0.03498031198978424,2.7432117462158203,-,-,-,-,-
19,11520,5.887730121612549,3.1792852878570557,156.5400390625,0.03735501691699028,11.056894302368164,6.9436211585998535,4.485158920288086,222.20669555664062,0.03714004531502724,1.992553472518921
19,11648,3.221353530883789,2.0191657543182373,98.38502502441406,0.03714049607515335,1.8119686841964722,-,-,-,-,-
19,11776,3.4286105632781982,1.8757662773132324,91.27558135986328,0.031059328466653824,6.090292930603027,-,-,-,-,-
19,11904,5.166983604431152,3.053729295730591,150.20648193359375,0.03521721437573433,5.7597198486328125,-,-,-,-,-
19,12032,4.484727382659912,2.305765151977539,112.5066909790039,0.03880852088332176,10.150869369506836,-,-,-,-,-
19,12160,3.446408748626709,2.051337718963623,99.90526580810547,0.03386886790394783,3.6214964389801025,4.750964164733887,2.7223598957061768,133.44149780273438,0.0374736525118351,6.567155838012695
19,12288,3.6234424114227295,2.152867317199707,104.77095794677734,0.03679949790239334,3.8606629371643066,-,-,-,-,-
19,12416,5.844873905181885,3.151798725128174,154.4263916015625,0.043104611337184906,11.05706787109375,-,-,-,-,-
19,12544,5.28904914855957,2.8354642391204834,139.13623046875,0.038998935371637344,10.232234954833984,-,-,-,-,-
19,12672,5.908173561096191,2.8914928436279297,141.73512268066406,0.04144291579723358,15.578866004943848,-,-,-,-,-
19,12800,4.406937122344971,1.9249368906021118,93.32665252685547,0.04062473773956299,15.08108901977539,4.991484642028809,2.4542243480682373,120.00662231445312,0.034635692834854126,13.025579452514648
19,12928,7.679577350616455,4.201291561126709,207.4680938720703,0.039640408009290695,13.639646530151367,-,-,-,-,-
19,13056,7.510332107543945,4.580898284912109,226.83062744140625,0.03756183013319969,6.235654830932617,-,-,-,-,-
19,13184,4.471384525299072,2.2313499450683594,108.86418151855469,0.036345433443784714,11.150472640991211,-,-,-,-,-
19,13312,3.0916147232055664,1.9853894710540771,96.7625961303711,0.03491431102156639,1.0368503332138062,-,-,-,-,-
19,13440,5.1961188316345215,2.501833200454712,122.45704650878906,0.03939148783683777,14.303234100341797,2.6331567764282227,1.6926507949829102,82.06745147705078,0.03228143975138664,0.8755005598068237
19,13568,4.168262958526611,2.6812071800231934,131.4949493408203,0.04063946753740311,1.3146693706512451,-,-,-,-,-
19,13696,4.4504475593566895,2.258925676345825,110.17929077148438,0.036944884806871414,10.527838706970215,-,-,-,-,-
19,13824,3.8503386974334717,2.4929702281951904,122.3028564453125,0.03444727882742882,0.9989294409751892,-,-,-,-,-
19,13952,4.544106960296631,2.619363784790039,128.07534790039062,0.042364101856946945,6.016254425048828,-,-,-,-,-
19,14080,3.0134072303771973,1.7888513803482056,86.69181060791016,0.0350516214966774,3.2258620262145996,5.941007614135742,3.6043901443481445,177.7601776123047,0.037456098943948746,5.21559476852417
19,14208,2.8030877113342285,1.6893149614334106,81.95182037353516,0.03090503253042698,2.6334962844848633,-,-,-,-,-
19,14336,3.2986221313476562,1.7492973804473877,84.91193389892578,0.03352135792374611,6.666839122772217,-,-,-,-,-
19,14464,3.672921895980835,2.3748953342437744,116.24617767333984,0.03368727117776871,1.0187735557556152,-,-,-,-,-
19,14592,4.403080940246582,2.5660605430603027,126.03268432617188,0.03400307521224022,5.426903247833252,-,-,-,-,-
19,14720,4.839861869812012,2.9787306785583496,146.39654541015625,0.04435933008790016,3.5280659198760986,3.394331455230713,2.0479445457458496,99.610107421875,0.03840649127960205,3.1187915802001953
19,14848,4.617343902587891,2.5916993618011475,127.10696411132812,0.04151145741343498,7.130634784698486,-,-,-,-,-
19,14976,3.7069308757781982,2.32521390914917,113.52525329589844,0.03951023146510124,2.069542407989502,-,-,-,-,-
19,15104,3.040956974029541,1.8752624988555908,91.08457946777344,0.03635825589299202,2.1849029064178467,-,-,-,-,-
19,15232,6.318370819091797,3.987434148788452,197.0637969970703,0.03884992003440857,3.214487314224243,-,-,-,-,-
19,15360,4.312767028808594,2.793038845062256,136.88722229003906,0.03937416896224022,1.1148163080215454,5.151360988616943,3.2578394412994385,160.1637420654297,0.042536672204732895,2.493471622467041
19,15488,2.994676351547241,1.892560601234436,92.11835479736328,0.03404978662729263,1.4688258171081543,-,-,-,-,-
19,15616,5.311611652374268,3.378919839859009,166.34759521484375,0.039833493530750275,2.2938270568847656,-,-,-,-,-
19,15744,8.580608367919922,5.548987865447998,275.2461242675781,0.042677462100982666,2.3648195266723633,-,-,-,-,-
19,15872,3.140247106552124,1.9799996614456177,96.42639923095703,0.03890923038125038,1.5707417726516724,-,-,-,-,-
19,16000,3.2861685752868652,2.1099724769592285,102.6602783203125,0.03582653030753136,1.1376689672470093,3.6301321983337402,2.2542226314544678,110.30673217773438,0.03453874960541725,2.3830370903015137
19,16128,4.831295967102051,2.998995304107666,147.2332000732422,0.03794681653380394,3.2202186584472656,-,-,-,-,-
19,16256,5.6496052742004395,3.67270827293396,181.058837890625,0.03742062672972679,1.2888820171356201,-,-,-,-,-
19,16384,3.2988052368164062,2.061178207397461,100.5708999633789,0.03355080261826515,1.9836736917495728,-,-,-,-,-
19,16512,2.8196604251861572,1.7831556797027588,86.7647476196289,0.037321459501981735,1.3153579235076904,-,-,-,-,-
19,16640,6.33942985534668,4.096774578094482,202.81875610351562,0.03923461586236954,1.7523324489593506,4.150625228881836,2.593158483505249,127.10995483398438,0.03648766875267029,2.498795509338379
19,16768,3.207566976547241,1.9716942310333252,96.03636932373047,0.03541287034749985,2.400963068008423,-,-,-,-,-
19,16896,4.349217414855957,2.7976925373077393,137.1250762939453,0.037784527987241745,1.4248937368392944,-,-,-,-,-
19,17024,7.095175266265869,4.605020523071289,228.23312377929688,0.03590608760714531,1.719170331954956,-,-,-,-,-
19,17152,4.40537166595459,2.794857978820801,136.9574737548828,0.03648647293448448,2.0445239543914795,-,-,-,-,-
19,17280,3.2323362827301025,2.048025369644165,99.71297454833984,0.03224305436015129,1.549382209777832,4.347326755523682,2.614372491836548,128.2299041748047,0.039011601358652115,4.116433620452881
19,17408,5.272699356079102,3.226127862930298,158.84548950195312,0.036683276295661926,4.214333534240723,-,-,-,-,-
19,17536,4.104778289794922,2.589954376220703,126.68180847167969,0.04286694899201393,2.051387071609497,-,-,-,-,-
19,17664,3.351555347442627,2.05930757522583,100.4607162475586,0.03928334638476372,2.483571767807007,-,-,-,-,-
19,17792,4.425103187561035,2.854827642440796,139.99609375,0.04227886348962784,1.2803603410720825,-,-,-,-,-
19,17920,7.207462787628174,4.602235317230225,227.803466796875,0.037876684218645096,2.893162727355957,3.301340341567993,2.1152243614196777,103.31092834472656,0.034611430019140244,1.1839526891708374
19,18048,3.474000930786133,2.2353017330169678,109.09064483642578,0.03563231974840164,1.121605396270752,-,-,-,-,-
19,18176,3.5252845287323,2.1977555751800537,107.25434112548828,0.03561409190297127,2.1937155723571777,-,-,-,-,-
19,18304,4.841944217681885,3.107346296310425,152.92457580566406,0.03587248548865318,1.694798231124878,-,-,-,-,-
19,18432,3.6183648109436035,2.2774133682250977,111.29127502441406,0.039043575525283813,1.8899515867233276,-,-,-,-,-
19,18560,4.402220249176025,2.8219990730285645,138.6646728515625,0.03743639960885048,1.5613789558410645,5.734004497528076,3.631383180618286,179.078857421875,0.04281206056475639,2.690211772918701
19,18688,3.410543441772461,2.1268575191497803,103.70459747314453,0.04108935222029686,2.0555057525634766,-,-,-,-,-
19,18816,3.895620584487915,2.497009038925171,122.43783569335938,0.03712423890829086,1.3710896968841553,-,-,-,-,-
19,18944,5.146861553192139,3.3559255599975586,165.4757080078125,0.03780664503574371,0.9837237000465393,-,-,-,-,-
19,19072,4.529688835144043,2.9396402835845947,144.46713256835938,0.03409765660762787,1.1127946376800537,-,-,-,-,-
19,19200,3.818699836730957,2.471477508544922,121.0120849609375,0.034576065838336945,1.0252543687820435,3.9119293689727783,2.54526686668396,124.75113677978516,0.03692379221320152,0.822272002696991
19,19328,3.1677701473236084,2.046259880065918,99.7406005859375,0.03455311059951782,0.895512044429779,-,-,-,-,-
19,19456,2.6656172275543213,1.7196438312530518,83.58683776855469,0.03419574722647667,0.7590937614440918,-,-,-,-,-
19,19584,3.369898557662964,2.175506591796875,106.02495574951172,0.03686854988336563,0.9727388024330139,-,-,-,-,-
19,19712,3.6880221366882324,2.389078378677368,117.1517333984375,0.036151252686977386,0.9127548336982727,-,-,-,-,-
19,19840,3.84950852394104,2.4806177616119385,121.38675689697266,0.035242099314928055,1.197812557220459,4.159823894500732,2.694335699081421,132.49887084960938,0.03342420980334282,1.0707539319992065
19,19968,3.9219613075256348,2.528550624847412,123.91421508789062,0.037371646612882614,1.1689682006835938,-,-,-,-,-
19,20096,5.170228004455566,3.341527223587036,164.36306762695312,0.042599622160196304,1.424704670906067,-,-,-,-,-
19,20224,4.777281284332275,3.0954959392547607,152.14332580566406,0.03676348179578781,1.2358877658843994,-,-,-,-,-
19,20352,3.1462581157684326,2.0369887351989746,99.19763946533203,0.035613879561424255,0.8167926669120789,-,-,-,-,-
19,20480,4.647968292236328,3.0149831771850586,148.3932647705078,0.03894457593560219,1.1010780334472656,2.936326742172241,1.902435541152954,92.36720275878906,0.035212285816669464,0.7500705122947693
19,20608,3.458726167678833,2.2112245559692383,107.76558685302734,0.03839661926031113,1.3144925832748413,-,-,-,-,-
19,20736,3.4705774784088135,2.234513759613037,109.14270782470703,0.03672880679368973,1.0790784358978271,-,-,-,-,-
19,20864,2.7060673236846924,1.758371114730835,85.2677230834961,0.03532623127102852,0.596929132938385,-,-,-,-,-
19,20992,3.710369348526001,2.4251694679260254,118.72106170654297,0.03360503539443016,0.6438418626785278,-,-,-,-,-
19,21120,8.975570678710938,5.877881050109863,291.57611083984375,0.04067802429199219,1.4125038385391235,3.8510820865631104,2.499268054962158,122.2117919921875,0.03523772209882736,0.9445826411247253
19,21248,4.949281692504883,3.248105764389038,159.92469787597656,0.03505796939134598,0.6687090396881104,-,-,-,-,-
19,21376,4.370021820068359,2.849868059158325,139.69053649902344,0.03684234991669655,0.8640628457069397,-,-,-,-,-
19,21504,3.213331699371338,2.066845417022705,100.68981170654297,0.03655848279595375,1.030299186706543,-,-,-,-,-
19,21632,4.208218574523926,2.7496426105499268,134.90965270996094,0.03506559878587723,0.7441389560699463,-,-,-,-,-
19,21760,3.8025243282318115,2.4710280895233154,120.91943359375,0.03673265501856804,0.8556913733482361,3.099571466445923,2.014954090118408,98.1777114868164,0.03554954007267952,0.6729051470756531
19,21888,5.081962585449219,3.3197572231292725,163.56777954101562,0.038681358098983765,0.8784629106521606,-,-,-,-,-
19,22016,3.6181817054748535,2.31085205078125,112.82778930664062,0.036828313022851944,1.4222358465194702,-,-,-,-,-
19,22144,6.539355754852295,4.259219646453857,210.5130615234375,0.03845988214015961,1.365455150604248,-,-,-,-,-
19,22272,3.427786111831665,2.2265422344207764,108.62615966796875,0.03495187312364578,0.8003055453300476,-,-,-,-,-
19,22400,3.8464767932891846,2.483474016189575,121.43472290039062,0.037715643644332886,1.1093993186950684,3.159388780593872,2.042137384414673,99.43537902832031,0.03623153269290924,0.8666604161262512
19,22528,4.747361183166504,3.098964214324951,152.45762634277344,0.03602961450815201,0.8779072761535645,-,-,-,-,-
19,22656,3.6741318702697754,2.371831178665161,115.97099304199219,0.03803691267967224,1.0455390214920044,-,-,-,-,-
19,22784,4.008630275726318,2.602294445037842,127.82798767089844,0.03744104877114296,0.9061517119407654,-,-,-,-,-
19,22912,4.597401142120361,2.9554953575134277,145.11758422851562,0.04065942019224167,1.5007045269012451,-,-,-,-,-
19,23040,5.024604320526123,3.230102777481079,158.69236755371094,0.04139222204685211,1.6618574857711792,3.4267873764038086,2.217513084411621,108.1847915649414,0.03746110945940018,0.8996524810791016
19,23168,4.4957733154296875,2.8868260383605957,141.4273681640625,0.03929495811462402,1.5537832975387573,-,-,-,-,-
19,23296,4.693650722503662,2.938220500946045,144.25265502929688,0.038899246603250504,2.740046262741089,-,-,-,-,-
19,23424,4.2832560539245605,2.7918295860290527,136.8298797607422,0.0355575866997242,0.8756980299949646,-,-,-,-,-
19,23552,3.2601778507232666,2.0344090461730957,99.0173110961914,0.03728551045060158,1.983101487159729,-,-,-,-,-
19,23680,5.84459114074707,3.753126382827759,184.7537078857422,0.04441235587000847,1.995156168937683,3.7547149658203125,2.4408364295959473,119.48316955566406,0.03805018588900566,0.8099684715270996
19,23808,7.159798622131348,4.699369430541992,233.00323486328125,0.038196127861738205,0.9220067262649536,-,-,-,-,-
19,23936,4.545336723327637,2.952704668045044,145.00265502929688,0.03879048302769661,1.0381484031677246,-,-,-,-,-
19,24064,4.066997051239014,2.663551092147827,130.77261352539062,0.03448975086212158,0.6123037934303284,-,-,-,-,-
19,24192,3.837139368057251,2.4320735931396484,118.97417449951172,0.0377846397459507,1.7753957509994507,-,-,-,-,-
19,24320,7.247732162475586,4.789594650268555,237.46786499023438,0.03436795994639397,0.49090832471847534,4.543179988861084,2.863269567489624,140.6375274658203,0.03724180534482002,2.3629322052001953
19,24448,4.323744773864746,2.717862844467163,133.29481506347656,0.039786238223314285,2.331474542617798,-,-,-,-,-
19,24576,2.935356378555298,1.8480165004730225,89.75076293945312,0.03772399201989174,1.5210819244384766,-,-,-,-,-
19,24704,3.568943500518799,2.2640275955200195,110.94831085205078,0.03493902459740639,1.6049355268478394,-,-,-,-,-
19,24832,3.857391834259033,2.454357862472534,120.00592803955078,0.03924247622489929,1.637321949005127,-,-,-,-,-
19,24960,5.988964080810547,3.893449544906616,192.32862854003906,0.038361843675374985,1.3386648893356323,2.752763271331787,1.74696946144104,84.8486328125,0.03536664694547653,1.2194119691848755
19,25088,3.698209047317505,2.380095958709717,116.63629913330078,0.03670654073357582,1.1504360437393188,-,-,-,-,-
19,25216,2.4197072982788086,1.5398107767105103,74.66284942626953,0.03463480994105339,0.9863330721855164,-,-,-,-,-
19,25344,3.7533276081085205,2.426560163497925,118.93317413330078,0.0364660806953907,1.0096951723098755,-,-,-,-,-
19,25472,3.7947657108306885,2.4161436557769775,118.17111206054688,0.035623520612716675,1.6128759384155273,-,-,-,-,-
19,25600,5.048129558563232,3.2888553142547607,161.78659057617188,0.04059961438179016,1.008086085319519,3.1710915565490723,2.0189638137817383,98.24250030517578,0.03818565234541893,1.3151710033416748
19,25728,5.676238059997559,3.6769964694976807,181.272705078125,0.03978211432695389,1.4673302173614502,-,-,-,-,-
19,25856,4.200333118438721,2.724228858947754,133.866943359375,0.036216918379068375,1.0121809244155884,-,-,-,-,-
19,25984,3.8719139099121094,2.4963533878326416,122.36089324951172,0.03547973558306694,1.1647201776504517,-,-,-,-,-
19,26112,4.505420207977295,2.9198851585388184,143.21417236328125,0.041978877037763596,1.114142894744873,-,-,-,-,-
19,26130,3.988769769668579,2.57662034034729,125.81495666503906,0.03736579045653343,1.1663442850112915,4.894762992858887,3.191100597381592,157.0715789794922,0.03646326810121536,0.9648306369781494
20,128,4.349190711975098,2.8217198848724365,138.6224365234375,0.038750164210796356,1.0249618291854858,-,-,-,-,-
20,256,2.4932701587677,1.6165554523468018,78.32123565673828,0.033942848443984985,0.5955944657325745,-,-,-,-,-
20,384,3.329522132873535,2.165945053100586,105.97386932373047,0.03408382087945938,0.6975470185279846,-,-,-,-,-
20,512,3.93980073928833,2.535670518875122,124.02267456054688,0.0394865982234478,1.2441691160202026,-,-,-,-,-
20,640,7.931063175201416,5.190079212188721,257.59912109375,0.039136145263910294,1.258569598197937,5.909143447875977,3.879868268966675,192.02210998535156,0.036510955542325974,0.7254294753074646
20,768,5.066291809082031,3.303436517715454,162.78469848632812,0.03896908462047577,0.9603927731513977,-,-,-,-,-
20,896,4.507569789886475,2.949014902114868,145.03411865234375,0.036376770585775375,0.7183706760406494,-,-,-,-,-
20,1024,3.8518214225769043,2.5204830169677734,123.49701690673828,0.037613384425640106,0.5875501036643982,-,-,-,-,-
20,1152,3.29634165763855,2.1459567546844482,104.40849304199219,0.03527694195508957,0.7102311253547668,-,-,-,-,-
20,1280,3.14239239692688,2.042402505874634,99.62016296386719,0.03800665959715843,0.6578158140182495,4.320206642150879,2.8336331844329834,139.2039337158203,0.03576275706291199,0.5877124667167664
20,1408,2.930713415145874,1.89967679977417,92.20514678955078,0.038409773260354996,0.7057536244392395,-,-,-,-,-
20,1536,4.6605048179626465,3.032209634780884,149.20181274414062,0.039746012538671494,0.9653119444847107,-,-,-,-,-
20,1664,3.1099693775177,2.0238919258117676,98.73009490966797,0.034685343503952026,0.6409124732017517,-,-,-,-,-
20,1792,4.1229400634765625,2.6712610721588135,130.8810272216797,0.04045971855521202,1.0240899324417114,-,-,-,-,-
20,1920,4.105336666107178,2.639540672302246,129.2576141357422,0.03850125893950462,1.3471858501434326,3.4015283584594727,2.210926055908203,107.92212677001953,0.036224085837602615,0.7515703439712524
20,2048,8.55282211303711,5.605508327484131,278.2629089355469,0.04144136235117912,1.2324329614639282,-,-,-,-,-
20,2176,2.739727735519409,1.7833895683288574,86.66903686523438,0.035967402160167694,0.5368040800094604,-,-,-,-,-
20,2304,3.4642887115478516,2.2506422996520996,110.0932388305664,0.03243446722626686,0.8027969598770142,-,-,-,-,-
20,2432,4.054819107055664,2.6336634159088135,128.89979553222656,0.03757414221763611,0.9458373188972473,-,-,-,-,-
20,2560,4.068314075469971,2.610816478729248,128.06431579589844,0.038255516439676285,1.3859899044036865,3.998500347137451,2.6111044883728027,127.97150421142578,0.03694366291165352,0.7073717713356018
20,2688,4.779140949249268,3.118506908416748,153.22543334960938,0.0372709296643734,0.9110903143882751,-,-,-,-,-
20,2816,3.432438850402832,2.2106106281280518,108.0509033203125,0.03707472234964371,1.042445421218872,-,-,-,-,-
20,2944,4.092724323272705,2.6576428413391113,130.2422637939453,0.03579143434762955,0.9686748385429382,-,-,-,-,-
20,3072,2.785590648651123,1.8030786514282227,87.87987518310547,0.03676219284534454,0.6695109009742737,-,-,-,-,-
20,3200,4.799578666687012,3.1100783348083496,153.12448120117188,0.04215336591005325,1.1610232591629028,5.982887268066406,3.928114414215088,194.134033203125,0.03562415763735771,0.778085470199585
20,3328,3.140158176422119,2.0387651920318604,99.20840454101562,0.03815812990069389,0.7115087509155273,-,-,-,-,-
20,3456,5.489969730377197,3.5725855827331543,176.15704345703125,0.039612773805856705,1.1620073318481445,-,-,-,-,-
20,3584,3.531682014465332,2.2820215225219727,111.32524108886719,0.036587003618478775,0.9982098340988159,-,-,-,-,-
20,3712,8.361674308776855,5.496126174926758,272.8841247558594,0.03701658546924591,0.996894896030426,-,-,-,-,-
20,3840,3.117082357406616,2.041529655456543,99.33425903320312,0.03307566046714783,0.49134427309036255,3.610816478729248,2.334167718887329,114.1432876586914,0.037600789219141006,0.9761497974395752
20,3968,5.877801895141602,3.813164234161377,187.96905517578125,0.041249778121709824,1.4369734525680542,-,-,-,-,-
20,4096,3.475592851638794,2.2155117988586426,108.27144622802734,0.03689969703555107,1.4046679735183716,-,-,-,-,-
20,4224,3.9972476959228516,2.586048126220703,126.48338317871094,0.03750579431653023,1.088597297668457,-,-,-,-,-
20,4352,3.9162662029266357,2.5086047649383545,122.79815673828125,0.03666459023952484,1.4301544427871704,-,-,-,-,-
20,4480,4.084994792938232,2.642132043838501,129.2054901123047,0.03811969235539436,1.1268789768218994,3.411440849304199,2.192699432373047,107.02222442626953,0.035707585513591766,1.1281155347824097
20,4608,3.895440101623535,2.487095832824707,121.62177276611328,0.03942103311419487,1.5270534753799438,-,-,-,-,-
20,4736,3.2160701751708984,2.0962436199188232,102.25636291503906,0.03595482558012009,0.6130823493003845,-,-,-,-,-
20,4864,2.9671051502227783,1.9038900136947632,92.51537322998047,0.036836691200733185,1.0122467279434204,-,-,-,-,-
20,4992,7.398209095001221,4.855144023895264,240.38365173339844,0.04142818599939346,0.9780013561248779,-,-,-,-,-
20,5120,3.3952341079711914,2.1838788986206055,106.57585906982422,0.035152897238731384,1.1044349670410156,4.260591506958008,2.766995668411255,136.06356811523438,0.034307073801755905,0.9865310788154602
20,5248,3.4773542881011963,2.2602505683898926,110.36233520507812,0.034847669303417206,0.7863262891769409,-,-,-,-,-
20,5376,4.568974018096924,2.9501771926879883,144.75146484375,0.039143241941928864,1.3213919401168823,-,-,-,-,-
20,5504,3.0157177448272705,1.9592015743255615,95.63392639160156,0.031137753278017044,0.6903940439224243,-,-,-,-,-
20,5632,3.6263792514801025,2.321845293045044,113.6427001953125,0.03711884468793869,1.3098816871643066,-,-,-,-,-
20,5760,4.6951775550842285,3.069572925567627,151.0865020751953,0.036646414548158646,0.7809352278709412,5.656449317932129,3.679283380508423,181.8844451904297,0.03642915189266205,1.2189247608184814
20,5888,2.987992525100708,1.9200769662857056,93.44527435302734,0.03741931542754173,0.9604367017745972,-,-,-,-,-
20,6016,4.728250980377197,3.0712928771972656,151.17367553710938,0.03964404761791229,1.055770993232727,-,-,-,-,-
20,6144,4.97374153137207,3.197248935699463,157.4124298095703,0.039096731692552567,1.6327160596847534,-,-,-,-,-
20,6272,4.6218695640563965,2.997004747390747,147.2272186279297,0.03970494121313095,1.1288789510726929,-,-,-,-,-
20,6400,3.30594539642334,2.1260552406311035,103.50145721435547,0.03389102593064308,1.1098453998565674,2.7700984477996826,1.7874853610992432,86.83893585205078,0.03219015151262283,0.8203365206718445
20,6528,4.742037773132324,3.1088528633117676,152.92156982421875,0.0332956500351429,0.7067329287528992,-,-,-,-,-
20,6656,4.078947067260742,2.653526782989502,130.09335327148438,0.03399679437279701,0.9048999547958374,-,-,-,-,-
20,6784,3.2388088703155518,2.1189448833465576,103.77310180664062,0.0337693952023983,0.48363766074180603,-,-,-,-,-
20,6912,3.904759407043457,2.518397569656372,123.31059265136719,0.03679077327251434,1.1646515130996704,-,-,-,-,-
20,7040,4.146464824676514,2.703369140625,132.78341674804688,0.03686957433819771,0.7839182615280151,3.696747064590454,2.371225595474243,116.11682891845703,0.03672385960817337,1.2762935161590576
20,7168,3.338066816329956,2.130406379699707,103.95661926269531,0.03835790604352951,1.2973651885986328,-,-,-,-,-
20,7296,5.064578533172607,3.3102622032165527,162.69566345214844,0.039822809398174286,0.8753750324249268,-,-,-,-,-
20,7424,3.1982975006103516,2.054448127746582,100.18106842041016,0.03577727824449539,1.0626137256622314,-,-,-,-,-
20,7552,5.254354953765869,3.4357285499572754,169.25856018066406,0.03726768493652344,0.8877319693565369,-,-,-,-,-
20,7680,4.711551189422607,3.050689458847046,149.82273864746094,0.04220093414187431,1.2043311595916748,3.569394826889038,2.3060617446899414,112.57341766357422,0.04093225672841072,0.9666652083396912
20,7808,7.1152753829956055,4.675243377685547,231.85032653808594,0.038626350462436676,0.8290247917175293,-,-,-,-,-
20,7936,2.5745794773101807,1.675353765487671,81.29069519042969,0.033051807433366776,0.5326701402664185,-,-,-,-,-
20,8064,3.0401105880737305,1.9793639183044434,96.4281234741211,0.03470659255981445,0.61758953332901,-,-,-,-,-
20,8192,3.7926642894744873,2.4694035053253174,120.98429107666016,0.03597578406333923,0.7744207978248596,-,-,-,-,-
20,8320,6.578423023223877,4.343698501586914,215.43601989746094,0.034371744841337204,0.4599299132823944,4.880057334899902,3.170928478240967,155.70925903320312,0.039816875010728836,1.122192144393921
20,8448,3.8302459716796875,2.464142084121704,120.5188217163086,0.038245368748903275,1.2267029285430908,-,-,-,-,-
20,8576,3.3991451263427734,2.2197444438934326,108.44168090820312,0.037530507892370224,0.5745368599891663,-,-,-,-,-
20,8704,4.791101932525635,3.093313455581665,152.20364379882812,0.03762907162308693,1.381230354309082,-,-,-,-,-
20,8832,2.7181544303894043,1.750457763671875,85.0557861328125,0.036229897290468216,0.8090896010398865,-,-,-,-,-
20,8960,3.82456111907959,2.409463405609131,117.88744354248047,0.036710429936647415,1.9951282739639282,4.044008731842041,2.5921332836151123,127.21570587158203,0.03824194148182869,1.4147658348083496
20,9088,3.0839154720306396,1.9565154314041138,95.38136291503906,0.03799577057361603,1.355905294418335,-,-,-,-,-
20,9216,4.481756210327148,2.8536152839660645,139.96632385253906,0.038515277206897736,1.899624228477478,-,-,-,-,-
20,9344,5.959409713745117,3.8339180946350098,189.49948120117188,0.03395227715373039,1.9654455184936523,-,-,-,-,-
20,9472,3.572962760925293,2.3108315467834473,113.15606689453125,0.03600510582327843,0.9456542134284973,-,-,-,-,-
20,9600,4.210489273071289,2.698420524597168,132.2472686767578,0.03704800084233284,1.5254848003387451,4.880331516265869,3.146923065185547,154.70530700683594,0.038304541260004044,1.4805132150650024
20,9728,3.578495979309082,2.2918860912323,111.88066101074219,0.03943954035639763,1.283637523651123,-,-,-,-,-
20,9856,4.735748291015625,3.0687451362609863,151.14956665039062,0.03663770109415054,1.188697099685669,-,-,-,-,-
20,9984,3.989617347717285,2.611785411834717,128.0813446044922,0.0366412028670311,0.6037724018096924,-,-,-,-,-
20,10112,3.447077512741089,2.2174582481384277,108.39219665527344,0.039763860404491425,1.0593338012695312,-,-,-,-,-
20,10240,3.5119645595550537,2.2907462120056152,111.83891296386719,0.03758507966995239,0.652441680431366,8.457731246948242,5.531750202178955,274.5530090332031,0.04003812372684479,1.404120922088623
20,10368,6.006559371948242,3.90571665763855,192.59848022460938,0.04572503641247749,1.2913322448730469,-,-,-,-,-
20,10496,4.56721305847168,2.974546432495117,146.21771240234375,0.03887525200843811,0.9161413908004761,-,-,-,-,-
20,10624,4.650413513183594,3.0170586109161377,148.0448760986328,0.03980869799852371,1.1309789419174194,-,-,-,-,-
20,10752,3.975118637084961,2.586514711380005,126.52733612060547,0.034142691642045975,0.8918794989585876,-,-,-,-,-
20,10880,5.539661884307861,3.581357717514038,176.19131469726562,0.04076957330107689,1.5562161207199097,3.8379671573638916,2.487795352935791,121.76800537109375,0.0360940545797348,0.9639794230461121
20,11008,4.406513214111328,2.8053088188171387,137.72219848632812,0.04014180973172188,1.8384054899215698,-,-,-,-,-
20,11136,3.476801872253418,2.2485814094543457,109.80227661132812,0.0390913188457489,0.911064624786377,-,-,-,-,-
20,11264,3.8765053749084473,2.5108821392059326,122.97101593017578,0.036891717463731766,0.990215539932251,-,-,-,-,-
20,11392,4.817144870758057,3.1417508125305176,154.18096923828125,0.041162822395563126,0.9242169857025146,-,-,-,-,-
20,11520,3.2569422721862793,2.0903146266937256,101.66325378417969,0.037506502121686935,1.124884843826294,7.100511074066162,4.651279926300049,230.42318725585938,0.03824391961097717,1.0675538778305054
20,11648,3.9240567684173584,2.5322296619415283,123.72994995117188,0.03892209380865097,1.15605628490448,-,-,-,-,-
20,11776,3.9314489364624023,2.5423781871795654,124.17828369140625,0.040027715265750885,1.072601318359375,-,-,-,-,-
20,11904,4.2634992599487305,2.785447359085083,136.73837280273438,0.03729923442006111,0.7336886525154114,-,-,-,-,-
20,12032,4.3707756996154785,2.842282295227051,139.28903198242188,0.04024045914411545,0.9536265730857849,-,-,-,-,-
20,12160,4.723206043243408,3.0341293811798096,148.56016540527344,0.044666800647974014,1.5880815982818604,5.824057579040527,3.7941019535064697,187.2673797607422,0.04046211391687393,1.1681995391845703
20,12288,6.54871129989624,4.295660972595215,212.46902465820312,0.037367723882198334,0.909923255443573,-,-,-,-,-
20,12416,3.3240346908569336,2.1483819484710693,104.83364868164062,0.03563731163740158,0.9167892336845398,-,-,-,-,-
20,12544,4.4191508293151855,2.8815269470214844,141.3110809326172,0.04146562144160271,0.8304756879806519,-,-,-,-,-
20,12672,4.2150559425354,2.7484829425811768,135.035888671875,0.03739083558320999,0.7882352471351624,-,-,-,-,-
20,12800,3.0143582820892334,1.9659221172332764,95.7025375366211,0.03257129713892937,0.5883958339691162,4.304933071136475,2.799067974090576,137.36727905273438,0.035893213003873825,0.9629859924316406
20,12928,4.068535327911377,2.6503310203552246,129.5491943359375,0.03909865394234657,0.8361352682113647,-,-,-,-,-
20,13056,7.175994873046875,4.67317008972168,231.86000061035156,0.04182126000523567,1.4240376949310303,-,-,-,-,-
20,13184,3.23710560798645,2.0950820446014404,101.89083099365234,0.03618476912379265,0.8693053126335144,-,-,-,-,-
20,13312,3.8596513271331787,2.515810489654541,123.01038360595703,0.03651173785328865,0.7722511291503906,-,-,-,-,-
20,13440,4.561944961547852,2.949051856994629,144.682861328125,0.041534651070833206,1.2453006505966187,3.3083274364471436,2.154998540878296,105.27759552001953,0.03519607335329056,0.6535682082176208
20,13568,3.9116415977478027,2.5167577266693115,123.13330841064453,0.039972491562366486,1.2357820272445679,-,-,-,-,-
20,13696,4.554106712341309,2.9766294956207275,146.42642211914062,0.04014268144965172,0.7307062745094299,-,-,-,-,-
20,13824,3.553194284439087,2.296740770339966,112.23621368408203,0.03598993644118309,0.9810135364532471,-,-,-,-,-
20,13952,3.316701889038086,2.1648221015930176,105.72422790527344,0.036646801978349686,0.5799058675765991,-,-,-,-,-
20,14080,3.1040823459625244,2.013056993484497,97.77497863769531,0.03570172190666199,0.7757366895675659,3.583864450454712,2.3371267318725586,114.30406188964844,0.03589971363544464,0.6779739856719971
20,14208,6.166677474975586,4.023705005645752,199.0847625732422,0.03727075457572937,1.148543357849121,-,-,-,-,-
20,14336,4.507133960723877,2.905294179916382,142.51622009277344,0.04245246201753616,1.3422529697418213,-,-,-,-,-
20,14464,3.296698570251465,2.135619878768921,103.93071746826172,0.03761979192495346,0.841516375541687,-,-,-,-,-
20,14592,3.4732143878936768,2.2201550006866455,108.32930755615234,0.04011444374918938,1.2965178489685059,-,-,-,-,-
20,14720,3.162034034729004,2.03594708442688,99.1705322265625,0.037445493042469025,0.9693626165390015,3.4117794036865234,2.15297269821167,105.14886474609375,0.03447488695383072,1.728431224822998
20,14848,3.848456859588623,2.4182074069976807,118.16482543945312,0.03760698437690735,2.1099419593811035,-,-,-,-,-
20,14976,3.614192008972168,2.3568100929260254,115.21595001220703,0.03542716056108475,0.6979529857635498,-,-,-,-,-
20,15104,3.825787305831909,2.4191317558288574,118.41431427001953,0.03497473895549774,1.8753772974014282,-,-,-,-,-
20,15232,3.4329140186309814,2.2162363529205322,108.09803009033203,0.035811759531497955,0.9988561272621155,-,-,-,-,-
20,15360,4.147182464599609,2.6635029315948486,130.65296936035156,0.03665585443377495,1.4049396514892578,3.146592140197754,2.0285696983337402,98.93928527832031,0.034437209367752075,0.9419256448745728
20,15488,3.0021402835845947,1.9110372066497803,92.93643188476562,0.038828060030937195,1.2291059494018555,-,-,-,-,-
20,15616,3.629971504211426,2.2768874168395996,111.35099792480469,0.03595684841275215,2.0361714363098145,-,-,-,-,-
20,15744,3.536883592605591,2.2998783588409424,112.51573944091797,0.03241751715540886,0.7943044304847717,-,-,-,-,-
20,15872,4.326354503631592,2.623814105987549,128.52748107910156,0.03782099857926369,3.7944443225860596,-,-,-,-,-
20,16000,5.000076770782471,3.1048288345336914,152.5021514892578,0.036217428743839264,3.340090274810791,3.1018338203430176,1.9606448411941528,95.17621612548828,0.03782095015048981,1.516058325767517
20,16128,3.200274705886841,2.0389163494110107,99.11930847167969,0.03939501568675041,1.3077027797698975,-,-,-,-,-
20,16256,3.696049213409424,2.2749340534210205,111.08069610595703,0.03798665478825569,2.7232136726379395,-,-,-,-,-
20,16384,5.459367275238037,3.5022330284118652,172.27053833007812,0.04212638735771179,1.9230289459228516,-,-,-,-,-
20,16512,5.4464640617370605,3.3450276851654053,165.12042236328125,0.038929156959056854,4.113031387329102,-,-,-,-,-
20,16640,3.1495046615600586,2.060511589050293,100.47017669677734,0.03534344211220741,0.48947933316230774,4.974268913269043,3.0855913162231445,151.89984130859375,0.03746557980775833,3.3221378326416016
20,16768,3.686211109161377,2.2540712356567383,109.85482788085938,0.03535616025328636,2.982353925704956,-,-,-,-,-
20,16896,3.3966288566589355,2.214289903640747,108.26347351074219,0.032995712012052536,0.6670863032341003,-,-,-,-,-
20,17024,3.5894391536712646,2.2391128540039062,109.25422668457031,0.03539060428738594,2.2239344120025635,-,-,-,-,-
20,17152,3.2890472412109375,2.1230602264404297,103.32467651367188,0.03772783651947975,0.950124979019165,-,-,-,-,-
20,17280,3.6535215377807617,2.331496238708496,113.86461639404297,0.034751925617456436,1.4862717390060425,4.011233806610107,2.5811069011688232,126.67351531982422,0.03572028502821922,1.2767137289047241
20,17408,7.313823699951172,4.776659965515137,236.90579223632812,0.03522180765867233,1.3288443088531494,-,-,-,-,-
20,17536,3.5094923973083496,2.234257936477661,109.4579849243164,0.03343184292316437,1.4722284078598022,-,-,-,-,-
20,17664,4.010504245758057,2.538520336151123,124.34986114501953,0.03945546969771385,1.8902992010116577,-,-,-,-,-
20,17792,5.255796909332275,3.380302906036377,166.45462036132812,0.03869040682911873,1.7225743532180786,-,-,-,-,-
20,17920,3.1114416122436523,1.98110032081604,95.98175048828125,0.03551432117819786,1.3500945568084717,2.9271116256713867,1.904916524887085,92.67720031738281,0.035488493740558624,0.599345862865448
20,18048,3.2186567783355713,2.0837388038635254,101.64761352539062,0.03311004117131233,0.8533157706260681,-,-,-,-,-
20,18176,4.402657508850098,2.806608200073242,137.71615600585938,0.03866039961576462,1.8022723197937012,-,-,-,-,-
20,18304,4.435375690460205,2.8421630859375,139.4990692138672,0.039893537759780884,1.5832810401916504,-,-,-,-,-
20,18432,2.444047451019287,1.5711100101470947,76.15917205810547,0.03363397344946861,0.7771183252334595,-,-,-,-,-
20,18560,4.806501388549805,3.085320472717285,151.88816833496094,0.039755478501319885,1.6254370212554932,5.684840202331543,3.663719654083252,181.07827758789062,0.03870227932929993,1.7163532972335815
20,18688,3.156904935836792,2.0398736000061035,99.30204772949219,0.037147220224142075,0.8686360716819763,-,-,-,-,-
20,18816,2.6160507202148438,1.6942434310913086,82.50164794921875,0.030617939308285713,0.6617282032966614,-,-,-,-,-
20,18944,5.188216209411621,3.370177984237671,165.65521240234375,0.042843881994485855,1.1864218711853027,-,-,-,-,-
20,19072,3.8297410011291504,2.470850706100464,120.94116973876953,0.03828900679945946,1.1118959188461304,-,-,-,-,-
20,19200,3.893733263015747,2.5342764854431152,124.06807708740234,0.03716981038451195,0.8160629868507385,4.0795817375183105,2.6194920539855957,128.43240356445312,0.039340030401945114,1.3642549514770508
20,19328,6.326025485992432,4.151791572570801,205.95201110839844,0.03602631017565727,0.7868766188621521,-,-,-,-,-
20,19456,3.174970865249634,2.027637004852295,98.68806457519531,0.03868522122502327,1.2176803350448608,-,-,-,-,-
20,19584,4.619286060333252,2.988978385925293,147.19615173339844,0.03636011853814125,1.2198609113693237,-,-,-,-,-
20,19712,3.514000654220581,2.2851173877716064,111.73515319824219,0.03812418505549431,0.734076976776123,-,-,-,-,-
20,19840,4.57937479019165,2.985532522201538,147.0749053955078,0.03474562615156174,0.8834748864173889,3.723264217376709,2.4315032958984375,119.51520538330078,0.032475825399160385,0.641331136226654
20,19968,8.455787658691406,5.545961380004883,275.40093994140625,0.041384343057870865,1.1443239450454712,-,-,-,-,-
20,20096,4.245400428771973,2.765876054763794,135.72181701660156,0.04056096449494362,0.8174507021903992,-,-,-,-,-
20,20224,3.3038835525512695,2.1416101455688477,104.43844604492188,0.035829100757837296,0.8205978870391846,-,-,-,-,-
20,20352,4.231015205383301,2.7428674697875977,134.62796020507812,0.03625372052192688,1.0561411380767822,-,-,-,-,-
20,20480,3.106532096862793,2.026712656021118,98.80240631103516,0.03622518107295036,0.5557035803794861,3.4805898666381836,2.260863780975342,110.54219818115234,0.03554730489850044,0.7875692248344421
20,20608,3.2323050498962402,2.0960440635681152,102.13867950439453,0.03585656359791756,0.790179967880249,-,-,-,-,-
20,20736,3.6075971126556396,2.3499276638031006,115.03770446777344,0.03429202362895012,0.7300041317939758,-,-,-,-,-
20,20864,4.009980201721191,2.566424608230591,125.48273468017578,0.0380038358271122,1.5072458982467651,-,-,-,-,-
20,20992,4.186633586883545,2.6674423217773438,130.4967803955078,0.04183354601264,1.7239011526107788,-,-,-,-,-
20,21120,6.498668670654297,4.272755146026611,211.60264587402344,0.042068690061569214,0.6781840920448303,3.0820603370666504,1.965929627418518,95.5907211303711,0.03997094929218292,1.2025259733200073
20,21248,4.614818572998047,2.975900173187256,146.115966796875,0.03643565624952316,1.4132332801818848,-,-,-,-,-
20,21376,3.830737829208374,2.4929332733154297,121.90548706054688,0.03759126365184784,0.8115866780281067,-,-,-,-,-
20,21504,3.4859049320220947,2.248873233795166,110.03473663330078,0.03485074266791344,1.018334150314331,-,-,-,-,-
20,21632,4.213363170623779,2.7382588386535645,134.4399871826172,0.03889124095439911,0.9181304574012756,-,-,-,-,-
20,21760,6.019155025482178,3.8343663215637207,189.1145782470703,0.0450950525701046,2.485478639602661,2.745021343231201,1.7803343534469604,86.65048217773438,0.03342835605144501,0.6475388407707214
20,21888,3.987196922302246,2.585533380508423,126.79448699951172,0.03543369844555855,0.9828507900238037,-,-,-,-,-
20,22016,3.930790901184082,2.539966583251953,124.59805297851562,0.03448037430644035,1.1036350727081299,-,-,-,-,-
20,22144,3.9524548053741455,2.5305185317993164,123.83635711669922,0.04061414673924446,1.4295868873596191,-,-,-,-,-
20,22272,4.5506591796875,2.9526824951171875,145.32180786132812,0.03661860153079033,1.0813980102539062,-,-,-,-,-
20,22400,3.251459836959839,2.110044002532959,103.04228973388672,0.03438850864768028,0.7660444378852844,3.442387104034424,2.2113735675811768,108.0304946899414,0.036740776151418686,1.139678955078125
20,22528,5.970370769500732,3.8633368015289307,191.00466918945312,0.036589451134204865,1.6039756536483765,-,-,-,-,-
20,22656,4.559767246246338,2.928908586502075,143.68019104003906,0.040552686899900436,1.5350433588027954,-,-,-,-,-
20,22784,3.1524739265441895,2.0322790145874023,98.96326446533203,0.03934730589389801,0.9121484756469727,-,-,-,-,-
20,22912,3.611370801925659,2.3513009548187256,115.21532440185547,0.0352250300347805,0.7269160151481628,-,-,-,-,-
20,23040,3.5807929039001465,2.2940289974212646,112.14777374267578,0.037583958357572556,1.2770209312438965,4.206543922424316,2.739474296569824,134.32615661621094,0.03663702309131622,0.8717116713523865
20,23168,3.337883234024048,2.1713502407073975,105.71001434326172,0.036593928933143616,0.7283908128738403,-,-,-,-,-
20,23296,3.5803298950195312,2.2625608444213867,110.63679504394531,0.035379718989133835,1.7602128982543945,-,-,-,-,-
20,23424,3.5579171180725098,2.2980666160583496,112.2772216796875,0.03647506609559059,1.0060303211212158,-,-,-,-,-
20,23552,4.251710891723633,2.728339195251465,133.82737731933594,0.0367053784430027,1.4839218854904175,-,-,-,-,-
20,23680,4.676206111907959,3.004000425338745,147.81497192382812,0.04135807603597641,1.5269818305969238,4.503190517425537,2.906054735183716,143.19393920898438,0.03558981418609619,1.2960681915283203
20,23808,3.4870924949645996,2.270977258682251,111.26717376708984,0.03288191184401512,0.7056167721748352,-,-,-,-,-
20,23936,3.28176212310791,2.1234350204467773,103.69121551513672,0.03574008867144585,0.8567507266998291,-,-,-,-,-
20,24064,3.547273874282837,2.2842700481414795,111.64469909667969,0.037088025361299515,1.0946898460388184,-,-,-,-,-
20,24192,3.9618070125579834,2.5518829822540283,124.9995346069336,0.039839260280132294,1.2008922100067139,-,-,-,-,-
20,24320,2.7491648197174072,1.7445429563522339,84.72290802001953,0.0357150137424469,1.2167774438858032,3.4009785652160645,2.2165722846984863,108.21720123291016,0.034518539905548096,0.6771582961082458
20,24448,4.963119983673096,3.2344446182250977,159.10340881347656,0.03927433863282204,0.9836743474006653,-,-,-,-,-
20,24576,3.8050124645233154,2.333831548690796,113.85116577148438,0.03921116143465042,2.934580087661743,-,-,-,-,-
20,24704,4.538785934448242,2.9059336185455322,142.64474487304688,0.03888183459639549,1.6752314567565918,-,-,-,-,-
20,24832,3.282214879989624,2.1240665912628174,103.7376480102539,0.03404831141233444,0.8672345280647278,-,-,-,-,-
20,24960,3.5665974617004395,2.3210275173187256,113.83074188232422,0.031230395659804344,0.7603214979171753,4.394301414489746,2.830648899078369,138.92214965820312,0.03915892168879509,1.3527178764343262
20,25088,4.238658905029297,2.7202463150024414,133.4540557861328,0.03543808311223984,1.4843430519104004,-,-,-,-,-
20,25216,4.322995662689209,2.770836353302002,136.05703735351562,0.038192711770534515,1.5339628458023071,-,-,-,-,-
20,25344,8.660101890563965,5.670607566833496,281.6313171386719,0.04272285848855972,1.3045907020568848,-,-,-,-,-
20,25472,4.192579746246338,2.692657947540283,132.19577026367188,0.037206631153821945,1.407575249671936,-,-,-,-,-
20,25600,3.6770172119140625,2.380995988845825,116.5107650756836,0.03581663966178894,0.9509703516960144,4.0243611335754395,2.6001226902008057,127.52301025390625,0.038901787251234055,1.1010640859603882
20,25728,3.7968342304229736,2.440732955932617,119.3274154663086,0.03896819427609444,1.2385914325714111,-,-,-,-,-
20,25856,4.134228706359863,2.6533467769622803,129.98846435546875,0.03805743157863617,1.4294019937515259,-,-,-,-,-
20,25984,4.145094394683838,2.7174196243286133,133.2875213623047,0.036273855715990067,0.5852558016777039,-,-,-,-,-
20,26112,2.547536611557007,1.6450327634811401,80.0610580444336,0.031061602756381035,0.7083155512809753,-,-,-,-,-
20,26130,4.97115421295166,3.2903027534484863,162.77699279785156,0.02992383763194084,0.2315773069858551,7.4599223136901855,4.913315296173096,243.59523010253906,0.03646308556199074,0.741916835308075
21,128,4.637342929840088,3.0241997241973877,148.45327758789062,0.038472265005111694,0.9013831615447998,-,-,-,-,-
21,256,3.8510093688964844,2.4724292755126953,121.01246643066406,0.041506361216306686,1.2694926261901855,-,-,-,-,-
21,384,3.444612979888916,2.24935245513916,110.02230072021484,0.038608137518167496,0.5642931461334229,-,-,-,-,-
21,512,3.0611226558685303,1.975731372833252,96.22213745117188,0.035805683583021164,0.8736426830291748,-,-,-,-,-
21,640,4.071609973907471,2.6433396339416504,129.57298278808594,0.0373055599629879,0.9523528218269348,4.112945079803467,2.6917495727539062,131.94573974609375,0.03724953904747963,0.6448838114738464
21,768,3.8292219638824463,2.4984006881713867,122.26558685302734,0.038819245994091034,0.6934613585472107,-,-,-,-,-
21,896,4.494834899902344,2.9296722412109375,143.84815979003906,0.036911554634571075,0.8976991176605225,-,-,-,-,-
21,1024,4.416250705718994,2.8916914463043213,142.0446014404297,0.035765890032052994,0.6834704279899597,-,-,-,-,-
21,1152,6.91788911819458,4.545159816741943,225.06101989746094,0.039077430963516235,0.8304197788238525,-,-,-,-,-
21,1280,4.617390155792236,3.018190622329712,148.2571563720703,0.039391305297613144,0.772366464138031,3.1906540393829346,2.0779974460601807,101.43067932128906,0.032089512795209885,0.662602424621582
21,1408,3.5024709701538086,2.278585195541382,111.34440612792969,0.03799346461892128,0.7244834899902344,-,-,-,-,-
21,1536,4.201609134674072,2.7337048053741455,134.1800994873047,0.03810631483793259,0.8799699544906616,-,-,-,-,-
21,1664,3.0551834106445312,1.9987549781799316,97.49717712402344,0.03484957665205002,0.46607092022895813,-,-,-,-,-
21,1792,3.557321071624756,2.309886932373047,112.93071746826172,0.03663185238838196,0.8149515986442566,-,-,-,-,-
21,1920,3.949676752090454,2.581711769104004,126.66937255859375,0.03779705613851547,0.63474440574646,4.1940155029296875,2.753782033920288,135.1448211669922,0.037567686289548874,0.5121757984161377
21,2048,2.7830801010131836,1.8143893480300903,88.24290466308594,0.032186783850193024,0.5407496094703674,-,-,-,-,-
21,2176,3.586909055709839,2.352170944213867,115.12199401855469,0.03590409457683563,0.47614067792892456,-,-,-,-,-
21,2304,3.3289661407470703,2.1673381328582764,105.46261596679688,0.03871290758252144,0.6828871965408325,-,-,-,-,-
21,2432,3.1972339153289795,2.0899648666381836,101.96969604492188,0.03420199081301689,0.5336993336677551,-,-,-,-,-
21,2560,3.9726452827453613,2.580756425857544,126.36886596679688,0.03720894828438759,0.9099094271659851,3.4561142921447754,2.2558741569519043,110.14847564697266,0.032109662890434265,0.6664552688598633
21,2688,4.357100963592529,2.831378698348999,138.69053649902344,0.03762420639395714,1.0119240283966064,-,-,-,-,-
21,2816,3.8503241539001465,2.513465166091919,122.89313507080078,0.04217451065778732,0.6575322151184082,-,-,-,-,-
21,2944,3.5362391471862793,2.3107235431671143,112.93219757080078,0.03786589577794075,0.5832779407501221,-,-,-,-,-
21,3072,4.368524551391602,2.849181652069092,139.7148895263672,0.03775344416499138,0.8444051742553711,-,-,-,-,-
21,3200,4.114840507507324,2.701859951019287,132.5148468017578,0.03641277924180031,0.5141924619674683,3.7031352519989014,2.406264066696167,117.45460510253906,0.03875365108251572,0.8357152342796326
21,3328,4.772554874420166,3.1134989261627197,153.18258666992188,0.03979051858186722,0.8743933439254761,-,-,-,-,-
21,3456,4.999566555023193,3.2771995067596436,161.37106323242188,0.03770505636930466,0.7095156311988831,-,-,-,-,-
21,3584,7.833916187286377,5.1438446044921875,255.40843200683594,0.042500089854002,0.9348717927932739,-,-,-,-,-
21,3712,3.379856586456299,2.195530891418457,107.09210968017578,0.037342775613069534,0.760619580745697,-,-,-,-,-
21,3840,3.537313938140869,2.307084798812866,112.89991760253906,0.034971870481967926,0.662581205368042,4.0853424072265625,2.6612026691436768,130.4229278564453,0.034842025488615036,0.8506802916526794
21,3968,2.6253397464752197,1.6934478282928467,81.9095687866211,0.033392369747161865,0.7940381169319153,-,-,-,-,-
21,4096,3.451416492462158,2.256518602371216,110.06287384033203,0.03543596714735031,0.588333249092102,-,-,-,-,-
21,4224,3.14164662361145,2.0442252159118652,99.8674545288086,0.032781824469566345,0.6596522927284241,-,-,-,-,-
21,4352,3.9516642093658447,2.5919370651245117,126.8550033569336,0.03605402633547783,0.5512316823005676,-,-,-,-,-
21,4480,6.011935710906982,3.931309938430786,194.05763244628906,0.04154366999864578,0.9850611090660095,3.018706798553467,1.9720845222473145,95.9121322631836,0.036468636244535446,0.5103233456611633
21,4608,4.407223224639893,2.8708996772766113,140.9258270263672,0.04015189781785011,0.8691328167915344,-,-,-,-,-
21,4736,3.437145709991455,2.230172872543335,108.9986572265625,0.03668133169412613,0.803048849105835,-,-,-,-,-
21,4864,4.648317813873291,3.046222448348999,149.67079162597656,0.038830190896987915,0.6655704975128174,-,-,-,-,-
21,4992,4.451992034912109,2.901339054107666,142.2813720703125,0.04232640191912651,0.8551241755485535,-,-,-,-,-
21,5120,3.8223788738250732,2.469625473022461,120.76622772216797,0.04290933907032013,1.021819829940796,4.178898334503174,2.721890926361084,133.33265686035156,0.042412225157022476,0.8126809000968933
21,5248,3.69580078125,2.41268253326416,118.18572998046875,0.034566182643175125,0.6669508218765259,-,-,-,-,-
21,5376,4.158823013305664,2.6998696327209473,132.681396484375,0.033048056066036224,0.9909128546714783,-,-,-,-,-
21,5504,5.387479782104492,3.5162463188171387,173.5139617919922,0.03596063703298569,1.0013340711593628,-,-,-,-,-
21,5632,4.043112754821777,2.6124229431152344,127.91889190673828,0.04151825234293938,1.099827766418457,-,-,-,-,-
21,5760,2.9392249584198,1.9083383083343506,93.1277847290039,0.033700503408908844,0.6590832471847534,3.9417922496795654,2.5548977851867676,125.01739501953125,0.037945762276649475,0.9877477288246155
21,5888,3.0999300479888916,2.012385606765747,98.11129760742188,0.032591190189123154,0.7384036779403687,-,-,-,-,-
21,6016,2.645312547683716,1.6964987516403198,82.18588256835938,0.03609076514840126,0.9086418747901917,-,-,-,-,-
21,6144,4.025638580322266,2.588406562805176,126.87757110595703,0.03923043608665466,1.292259931564331,-,-,-,-,-
21,6272,7.643045425415039,5.002721309661865,248.15867614746094,0.03860854357481003,1.2012871503829956,-,-,-,-,-
21,6400,3.9314448833465576,2.5269644260406494,123.86967468261719,0.03641904145479202,1.2936450242996216,4.051536560058594,2.6349034309387207,129.43588256835938,0.0387408621609211,0.8353356122970581
21,6528,2.7540743350982666,1.7883620262145996,86.91162872314453,0.036464836448431015,0.6013118028640747,-,-,-,-,-
21,6656,4.183146953582764,2.6729540824890137,130.831787109375,0.03781149163842201,1.6406357288360596,-,-,-,-,-
21,6784,3.4716405868530273,2.2170562744140625,108.26764678955078,0.03639703243970871,1.3551080226898193,-,-,-,-,-
21,6912,4.014642238616943,2.603670358657837,127.73173522949219,0.03594734147191048,0.9770731925964355,-,-,-,-,-
21,7040,3.9617557525634766,2.535095691680908,124.36650085449219,0.03997202590107918,1.4302313327789307,3.666024923324585,2.3907346725463867,116.98992156982422,0.03857314959168434,0.6681775450706482
21,7168,5.8114237785339355,3.7884037494659424,187.1953887939453,0.04131751134991646,1.0974868535995483,-,-,-,-,-
21,7296,3.7290143966674805,2.3686106204986572,115.9288101196289,0.040005844086408615,1.6110961437225342,-,-,-,-,-
21,7424,5.187473773956299,3.3382532596588135,164.56028747558594,0.039237793534994125,1.6437962055206299,-,-,-,-,-
21,7552,5.939270496368408,3.844360589981079,189.66571044921875,0.04123973101377487,1.570128321647644,-,-,-,-,-
21,7680,3.5917158126831055,2.3157575130462646,113.00414276123047,0.03391704708337784,1.1200001239776611,4.788252830505371,3.0451149940490723,149.5284423828125,0.03488515689969063,2.129683494567871
21,7808,2.633648633956909,1.6759943962097168,81.09478759765625,0.03460447117686272,1.1210168600082397,-,-,-,-,-
21,7936,6.411780834197998,4.170066833496094,206.34046936035156,0.037294901907444,1.4101444482803345,-,-,-,-,-
21,8064,3.7715678215026855,2.358980178833008,115.33946990966797,0.03775791451334953,2.2143497467041016,-,-,-,-,-
21,8192,4.119906425476074,2.688524007797241,131.7390899658203,0.040069133043289185,0.7392258644104004,-,-,-,-,-
21,8320,3.223391532897949,2.0542778968811035,100.19405364990234,0.034008901566267014,1.3316404819488525,2.7174925804138184,1.7601910829544067,85.50624084472656,0.03565961867570877,0.6657968759536743
21,8448,3.7376630306243896,2.443258762359619,119.62663269042969,0.03466975688934326,0.6346831917762756,-,-,-,-,-
21,8576,3.937225341796875,2.492903470993042,121.98236083984375,0.04015316814184189,1.8434488773345947,-,-,-,-,-
21,8704,7.979686260223389,5.222140789031982,259.10333251953125,0.042979896068573,1.2353206872940063,-,-,-,-,-
21,8832,2.81968355178833,1.8121285438537598,88.09119415283203,0.033467669039964676,0.9317534565925598,-,-,-,-,-
21,8960,5.121309280395508,3.346627950668335,165.21229553222656,0.038119837641716,0.8443902134895325,3.485517740249634,2.2579376697540283,110.15020751953125,0.037050146609544754,0.8902753591537476
21,9088,7.14790678024292,4.67611837387085,231.71780395507812,0.04034820571541786,1.1426206827163696,-,-,-,-,-
21,9216,3.692446708679199,2.390103578567505,117.11439514160156,0.036116018891334534,0.9508318901062012,-,-,-,-,-
21,9344,6.143880844116211,4.005340576171875,197.93731689453125,0.03937885910272598,1.1978882551193237,-,-,-,-,-
21,9472,3.655475616455078,2.328346014022827,113.73989868164062,0.034439533948898315,1.5529118776321411,-,-,-,-,-
21,9600,4.290546417236328,2.7625572681427,135.72372436523438,0.03890136629343033,1.3185067176818848,3.549821138381958,2.1612727642059326,105.53488159179688,0.0350320003926754,2.9816761016845703
21,9728,3.481079339981079,2.1576976776123047,105.40900421142578,0.03161149099469185,2.3768014907836914,-,-,-,-,-
21,9856,4.742433547973633,3.0125386714935303,148.03472900390625,0.037081606686115265,2.12465763092041,-,-,-,-,-
21,9984,4.0921549797058105,2.364091634750366,115.72123718261719,0.03627613186836243,5.345746040344238,-,-,-,-,-
21,10112,3.990553855895996,2.564059019088745,125.74523162841797,0.03445941209793091,1.3458325862884521,-,-,-,-,-
21,10240,4.005021572113037,2.3842453956604004,116.7573013305664,0.03675393760204315,4.164491176605225,3.5247418880462646,2.276691436767578,111.25664520263672,0.03272402286529541,1.0276011228561401
21,10368,4.055964946746826,2.6126656532287598,127.82875061035156,0.03717643395066261,1.2783528566360474,-,-,-,-,-
21,10496,4.392323017120361,2.6065845489501953,127.61859130859375,0.03526747226715088,4.742851257324219,-,-,-,-,-
21,10624,3.202840805053711,2.0648958683013916,100.62833404541016,0.03367365896701813,0.9798789620399475,-,-,-,-,-
21,10752,3.67397141456604,2.1702263355255127,105.97129821777344,0.035004548728466034,4.090272426605225,-,-,-,-,-
21,10880,4.014988422393799,2.541630268096924,124.77716064453125,0.034529197961091995,1.910571575164795,7.565427303314209,4.8097686767578125,238.44529724121094,0.041900090873241425,3.2930567264556885
21,11008,5.827672958374023,3.6385626792907715,179.3745574951172,0.042075883597135544,3.532888889312744,-,-,-,-,-
21,11136,5.107549667358398,2.9917845726013184,146.94097900390625,0.043588168919086456,6.027672290802002,-,-,-,-,-
21,11264,3.5799169540405273,2.286583662033081,111.92413330078125,0.03547927737236023,1.3861249685287476,-,-,-,-,-
21,11392,4.903909206390381,3.0031721591949463,147.57833862304688,0.03658272698521614,3.883709669113159,-,-,-,-,-
21,11520,3.1952061653137207,2.0150089263916016,98.21884155273438,0.03463092818856239,1.6337764263153076,3.362353563308716,1.9027209281921387,92.39055633544922,0.03581927716732025,4.999077320098877
21,11648,3.069352149963379,1.7469111680984497,84.44701385498047,0.03415444865822792,4.438165187835693,-,-,-,-,-
21,11776,3.935460090637207,2.433230400085449,118.96223449707031,0.037826623767614365,2.7478067874908447,-,-,-,-,-
21,11904,12.208645820617676,7.845699310302734,390.1575927734375,0.04351937770843506,4.178516864776611,-,-,-,-,-
21,12032,4.417262554168701,2.4436862468719482,119.46525573730469,0.03611321747303009,7.428106307983398,-,-,-,-,-
21,12160,3.297551155090332,2.1226511001586914,103.62752532958984,0.03618532791733742,1.0243929624557495,3.77532958984375,2.037477493286133,99.43617248535156,0.03722001239657402,7.0627055168151855
21,12288,3.878523349761963,2.146378517150879,104.62808227539062,0.03487081453204155,6.5099310874938965,-,-,-,-,-
21,12416,4.578463077545166,2.9542908668518066,144.96978759765625,0.03800712898373604,1.3646711111068726,-,-,-,-,-
21,12544,8.712106704711914,5.449333190917969,270.34759521484375,0.03890112042427063,5.203964710235596,-,-,-,-,-
21,12672,4.307554721832275,2.702913522720337,132.64979553222656,0.03485425189137459,2.4328908920288086,-,-,-,-,-
21,12800,5.0714545249938965,3.103322982788086,152.32943725585938,0.04085025563836098,4.03986930847168,4.407834529876709,2.6194536685943604,128.31851196289062,0.03563261404633522,4.695629119873047
21,12928,3.4800326824188232,2.0881197452545166,101.88198852539062,0.03261018171906471,3.404829502105713,-,-,-,-,-
21,13056,4.53573751449585,2.741452932357788,134.54766845703125,0.03796002268791199,4.1084818840026855,-,-,-,-,-
21,13184,3.7064919471740723,1.8928769826889038,92.0594711303711,0.03632441908121109,8.566957473754883,-,-,-,-,-
21,13312,3.333622694015503,2.1425042152404785,104.37296295166016,0.03672485426068306,1.1066392660140991,-,-,-,-,-
21,13440,5.014240264892578,2.709982395172119,132.99307250976562,0.03969947621226311,9.346273422241211,3.813173532485962,2.4041080474853516,117.9253921508789,0.03600147366523743,1.9381006956100464
21,13568,4.16851282119751,2.618931531906128,128.5400390625,0.0398484468460083,2.2433223724365234,-,-,-,-,-
21,13696,4.244783878326416,2.3080556392669678,112.69477844238281,0.03752627596259117,7.722541809082031,-,-,-,-,-
21,13824,5.234239101409912,2.9916739463806152,146.963134765625,0.03608766198158264,7.36846399307251,-,-,-,-,-
21,13952,3.839505195617676,2.1891088485717773,106.89387512207031,0.03645322471857071,5.450043678283691,-,-,-,-,-
21,14080,4.998373031616211,2.3456900119781494,113.99474334716797,0.039137497544288635,14.735977172851562,3.7155566215515137,2.418504476547241,118.3195571899414,0.034850794821977615,0.7900570034980774
21,14208,7.454189300537109,4.9021782875061035,243.04620361328125,0.035662584006786346,0.8588654398918152,-,-,-,-,-
21,14336,3.8261771202087402,1.904672384262085,92.6676025390625,0.03172770515084267,9.63100814819336,-,-,-,-,-
21,14464,3.9745681285858154,2.5221405029296875,123.35736083984375,0.03606106713414192,1.8279304504394531,-,-,-,-,-
21,14592,6.791743278503418,3.7940688133239746,187.21766662597656,0.04019701108336449,10.853007316589355,-,-,-,-,-
21,14720,2.9524409770965576,1.9137336015701294,93.4065933227539,0.036267466843128204,0.683738648891449,7.7380452156066895,4.662909030914307,230.6642608642578,0.03931484371423721,7.291787624359131
21,14848,4.342621326446533,2.462148904800415,120.56941223144531,0.03823498263955116,6.36543607711792,-,-,-,-,-
21,14976,4.090445041656494,2.6471517086029053,129.7331085205078,0.039922311902046204,1.060398817062378,-,-,-,-,-
21,15104,2.734138011932373,1.567121148109436,75.61334228515625,0.03145747631788254,3.794260025024414,-,-,-,-,-
21,15232,5.149237632751465,2.83166766166687,138.52574157714844,0.038991719484329224,8.933207511901855,-,-,-,-,-
21,15360,5.070606231689453,1.9221205711364746,93.33716583251953,0.032408036291599274,21.827062606811523,4.477750301361084,2.3299410343170166,113.81414031982422,0.03753115236759186,9.721366882324219
21,15488,4.015996932983398,2.1498475074768066,104.87203979492188,0.032760098576545715,7.846687316894531,-,-,-,-,-
21,15616,2.9395692348480225,1.5989004373550415,77.46908569335938,0.032210126519203186,5.337676048278809,-,-,-,-,-
21,15744,5.442905426025391,2.1029672622680664,102.41156005859375,0.034728892147541046,22.810937881469727,-,-,-,-,-
21,15872,4.111546516418457,2.5054445266723633,122.57777404785156,0.038307081907987595,3.4201693534851074,-,-,-,-,-
21,16000,5.293330192565918,2.511089324951172,122.8216323852539,0.035778868943452835,15.182461738586426,3.5401928424835205,2.298271894454956,112.44537353515625,0.03716263547539711,0.803046703338623
21,16128,3.635369300842285,2.3458588123321533,114.71902465820312,0.037231750786304474,1.0508854389190674,-,-,-,-,-
21,16256,9.864827156066895,5.1711039543151855,256.5943908691406,0.04265841841697693,20.85120964050293,-,-,-,-,-
21,16384,3.461919069290161,2.103330135345459,102.4930191040039,0.03601955249905586,2.976393699645996,-,-,-,-,-
21,16512,5.9949541091918945,3.0163540840148926,148.1864776611328,0.03655580058693886,14.601798057556152,-,-,-,-,-
21,16640,2.942171096801758,1.888058066368103,91.91290283203125,0.031789299100637436,1.0319466590881348,4.646300315856934,2.140885353088379,104.4385986328125,0.035788875073194504,14.252405166625977
21,16768,5.5727925300598145,2.8618688583374023,140.5881805419922,0.03736933320760727,12.67672348022461,-,-,-,-,-
21,16896,3.9613022804260254,2.5093767642974854,122.99761199951172,0.037086665630340576,1.8486287593841553,-,-,-,-,-
21,17024,6.169328212738037,3.291705369949341,161.9491729736328,0.03885284811258316,12.192781448364258,-,-,-,-,-
21,17152,3.6348209381103516,2.313972234725952,113.1316909790039,0.03775334730744362,1.5177849531173706,-,-,-,-,-
21,17280,3.6312239170074463,1.9895645380020142,96.9863510131836,0.03310147672891617,6.386942386627197,3.011531352996826,1.9120019674301147,93.07920837402344,0.03761165961623192,1.3112571239471436
21,17408,2.7945735454559326,1.7439008951187134,84.5426025390625,0.03422478586435318,1.7102199792861938,-,-,-,-,-
21,17536,4.636948108673096,2.761186122894287,135.57899475097656,0.03308732807636261,4.86884880065918,-,-,-,-,-
21,17664,4.935495853424072,3.0941126346588135,152.46832275390625,0.03880279138684273,2.77897572517395,-,-,-,-,-
21,17792,2.959986448287964,1.770862340927124,86.04295349121094,0.032407306134700775,2.9628729820251465,-,-,-,-,-
21,17920,4.69826602935791,2.335765838623047,114.06314849853516,0.03838999196887016,11.834787368774414,4.749694347381592,2.671590805053711,130.81678771972656,0.038123153150081635,7.3181257247924805
21,18048,3.982621908187866,2.301147222518921,112.02713012695312,0.03491693735122681,5.2628631591796875,-,-,-,-,-
21,18176,5.246908664703369,2.6585283279418945,130.19361877441406,0.03661768138408661,12.498262405395508,-,-,-,-,-
21,18304,3.4436140060424805,2.198211669921875,107.42446899414062,0.03815028443932533,1.3300750255584717,-,-,-,-,-
21,18432,4.935989856719971,2.4742929935455322,120.94367218017578,0.0391448512673378,12.131153106689453,-,-,-,-,-
21,18560,3.3669590950012207,2.179654121398926,106.1439208984375,0.035343438386917114,0.9052255153656006,5.696635723114014,3.028657913208008,148.62872314453125,0.03859378397464752,11.430967330932617
21,18688,3.836397886276245,2.043884754180908,99.72284698486328,0.035828981548547745,7.5945563316345215,-,-,-,-,-
21,18816,3.749351739883423,2.2228145599365234,108.76716613769531,0.03416556119918823,4.046998500823975,-,-,-,-,-
21,18944,3.352543592453003,1.9339345693588257,94.41182708740234,0.03345169499516487,4.410390853881836,-,-,-,-,-
21,19072,4.591465950012207,2.369323253631592,116.13724517822266,0.0371117889881134,10.23658275604248,-,-,-,-,-
21,19200,3.12760853767395,1.7631869316101074,85.60665893554688,0.03559083864092827,4.727640151977539,4.528958320617676,2.221156120300293,108.29721069335938,0.036243073642253876,11.885872840881348
21,19328,4.313446044921875,2.1931209564208984,106.88066101074219,0.03750433027744293,10.140138626098633,-,-,-,-,-
21,19456,4.565072536468506,2.9497439861297607,144.8592071533203,0.03704554960131645,1.2969131469726562,-,-,-,-,-
21,19584,4.407773017883301,2.383772850036621,116.45946502685547,0.03704474866390228,8.223609924316406,-,-,-,-,-
21,19712,3.5675008296966553,2.307060718536377,112.82481384277344,0.03431113809347153,0.9788076877593994,-,-,-,-,-
21,19840,4.3997955322265625,2.533421516418457,124.110107421875,0.036961283534765244,5.883118152618408,3.997589111328125,2.571729898452759,126.25460815429688,0.03315519914031029,1.3015801906585693
21,19968,4.168323040008545,2.650362968444824,130.07203674316406,0.03631044551730156,1.8092942237854004,-,-,-,-,-
21,20096,4.205185890197754,2.594599723815918,127.35631561279297,0.03431767225265503,3.027055263519287,-,-,-,-,-
21,20224,4.692221164703369,2.9784464836120605,146.5026397705078,0.03357215225696564,2.1517601013183594,-,-,-,-,-
21,20352,4.380921363830566,2.8596956729888916,140.5483856201172,0.036745548248291016,0.789959728717804,-,-,-,-,-
21,20480,2.605365753173828,1.6022350788116455,77.75228118896484,0.0317336842417717,1.9387403726577759,4.073953628540039,2.5345356464385986,124.00801849365234,0.03477541357278824,2.6456239223480225
21,20608,7.413949489593506,4.839466571807861,239.9322052001953,0.0378386452794075,1.373223900794983,-,-,-,-,-
21,20736,3.8346471786499023,2.3287243843078613,113.69837951660156,0.03676098957657814,3.32177996635437,-,-,-,-,-
21,20864,2.7001805305480957,1.7230229377746582,83.37069702148438,0.032925356179475784,1.1052539348602295,-,-,-,-,-
21,20992,4.234979629516602,2.6702563762664795,130.53831481933594,0.03662249445915222,2.2271769046783447,-,-,-,-,-
21,21120,3.457087993621826,2.2313976287841797,108.43436431884766,0.035131074488162994,1.0621579885482788,3.299307346343994,2.1294190883636475,103.47561645507812,0.033734265714883804,1.0139782428741455
21,21248,3.2448511123657227,2.0784263610839844,100.83772277832031,0.03522750362753868,1.2282003164291382,-,-,-,-,-
21,21376,3.6514625549316406,2.3723502159118652,115.73894500732422,0.03194454684853554,0.8977853655815125,-,-,-,-,-
21,21504,4.8142547607421875,3.1036064624786377,152.692626953125,0.039008546620607376,1.4471335411071777,-,-,-,-,-
21,21632,3.8862380981445312,2.524451732635498,123.5013198852539,0.0375070758163929,0.8926637172698975,-,-,-,-,-
21,21760,4.094977378845215,2.675398826599121,131.2860107421875,0.03372133895754814,0.7299702167510986,3.1588032245635986,2.0408501625061035,99.49303436279297,0.03539704531431198,0.8762572407722473
21,21888,4.0616774559021,2.617061138153076,128.19757080078125,0.04009327292442322,1.2254751920700073,-,-,-,-,-
21,22016,4.237059116363525,2.7460389137268066,134.74281311035156,0.03844354301691055,1.0514880418777466,-,-,-,-,-
21,22144,2.8809404373168945,1.8697282075881958,90.89865112304688,0.033246517181396484,0.6897922158241272,-,-,-,-,-
21,22272,3.1928586959838867,2.0726232528686523,100.91539001464844,0.033431634306907654,0.7765001058578491,-,-,-,-,-
21,22400,3.7691569328308105,2.4375011920928955,118.75524139404297,0.03637772053480148,1.0772595405578613,4.396064281463623,2.807561159133911,137.1253204345703,0.036665841937065125,1.805841088294983
21,22528,3.9730749130249023,2.5210378170013428,122.99720001220703,0.03527503088116646,1.8679002523422241,-,-,-,-,-
21,22656,5.210237503051758,3.394063949584961,166.57174682617188,0.036051373928785324,1.1440491676330566,-,-,-,-,-
21,22784,3.166888952255249,2.037522077560425,98.6486587524414,0.0380483940243721,1.048317551612854,-,-,-,-,-
21,22912,3.8747506141662598,2.5457215309143066,124.10409545898438,0.03568616136908531,0.5230187773704529,-,-,-,-,-
21,23040,3.034782886505127,1.9659563302993774,95.45620727539062,0.037265438586473465,0.7699896097183228,3.1345674991607666,2.054015874862671,99.98178100585938,0.03314376622438431,0.4759013056755066
21,23168,3.596127986907959,2.358001232147217,115.14872741699219,0.03828426077961922,0.48355036973953247,-,-,-,-,-
21,23296,3.127455234527588,2.0248653888702393,98.48592376708984,0.03604060783982277,0.8169016242027283,-,-,-,-,-
21,23424,2.7832415103912354,1.8118250370025635,87.97286224365234,0.037236545234918594,0.5445148348808289,-,-,-,-,-
21,23552,4.5508341789245605,2.9258675575256348,143.65142822265625,0.03529529646039009,1.531567931175232,-,-,-,-,-
21,23680,4.1046576499938965,2.6530065536499023,129.9303741455078,0.036669403314590454,1.1567771434783936,3.876894474029541,2.5184457302093506,123.11580657958984,0.03561430424451828,0.916765034198761
21,23808,2.9654581546783447,1.9273130893707275,93.41666412353516,0.03416406735777855,0.6981439590454102,-,-,-,-,-
21,23936,2.849290132522583,1.8404124975204468,89.34764862060547,0.036257583647966385,0.7914347052574158,-,-,-,-,-
21,24064,4.465061664581299,2.904834508895874,142.3920440673828,0.036012399941682816,1.0029436349868774,-,-,-,-,-
21,24192,3.833218574523926,2.4982335567474365,122.49234008789062,0.03660391643643379,0.7345783710479736,-,-,-,-,-
21,24320,4.083183288574219,2.6358301639556885,129.3218536376953,0.03738304600119591,1.167515516281128,7.090429782867432,4.655871868133545,230.6709747314453,0.03755217418074608,0.9029561281204224
21,24448,4.113692283630371,2.688122510910034,132.01243591308594,0.035305313766002655,0.7014011740684509,-,-,-,-,-
21,24576,3.9646031856536865,2.588994264602661,127.16493225097656,0.03324144333600998,0.7071826457977295,-,-,-,-,-
21,24704,2.675097703933716,1.7278194427490234,83.7565689086914,0.03614817559719086,0.7356449365615845,-,-,-,-,-
21,24832,3.1233932971954346,2.0171875953674316,98.38970184326172,0.03583415970206261,0.864746630191803,-,-,-,-,-
21,24960,4.067991256713867,2.6252598762512207,128.61598205566406,0.039617784321308136,1.169539451599121,4.7333245277404785,3.0860707759857178,151.74542236328125,0.039807796478271484,0.8999152779579163
21,25088,3.348668098449707,2.1807749271392822,106.45201110839844,0.03815694525837898,0.6521599292755127,-,-,-,-,-
21,25216,2.613800048828125,1.6948758363723755,82.33595275878906,0.03271569311618805,0.6284908056259155,-,-,-,-,-
21,25344,4.470448017120361,2.9247636795043945,143.6478729248047,0.03738368675112724,0.7182231545448303,-,-,-,-,-
21,25472,5.175411701202393,3.3896868228912354,167.0039520263672,0.037254173308610916,0.7843098640441895,-,-,-,-,-
21,25600,4.100141525268555,2.702033281326294,132.51002502441406,0.033989787101745605,0.3901819586753845,3.3188021183013916,2.152928113937378,105.16462707519531,0.035675086081027985,0.7855280041694641
21,25728,3.8545336723327637,2.5096333026885986,123.18855285644531,0.032681018114089966,0.8033359050750732,-,-,-,-,-
21,25856,3.6252377033233643,2.3774261474609375,116.2831039428711,0.03570109233260155,0.4927949905395508,-,-,-,-,-
21,25984,3.930372476577759,2.5437750816345215,124.55685424804688,0.03735499456524849,1.0367400646209717,-,-,-,-,-
21,26112,4.132221698760986,2.695147752761841,132.34539794921875,0.039164893329143524,0.7445513606071472,-,-,-,-,-
21,26130,4.59049129486084,3.020625114440918,148.53907775878906,0.030701659619808197,0.5377364754676819,3.774203062057495,2.428680658340454,119.14013671875,0.03747231885790825,1.1664893627166748
22,128,2.9580206871032715,1.8788220882415771,91.18363189697266,0.041581835597753525,1.2578028440475464,-,-,-,-,-
22,256,3.142120361328125,2.0383667945861816,99.02826690673828,0.035909127444028854,0.7756196856498718,-,-,-,-,-
22,384,3.372704267501831,2.130084753036499,103.50418853759766,0.037861358374357224,1.6971625089645386,-,-,-,-,-
22,512,4.070376873016357,2.6225790977478027,128.55673217773438,0.0331227071583271,1.2910760641098022,-,-,-,-,-
22,640,4.4629435539245605,2.8560476303100586,139.96804809570312,0.03582599759101868,1.7138891220092773,4.983969688415527,3.2077407836914062,157.95936584472656,0.03387608379125595,1.6275933980941772
22,768,3.0815792083740234,1.9831674098968506,96.42718505859375,0.034217607229948044,0.9992231130599976,-,-,-,-,-
22,896,4.050885200500488,2.5784027576446533,126.15634155273438,0.03501291945576668,1.7590574026107788,-,-,-,-,-
22,1024,3.212409019470215,2.067894458770752,100.97794342041016,0.03577033802866936,0.9896461367607117,-,-,-,-,-
22,1152,3.677046060562134,2.3429901599884033,114.9355697631836,0.03534436225891113,1.4935582876205444,-,-,-,-,-
22,1280,3.5898897647857666,2.346332311630249,114.83201599121094,0.03747221827507019,0.57765132188797,4.187245845794678,2.6524477005004883,130.09805297851562,0.03991558402776718,1.9390205144882202
22,1408,4.940261363983154,3.1543350219726562,155.4295654296875,0.038064029067754745,1.9356666803359985,-,-,-,-,-
22,1536,3.212158679962158,2.076899766921997,101.26468658447266,0.03602372482419014,0.8658847808837891,-,-,-,-,-
22,1664,4.374485969543457,2.782095193862915,136.7921600341797,0.035266727209091187,1.8920210599899292,-,-,-,-,-
22,1792,5.707003116607666,3.679124355316162,181.2760772705078,0.03903830051422119,1.7607978582382202,-,-,-,-,-
22,1920,3.9269447326660156,2.5722851753234863,126.3475341796875,0.030523277819156647,0.6066083312034607,3.151221513748169,2.012720823287964,98.17789459228516,0.03375893831253052,1.2296291589736938
22,2048,3.4905662536621094,2.237269163131714,109.34873962402344,0.032998424023389816,1.2681128978729248,-,-,-,-,-
22,2176,4.1055803298950195,2.678431987762451,131.50160217285156,0.03733987733721733,0.7479232549667358,-,-,-,-,-
22,2304,3.013734817504883,1.953774333000183,94.99681091308594,0.034232672303915024,0.7575984597206116,-,-,-,-,-
22,2432,2.983565092086792,1.9366676807403564,94.24298858642578,0.036617688834667206,0.678499162197113,-,-,-,-,-
22,2560,4.419546127319336,2.880373001098633,141.42410278320312,0.034089379012584686,0.9084275960922241,3.132995367050171,2.0435190200805664,99.6196060180664,0.033929433673620224,0.5935087203979492
22,2688,3.496896505355835,2.281582832336426,111.43412017822266,0.03827143460512161,0.6270092725753784,-,-,-,-,-
22,2816,3.81370210647583,2.482375383377075,121.73245239257812,0.03318305313587189,0.808190107345581,-,-,-,-,-
22,2944,2.9779365062713623,1.9502325057983398,95.05963897705078,0.033937469124794006,0.43170103430747986,-,-,-,-,-
22,3072,3.9674103260040283,2.58630633354187,126.74890899658203,0.03806139901280403,0.7555345296859741,-,-,-,-,-
22,3200,5.026004314422607,3.2801148891448975,161.55682373046875,0.037472136318683624,0.9284892082214355,4.803676605224609,3.1215803623199463,153.26463317871094,0.037648946046829224,1.118006944656372
22,3328,5.008618354797363,3.239297866821289,159.71249389648438,0.03763417527079582,1.3456127643585205,-,-,-,-,-
22,3456,4.867469310760498,3.181124448776245,156.54177856445312,0.038281481713056564,0.8264588117599487,-,-,-,-,-
22,3584,5.401627540588379,3.4990153312683105,172.80618286132812,0.04054468870162964,1.340058445930481,-,-,-,-,-
22,3712,3.200143575668335,2.0692059993743896,100.94791412353516,0.0363500714302063,0.851083517074585,-,-,-,-,-
22,3840,2.956623077392578,1.9200429916381836,93.7025146484375,0.03556769713759422,0.6398717164993286,4.332712173461914,2.831047773361206,139.1378173828125,0.03831250220537186,0.719735860824585
22,3968,7.819719314575195,5.115142822265625,253.48025512695312,0.04239930585026741,1.2737466096878052,-,-,-,-,-
22,4096,3.818371295928955,2.495872974395752,122.41090393066406,0.035457611083984375,0.6293149590492249,-,-,-,-,-
22,4224,3.395325183868408,2.204505681991577,107.64628601074219,0.03426997363567352,0.8008646965026855,-,-,-,-,-
22,4352,2.886157989501953,1.8765500783920288,91.31354522705078,0.03325626999139786,0.6321618556976318,-,-,-,-,-
22,4480,4.234211444854736,2.776308536529541,136.29583740234375,0.03551877662539482,0.5942582488059998,3.4949111938476562,2.2849695682525635,111.8559799194336,0.03603370487689972,0.5534833669662476
22,4608,2.8191311359405518,1.832395315170288,89.22449493408203,0.033131688833236694,0.613591194152832,-,-,-,-,-
22,4736,3.133011817932129,2.032015085220337,99.31214141845703,0.03576483577489853,0.7211029529571533,-,-,-,-,-
22,4864,2.842296600341797,1.8539496660232544,90.2039566040039,0.03228270262479782,0.5402489304542542,-,-,-,-,-
22,4992,4.25386905670166,2.7955100536346436,137.0789794921875,0.035749007016420364,0.5182042121887207,-,-,-,-,-
22,5120,3.120436906814575,2.0434882640838623,99.57439422607422,0.03395090252161026,0.4725375175476074,3.1358160972595215,2.0426909923553467,99.83643341064453,0.033138249069452286,0.6162253022193909
22,5248,2.9629416465759277,1.9260140657424927,93.63207244873047,0.03441643342375755,0.6619051098823547,-,-,-,-,-
22,5376,3.379801034927368,2.2115111351013184,107.9991226196289,0.03532371297478676,0.5297497510910034,-,-,-,-,-
22,5504,3.6273272037506104,2.3645122051239014,115.4363784790039,0.03485174477100372,0.7359941005706787,-,-,-,-,-
22,5632,2.721884250640869,1.7772096395492554,86.37508392333984,0.032573990523815155,0.483497679233551,-,-,-,-,-
22,5760,3.127389907836914,2.036238193511963,99.71189880371094,0.03274726867675781,0.6128559708595276,3.9892144203186035,2.6108670234680176,127.88648223876953,0.03919556364417076,0.6028701663017273
22,5888,3.7341816425323486,2.425736665725708,118.88870239257812,0.03559098392724991,0.839671790599823,-,-,-,-,-
22,6016,2.745007038116455,1.7842144966125488,87.00557708740234,0.034959446638822556,0.5577727556228638,-,-,-,-,-
22,6144,7.0724196434021,4.629282474517822,229.6085662841797,0.04009345918893814,1.0695775747299194,-,-,-,-,-
22,6272,3.870936870574951,2.4876489639282227,121.94571685791016,0.0333663634955883,1.3046430349349976,-,-,-,-,-
22,6400,3.3451220989227295,2.1774792671203613,106.42765808105469,0.0345601923763752,0.6880590319633484,3.3565380573272705,2.1721832752227783,106.03582000732422,0.03457309305667877,0.8942346572875977
22,6528,3.7787435054779053,2.4447689056396484,119.51374053955078,0.036270201206207275,1.0256696939468384,-,-,-,-,-
22,6656,2.840913772583008,1.832489013671875,89.12732696533203,0.03298176825046539,0.8416966199874878,-,-,-,-,-
22,6784,6.174494743347168,4.005856513977051,198.09181213378906,0.0401548370718956,1.4756522178649902,-,-,-,-,-
22,6912,3.1122794151306152,1.9675369262695312,95.96595764160156,0.03602997586131096,1.49052894115448,-,-,-,-,-
22,7040,7.37662410736084,4.866633415222168,241.6922149658203,0.035314541310071945,0.5775380730628967,4.266349792480469,2.730330467224121,134.05291748046875,0.03839070722460747,1.5709925889968872
22,7168,3.369281053543091,2.1739020347595215,106.11288452148438,0.03539535030722618,0.9885473847389221,-,-,-,-,-
22,7296,3.0105576515197754,1.9730253219604492,96.0302963256836,0.0319499745965004,0.452795147895813,-,-,-,-,-
22,7424,3.531237840652466,2.2400994300842285,109.76407623291016,0.03395659849047661,1.5954108238220215,-,-,-,-,-
22,7552,3.150007486343384,2.003631591796875,97.5683364868164,0.03533396124839783,1.3535879850387573,-,-,-,-,-
22,7680,3.08447003364563,1.9858882427215576,96.8735580444336,0.03512048348784447,0.9472594857215881,3.119997024536133,2.042240619659424,99.56659698486328,0.03451913595199585,0.47571229934692383
22,7808,3.2855007648468018,2.1092565059661865,102.82485961914062,0.035332124680280685,1.1266348361968994,-,-,-,-,-
22,7936,2.949636459350586,1.897576928138733,92.26571655273438,0.035290464758872986,0.9411183595657349,-,-,-,-,-
22,8064,4.197057247161865,2.72949481010437,133.86553955078125,0.03649428114295006,0.9241296052932739,-,-,-,-,-
22,8192,3.3132400512695312,2.142913818359375,104.71576690673828,0.03463286906480789,0.8853565454483032,-,-,-,-,-
22,8320,3.092712640762329,1.9874913692474365,96.75212860107422,0.03534886986017227,1.0235122442245483,3.4197049140930176,2.219719171524048,108.15355682373047,0.037981051951646805,0.804690420627594
22,8448,3.0817699432373047,2.000108003616333,97.41719055175781,0.0351904034614563,0.722997784614563,-,-,-,-,-
22,8576,3.5267016887664795,2.2824885845184326,111.41643524169922,0.03700520470738411,0.9304366111755371,-,-,-,-,-
22,8704,4.716588020324707,3.049105405807495,149.63861083984375,0.03929001837968826,1.318066954612732,-,-,-,-,-
22,8832,7.727497100830078,5.05379056930542,251.09805297851562,0.041242197155952454,1.2148443460464478,-,-,-,-,-
22,8960,4.256687164306641,2.772118091583252,136.06581115722656,0.04024321213364601,0.8366774320602417,5.726648330688477,3.7207982540130615,183.64735412597656,0.043730322271585464,1.2564588785171509
22,9088,2.9772284030914307,1.943117380142212,94.32579803466797,0.0349130816757679,0.5594000220298767,-,-,-,-,-
22,9216,5.412074565887451,3.5225958824157715,173.28561401367188,0.04376955330371857,1.1285313367843628,-,-,-,-,-
22,9344,3.3853800296783447,2.2213830947875977,108.37945556640625,0.032259196043014526,0.47943001985549927,-,-,-,-,-
22,9472,3.5076563358306885,2.228271245956421,108.59355163574219,0.03692427650094032,1.565252661705017,-,-,-,-,-
22,9600,3.5973193645477295,2.3428540229797363,114.62571716308594,0.03804099187254906,0.7016730904579163,3.2859113216400146,2.1037096977233887,102.74055480957031,0.0356898158788681,1.1910640001296997
22,9728,3.1880271434783936,2.034804344177246,99.4332046508789,0.0334286205470562,1.2546212673187256,-,-,-,-,-
22,9856,3.859433174133301,2.526190757751465,123.89273071289062,0.03433779254555702,0.5997734069824219,-,-,-,-,-
22,9984,4.787960052490234,3.0498199462890625,149.99591064453125,0.037112317979335785,2.010687828063965,-,-,-,-,-
22,10112,3.139463186264038,2.051403045654297,100.04790496826172,0.03442694991827011,0.5315433740615845,-,-,-,-,-
22,10240,3.7136714458465576,2.327775716781616,113.78182983398438,0.038617707788944244,2.0945992469787598,3.8538658618927,2.488381862640381,122.14740753173828,0.032515767961740494,1.1149405241012573
22,10368,5.116386890411377,3.3054871559143066,162.64698791503906,0.0389849878847599,1.4544471502304077,-,-,-,-,-
22,10496,4.472814559936523,2.859907865524292,140.5593719482422,0.041198790073394775,1.6611441373825073,-,-,-,-,-
22,10624,4.093197345733643,2.6095075607299805,127.94613647460938,0.03853616118431091,1.656923532485962,-,-,-,-,-
22,10752,7.41295862197876,4.873301029205322,242.1673126220703,0.03879508748650551,0.7918928265571594,-,-,-,-,-
22,10880,3.1406335830688477,2.024412155151367,98.42737579345703,0.03429994359612465,0.9764796495437622,8.649652481079102,5.651217937469482,280.3718566894531,0.04198053479194641,1.5273451805114746
22,11008,3.2436747550964355,2.1001079082489014,102.3808822631836,0.037271399050951004,0.8248671889305115,-,-,-,-,-
22,11136,3.3957650661468506,2.2220611572265625,108.61884307861328,0.03605816513299942,0.514573872089386,-,-,-,-,-
22,11264,3.432859182357788,2.1826109886169434,106.23233795166016,0.0394715741276741,1.484532356262207,-,-,-,-,-
22,11392,5.000352382659912,3.2227351665496826,158.66676330566406,0.03709741681814194,1.5385210514068604,-,-,-,-,-
22,11520,4.180781841278076,2.7238852977752686,133.7520294189453,0.036923427134752274,0.8245282173156738,3.8024327754974365,2.441322088241577,119.1589584350586,0.03886744752526283,1.3065365552902222
22,11648,3.494237184524536,2.254223346710205,110.09100341796875,0.0344102568924427,1.0469343662261963,-,-,-,-,-
22,11776,3.8252274990081787,2.4946463108062744,122.08573913574219,0.03778069466352463,0.7194295525550842,-,-,-,-,-
22,11904,4.0863037109375,2.666931629180908,130.8824462890625,0.03681826964020729,0.7372907400131226,-,-,-,-,-
22,12032,3.6939127445220947,2.392854690551758,117.3098373413086,0.035726502537727356,0.9223317503929138,-,-,-,-,-
22,12160,7.031818389892578,4.6402482986450195,230.1062774658203,0.03486642986536026,0.5564128756523132,2.909698724746704,1.869905710220337,90.85565948486328,0.037499528378248215,0.9373680949211121
22,12288,5.99525785446167,3.909426689147949,193.7192840576172,0.034062016755342484,1.145764708518982,-,-,-,-,-
22,12416,6.931739807128906,4.561034679412842,226.2809295654297,0.037616364657878876,0.7027945518493652,-,-,-,-,-
22,12544,5.976716041564941,3.912647008895874,193.43402099609375,0.03831465542316437,0.9141417741775513,-,-,-,-,-
22,12672,3.9970972537994385,2.6157100200653076,128.16024780273438,0.03684716671705246,0.6293743848800659,-,-,-,-,-
22,12800,2.433598518371582,1.5725759267807007,76.25989532470703,0.033980175852775574,0.6444364190101624,3.6022744178771973,2.345475673675537,114.681640625,0.03414183482527733,0.7584063410758972
22,12928,2.6270036697387695,1.7036603689193726,82.93277740478516,0.033027324825525284,0.6098809838294983,-,-,-,-,-
22,13056,3.7656149864196777,2.437795400619507,119.43173217773438,0.03652981296181679,0.9697237014770508,-,-,-,-,-
22,13184,2.525810956954956,1.6468907594680786,79.8780288696289,0.03105834499001503,0.4908156394958496,-,-,-,-,-
22,13312,5.112590312957764,3.334024667739868,164.06875610351562,0.039939045906066895,0.9793903231620789,-,-,-,-,-
22,13440,3.6070497035980225,2.327913284301758,113.82181549072266,0.036737676709890366,1.0418061017990112,4.525770664215088,2.948760747909546,145.17027282714844,0.03686803579330444,0.8843911290168762
22,13568,4.1969780921936035,2.7129273414611816,132.92172241210938,0.040836162865161896,1.1399699449539185,-,-,-,-,-
22,13696,3.4584872722625732,2.209303379058838,108.1767807006836,0.0388435460627079,1.28572416305542,-,-,-,-,-
22,13824,3.2681820392608643,2.1270406246185303,103.91666412353516,0.03673052415251732,0.6524413228034973,-,-,-,-,-
22,13952,3.509915828704834,2.2735302448272705,111.05106353759766,0.035045474767684937,0.9082967042922974,-,-,-,-,-
22,14080,3.642538547515869,2.3768351078033447,116.4342269897461,0.03665614873170853,0.6470513343811035,4.231816291809082,2.7542130947113037,135.13340759277344,0.03692163527011871,0.8934780955314636
22,14208,3.658735990524292,2.3647031784057617,115.5594711303711,0.03655403479933739,1.018839955329895,-,-,-,-,-
22,14336,3.3731160163879395,2.196106195449829,107.357177734375,0.03589586541056633,0.6754204630851746,-,-,-,-,-
22,14464,4.5405354499816895,2.9256608486175537,143.644287109375,0.04148023948073387,1.3695201873779297,-,-,-,-,-
22,14592,4.081669807434082,2.663193941116333,130.64613342285156,0.035590216517448425,0.7642436027526855,-,-,-,-,-
22,14720,4.403159141540527,2.832282543182373,139.35128784179688,0.039188284426927567,1.38175368309021,3.647242546081543,2.3764255046844482,116.74392700195312,0.033823393285274506,0.6955440640449524
22,14848,4.217555999755859,2.7228987216949463,133.3189239501953,0.039014991372823715,1.224530577659607,-,-,-,-,-
22,14976,4.055919170379639,2.6521520614624023,129.91946411132812,0.03631261736154556,0.682601809501648,-,-,-,-,-
22,15104,3.229698896408081,2.0893940925598145,102.11871337890625,0.0358726792037487,0.8324501514434814,-,-,-,-,-
22,15232,4.208508014678955,2.7442588806152344,134.61611938476562,0.04014534130692482,0.7794300317764282,-,-,-,-,-
22,15360,3.2545602321624756,2.1207799911499023,103.66345977783203,0.03152599558234215,0.6561963558197021,4.232477188110352,2.7494781017303467,134.8805389404297,0.03781857714056969,0.9637549519538879
22,15488,4.783937931060791,3.1327707767486572,154.2526397705078,0.03552576154470444,0.7311482429504395,-,-,-,-,-
22,15616,3.1448545455932617,2.0489861965179443,100.13903045654297,0.03573530167341232,0.5874282121658325,-,-,-,-,-
22,15744,3.3734114170074463,2.1872358322143555,107.28115844726562,0.031959209591150284,0.8140464425086975,-,-,-,-,-
22,15872,4.1097636222839355,2.6877150535583496,132.03277587890625,0.03538447991013527,0.6633638739585876,-,-,-,-,-
22,16000,5.354824542999268,3.485769510269165,171.93788146972656,0.03926468640565872,1.10411536693573,3.953078269958496,2.571033239364624,126.07379913330078,0.036694951355457306,0.8461185693740845
22,16128,4.267977237701416,2.7623655796051025,135.72674560546875,0.03534776344895363,1.1299638748168945,-,-,-,-,-
22,16256,2.9991021156311035,1.9565414190292358,95.49469757080078,0.034698713570833206,0.5291513800621033,-,-,-,-,-
22,16384,2.7071290016174316,1.7599213123321533,85.53683471679688,0.03575526550412178,0.5608405470848083,-,-,-,-,-
22,16512,3.8493940830230713,2.512558937072754,123.11685180664062,0.03528307005763054,0.7038358449935913,-,-,-,-,-
22,16640,2.784257411956787,1.8006128072738647,87.30744171142578,0.038765713572502136,0.7180442214012146,4.185077667236328,2.7115960121154785,133.20559692382812,0.03786439448595047,1.0356125831604004
22,16768,5.414094924926758,3.5533106327056885,175.33914184570312,0.03668425232172012,0.7070888876914978,-,-,-,-,-
22,16896,4.354252815246582,2.8316855430603027,138.6351318359375,0.039304640144109726,0.969112753868103,-,-,-,-,-
22,17024,6.425106048583984,4.23726224899292,210.06764221191406,0.03429284691810608,0.5287493467330933,-,-,-,-,-
22,17152,3.5007193088531494,2.2856640815734863,111.52509307861328,0.03608449175953865,0.6371966004371643,-,-,-,-,-
22,17280,3.806896686553955,2.498239040374756,122.57682037353516,0.03674980252981186,0.46139654517173767,3.7023606300354004,2.4253697395324707,118.82235717773438,0.0342068150639534,0.5456052422523499
22,17408,4.670872688293457,3.0391714572906494,149.51353454589844,0.03551308065652847,1.0105304718017578,-,-,-,-,-
22,17536,4.432380199432373,2.904176950454712,142.5382843017578,0.03638223558664322,0.6643823981285095,-,-,-,-,-
22,17664,3.228041172027588,2.092423677444458,102.24388885498047,0.03413626551628113,0.7904232740402222,-,-,-,-,-
22,17792,5.208590507507324,3.398273229598999,167.3470458984375,0.0412452258169651,0.9560133218765259,-,-,-,-,-
22,17920,4.684455394744873,3.062753915786743,150.60020446777344,0.03688109293580055,0.7881847023963928,4.122335433959961,2.689424753189087,131.77415466308594,0.036416590213775635,0.7875240445137024
22,18048,3.676980495452881,2.386463165283203,116.8138427734375,0.03628598898649216,0.8609293699264526,-,-,-,-,-
22,18176,3.390063524246216,2.199856758117676,107.57006072998047,0.03399485722184181,0.8051115870475769,-,-,-,-,-
22,18304,2.7096006870269775,1.7503870725631714,85.16238403320312,0.03408944606781006,0.7350037693977356,-,-,-,-,-
22,18432,3.2933151721954346,2.1456782817840576,104.79969787597656,0.035214927047491074,0.6442501544952393,-,-,-,-,-
22,18560,2.850254774093628,1.8540513515472412,90.265380859375,0.03372204303741455,0.5982750058174133,4.256655693054199,2.7713818550109863,135.8403778076172,0.041739922016859055,0.8513033390045166
22,18688,7.41910982131958,4.8929595947265625,242.52432250976562,0.04105737805366516,0.5984930396080017,-,-,-,-,-
22,18816,4.932656764984131,3.1821746826171875,156.3231201171875,0.03755845129489899,1.496923565864563,-,-,-,-,-
22,18944,3.5477871894836426,2.3199093341827393,113.38507843017578,0.0361173078417778,0.5790966749191284,-,-,-,-,-
22,19072,4.007038116455078,2.5924317836761475,127.16377258300781,0.03747476637363434,1.0549367666244507,-,-,-,-,-
22,19200,2.915609359741211,1.9100751876831055,92.70877838134766,0.03327491879463196,0.4517151415348053,2.878740072250366,1.8520891666412354,90.43844604492188,0.03238062188029289,0.898859441280365
22,19328,4.464073181152344,2.8651468753814697,140.6565704345703,0.03540424630045891,1.5695680379867554,-,-,-,-,-
22,19456,4.606353759765625,2.9725451469421387,146.1982879638672,0.03691863268613815,1.349071741104126,-,-,-,-,-
22,19584,7.767725944519043,5.091821193695068,252.8848114013672,0.03783596679568291,1.0922036170959473,-,-,-,-,-
22,19712,4.888365268707275,3.13708233833313,154.4871826171875,0.03629440441727638,1.7011655569076538,-,-,-,-,-
22,19840,3.6774511337280273,2.405661106109619,118.13923645019531,0.032888952642679214,0.5750905275344849,5.219647407531738,3.3238000869750977,163.65298461914062,0.040213026106357574,2.191040515899658
22,19968,4.124754905700684,2.6479222774505615,130.01759338378906,0.03733294457197189,1.3932386636734009,-,-,-,-,-
22,20096,3.3481035232543945,2.1480445861816406,105.00523376464844,0.03352655470371246,1.164801836013794,-,-,-,-,-
22,20224,3.355935573577881,2.1761765480041504,106.11900329589844,0.03373897820711136,0.848297119140625,-,-,-,-,-
22,20352,4.19097900390625,2.717067003250122,133.5683135986328,0.03585898503661156,1.0236986875534058,-,-,-,-,-
22,20480,4.629703998565674,3.00152587890625,147.38412475585938,0.035209037363529205,1.1912773847579956,7.939120292663574,5.153945446014404,256.17169189453125,0.038879428058862686,1.8457903861999512
22,20608,3.33364200592041,2.147052049636841,104.83714294433594,0.036351632326841354,1.0186669826507568,-,-,-,-,-
22,20736,2.49696946144104,1.6272954940795898,79.11872863769531,0.031055519357323647,0.4743121266365051,-,-,-,-,-
22,20864,2.8542211055755615,1.86113440990448,90.78687286376953,0.03427914157509804,0.5093885660171509,-,-,-,-,-
22,20992,4.6068315505981445,2.969484806060791,145.855224609375,0.03819362819194794,1.406004786491394,-,-,-,-,-
22,21120,3.672123432159424,2.3813652992248535,116.64290618896484,0.03779445216059685,0.8653476238250732,4.455981254577637,2.889124631881714,141.8955841064453,0.03837103024125099,1.0952949523925781
22,21248,3.8790156841278076,2.533050537109375,124.3785629272461,0.03579351678490639,0.6638592481613159,-,-,-,-,-
22,21376,3.5227036476135254,2.319580316543579,113.84712982177734,0.03182012587785721,0.3283196687698364,-,-,-,-,-
22,21504,3.3317761421203613,2.149729013442993,105.10564422607422,0.03542432561516762,0.9556639194488525,-,-,-,-,-
22,21632,4.113617420196533,2.6657865047454834,130.62277221679688,0.03965816646814346,1.0194509029388428,-,-,-,-,-
22,21760,3.739616870880127,2.435166597366333,119.26069641113281,0.036457475274801254,0.7538583874702454,3.7791528701782227,2.463395357131958,120.6941909790039,0.03552091866731644,0.7329468727111816
22,21888,3.896817445755005,2.543675661087036,124.77984619140625,0.036530204117298126,0.6881301999092102,-,-,-,-,-
22,22016,3.651151418685913,2.3632662296295166,115.5853500366211,0.03962992504239082,0.9240179061889648,-,-,-,-,-
22,22144,4.643514633178711,3.022454023361206,148.80459594726562,0.03734273090958595,0.9567211866378784,-,-,-,-,-
22,22272,3.0536811351776123,1.975882649421692,96.23820495605469,0.037824660539627075,0.7759186029434204,-,-,-,-,-
22,22400,3.304733991622925,2.1322879791259766,104.02896881103516,0.0379105880856514,0.9424575567245483,2.9168145656585693,1.8751798868179321,91.14989471435547,0.03956324979662895,0.9057257771492004
22,22528,2.643472909927368,1.7160682678222656,83.24195861816406,0.0337190143764019,0.6126593351364136,-,-,-,-,-
22,22656,3.6800858974456787,2.398066997528076,117.23321533203125,0.0353107713162899,0.7437591552734375,-,-,-,-,-
22,22784,3.5259454250335693,2.2962143421173096,112.16999053955078,0.03532017022371292,0.7271063923835754,-,-,-,-,-
22,22912,7.49031925201416,4.911261081695557,243.66099548339844,0.038373056799173355,1.0407557487487793,-,-,-,-,-
22,23040,5.10083532333374,3.292156457901001,162.0554656982422,0.03770633041858673,1.5041799545288086,2.6884658336639404,1.755361795425415,85.3175048828125,0.03270754590630531,0.4722162187099457
22,23168,3.3921051025390625,2.2274558544158936,108.5859146118164,0.03619738295674324,0.4259282648563385,-,-,-,-,-
22,23296,4.650717258453369,3.0166749954223633,148.11581420898438,0.0356779620051384,1.1720597743988037,-,-,-,-,-
22,23424,3.4965391159057617,2.281451940536499,111.62714385986328,0.035002902150154114,0.6381292939186096,-,-,-,-,-
22,23552,3.1814544200897217,2.0470802783966064,99.87199401855469,0.03402860090136528,1.01625657081604,-,-,-,-,-
22,23680,2.704206943511963,1.749259114265442,85.11766052246094,0.034886255860328674,0.688847541809082,3.648078680038452,2.3862595558166504,117.08280181884766,0.034254781901836395,0.5673643350601196
22,23808,4.543353080749512,2.924530267715454,143.98486328125,0.040068838745355606,1.3890565633773804,-,-,-,-,-
22,23936,4.113753795623779,2.644430160522461,129.82859802246094,0.037575848400592804,1.3346161842346191,-,-,-,-,-
22,24064,3.356295585632324,2.148859739303589,104.85198974609375,0.03324006870388985,1.256759762763977,-,-,-,-,-
22,24192,5.258966445922852,3.3978476524353027,167.9644012451172,0.03491433337330818,1.465599536895752,-,-,-,-,-
22,24320,3.072068929672241,1.9546575546264648,95.34175872802734,0.03576255217194557,1.2823132276535034,7.681830883026123,5.041373252868652,250.06124877929688,0.03959567844867706,1.0024974346160889
22,24448,5.126550674438477,3.232699394226074,158.967041015625,0.040893763303756714,2.6328775882720947,-,-,-,-,-
22,24576,3.534636974334717,2.193659543991089,107.349609375,0.036521706730127335,2.3095970153808594,-,-,-,-,-
22,24704,4.3133063316345215,2.8221397399902344,138.49534606933594,0.03782329708337784,0.6838974952697754,-,-,-,-,-
22,24832,4.115639686584473,2.6126556396484375,128.18280029296875,0.03951774537563324,1.8163825273513794,-,-,-,-,-
22,24960,3.9576709270477295,2.579535484313965,126.52507019042969,0.036922819912433624,0.7596192955970764,4.369390487670898,2.795459747314453,137.4257354736328,0.03665097430348396,1.6302227973937988
22,25088,5.046958923339844,3.2370998859405518,159.3714141845703,0.03476189821958542,1.8138298988342285,-,-,-,-,-
22,25216,2.830087184906006,1.8150423765182495,88.26458740234375,0.03273714706301689,0.9966176748275757,-,-,-,-,-
22,25344,4.71073055267334,2.9911062717437744,147.0345916748047,0.03603188693523407,2.13246750831604,-,-,-,-,-
22,25472,2.932044744491577,1.7791125774383545,86.38731384277344,0.033619705587625504,2.5543925762176514,-,-,-,-,-
22,25600,3.69584584236145,2.381176233291626,116.37059783935547,0.03908412903547287,1.1187942028045654,4.885563850402832,3.1411616802215576,154.5106964111328,0.03520960733294487,1.6408525705337524
22,25728,4.885663986206055,3.1162731647491455,153.01405334472656,0.03916505351662636,2.0008511543273926,-,-,-,-,-
22,25856,4.7100324630737305,3.020798921585083,148.82101440429688,0.0370422899723053,1.6398154497146606,-,-,-,-,-
22,25984,3.447815179824829,2.2156434059143066,108.45877075195312,0.034699853509664536,1.1288419961929321,-,-,-,-,-
22,26112,3.0307369232177734,1.9197890758514404,93.45729064941406,0.036111731082201004,1.4026297330856323,-,-,-,-,-
22,26130,1.7269736528396606,1.1094715595245361,53.309547424316406,0.032745350152254105,0.5166119933128357,4.363269329071045,2.7007415294647217,132.24002075195312,0.0395430326461792,3.005845308303833
23,128,3.878701686859131,2.410841226577759,117.928955078125,0.03620687127113342,2.523639440536499,-,-,-,-,-
23,256,4.143439292907715,2.615166664123535,128.08277893066406,0.03945982828736305,2.079848289489746,-,-,-,-,-
23,384,4.311853885650635,2.7523324489593506,135.0602264404297,0.03773439675569534,1.7118438482284546,-,-,-,-,-
23,512,4.3552446365356445,2.712005615234375,133.2462921142578,0.0371384434401989,2.736375331878662,-,-,-,-,-
23,640,4.476154327392578,2.9025259017944336,142.55447387695312,0.038286756724119186,1.0979679822921753,4.146347522735596,2.615262508392334,128.01968383789062,0.039124809205532074,2.1176347732543945
23,768,3.5572385787963867,2.2473926544189453,109.68716430664062,0.03998211771249771,1.7299219369888306,-,-,-,-,-
23,896,3.1381733417510986,2.019497871398926,98.57221984863281,0.03542931005358696,0.9752414226531982,-,-,-,-,-
23,1024,3.1855108737945557,2.052140474319458,100.19425964355469,0.03451145440340042,0.9691645503044128,-,-,-,-,-
23,1152,3.1527624130249023,2.045219659805298,99.880859375,0.0327061228454113,0.7602806091308594,-,-,-,-,-
23,1280,8.578174591064453,5.609877586364746,278.60247802734375,0.03778912127017975,1.4448285102844238,4.729112148284912,3.082712173461914,151.6382598876953,0.04061530530452728,0.894020676612854
23,1408,3.6649622917175293,2.379990816116333,116.910888671875,0.03638605773448944,0.794766902923584,-,-,-,-,-
23,1536,3.110626459121704,2.0031936168670654,97.67138671875,0.03447211906313896,0.9624662399291992,-,-,-,-,-
23,1664,4.237746238708496,2.7663304805755615,135.618408203125,0.03751131519675255,0.7771996259689331,-,-,-,-,-
23,1792,3.372354745864868,2.1744182109832764,106.25497436523438,0.029913555830717087,1.0547295808792114,-,-,-,-,-
23,1920,3.123887300491333,2.012930393218994,98.15602111816406,0.035772208124399185,0.93624347448349,3.369044780731201,2.1875641345977783,106.95767211914062,0.03309354931116104,0.7881042957305908
23,2048,2.809629201889038,1.797785758972168,87.39543151855469,0.033365193754434586,1.0452390909194946,-,-,-,-,-
23,2176,2.614034652709961,1.69059157371521,82.1902084350586,0.0344475656747818,0.6709342002868652,-,-,-,-,-
23,2304,5.501679420471191,3.5541977882385254,175.34274291992188,0.040892425924539566,1.5316163301467896,-,-,-,-,-
23,2432,3.0352866649627686,1.9699769020080566,96.12496185302734,0.03166301175951958,0.7239714860916138,-,-,-,-,-
23,2560,3.7046384811401367,2.386093854904175,116.4303970336914,0.03856479749083519,1.156760334968567,3.1132049560546875,2.0277392864227295,98.92498016357422,0.03280409798026085,0.6341193914413452
23,2688,3.4970309734344482,2.2698516845703125,110.94184875488281,0.03555972874164581,0.8220129609107971,-,-,-,-,-
23,2816,4.135743141174316,2.641820192337036,129.3406219482422,0.040053125470876694,1.6046350002288818,-,-,-,-,-
23,2944,3.721278667449951,2.336977481842041,114.34740447998047,0.034026775509119034,2.0680010318756104,-,-,-,-,-
23,3072,2.885388135910034,1.8735047578811646,91.10289764404297,0.035335514694452286,0.6551879048347473,-,-,-,-,-
23,3200,3.7318484783172607,2.390514373779297,117.2870101928711,0.03615358844399452,1.3231043815612793,5.125432968139648,3.341904401779175,164.7460174560547,0.039662301540374756,0.9640581011772156
23,3328,4.3713836669921875,2.8245115280151367,138.6240692138672,0.0419364757835865,1.1869478225708008,-,-,-,-,-
23,3456,4.538537502288818,2.919496774673462,143.6835174560547,0.039058245718479156,1.43147611618042,-,-,-,-,-
23,3584,4.238320350646973,2.6847951412200928,131.79843139648438,0.032353561371564865,2.031876564025879,-,-,-,-,-
23,3712,5.321628093719482,3.475987434387207,171.2506866455078,0.04361346364021301,0.8952040672302246,-,-,-,-,-
23,3840,3.790648937225342,2.439861297607422,119.39707946777344,0.035832729190588,1.2098437547683716,2.9711720943450928,1.9365959167480469,94.26445770263672,0.03775504603981972,0.5417647361755371
23,3968,4.469523906707764,2.922109603881836,143.76895141601562,0.03521908074617386,0.745058536529541,-,-,-,-,-
23,4096,4.054870128631592,2.619523525238037,128.5033721923828,0.037874121218919754,1.124384880065918,-,-,-,-,-
23,4224,3.4426157474517822,2.24943470954895,110.13650512695312,0.03389784321188927,0.5791833996772766,-,-,-,-,-
23,4352,4.042337417602539,2.6242215633392334,129.09185791015625,0.035459984093904495,0.917373776435852,-,-,-,-,-
23,4480,2.7971444129943848,1.8074440956115723,87.95227813720703,0.03442996367812157,0.7574739456176758,6.7082719802856445,4.405519962310791,218.53720092773438,0.03644276782870293,0.8093719482421875
23,4608,2.3498759269714355,1.5252118110656738,73.87437438964844,0.031614236533641815,0.5430599451065063,-,-,-,-,-
23,4736,4.524583339691162,2.9363369941711426,144.59349060058594,0.0404692217707634,1.0184262990951538,-,-,-,-,-
23,4864,3.330770254135132,2.139493703842163,104.35700988769531,0.036822572350502014,1.1088398694992065,-,-,-,-,-
23,4992,2.8777143955230713,1.8864617347717285,91.8541259765625,0.0327882394194603,0.39923208951950073,-,-,-,-,-
23,5120,2.848449945449829,1.8323297500610352,89.14049530029297,0.033931996673345566,0.9078343510627747,7.524528980255127,4.9682207107543945,246.57176208496094,0.03562531992793083,0.5496556758880615
23,5248,2.9060888290405273,1.9107751846313477,93.18328857421875,0.03490850701928139,0.2857232391834259,-,-,-,-,-
23,5376,3.4536514282226562,2.2263541221618652,108.90995025634766,0.03471151366829872,1.034862995147705,-,-,-,-,-
23,5504,6.181789398193359,4.075736045837402,202.10096740722656,0.033457279205322266,0.5158643126487732,-,-,-,-,-
23,5632,2.6724131107330322,1.7056981325149536,82.76407623291016,0.03244305029511452,1.0663098096847534,-,-,-,-,-
23,5760,4.224122524261475,2.741513729095459,134.72683715820312,0.03508558124303818,1.0025449991226196,5.2007269859313965,3.3702359199523926,166.03424072265625,0.0359005369246006,1.3424817323684692
23,5888,3.0629472732543945,1.9532864093780518,94.9732437133789,0.032735418528318405,1.27193021774292,-,-,-,-,-
23,6016,3.8314521312713623,2.497401237487793,122.10247802734375,0.034983713179826736,0.7804240584373474,-,-,-,-,-
23,6144,2.908933162689209,1.854705810546875,89.92887878417969,0.03934594616293907,1.1559277772903442,-,-,-,-,-
23,6272,4.14907693862915,2.7247519493103027,133.98995971679688,0.03267133980989456,0.5175416469573975,-,-,-,-,-
23,6400,4.174818515777588,2.710261583328247,133.02769470214844,0.03683286905288696,0.9744685888290405,4.753260135650635,3.114938735961914,153.37257385253906,0.03677995875477791,0.678155779838562
23,6528,3.554156541824341,2.337947130203247,114.55824279785156,0.033123668283224106,0.37503156065940857,-,-,-,-,-
23,6656,3.165212631225586,2.077991008758545,101.29273223876953,0.03293445333838463,0.4135999381542206,-,-,-,-,-
23,6784,3.485707998275757,2.2678160667419434,110.79631805419922,0.034717682749032974,0.7521110773086548,-,-,-,-,-
23,6912,6.72824764251709,4.421724796295166,219.3339080810547,0.03395995870232582,0.7922400832176208,-,-,-,-,-
23,7040,4.274837970733643,2.7922720909118652,137.01617431640625,0.03619377315044403,0.7621049880981445,3.8909430503845215,2.512485980987549,122.92274475097656,0.03443286940455437,1.1479662656784058
23,7168,2.9550790786743164,1.8817951679229736,91.55535888671875,0.036219265311956406,1.2151092290878296,-,-,-,-,-
23,7296,3.2282018661499023,2.118220090866089,103.46143341064453,0.03487207368016243,0.404954195022583,-,-,-,-,-
23,7424,4.038050174713135,2.6252946853637695,129.0386962890625,0.03335419297218323,0.8901432752609253,-,-,-,-,-
23,7552,4.1429548263549805,2.6800334453582764,131.8290557861328,0.03814741224050522,1.0648362636566162,-,-,-,-,-
23,7680,3.781860589981079,2.434276580810547,119.28488159179688,0.036610282957553864,1.1812502145767212,3.2671353816986084,2.1200480461120605,103.82646179199219,0.033636607229709625,0.7518611550331116
23,7808,3.2921438217163086,2.1146719455718994,103.4288558959961,0.03536646068096161,1.0781664848327637,-,-,-,-,-
23,7936,3.488459587097168,2.1859841346740723,106.98580169677734,0.034521691501140594,1.9809584617614746,-,-,-,-,-
23,8064,3.0561130046844482,1.9901894330978394,97.15261840820312,0.03272145986557007,0.6167590022087097,-,-,-,-,-
23,8192,3.0132594108581543,1.892613172531128,92.34449005126953,0.033387232571840286,1.6381402015686035,-,-,-,-,-
23,8320,4.349961757659912,2.8500075340270996,140.1617889404297,0.03589503839612007,0.6244147419929504,3.473985195159912,2.1751620769500732,106.27093505859375,0.03782874345779419,1.9828517436981201
23,8448,3.7801811695098877,2.4247703552246094,118.87842559814453,0.032612282782793045,1.340142846107483,-,-,-,-,-
23,8576,6.269514083862305,4.072238922119141,201.7184295654297,0.03646426647901535,1.436265468597412,-,-,-,-,-
23,8704,5.449416637420654,3.344219207763672,164.57960510253906,0.03784807026386261,4.215534210205078,-,-,-,-,-
23,8832,3.5687897205352783,2.3339385986328125,114.22333526611328,0.03479143604636192,0.5782633423805237,-,-,-,-,-
23,8960,4.21967077255249,2.580674409866333,126.68085479736328,0.03543069586157799,3.367572069168091,3.7997946739196777,2.47747540473938,121.32032012939453,0.03531569615006447,0.7380021810531616
23,9088,4.230906009674072,2.762301445007324,135.39895629882812,0.03773883730173111,0.7687597274780273,-,-,-,-,-
23,9216,3.3130133152008057,2.006659984588623,97.78984832763672,0.03425619751214981,2.9419853687286377,-,-,-,-,-
23,9344,3.831983804702759,2.4799931049346924,121.75676727294922,0.033073075115680695,1.0134985446929932,-,-,-,-,-
23,9472,2.6571762561798096,1.5684740543365479,75.93656158447266,0.03230389207601547,2.970327377319336,-,-,-,-,-
23,9600,4.30877685546875,2.7874724864959717,137.00653076171875,0.03690006956458092,1.143388032913208,3.281500816345215,2.0345258712768555,99.22367858886719,0.036099981516599655,2.1863808631896973
23,9728,4.218194961547852,2.6308507919311523,128.95468139648438,0.035071004182100296,2.6272635459899902,-,-,-,-,-
23,9856,5.034934043884277,3.207526922225952,158.01138305664062,0.03608321398496628,2.1121010780334473,-,-,-,-,-
23,9984,3.246058464050293,2.0578527450561523,100.33153533935547,0.03723008185625076,1.47660231590271,-,-,-,-,-
23,10112,3.1714513301849365,1.933591365814209,94.32498931884766,0.0336703285574913,2.6093950271606445,-,-,-,-,-
23,10240,4.261258602142334,2.7549588680267334,135.4302520751953,0.03778189420700073,1.1421515941619873,3.3365392684936523,2.076843738555908,101.44589233398438,0.03418266028165817,2.1105399131774902
23,10368,3.5901455879211426,2.176744222640991,106.34368133544922,0.03802751749753952,3.1193699836730957,-,-,-,-,-
23,10496,2.8069467544555664,1.8325631618499756,89.29503631591797,0.03537651151418686,0.46056684851646423,-,-,-,-,-
23,10624,3.386337995529175,2.0705180168151855,100.80681610107422,0.035240594297647476,2.725111961364746,-,-,-,-,-
23,10752,2.809854745864868,1.8346823453903198,89.0932388305664,0.03172798827290535,0.5251201391220093,-,-,-,-,-
23,10880,4.718684196472168,2.9170382022857666,143.18045043945312,0.03771267086267471,3.3212878704071045,3.4789721965789795,2.2181167602539062,108.1298599243164,0.03788388520479202,1.4167274236679077
23,11008,1.947188138961792,1.2610681056976318,60.731666564941406,0.027140265330672264,0.5166300535202026,-,-,-,-,-
23,11136,4.754639625549316,2.797822952270508,137.29295349121094,0.03821999579668045,5.4566731452941895,-,-,-,-,-
23,11264,3.420064926147461,2.1352317333221436,104.43002319335938,0.036122675985097885,2.044102668762207,-,-,-,-,-
23,11392,4.247226715087891,2.194894552230835,107.0356216430664,0.038780733942985535,9.431955337524414,-,-,-,-,-
23,11520,5.095219612121582,2.5329549312591553,124.54676055908203,0.03574815019965172,12.810490608215332,3.020617723464966,1.8886703252792358,91.91043090820312,0.03437146171927452,1.7847177982330322
23,11648,4.317195892333984,2.7399404048919678,134.78138732910156,0.03372308611869812,1.9571889638900757,-,-,-,-,-
23,11776,4.744180679321289,2.48117995262146,121.50275421142578,0.03474941849708557,10.132237434387207,-,-,-,-,-
23,11904,3.684603452682495,2.3401010036468506,114.3817367553711,0.037147920578718185,1.6353729963302612,-,-,-,-,-
23,12032,3.8843839168548584,2.0932042598724365,102.00508880615234,0.03376404196023941,7.373647212982178,-,-,-,-,-
23,12160,4.859634876251221,2.786405563354492,136.62420654296875,0.03958144783973694,6.674060821533203,4.433647632598877,2.025808572769165,98.65877532958984,0.03194760903716087,13.893034934997559
23,12288,5.867595672607422,2.4642271995544434,120.48175811767578,0.036601729691028595,21.619491577148438,-,-,-,-,-
23,12416,3.483870029449463,2.225928783416748,108.75166320800781,0.035553038120269775,1.3487149477005005,-,-,-,-,-
23,12544,4.699700355529785,2.1564717292785645,104.8834457397461,0.03577559441328049,14.586186408996582,-,-,-,-,-
23,12672,4.142550468444824,2.7029314041137695,132.81259155273438,0.033159494400024414,0.7833362221717834,-,-,-,-,-
23,12800,4.14846658706665,1.9860910177230835,96.7560043334961,0.03479646518826485,11.600190162658691,3.757915735244751,2.401432991027832,117.55379486083984,0.032628368586301804,1.4831647872924805
23,12928,3.1719250679016113,2.0568172931671143,100.60382080078125,0.03523001819849014,0.7383970618247986,-,-,-,-,-
23,13056,3.3228912353515625,1.78847336769104,87.09658813476562,0.03341110795736313,6.300412178039551,-,-,-,-,-
23,13184,8.032543182373047,5.024306774139404,249.25791931152344,0.040554486215114594,4.751033782958984,-,-,-,-,-
23,13312,4.174338340759277,2.2347984313964844,109.19435119628906,0.03597417101264,8.116219520568848,-,-,-,-,-
23,13440,3.675352096557617,2.2430200576782227,109.45140838623047,0.03207051008939743,3.057476758956909,3.752107858657837,2.1336357593536377,104.1624526977539,0.035067833960056305,5.417797565460205
23,13568,3.9253997802734375,2.3182406425476074,113.37810516357422,0.03570157662034035,4.376765727996826,-,-,-,-,-
23,13696,5.308673858642578,3.21689510345459,158.27993774414062,0.03489457815885544,4.740848064422607,-,-,-,-,-
23,13824,4.580527305603027,2.7217984199523926,133.6114044189453,0.036121584475040436,4.864936351776123,-,-,-,-,-
23,13952,5.482138156890869,3.288454055786133,162.19332885742188,0.03670627251267433,5.350448131561279,-,-,-,-,-
23,14080,4.220959663391113,2.403787612915039,117.85568237304688,0.034337278455495834,6.042778491973877,4.156312942504883,2.431091070175171,119.4711685180664,0.03372117877006531,4.967888355255127
23,14208,3.3804931640625,1.9507085084915161,95.28165435791016,0.03353379666805267,4.434342861175537,-,-,-,-,-
23,14336,2.9949774742126465,1.783402681350708,86.8664779663086,0.03255517780780792,3.103550672531128,-,-,-,-,-
23,14464,4.560110092163086,2.6442370414733887,129.91993713378906,0.03563343733549118,5.810403347015381,-,-,-,-,-
23,14592,3.2073278427124023,1.9927599430084229,97.29448699951172,0.03295416757464409,2.0866873264312744,-,-,-,-,-
23,14720,3.572840452194214,1.990723967552185,97.23299407958984,0.032652199268341064,5.771344184875488,2.9415054321289062,1.8886433839797974,92.20835876464844,0.0316498689353466,0.9912863969802856
23,14848,3.9872944355010986,2.5193030834198,123.19921112060547,0.03843046724796295,1.9756888151168823,-,-,-,-,-
23,14976,5.380618572235107,3.0501973628997803,149.72824096679688,0.03716272488236427,7.9597625732421875,-,-,-,-,-
23,15104,4.213878631591797,2.659789800643921,129.9542999267578,0.038608551025390625,2.1593689918518066,-,-,-,-,-
23,15232,3.830068826675415,2.3392856121063232,114.33444213867188,0.04065100848674774,3.0678772926330566,-,-,-,-,-
23,15360,3.790367603302002,2.416584014892578,118.51203918457031,0.03420071303844452,1.5446258783340454,4.273270130157471,2.6340572834014893,128.99440002441406,0.036962687969207764,3.123061180114746
23,15488,4.302475929260254,2.650435209274292,130.24005126953125,0.035322267562150955,3.1431806087493896,-,-,-,-,-
23,15616,3.555219888687134,2.230692148208618,109.049072265625,0.03803175315260887,1.9600545167922974,-,-,-,-,-
23,15744,3.6490163803100586,2.249418020248413,109.89937591552734,0.035395216196775436,2.652095079421997,-,-,-,-,-
23,15872,4.813374996185303,3.096365213394165,152.39566040039062,0.03419524058699608,1.5885759592056274,-,-,-,-,-
23,16000,3.5555155277252197,2.1624438762664795,105.37281036376953,0.0350777730345726,3.0426571369171143,3.9526798725128174,2.498370885848999,122.58828735351562,0.03550519421696663,1.92920982837677
23,16128,3.5569894313812256,2.2212045192718506,108.52375793457031,0.03297155350446701,2.175758123397827,-,-,-,-,-
23,16256,4.7714924812316895,2.9868688583374023,147.07110595703125,0.03492092713713646,2.7899222373962402,-,-,-,-,-
23,16384,5.244478702545166,3.3027689456939697,162.74166870117188,0.041540104895830154,2.727534055709839,-,-,-,-,-
23,16512,3.7607290744781494,2.418698310852051,118.4993896484375,0.038746029138565063,1.1829099655151367,-,-,-,-,-
23,16640,2.8346312046051025,1.8013110160827637,87.57592010498047,0.03777787834405899,1.1978312730789185,3.503708839416504,2.211594343185425,108.21701049804688,0.03590812161564827,1.740360975265503
23,16768,5.059821128845215,3.216991901397705,158.4735107421875,0.036669354885816574,2.2142512798309326,-,-,-,-,-
23,16896,3.589303731918335,2.2915022373199463,112.23059844970703,0.03521272912621498,1.4028273820877075,-,-,-,-,-
23,17024,4.145301342010498,2.5960497856140137,127.01405334472656,0.03709094971418381,2.4201982021331787,-,-,-,-,-
23,17152,6.350557327270508,4.102747440338135,203.346923828125,0.036030806601047516,1.7830995321273804,-,-,-,-,-
23,17280,3.310593843460083,2.0491631031036377,99.78590393066406,0.03501727059483528,2.2855451107025146,6.993681907653809,4.55455207824707,225.71694946289062,0.03780341148376465,1.4415656328201294
23,17408,4.499549865722656,2.8658416271209717,141.02626037597656,0.03741813078522682,1.8602741956710815,-,-,-,-,-
23,17536,6.60056209564209,4.334969520568848,214.98046875,0.035698436200618744,0.8008971810340881,-,-,-,-,-
23,17664,3.008862018585205,1.955993890762329,95.45440673828125,0.033779751509428024,0.6454422473907471,-,-,-,-,-
23,17792,3.4666025638580322,2.2481179237365723,110.19721221923828,0.03542828559875488,0.8108429312705994,-,-,-,-,-
23,17920,3.207488775253296,2.08174729347229,101.49153137207031,0.03700634464621544,0.7381993532180786,3.492316484451294,2.2525572776794434,110.2847671508789,0.034532155841588974,1.023796558380127
23,18048,2.995692491531372,1.9134025573730469,93.304931640625,0.034795187413692474,1.144455075263977,-,-,-,-,-
23,18176,3.6071410179138184,2.349687337875366,115.20502471923828,0.03469172120094299,0.707115650177002,-,-,-,-,-
23,18304,2.8779983520507812,1.8631263971328735,90.59381866455078,0.03538020700216293,0.7355374097824097,-,-,-,-,-
23,18432,3.4626619815826416,2.228933095932007,109.16128540039062,0.0340716578066349,1.0804446935653687,-,-,-,-,-
23,18560,3.63128399848938,2.339848518371582,114.17650604248047,0.03923623636364937,1.1043399572372437,5.417121410369873,3.549637794494629,174.9749298095703,0.03898588567972183,0.7874885201454163
23,18688,6.944125175476074,4.5650787353515625,226.4257354736328,0.03691183403134346,0.7787725329399109,-,-,-,-,-
23,18816,3.0333971977233887,1.968382716178894,95.92765808105469,0.03269370645284653,0.730442225933075,-,-,-,-,-
23,18944,4.119328498840332,2.69102144241333,132.22097778320312,0.03472286835312843,0.7137433886528015,-,-,-,-,-
23,19072,3.149786949157715,2.0512118339538574,100.05227661132812,0.03453870117664337,0.6351373195648193,-,-,-,-,-
23,19200,4.181614398956299,2.7199673652648926,133.42483520507812,0.03544262796640396,0.9195630550384521,4.560256481170654,2.9523422718048096,145.13812255859375,0.03797861561179161,1.1855403184890747
23,19328,4.105473041534424,2.6730284690856934,131.06101989746094,0.03763547167181969,0.8419899940490723,-,-,-,-,-
23,19456,4.923213005065918,3.1568281650543213,155.46685791015625,0.03557560592889786,1.7614078521728516,-,-,-,-,-
23,19584,3.6352128982543945,2.269351005554199,110.71578979492188,0.03726142644882202,2.2144267559051514,-,-,-,-,-
23,19712,3.168551445007324,2.070751905441284,100.94712829589844,0.03733036667108536,0.5099800229072571,-,-,-,-,-
23,19840,3.957392454147339,2.462883949279785,120.67914581298828,0.03747565671801567,2.502415180206299,2.9333977699279785,1.8872966766357422,91.83892059326172,0.03525721654295921,0.9245464205741882
23,19968,3.115537405014038,2.017167568206787,98.50018310546875,0.03435957804322243,0.7900826930999756,-,-,-,-,-
23,20096,3.016334295272827,1.9268420934677124,93.85619354248047,0.031409379094839096,1.1952086687088013,-,-,-,-,-
23,20224,7.618089199066162,4.9812541007995605,246.98626708984375,0.0406692810356617,1.2630301713943481,-,-,-,-,-
23,20352,3.266806125640869,2.0574703216552734,100.47673797607422,0.03402107208967209,1.7054719924926758,-,-,-,-,-
23,20480,3.052732229232788,1.966017246246338,95.80175018310547,0.03709690645337105,0.9160072207450867,9.96777057647705,6.428460121154785,319.4573669433594,0.04058161377906799,3.04154896736145
23,20608,4.00439453125,2.4998090267181396,122.08097076416016,0.038747284561395645,2.450287103652954,-,-,-,-,-
23,20736,6.664015293121338,4.397612571716309,218.27944946289062,0.03357449173927307,0.5003378987312317,-,-,-,-,-
23,20864,4.4420037269592285,2.846813201904297,140.106689453125,0.035554759204387665,1.585687279701233,-,-,-,-,-
23,20992,2.938213586807251,1.9118953943252563,93.29257202148438,0.03295041248202324,0.6044225692749023,-,-,-,-,-
23,21120,3.1838760375976562,2.037921190261841,99.39320373535156,0.03646211698651314,1.1556077003479004,3.642573356628418,2.3874313831329346,116.63782501220703,0.035444390028715134,0.5331912636756897
23,21248,5.057424545288086,3.2942652702331543,162.11520385742188,0.037983909249305725,1.0402342081069946,-,-,-,-,-
23,21376,3.678027868270874,2.3616974353790283,115.58612060546875,0.033315643668174744,1.2715364694595337,-,-,-,-,-
23,21504,6.539941787719727,4.282621383666992,212.23382568359375,0.038236748427152634,0.967452883720398,-,-,-,-,-
23,21632,3.105067253112793,1.9527983665466309,95.2556381225586,0.033841412514448166,1.6587107181549072,-,-,-,-,-
23,21760,3.1969707012176514,2.082897663116455,101.29692077636719,0.03773975744843483,0.6336416006088257,3.3055737018585205,2.105870485305786,102.96725463867188,0.03551407903432846,1.3451662063598633
23,21888,4.29487943649292,2.75858998298645,135.4479522705078,0.03832482174038887,1.4348516464233398,-,-,-,-,-
23,22016,3.631457567214966,2.362628221511841,115.67523956298828,0.036951128393411636,0.7512587308883667,-,-,-,-,-
23,22144,5.203293323516846,3.3539273738861084,165.3800506591797,0.03209022805094719,1.6347568035125732,-,-,-,-,-
23,22272,3.412358045578003,2.193358898162842,107.51144409179688,0.036179281771183014,1.077055811882019,-,-,-,-,-
23,22400,3.4806151390075684,2.179342269897461,106.48482513427734,0.036073263734579086,2.0035154819488525,6.916987419128418,4.505305290222168,223.389404296875,0.03847375884652138,1.3931405544281006
23,22528,2.9604194164276123,1.8749479055404663,91.38375854492188,0.03561057895421982,1.3602336645126343,-,-,-,-,-
23,22656,3.362187147140503,2.1196746826171875,103.47899627685547,0.03479234501719475,1.7292993068695068,-,-,-,-,-
23,22784,3.132960081100464,2.026759624481201,99.01750946044922,0.033086784183979034,0.8293868899345398,-,-,-,-,-
23,22912,2.4644968509674072,1.5744960308074951,76.2093276977539,0.03438323736190796,0.9352419972419739,-,-,-,-,-
23,23040,7.35558557510376,4.753118515014648,235.7050018310547,0.0427921824157238,2.026250123977661,2.9477663040161133,1.799311876296997,87.58719635009766,0.03618934750556946,2.3639309406280518
23,23168,4.844193458557129,2.9697117805480957,145.98562622070312,0.03896678239107132,3.756586790084839,-,-,-,-,-
23,23296,4.412221908569336,2.8737244606018066,141.4163818359375,0.03620411828160286,0.8812909126281738,-,-,-,-,-
23,23424,3.9967761039733887,2.4978814125061035,122.94400787353516,0.033515121787786484,2.359393835067749,-,-,-,-,-
23,23552,3.3754515647888184,2.1545450687408447,105.17337799072266,0.036196812987327576,1.3297595977783203,-,-,-,-,-
23,23680,2.6994636058807373,1.7532005310058594,85.38725280761719,0.03159896656870842,0.6079146862030029,4.4013872146606445,2.8480570316314697,139.93771362304688,0.03537521883845329,1.1857805252075195
23,23808,3.5757956504821777,2.32800555229187,114.04276275634766,0.03462978079915047,0.7273261547088623,-,-,-,-,-
23,23936,3.4233710765838623,2.2137503623962402,108.1788558959961,0.03665650635957718,0.9117556810379028,-,-,-,-,-
23,24064,4.559803485870361,2.9625661373138428,145.9726104736328,0.03627893701195717,1.0123244524002075,-,-,-,-,-
23,24192,3.9238815307617188,2.5448875427246094,124.85400390625,0.03849828615784645,0.9195554852485657,-,-,-,-,-
23,24320,2.7152979373931885,1.7510952949523926,85.00875854492188,0.03208919242024422,0.8202584981918335,3.0040738582611084,1.9547940492630005,95.35163116455078,0.032624952495098114,0.6313852667808533
23,24448,3.2907841205596924,2.142819404602051,104.48474884033203,0.033341336995363235,0.697757363319397,-,-,-,-,-
23,24576,3.617440700531006,2.340043067932129,114.4972915649414,0.0342627614736557,0.9816214442253113,-,-,-,-,-
23,24704,3.9382145404815674,2.5813896656036377,126.71393585205078,0.03435072675347328,0.5533495545387268,-,-,-,-,-
23,24832,3.7819302082061768,2.4651687145233154,120.568359375,0.03789950907230377,0.7317841649055481,-,-,-,-,-
23,24960,7.5937275886535645,4.975481033325195,247.13259887695312,0.0383668914437294,1.08553946018219,3.1159276962280273,2.0154075622558594,98.12613677978516,0.037479862570762634,0.8177899122238159
23,25088,3.636085271835327,2.3510966300964355,115.01685333251953,0.03551941365003586,0.9930087924003601,-,-,-,-,-
23,25216,3.415883779525757,2.2132339477539062,108.21099853515625,0.036171138286590576,0.843687117099762,-,-,-,-,-
23,25344,3.8052873611450195,2.4750847816467285,121.34095764160156,0.03395741060376167,0.8283555507659912,-,-,-,-,-
23,25472,3.8178837299346924,2.47375750541687,121.00997924804688,0.0377008318901062,0.9632529616355896,-,-,-,-,-
23,25600,8.04222297668457,5.283038139343262,262.02294921875,0.0413660891354084,0.9758878350257874,3.3933873176574707,2.2237510681152344,108.78694152832031,0.03326353803277016,0.4850332736968994
23,25728,3.936552047729492,2.574932336807251,126.5522689819336,0.032970622181892395,0.6312636733055115,-,-,-,-,-
23,25856,2.5754575729370117,1.6761984825134277,81.4400405883789,0.03132035955786705,0.5353825092315674,-,-,-,-,-
23,25984,4.067545413970947,2.6554641723632812,130.49557495117188,0.03522976115345955,0.7189583778381348,-,-,-,-,-
23,26112,4.437097072601318,2.890773296356201,142.06161499023438,0.039752282202243805,0.8595535755157471,-,-,-,-,-
23,26130,1.534538984298706,1.0067569017410278,48.2873420715332,0.026887385174632072,0.18021205067634583,5.873868942260742,3.8116040229797363,188.1785125732422,0.039953868836164474,1.4052605628967285
24,128,4.504982948303223,2.9405922889709473,144.775634765625,0.03526496887207031,0.8136916756629944,-,-,-,-,-
24,256,3.6521430015563965,2.384650945663452,116.39389038085938,0.03560137376189232,0.6795180439949036,-,-,-,-,-
24,384,3.70831036567688,2.4285061359405518,118.87014770507812,0.03540845587849617,0.5569442510604858,-,-,-,-,-
24,512,5.218422889709473,3.425140857696533,168.9514923095703,0.03499540314078331,0.6877166032791138,-,-,-,-,-
24,640,4.948629379272461,3.2517571449279785,160.14120483398438,0.03576740622520447,0.5969243049621582,3.2813143730163574,2.1235127449035645,103.68894958496094,0.036380618810653687,0.8453149199485779
24,768,3.195962429046631,2.0514180660247803,100.16836547851562,0.038345400243997574,1.0451548099517822,-,-,-,-,-
24,896,4.0788469314575195,2.6433465480804443,129.8333740234375,0.036772847175598145,1.0039395093917847,-,-,-,-,-
24,1024,3.5943970680236816,2.356902599334717,115.45354461669922,0.03552959859371185,0.47429585456848145,-,-,-,-,-
24,1152,7.132046699523926,4.697380542755127,232.96141052246094,0.03657560795545578,0.684762716293335,-,-,-,-,-
24,1280,3.9579272270202637,2.586984395980835,127.02543640136719,0.03560065105557442,0.6508768796920776,4.39524507522583,2.8941915035247803,142.424072265625,0.030451582744717598,0.4636097252368927
24,1408,3.672308921813965,2.3864665031433105,116.94979095458984,0.035258617252111435,0.8108590245246887,-,-,-,-,-
24,1536,3.301398754119873,2.160135269165039,105.41535949707031,0.03290817514061928,0.5420196056365967,-,-,-,-,-
24,1664,3.1909139156341553,2.071795701980591,101.01636505126953,0.03478121757507324,0.74173504114151,-,-,-,-,-
24,1792,2.9112892150878906,1.9015681743621826,92.8145980834961,0.03276066482067108,0.488145649433136,-,-,-,-,-
24,1920,5.045266151428223,3.2815003395080566,162.0276336669922,0.03691449761390686,1.0657494068145752,6.697394847869873,4.383403778076172,217.4481201171875,0.035558681935071945,1.0395108461380005
24,2048,3.52272629737854,2.277036190032959,111.7236328125,0.03343314304947853,0.950206995010376,-,-,-,-,-
24,2176,2.774786949157715,1.8041045665740967,87.69469451904297,0.0347200408577919,0.5901556015014648,-,-,-,-,-
24,2304,4.460689067840576,2.8889193534851074,142.22732543945312,0.03981592133641243,1.0968083143234253,-,-,-,-,-
24,2432,2.529499053955078,1.65101957321167,80.104248046875,0.030241770669817924,0.4719526171684265,-,-,-,-,-
24,2560,5.2438764572143555,3.419915199279785,168.83543395996094,0.03476664423942566,1.0084010362625122,3.0410497188568115,1.9942445755004883,97.1178207397461,0.03644479438662529,0.3918215334415436
24,2688,2.813987970352173,1.8393819332122803,89.5073471069336,0.032926686108112335,0.46605709195137024,-,-,-,-,-
24,2816,3.945295810699463,2.567077159881592,125.60172271728516,0.036588650196790695,0.8561277985572815,-,-,-,-,-
24,2944,4.312613487243652,2.8115949630737305,137.83409118652344,0.03789496049284935,0.8478289842605591,-,-,-,-,-
24,3072,4.235895156860352,2.7488012313842773,135.0963134765625,0.035921040922403336,1.0020949840545654,-,-,-,-,-
24,3200,3.3606691360473633,2.1770551204681396,106.32875061035156,0.03434199467301369,0.8598442077636719,4.361649513244629,2.8634514808654785,140.7757568359375,0.034080345183610916,0.5636045932769775
24,3328,3.1985678672790527,2.0822441577911377,101.4197998046875,0.03743399307131767,0.6469143629074097,-,-,-,-,-
24,3456,4.841192722320557,3.160662889480591,155.65280151367188,0.035750459879636765,0.8825145959854126,-,-,-,-,-
24,3584,2.5051276683807373,1.6417356729507446,79.59370422363281,0.03255913034081459,0.34895795583724976,-,-,-,-,-
24,3712,2.888674020767212,1.8639206886291504,90.82689666748047,0.034587472677230835,0.8189701437950134,-,-,-,-,-
24,3840,2.941866636276245,1.9187120199203491,93.58061218261719,0.034679558128118515,0.5266882181167603,3.1285338401794434,2.0329253673553467,99.3281478881836,0.03471788391470909,0.6760903000831604
24,3968,3.7078113555908203,2.4103336334228516,118.13330841064453,0.03732585161924362,0.7881880402565002,-,-,-,-,-
24,4096,2.6750528812408447,1.7402350902557373,84.3817138671875,0.03438989445567131,0.5661072731018066,-,-,-,-,-
24,4224,4.371558666229248,2.838118553161621,139.315673828125,0.03764919191598892,1.0263465642929077,-,-,-,-,-
24,4352,3.3695743083953857,2.1809446811676025,106.38262939453125,0.035530935972929,0.8927237391471863,-,-,-,-,-
24,4480,3.0865120887756348,1.9956974983215332,97.18501281738281,0.03707849234342575,0.8188599348068237,4.360835552215576,2.8293118476867676,139.09332275390625,0.035754505544900894,1.0483598709106445
24,4608,3.2113001346588135,2.090242862701416,102.06341552734375,0.035766568034887314,0.6465659737586975,-,-,-,-,-
24,4736,5.1777472496032715,3.359618902206421,165.53213500976562,0.038073960691690445,1.2473316192626953,-,-,-,-,-
24,4864,2.576580762863159,1.6675453186035156,81.34762573242188,0.02904760092496872,0.6651157736778259,-,-,-,-,-
24,4992,3.4931766986846924,2.208110809326172,107.97278594970703,0.031835850328207016,1.7350218296051025,-,-,-,-,-
24,5120,2.035390615463257,1.321033000946045,63.9271240234375,0.03082551434636116,0.4426088333129883,4.933010101318359,3.0893454551696777,152.40928649902344,0.035957325249910355,2.8361449241638184
24,5248,2.9048120975494385,1.8254235982894897,89.04926300048828,0.033570997416973114,1.5532499551773071,-,-,-,-,-
24,5376,3.3299906253814697,2.091947555541992,102.19759368896484,0.033748745918273926,1.8231836557388306,-,-,-,-,-
24,5504,4.365540027618408,2.657893180847168,130.51348876953125,0.03637349605560303,3.661384344100952,-,-,-,-,-
24,5632,4.27316427230835,2.7949347496032715,137.5839385986328,0.032469477504491806,0.6992116570472717,-,-,-,-,-
24,5760,3.4122841358184814,2.09806752204895,102.60857391357422,0.03386863321065903,2.5426254272460938,3.371969223022461,2.172682046890259,105.91200256347656,0.03561251983046532,1.0455453395843506
24,5888,2.9678821563720703,1.9251917600631714,93.90687561035156,0.031149938702583313,0.7247194647789001,-,-,-,-,-
24,6016,4.998790740966797,3.1534500122070312,155.41123962402344,0.03430672362446785,2.5692155361175537,-,-,-,-,-
24,6144,3.5564091205596924,2.2789266109466553,111.67420959472656,0.03460739925503731,1.261332631111145,-,-,-,-,-
24,6272,4.156944751739502,2.568882703781128,126.26649475097656,0.03535323962569237,2.9004361629486084,-,-,-,-,-
24,6400,9.138137817382812,5.84639835357666,290.48638916015625,0.04307805001735687,3.4379632472991943,3.439188241958618,2.19783353805542,107.5455093383789,0.03472381457686424,1.3117564916610718
24,6528,3.686793327331543,2.367262601852417,115.9347915649414,0.03675383701920509,1.2342915534973145,-,-,-,-,-
24,6656,3.7613906860351562,2.3775827884674072,116.05268859863281,0.03496928513050079,1.8831154108047485,-,-,-,-,-
24,6784,4.062134742736816,2.598985195159912,127.7968521118164,0.0376812182366848,1.4749987125396729,-,-,-,-,-
24,6912,3.1061267852783203,1.9882256984710693,96.88215637207031,0.03143760561943054,1.1764183044433594,-,-,-,-,-
24,7040,3.063911199569702,1.9183008670806885,93.62642669677734,0.0322137251496315,1.7713243961334229,2.671998977661133,1.7034600973129272,82.70482635498047,0.033938147127628326,1.0755254030227661
24,7168,4.65955114364624,2.948544502258301,144.73785400390625,0.040570951998233795,2.230571985244751,-,-,-,-,-
24,7296,5.153548240661621,3.260050058364868,160.4296112060547,0.03630966693162918,2.5289273262023926,-,-,-,-,-
24,7424,3.8307201862335205,2.4685707092285156,121.049560546875,0.036197055131196976,1.1545696258544922,-,-,-,-,-
24,7552,2.891339063644409,1.7873845100402832,87.10380554199219,0.03259309008717537,2.003235101699829,-,-,-,-,-
24,7680,2.7909932136535645,1.7895246744155884,87.01657104492188,0.03594653308391571,0.9535620808601379,4.373835563659668,2.790626287460327,137.18043518066406,0.03505043685436249,1.763546109199524
24,7808,3.729799270629883,2.34365177154541,114.69351959228516,0.03664997220039368,2.025622606277466,-,-,-,-,-
24,7936,3.920740842819214,2.5510635375976562,125.41889190673828,0.03375468775629997,0.8173362612724304,-,-,-,-,-
24,8064,3.3151872158050537,2.1375248432159424,104.25897979736328,0.034050412476062775,1.0102206468582153,-,-,-,-,-
24,8192,3.341984987258911,2.12127685546875,103.68760681152344,0.034053970128297806,1.4977784156799316,-,-,-,-,-
24,8320,3.7850053310394287,2.441559314727783,119.71516418457031,0.03496033325791359,1.1133403778076172,3.302814245223999,2.0344247817993164,99.36504364013672,0.03243018314242363,2.4230878353118896
24,8448,3.305880546569824,2.0720343589782715,101.37309265136719,0.03214043378829956,1.8797476291656494,-,-,-,-,-
24,8576,3.331632137298584,2.133232355117798,104.23394775390625,0.03556520864367485,1.2049514055252075,-,-,-,-,-
24,8704,3.5365355014801025,2.2264394760131836,108.84422302246094,0.03653724491596222,1.851165771484375,-,-,-,-,-
24,8832,2.796618938446045,1.7902559041976929,87.0653076171875,0.037046052515506744,0.9866408705711365,-,-,-,-,-
24,8960,4.490053653717041,2.845323324203491,139.69174194335938,0.04049196466803551,2.073207139968872,3.495288610458374,2.2574799060821533,110.17384338378906,0.033657006919384,1.0241323709487915
24,9088,4.528454780578613,2.9005649089813232,142.38462829589844,0.039539583027362823,1.64503812789917,-,-,-,-,-
24,9216,2.8463635444641113,1.8594108819961548,90.54991912841797,0.03255239501595497,0.48901069164276123,-,-,-,-,-
24,9344,2.8452606201171875,1.8286700248718262,89.1341323852539,0.03063020296394825,0.9461929798126221,-,-,-,-,-
24,9472,3.1996140480041504,2.0826892852783203,101.52503204345703,0.034918949007987976,0.6675560474395752,-,-,-,-,-
24,9600,3.6015772819519043,2.323612689971924,113.56241607666016,0.03430843725800514,1.0803208351135254,4.860402584075928,3.149855136871338,155.284912109375,0.038499344140291214,1.191985845565796
24,9728,3.960758686065674,2.5174214839935303,123.26146697998047,0.03827397897839546,1.7244832515716553,-,-,-,-,-
24,9856,3.8068106174468994,2.4691333770751953,120.78487396240234,0.036804065108299255,0.9302480816841125,-,-,-,-,-
24,9984,3.5448293685913086,2.3103489875793457,113.08698272705078,0.03342640399932861,0.7018418312072754,-,-,-,-,-
24,10112,2.912001371383667,1.9065494537353516,92.70675659179688,0.033762164413928986,0.44622066617012024,-,-,-,-,-
24,10240,3.7495899200439453,2.4205121994018555,118.74598693847656,0.0351610966026783,1.0645684003829956,2.452463150024414,1.5841484069824219,76.89480590820312,0.03282347321510315,0.6654312610626221
24,10368,3.5641567707061768,2.327683925628662,113.8624267578125,0.033578913658857346,0.6426967978477478,-,-,-,-,-
24,10496,3.0411760807037354,1.9743074178695679,96.28408813476562,0.03457329794764519,0.6945450305938721,-,-,-,-,-
24,10624,4.297208309173584,2.79555606842041,137.68382263183594,0.031192436814308167,0.9362149834632874,-,-,-,-,-
24,10752,3.5330471992492676,2.290734052658081,111.83712005615234,0.035821568220853806,0.8812025189399719,-,-,-,-,-
24,10880,4.295309066772461,2.7631137371063232,135.554931640625,0.034669212996959686,1.4197667837142944,2.8246138095855713,1.8425872325897217,89.95514678955078,0.03093715012073517,0.5153807401657104
24,11008,3.9481732845306396,2.5605709552764893,125.53167724609375,0.03762311488389969,0.9466250538825989,-,-,-,-,-
24,11136,4.161563873291016,2.7137699127197266,132.936767578125,0.037451643496751785,0.8097450137138367,-,-,-,-,-
24,11264,3.0956575870513916,2.0055363178253174,97.73766326904297,0.03674538806080818,0.7599919438362122,-,-,-,-,-
24,11392,4.900887489318848,3.207165479660034,157.9442901611328,0.03635581210255623,0.7792330980300903,-,-,-,-,-
24,11520,2.6748781204223633,1.7181943655014038,83.64643859863281,0.032523803412914276,0.8769569993019104,4.632542133331299,3.0038859844207764,147.75164794921875,0.0395769327878952,1.1156284809112549
24,11648,2.8816256523132324,1.8728928565979004,91.42158508300781,0.032885681837797165,0.6163110136985779,-,-,-,-,-
24,11776,3.248929977416992,2.024139881134033,98.81836700439453,0.03686445951461792,1.99741792678833,-,-,-,-,-
24,11904,4.6351423263549805,2.991436004638672,147.3687744140625,0.03788353502750397,1.3213504552841187,-,-,-,-,-
24,12032,3.150782585144043,2.0400137901306152,99.79615783691406,0.033060770481824875,0.7974656820297241,-,-,-,-,-
24,12160,3.8555362224578857,2.4550068378448486,120.19076538085938,0.03475404158234596,1.6386773586273193,3.0528035163879395,2.0059356689453125,98.00192260742188,0.03365664556622505,0.33192047476768494
24,12288,3.6088151931762695,2.35398530960083,115.23479461669922,0.036637723445892334,0.6584410667419434,-,-,-,-,-
24,12416,3.271381139755249,2.083920478820801,101.85427856445312,0.03355448320508003,1.353634238243103,-,-,-,-,-
24,12544,2.410247325897217,1.5786769390106201,76.8456039428711,0.0316411517560482,0.3147318661212921,-,-,-,-,-
24,12672,4.764158248901367,3.0819146633148193,151.97308349609375,0.03632538393139839,1.2618709802627563,-,-,-,-,-
24,12800,4.6603684425354,3.026015043258667,149.02699279785156,0.03609180450439453,1.0799157619476318,2.683542490005493,1.7297502756118774,84.20409393310547,0.03276272118091583,0.7898852229118347
24,12928,3.8839871883392334,2.5183465480804443,123.67615509033203,0.03216807544231415,0.9671103358268738,-,-,-,-,-
24,13056,2.9575583934783936,1.8968311548233032,92.7585220336914,0.031069740653038025,1.0207215547561646,-,-,-,-,-
24,13184,3.4132747650146484,2.206392288208008,107.72090148925781,0.03775963559746742,0.9191386699676514,-,-,-,-,-
24,13312,2.7031710147857666,1.73216712474823,84.26175689697266,0.03200291842222214,0.9638322591781616,-,-,-,-,-
24,13440,7.347233295440674,4.778420925140381,237.1647186279297,0.03787803277373314,1.5928711891174316,2.7358672618865967,1.6969960927963257,82.68412017822266,0.029744818806648254,1.8228517770767212
24,13568,3.8812031745910645,2.4367880821228027,119.50929260253906,0.03524325042963028,2.1407887935638428,-,-,-,-,-
24,13696,3.082211971282959,1.9912790060043335,97.30182647705078,0.03647278621792793,0.8144187927246094,-,-,-,-,-
24,13824,7.299910068511963,4.712666988372803,233.7844696044922,0.038353331387043,2.1104512214660645,-,-,-,-,-
24,13952,3.6817662715911865,2.383882522583008,116.81460571289062,0.03416061028838158,0.9557710289955139,-,-,-,-,-
24,14080,3.7077136039733887,2.277550458908081,111.3194351196289,0.0371524803340435,2.7981629371643066,3.6927273273468018,2.319812297821045,113.58206176757812,0.03029346838593483,2.0680086612701416
24,14208,3.490510940551758,2.221115827560425,108.5200424194336,0.03564390912652016,1.4855082035064697,-,-,-,-,-
24,14336,3.4249985218048096,2.173952579498291,106.12067413330078,0.030610807240009308,1.5922834873199463,-,-,-,-,-
24,14464,3.755721092224121,2.408531665802002,117.99092864990234,0.03385186940431595,1.3342822790145874,-,-,-,-,-
24,14592,3.5981664657592773,2.301097869873047,112.50537109375,0.035459864884614944,1.3655515909194946,-,-,-,-,-
24,14720,4.346842288970947,2.7927086353302,137.53076171875,0.03737102448940277,1.4145489931106567,4.454605579376221,2.896256685256958,142.31495666503906,0.040889352560043335,0.9431002140045166
24,14848,4.197220802307129,2.7319726943969727,133.96566772460938,0.038425263017416,0.871660053730011,-,-,-,-,-
24,14976,3.640836000442505,2.3321681022644043,114.13550567626953,0.037295661866664886,1.300171971321106,-,-,-,-,-
24,15104,3.5955305099487305,2.3503355979919434,115.2863998413086,0.03017517179250717,0.6215563416481018,-,-,-,-,-
24,15232,2.9313666820526123,1.887755274772644,91.94908905029297,0.03179487586021423,0.92325758934021,-,-,-,-,-
24,15360,7.264488697052002,4.779530048370361,237.0755615234375,0.035369548946619034,0.7883356809616089,3.034811496734619,1.974867582321167,96.21881866455078,0.034270696341991425,0.6348487138748169
24,15488,2.8811206817626953,1.8838354349136353,91.7567367553711,0.03391052037477493,0.458072692155838,-,-,-,-,-
24,15616,3.2844481468200684,2.1403448581695557,104.70773315429688,0.033853672444820404,0.6317214369773865,-,-,-,-,-
24,15744,3.8043975830078125,2.4709153175354004,121.22067260742188,0.03827695921063423,0.8299843072891235,-,-,-,-,-
24,15872,2.9806883335113525,1.9105249643325806,93.03047180175781,0.036354802548885345,1.0350403785705566,-,-,-,-,-
24,16000,3.9564969539642334,2.5790562629699707,126.50787353515625,0.034686971455812454,0.7767503261566162,2.289818286895752,1.491775631904602,72.38431549072266,0.029164638370275497,0.450347900390625
24,16128,7.305444717407227,4.776355743408203,236.94940185546875,0.03621833398938179,1.2337676286697388,-,-,-,-,-
24,16256,2.9761745929718018,1.9224196672439575,93.54108428955078,0.031252194195985794,0.8709194660186768,-,-,-,-,-
24,16384,2.8855552673339844,1.8774884939193726,91.66472625732422,0.033604636788368225,0.5781489610671997,-,-,-,-,-
24,16512,3.507448673248291,2.2804694175720215,111.74845123291016,0.03600452095270157,0.7349010705947876,-,-,-,-,-
24,16640,2.3972809314727783,1.5682766437530518,76.0514144897461,0.030051888898015022,0.3843826651573181,6.9725341796875,4.557847023010254,226.16407775878906,0.04115144908428192,1.1189486980438232
24,16768,3.3272883892059326,2.1606028079986572,105.75178527832031,0.03726472333073616,0.7190303206443787,-,-,-,-,-
24,16896,5.890674114227295,3.8903098106384277,192.65634155273438,0.03673925623297691,0.370614618062973,-,-,-,-,-
24,17024,2.8972342014312744,1.8652632236480713,90.58488464355469,0.035794008523225784,0.9032831192016602,-,-,-,-,-
24,17152,3.9287543296813965,2.5511507987976074,124.69862365722656,0.03758096694946289,0.9303634166717529,-,-,-,-,-
24,17280,4.507192611694336,2.9392614364624023,144.12864685058594,0.03375370800495148,0.9289053082466125,3.0409204959869385,1.9830008745193481,96.49919891357422,0.03355741873383522,0.5937033891677856
24,17408,3.1661880016326904,2.0754261016845703,101.09864807128906,0.032806772738695145,0.46968719363212585,-,-,-,-,-
24,17536,3.5335018634796143,2.296328544616699,112.25747680664062,0.03194894641637802,0.8264937400817871,-,-,-,-,-
24,17664,4.44442892074585,2.8995516300201416,142.40518188476562,0.03881458565592766,0.8201090097427368,-,-,-,-,-
24,17792,4.069178104400635,2.6369123458862305,129.3595733642578,0.03638625144958496,1.0228384733200073,-,-,-,-,-
24,17920,3.2210443019866943,2.0918781757354736,102.27721405029297,0.036927007138729095,0.694670557975769,3.103074789047241,2.012866973876953,98.298583984375,0.03541475906968117,0.7180737853050232
24,18048,4.217512607574463,2.7379722595214844,134.29312133789062,0.03892654925584793,0.9768270254135132,-,-,-,-,-
24,18176,3.3307666778564453,2.118692636489868,103.37199401855469,0.03658230975270271,1.4177196025848389,-,-,-,-,-
24,18304,4.4059553146362305,2.8569839000701904,140.12506103515625,0.035682398825883865,1.120388388633728,-,-,-,-,-
24,18432,3.487532138824463,2.2186813354492188,108.35731506347656,0.03486591577529907,1.5041190385818481,-,-,-,-,-
24,18560,4.19783353805542,2.706434726715088,132.77145385742188,0.036059990525245667,1.2762466669082642,3.590555191040039,2.344144344329834,114.7267837524414,0.03724891319870949,0.6189427971839905
24,18688,6.844682216644287,4.50432825088501,223.3282012939453,0.035754282027482986,0.7131832838058472,-,-,-,-,-
24,18816,3.306790828704834,2.110619068145752,103.05094909667969,0.034868184477090836,1.3079414367675781,-,-,-,-,-
24,18944,2.8655426502227783,1.8776116371154785,91.60238647460938,0.033621445298194885,0.38285645842552185,-,-,-,-,-
24,19072,2.426098585128784,1.5403640270233154,74.577880859375,0.03234264999628067,1.0761299133300781,-,-,-,-,-
24,19200,4.287872791290283,2.7840688228607178,136.75953674316406,0.03813628479838371,0.9807212948799133,7.099833011627197,4.609959125518799,228.50479125976562,0.035621821880340576,1.6920428276062012
24,19328,3.5431175231933594,2.2421681880950928,109.80231475830078,0.0332971066236496,1.6962918043136597,-,-,-,-,-
24,19456,3.798492908477783,2.465419292449951,120.68309783935547,0.03489350154995918,0.9134923219680786,-,-,-,-,-
24,19584,3.3131213188171387,2.1306583881378174,104.04044342041016,0.03470602631568909,1.0735235214233398,-,-,-,-,-
24,19712,3.0435597896575928,1.9605491161346436,95.68463897705078,0.03347541019320488,0.9268874526023865,-,-,-,-,-
24,19840,2.4780969619750977,1.584963321685791,76.97208404541016,0.03571672365069389,0.8769619464874268,3.191227674484253,2.054291248321533,99.97377014160156,0.037347011268138885,0.9985156059265137
24,19968,2.601426601409912,1.649795651435852,80.16761016845703,0.034491244703531265,1.1546351909637451,-,-,-,-,-
24,20096,4.195395469665527,2.724963665008545,134.09925842285156,0.03440089151263237,0.950384795665741,-,-,-,-,-
24,20224,3.3938255310058594,2.1798791885375977,106.45894622802734,0.036185793578624725,1.1317112445831299,-,-,-,-,-
24,20352,2.722479820251465,1.769917607307434,86.0514144897461,0.03114960342645645,0.6089850068092346,-,-,-,-,-
24,20480,4.651578903198242,3.0267515182495117,148.93417358398438,0.03580067306756973,0.9968507289886475,2.8473117351531982,1.856487512588501,90.55791473388672,0.031623415648937225,0.5362182855606079
24,20608,4.395167350769043,2.846822500228882,139.6646270751953,0.0440637469291687,1.0763506889343262,-,-,-,-,-
24,20736,3.6597321033477783,2.3219244480133057,113.86402893066406,0.03408896550536156,1.6507855653762817,-,-,-,-,-
24,20864,2.9759950637817383,1.9408684968948364,94.51959228515625,0.03221944719552994,0.5771110653877258,-,-,-,-,-
24,20992,3.361839532852173,2.1499745845794678,104.88095092773438,0.03551453351974487,1.2754077911376953,-,-,-,-,-
24,21120,3.1212644577026367,2.0326616764068604,99.3580093383789,0.03401162475347519,0.6101111769676208,7.569525718688965,4.95562219619751,246.08851623535156,0.038372620940208435,1.1464611291885376
24,21248,3.824949264526367,2.4456377029418945,119.8884048461914,0.031899455934762955,1.4852813482284546,-,-,-,-,-
24,21376,5.387752056121826,3.4982666969299316,172.39967346191406,0.04197505861520767,1.2351373434066772,-,-,-,-,-
24,21504,2.5843698978424072,1.6616861820220947,80.74461364746094,0.032208994030952454,0.8302863240242004,-,-,-,-,-
24,21632,3.9332573413848877,2.521606206893921,123.77088165283203,0.035901788622140884,1.380406379699707,-,-,-,-,-
24,21760,5.7736592292785645,3.676737070083618,181.4608612060547,0.03730457276105881,2.4500937461853027,3.4001712799072266,2.2277672290802,108.94804382324219,0.03468500077724457,0.48238715529441833
24,21888,3.2505311965942383,2.1255011558532715,104.367431640625,0.029558660462498665,0.5179694294929504,-,-,-,-,-
24,22016,3.02341365814209,1.9283053874969482,93.79718017578125,0.03281736746430397,1.243190050125122,-,-,-,-,-
24,22144,3.456953525543213,2.2273902893066406,108.87361145019531,0.03635687381029129,1.0447031259536743,-,-,-,-,-
24,22272,3.034252166748047,1.8850805759429932,91.84490966796875,0.03504734858870506,1.9567514657974243,-,-,-,-,-
24,22400,3.0642566680908203,1.9802719354629517,96.47797393798828,0.03778718411922455,0.8141777515411377,4.042056083679199,2.494154930114746,121.99812316894531,0.0365733802318573,2.913465738296509
24,22528,4.015297889709473,2.5359787940979004,124.12134552001953,0.03900674730539322,1.990989327430725,-,-,-,-,-
24,22656,3.434671640396118,2.2465808391571045,109.6591796875,0.03382640704512596,0.576728343963623,-,-,-,-,-
24,22784,5.011336803436279,3.1642355918884277,155.4892578125,0.03740258142352104,2.548062562942505,-,-,-,-,-
24,22912,3.3082475662231445,2.066800117492676,101.0721435546875,0.032046061009168625,1.9867990016937256,-,-,-,-,-
24,23040,2.2759931087493896,1.466812252998352,71.07649993896484,0.031206052750349045,0.6720982789993286,3.4733595848083496,2.242206335067749,109.68944549560547,0.035983599722385406,0.9827513098716736
24,23168,3.601553440093994,2.3393590450286865,114.69266510009766,0.03513503447175026,0.8013277053833008,-,-,-,-,-
24,23296,4.802077293395996,3.060783624649048,150.74002075195312,0.037970446050167084,1.9592276811599731,-,-,-,-,-
24,23424,4.1268839836120605,2.5480053424835205,124.96772003173828,0.038588717579841614,2.9061272144317627,-,-,-,-,-
24,23552,3.5441207885742188,2.3161871433258057,113.28221893310547,0.033960361033678055,0.6115111708641052,-,-,-,-,-
24,23680,3.3172178268432617,2.0118730068206787,98.26493072509766,0.03173922374844551,2.9095635414123535,3.086803436279297,2.0072076320648193,97.93812561035156,0.03120099939405918,0.6901371479034424
24,23808,4.453255653381348,2.879772424697876,140.946533203125,0.038348834961652756,1.2566882371902466,-,-,-,-,-
24,23936,2.857415199279785,1.846873164176941,90.02242279052734,0.03404726833105087,0.7627027630805969,-,-,-,-,-
24,24064,3.1886062622070312,2.069103956222534,101.02171325683594,0.037363842129707336,0.7192153930664062,-,-,-,-,-
24,24192,3.0221989154815674,1.964329481124878,95.88728332519531,0.034541234374046326,0.6445539593696594,-,-,-,-,-
24,24320,2.9694769382476807,1.940345287322998,94.42952728271484,0.03560897707939148,0.4922746419906616,2.978001117706299,1.948089838027954,95.16088104248047,0.033017177134752274,0.45285189151763916
24,24448,3.2980380058288574,2.1558027267456055,105.66495513916016,0.03175782784819603,0.5382765531539917,-,-,-,-,-
24,24576,3.3003897666931152,2.1480979919433594,105.0560073852539,0.034842006862163544,0.6688987016677856,-,-,-,-,-
24,24704,3.6119544506073,2.371579647064209,116.23784637451172,0.034556761384010315,0.43439605832099915,-,-,-,-,-
24,24832,3.9636566638946533,2.5989990234375,127.63333129882812,0.03324522450566292,0.5507898330688477,-,-,-,-,-
24,24960,3.642881393432617,2.3849024772644043,116.88068389892578,0.03545275330543518,0.5371922254562378,3.2765681743621826,2.154825210571289,105.17326354980469,0.03241029009222984,0.3760008215904236
24,25088,2.5989315509796143,1.6966825723648071,82.61485290527344,0.03336053714156151,0.4274009168148041,-,-,-,-,-
24,25216,10.280524253845215,6.792813301086426,338.1933898925781,0.04098018258810043,0.6479656100273132,-,-,-,-,-
24,25344,3.158200740814209,2.0559003353118896,100.52576446533203,0.033095940947532654,0.6394684910774231,-,-,-,-,-
24,25472,4.465367317199707,2.9386649131774902,144.76104736328125,0.033277396112680435,0.4581436216831207,-,-,-,-,-
24,25600,7.100066184997559,4.687376022338867,232.57655334472656,0.03175100311636925,0.5517330169677734,4.589292526245117,2.9986376762390137,147.37417602539062,0.04058295488357544,0.7632971405982971
24,25728,3.450735569000244,2.25557541847229,110.26956939697266,0.034468844532966614,0.5799544453620911,-,-,-,-,-
24,25856,2.9005894660949707,1.8803023099899292,91.66940307617188,0.032113078981637955,0.7147994041442871,-,-,-,-,-
24,25984,6.881387233734131,4.523024082183838,224.33984375,0.0374065563082695,0.7755865454673767,-,-,-,-,-
24,26112,3.6661555767059326,2.371054172515869,116.19083404541016,0.03586290776729584,0.97330242395401,-,-,-,-,-
24,26130,1.9232902526855469,1.2418392896652222,59.97041702270508,0.03151298686861992,0.5023384690284729,2.9287831783294678,1.9147520065307617,93.30683898925781,0.03353960067033768,0.4742337465286255
25,128,4.728076934814453,3.0602829456329346,150.44288635253906,0.03942820429801941,1.239371657371521,-,-,-,-,-
25,256,2.8080852031707764,1.7932062149047852,87.14154815673828,0.03297850489616394,1.1048500537872314,-,-,-,-,-
25,384,5.611151218414307,3.664512872695923,180.61595153808594,0.03956719860434532,1.0091184377670288,-,-,-,-,-
25,512,4.163167953491211,2.6707754135131836,131.12722778320312,0.034853167831897736,1.4626758098602295,-,-,-,-,-
25,640,3.2294046878814697,2.10160493850708,102.82035827636719,0.03387139365077019,0.6572481989860535,2.7887916564941406,1.781524896621704,86.6841049194336,0.03314288333058357,1.0728288888931274
25,768,4.498132705688477,2.89947509765625,142.87725830078125,0.0359787680208683,1.339062213897705,-,-,-,-,-
25,896,2.760486602783203,1.80906081199646,87.95103454589844,0.03248616307973862,0.3942927420139313,-,-,-,-,-
25,1024,2.9110381603240967,1.8736714124679565,91.56997680664062,0.031192602589726448,0.9047462344169617,-,-,-,-,-
25,1152,3.143841028213501,2.045605421066284,99.66844940185547,0.033842287957668304,0.6770875453948975,-,-,-,-,-
25,1280,3.19612979888916,2.076775550842285,101.65282440185547,0.03095150738954544,0.7187451720237732,2.6830203533172607,1.7439144849777222,84.79593658447266,0.03409957140684128,0.5704694986343384
25,1408,3.7273497581481934,2.407043218612671,117.87445831298828,0.03517141193151474,1.063905954360962,-,-,-,-,-
25,1536,3.508321523666382,2.2810328006744385,111.7401123046875,0.03400470316410065,0.75882887840271,-,-,-,-,-
25,1664,3.9156577587127686,2.5256612300872803,124.17953491210938,0.03476426377892494,1.1343692541122437,-,-,-,-,-
25,1792,4.420712471008301,2.856466293334961,140.5508270263672,0.03900820389389992,1.197299599647522,-,-,-,-,-
25,1920,6.5880842208862305,4.356996536254883,216.54574584960938,0.03370651602745056,0.31923192739486694,2.7626419067382812,1.7807353734970093,86.85442352294922,0.028216341510415077,0.8514590859413147
25,2048,6.935743808746338,4.567431926727295,226.32369995117188,0.0355335995554924,0.695412278175354,-,-,-,-,-
25,2176,4.244700908660889,2.7725472450256348,136.06893920898438,0.037886135280132294,0.7357797622680664,-,-,-,-,-
25,2304,4.216449737548828,2.754283905029297,134.77842712402344,0.03704967722296715,0.7733194231987,-,-,-,-,-
25,2432,4.581539630889893,3.0163521766662598,148.2360382080078,0.0359235517680645,0.46903741359710693,-,-,-,-,-
25,2560,3.056057929992676,2.0057830810546875,97.56392669677734,0.03391043096780777,0.40724971890449524,3.1734509468078613,2.0534348487854004,99.96353912353516,0.035413164645433426,0.8496726751327515
25,2688,3.0419371128082275,1.9785538911819458,96.64729309082031,0.03506682440638542,0.6184334754943848,-,-,-,-,-
25,2816,2.8751864433288574,1.8884402513504028,92.1597900390625,0.033590029925107956,0.3155818283557892,-,-,-,-,-
25,2944,3.1556897163391113,2.0461220741271973,99.67241668701172,0.03715065121650696,0.7569286227226257,-,-,-,-,-
25,3072,4.163149833679199,2.699845552444458,132.4893035888672,0.034765489399433136,1.036460280418396,-,-,-,-,-
25,3200,4.384411334991455,2.8529462814331055,140.4066162109375,0.0355534553527832,0.9184566140174866,3.1656904220581055,2.0674400329589844,100.90007781982422,0.03366488590836525,0.5558478832244873
25,3328,2.143674850463867,1.3925000429153442,67.23062896728516,0.031303226947784424,0.4756532311439514,-,-,-,-,-
25,3456,2.9032154083251953,1.8796489238739014,91.42381286621094,0.03416299447417259,0.7516518831253052,-,-,-,-,-
25,3584,3.534294843673706,2.3024280071258545,112.54978942871094,0.03685406967997551,0.6951503753662109,-,-,-,-,-
25,3712,4.068195343017578,2.631882905960083,129.4953155517578,0.03280669450759888,1.0855268239974976,-,-,-,-,-
25,3840,6.419305801391602,4.23596715927124,209.97613525390625,0.03764818608760834,0.45928990840911865,3.91312837600708,2.5261247158050537,123.73372650146484,0.0393000952899456,1.1036615371704102
25,3968,2.6898345947265625,1.7283047437667847,84.03704833984375,0.031303465366363525,0.898559033870697,-,-,-,-,-
25,4096,4.206805229187012,2.747434377670288,134.96652221679688,0.03355836123228073,0.7614762783050537,-,-,-,-,-
25,4224,3.765265703201294,2.4087963104248047,117.87870025634766,0.034225787967443466,1.4345667362213135,-,-,-,-,-
25,4352,3.068223237991333,2.0172436237335205,98.31668853759766,0.03136630356311798,0.3644643723964691,-,-,-,-,-
25,4480,4.225757122039795,2.729386329650879,134.04489135742188,0.03451044484972954,1.2141132354736328,4.749833583831787,3.1145970821380615,153.06214904785156,0.03812743350863457,0.6648773550987244
25,4608,3.536713123321533,2.30440354347229,112.61309051513672,0.03713613748550415,0.6904270052909851,-,-,-,-,-
25,4736,3.4552128314971924,2.2479918003082275,109.89669036865234,0.037207555025815964,0.7104653120040894,-,-,-,-,-
25,4864,3.651707649230957,2.3975319862365723,117.94049835205078,0.032209571450948715,0.42561155557632446,-,-,-,-,-
25,4992,2.9109835624694824,1.8895740509033203,91.92901611328125,0.033370036631822586,0.6874947547912598,-,-,-,-,-
25,5120,2.5895724296569824,1.6949753761291504,82.40318298339844,0.032866206020116806,0.37699079513549805,3.6578218936920166,2.3909430503845215,117.29859924316406,0.034460000693798065,0.594327986240387
25,5248,3.765803337097168,2.4466476440429688,120.17024230957031,0.032281361520290375,0.8517187237739563,-,-,-,-,-
25,5376,2.3386893272399902,1.524316430091858,73.78299713134766,0.032779429107904434,0.4376341700553894,-,-,-,-,-
25,5504,4.101521015167236,2.672645092010498,131.41796875,0.037062641233205795,0.7763400673866272,-,-,-,-,-
25,5632,3.3576903343200684,2.1948845386505127,107.59679412841797,0.03402072563767433,0.5281708836555481,-,-,-,-,-
25,5760,3.1708033084869385,2.0573697090148926,100.66152954101562,0.03282849118113518,0.7398988604545593,3.9347243309020996,2.5593619346618652,125.61436462402344,0.03754883632063866,0.8167014718055725
25,5888,4.30183744430542,2.8016297817230225,138.0154266357422,0.036724455654621124,0.8332892656326294,-,-,-,-,-
25,6016,2.671391248703003,1.7244930267333984,83.63188934326172,0.032391421496868134,0.7818798422813416,-,-,-,-,-
25,6144,5.080956935882568,3.314098358154297,163.68423461914062,0.03615248203277588,0.9386392831802368,-,-,-,-,-
25,6272,3.957940101623535,2.5803439617156982,126.66670227050781,0.03665190935134888,0.7427724599838257,-,-,-,-,-
25,6400,3.2488532066345215,2.1141717433929443,103.30638885498047,0.032784994691610336,0.688326358795166,4.061378479003906,2.6319172382354736,128.9702606201172,0.03488832712173462,1.0487043857574463
25,6528,3.996116876602173,2.5875673294067383,126.65029907226562,0.036422934383153915,1.0562382936477661,-,-,-,-,-
25,6656,2.7839770317077637,1.8228044509887695,88.64434051513672,0.034956518560647964,0.3977278172969818,-,-,-,-,-
25,6784,3.472830295562744,2.249709129333496,110.08741760253906,0.03576254844665527,0.8648450374603271,-,-,-,-,-
25,6912,3.827361822128296,2.485778331756592,121.74812316894531,0.03931957483291626,0.8478291034698486,-,-,-,-,-
25,7040,2.684558868408203,1.7453042268753052,84.94304656982422,0.029467059299349785,0.6035699844360352,3.040794610977173,1.9840432405471802,96.78168487548828,0.03373940661549568,0.5519527792930603
25,7168,3.530149221420288,2.308375597000122,112.89891052246094,0.035729143768548965,0.5705552101135254,-,-,-,-,-
25,7296,3.7416927814483643,2.4361469745635986,119.28593444824219,0.035908766090869904,0.7677767872810364,-,-,-,-,-
25,7424,2.907639265060425,1.9055229425430298,92.8675308227539,0.03483942151069641,0.38601717352867126,-,-,-,-,-
25,7552,4.507220268249512,2.9208767414093018,143.65509033203125,0.03695159777998924,1.128411889076233,-,-,-,-,-
25,7680,4.5644354820251465,2.974693775177002,146.569091796875,0.034051019698381424,0.8999969959259033,3.3616325855255127,2.2002694606781006,107.94110870361328,0.029784809798002243,0.5216716527938843
25,7808,6.763070583343506,4.465224266052246,221.27745056152344,0.03421635925769806,0.5085582137107849,-,-,-,-,-
25,7936,3.4146766662597656,2.1974992752075195,107.52787017822266,0.03230847790837288,1.095900058746338,-,-,-,-,-
25,8064,4.51803731918335,2.96047043800354,145.621826171875,0.037107422947883606,0.6424077749252319,-,-,-,-,-
25,8192,2.805048704147339,1.8132076263427734,88.37846374511719,0.035343535244464874,0.7271295189857483,-,-,-,-,-
25,8320,3.4665350914001465,2.2582688331604004,110.60828399658203,0.03414629399776459,0.6803697347640991,4.731171131134033,3.066906690597534,151.0132598876953,0.039487648755311966,1.1464399099349976
25,8448,3.4867801666259766,2.244849920272827,109.8968734741211,0.03425678238272667,1.0870474576950073,-,-,-,-,-
25,8576,2.585442543029785,1.6843891143798828,82.00648498535156,0.030217265710234642,0.5077149271965027,-,-,-,-,-
25,8704,3.831223249435425,2.4654252529144287,120.71845245361328,0.03912109136581421,1.1949225664138794,-,-,-,-,-
25,8832,4.243579387664795,2.71821665763855,133.57777404785156,0.03453180566430092,1.550537347793579,-,-,-,-,-
25,8960,2.7963454723358154,1.8198750019073486,88.67166900634766,0.032874759286642075,0.5687915682792664,3.432912588119507,2.1935677528381348,107.400390625,0.03359849750995636,1.3174238204956055
25,9088,3.347435474395752,2.086486577987671,101.85272979736328,0.04185307398438454,2.0056843757629395,-,-,-,-,-
25,9216,3.539401054382324,2.257256269454956,110.66171264648438,0.030626919120550156,1.4490058422088623,-,-,-,-,-
25,9344,4.736105442047119,3.0585217475891113,150.6480712890625,0.038246553391218185,1.3285619020462036,-,-,-,-,-
25,9472,4.179877758026123,2.658574104309082,130.53927612304688,0.03363572433590889,1.8227522373199463,-,-,-,-,-
25,9600,4.201892375946045,2.7416841983795166,134.4596710205078,0.035959865897893906,0.7965170741081238,4.922222137451172,3.102839469909668,152.7127227783203,0.03651214763522148,2.557431936264038
25,9728,4.640232563018799,2.9731247425079346,146.25592041015625,0.033047422766685486,1.7150119543075562,-,-,-,-,-
25,9856,3.699038505554199,2.4005842208862305,117.78226470947266,0.03524510934948921,0.8538651466369629,-,-,-,-,-
25,9984,4.245371341705322,2.6756539344787598,131.39649963378906,0.036194343119859695,2.1955811977386475,-,-,-,-,-
25,10112,7.152165412902832,4.641318321228027,230.16749572753906,0.038448698818683624,1.707233190536499,-,-,-,-,-
25,10240,3.224905014038086,2.086449146270752,101.97274017333984,0.03426787257194519,0.844607949256897,2.528740882873535,1.6390031576156616,79.66413879394531,0.03183044120669365,0.6126561760902405
25,10368,2.6557388305664062,1.7253764867782593,84.01255798339844,0.03429639711976051,0.559402346611023,-,-,-,-,-
25,10496,3.3002066612243652,2.138272523880005,104.65922546386719,0.03333210572600365,0.8200969099998474,-,-,-,-,-
25,10624,2.6292262077331543,1.7151838541030884,83.44779968261719,0.030443213880062103,0.49121206998825073,-,-,-,-,-
25,10752,3.608985185623169,2.326488733291626,113.6307601928711,0.03529416769742966,1.1089496612548828,-,-,-,-,-
25,10880,4.102665424346924,2.667628288269043,131.0719451904297,0.03535973280668259,0.8895773887634277,2.7215659618377686,1.7503138780593872,85.04154205322266,0.03189684450626373,0.8893985748291016
25,11008,3.4829885959625244,2.252700090408325,109.97944641113281,0.034033555537462234,0.9646053314208984,-,-,-,-,-
25,11136,4.74114990234375,3.0652449131011963,150.94271850585938,0.03908447548747063,1.273934006690979,-,-,-,-,-
25,11264,3.504337787628174,2.253154993057251,110.02789306640625,0.037047043442726135,1.1385670900344849,-,-,-,-,-
25,11392,3.3377084732055664,2.1661269664764404,105.83978271484375,0.03230228275060654,0.8088144659996033,-,-,-,-,-
25,11520,2.5534751415252686,1.6536729335784912,80.29873657226562,0.03236396983265877,0.64451003074646,4.576398849487305,2.9549858570098877,145.43650817871094,0.03872060030698776,1.2832738161087036
25,11648,2.6672728061676025,1.7316021919250488,84.09251403808594,0.0340048111975193,0.6074053645133972,-,-,-,-,-
25,11776,3.109795093536377,2.0197010040283203,98.37054443359375,0.0334308035671711,0.7295776009559631,-,-,-,-,-
25,11904,3.198713541030884,2.075993776321411,101.49037170410156,0.03682311251759529,0.7099291086196899,-,-,-,-,-
25,12032,3.575345516204834,2.2973172664642334,112.5436782836914,0.034367237240076065,1.1822423934936523,-,-,-,-,-
25,12160,4.73727560043335,3.0661892890930176,151.10601806640625,0.03956044092774391,1.204655647277832,4.107348918914795,2.640641927719116,129.7445831298828,0.036756932735443115,1.32504403591156
25,12288,4.898530006408691,3.212466239929199,158.48696899414062,0.03721039369702339,0.639840841293335,-,-,-,-,-
25,12416,3.4484643936157227,2.2384657859802246,109.54893493652344,0.03635728731751442,0.7815174460411072,-,-,-,-,-
25,12544,3.779409170150757,2.437835454940796,119.27352142333984,0.035574186593294144,1.132643222808838,-,-,-,-,-
25,12672,3.3432226181030273,2.1665449142456055,105.86280059814453,0.036522816866636276,0.8152667284011841,-,-,-,-,-
25,12800,4.701998233795166,3.0483264923095703,149.9637908935547,0.036977194249629974,1.1705684661865234,3.7108004093170166,2.410168409347534,118.14893341064453,0.03436928614974022,0.847736120223999
25,12928,3.417640447616577,2.2280945777893066,109.01750946044922,0.03338395059108734,0.6598687171936035,-,-,-,-,-
25,13056,3.9266278743743896,2.5021908283233643,122.31787109375,0.03781755268573761,1.63441002368927,-,-,-,-,-
25,13184,3.0211873054504395,1.9049307107925415,92.73640441894531,0.03390450030565262,1.549880862236023,-,-,-,-,-
25,13312,7.412449359893799,4.871032238006592,242.02560424804688,0.040693167597055435,0.8046764135360718,-,-,-,-,-
25,13440,3.9644765853881836,2.5178427696228027,123.5283203125,0.03848715126514435,1.728633999824524,3.352654218673706,2.1904542446136475,106.9687271118164,0.03267347812652588,0.598395824432373
25,13568,2.4395220279693604,1.5913504362106323,77.40293884277344,0.030454201623797417,0.4368813633918762,-,-,-,-,-
25,13696,2.8288817405700684,1.7827621698379517,86.81644439697266,0.03337589278817177,1.4457918405532837,-,-,-,-,-
25,13824,2.9247779846191406,1.9108864068984985,93.08927154541016,0.03229334205389023,0.5070532560348511,-,-,-,-,-
25,13952,4.583372592926025,2.93703031539917,144.63858032226562,0.03264724463224411,1.6730936765670776,-,-,-,-,-
25,14080,3.7747907638549805,2.4730911254882812,121.4009017944336,0.03448919951915741,0.5320143699645996,4.833432674407959,3.134882688522339,154.59266662597656,0.034732237458229065,1.1789089441299438
25,14208,2.7999112606048584,1.7769789695739746,86.51766967773438,0.03419862687587738,1.2355713844299316,-,-,-,-,-
25,14336,2.6680397987365723,1.7474318742752075,85.27991485595703,0.03135691210627556,0.36452075839042664,-,-,-,-,-
25,14464,2.5112690925598145,1.6005549430847168,77.77220916748047,0.033049698919057846,0.9994242787361145,-,-,-,-,-
25,14592,4.657204627990723,3.0581722259521484,150.61581420898438,0.034806691110134125,0.580678403377533,-,-,-,-,-
25,14720,3.719792366027832,2.3973379135131836,117.37474822998047,0.034571725875139236,1.141352653503418,2.7343530654907227,1.7925362586975098,87.08528137207031,0.034683018922805786,0.36281028389930725
25,14848,4.751574993133545,3.1142728328704834,153.19065856933594,0.03450685739517212,0.708890974521637,-,-,-,-,-
25,14976,4.422100067138672,2.8199381828308105,138.46990966796875,0.037015561014413834,1.8044695854187012,-,-,-,-,-
25,15104,2.9949264526367188,1.928020715713501,93.83576202392578,0.03581946715712547,0.9272867441177368,-,-,-,-,-
25,15232,4.9799113273620605,3.2173683643341064,158.53453063964844,0.03927210345864296,1.3792568445205688,-,-,-,-,-
25,15360,2.598297119140625,1.6473703384399414,79.92691802978516,0.033502764999866486,1.1815474033355713,3.526546001434326,2.2514772415161133,109.95658874511719,0.035294003784656525,1.402087688446045
25,15488,3.2657227516174316,2.0764222145080566,101.46940612792969,0.035411473363637924,1.3919497728347778,-,-,-,-,-
25,15616,2.9295263290405273,1.817825436592102,88.85521697998047,0.030528666451573372,1.926201581954956,-,-,-,-,-
25,15744,3.0481903553009033,1.9386484622955322,94.80213165283203,0.033238042145967484,1.282827377319336,-,-,-,-,-
25,15872,7.2105607986450195,4.671932220458984,231.72689819335938,0.03707444667816162,1.8428510427474976,-,-,-,-,-
25,16000,3.127582550048828,2.0074188709259033,97.86226654052734,0.036849744617938995,1.0469131469726562,3.805220365524292,2.3901877403259277,116.92682647705078,0.03602396696805954,2.0974059104919434
25,16128,3.5222902297973633,2.23311185836792,109.34681701660156,0.034496501088142395,1.612136721611023,-,-,-,-,-
25,16256,3.467499256134033,2.2512471675872803,110.03295135498047,0.03328843414783478,0.8263403177261353,-,-,-,-,-
25,16384,4.679033279418945,2.995051383972168,146.9025421142578,0.03431011736392975,1.8064600229263306,-,-,-,-,-
25,16512,3.3097338676452637,2.130958318710327,104.05696868896484,0.0336063914000988,1.0459983348846436,-,-,-,-,-
25,16640,4.96484899520874,3.1584181785583496,155.3387908935547,0.0393429771065712,2.1369969844818115,4.368020057678223,2.555884599685669,125.15326690673828,0.038098931312561035,5.225036144256592
25,16768,4.7238898277282715,2.827803134918213,138.89881896972656,0.038208577781915665,4.688902378082275,-,-,-,-,-
25,16896,2.342658519744873,1.5219333171844482,73.60416412353516,0.034124065190553665,0.5055954456329346,-,-,-,-,-
25,17024,3.2215099334716797,1.942175269126892,94.69949340820312,0.031713951379060745,3.006258010864258,-,-,-,-,-
25,17152,6.56541109085083,4.28074312210083,212.08837890625,0.037661340087652206,1.2612313032150269,-,-,-,-,-
25,17280,3.9204697608947754,2.181943893432617,106.77249908447266,0.03422359749674797,6.365774631500244,3.2756845951080322,2.041134834289551,99.50765991210938,0.03468722105026245,2.047858238220215
25,17408,4.147991180419922,2.6565635204315186,130.62110900878906,0.03231148049235344,1.5290502309799194,-,-,-,-,-
25,17536,6.539769172668457,3.9497807025909424,195.6196746826172,0.03274998068809509,6.01041841506958,-,-,-,-,-
25,17664,3.8358304500579834,2.399571657180786,117.01396179199219,0.04060933738946915,2.2550978660583496,-,-,-,-,-
25,17792,3.3946847915649414,2.020576000213623,98.50637817382812,0.034141525626182556,3.5490353107452393,-,-,-,-,-
25,17920,4.594137191772461,2.8132712841033936,138.51939392089844,0.03556113317608833,3.601106643676758,3.6603481769561768,2.3029346466064453,112.84661865234375,0.032998017966747284,1.9594935178756714
25,18048,4.144437789916992,2.5980939865112305,127.782958984375,0.03368204087018967,2.3483214378356934,-,-,-,-,-
25,18176,3.7974839210510254,2.1493380069732666,104.99644470214844,0.03700010105967522,5.611812591552734,-,-,-,-,-
25,18304,2.614962100982666,1.6791118383407593,81.49187469482422,0.03166681155562401,0.8926485776901245,-,-,-,-,-
25,18432,3.254073143005371,1.9078247547149658,92.98054504394531,0.03393438085913658,3.825084686279297,-,-,-,-,-
25,18560,5.811613082885742,3.730999231338501,184.3009490966797,0.03873956575989723,1.9886425733566284,3.018043279647827,1.9119187593460083,93.12301635742188,0.030431844294071198,1.444625973701477
25,18688,3.5799663066864014,2.247742176055908,110.18678283691406,0.03524702042341232,1.9510936737060547,-,-,-,-,-
25,18816,4.046273708343506,2.6208624839782715,128.54629516601562,0.03273654729127884,1.0721195936203003,-,-,-,-,-
25,18944,3.478740692138672,2.1640660762786865,105.97587585449219,0.03240459784865379,2.225109338760376,-,-,-,-,-
25,19072,3.3328511714935303,2.164931535720825,105.68994140625,0.03346681967377663,0.7755352854728699,-,-,-,-,-
25,19200,3.5331265926361084,2.2432944774627686,109.99462890625,0.03358076140284538,1.563050389289856,4.548777103424072,2.947665214538574,144.9687957763672,0.03899282217025757,1.1243126392364502
25,19328,7.276799201965332,4.753636360168457,235.77859497070312,0.037498585879802704,1.278781533241272,-,-,-,-,-
25,19456,3.4511611461639404,2.186541795730591,106.86351776123047,0.034589946269989014,1.613940715789795,-,-,-,-,-
25,19584,4.614912509918213,2.9905319213867188,146.82269287109375,0.03767253831028938,1.1848119497299194,-,-,-,-,-
25,19712,3.489885091781616,2.1879169940948486,107.0145263671875,0.034426044672727585,1.9739664793014526,-,-,-,-,-
25,19840,3.171643018722534,2.026188611984253,99.07777404785156,0.03227883204817772,1.2239793539047241,3.0232362747192383,1.9448789358139038,94.98719787597656,0.034953199326992035,0.9353225827217102
25,19968,4.7991509437561035,3.0546255111694336,150.32315063476562,0.03575584664940834,2.0553839206695557,-,-,-,-,-
25,20096,4.19389009475708,2.6695570945739746,131.32086181640625,0.037672702223062515,1.7345198392868042,-,-,-,-,-
25,20224,6.714195728302002,4.380557537078857,217.39111328125,0.03471486642956734,1.2501251697540283,-,-,-,-,-
25,20352,3.9187114238739014,2.3741915225982666,116.20921325683594,0.0351567268371582,3.4727115631103516,-,-,-,-,-
25,20480,3.6517536640167236,2.3847129344940186,116.51103210449219,0.03590443730354309,0.6602587103843689,2.840601921081543,1.765024185180664,85.74826049804688,0.03183303773403168,1.8626211881637573
25,20608,3.4562454223632812,2.1754112243652344,106.47864532470703,0.03329555690288544,1.8275208473205566,-,-,-,-,-
25,20736,3.691344976425171,2.393996000289917,117.39562225341797,0.03437504917383194,0.8901797533035278,-,-,-,-,-
25,20864,3.8413805961608887,2.419332504272461,118.65583038330078,0.03521725907921791,2.002725601196289,-,-,-,-,-
25,20992,3.8097927570343018,2.4728236198425293,121.30680847167969,0.03635822981595993,0.8754296898841858,-,-,-,-,-
25,21120,3.8177847862243652,2.399428367614746,117.5450668334961,0.03699318319559097,2.0591237545013428,4.256992340087891,2.7666311264038086,135.91598510742188,0.03731006011366844,0.9389123916625977
25,21248,3.533860206604004,2.305203676223755,113.07291412353516,0.03375342860817909,0.6417414546012878,-,-,-,-,-
25,21376,2.943218231201172,1.8692032098770142,91.03160858154297,0.03343318775296211,1.302658200263977,-,-,-,-,-
25,21504,3.3088347911834717,2.118220806121826,103.4778823852539,0.0357072539627552,1.2012784481048584,-,-,-,-,-
25,21632,3.7188527584075928,2.3856279850006104,116.60185241699219,0.035026323050260544,1.321799874305725,-,-,-,-,-
25,21760,2.858503818511963,1.87080717086792,91.18115997314453,0.03350096568465233,0.42384251952171326,7.536637306213379,4.93256139755249,244.91969299316406,0.037290431559085846,1.175887107849121
25,21888,2.291442394256592,1.4904780387878418,72.45079040527344,0.030642159283161163,0.45814248919487,-,-,-,-,-
25,22016,3.2042670249938965,2.0783510208129883,101.74158477783203,0.034645065665245056,0.7385481595993042,-,-,-,-,-
25,22144,2.933809518814087,1.9053192138671875,92.96247100830078,0.03374291583895683,0.651228666305542,-,-,-,-,-
25,22272,3.7688074111938477,2.444864511489868,119.79228973388672,0.037556055933237076,0.8846374154090881,-,-,-,-,-
25,22400,2.042917251586914,1.3323506116867065,64.32801818847656,0.029582198709249496,0.37704160809516907,3.716365098953247,2.379844903945923,116.62554168701172,0.032072726637125015,1.3819223642349243
25,22528,4.111871719360352,2.6563706398010254,130.5388946533203,0.030621379613876343,1.1949104070663452,-,-,-,-,-
25,22656,3.020658254623413,1.9697147607803345,96.02157592773438,0.03349555656313896,0.5723216533660889,-,-,-,-,-
25,22784,3.806480884552002,2.4499258995056152,120.12704467773438,0.03560497239232063,1.1967945098876953,-,-,-,-,-
25,22912,6.8879828453063965,4.510052680969238,223.8881072998047,0.03584972023963928,1.0319963693618774,-,-,-,-,-
25,23040,2.4454586505889893,1.5862759351730347,76.88131713867188,0.03443968668580055,0.5592954754829407,3.8572638034820557,2.503077983856201,122.78958129882812,0.03535129874944687,0.90938800573349
25,23168,3.90014386177063,2.5505502223968506,125.01273345947266,0.03818656504154205,0.6127973794937134,-,-,-,-,-
25,23296,2.5399887561798096,1.6520634889602661,80.38311004638672,0.032181717455387115,0.5191248059272766,-,-,-,-,-
25,23424,3.121551752090454,2.0359227657318115,99.42804718017578,0.03204038366675377,0.5930797457695007,-,-,-,-,-
25,23552,2.4144175052642822,1.5824693441390991,76.79938507080078,0.030398640781641006,0.33555811643600464,-,-,-,-,-
25,23680,3.18666934967041,2.0783212184906006,101.3979263305664,0.034527529031038284,0.5984142422676086,4.491482734680176,2.9389984607696533,144.56259155273438,0.03560515493154526,0.7125336527824402
25,23808,2.4388012886047363,1.592581033706665,77.23410034179688,0.03229105845093727,0.41588112711906433,-,-,-,-,-
25,23936,2.541238784790039,1.6628392934799194,80.68595886230469,0.03216207027435303,0.39377695322036743,-,-,-,-,-
25,24064,4.441494464874268,2.9153974056243896,143.37294006347656,0.03664715960621834,0.5572043061256409,-,-,-,-,-
25,24192,3.9731392860412598,2.5888099670410156,126.77898406982422,0.03826090693473816,0.7827843427658081,-,-,-,-,-
25,24320,3.2064552307128906,2.0998241901397705,102.91941833496094,0.035094548016786575,0.4234253168106079,4.271068572998047,2.810694932937622,138.01055908203125,0.03722085803747177,0.430468887090683
25,24448,2.9554312229156494,1.9269540309906006,93.97843933105469,0.03272309899330139,0.5596966743469238,-,-,-,-,-
25,24576,4.622281074523926,3.0378801822662354,149.42721557617188,0.03879456967115402,0.5133414268493652,-,-,-,-,-
25,24704,2.5805253982543945,1.6812652349472046,81.5641860961914,0.03377912938594818,0.4983923137187958,-,-,-,-,-
25,24832,3.0739285945892334,2.0183489322662354,98.55668640136719,0.033515531569719315,0.3649728298187256,-,-,-,-,-
25,24960,2.865354061126709,1.8757026195526123,91.5245132446289,0.032432034611701965,0.41974425315856934,6.97785758972168,4.624782562255859,229.9093475341797,0.03413622826337814,0.19845452904701233
25,25088,3.241426706314087,2.123267412185669,103.76393127441406,0.03561572730541229,0.44904229044914246,-,-,-,-,-
25,25216,3.8392579555511475,2.503199577331543,122.99187469482422,0.03674735501408577,0.6939210891723633,-,-,-,-,-
25,25344,2.8801381587982178,1.892254114151001,92.38175964355469,0.033576980233192444,0.3048948645591736,-,-,-,-,-
25,25472,2.9154012203216553,1.8847790956497192,91.96001434326172,0.032988257706165314,0.7803364396095276,-,-,-,-,-
25,25600,3.252516031265259,2.114438772201538,103.32270812988281,0.03175925090909004,0.7309088706970215,3.5704662799835205,2.3316352367401123,114.19828796386719,0.03340844064950943,0.6343995928764343
25,25728,3.3616175651550293,2.1987764835357666,107.99726867675781,0.032085832208395004,0.5078262686729431,-,-,-,-,-
25,25856,2.674746036529541,1.7326194047927856,84.1485595703125,0.03619043529033661,0.6445050835609436,-,-,-,-,-
25,25984,4.881984233856201,3.211963415145874,158.4425048828125,0.03687412664294243,0.48721548914909363,-,-,-,-,-
25,26112,2.766860008239746,1.8146963119506836,88.34056854248047,0.03376725688576698,0.3499087691307068,-,-,-,-,-
25,26130,2.845829963684082,1.8632131814956665,91.40653228759766,0.027596212923526764,0.4095521569252014,3.342984437942505,2.185126543045044,106.91930389404297,0.03476203233003616,0.5390271544456482
26,128,2.886012077331543,1.8954821825027466,92.217041015625,0.033135950565338135,0.3522343635559082,-,-,-,-,-
26,256,3.033090829849243,1.9791604280471802,96.43568420410156,0.032360728830099106,0.57212895154953,-,-,-,-,-
26,384,3.8619284629821777,2.5427539348602295,124.7249984741211,0.034260209649801254,0.37664416432380676,-,-,-,-,-
26,512,2.757418632507324,1.7936322689056396,87.15145874023438,0.03569307178258896,0.5657874345779419,-,-,-,-,-
26,640,3.139451026916504,2.0538039207458496,100.4794692993164,0.03315036743879318,0.4770207405090332,2.5899860858917236,1.701589584350586,82.47970581054688,0.03317171707749367,0.3042769432067871
26,768,2.947697162628174,1.9232701063156128,93.66499328613281,0.034630585461854935,0.5314651727676392,-,-,-,-,-
26,896,2.6950631141662598,1.767135739326477,85.8467788696289,0.03341611847281456,0.3604353070259094,-,-,-,-,-
26,1024,2.88227915763855,1.887953281402588,92.10435485839844,0.03655640408396721,0.36726072430610657,-,-,-,-,-
26,1152,2.93241548538208,1.9197945594787598,93.84373474121094,0.03406247869133949,0.401211678981781,-,-,-,-,-
26,1280,4.010697841644287,2.631641387939453,129.2718048095703,0.03648396581411362,0.49854519963264465,3.4287097454071045,2.254865884780884,110.33740997314453,0.03538474068045616,0.3508506715297699
26,1408,4.15431547164917,2.7154171466827393,133.378662109375,0.03658834099769592,0.6852328181266785,-,-,-,-,-
26,1536,2.517214775085449,1.6551389694213867,80.46843719482422,0.02970295399427414,0.27688542008399963,-,-,-,-,-
26,1664,2.845194101333618,1.8660401105880737,90.6490249633789,0.033356327563524246,0.39307332038879395,-,-,-,-,-
26,1792,2.448948621749878,1.6007219552993774,77.78914642333984,0.03408517315983772,0.3624977171421051,-,-,-,-,-
26,1920,3.2178761959075928,2.105435371398926,103.04010772705078,0.03349525108933449,0.4854450523853302,3.503211259841919,2.295858383178711,112.51773071289062,0.03266008198261261,0.4951547682285309
26,2048,3.6178975105285645,2.3702032566070557,115.88675689697266,0.036464624106884,0.52362060546875,-,-,-,-,-
26,2176,3.9637956619262695,2.609776496887207,128.1066131591797,0.03429847210645676,0.3865477442741394,-,-,-,-,-
26,2304,3.7284793853759766,2.4441003799438477,120.0660629272461,0.034283895045518875,0.49434319138526917,-,-,-,-,-
26,2432,3.6707499027252197,2.4110546112060547,118.12474822998047,0.033699315041303635,0.44748446345329285,-,-,-,-,-
26,2560,6.95983362197876,4.604698181152344,228.4557647705078,0.032971058040857315,0.37607327103614807,3.7141730785369873,2.4457457065582275,119.79278564453125,0.033950529992580414,0.3654903173446655
26,2688,2.71042799949646,1.7758086919784546,86.2313461303711,0.0351724848151207,0.3713342547416687,-,-,-,-,-
26,2816,2.9275670051574707,1.905121088027954,92.79029083251953,0.03416486084461212,0.6037815809249878,-,-,-,-,-
26,2944,4.844532012939453,3.1528587341308594,155.50758361816406,0.037425655871629715,0.9917231798171997,-,-,-,-,-
26,3072,2.691425323486328,1.7585290670394897,85.65719604492188,0.03113696537911892,0.4518750011920929,-,-,-,-,-
26,3200,2.9307448863983154,1.920666217803955,93.54098510742188,0.03444256633520126,0.4022614657878876,3.043032169342041,1.979385495185852,96.61175537109375,0.031184349209070206,0.6634461879730225
26,3328,3.1463239192962646,2.044159412384033,99.64859008789062,0.034572895616292953,0.711056113243103,-,-,-,-,-
26,3456,2.688310384750366,1.761388897895813,85.5351791381836,0.030169812962412834,0.41399887204170227,-,-,-,-,-
26,3584,3.462109088897705,2.2622363567352295,110.68439483642578,0.034160077571868896,0.5886868238449097,-,-,-,-,-
26,3712,3.0349316596984863,1.9724323749542236,96.06584167480469,0.03735075518488884,0.6449034810066223,-,-,-,-,-
26,3840,3.1976799964904785,2.083735227584839,101.81800842285156,0.03723233938217163,0.5853226780891418,3.019235372543335,1.980432152748108,96.85469055175781,0.03262985125184059,0.3762642443180084
26,3968,3.3608531951904297,2.2056427001953125,108.10993194580078,0.035419564694166183,0.38691800832748413,-,-,-,-,-
26,4096,3.1742758750915527,2.0772452354431152,101.46756744384766,0.03285122290253639,0.49503904581069946,-,-,-,-,-
26,4224,3.5408146381378174,2.3285765647888184,114.37529754638672,0.03046187199652195,0.3802328407764435,-,-,-,-,-
26,4352,3.6410865783691406,2.3719980716705322,116.34041595458984,0.03686496242880821,0.6881934404373169,-,-,-,-,-
26,4480,3.0607869625091553,2.005641460418701,98.14270782470703,0.034296754747629166,0.3942154347896576,2.5388541221618652,1.6627331972122192,80.95264434814453,0.030958861112594604,0.3563573956489563
26,4608,2.9453723430633545,1.9210834503173828,93.76000213623047,0.03546144813299179,0.5122738480567932,-,-,-,-,-
26,4736,2.8233790397644043,1.857099175453186,90.4144515991211,0.03272366523742676,0.2941165864467621,-,-,-,-,-
26,4864,3.5419180393218994,2.309143304824829,112.98342895507812,0.03648369386792183,0.6645664572715759,-,-,-,-,-
26,4992,3.057908535003662,1.996368646621704,97.28641510009766,0.03403761610388756,0.5463811755180359,-,-,-,-,-
26,5120,3.6680259704589844,2.3895668983459473,116.8375473022461,0.03432966023683548,0.7575392723083496,3.001741409301758,1.9706419706344604,96.13556671142578,0.033388808369636536,0.36354926228523254
26,5248,2.847358226776123,1.8581892251968384,90.42876434326172,0.03454731032252312,0.5033407807350159,-,-,-,-,-
26,5376,3.6481151580810547,2.398768901824951,117.78053283691406,0.03140631690621376,0.40134337544441223,-,-,-,-,-
26,5504,3.048920154571533,1.9979302883148193,97.51512908935547,0.03303111717104912,0.428072988986969,-,-,-,-,-
26,5632,2.712674617767334,1.7770156860351562,86.3206558227539,0.03213229775428772,0.4031986892223358,-,-,-,-,-
26,5760,3.102534532546997,2.0287177562713623,98.96881866455078,0.03406384587287903,0.5006489753723145,3.5406389236450195,2.3254036903381348,113.86087799072266,0.03152463212609291,0.4510166347026825
26,5888,6.2248921394348145,4.117199420928955,204.14256286621094,0.03148530051112175,0.34782373905181885,-,-,-,-,-
26,6016,4.516966819763184,2.9295647144317627,144.1133270263672,0.03576916828751564,1.1050009727478027,-,-,-,-,-
26,6144,3.4448721408843994,2.196519613265991,107.32548522949219,0.03665652126073837,1.384409785270691,-,-,-,-,-
26,6272,2.44645094871521,1.5989892482757568,77.71339416503906,0.033316053450107574,0.3701173663139343,-,-,-,-,-
26,6400,3.517953634262085,2.2572855949401855,110.77562713623047,0.03419432044029236,1.1871774196624756,2.8336403369903564,1.8544683456420898,90.28916931152344,0.035088248550891876,0.41192111372947693
26,6528,3.189373016357422,2.086505889892578,102.03170013427734,0.03348109871149063,0.4906888008117676,-,-,-,-,-
26,6656,5.2335405349731445,3.4239628314971924,168.84303283691406,0.03503229841589928,0.8611511588096619,-,-,-,-,-
26,6784,2.986574411392212,1.9673786163330078,95.92996978759766,0.031952351331710815,0.2794373333454132,-,-,-,-,-
26,6912,3.142796516418457,2.0394575595855713,99.36481475830078,0.03315197676420212,0.7653902769088745,-,-,-,-,-
26,7040,3.582589626312256,2.3570213317871094,115.35285949707031,0.034671951085329056,0.37367478013038635,2.862854242324829,1.8475579023361206,89.91511535644531,0.03721228614449501,0.7893282175064087
26,7168,3.448434352874756,2.2330269813537598,109.23870086669922,0.035783153027296066,0.8723725080490112,-,-,-,-,-
26,7296,3.1965465545654297,2.0921413898468018,102.40606689453125,0.03263936564326286,0.4770548939704895,-,-,-,-,-
26,7424,3.6956143379211426,2.36704683303833,115.71797180175781,0.03842083364725113,1.3296687602996826,-,-,-,-,-
26,7552,4.038398265838623,2.577470302581787,126.75653839111328,0.03463226556777954,1.5873034000396729,-,-,-,-,-
26,7680,3.119906187057495,2.0562875270843506,100.63644409179688,0.031784605234861374,0.25469571352005005,3.177586317062378,2.0358011722564697,99.4601821899414,0.034813959151506424,1.123695969581604
26,7808,3.489124298095703,2.2458934783935547,109.80335998535156,0.03718551993370056,1.0801186561584473,-,-,-,-,-
26,7936,3.6942436695098877,2.3993031978607178,117.81807708740234,0.035199202597141266,0.8156050443649292,-,-,-,-,-
26,8064,3.1352121829986572,2.044055700302124,99.50041961669922,0.03438044339418411,0.6177194118499756,-,-,-,-,-
26,8192,3.2711379528045654,2.1360840797424316,104.18103790283203,0.03279796242713928,0.604453444480896,-,-,-,-,-
26,8320,4.2116193771362305,2.7271804809570312,133.57484436035156,0.03347107395529747,1.1521893739700317,3.1744065284729004,2.0265729427337646,98.75152587890625,0.03417958319187164,1.2613877058029175
26,8448,3.5006372928619385,2.272115707397461,111.01435089111328,0.03484246879816055,0.8353549838066101,-,-,-,-,-
26,8576,3.4470200538635254,2.22900652885437,109.0057144165039,0.035616081207990646,0.9234018325805664,-,-,-,-,-
26,8704,2.8304436206817627,1.8155361413955688,88.65824890136719,0.03457612916827202,0.9374881386756897,-,-,-,-,-
26,8832,2.2776355743408203,1.476058006286621,71.7324447631836,0.03364454209804535,0.5060853958129883,-,-,-,-,-
26,8960,4.062748432159424,2.6282947063446045,129.34124755859375,0.03519473969936371,1.058464765548706,3.943114757537842,2.562648057937622,125.642333984375,0.034943144768476486,0.8910034894943237
26,9088,3.0806806087493896,1.9878880977630615,96.80487060546875,0.0336463563144207,0.9109745025634766,-,-,-,-,-
26,9216,6.81621789932251,4.4594011306762695,221.37254333496094,0.033945973962545395,1.091454267501831,-,-,-,-,-
26,9344,2.4977200031280518,1.6304528713226318,79.23438262939453,0.029017483815550804,0.45905882120132446,-,-,-,-,-
26,9472,3.197436571121216,2.0663087368011475,100.7508316040039,0.03283607214689255,0.9078354835510254,-,-,-,-,-
26,9600,3.149178981781006,2.056572437286377,100.36564636230469,0.031490299850702286,0.5745977759361267,3.077841281890869,1.9913033246994019,96.79180908203125,0.0346946120262146,0.8392535448074341
26,9728,3.076930522918701,1.9941009283065796,97.23407745361328,0.03570646792650223,0.7478232383728027,-,-,-,-,-
26,9856,2.715773344039917,1.7666128873825073,85.9635009765625,0.03382013738155365,0.5570530295372009,-,-,-,-,-
26,9984,3.9138901233673096,2.540431499481201,124.47805786132812,0.03357413038611412,0.9510402679443359,-,-,-,-,-
26,10112,4.958713531494141,3.209456443786621,157.91741943359375,0.042990490794181824,1.2709242105484009,-,-,-,-,-
26,10240,2.912156105041504,1.824337363243103,88.94674682617188,0.03203900530934334,1.6631247997283936,3.7958645820617676,2.4740068912506104,121.48882293701172,0.03182051330804825,0.7514881491661072
26,10368,3.1085593700408936,2.041356325149536,99.98210906982422,0.030137602239847183,0.37244507670402527,-,-,-,-,-
26,10496,3.0342636108398438,1.9297125339508057,94.20677947998047,0.03130238503217697,1.3118079900741577,-,-,-,-,-
26,10624,2.1851966381073,1.4316328763961792,69.47017669677734,0.03132409229874611,0.27537891268730164,-,-,-,-,-
26,10752,2.5908257961273193,1.635365605354309,79.35330200195312,0.032591864466667175,1.2933546304702759,-,-,-,-,-
26,10880,7.8147759437561035,5.029608249664307,249.32728576660156,0.04278858006000519,2.491065502166748,6.950909614562988,4.286978721618652,212.4794921875,0.04066655784845352,4.98469352722168
26,11008,4.437289714813232,2.6643593311309814,130.83082580566406,0.03719482570886612,4.27427339553833,-,-,-,-,-
26,11136,2.9545950889587402,1.9172513484954834,93.52344512939453,0.03461911901831627,0.6749040484428406,-,-,-,-,-
26,11264,3.4876060485839844,2.05851149559021,100.49610137939453,0.03560278192162514,3.885308027267456,-,-,-,-,-
26,11392,3.0612173080444336,1.980068325996399,96.99317169189453,0.030237363651394844,0.8097972273826599,-,-,-,-,-
26,11520,5.285424709320068,3.171076774597168,156.0263214111328,0.037352293729782104,5.167327404022217,3.7154033184051514,2.1583454608917236,105.63798522949219,0.03202279284596443,4.686553955078125
26,11648,3.4912703037261963,1.9538060426712036,95.20970153808594,0.03345135599374771,5.519159317016602,-,-,-,-,-
26,11776,3.9275503158569336,2.4711508750915527,121.46250915527344,0.03245649114251137,2.0931782722473145,-,-,-,-,-
26,11904,4.542724609375,2.781890630722046,136.7234344482422,0.037109192460775375,3.564901351928711,-,-,-,-,-
26,12032,3.89662504196167,2.5110418796539307,123.20157623291016,0.03306209295988083,1.205054521560669,-,-,-,-,-
26,12160,3.4887077808380127,2.1602892875671387,105.60890197753906,0.03611272573471069,2.362168788909912,3.7128777503967285,2.354266405105591,115.48444366455078,0.0362512432038784,1.675154209136963
26,12288,3.2627782821655273,2.0678822994232178,100.9048843383789,0.03474031388759613,1.511070728302002,-,-,-,-,-
26,12416,4.485873699188232,2.715675115585327,133.10243225097656,0.03819308057427406,4.009810924530029,-,-,-,-,-
26,12544,3.533752918243408,2.2119174003601074,108.30320739746094,0.03647615760564804,2.0232725143432617,-,-,-,-,-
26,12672,3.8333654403686523,2.3739230632781982,116.38601684570312,0.03645927086472511,2.591230869293213,-,-,-,-,-
26,12800,4.025416851043701,2.477735996246338,121.75928497314453,0.031432006508111954,2.986562490463257,5.264301776885986,3.287121057510376,161.65350341796875,0.03844785317778587,3.2219812870025635
26,12928,3.2810258865356445,2.109466552734375,102.78955841064453,0.0370941162109375,1.065698504447937,-,-,-,-,-
26,13056,2.8576302528381348,1.8442403078079224,89.69005584716797,0.03404826298356056,0.8244098424911499,-,-,-,-,-
26,13184,3.5520386695861816,2.284428119659424,111.78092193603516,0.03482483699917793,1.1497641801834106,-,-,-,-,-
26,13312,3.4393153190612793,2.2020835876464844,107.47918701171875,0.03663850948214531,1.2580124139785767,-,-,-,-,-
26,13440,3.397279739379883,2.1947906017303467,107.4245834350586,0.032690584659576416,0.9555294513702393,7.030156135559082,4.502135276794434,223.17088317871094,0.040425922721624374,2.558863878250122
26,13568,3.151564121246338,2.0391340255737305,99.81261444091797,0.031039999797940254,0.8326405882835388,-,-,-,-,-
26,13696,7.183081150054932,4.647397041320801,230.6676788330078,0.03779876232147217,1.9120848178863525,-,-,-,-,-
26,13824,7.98082971572876,5.160614013671875,256.4619445800781,0.03825189545750618,2.173445463180542,-,-,-,-,-
26,13952,3.109437942504883,2.0085878372192383,97.77666473388672,0.03645947575569153,0.8662416934967041,-,-,-,-,-
26,14080,3.6471550464630127,2.311391592025757,113.1401138305664,0.0344417542219162,1.699207067489624,3.4553112983703613,2.237305164337158,109.40520477294922,0.035002343356609344,0.889519214630127
26,14208,8.16011905670166,5.332980632781982,264.73443603515625,0.04076557606458664,1.3902826309204102,-,-,-,-,-
26,14336,3.0629680156707764,1.9576542377471924,95.12620544433594,0.034294433891773224,1.1975730657577515,-,-,-,-,-
26,14464,3.0550427436828613,2.0009372234344482,97.4075927734375,0.03190534561872482,0.4812399446964264,-,-,-,-,-
26,14592,4.488847732543945,2.84185528755188,139.71311950683594,0.03790644183754921,2.1195478439331055,-,-,-,-,-
26,14720,2.7889797687530518,1.76221764087677,85.71288299560547,0.03326714411377907,1.3636609315872192,3.296112298965454,2.156344175338745,105.781005859375,0.03237418085336685,0.4958394765853882
26,14848,3.3882133960723877,2.2002782821655273,107.61968994140625,0.03379106894135475,0.7794715762138367,-,-,-,-,-
26,14976,3.221999168395996,2.0609960556030273,100.55986022949219,0.03688005730509758,1.1852446794509888,-,-,-,-,-
26,15104,4.8738813400268555,3.160659074783325,155.7683563232422,0.03808740898966789,1.1745117902755737,-,-,-,-,-
26,15232,2.971194267272949,1.918105125427246,93.79752349853516,0.03150959685444832,0.8360440135002136,-,-,-,-,-
26,15360,3.6775894165039062,2.359443426132202,115.69584655761719,0.034547362476587296,1.2664035558700562,3.224992036819458,2.074977159500122,101.16258239746094,0.03422575071454048,1.0416333675384521
26,15488,2.312873363494873,1.5003751516342163,72.98912048339844,0.026370756328105927,0.5623621344566345,-,-,-,-,-
26,15616,4.0747199058532715,2.4643235206604004,120.87925720214844,0.03375731781125069,3.678464412689209,-,-,-,-,-
26,15744,3.7318828105926514,2.3460144996643066,114.94824981689453,0.03244573995471001,2.0394012928009033,-,-,-,-,-
26,15872,4.166777610778809,2.512335777282715,123.2596664428711,0.034583356231451035,3.87261962890625,-,-,-,-,-
26,16000,4.226686477661133,2.5778369903564453,126.69983673095703,0.03379511460661888,3.4805588722229004,3.115135669708252,1.9597965478897095,95.85031127929688,0.028985148295760155,1.6785078048706055
26,16128,3.478848457336426,2.2170732021331787,108.62076568603516,0.030216515064239502,1.4535109996795654,-,-,-,-,-
26,16256,4.038886547088623,2.614802837371826,128.4280548095703,0.03427514061331749,1.0552796125411987,-,-,-,-,-
26,16384,3.2374353408813477,2.0379486083984375,99.6565933227539,0.03377009555697441,1.6915092468261719,-,-,-,-,-
26,16512,3.1352334022521973,2.02043080329895,98.61898040771484,0.0339435338973999,0.9466936588287354,-,-,-,-,-
26,16640,3.6471853256225586,2.2827839851379395,111.80464935302734,0.03793179243803024,2.0842316150665283,4.081416606903076,2.5776209831237793,126.16179656982422,0.03832405433058739,2.0385358333587646
26,16768,3.0839107036590576,1.9596854448318481,95.5431900024414,0.03237983584403992,1.3641349077224731,-,-,-,-,-
26,16896,4.626308441162109,2.912801504135132,143.18093872070312,0.035455942153930664,2.4624147415161133,-,-,-,-,-
26,17024,4.597434997558594,2.7231338024139404,133.6089630126953,0.03619499132037163,5.020172119140625,-,-,-,-,-
26,17152,4.968741416931152,3.2348906993865967,159.55221557617188,0.03408557176589966,1.0424296855926514,-,-,-,-,-
26,17280,2.621490001678467,1.570345401763916,76.2743148803711,0.033016666769981384,2.5538482666015625,3.1168372631073,2.023857355117798,98.97940063476562,0.03327535465359688,0.6991052627563477
26,17408,7.397839069366455,4.859585285186768,241.4445343017578,0.03548552840948105,0.8832266330718994,-,-,-,-,-
26,17536,3.2537240982055664,2.0225882530212402,99.31755828857422,0.03297901898622513,2.049813985824585,-,-,-,-,-
26,17664,2.3073337078094482,1.4871983528137207,72.01581573486328,0.03176695480942726,0.6821036338806152,-,-,-,-,-
26,17792,3.697589874267578,2.266902208328247,110.96875762939453,0.03589380159974098,2.851060628890991,-,-,-,-,-
26,17920,4.076172351837158,2.5679163932800293,125.94587707519531,0.037408940494060516,2.1138851642608643,2.890570878982544,1.86842679977417,91.11671447753906,0.033142589032649994,0.7783443927764893
26,18048,7.538928508758545,4.963700771331787,246.23611450195312,0.03604276105761528,0.768240749835968,-,-,-,-,-
26,18176,3.698514223098755,2.36426043510437,115.92835998535156,0.03762447461485863,1.3734607696533203,-,-,-,-,-
26,18304,3.7906675338745117,2.477466106414795,121.43985748291016,0.036801621317863464,0.6200150847434998,-,-,-,-,-
26,18432,3.5464107990264893,2.2488508224487305,109.94774627685547,0.034176744520664215,1.6390583515167236,-,-,-,-,-
26,18560,3.392575740814209,2.213348627090454,108.39131927490234,0.03631173446774483,0.5900242924690247,3.8461978435516357,2.421103000640869,118.82488250732422,0.03392215073108673,2.0292398929595947
26,18688,2.0075268745422363,1.2713611125946045,61.40920639038086,0.02963743731379509,0.9243631362915039,-,-,-,-,-
26,18816,3.1834139823913574,2.0829360485076904,101.84585571289062,0.03142674267292023,0.5059263110160828,-,-,-,-,-
26,18944,2.8036439418792725,1.8053977489471436,87.89752960205078,0.03287627920508385,0.8639475107192993,-,-,-,-,-
26,19072,3.1097540855407715,2.026411533355713,98.61620330810547,0.034274473786354065,0.629061222076416,-,-,-,-,-
26,19200,3.61429762840271,2.3320348262786865,113.94025421142578,0.036490298807621,1.0636991262435913,2.81862735748291,1.8472449779510498,90.30561065673828,0.0332496240735054,0.3507656455039978
26,19328,3.9574995040893555,2.5958092212677,127.4056167602539,0.03540393337607384,0.5223008990287781,-,-,-,-,-
26,19456,2.6376678943634033,1.716301441192627,83.57606506347656,0.030580079182982445,0.5502578020095825,-,-,-,-,-
26,19584,2.586916923522949,1.6804198026657104,81.8625717163086,0.03159293159842491,0.562786340713501,-,-,-,-,-
26,19712,2.9238123893737793,1.8783414363861084,91.62310028076172,0.03442712500691414,0.9481286406517029,-,-,-,-,-
26,19840,4.642082691192627,3.0114448070526123,148.1912078857422,0.039904575794935226,1.0882132053375244,7.228952407836914,4.717217922210693,234.0406036376953,0.03830824792385101,1.330206274986267
26,19968,4.554866790771484,2.919847249984741,143.52865600585938,0.034506894648075104,1.6522611379623413,-,-,-,-,-
26,20096,2.8374862670898438,1.837602138519287,89.80278015136719,0.031630173325538635,0.7022596001625061,-,-,-,-,-
26,20224,3.685656785964966,2.3647077083587646,115.91017150878906,0.03403337299823761,1.2781412601470947,-,-,-,-,-
26,20352,2.8860890865325928,1.8631205558776855,90.8237533569336,0.028315475210547447,0.8641544580459595,-,-,-,-,-
26,20480,2.7074315547943115,1.705039143562317,83.02909851074219,0.03144490718841553,1.4065678119659424,6.065280437469482,3.9859955310821533,197.76271057128906,0.03387078642845154,0.6778693795204163
26,20608,3.0387816429138184,1.9783961772918701,96.6294937133789,0.03414420783519745,0.5994624495506287,-,-,-,-,-
26,20736,4.045438289642334,2.5841898918151855,126.81442260742188,0.03813118487596512,1.5497324466705322,-,-,-,-,-
26,20864,2.751645088195801,1.783748984336853,87.01748657226562,0.02858380787074566,0.691376805305481,-,-,-,-,-
26,20992,3.194969892501831,1.998769998550415,97.8104248046875,0.03504675254225731,1.830486536026001,-,-,-,-,-
26,21120,3.2412497997283936,2.078943967819214,101.73345947265625,0.03151587396860123,1.1345521211624146,5.935944557189941,3.7695820331573486,186.28506469726562,0.035423099994659424,2.68088698387146
26,21248,3.1117846965789795,1.89752197265625,92.44023895263672,0.03316599875688553,2.566946268081665,-,-,-,-,-
26,21376,4.0106658935546875,2.5175416469573975,123.49066162109375,0.03344973921775818,2.247683525085449,-,-,-,-,-
26,21504,3.209226369857788,2.0092480182647705,98.08429718017578,0.032623451203107834,1.865119218826294,-,-,-,-,-
26,21632,3.0221779346466064,1.9456822872161865,94.88693237304688,0.03177700936794281,0.9584944844245911,-,-,-,-,-
26,21760,4.377970218658447,2.835169792175293,139.29666137695312,0.03595105931162834,1.1388267278671265,3.021217107772827,1.9771461486816406,96.3891372680664,0.03619576618075371,0.4398399293422699
26,21888,3.679265022277832,2.4152028560638428,118.46821594238281,0.034289147704839706,0.4509102702140808,-,-,-,-,-
26,22016,3.0703039169311523,2.0001089572906494,97.95137786865234,0.030013205483555794,0.606678307056427,-,-,-,-,-
26,22144,4.256540298461914,2.7549240589141846,135.71560668945312,0.03184865415096283,1.1261160373687744,-,-,-,-,-
26,22272,3.7494077682495117,2.394923210144043,117.43319702148438,0.03792617470026016,1.4222633838653564,-,-,-,-,-
26,22400,2.544450521469116,1.649938941001892,80.32232666015625,0.028632918372750282,0.6265552043914795,4.424233436584473,2.895871877670288,142.4604034423828,0.03362470492720604,0.7013259530067444
26,22528,3.1604299545288086,2.0595974922180176,100.7270736694336,0.03480638936161995,0.5875516533851624,-,-,-,-,-
26,22656,4.1894378662109375,2.687987804412842,131.8807830810547,0.037087712436914444,1.4555398225784302,-,-,-,-,-
26,22784,3.368204116821289,2.180650234222412,106.507080078125,0.03404226526618004,0.8844086527824402,-,-,-,-,-
26,22912,3.3819029331207275,2.174046039581299,106.22347259521484,0.0376848466694355,1.0793700218200684,-,-,-,-,-
26,23040,3.1527438163757324,2.0025036334991455,97.86032104492188,0.03458702936768532,1.370498538017273,3.63693904876709,2.3527910709381104,115.29190826416016,0.03565499186515808,0.9557392001152039
26,23168,3.909514904022217,2.5306153297424316,124.26703643798828,0.03934948518872261,0.9687960743904114,-,-,-,-,-
26,23296,2.83090877532959,1.8413007259368896,89.76114654541016,0.03219309076666832,0.5980357527732849,-,-,-,-,-
26,23424,3.080522298812866,1.9828323125839233,96.98963928222656,0.031708117574453354,0.9608563780784607,-,-,-,-,-
26,23552,3.179532766342163,2.0847182273864746,101.84040832519531,0.03273191675543785,0.4367859661579132,-,-,-,-,-
26,23680,6.813695907592773,4.462586402893066,221.298095703125,0.03470708802342415,1.0342141389846802,4.409084796905518,2.884856939315796,141.68551635742188,0.03682303428649902,0.7054972052574158
26,23808,3.422614812850952,2.227299690246582,108.79576110839844,0.03622375801205635,0.7113380432128906,-,-,-,-,-
26,23936,3.3264217376708984,2.1649887561798096,105.78960418701172,0.03377462923526764,0.6976240873336792,-,-,-,-,-
26,24064,2.8525795936584473,1.8701918125152588,91.3499526977539,0.031183859333395958,0.37704211473464966,-,-,-,-,-
26,24192,3.189565658569336,2.0878829956054688,102.13129425048828,0.032226864248514175,0.48142820596694946,-,-,-,-,-
26,24320,2.756352424621582,1.8019291162490845,87.83943176269531,0.03370114415884018,0.4232788681983948,3.0858020782470703,2.01656174659729,98.35160064697266,0.03691156208515167,0.488128662109375
26,24448,3.476579427719116,2.2716779708862305,111.36540222167969,0.03420308232307434,0.5704425573348999,-,-,-,-,-
26,24576,3.372682809829712,2.2036547660827637,107.97930908203125,0.033751726150512695,0.5548344850540161,-,-,-,-,-
26,24704,3.2871320247650146,2.148980140686035,105.0692138671875,0.03343544900417328,0.5402440428733826,-,-,-,-,-
26,24832,2.4313418865203857,1.564229130744934,75.85588073730469,0.029457828029990196,0.7909614443778992,-,-,-,-,-
26,24960,2.7881076335906982,1.8318454027175903,89.17674255371094,0.03341362252831459,0.3108128309249878,3.4468371868133545,2.2342450618743896,109.3535385131836,0.03424198925495148,0.848150908946991
26,25088,3.3714585304260254,2.2042181491851807,107.91215515136719,0.030591728165745735,0.5752723217010498,-,-,-,-,-
26,25216,11.355713844299316,7.514713287353516,374.6047668457031,0.03905069828033447,0.5590105652809143,-,-,-,-,-
26,25344,2.3973162174224854,1.547203779220581,75.09186553955078,0.03382580354809761,0.6536784172058105,-,-,-,-,-
26,25472,2.5135936737060547,1.6325268745422363,79.36309051513672,0.0316663533449173,0.5576978325843811,-,-,-,-,-
26,25600,4.890328884124756,3.17547607421875,156.4505157470703,0.03826012834906578,1.1208754777908325,2.6831088066101074,1.7528021335601807,85.09679412841797,0.030826425179839134,0.48512381315231323
26,25728,3.196017265319824,2.0655200481414795,100.7957992553711,0.03260068595409393,0.899385392665863,-,-,-,-,-
26,25856,2.7753210067749023,1.8182083368301392,88.35377502441406,0.0326932929456234,0.40881726145744324,-,-,-,-,-
26,25984,3.402602434158325,2.226818323135376,109.19741821289062,0.029135040938854218,0.5467517971992493,-,-,-,-,-
26,26112,3.612072229385376,2.381131649017334,116.70957946777344,0.03267776966094971,0.31167179346084595,-,-,-,-,-
26,26130,2.2618496417999268,1.4651626348495483,70.6536865234375,0.03691786900162697,0.5323229432106018,2.8784070014953613,1.8839064836502075,91.62100982666016,0.03180241584777832,0.46488091349601746
27,128,4.296911239624023,2.773822784423828,136.46238708496094,0.03624771535396576,1.222169280052185,-,-,-,-,-
27,256,7.1711273193359375,4.641974925994873,230.42898559570312,0.036776572465896606,1.880859375,-,-,-,-,-
27,384,3.1323025226593018,2.037766933441162,99.45751953125,0.032895706593990326,0.6706445217132568,-,-,-,-,-
27,512,2.975325107574463,1.926800012588501,93.97681427001953,0.0318668968975544,0.7689014673233032,-,-,-,-,-
27,640,4.180316925048828,2.7451324462890625,135.04092407226562,0.03309251740574837,0.5168238878250122,3.8412232398986816,2.485395908355713,122.0805892944336,0.032625485211610794,1.0239605903625488
27,768,3.022160053253174,1.9395209550857544,94.75298309326172,0.03283512964844704,1.0227420330047607,-,-,-,-,-
27,896,3.98020601272583,2.563049554824829,126.02178192138672,0.03469182550907135,1.222468376159668,-,-,-,-,-
27,1024,3.010939598083496,1.9697189331054688,96.12896728515625,0.03461282327771187,0.4531805217266083,-,-,-,-,-
27,1152,2.8620362281799316,1.8568694591522217,90.52884674072266,0.03660298511385918,0.6327527165412903,-,-,-,-,-
27,1280,3.2914390563964844,2.143521308898926,104.70433044433594,0.035777390003204346,0.6509703993797302,3.4339146614074707,2.2400410175323486,109.8556137084961,0.03288261219859123,0.6243469715118408
27,1408,2.918241500854492,1.8988606929779053,92.40873718261719,0.03323255106806755,0.6206111907958984,-,-,-,-,-
27,1536,3.8909411430358887,2.517672538757324,123.56150817871094,0.029857439920306206,1.0779616832733154,-,-,-,-,-
27,1664,3.6940724849700928,2.396056890487671,117.56511688232422,0.032575685530900955,0.8978869318962097,-,-,-,-,-
27,1792,3.1536386013031006,2.029160976409912,99.17317199707031,0.03420030698180199,0.9854573607444763,-,-,-,-,-
27,1920,2.953188419342041,1.8998640775680542,92.84657287597656,0.03120751678943634,0.9365113377571106,2.9211127758026123,1.8856160640716553,91.63436126708984,0.03552578389644623,0.8362753391265869
27,2048,6.838529109954834,4.478298187255859,222.10647583007812,0.038143184036016464,1.0102301836013794,-,-,-,-,-
27,2176,2.406620740890503,1.533337116241455,74.20472717285156,0.02997240237891674,1.0126410722732544,-,-,-,-,-
27,2304,3.507784843444824,2.2535412311553955,110.07356262207031,0.034803975373506546,1.1870429515838623,-,-,-,-,-
27,2432,2.46614670753479,1.5845340490341187,76.98900604248047,0.031845785677433014,0.798768937587738,-,-,-,-,-
27,2560,4.055429935455322,2.4909307956695557,121.86467742919922,0.03546556085348129,3.103869676589966,2.8967957496643066,1.8027435541152954,87.92401123046875,0.03313956409692764,1.816726565361023
27,2688,4.935288429260254,3.047367811203003,150.0495147705078,0.03726588562130928,3.501596450805664,-,-,-,-,-
27,2816,4.593847751617432,3.0036191940307617,147.84420776367188,0.03405895084142685,0.7772746086120605,-,-,-,-,-
27,2944,3.9817872047424316,2.4578959941864014,120.66744232177734,0.03373349457979202,2.834831476211548,-,-,-,-,-
27,3072,3.519075632095337,2.2957653999328613,112.36046600341797,0.032734181731939316,0.6697137355804443,-,-,-,-,-
27,3200,3.634796619415283,2.2975707054138184,112.44989776611328,0.03512333706021309,1.7760366201400757,2.7814104557037354,1.8012527227401733,88.0357437133789,0.030725659802556038,0.6907457113265991
27,3328,3.373183250427246,2.154827117919922,105.7235336303711,0.0324939489364624,1.2862673997879028,-,-,-,-,-
27,3456,4.611847400665283,2.8866100311279297,142.00836181640625,0.036406464874744415,2.6874732971191406,-,-,-,-,-
27,3584,4.249846458435059,2.7539987564086914,135.3502960205078,0.034338753670454025,1.0800575017929077,-,-,-,-,-
27,3712,4.0885233879089355,2.5830981731414795,127.29669189453125,0.035734642297029495,1.9672372341156006,-,-,-,-,-
27,3840,3.084468364715576,1.9507360458374023,95.02991485595703,0.03484361618757248,1.485893726348877,2.9433512687683105,1.8628631830215454,90.7323989868164,0.0357937291264534,1.3737026453018188
27,3968,2.947120189666748,1.8731225728988647,91.31059265136719,0.0341995544731617,1.266922116279602,-,-,-,-,-
27,4096,3.2017948627471924,2.0302300453186035,99.24505615234375,0.03297466039657593,1.4613964557647705,-,-,-,-,-
27,4224,3.0707294940948486,1.9831182956695557,96.557373046875,0.03401163965463638,0.8802580237388611,-,-,-,-,-
27,4352,2.565037488937378,1.660355567932129,80.752197265625,0.030137136578559875,0.670231282711029,-,-,-,-,-
27,4480,3.577754020690918,2.3173136711120605,113.49085998535156,0.03103926032781601,0.9449233412742615,3.7570559978485107,2.457002878189087,120.30074310302734,0.036669179797172546,0.603763997554779
27,4608,2.519336462020874,1.646236538887024,79.88296508789062,0.030149301514029503,0.4412110149860382,-,-,-,-,-
27,4736,2.6118650436401367,1.670279860496521,81.10031127929688,0.03177568316459656,0.9880639314651489,-,-,-,-,-
27,4864,2.960871934890747,1.9205446243286133,93.48137664794922,0.03516983613371849,0.703437864780426,-,-,-,-,-
27,4992,3.1826331615448,2.025979995727539,98.91345977783203,0.036311518400907516,1.3120695352554321,-,-,-,-,-
27,5120,6.984451770782471,4.54482364654541,225.35995483398438,0.03934343159198761,1.4668554067611694,3.411407709121704,2.1795716285705566,106.49205780029297,0.03540454059839249,1.3151124715805054
27,5248,2.9760355949401855,1.8946654796600342,92.3272476196289,0.035226523876190186,1.2287122011184692,-,-,-,-,-
27,5376,3.1290552616119385,2.0453317165374756,99.88359069824219,0.03316130116581917,0.5172634720802307,-,-,-,-,-
27,5504,3.070251703262329,1.982784628868103,96.77168273925781,0.03401418775320053,0.8573614358901978,-,-,-,-,-
27,5632,3.4916436672210693,2.266850471496582,111.25347137451172,0.03187458589673042,0.803841233253479,-,-,-,-,-
27,5760,3.1675169467926025,2.0420351028442383,99.92485046386719,0.03370256721973419,0.9253062009811401,3.2621588706970215,2.060128927230835,100.49494171142578,0.03756425529718399,1.5951626300811768
27,5888,3.693113088607788,2.372323989868164,116.26274108886719,0.03257516771554947,1.2558666467666626,-,-,-,-,-
27,6016,4.159178733825684,2.7001490592956543,132.5415802001953,0.03416437283158302,0.9944958090782166,-,-,-,-,-
27,6144,4.194952487945557,2.6742498874664307,131.11312866210938,0.03791522607207298,1.7165632247924805,-,-,-,-,-
27,6272,3.831106185913086,2.504405975341797,122.7621078491211,0.03564881905913353,0.6343024969100952,-,-,-,-,-
27,6400,3.8552753925323486,2.457550048828125,120.36358642578125,0.033223699778318405,1.6086608171463013,2.8836989402770996,1.8810911178588867,91.77593994140625,0.030254332348704338,0.5459415912628174
27,6528,3.024902582168579,1.9738022089004517,96.43327331542969,0.033358655869960785,0.5340917110443115,-,-,-,-,-
27,6656,2.905118703842163,1.8461142778396606,89.95486450195312,0.033273156732320786,1.2618248462677002,-,-,-,-,-
27,6784,2.2852494716644287,1.4844300746917725,71.7604751586914,0.029927754774689674,0.5328687429428101,-,-,-,-,-
27,6912,6.136984825134277,3.960167646408081,196.23594665527344,0.037083085626363754,1.7737435102462769,-,-,-,-,-
27,7040,3.9421958923339844,2.489902973175049,122.04814910888672,0.03609846904873848,1.957129955291748,3.8236706256866455,2.475456714630127,121.64512634277344,0.0351586788892746,0.9660413265228271
27,7168,4.1800007820129395,2.7121686935424805,133.1741943359375,0.04018249735236168,0.9590749144554138,-,-,-,-,-
27,7296,3.2941834926605225,2.044473648071289,99.85391235351562,0.03370881453156471,2.1746208667755127,-,-,-,-,-
27,7424,3.8361425399780273,2.486133337020874,122.17375183105469,0.03258917108178139,0.95682293176651,-,-,-,-,-
27,7552,7.927933216094971,5.069904327392578,251.66610717773438,0.03878261521458626,3.0258548259735107,-,-,-,-,-
27,7680,3.771226167678833,2.415135145187378,118.3990249633789,0.03615644574165344,1.3594425916671753,3.0611329078674316,1.9284054040908813,93.92548370361328,0.034511033445596695,1.589614987373352
27,7808,3.6747360229492188,2.340907573699951,114.67414093017578,0.03534521907567978,1.517417550086975,-,-,-,-,-
27,7936,2.9650561809539795,1.8873449563980103,91.94197845458984,0.0336260162293911,1.2466559410095215,-,-,-,-,-
27,8064,3.1755211353302,2.0114376544952393,98.02865600585938,0.033661920577287674,1.5013494491577148,-,-,-,-,-
27,8192,3.6959762573242188,2.35667085647583,115.57533264160156,0.03254897519946098,1.5100337266921997,-,-,-,-,-
27,8320,3.455291986465454,2.197659730911255,107.5614242553711,0.03286148980259895,1.4915647506713867,3.2020344734191895,2.0200700759887695,98.32911682128906,0.040443550795316696,1.5822962522506714
27,8448,4.525099754333496,2.8933470249176025,142.21694946289062,0.037188202142715454,1.7239514589309692,-,-,-,-,-
27,8576,4.427924633026123,2.8553848266601562,140.8162078857422,0.03678680956363678,1.275905728340149,-,-,-,-,-
27,8704,3.291522979736328,2.034295082092285,99.51085662841797,0.03388521447777748,2.2823407649993896,-,-,-,-,-
27,8832,3.0584237575531006,1.9886499643325806,96.91568756103516,0.03030812367796898,0.7030890583992004,-,-,-,-,-
27,8960,4.418010711669922,2.8003711700439453,137.29727172851562,0.0341922864317894,2.1047487258911133,3.9640207290649414,2.5417494773864746,124.68765258789062,0.03264493867754936,1.427497386932373
27,9088,3.541982889175415,2.287064790725708,111.82472229003906,0.033950939774513245,1.0271973609924316,-,-,-,-,-
27,9216,3.171605348587036,2.0066897869110107,97.7874755859375,0.03172243759036064,1.5531821250915527,-,-,-,-,-
27,9344,4.421696186065674,2.768993377685547,136.25318908691406,0.03588419780135155,2.542869806289673,-,-,-,-,-
27,9472,3.6517751216888428,2.3085572719573975,113.11192321777344,0.03673817589879036,1.7536051273345947,-,-,-,-,-
27,9600,2.512911081314087,1.601513147354126,77.8062973022461,0.03462323173880577,0.9871183037757874,3.0492124557495117,1.9141535758972168,93.3054428100586,0.03418212756514549,1.678222417831421
27,9728,3.835838794708252,2.4601268768310547,120.7332763671875,0.033865731209516525,1.3451353311538696,-,-,-,-,-
27,9856,2.9844257831573486,1.8541325330734253,90.39790344238281,0.03431738540530205,1.9199672937393188,-,-,-,-,-
27,9984,3.132845640182495,1.974847674369812,96.41722106933594,0.03553282469511032,1.5829311609268188,-,-,-,-,-
27,10112,3.863687515258789,2.461172342300415,120.53085327148438,0.033289216458797455,1.6391730308532715,-,-,-,-,-
27,10240,3.557917356491089,2.2876384258270264,112.16636657714844,0.031653642654418945,1.169614553451538,3.0054478645324707,1.8832474946975708,91.88720703125,0.03393639624118805,1.6939178705215454
27,10368,3.2306888103485107,2.016777753829956,98.52392578125,0.03303084522485733,1.9564114809036255,-,-,-,-,-
27,10496,3.936129093170166,2.555891275405884,125.7464828491211,0.03458137810230255,0.8819186091423035,-,-,-,-,-
27,10624,3.3144900798797607,2.0542728900909424,100.36409759521484,0.03357700631022453,2.229994297027588,-,-,-,-,-
27,10752,3.606126546859741,2.3275482654571533,114.00660705566406,0.03717109188437462,1.0134121179580688,-,-,-,-,-
27,10880,2.889097213745117,1.78323233127594,86.73054504394531,0.03446047008037567,2.0409903526306152,2.97951340675354,1.9097137451171875,93.02778625488281,0.03359895944595337,1.0592293739318848
27,11008,3.429658889770508,2.1872646808624268,106.84187316894531,0.03593740239739418,1.3803824186325073,-,-,-,-,-
27,11136,6.616400241851807,4.329970359802246,214.53564453125,0.038289621472358704,1.0278418064117432,-,-,-,-,-
27,11264,3.204948902130127,2.0693583488464355,101.40837860107422,0.03465929999947548,0.8684720993041992,-,-,-,-,-
27,11392,4.749151706695557,3.0830795764923096,152.284423828125,0.03343157842755318,1.0979666709899902,-,-,-,-,-
27,11520,3.831012487411499,2.451103448867798,119.80643463134766,0.036194656044244766,1.4565014839172363,3.948622703552246,2.5666937828063965,126.0603256225586,0.03383306786417961,0.874927282333374
27,11648,3.5082364082336426,2.2855112552642822,111.77081298828125,0.032814472913742065,0.7220257520675659,-,-,-,-,-
27,11776,3.6079893112182617,2.34476375579834,114.97911071777344,0.03572726622223854,0.7770705223083496,-,-,-,-,-
27,11904,3.3436660766601562,2.1822030544281006,106.82003784179688,0.03404435142874718,0.5921836495399475,-,-,-,-,-
27,12032,3.2099621295928955,2.0930256843566895,102.34484100341797,0.03471430018544197,0.5877377986907959,-,-,-,-,-
27,12160,3.2484350204467773,2.1122355461120605,103.32902526855469,0.03386396914720535,0.6904497146606445,3.076535940170288,2.012897253036499,98.44090270996094,0.031730204820632935,0.47499462962150574
27,12288,2.0063090324401855,1.3154081106185913,63.62605285644531,0.031542807817459106,0.23097549378871918,-,-,-,-,-
27,12416,3.5950534343719482,2.3222546577453613,113.92169189453125,0.033087510615587234,1.0049442052841187,-,-,-,-,-
27,12544,2.3840973377227783,1.5555473566055298,75.48683166503906,0.031173748895525932,0.4250796139240265,-,-,-,-,-
27,12672,2.9030470848083496,1.890917181968689,92.31685638427734,0.03018644079566002,0.5877503752708435,-,-,-,-,-
27,12800,2.292072296142578,1.5007046461105347,72.68138885498047,0.029039964079856873,0.35513970255851746,3.0653154850006104,2.007741689682007,98.0062255859375,0.02949739433825016,0.48014190793037415
27,12928,3.1395034790039062,1.9827083349227905,96.94622802734375,0.033069122582674026,1.5426379442214966,-,-,-,-,-
27,13056,4.292983055114746,2.711362838745117,133.56069946289062,0.03490623086690903,2.1110689640045166,-,-,-,-,-
27,13184,2.935565948486328,1.8903073072433472,92.30176544189453,0.03161269798874855,0.9062843918800354,-,-,-,-,-
27,13312,3.0739526748657227,1.9330408573150635,94.359130859375,0.03260588273406029,1.647146463394165,-,-,-,-,-
27,13440,2.4340782165527344,1.5704832077026367,76.3381576538086,0.03239736333489418,0.6781622171401978,3.7164645195007324,2.2843263149261475,112.08421325683594,0.03454552963376045,2.7675063610076904
27,13568,3.0400991439819336,1.912811517715454,93.23393249511719,0.03150174021720886,1.6344647407531738,-,-,-,-,-
27,13696,4.1017608642578125,2.6894397735595703,132.19857788085938,0.03063231147825718,0.5970298051834106,-,-,-,-,-
27,13824,7.9015069007873535,5.115548610687256,253.9571533203125,0.03655185177922249,2.098350763320923,-,-,-,-,-
27,13952,2.8947830200195312,1.87653386592865,91.43106079101562,0.032814331352710724,0.7112427949905396,-,-,-,-,-
27,14080,4.549726963043213,2.8256399631500244,138.80177307128906,0.03954204171895981,2.9652748107910156,3.7246179580688477,2.3027563095092773,112.75682830810547,0.03634306788444519,2.5795040130615234
27,14208,4.008623123168945,2.498110294342041,122.43555450439453,0.036751821637153625,2.4940569400787354,-,-,-,-,-
27,14336,3.3185510635375977,2.1283133029937744,104.37108612060547,0.03018329292535782,1.1634349822998047,-,-,-,-,-
27,14464,4.809324264526367,3.0772159099578857,151.46585083007812,0.036659542471170425,1.8079047203063965,-,-,-,-,-
27,14592,6.627547740936279,4.329465389251709,215.117919921875,0.02807120978832245,1.1883225440979004,-,-,-,-,-
27,14720,2.32889461517334,1.4998902082443237,72.7509536743164,0.030109459534287453,0.7138550281524658,4.525312423706055,2.8038108348846436,137.70150756835938,0.03594522550702095,3.0854146480560303
27,14848,3.458130359649658,2.146589517593384,104.99217224121094,0.032806672155857086,2.2881245613098145,-,-,-,-,-
27,14976,3.3073816299438477,2.077382802963257,101.57447814941406,0.03042970411479473,1.8382434844970703,-,-,-,-,-
27,15104,2.8445615768432617,1.7929139137268066,87.33302307128906,0.03141176700592041,1.4690595865249634,-,-,-,-,-
27,15232,2.967602491378784,1.8452409505844116,90.13639068603516,0.033917758613824844,1.8707988262176514,-,-,-,-,-
27,15360,2.8256382942199707,1.8290718793869019,89.27775573730469,0.03145899996161461,0.7232969403266907,2.7280845642089844,1.7188724279403687,83.43640899658203,0.0317251943051815,1.4312297105789185
27,15488,3.410369396209717,2.1099750995635986,103.0903549194336,0.03375524654984474,2.3573553562164307,-,-,-,-,-
27,15616,3.004603624343872,1.8954553604125977,92.57097625732422,0.029092170298099518,1.5434648990631104,-,-,-,-,-
27,15744,3.8856658935546875,2.3959262371063232,117.279052734375,0.03385553136467934,2.8309359550476074,-,-,-,-,-
27,15872,3.9284818172454834,2.298164129257202,112.4722671508789,0.032315004616975784,4.7327985763549805,-,-,-,-,-
27,16000,6.456944942474365,4.244978427886963,210.5354461669922,0.03861827775835991,0.6799408793449402,3.4702324867248535,2.0760695934295654,101.68183898925781,0.035337429493665695,3.4200711250305176
27,16128,3.5657145977020264,2.086839199066162,101.90774536132812,0.03858606144785881,4.212119102478027,-,-,-,-,-
27,16256,5.089016914367676,3.3197968006134033,163.93426513671875,0.03676023706793785,0.9311715960502625,-,-,-,-,-
27,16384,2.8849403858184814,1.7821484804153442,86.70211029052734,0.0315248928964138,2.042459726333618,-,-,-,-,-
27,16512,4.025238513946533,2.58960223197937,127.14940643310547,0.036917150020599365,1.2722489833831787,-,-,-,-,-
27,16640,2.6033992767333984,1.6366955041885376,79.62129211425781,0.03131759911775589,1.3917309045791626,4.2660956382751465,2.6379899978637695,129.41162109375,0.03383797034621239,3.0015172958374023
27,16768,3.0737411975860596,1.8872005939483643,92.18580627441406,0.031075939536094666,2.3360652923583984,-,-,-,-,-
27,16896,2.993417263031006,1.881204605102539,91.74917602539062,0.03097299486398697,1.6374791860580444,-,-,-,-,-
27,17024,3.807546854019165,2.344590902328491,114.68340301513672,0.038332246243953705,2.777895927429199,-,-,-,-,-
27,17152,3.974053144454956,2.4605438709259033,120.74382019042969,0.03623507544398308,2.698359727859497,-,-,-,-,-
27,17280,2.9177842140197754,1.8309719562530518,89.13397216796875,0.02963930554687977,1.6583329439163208,2.595438241958618,1.6509209871292114,80.36844635009766,0.028795816004276276,1.1203699111938477
27,17408,3.8519091606140137,2.4203314781188965,118.49684143066406,0.034247249364852905,2.12362003326416,-,-,-,-,-
27,17536,3.0449395179748535,1.8194032907485962,88.51331329345703,0.03158339485526085,3.0881972312927246,-,-,-,-,-
27,17664,3.3651766777038574,2.165767192840576,105.80970001220703,0.03536036238074303,1.0595217943191528,-,-,-,-,-
27,17792,7.387606143951416,4.7165021896362305,233.7696533203125,0.0355229452252388,2.97884464263916,-,-,-,-,-
27,17920,2.6821229457855225,1.7265249490737915,84.12748718261719,0.02902170829474926,0.8530147075653076,2.7211265563964844,1.6190580129623413,78.8108901977539,0.0317707359790802,2.821889638900757
27,18048,3.503486394882202,2.1405158042907715,104.9490737915039,0.03208371251821518,2.813961982727051,-,-,-,-,-
27,18176,6.146570205688477,4.035134315490723,200.09912109375,0.03341836482286453,0.7702665328979492,-,-,-,-,-
27,18304,3.7004640102386475,2.2572033405303955,110.53689575195312,0.03446260839700699,3.034291982650757,-,-,-,-,-
27,18432,3.3846144676208496,2.1022634506225586,102.8573226928711,0.03530382364988327,2.1847407817840576,-,-,-,-,-
27,18560,3.506302833557129,2.2159438133239746,108.26817321777344,0.03211519494652748,1.7556209564208984,3.566361665725708,2.260789155960083,110.63955688476562,0.0317404679954052,1.6743662357330322
27,18688,4.356701374053955,2.7141685485839844,132.79507446289062,0.0372886024415493,2.772935390472412,-,-,-,-,-
27,18816,2.9592933654785156,1.8623852729797363,90.5779037475586,0.03347942233085632,1.5764979124069214,-,-,-,-,-
27,18944,6.1534624099731445,4.0163702964782715,199.25135803222656,0.03300807625055313,1.1157050132751465,-,-,-,-,-
27,19072,3.3190789222717285,2.120783805847168,103.77216339111328,0.03199204057455063,1.2858151197433472,-,-,-,-,-
27,19200,3.5129215717315674,2.2698075771331787,110.88787078857422,0.031110860407352448,1.031243085861206,4.270196914672852,2.746168375015259,135.0911102294922,0.03583347052335739,1.3728418350219727
27,19328,3.5058236122131348,2.2573201656341553,110.51482391357422,0.033180177211761475,1.1017518043518066,-,-,-,-,-
27,19456,3.0980191230773926,1.9842370748519897,96.86885070800781,0.0332658514380455,1.1182762384414673,-,-,-,-,-
27,19584,2.8731372356414795,1.8710098266601562,91.4586410522461,0.03004101663827896,0.5750009417533875,-,-,-,-,-
27,19712,2.8605525493621826,1.8449490070343018,89.87512969970703,0.03460652753710747,0.8224582672119141,-,-,-,-,-
27,19840,3.2936551570892334,2.1308391094207764,104.3375473022461,0.032746657729148865,0.8669410347938538,3.804710626602173,2.419224739074707,118.4727783203125,0.037569329142570496,1.6318895816802979
27,19968,3.4736170768737793,2.191441535949707,106.96501922607422,0.03854817897081375,1.739770531654358,-,-,-,-,-
27,20096,6.504666805267334,4.263249397277832,211.41921997070312,0.03673607110977173,0.9048957824707031,-,-,-,-,-
27,20224,2.8075551986694336,1.8185009956359863,88.62268829345703,0.03219936788082123,0.7062790393829346,-,-,-,-,-
27,20352,3.442371129989624,2.240339994430542,109.49694061279297,0.03340793773531914,0.7365362048149109,-,-,-,-,-
27,20480,3.4282824993133545,2.1969501972198486,107.67634582519531,0.034603673964738846,1.1996521949768066,2.9561095237731934,1.9308522939682007,94.18374633789062,0.0332501195371151,0.5016971826553345
27,20608,5.090099811553955,3.3339860439300537,164.20089721679688,0.03921320661902428,0.748913586139679,-,-,-,-,-
27,20736,3.364823818206787,2.129173994064331,104.0282974243164,0.03492864593863487,1.6043834686279297,-,-,-,-,-
27,20864,3.6677331924438477,2.394075870513916,117.35037231445312,0.03540656343102455,0.6474719643592834,-,-,-,-,-
27,20992,2.9348652362823486,1.867637276649475,90.98637390136719,0.032577913254499435,1.2478611469268799,-,-,-,-,-
27,21120,3.017998695373535,1.9229286909103394,93.89688873291016,0.03202623873949051,1.2407500743865967,3.562494993209839,2.3082070350646973,113.23479461669922,0.033045463263988495,0.8889445662498474
27,21248,3.9269087314605713,2.540222644805908,124.50481414794922,0.03499651700258255,1.066414713859558,-,-,-,-,-
27,21376,3.2275140285491943,2.018397092819214,98.7890625,0.03306319937109947,1.8816319704055786,-,-,-,-,-
27,21504,2.4112489223480225,1.578665018081665,76.85900115966797,0.030945083126425743,0.33048832416534424,-,-,-,-,-
27,21632,3.627488851547241,2.303258180618286,112.95392608642578,0.03322498872876167,1.6146628856658936,-,-,-,-,-
27,21760,2.4767632484436035,1.6235158443450928,79.05868530273438,0.031196456402540207,0.31464287638664246,2.949322462081909,1.8997340202331543,92.74595642089844,0.0316658616065979,0.9046321511268616
27,21888,3.8244242668151855,2.431459903717041,119.12496185302734,0.03622875362634659,1.6548610925674438,-,-,-,-,-
27,22016,3.6567392349243164,2.3615214824676514,115.69291687011719,0.034970805048942566,1.033176302909851,-,-,-,-,-
27,22144,3.6378707885742188,2.381646156311035,116.84518432617188,0.034690748900175095,0.5308194756507874,-,-,-,-,-
27,22272,4.117960453033447,2.693150758743286,132.47813415527344,0.035811860114336014,0.6421683430671692,-,-,-,-,-
27,22400,2.7613632678985596,1.7910479307174683,87.19476318359375,0.035147905349731445,0.6321983337402344,2.380384922027588,1.5389717817306519,74.66986846923828,0.030772555619478226,0.6394200325012207
27,22528,3.4644343852996826,2.236907482147217,109.63458251953125,0.03327150642871857,0.9790934324264526,-,-,-,-,-
27,22656,3.2664246559143066,2.145378828048706,104.8914566040039,0.034335728734731674,0.3779557943344116,-,-,-,-,-
27,22784,2.622117519378662,1.7070112228393555,82.92723083496094,0.03348934277892113,0.5234483480453491,-,-,-,-,-
27,22912,3.0033910274505615,1.9668622016906738,96.19599151611328,0.0314951129257679,0.4307382106781006,-,-,-,-,-
27,23040,3.6574339866638184,2.3994596004486084,117.84822082519531,0.03247911483049393,0.4701312184333801,3.605846881866455,2.3522086143493652,115.23894500732422,0.03618321195244789,0.6506561040878296
27,23168,3.7005226612091064,2.415105104446411,118.27113342285156,0.038836196064949036,0.6386989951133728,-,-,-,-,-
27,23296,3.078451156616211,2.014580249786377,98.2457504272461,0.034674666821956635,0.4673895239830017,-,-,-,-,-
27,23424,3.523798942565918,2.2919392585754395,112.11872863769531,0.03684832528233528,0.7382407784461975,-,-,-,-,-
27,23552,2.1668100357055664,1.4192967414855957,68.94876861572266,0.03049035370349884,0.27535104751586914,-,-,-,-,-
27,23680,2.9926209449768066,1.9405828714370728,94.59613037109375,0.03457489609718323,0.7150171399116516,3.2139172554016113,2.097217559814453,102.27845001220703,0.03475598990917206,0.5915917754173279
27,23808,3.5973050594329834,2.3351972103118896,114.36723327636719,0.03839119151234627,0.8004454970359802,-,-,-,-,-
27,23936,3.562279224395752,2.2998156547546387,112.71463012695312,0.036166850477457047,0.9915051460266113,-,-,-,-,-
27,24064,3.712272882461548,2.4064347743988037,117.79562377929688,0.03533502668142319,0.9254666566848755,-,-,-,-,-
27,24192,2.6241910457611084,1.713594675064087,83.50454711914062,0.032240718603134155,0.4331023395061493,-,-,-,-,-
27,24320,4.274814128875732,2.7770659923553467,136.1058349609375,0.0399874672293663,0.9670227766036987,2.4109411239624023,1.55081045627594,74.97830963134766,0.032435301691293716,0.7791203856468201
27,24448,3.933420419692993,2.5090956687927246,122.84101867675781,0.03924400359392166,1.5667060613632202,-,-,-,-,-
27,24576,2.871873617172241,1.8684757947921753,90.79024505615234,0.03507719933986664,0.6041826605796814,-,-,-,-,-
27,24704,3.824467182159424,2.4671945571899414,121.20893859863281,0.03346393257379532,1.117193579673767,-,-,-,-,-
27,24832,2.6766436100006104,1.7453625202178955,85.0553207397461,0.03291890397667885,0.478089302778244,-,-,-,-,-
27,24960,3.090122938156128,1.9478613138198853,95.2651596069336,0.03433642536401749,1.5527362823486328,2.829648494720459,1.8546050786972046,90.59864807128906,0.03101211041212082,0.3804481029510498
27,25088,2.970203161239624,1.924149751663208,94.23239135742188,0.0327138788998127,0.7101563215255737,-,-,-,-,-
27,25216,3.2897980213165283,2.1160221099853516,103.26773071289062,0.0333227775990963,1.0777593851089478,-,-,-,-,-
27,25344,3.034177780151367,1.9564027786254883,95.46524047851562,0.033063825219869614,0.9005868434906006,-,-,-,-,-
27,25472,3.3939449787139893,2.219902992248535,108.58412170410156,0.03423368185758591,0.5396712422370911,-,-,-,-,-
27,25600,3.142782688140869,2.05068039894104,100.20361328125,0.03206058219075203,0.5800552368164062,3.508152484893799,2.2607216835021973,110.54790496826172,0.037556909024715424,1.0439493656158447
27,25728,4.352808475494385,2.8284616470336914,138.9732208251953,0.03743242844939232,0.9718204140663147,-,-,-,-,-
27,25856,4.278264999389648,2.7848148345947266,136.83973693847656,0.03664785623550415,0.8840524554252625,-,-,-,-,-
27,25984,2.984534740447998,1.9236323833465576,93.84339904785156,0.035176653414964676,0.8729172348976135,-,-,-,-,-
27,26112,3.14013934135437,2.0442442893981934,99.91231536865234,0.03242061659693718,0.6435127258300781,-,-,-,-,-
27,26130,5.946476459503174,3.8452954292297363,190.28028869628906,0.04030538722872734,1.5807228088378906,2.8824074268341064,1.8256163597106934,88.96039581298828,0.032526999711990356,1.346602439880371
28,128,5.559629440307617,3.631308078765869,180.1118621826172,0.03358720988035202,0.9361582398414612,-,-,-,-,-
28,256,3.107893466949463,2.003145933151245,97.9966049194336,0.02964470162987709,0.9513680934906006,-,-,-,-,-
28,384,2.5224242210388184,1.6310758590698242,79.2742919921875,0.02970547415316105,0.6889992356300354,-,-,-,-,-
28,512,2.561260461807251,1.6359418630599976,79.50384521484375,0.031227322295308113,0.9905292987823486,-,-,-,-,-
28,640,4.057134628295898,2.604112148284912,128.0594940185547,0.034469980746507645,1.3795751333236694,3.5109024047851562,2.294564723968506,112.3706283569336,0.03931846097111702,0.5331277251243591
28,768,2.9705722332000732,1.919177770614624,93.57005310058594,0.03572238236665726,0.7997140884399414,-,-,-,-,-
28,896,2.1697640419006348,1.4090394973754883,68.19475555419922,0.032064102590084076,0.46712806820869446,-,-,-,-,-
28,1024,2.912949800491333,1.9017990827560425,92.85552978515625,0.0344400554895401,0.48155534267425537,-,-,-,-,-
28,1152,2.2425031661987305,1.460213541984558,70.80999755859375,0.033241525292396545,0.4094812870025635,-,-,-,-,-
28,1280,3.5324909687042236,2.308703899383545,113.19710540771484,0.03398772329092026,0.5782844424247742,3.2870125770568848,2.12984037399292,104.17950439453125,0.03288690745830536,0.8249019980430603
28,1408,5.254653453826904,3.410745859146118,168.53927612304688,0.036561280488967896,1.2195336818695068,-,-,-,-,-
28,1536,2.5282490253448486,1.6343026161193848,79.3768539428711,0.033408962190151215,0.6676912307739258,-,-,-,-,-
28,1664,3.4806454181671143,2.265519380569458,111.09712982177734,0.03345290571451187,0.7070194482803345,-,-,-,-,-
28,1792,2.4128928184509277,1.5665640830993652,76.12055206298828,0.02953069657087326,0.5559241771697998,-,-,-,-,-
28,1920,3.380758285522461,2.17923641204834,106.2623291015625,0.03569586202502251,1.0320274829864502,3.085001230239868,1.9645472764968872,95.62092590332031,0.033387426286935806,1.3085726499557495
28,2048,2.620872735977173,1.6940937042236328,82.34522247314453,0.03071088343858719,0.7261576056480408,-,-,-,-,-
28,2176,4.21933126449585,2.696504831314087,132.43824768066406,0.033478282392024994,1.6496576070785522,-,-,-,-,-
28,2304,3.531810760498047,2.286999464035034,112.09415435791016,0.03669526427984238,0.8717477321624756,-,-,-,-,-
28,2432,3.4671924114227295,2.228287696838379,109.31196594238281,0.03464478626847267,1.1114026308059692,-,-,-,-,-
28,2560,3.7678403854370117,2.4548845291137695,120.40687561035156,0.03579743206501007,0.7308982610702515,2.823687791824341,1.8157954216003418,88.4997787475586,0.03153419494628906,0.9136027097702026
28,2688,2.9032819271087646,1.8573862314224243,90.45464324951172,0.03290276974439621,1.0844662189483643,-,-,-,-,-
28,2816,2.613266944885254,1.6883474588394165,81.99603271484375,0.030141735449433327,0.7481753826141357,-,-,-,-,-
28,2944,5.4074482917785645,3.4705443382263184,171.5369873046875,0.032063379883766174,1.8947089910507202,-,-,-,-,-
28,3072,3.094003915786743,1.9791163206100464,96.54541015625,0.03206179663538933,1.1737160682678223,-,-,-,-,-
28,3200,3.606466293334961,2.343970775604248,114.83909606933594,0.03293876349925995,0.8116604685783386,2.5498433113098145,1.6513359546661377,80.54093933105469,0.029107660055160522,0.6399029493331909
28,3328,3.1322107315063477,2.02148175239563,98.6505355834961,0.033810000866651535,0.9041388630867004,-,-,-,-,-
28,3456,2.7863094806671143,1.8041154146194458,87.78076171875,0.029881378635764122,0.7450498342514038,-,-,-,-,-
28,3584,3.1962313652038574,2.0447216033935547,99.66167449951172,0.034899547696113586,1.199933648109436,-,-,-,-,-
28,3712,2.8268792629241943,1.8197641372680664,88.60332489013672,0.03195171803236008,0.8913013339042664,-,-,-,-,-
28,3840,2.733086585998535,1.7461802959442139,85.08631134033203,0.03542426973581314,1.006188154220581,3.0544326305389404,1.9926469326019287,97.50447082519531,0.032645631581544876,0.5409526228904724
28,3968,3.1612789630889893,2.060798406600952,100.9382095336914,0.0317462757229805,0.5935205817222595,-,-,-,-,-
28,4096,2.8952386379241943,1.8425631523132324,89.96098327636719,0.031322404742240906,1.2174322605133057,-,-,-,-,-
28,4224,2.5689947605133057,1.6597071886062622,80.5411605834961,0.035606954246759415,0.6826896071434021,-,-,-,-,-
28,4352,4.477205753326416,2.8765928745269775,141.67074584960938,0.036725617945194244,1.4718022346496582,-,-,-,-,-
28,4480,3.1878457069396973,2.0432958602905273,99.68627166748047,0.032913800328969955,1.1477363109588623,3.733189821243286,2.4360947608947754,119.08155059814453,0.0324009470641613,0.7387886047363281
28,4608,4.4765849113464355,2.9125490188598633,143.37193298339844,0.036027248948812485,0.9428909420967102,-,-,-,-,-
28,4736,3.1394567489624023,2.040497303009033,99.7079849243164,0.02919607236981392,0.7268368601799011,-,-,-,-,-
28,4864,3.205313205718994,2.061466932296753,100.62052917480469,0.033453404903411865,1.0418758392333984,-,-,-,-,-
28,4992,3.030817747116089,1.9519081115722656,95.54011535644531,0.030782969668507576,0.9272544980049133,-,-,-,-,-
28,5120,3.8335375785827637,2.498387575149536,123.12605285644531,0.03422735258936882,0.696621298789978,6.549227237701416,4.287458419799805,212.7798614501953,0.03552812710404396,0.9844192266464233
28,5248,2.1787517070770264,1.4088101387023926,68.37246704101562,0.030703362077474594,0.5551371574401855,-,-,-,-,-
28,5376,8.48068618774414,5.5173492431640625,273.9450988769531,0.039942700415849686,1.8394392728805542,-,-,-,-,-
28,5504,3.803281307220459,2.3674936294555664,115.96759033203125,0.03536120802164078,2.407506227493286,-,-,-,-,-
28,5632,3.23207426071167,2.1241326332092285,103.75116729736328,0.03286769613623619,0.37562096118927,-,-,-,-,-
28,5760,2.879729986190796,1.8233836889266968,88.73340606689453,0.03220618888735771,1.3680598735809326,4.837739944458008,3.1866676807403564,157.0519256591797,0.03431824967265129,0.46234801411628723
28,5888,2.753178596496582,1.8009556531906128,87.7140884399414,0.028897946700453758,0.4618408977985382,-,-,-,-,-
28,6016,4.080789566040039,2.6584131717681885,130.75343322753906,0.0322686992585659,0.8257321119308472,-,-,-,-,-
28,6144,2.7933456897735596,1.8212475776672363,88.67269897460938,0.03174133971333504,0.536298930644989,-,-,-,-,-
28,6272,4.089648723602295,2.669400930404663,130.9395294189453,0.0344284363090992,0.7642399072647095,-,-,-,-,-
28,6400,3.2249085903167725,2.087035655975342,102.00350952148438,0.03260906785726547,0.852289617061615,3.457962989807129,2.2515320777893066,110.10173797607422,0.03713032603263855,0.6828320026397705
28,6528,2.657907485961914,1.7324738502502441,84.64366912841797,0.02965235896408558,0.49344557523727417,-,-,-,-,-
28,6656,3.2969298362731934,2.1462817192077637,105.31787109375,0.03255319222807884,0.6491623520851135,-,-,-,-,-
28,6784,3.502504587173462,2.3074209690093994,112.93421173095703,0.0326426662504673,0.33098936080932617,-,-,-,-,-
28,6912,3.58059024810791,2.2668044567108154,110.82135772705078,0.031451981514692307,1.7412023544311523,-,-,-,-,-
28,7040,3.6451025009155273,2.341548442840576,114.80928039550781,0.035541608929634094,1.1991965770721436,2.9957337379455566,1.9187641143798828,93.59565734863281,0.033595599234104156,1.07417631149292
28,7168,3.054870843887329,1.976040244102478,96.48332214355469,0.03352729231119156,0.8047007918357849,-,-,-,-,-
28,7296,2.894296169281006,1.8582738637924194,90.74945068359375,0.034757331013679504,0.9377061724662781,-,-,-,-,-
28,7424,4.453896522521973,2.911562442779541,142.9842071533203,0.03515408933162689,0.7733821272850037,-,-,-,-,-
28,7552,3.5814974308013916,2.338926315307617,114.69573974609375,0.03159286826848984,0.640208899974823,-,-,-,-,-
28,7680,3.0917441844940186,1.9901952743530273,97.05551147460938,0.03310361132025719,0.9789010882377625,2.5805625915527344,1.6316758394241333,79.2927017211914,0.030640263110399246,1.2531934976577759
28,7808,2.959113836288452,1.8917016983032227,92.24848175048828,0.03161987289786339,1.1330757141113281,-,-,-,-,-
28,7936,3.048922061920166,1.9853359460830688,96.7252426147461,0.03403566777706146,0.6229802966117859,-,-,-,-,-
28,8064,3.0549213886260986,1.9812662601470947,96.8375244140625,0.03020636923611164,0.7507343888282776,-,-,-,-,-
28,8192,3.926908016204834,2.5311620235443115,124.13279724121094,0.03568768873810768,1.1873023509979248,-,-,-,-,-
28,8320,2.37603759765625,1.460879921913147,70.87755584716797,0.0314939022064209,1.7488837242126465,3.3765857219696045,2.1873531341552734,107.04777526855469,0.03471868112683296,0.8403608202934265
28,8448,4.155694484710693,2.713627338409424,133.4188232421875,0.03212590515613556,0.7575321793556213,-,-,-,-,-
28,8576,3.0035667419433594,1.9213893413543701,93.92183685302734,0.03326064348220825,1.0969864130020142,-,-,-,-,-
28,8704,3.1120970249176025,1.9962314367294312,97.79741668701172,0.031275033950805664,1.0661640167236328,-,-,-,-,-
28,8832,3.000751256942749,1.903740644454956,93.05907440185547,0.03134598210453987,1.3507364988327026,-,-,-,-,-
28,8960,3.1542694568634033,2.0481345653533936,100.1388168334961,0.03418820723891258,0.7055835127830505,2.6405534744262695,1.6771389245986938,81.36085510253906,0.03379267081618309,1.1601333618164062
28,9088,7.944428443908691,5.161386013031006,256.3860778808594,0.037907227873802185,1.8127503395080566,-,-,-,-,-
28,9216,3.584157705307007,2.3153390884399414,113.325439453125,0.036544281989336014,0.9901970028877258,-,-,-,-,-
28,9344,3.117079257965088,1.9682025909423828,96.0816879272461,0.034148428589105606,1.53911292552948,-,-,-,-,-
28,9472,3.3432657718658447,2.1460633277893066,104.97065734863281,0.03386075049638748,1.1363520622253418,-,-,-,-,-
28,9600,2.9346420764923096,1.8655056953430176,90.84484100341797,0.03629717230796814,1.2439078092575073,3.179389238357544,2.0001220703125,97.5660400390625,0.03326520696282387,1.7034175395965576
28,9728,3.7051010131835938,2.342661142349243,114.6437759399414,0.03391288220882416,1.8208898305892944,-,-,-,-,-
28,9856,2.410107135772705,1.558784008026123,75.72893524169922,0.029887789860367775,0.6414614319801331,-,-,-,-,-
28,9984,2.8532090187072754,1.8203063011169434,88.82779693603516,0.031966548413038254,1.1265822649002075,-,-,-,-,-
28,10112,7.21936559677124,4.735230922698975,235.0,0.0357513464987278,0.9838355183601379,-,-,-,-,-
28,10240,4.5129828453063965,2.8826913833618164,141.85223388671875,0.035611022263765335,1.7615786790847778,2.958829879760742,1.923513412475586,93.9835205078125,0.033096473664045334,0.623848021030426
28,10368,7.918632507324219,5.195528984069824,258.1329040527344,0.03892042115330696,1.02854323387146,-,-,-,-,-
28,10496,2.975050926208496,1.8745571374893188,91.55998992919922,0.030555788427591324,1.5433820486068726,-,-,-,-,-
28,10624,2.845123767852783,1.8256421089172363,88.8067398071289,0.03622620925307274,0.9518817663192749,-,-,-,-,-
28,10752,2.326803207397461,1.5088707208633423,73.1990966796875,0.028812501579523087,0.571291446685791,-,-,-,-,-
28,10880,3.7117955684661865,2.384155750274658,116.82938385009766,0.03647403419017792,1.2287184000015259,7.379452228546143,4.8042144775390625,238.30784606933594,0.03717724606394768,1.5498228073120117
28,11008,2.843536615371704,1.8354591131210327,89.17473602294922,0.03340252861380577,0.8292770981788635,-,-,-,-,-
28,11136,3.73258113861084,2.375490427017212,116.24771118164062,0.034370504319667816,1.602430820465088,-,-,-,-,-
28,11264,3.211697578430176,2.0670785903930664,101.01067352294922,0.03648695349693298,0.9802549481391907,-,-,-,-,-
28,11392,2.6815192699432373,1.70346200466156,82.85254669189453,0.034723300486803055,1.1480863094329834,-,-,-,-,-
28,11520,3.138085126876831,2.0230867862701416,98.84370422363281,0.03472872078418732,0.9183255434036255,2.6486387252807617,1.7271679639816284,84.0762939453125,0.03300461173057556,0.4770330786705017
28,11648,3.5753469467163086,2.339271306991577,114.7663803100586,0.03186425566673279,0.5654760003089905,-,-,-,-,-
28,11776,2.9258899688720703,1.8999048471450806,92.74998474121094,0.032209184020757675,0.6627603769302368,-,-,-,-,-
28,11904,2.9162192344665527,1.9086227416992188,92.96209716796875,0.03349900245666504,0.4447656571865082,-,-,-,-,-
28,12032,3.4370572566986084,2.230355739593506,109.1414566040039,0.032902609556913376,0.8238426446914673,-,-,-,-,-
28,12160,4.916903495788574,3.231424570083618,158.71871948242188,0.03806547075510025,0.6022620797157288,3.500236988067627,2.276578426361084,111.5970687866211,0.03250753879547119,0.7518042325973511
28,12288,2.320303440093994,1.507378101348877,73.1136245727539,0.03140847384929657,0.5038058161735535,-,-,-,-,-
28,12416,2.421677350997925,1.5742480754852295,76.6149673461914,0.034294381737709045,0.4698525369167328,-,-,-,-,-
28,12544,3.3157460689544678,2.1604433059692383,105.85745239257812,0.03277560696005821,0.6395247578620911,-,-,-,-,-
28,12672,6.6503520011901855,4.371614456176758,216.62002563476562,0.0374486967921257,0.7508834600448608,-,-,-,-,-
28,12800,2.751256227493286,1.7552003860473633,85.50111389160156,0.03247718885540962,1.0856775045394897,3.6535253524780273,2.3913254737854004,116.96308135986328,0.03607147932052612,0.5649756193161011
28,12928,2.5377371311187744,1.6640963554382324,80.79701232910156,0.03318197652697563,0.3248871862888336,-,-,-,-,-
28,13056,3.4750149250030518,2.222503185272217,108.6564712524414,0.03697243705391884,1.2897475957870483,-,-,-,-,-
28,13184,2.991645574569702,1.9500722885131836,95.33815002441406,0.031101448461413383,0.5709038972854614,-,-,-,-,-
28,13312,2.9778199195861816,1.8874006271362305,92.14273071289062,0.0328974574804306,1.3609445095062256,-,-,-,-,-
28,13440,7.230146884918213,4.704156875610352,233.5664825439453,0.03778821602463722,1.525368571281433,2.8516693115234375,1.8628816604614258,91.02098846435547,0.032695889472961426,0.4588177502155304
28,13568,4.324158668518066,2.8072702884674072,138.0737762451172,0.03581966087222099,1.0033098459243774,-,-,-,-,-
28,13696,3.291229009628296,2.118452787399292,103.63048553466797,0.036336202174425125,1.0013532638549805,-,-,-,-,-
28,13824,3.2925472259521484,2.14819598197937,105.09182739257812,0.03490880876779556,0.5852422118186951,-,-,-,-,-
28,13952,4.239886283874512,2.7584006786346436,135.6027069091797,0.036089133471250534,0.8936958312988281,-,-,-,-,-
28,14080,3.2028722763061523,2.110771894454956,103.38847351074219,0.030041657388210297,0.2817389667034149,4.958281993865967,3.2449662685394287,160.10643005371094,0.03688357025384903,0.7536846995353699
28,14208,3.9345462322235107,2.5780346393585205,126.49773406982422,0.030897732824087143,0.606366753578186,-,-,-,-,-
28,14336,4.549589157104492,2.990767478942871,147.3772735595703,0.033754099160432816,0.5129538178443909,-,-,-,-,-
28,14464,2.582730293273926,1.6947575807571411,82.55211639404297,0.03009689971804619,0.32354673743247986,-,-,-,-,-
28,14592,2.7138054370880127,1.7623863220214844,85.99281311035156,0.03110801801085472,0.603830099105835,-,-,-,-,-
28,14720,3.270817279815674,2.144742250442505,104.90589904785156,0.032518453896045685,0.4449782967567444,3.2729990482330322,2.1133570671081543,103.3397216796875,0.035953816026449203,0.9029110670089722
28,14848,3.3215136528015137,2.1687171459198,106.3633804321289,0.03153614699840546,0.5762661695480347,-,-,-,-,-
28,14976,3.54879093170166,2.329136848449707,114.42205810546875,0.03200851008296013,0.43425053358078003,-,-,-,-,-
28,15104,2.613525152206421,1.7064204216003418,83.18311309814453,0.028724512085318565,0.4654931128025055,-,-,-,-,-
28,15232,3.36720609664917,2.2121007442474365,108.2596435546875,0.03226713463664055,0.4024168848991394,-,-,-,-,-
28,15360,2.3880105018615723,1.5501500368118286,75.15087127685547,0.031010251492261887,0.5534179210662842,3.4356861114501953,2.254566192626953,110.34402465820312,0.036212872713804245,0.4146661162376404
28,15488,2.9778623580932617,1.953116536140442,95.60895538330078,0.03400255739688873,0.346537709236145,-,-,-,-,-
28,15616,3.5375030040740967,2.296774387359619,112.66175842285156,0.03379976376891136,0.8031150102615356,-,-,-,-,-
28,15744,4.348839282989502,2.8681538105010986,141.02125549316406,0.03355170041322708,0.3692130148410797,-,-,-,-,-
28,15872,2.9933204650878906,1.9436265230178833,94.62603759765625,0.036639273166656494,0.6679435968399048,-,-,-,-,-
28,16000,3.0069990158081055,1.972572922706604,96.58821105957031,0.03367869183421135,0.34865081310272217,2.2155659198760986,1.4473599195480347,70.20012664794922,0.02898215688765049,0.3722264766693115
28,16128,3.121962070465088,2.04130220413208,99.45289611816406,0.03431980311870575,0.5181087255477905,-,-,-,-,-
28,16256,2.656471014022827,1.7360960245132446,84.66815185546875,0.029570091515779495,0.44123491644859314,-,-,-,-,-
28,16384,2.8236258029937744,1.8528211116790771,90.55477142333984,0.03352240473031998,0.31734615564346313,-,-,-,-,-
28,16512,2.235295534133911,1.4648239612579346,71.07762908935547,0.03011351451277733,0.2958178222179413,-,-,-,-,-
28,16640,2.869340419769287,1.8822799921035767,91.84105682373047,0.033514659851789474,0.3513493537902832,3.452345371246338,2.2587788105010986,110.70975494384766,0.033388275653123856,0.5308074951171875
28,16768,2.876105308532715,1.8720873594284058,91.1794662475586,0.03191167116165161,0.6031147241592407,-,-,-,-,-
28,16896,2.819713830947876,1.8462022542953491,90.28987121582031,0.03102000802755356,0.3959289491176605,-,-,-,-,-
28,17024,3.295093297958374,2.1601436138153076,105.7337417602539,0.03315557539463043,0.44456547498703003,-,-,-,-,-
28,17152,2.3902859687805176,1.5671632289886475,76.17787170410156,0.032586779445409775,0.2875736951828003,-,-,-,-,-
28,17280,4.76658821105957,3.128711462020874,154.4193572998047,0.03499281406402588,0.5869054198265076,2.7624495029449463,1.8123433589935303,88.39988708496094,0.03129594027996063,0.3481137156486511
28,17408,7.326812744140625,4.832998275756836,239.9192657470703,0.03801165893673897,0.5660998225212097,-,-,-,-,-
28,17536,6.248971462249756,4.129365921020508,204.7813720703125,0.032150138169527054,0.3964180648326874,-,-,-,-,-
28,17664,2.3153560161590576,1.5232412815093994,73.83426666259766,0.030530381947755814,0.23241829872131348,-,-,-,-,-
28,17792,3.0169825553894043,1.97223961353302,96.30340576171875,0.031936079263687134,0.49772655963897705,-,-,-,-,-
28,17920,3.3694851398468018,2.204003095626831,107.73591613769531,0.031591903418302536,0.565311849117279,3.940423011779785,2.5764522552490234,126.51143646240234,0.03636790066957474,0.6248864531517029
28,18048,2.6135659217834473,1.7076258659362793,83.09467315673828,0.03147948160767555,0.4351373016834259,-,-,-,-,-
28,18176,3.317673683166504,2.1561636924743652,105.43779754638672,0.03529983386397362,0.7183221578598022,-,-,-,-,-
28,18304,2.7405617237091064,1.7894299030303955,87.27118682861328,0.03243441507220268,0.45985546708106995,-,-,-,-,-
28,18432,3.3341689109802246,2.15934681892395,105.54093933105469,0.03662961348891258,0.827831506729126,-,-,-,-,-
28,18560,3.6138062477111816,2.3515732288360596,115.39019775390625,0.03734103590250015,0.7099003195762634,2.214535713195801,1.4528601169586182,70.49502563476562,0.02938700281083584,0.27338555455207825
28,18688,3.3623409271240234,2.2189908027648926,108.51669311523438,0.033943139016628265,0.2424006313085556,-,-,-,-,-
28,18816,7.128335952758789,4.670625686645508,232.3990936279297,0.03253573551774025,1.0118383169174194,-,-,-,-,-
28,18944,3.2024972438812256,2.0226521492004395,98.80371856689453,0.03261566907167435,1.5919240713119507,-,-,-,-,-
28,19072,2.8932576179504395,1.867236852645874,91.14753723144531,0.034346867352724075,0.8019847273826599,-,-,-,-,-
28,19200,3.08088755607605,1.997057318687439,97.95075988769531,0.032729871571063995,0.7159277200698853,2.956879138946533,1.9060325622558594,92.92717742919922,0.0333268828690052,0.8824794888496399
28,19328,2.9086873531341553,1.8903770446777344,92.19642639160156,0.03194432705640793,0.6440190672874451,-,-,-,-,-
28,19456,3.535551071166992,2.2664225101470947,110.99164581298828,0.03425513207912445,1.2495719194412231,-,-,-,-,-
28,19584,2.8992679119110107,1.8401410579681396,89.63394165039062,0.03292064368724823,1.298668622970581,-,-,-,-,-
28,19712,3.1248421669006348,2.025447368621826,98.69865417480469,0.037674106657505035,0.7473400831222534,-,-,-,-,-
28,19840,3.1659152507781982,2.059572219848633,100.5749740600586,0.033876530826091766,0.6671680212020874,3.3560404777526855,2.182915210723877,106.68013763427734,0.03559555113315582,0.707282543182373
28,19968,2.8901641368865967,1.8917036056518555,92.32266998291016,0.03317989781498909,0.420539915561676,-,-,-,-,-
28,20096,3.3928909301757812,2.2084317207336426,108.21053314208984,0.03455374389886856,0.6780030727386475,-,-,-,-,-
28,20224,2.80440354347229,1.8469640016555786,90.19381713867188,0.028928162530064583,0.26573213934898376,-,-,-,-,-
28,20352,2.8675711154937744,1.8691154718399048,90.96011352539062,0.032637204974889755,0.5621739625930786,-,-,-,-,-
28,20480,3.0805368423461914,2.0199968814849854,98.88416290283203,0.030573943629860878,0.41124463081359863,2.9561328887939453,1.925347924232483,94.0698013305664,0.029185418039560318,0.6090148091316223
28,20608,3.735896110534668,2.4376614093780518,119.41764068603516,0.035519957542419434,0.6853829026222229,-,-,-,-,-
28,20736,8.825153350830078,5.815907955169678,289.2070007324219,0.037625595927238464,0.7955014705657959,-,-,-,-,-
28,20864,3.065652370452881,2.0144569873809814,98.5303955078125,0.03294823318719864,0.32943299412727356,-,-,-,-,-
28,20992,2.9855072498321533,1.9298186302185059,94.16018676757812,0.03559146076440811,0.7849550247192383,-,-,-,-,-
28,21120,2.6580188274383545,1.7385753393173218,84.62189483642578,0.029953859746456146,0.4327063262462616,2.873725414276123,1.8319581747055054,89.43389129638672,0.03292611613869667,1.1450215578079224
28,21248,3.128565788269043,2.0138299465179443,98.34620666503906,0.033503349870443344,0.9777039289474487,-,-,-,-,-
28,21376,2.742725372314453,1.793647050857544,87.4870834350586,0.032115254551172256,0.42092326283454895,-,-,-,-,-
28,21504,3.4521822929382324,2.233792781829834,109.43257141113281,0.031374841928482056,0.9268895387649536,-,-,-,-,-
28,21632,4.669923305511475,3.075852632522583,151.7674560546875,0.03306595981121063,0.4333035349845886,-,-,-,-,-
28,21760,2.3346340656280518,1.5045750141143799,72.97887420654297,0.029790740460157394,0.7047953009605408,2.908202886581421,1.9066132307052612,93.20402526855469,0.030873527750372887,0.3867568373680115
28,21888,3.337641954421997,2.181854724884033,106.62648010253906,0.035998087376356125,0.5352453589439392,-,-,-,-,-
28,22016,3.5752885341644287,2.3065099716186523,112.70894622802734,0.03513136878609657,1.0655767917633057,-,-,-,-,-
28,22144,3.3222694396972656,2.164426326751709,105.83766174316406,0.03481882065534592,0.6464773416519165,-,-,-,-,-
28,22272,2.5203123092651367,1.625807523727417,79.06016540527344,0.0330718494951725,0.7083149552345276,-,-,-,-,-
28,22400,3.327740430831909,2.1698262691497803,106.29048919677734,0.03320501372218132,0.6180440187454224,2.8566153049468994,1.8522323369979858,90.24359893798828,0.03204413503408432,0.6990290880203247
28,22528,3.711414337158203,2.3997020721435547,117.81939697265625,0.033336248248815536,1.0018209218978882,-,-,-,-,-
28,22656,2.7876334190368652,1.7976683378219604,87.53062438964844,0.032494235783815384,0.8216460943222046,-,-,-,-,-
28,22784,4.3097710609436035,2.772449254989624,135.8164825439453,0.042110785841941833,1.3704605102539062,-,-,-,-,-
28,22912,4.195000171661377,2.6655807495117188,130.82623291015625,0.03611205145716667,1.8504538536071777,-,-,-,-,-
28,23040,3.343043804168701,2.1888301372528076,106.970947265625,0.03427814319729805,0.5022591352462769,3.0040781497955322,1.8639497756958008,90.8348617553711,0.03474995493888855,1.970298409461975
28,23168,2.704411268234253,1.6945854425430298,82.14476013183594,0.0321054644882679,1.562726378440857,-,-,-,-,-
28,23296,3.997375726699829,2.5993340015411377,127.5013198852539,0.038894735276699066,0.8413382768630981,-,-,-,-,-
28,23424,2.929830551147461,1.8260444402694702,88.80364990234375,0.03286360949277878,1.828861117362976,-,-,-,-,-
28,23552,3.2451274394989014,2.063119411468506,100.62743377685547,0.036511894315481186,1.392218828201294,-,-,-,-,-
28,23680,3.78938889503479,2.3453006744384766,115.3392333984375,0.032195862382650375,2.5850019454956055,3.305746078491211,2.0473086833953857,100.23894500732422,0.03599971905350685,2.2004823684692383
28,23808,2.6214370727539062,1.6778483390808105,81.8904800415039,0.03276585042476654,0.9191787838935852,-,-,-,-,-
28,23936,4.347067356109619,2.7902753353118896,137.27174377441406,0.031236285343766212,1.5283879041671753,-,-,-,-,-
28,24064,3.705956220626831,2.420430898666382,118.79121398925781,0.029230955988168716,0.6838192343711853,-,-,-,-,-
28,24192,3.8141207695007324,2.462679624557495,120.83512878417969,0.03301212191581726,1.1007766723632812,-,-,-,-,-
28,24320,3.111405372619629,2.0234317779541016,98.62422180175781,0.031697340309619904,0.7003400325775146,4.086597919464111,2.641681671142578,129.72567749023438,0.0344124473631382,1.1324732303619385
28,24448,7.746678829193115,5.069981575012207,251.41839599609375,0.03545992076396942,1.2705307006835938,-,-,-,-,-
28,24576,3.566664457321167,2.3116745948791504,113.20771026611328,0.0357564352452755,0.8715636134147644,-,-,-,-,-
28,24704,2.443190574645996,1.5798776149749756,76.85993194580078,0.03070070967078209,0.6401298642158508,-,-,-,-,-
28,24832,3.5870742797851562,2.3299288749694824,114.38798522949219,0.0363130196928978,0.7695236802101135,-,-,-,-,-
28,24960,3.0136613845825195,1.9580397605895996,95.66232299804688,0.034494075924158096,0.6450439095497131,2.7739665508270264,1.816238284111023,88.45397186279297,0.03294014185667038,0.40248429775238037
28,25088,3.489189863204956,2.2534661293029785,110.28298950195312,0.037026744335889816,0.9586710333824158,-,-,-,-,-
28,25216,3.0185701847076416,1.9663407802581787,95.90121459960938,0.03231402114033699,0.6090307831764221,-,-,-,-,-
28,25344,4.123487949371338,2.698391914367676,132.47573852539062,0.036810602992773056,0.6352788209915161,-,-,-,-,-
28,25472,3.350552797317505,2.1648590564727783,106.20419311523438,0.03103497438132763,0.9261689782142639,-,-,-,-,-
28,25600,5.481947898864746,3.5871975421905518,177.3244171142578,0.03566731885075569,0.8583881258964539,4.652650356292725,3.0499117374420166,150.5722198486328,0.03567102923989296,0.6134487986564636
28,25728,3.4973485469818115,2.284834384918213,111.88162231445312,0.03260965272784233,0.6108810901641846,-,-,-,-,-
28,25856,3.7730963230133057,2.464689254760742,121.1192855834961,0.036999478936195374,0.6021472811698914,-,-,-,-,-
28,25984,3.423119068145752,2.2396323680877686,109.86367797851562,0.03249943628907204,0.5235034227371216,-,-,-,-,-
28,26112,2.3438878059387207,1.527511715888977,74.16143798828125,0.030310997739434242,0.44450676441192627,-,-,-,-,-
28,26130,2.8827173709869385,1.8736779689788818,91.33341217041016,0.029651086777448654,0.6605420112609863,2.985414505004883,1.9619174003601074,95.60084533691406,0.03406643867492676,0.3342217206954956
29,128,3.601632595062256,2.3391549587249756,114.67192077636719,0.03251245617866516,0.8324602842330933,-,-,-,-,-
29,256,3.6197588443756104,2.3335471153259277,114.65428161621094,0.03200702369213104,1.0766199827194214,-,-,-,-,-
29,384,3.8452045917510986,2.498155117034912,122.60254669189453,0.03505145013332367,0.8597244024276733,-,-,-,-,-
29,512,4.00066614151001,2.5422375202178955,124.79219818115234,0.034567318856716156,1.759393334388733,-,-,-,-,-
29,640,3.137725353240967,2.035783290863037,99.48945617675781,0.033347200602293015,0.73700350522995,3.2529356479644775,2.061654567718506,100.51985168457031,0.02998536080121994,1.5609718561172485
29,768,3.494689702987671,2.1788878440856934,106.72899627685547,0.034378062933683395,2.141339063644409,-,-,-,-,-
29,896,3.6558735370635986,2.3827590942382812,116.6632080078125,0.034475311636924744,0.7200685143470764,-,-,-,-,-
29,1024,3.5298056602478027,2.257601737976074,110.4695816040039,0.03378136828541756,1.3372691869735718,-,-,-,-,-
29,1152,7.7660369873046875,5.112662315368652,254.0477752685547,0.035866931080818176,0.7703038454055786,-,-,-,-,-
29,1280,3.0538346767425537,1.945328712463379,94.77368927001953,0.035378120839595795,1.2539095878601074,3.520794630050659,2.2854580879211426,111.85116577148438,0.03314504399895668,0.836798369884491
29,1408,3.3814523220062256,2.183549642562866,106.65129852294922,0.03453809767961502,0.9685181379318237,-,-,-,-,-
29,1536,3.9592325687408447,2.4778096675872803,121.3390884399414,0.03471231088042259,2.333197593688965,-,-,-,-,-
29,1664,2.6204094886779785,1.7177468538284302,83.70587158203125,0.03433411195874214,0.31269749999046326,-,-,-,-,-
29,1792,3.2171149253845215,2.0484771728515625,100.21279907226562,0.03183186054229736,1.3467785120010376,-,-,-,-,-
29,1920,4.176629066467285,2.7392523288726807,134.54095458984375,0.03677833825349808,0.5518859624862671,6.474209308624268,4.187855243682861,207.8780059814453,0.03481083735823631,1.727635383605957
29,2048,3.3347389698028564,2.1127076148986816,103.17696380615234,0.03120351955294609,1.590580701828003,-,-,-,-,-
29,2176,3.1793715953826904,2.0682854652404785,101.18384552001953,0.032449766993522644,0.6679805517196655,-,-,-,-,-
29,2304,2.879655599594116,1.8580408096313477,90.59879302978516,0.03276402875781059,0.8286294341087341,-,-,-,-,-
29,2432,3.2949328422546387,2.1614065170288086,105.94088745117188,0.03223809227347374,0.4187946617603302,-,-,-,-,-
29,2560,4.307798385620117,2.7616984844207764,135.52955627441406,0.03783780708909035,1.5296655893325806,2.914203405380249,1.8608037233352661,90.72018432617188,0.0334327295422554,1.1276518106460571
29,2688,3.0796091556549072,1.9747449159622192,96.41658782958984,0.034957244992256165,1.0574123859405518,-,-,-,-,-
29,2816,2.5177369117736816,1.6402968168258667,79.82816314697266,0.030876468867063522,0.48282095789909363,-,-,-,-,-
29,2944,3.474623441696167,2.254946231842041,110.49596405029297,0.03315242379903793,0.8156529664993286,-,-,-,-,-
29,3072,6.757638454437256,4.435705661773682,219.9632568359375,0.03385654464364052,0.8844428658485413,-,-,-,-,-
29,3200,2.002207040786743,1.2943753004074097,62.532310485839844,0.029346391558647156,0.5316218733787537,2.7417571544647217,1.7679928541183472,86.0516586303711,0.0336330346763134,0.7961472272872925
29,3328,4.0273847579956055,2.579848527908325,126.42830657958984,0.03806369751691818,1.4518930912017822,-,-,-,-,-
29,3456,4.600955963134766,2.7930257320404053,137.11122131347656,0.038106922060251236,3.9871108531951904,-,-,-,-,-
29,3584,3.285348415374756,1.9855678081512451,96.72496795654297,0.03433346375823021,2.9819748401641846,-,-,-,-,-
29,3712,3.0123846530914307,1.9622057676315308,95.86709594726562,0.030814876779913902,0.6069294810295105,-,-,-,-,-
29,3840,2.9330742359161377,1.8338499069213867,89.58785247802734,0.030805537477135658,1.7254016399383545,3.619201898574829,2.3321642875671387,114.50930786132812,0.03171686455607414,1.1022772789001465
29,3968,2.9502506256103516,1.876417636871338,91.70052337646484,0.032620448619127274,1.2420737743377686,-,-,-,-,-
29,4096,2.635417938232422,1.6655460596084595,80.66146087646484,0.032240841537714005,1.3101657629013062,-,-,-,-,-
29,4224,3.3838131427764893,2.1497905254364014,105.07842254638672,0.03506613150238991,1.4817203283309937,-,-,-,-,-
29,4352,3.5386252403259277,2.1932225227355957,107.47525787353516,0.03187870606780052,2.38771390914917,-,-,-,-,-
29,4480,2.6562719345092773,1.7306448221206665,84.16999816894531,0.031028924509882927,0.528982400894165,3.8221817016601562,2.4516677856445312,120.34330749511719,0.0384780615568161,1.286028504371643
29,4608,4.356911659240723,2.7715108394622803,136.57064819335938,0.030617382377386093,1.8907675743103027,-,-,-,-,-
29,4736,2.691956043243408,1.7489594221115112,85.0135269165039,0.034108661115169525,0.5875284075737,-,-,-,-,-
29,4864,3.957287549972534,2.5589587688446045,125.73271179199219,0.035505060106515884,1.054966926574707,-,-,-,-,-
29,4992,2.4289002418518066,1.5757559537887573,76.47676849365234,0.03171315789222717,0.5666326880455017,-,-,-,-,-
29,5120,4.687023639678955,2.922858715057373,143.6761016845703,0.0366135835647583,2.9079062938690186,2.5263335704803467,1.5523370504379272,75.34739685058594,0.02839053049683571,1.9213191270828247
29,5248,2.4770712852478027,1.4696077108383179,71.03187561035156,0.029476793482899666,2.676680326461792,-,-,-,-,-
29,5376,3.449908494949341,2.224052667617798,108.9437484741211,0.03344549983739853,1.0297280550003052,-,-,-,-,-
29,5504,2.913813591003418,1.8068883419036865,88.10689544677734,0.03402607515454292,1.9183015823364258,-,-,-,-,-
29,5632,4.237491607666016,2.6266984939575195,129.3023681640625,0.03367006406188011,2.8409976959228516,-,-,-,-,-
29,5760,3.168543815612793,1.841201663017273,89.83812713623047,0.030650218948721886,3.9831063747406006,3.401808023452759,2.099029779434204,102.41742706298828,0.034919317811727524,2.43684720993042
29,5888,5.605096340179443,3.608426570892334,178.91885375976562,0.032679054886102676,1.7480223178863525,-,-,-,-,-
29,6016,3.8019254207611084,2.2883050441741943,112.24102783203125,0.03308258578181267,3.581275463104248,-,-,-,-,-
29,6144,2.1441617012023926,1.3236342668533325,63.96855163574219,0.030163414776325226,1.5067843198776245,-,-,-,-,-
29,6272,4.103443145751953,2.5729668140411377,126.34790802001953,0.035312309861183167,2.3168509006500244,-,-,-,-,-
29,6400,2.2849574089050293,1.4616446495056152,70.90568542480469,0.03127279505133629,0.8298313021659851,3.6547911167144775,2.341797351837158,114.81646728515625,0.03291010111570358,1.3191884756088257
29,6528,3.499152421951294,2.216045379638672,108.68675994873047,0.03483119234442711,1.6140810251235962,-,-,-,-,-
29,6656,3.594738006591797,2.2125306129455566,108.4924087524414,0.033361274749040604,2.639218807220459,-,-,-,-,-
29,6784,3.4725341796875,2.246455192565918,110.07794189453125,0.03294900059700012,0.9235051274299622,-,-,-,-,-
29,6912,3.3300864696502686,2.0875303745269775,101.91999816894531,0.03216487169265747,1.911911964416504,-,-,-,-,-
29,7040,2.4595532417297363,1.578707218170166,76.49909973144531,0.033503513783216476,0.8235144019126892,2.379016637802124,1.5011768341064453,72.79621887207031,0.03215848654508591,1.1771916151046753
29,7168,2.8509464263916016,1.7763186693191528,86.37539672851562,0.03497017174959183,1.7590357065200806,-,-,-,-,-
29,7296,3.6538262367248535,2.359140396118164,115.75944519042969,0.03223176673054695,1.0485947132110596,-,-,-,-,-
29,7424,3.1690218448638916,1.9893162250518799,97.37010192871094,0.03341331332921982,1.725911021232605,-,-,-,-,-
29,7552,3.1789705753326416,2.0043015480041504,97.92509460449219,0.03470586985349655,1.607121467590332,-,-,-,-,-
29,7680,2.9882986545562744,1.9129931926727295,93.057861328125,0.03259564936161041,1.121314287185669,2.407379388809204,1.5341246128082275,74.49971771240234,0.03117143176496029,0.9708622694015503
29,7808,3.282254457473755,2.0863699913024902,101.96509552001953,0.03175007551908493,1.4448355436325073,-,-,-,-,-
29,7936,3.503901243209839,2.2586045265197754,110.81531524658203,0.03610134869813919,1.010422706604004,-,-,-,-,-
29,8064,4.33229398727417,2.7247118949890137,133.54202270507812,0.03620595484972,2.359560251235962,-,-,-,-,-
29,8192,3.2802352905273438,2.118149995803833,103.43541717529297,0.033400632441043854,0.9433083534240723,-,-,-,-,-
29,8320,2.707878828048706,1.7437306642532349,84.91326904296875,0.029667513445019722,0.8534791469573975,2.8320722579956055,1.8473507165908813,90.22454833984375,0.03020433895289898,0.5227193832397461
29,8448,3.355794668197632,2.200725793838501,107.59513854980469,0.03124367818236351,0.47873902320861816,-,-,-,-,-
29,8576,3.085116386413574,1.9993066787719727,97.57543182373047,0.03129614144563675,0.7875913381576538,-,-,-,-,-
29,8704,7.053590774536133,4.623995304107666,229.47216796875,0.039358217269182205,0.9551568031311035,-,-,-,-,-
29,8832,4.510536193847656,2.9385128021240234,144.96925354003906,0.030702458694577217,0.9162821173667908,-,-,-,-,-
29,8960,2.4597182273864746,1.607968807220459,78.17738342285156,0.032137431204319,0.37838315963745117,2.665644645690918,1.728604793548584,83.94957733154297,0.03377002477645874,0.6377403736114502
29,9088,3.2368907928466797,2.0949509143829346,102.23001098632812,0.032721370458602905,0.8691858649253845,-,-,-,-,-
29,9216,3.0060818195343018,1.9637292623519897,95.32664489746094,0.03349297121167183,0.5559293031692505,-,-,-,-,-
29,9344,3.175963878631592,2.0203261375427246,98.1670150756836,0.0323127880692482,1.416548252105713,-,-,-,-,-
29,9472,3.1260080337524414,2.0431947708129883,99.18267059326172,0.034591130912303925,0.5639525651931763,-,-,-,-,-
29,9600,2.3952476978302,1.5585732460021973,75.42532348632812,0.03169845789670944,0.507228434085846,3.6396756172180176,2.381713390350342,116.86328887939453,0.0352276936173439,0.5410146117210388
29,9728,7.642561435699463,5.036577224731445,250.0613250732422,0.03690867871046066,0.6846252679824829,-,-,-,-,-
29,9856,3.915377616882324,2.5638017654418945,125.89962768554688,0.03534197062253952,0.5723769068717957,-,-,-,-,-
29,9984,2.39603853225708,1.5695761442184448,75.96085357666016,0.03072858415544033,0.3612532317638397,-,-,-,-,-
29,10112,2.988635778427124,1.926313877105713,93.65290069580078,0.031024577096104622,0.9476830363273621,-,-,-,-,-
29,10240,2.6604747772216797,1.7248506546020508,83.47273254394531,0.0334165096282959,0.6748033761978149,4.089162826538086,2.6370036602020264,129.53897094726562,0.03665916621685028,1.2011030912399292
29,10368,3.966973066329956,2.5630815029144287,125.93192291259766,0.03660855442285538,1.0796400308609009,-,-,-,-,-
29,10496,3.6763057708740234,2.3750739097595215,116.28312683105469,0.034870319068431854,1.0353028774261475,-,-,-,-,-
29,10624,2.3022866249084473,1.5059418678283691,72.95770263671875,0.033328428864479065,0.33439263701438904,-,-,-,-,-
29,10752,2.7159409523010254,1.7681708335876465,86.12293243408203,0.03260430321097374,0.5393652319908142,-,-,-,-,-
29,10880,3.0664899349212646,2.0155224800109863,98.1718521118164,0.03275167942047119,0.3649745285511017,3.1925580501556396,2.0642566680908203,100.53621673583984,0.03573395311832428,0.8720541596412659
29,11008,3.840806245803833,2.506695032119751,122.60648345947266,0.03742295876145363,0.7062329053878784,-,-,-,-,-
29,11136,2.5988879203796387,1.7076172828674316,82.90701293945312,0.03218457102775574,0.3001590073108673,-,-,-,-,-
29,11264,3.359083414077759,2.1699399948120117,105.80905151367188,0.03562541306018829,0.9542742371559143,-,-,-,-,-
29,11392,2.310091495513916,1.5043301582336426,72.73931121826172,0.03217191994190216,0.46196305751800537,-,-,-,-,-
29,11520,2.1919870376586914,1.4017407894134521,67.67464447021484,0.03284790366888046,0.806520938873291,3.805813789367676,2.503307819366455,122.64555358886719,0.03366908058524132,0.42381414771080017
29,11648,2.46616268157959,1.6033897399902344,77.8667221069336,0.03227323293685913,0.5183252096176147,-,-,-,-,-
29,11776,3.625406503677368,2.360626459121704,115.73985290527344,0.03407032787799835,0.7331127524375916,-,-,-,-,-
29,11904,3.5897328853607178,2.3394622802734375,114.40432739257812,0.03638485074043274,0.69842529296875,-,-,-,-,-
29,12032,3.7287440299987793,2.4435782432556152,119.82693481445312,0.034606561064720154,0.5228986144065857,-,-,-,-,-
29,12160,3.0792391300201416,2.010033369064331,98.20001983642578,0.03340933844447136,0.5379623770713806,3.8027217388153076,2.4703824520111084,121.00559997558594,0.035532090812921524,0.8675129413604736
29,12288,3.0683844089508057,1.996709942817688,97.52572631835938,0.03351486474275589,0.6290216445922852,-,-,-,-,-
29,12416,3.9887332916259766,2.6167409420013428,128.5612030029297,0.03450745344161987,0.5187299847602844,-,-,-,-,-
29,12544,3.1023356914520264,2.0120644569396973,98.12226867675781,0.03023006021976471,0.7881855964660645,-,-,-,-,-
29,12672,3.920725107192993,2.5726683139801025,126.55229187011719,0.03162118047475815,0.5091278553009033,-,-,-,-,-
29,12800,3.4577643871307373,2.254467725753784,110.32427978515625,0.03363163769245148,0.6642254590988159,2.7686214447021484,1.8179892301559448,88.56090545654297,0.029619578272104263,0.35403475165367126
29,12928,2.2164087295532227,1.4581029415130615,70.59201049804688,0.028131475672125816,0.24254336953163147,-,-,-,-,-
29,13056,2.829023599624634,1.7993794679641724,87.54727172851562,0.03275264427065849,1.214187741279602,-,-,-,-,-
29,13184,2.948148727416992,1.915557622909546,93.54136657714844,0.032525159418582916,0.6465251445770264,-,-,-,-,-
29,13312,3.5882763862609863,2.3497371673583984,115.0778579711914,0.03381483629345894,0.5394583940505981,-,-,-,-,-
29,13440,3.474748134613037,2.2637178897857666,111.06128692626953,0.03156202659010887,0.6885521411895752,3.510894536972046,2.2848479747772217,111.56001281738281,0.03681982308626175,0.7362655997276306
29,13568,3.6826272010803223,2.4013779163360596,117.68134307861328,0.036605354398489,0.6783046126365662,-,-,-,-,-
29,13696,6.175715923309326,4.046455383300781,200.4137420654297,0.03412041440606117,0.9100272059440613,-,-,-,-,-
29,13824,3.236314296722412,2.115415334701538,103.32129669189453,0.03117907978594303,0.5650680661201477,-,-,-,-,-
29,13952,3.0002944469451904,1.9328863620758057,94.25128173828125,0.032957836985588074,0.9193763732910156,-,-,-,-,-
29,14080,2.2812888622283936,1.4841935634613037,72.13790893554688,0.029210051521658897,0.4650609493255615,3.4023091793060303,2.18503475189209,107.09349822998047,0.03284831717610359,1.1349095106124878
29,14208,2.9217960834503174,1.8578404188156128,90.65486145019531,0.03549070283770561,1.2191622257232666,-,-,-,-,-
29,14336,3.184243679046631,2.0495588779449463,100.26058197021484,0.03432699292898178,0.9775212407112122,-,-,-,-,-
29,14464,2.724553108215332,1.7645806074142456,85.99939727783203,0.031419724225997925,0.6855880618095398,-,-,-,-,-
29,14592,2.713968515396118,1.7474220991134644,85.29940795898438,0.031228123232722282,0.8232434391975403,-,-,-,-,-
29,14720,3.2716681957244873,2.092376470565796,102.32442474365234,0.033804330974817276,1.222432017326355,5.029468059539795,3.209608554840088,157.77833557128906,0.039483971893787384,2.02592396736145
29,14848,3.056636333465576,1.9808543920516968,96.60921478271484,0.03316328674554825,0.7652640342712402,-,-,-,-,-
29,14976,3.215864896774292,2.057548999786377,100.35377502441406,0.032196711748838425,1.2258151769638062,-,-,-,-,-
29,15104,6.331337928771973,4.12445068359375,204.6596221923828,0.032303549349308014,1.2798728942871094,-,-,-,-,-
29,15232,3.5318069458007812,2.2920258045196533,112.1998291015625,0.03307723626494408,0.8470569849014282,-,-,-,-,-
29,15360,4.539903163909912,2.890730857849121,142.34967041015625,0.03322332724928856,1.9245226383209229,3.633090019226074,2.375605344772339,116.7562484741211,0.03732629120349884,0.5259586572647095
29,15488,4.336745262145996,2.805896043777466,138.21766662597656,0.03925715759396553,1.094153642654419,-,-,-,-,-
29,15616,2.9596195220947266,1.8945058584213257,92.64501190185547,0.031661663204431534,1.07001793384552,-,-,-,-,-
29,15744,2.948410749435425,1.893057107925415,92.5046615600586,0.0359276607632637,0.9437923431396484,-,-,-,-,-
29,15872,2.471517324447632,1.5906773805618286,77.33192443847656,0.02994127944111824,0.7757952213287354,-,-,-,-,-
29,16000,3.284804105758667,2.084303379058838,101.92586517333984,0.033237274736166,1.4800503253936768,3.306135892868042,2.135859251022339,104.19599151611328,0.03360174968838692,0.9471483826637268
29,16128,3.041855812072754,1.9752756357192993,96.4531021118164,0.032664213329553604,0.6938491463661194,-,-,-,-,-
29,16256,2.5114078521728516,1.6034152507781982,77.7909927368164,0.02888951636850834,1.0119330883026123,-,-,-,-,-
29,16384,4.296590328216553,2.7902255058288574,137.39810180664062,0.03672967851161957,0.9565417170524597,-,-,-,-,-
29,16512,4.050206184387207,2.5376336574554443,124.68656158447266,0.0350852832198143,2.3062167167663574,-,-,-,-,-
29,16640,3.2118303775787354,2.1028733253479004,102.7448959350586,0.033078841865062714,0.4842919409275055,3.2441229820251465,2.058328628540039,100.59867095947266,0.032796137034893036,1.4701155424118042
29,16768,2.8010895252227783,1.7662619352340698,86.03963470458984,0.03100201115012169,1.434292197227478,-,-,-,-,-
29,16896,4.163265228271484,2.729386806488037,134.24176025390625,0.03545021638274193,0.5601077079772949,-,-,-,-,-
29,17024,2.5083823204040527,1.6007519960403442,77.7396240234375,0.03285553678870201,0.9737882614135742,-,-,-,-,-
29,17152,2.87382435798645,1.8577955961227417,90.75537872314453,0.032880138605833054,0.7559491991996765,-,-,-,-,-
29,17280,3.629026412963867,2.354954242706299,115.43338012695312,0.03635719045996666,0.833810567855835,2.4788906574249268,1.6149359941482544,78.67057800292969,0.029145309701561928,0.4810366928577423
29,17408,2.3570549488067627,1.538193702697754,74.50690460205078,0.03347940370440483,0.4031282663345337,-,-,-,-,-
29,17536,2.9222044944763184,1.9075919389724731,93.06685638427734,0.03172200173139572,0.5222200751304626,-,-,-,-,-
29,17664,3.4905049800872803,2.2858481407165527,111.51625061035156,0.032161638140678406,0.5733283162117004,-,-,-,-,-
29,17792,2.881988525390625,1.857973575592041,90.36756134033203,0.034381769597530365,0.8595763444900513,-,-,-,-,-
29,17920,3.209049701690674,2.067011833190918,100.93350982666016,0.03267291560769081,1.0002986192703247,6.819605350494385,4.513918876647949,224.1065673828125,0.034691523760557175,0.2992938756942749
29,18048,3.9414827823638916,2.5914089679718018,127.32127380371094,0.0360056608915329,0.4085541367530823,-,-,-,-,-
29,18176,3.1451237201690674,2.0407490730285645,99.86288452148438,0.03714749962091446,0.6859825253486633,-,-,-,-,-
29,18304,3.498621702194214,2.287846088409424,112.21089172363281,0.03494669497013092,0.5372008085250854,-,-,-,-,-
29,18432,3.171147346496582,2.0862183570861816,102.10185241699219,0.03392832726240158,0.2998209595680237,-,-,-,-,-
29,18560,2.858017921447754,1.8725489377975464,91.30687713623047,0.03452441468834877,0.3787575662136078,2.978360176086426,1.9488290548324585,95.11487579345703,0.03099421225488186,0.47388359904289246
29,18688,3.4351372718811035,2.2611608505249023,110.76444244384766,0.029844757169485092,0.3648715317249298,-,-,-,-,-
29,18816,2.775764226913452,1.8108079433441162,88.36935424804688,0.033237557858228683,0.48025286197662354,-,-,-,-,-
29,18944,3.229849338531494,2.105964422225952,103.1410903930664,0.029500139877200127,0.629737377166748,-,-,-,-,-
29,19072,2.719230890274048,1.7783892154693604,86.78968048095703,0.031129823997616768,0.418150931596756,-,-,-,-,-
29,19200,3.4868879318237305,2.2604401111602783,111.01546478271484,0.03293163329362869,0.8336173295974731,3.964695930480957,2.5991222858428955,127.71305847167969,0.035331983119249344,0.5311118364334106
29,19328,2.5833218097686768,1.6850217580795288,81.86811065673828,0.03192353993654251,0.47695422172546387,-,-,-,-,-
29,19456,7.601938247680664,5.012324333190918,249.06710815429688,0.035485852509737015,0.6345693469047546,-,-,-,-,-
29,19584,3.7285842895507812,2.403531789779663,117.9134521484375,0.03150001913309097,1.1441781520843506,-,-,-,-,-
29,19712,3.251396417617798,2.0969667434692383,102.4097900390625,0.03569727763533592,0.9463453888893127,-,-,-,-,-
29,19840,3.742534637451172,2.4496991634368896,120.1556396484375,0.038018953055143356,0.532602071762085,3.088493824005127,1.9946364164352417,97.44944763183594,0.033388447016477585,0.8597452044487
29,19968,2.855931282043457,1.8287944793701172,89.23603820800781,0.03391909599304199,1.0085722208023071,-,-,-,-,-
29,20096,3.2081105709075928,2.0830795764923096,101.94171142578125,0.0323767364025116,0.7323719263076782,-,-,-,-,-
29,20224,3.3212156295776367,2.1487672328948975,105.14421081542969,0.0360955074429512,0.8491089344024658,-,-,-,-,-
29,20352,3.280195951461792,2.1261332035064697,104.20518493652344,0.03446991741657257,0.7754110097885132,-,-,-,-,-
29,20480,2.4331119060516357,1.5849757194519043,76.82042694091797,0.03190743923187256,0.4802452325820923,2.4016685485839844,1.56458580493927,76.10134887695312,0.030997438356280327,0.45071911811828613
29,20608,3.3909811973571777,2.222548246383667,109.14806365966797,0.031147915869951248,0.4580446183681488,-,-,-,-,-
29,20736,5.878103733062744,3.869678497314453,191.98406982421875,0.033148568123579025,0.55435711145401,-,-,-,-,-
29,20864,3.837948799133301,2.5015275478363037,122.47652435302734,0.032594162970781326,0.7906199097633362,-,-,-,-,-
29,20992,2.864424467086792,1.863620638847351,91.00527954101562,0.03162619099020958,0.5912479758262634,-,-,-,-,-
29,21120,2.4541563987731934,1.6077221632003784,78.24899291992188,0.028210679069161415,0.3573381304740906,2.6935174465179443,1.7533615827560425,85.32329559326172,0.03453666716814041,0.5238634943962097
29,21248,8.09878921508789,5.2925543785095215,262.97607421875,0.040306054055690765,1.3616840839385986,-,-,-,-,-
29,21376,3.4725120067596436,2.1712474822998047,106.5169906616211,0.031770993024110794,2.0432379245758057,-,-,-,-,-
29,21504,3.685338020324707,2.431521415710449,119.24729919433594,0.03293094038963318,0.28412777185440063,-,-,-,-,-
29,21632,3.5320241451263428,2.2546422481536865,110.49600982666016,0.03316579386591911,1.3925591707229614,-,-,-,-,-
29,21760,3.940570831298828,2.589141845703125,127.25078582763672,0.0322897844016552,0.4663168787956238,3.746824264526367,2.3931498527526855,117.54112243652344,0.03650791198015213,1.4175539016723633
29,21888,4.0663018226623535,2.6402974128723145,129.8016357421875,0.03440450504422188,0.9358379244804382,-,-,-,-,-
29,22016,4.425230503082275,2.897308826446533,142.7474822998047,0.033171772956848145,0.6727563738822937,-,-,-,-,-
29,22144,3.5920262336730957,2.2992305755615234,112.36796569824219,0.034902043640613556,1.3421385288238525,-,-,-,-,-
29,22272,2.76879620552063,1.809171199798584,88.23181915283203,0.02969815582036972,0.47608667612075806,-,-,-,-,-
29,22400,7.155208587646484,4.691108703613281,232.8813018798828,0.036676567047834396,0.9861040711402893,5.737840175628662,3.758655071258545,186.49172973632812,0.03407461196184158,0.801932156085968
29,22528,3.000840902328491,1.9406365156173706,94.83721160888672,0.03077588975429535,0.8105659484863281,-,-,-,-,-
29,22656,3.133462429046631,2.0022614002227783,97.66968536376953,0.031540397554636,1.2296388149261475,-,-,-,-,-
29,22784,3.093639850616455,1.972990870475769,96.37969207763672,0.030219100415706635,1.2663286924362183,-,-,-,-,-
29,22912,2.750225782394409,1.7556705474853516,85.57357788085938,0.03232866898179054,1.0649083852767944,-,-,-,-,-
29,23040,3.0910286903381348,1.9928858280181885,97.20585632324219,0.03280157595872879,0.9328280687332153,2.7667996883392334,1.7645926475524902,85.91881561279297,0.03189626336097717,1.1112265586853027
29,23168,2.2952330112457275,1.4719737768173218,71.31707000732422,0.029346156865358353,0.8074241280555725,-,-,-,-,-
29,23296,2.6582796573638916,1.725233554840088,84.11515808105469,0.03136983886361122,0.6052458882331848,-,-,-,-,-
29,23424,2.7599148750305176,1.7939485311508179,87.58018493652344,0.030624931678175926,0.5953982472419739,-,-,-,-,-
29,23552,3.497897148132324,2.272848129272461,111.38291931152344,0.0359172448515892,0.7530261874198914,-,-,-,-,-
29,23680,3.592480421066284,2.3305766582489014,114.29293823242188,0.033598754554986954,0.8537585139274597,3.383329153060913,2.2177236080169678,108.65412139892578,0.0319540835916996,0.47110211849212646
29,23808,2.676793098449707,1.7447344064712524,85.0542221069336,0.02995450794696808,0.5156200528144836,-,-,-,-,-
29,23936,2.9564051628112793,1.94327712059021,94.99346923828125,0.030232004821300507,0.32961440086364746,-,-,-,-,-
29,24064,3.426670789718628,2.226184129714966,109.21215057373047,0.03229749947786331,0.7606766223907471,-,-,-,-,-
29,24192,2.579522132873535,1.6723788976669312,81.3939437866211,0.03257819265127182,0.6062564253807068,-,-,-,-,-
29,24320,3.513502836227417,2.261199951171875,110.78447723388672,0.035234175622463226,1.0922383069992065,3.978740692138672,2.5647006034851074,126.1985855102539,0.035383496433496475,1.1667083501815796
29,24448,2.438368797302246,1.5695016384124756,76.49568176269531,0.029673421755433083,0.7423713207244873,-,-,-,-,-
29,24576,3.6364481449127197,2.316762685775757,113.56354522705078,0.03222963586449623,1.518203854560852,-,-,-,-,-
29,24704,2.90848445892334,1.8109896183013916,87.84774017333984,0.03368179500102997,1.8533570766448975,-,-,-,-,-
29,24832,2.7252626419067383,1.7735761404037476,86.40157318115234,0.029509251937270164,0.5816147327423096,-,-,-,-,-
29,24960,3.4605612754821777,2.2379872798919678,109.67395782470703,0.03143194690346718,0.9440250396728516,3.4463276863098145,2.2185733318328857,108.52639770507812,0.030719051137566566,1.1177130937576294
29,25088,3.2414331436157227,2.113658905029297,103.59759521484375,0.028601111844182014,0.6319717168807983,-,-,-,-,-
29,25216,5.464967727661133,3.525951385498047,174.0419158935547,0.03845507279038429,1.601420521736145,-,-,-,-,-
29,25344,4.486751079559326,2.811769723892212,138.3772430419922,0.03902343660593033,2.521855115890503,-,-,-,-,-
29,25472,7.8229660987854,5.1572418212890625,256.46209716796875,0.03515473008155823,0.6594831943511963,-,-,-,-,-
29,25600,3.154724359512329,1.9430010318756104,94.7791976928711,0.03542597219347954,2.28505539894104,2.663601875305176,1.699126958847046,82.71971130371094,0.031317032873630524,1.0596086978912354
29,25728,4.22101354598999,2.694511890411377,132.436279296875,0.035429127514362335,1.667098045349121,-,-,-,-,-
29,25856,4.4457807540893555,2.8878095149993896,142.3189697265625,0.03488442301750183,0.9989722371101379,-,-,-,-,-
29,25984,2.4225690364837646,1.538086175918579,74.74740600585938,0.03305915370583534,1.0394974946975708,-,-,-,-,-
29,26112,3.455979108810425,2.2081398963928223,108.19798278808594,0.03432914614677429,1.3153018951416016,-,-,-,-,-
29,26130,1.5944851636886597,1.0212291479110718,49.07661437988281,0.02568718232214451,0.5680267214775085,3.1529269218444824,1.9420374631881714,94.798828125,0.03136039152741432,2.3154094219207764
30,128,3.8594398498535156,2.3713431358337402,116.30792999267578,0.037204839289188385,2.878127098083496,-,-,-,-,-
30,256,3.524280071258545,2.222073793411255,108.61430358886719,0.031441569328308105,1.8462179899215698,-,-,-,-,-
30,384,3.427846908569336,2.013972043991089,98.49418640136719,0.032996922731399536,3.9593613147735596,-,-,-,-,-
30,512,2.961458683013916,1.8030532598495483,87.94319152832031,0.03252946957945824,2.4644434452056885,-,-,-,-,-
30,640,2.935481548309326,1.7976799011230469,87.36002349853516,0.030770987272262573,2.334303140640259,3.067072629928589,1.9572312831878662,95.190185546875,0.034291401505470276,1.2364803552627563
30,768,6.804208755493164,4.430537223815918,219.9022216796875,0.032073285430669785,1.4257595539093018,-,-,-,-,-
30,896,2.7583014965057373,1.7337461709976196,84.62725830078125,0.03156713768839836,1.4671553373336792,-,-,-,-,-
30,1024,4.857236385345459,2.974630355834961,146.55389404296875,0.03411519527435303,3.8295185565948486,-,-,-,-,-
30,1152,3.659396171569824,2.2116055488586426,108.39974212646484,0.033367596566677094,3.3042566776275635,-,-,-,-,-
30,1280,2.9935903549194336,1.9549144506454468,95.70289611816406,0.03249557688832283,0.4915145933628082,6.696249008178711,4.281192302703857,212.6052703857422,0.033572230488061905,2.554318904876709
30,1408,2.977245330810547,1.8423110246658325,89.70201110839844,0.03208381310105324,2.0583043098449707,-,-,-,-,-
30,1536,3.282806634902954,2.0847883224487305,101.64185333251953,0.035885367542505264,1.4571460485458374,-,-,-,-,-
30,1664,2.7674648761749268,1.7221015691757202,83.66207122802734,0.029748963192105293,1.7899366617202759,-,-,-,-,-
30,1792,2.6497011184692383,1.610099196434021,78.2657241821289,0.029971208423376083,2.2697341442108154,-,-,-,-,-
30,1920,3.333936929702759,2.0329742431640625,99.2077865600586,0.031717780977487564,2.771669864654541,3.403834819793701,2.129438877105713,103.9134521484375,0.036541860550642014,1.9871957302093506
30,2048,3.3243250846862793,2.0967791080474854,102.63816833496094,0.03383372724056244,1.6733050346374512,-,-,-,-,-
30,2176,2.6299710273742676,1.595694661140442,77.64013671875,0.030545489862561226,2.2732961177825928,-,-,-,-,-
30,2304,3.92447829246521,2.4932751655578613,122.4690933227539,0.032300982624292374,1.7421116828918457,-,-,-,-,-
30,2432,2.057512044906616,1.3225244283676147,63.94675827026367,0.029082564637064934,0.6643743515014648,-,-,-,-,-
30,2560,3.1710219383239746,2.013592481613159,98.28888702392578,0.03564921021461487,1.3889111280441284,2.838372230529785,1.8277307748794556,89.04788970947266,0.032069869339466095,0.8809258341789246
30,2688,2.8493292331695557,1.832777976989746,89.35272216796875,0.032469071447849274,0.9055489301681519,-,-,-,-,-
30,2816,2.6075096130371094,1.6480591297149658,80.1283187866211,0.03152335807681084,1.2664393186569214,-,-,-,-,-
30,2944,3.455045223236084,2.2351908683776855,109.4727554321289,0.03613264113664627,0.8899436593055725,-,-,-,-,-
30,3072,6.289072513580322,4.051067352294922,200.865234375,0.037018582224845886,1.9233438968658447,-,-,-,-,-
30,3200,2.7717669010162354,1.7909287214279175,87.30242156982422,0.032146744430065155,0.7566728591918945,4.545548439025879,2.949726104736328,145.30010986328125,0.033610302954912186,1.0921083688735962
30,3328,2.4688897132873535,1.5327321290969849,74.00259399414062,0.03314559534192085,1.629859209060669,-,-,-,-,-
30,3456,2.9524664878845215,1.8979066610336304,92.7243423461914,0.032300081104040146,0.9501649141311646,-,-,-,-,-
30,3584,2.858666181564331,1.8135898113250732,88.54593658447266,0.03171812370419502,1.2789885997772217,-,-,-,-,-
30,3712,2.963435649871826,1.8975048065185547,92.5698013305664,0.03490888699889183,1.053239345550537,-,-,-,-,-
30,3840,3.5140645503997803,2.2419512271881104,109.54474639892578,0.030632905662059784,1.460330605506897,4.4619221687316895,2.8724417686462402,141.46640014648438,0.03575821965932846,1.3905868530273438
30,3968,3.4080896377563477,2.1832997798919678,106.90757751464844,0.032664284110069275,1.2304973602294922,-,-,-,-,-
30,4096,5.340751647949219,3.4337852001190186,169.7611083984375,0.036804720759391785,1.7255052328109741,-,-,-,-,-
30,4224,4.845120429992676,2.9929280281066895,147.39674377441406,0.038416724652051926,3.398080825805664,-,-,-,-,-
30,4352,3.6389057636260986,2.2480108737945557,110.02043914794922,0.03245026245713234,2.5824053287506104,-,-,-,-,-
30,4480,2.7701478004455566,1.7540490627288818,85.3874282836914,0.03275502473115921,1.294692873954773,4.3024115562438965,2.6406795978546143,129.78591918945312,0.034336209297180176,3.295362949371338
30,4608,3.5084407329559326,2.1267096996307373,104.07935333251953,0.032120004296302795,3.0881733894348145,-,-,-,-,-
30,4736,3.1418943405151367,2.0156023502349854,98.58686065673828,0.03131967410445213,1.0910362005233765,-,-,-,-,-
30,4864,4.7148051261901855,2.8737943172454834,141.81985473632812,0.034761350601911545,3.8805086612701416,-,-,-,-,-
30,4992,2.925509452819824,1.864281177520752,91.00531005859375,0.03377484157681465,1.1740041971206665,-,-,-,-,-
30,5120,4.585585117340088,2.744472026824951,135.1853485107422,0.033247608691453934,4.560123443603516,2.4912402629852295,1.6014738082885742,77.89517974853516,0.02893137000501156,0.8188336491584778
30,5248,2.915537118911743,1.8864028453826904,92.13400268554688,0.030475547537207603,0.7731878161430359,-,-,-,-,-
30,5376,6.878169059753418,4.3195576667785645,214.14451599121094,0.03172500804066658,3.8544116020202637,-,-,-,-,-
30,5504,3.103114366531372,1.970968246459961,96.18700408935547,0.03275348246097565,1.3752267360687256,-,-,-,-,-
30,5632,3.1163830757141113,1.9556580781936646,95.49500274658203,0.029710160568356514,1.7606488466262817,-,-,-,-,-
30,5760,2.6227059364318848,1.6615140438079834,80.96021270751953,0.031720709055662155,1.198692798614502,2.6704375743865967,1.673580288887024,81.286865234375,0.032473742961883545,1.5151481628417969
30,5888,4.058653831481934,2.5824623107910156,127.04409790039062,0.03583100438117981,1.6991956233978271,-,-,-,-,-
30,6016,4.57750940322876,2.8742058277130127,141.64988708496094,0.03268008679151535,2.541245460510254,-,-,-,-,-
30,6144,2.617424964904785,1.547788381576538,75.2691879272461,0.02964598499238491,2.8729872703552246,-,-,-,-,-
30,6272,2.276573657989502,1.4319771528244019,69.1668930053711,0.031309060752391815,1.2161855697631836,-,-,-,-,-
30,6400,3.381937265396118,2.0896952152252197,102.03536987304688,0.033892251551151276,2.3799636363983154,6.228176116943359,4.045414924621582,199.816162109375,0.037806153297424316,1.4679402112960815
30,6528,4.056380748748779,2.6220309734344482,128.76266479492188,0.03878457099199295,1.0793862342834473,-,-,-,-,-
30,6656,3.7085161209106445,2.2985386848449707,112.60581970214844,0.03604113310575485,2.4787826538085938,-,-,-,-,-
30,6784,2.5383529663085938,1.636617660522461,79.67344665527344,0.030328040942549706,0.7467300891876221,-,-,-,-,-
30,6912,3.133920192718506,1.9825650453567505,97.04139709472656,0.031654242426157,1.4928680658340454,-,-,-,-,-
30,7040,3.8406190872192383,2.344287395477295,115.25434112548828,0.03618481010198593,3.0760324001312256,2.165844440460205,1.3245035409927368,63.843772888183594,0.028589915484189987,1.743132472038269
30,7168,7.369099140167236,4.7032623291015625,233.73141479492188,0.03383192792534828,2.9469056129455566,-,-,-,-,-
30,7296,3.138389825820923,1.9912055730819702,97.05567932128906,0.03355487436056137,1.43072509765625,-,-,-,-,-
30,7424,3.453956365585327,2.128197193145752,104.15806579589844,0.031219959259033203,2.529585599899292,-,-,-,-,-
30,7552,2.9365015029907227,1.876279354095459,91.38300323486328,0.03242827206850052,1.1396386623382568,-,-,-,-,-
30,7680,3.7331223487854004,2.3616511821746826,115.85310363769531,0.029613062739372253,1.8332730531692505,2.6737537384033203,1.7133063077926636,83.28402709960938,0.0318010039627552,0.9580612778663635
30,7808,3.0364818572998047,1.9441063404083252,94.9333724975586,0.03493281826376915,1.0810893774032593,-,-,-,-,-
30,7936,3.27487850189209,2.039656400680542,99.64924621582031,0.03365578502416611,2.0507383346557617,-,-,-,-,-
30,8064,2.9086344242095947,1.855774998664856,90.62718963623047,0.030763190239667892,1.158244252204895,-,-,-,-,-
30,8192,3.4117748737335205,2.1819651126861572,107.0528793334961,0.03145473450422287,1.2782624959945679,-,-,-,-,-
30,8320,1.826904535293579,1.1864292621612549,57.13227844238281,0.028129208832979202,0.4102325141429901,2.4932525157928467,1.6069833040237427,78.1012954711914,0.029347745701670647,0.7590867877006531
30,8448,3.36720609664917,2.175157070159912,106.49378204345703,0.03426884487271309,0.9284231662750244,-,-,-,-,-
30,8576,2.7851767539978027,1.7882095575332642,87.55303192138672,0.030952289700508118,0.9048469066619873,-,-,-,-,-
30,8704,3.150455951690674,2.031393051147461,99.19795989990234,0.03237133100628853,0.947121262550354,-,-,-,-,-
30,8832,7.801433563232422,5.146886825561523,255.93673706054688,0.035340189933776855,0.5983925461769104,-,-,-,-,-
30,8960,2.978236436843872,1.9366109371185303,94.68805694580078,0.030840782448649406,0.6390416026115417,3.658836841583252,2.392240524291992,117.57298278808594,0.032186537981033325,0.586800754070282
30,9088,3.317802906036377,2.152060031890869,105.26438903808594,0.033996958285570145,0.7910202145576477,-,-,-,-,-
30,9216,2.671241521835327,1.7220274209976196,83.81077575683594,0.03045404702425003,0.8065227270126343,-,-,-,-,-
30,9344,4.568780899047852,2.9479870796203613,144.92410278320312,0.03563990071415901,1.359128713607788,-,-,-,-,-
30,9472,3.4685730934143066,2.1639325618743896,106.02914428710938,0.03362495079636574,2.10724139213562,-,-,-,-,-
30,9600,2.2748239040374756,1.4739121198654175,71.48635864257812,0.03338949754834175,0.5265854597091675,4.790940284729004,3.026679039001465,148.99134826660156,0.03538423776626587,2.3896377086639404
30,9728,2.7410295009613037,1.7494208812713623,85.18077087402344,0.03001699410378933,1.09783935546875,-,-,-,-,-
30,9856,3.5398106575012207,2.2994232177734375,112.78678131103516,0.03241799771785736,0.8010179996490479,-,-,-,-,-
30,9984,3.0551764965057373,1.9277725219726562,94.23233032226562,0.03174315020442009,1.5333778858184814,-,-,-,-,-
30,10112,3.63197922706604,2.3567044734954834,115.41124725341797,0.03494797646999359,0.8621428608894348,-,-,-,-,-
30,10240,5.010779857635498,3.229825735092163,159.0293731689453,0.032976094633340836,1.5768449306488037,3.2048139572143555,2.0642096996307373,100.89277648925781,0.03246667981147766,0.9920998215675354
30,10368,3.428457498550415,2.2299156188964844,109.21569061279297,0.03373875841498375,0.7264617085456848,-,-,-,-,-
30,10496,3.303947925567627,2.1197702884674072,103.59205627441406,0.03265470638871193,1.1560237407684326,-,-,-,-,-
30,10624,2.9661593437194824,1.8838258981704712,91.822265625,0.031766053289175034,1.3234494924545288,-,-,-,-,-
30,10752,3.047370433807373,1.9880174398422241,97.25723266601562,0.029907556250691414,0.568730354309082,-,-,-,-,-
30,10880,3.088691473007202,2.0095863342285156,98.59988403320312,0.029852818697690964,0.632533609867096,2.797745943069458,1.8148024082183838,88.45439910888672,0.030310850590467453,0.6808886528015137
30,11008,3.1715664863586426,2.0330774784088135,99.26445770263672,0.03473822772502899,1.1110618114471436,-,-,-,-,-
30,11136,3.670954942703247,2.3047382831573486,112.7189712524414,0.03553243726491928,2.034944534301758,-,-,-,-,-
30,11264,2.475177049636841,1.6159558296203613,78.64200592041016,0.029245615005493164,0.4355558454990387,-,-,-,-,-
30,11392,2.853048801422119,1.8118884563446045,88.3445816040039,0.029465550556778908,1.2824914455413818,-,-,-,-,-
30,11520,3.60477876663208,2.3179032802581787,113.52684783935547,0.03449973091483116,1.1710749864578247,2.8359317779541016,1.7297601699829102,84.17247772216797,0.032679710537195206,2.31766939163208
30,11648,3.7194013595581055,2.3100061416625977,113.28277587890625,0.033232007175683975,2.4333536624908447,-,-,-,-,-
30,11776,3.8260245323181152,2.472872495651245,121.34831237792969,0.037340112030506134,1.0232871770858765,-,-,-,-,-
30,11904,3.611906051635742,2.1422793865203857,104.78085327148438,0.03353171423077583,3.8828654289245605,-,-,-,-,-
30,12032,2.4458205699920654,1.5706251859664917,76.38555908203125,0.03166789934039116,0.7967195510864258,-,-,-,-,-
30,12160,2.642341136932373,1.5359338521957397,74.36580657958984,0.030272722244262695,3.3247647285461426,2.667818546295166,1.6987507343292236,82.42936706542969,0.02930239401757717,1.1547191143035889
30,12288,3.0331718921661377,1.9334312677383423,94.22779083251953,0.030371688306331635,1.270912766456604,-,-,-,-,-
30,12416,3.07967472076416,1.827189564704895,89.25299835205078,0.03387881815433502,3.26076602935791,-,-,-,-,-
30,12544,3.3924903869628906,2.1166961193084717,103.60955810546875,0.033586252480745316,2.061126947402954,-,-,-,-,-
30,12672,2.461433172225952,1.5157238245010376,73.69800567626953,0.033029865473508835,1.756995439529419,-,-,-,-,-
30,12800,2.227277994155884,1.414743423461914,68.51280975341797,0.031210117042064667,0.9619618058204651,2.734757661819458,1.7162431478500366,83.69390106201172,0.030504465103149414,1.5107117891311646
30,12928,2.170424699783325,1.3649758100509644,66.11685180664062,0.02594420313835144,1.1833617687225342,-,-,-,-,-
30,13056,3.8995518684387207,2.552626371383667,125.2973403930664,0.03611651808023453,0.5783555507659912,-,-,-,-,-
30,13184,3.827287197113037,2.3782236576080322,116.5393295288086,0.034531403332948685,2.4913899898529053,-,-,-,-,-
30,13312,2.7527554035186768,1.7770519256591797,86.6751708984375,0.030100198462605476,0.7885168790817261,-,-,-,-,-
30,13440,3.058256149291992,1.8764307498931885,91.33431243896484,0.03305201977491379,2.3543012142181396,3.8356118202209473,2.407613754272461,117.5031967163086,0.0375407412648201,2.1542556285858154
30,13568,3.390366554260254,2.157472848892212,105.43621826171875,0.03425883501768112,1.4427268505096436,-,-,-,-,-
30,13696,2.7377231121063232,1.678781270980835,81.6064224243164,0.029661979526281357,2.1321592330932617,-,-,-,-,-
30,13824,7.0873823165893555,4.540560722351074,225.4867401123047,0.03540635481476784,2.5654726028442383,-,-,-,-,-
30,13952,3.7605419158935547,2.4601597785949707,120.49075317382812,0.03477204591035843,0.6070264577865601,-,-,-,-,-
30,14080,2.9273953437805176,1.8385875225067139,89.85045623779297,0.03153400868177414,1.5876939296722412,2.3742411136627197,1.5091782808303833,73.3961410522461,0.029659710824489594,1.0144153833389282
30,14208,3.2635915279388428,2.1069817543029785,103.20142364501953,0.03281589224934578,0.917793869972229,-,-,-,-,-
30,14336,2.7616539001464844,1.756361722946167,85.82504272460938,0.028983624652028084,1.1805821657180786,-,-,-,-,-
30,14464,2.944676399230957,1.8751338720321655,91.34941101074219,0.03445226326584816,1.2159615755081177,-,-,-,-,-
30,14592,3.555655002593994,2.227755546569824,109.36322784423828,0.03246466815471649,2.0180258750915527,-,-,-,-,-
30,14720,3.5503315925598145,2.341956853866577,114.87934875488281,0.031113166362047195,0.2846822142601013,3.870062828063965,2.5031495094299316,123.04624938964844,0.02900904044508934,1.0744160413742065
30,14848,3.6443464756011963,2.316193103790283,113.62330627441406,0.03246276453137398,1.594573974609375,-,-,-,-,-
30,14976,2.5219709873199463,1.645884394645691,80.02925109863281,0.03159921616315842,0.4419465959072113,-,-,-,-,-
30,15104,3.3365426063537598,2.140282392501831,104.8303451538086,0.031793806701898575,1.1616308689117432,-,-,-,-,-
30,15232,2.7210521697998047,1.782975435256958,86.93082427978516,0.030306896194815636,0.38461732864379883,-,-,-,-,-
30,15360,2.586655855178833,1.6537307500839233,80.35393524169922,0.03327345475554466,0.9611227512359619,3.7894794940948486,2.467376232147217,121.11622619628906,0.03492558002471924,0.7601568102836609
30,15488,2.313438653945923,1.5148983001708984,73.82759094238281,0.02983277291059494,0.3043149411678314,-,-,-,-,-
30,15616,3.1391096115112305,2.029395341873169,99.33087158203125,0.03262314572930336,0.8378254175186157,-,-,-,-,-
30,15744,2.4588966369628906,1.6056485176086426,77.89091491699219,0.031185904517769814,0.4315306842327118,-,-,-,-,-
30,15872,2.970235586166382,1.9157960414886475,93.35778045654297,0.03205035254359245,0.8881135582923889,-,-,-,-,-
30,16000,3.453197479248047,2.265153408050537,110.72978973388672,0.03258691728115082,0.4815944731235504,2.9632489681243896,1.918264389038086,93.5164566040039,0.03431336581707001,0.7550674676895142
30,16128,4.118518352508545,2.6916966438293457,132.14678955078125,0.03417623043060303,0.7117749452590942,-,-,-,-,-
30,16256,2.662625789642334,1.7284964323043823,84.36956024169922,0.03197459504008293,0.5845920443534851,-,-,-,-,-
30,16384,2.7388148307800293,1.7669403553009033,85.78990936279297,0.03117791749536991,0.8279756307601929,-,-,-,-,-
30,16512,2.124166965484619,1.3906232118606567,67.26913452148438,0.028405992314219475,0.3244669437408447,-,-,-,-,-
30,16640,2.778825521469116,1.7336965799331665,84.32743835449219,0.030806036666035652,1.7104851007461548,3.0217909812927246,1.9484519958496094,95.09664916992188,0.031859662383794785,0.9051300883293152
30,16768,2.9000511169433594,1.8670036792755127,91.08273315429688,0.03117695078253746,0.9104287624359131,-,-,-,-,-
30,16896,2.8151862621307373,1.7699048519134521,86.37031555175781,0.030378470197319984,1.5119973421096802,-,-,-,-,-
30,17024,3.385650873184204,2.2134785652160645,108.70162200927734,0.03092638961970806,0.5422983169555664,-,-,-,-,-
30,17152,3.7075917720794678,2.386291027069092,116.95428466796875,0.031473878771066666,1.2028398513793945,-,-,-,-,-
30,17280,3.5202853679656982,2.31890869140625,113.59455871582031,0.03701730817556381,0.2841370701789856,2.9343247413635254,1.8977233171463013,92.33594512939453,0.029528014361858368,0.8371392488479614
30,17408,2.718094825744629,1.7511481046676636,85.25830078125,0.03164704144001007,0.8271681070327759,-,-,-,-,-
30,17536,6.926129341125488,4.570573329925537,227.05331420898438,0.032486096024513245,0.525371253490448,-,-,-,-,-
30,17664,2.8841423988342285,1.845567226409912,89.94194793701172,0.03435950353741646,1.0479609966278076,-,-,-,-,-
30,17792,3.210956335067749,2.098620891571045,102.41703796386719,0.03227759152650833,0.5588744282722473,-,-,-,-,-
30,17920,2.953009843826294,1.8761627674102783,91.31348419189453,0.034208908677101135,1.2950314283370972,3.0952749252319336,2.0098519325256348,98.04956817626953,0.03348338231444359,0.7144404649734497
30,18048,2.3611786365509033,1.5289216041564941,74.2301025390625,0.033406104892492294,0.5655005574226379,-,-,-,-,-
30,18176,4.012388229370117,2.5873019695281982,127.19844055175781,0.03262871131300926,1.2047321796417236,-,-,-,-,-
30,18304,10.22166633605957,6.683555603027344,333.0986633300781,0.03444502875208855,1.7267982959747314,-,-,-,-,-
30,18432,3.2623026371002197,2.1232335567474365,103.81919860839844,0.03133825585246086,0.6953890323638916,-,-,-,-,-
30,18560,4.56512975692749,2.886924982070923,142.13365173339844,0.03439923748373985,2.2246925830841064,2.6539721488952637,1.7253962755203247,83.86528015136719,0.03118317201733589,0.5873986482620239
30,18688,3.600332260131836,2.320831298828125,113.9146728515625,0.03438326716423035,1.0597079992294312,-,-,-,-,-
30,18816,3.109438419342041,2.0091724395751953,97.98849487304688,0.03378426283597946,0.8659698963165283,-,-,-,-,-
30,18944,2.4245667457580566,1.563133955001831,75.78582763671875,0.030264798551797867,0.7330958247184753,-,-,-,-,-
30,19072,2.897609233856201,1.8884775638580322,92.01293182373047,0.03573092445731163,0.5327165126800537,-,-,-,-,-
30,19200,3.2595221996307373,2.0988805294036865,102.50955963134766,0.033519674092531204,1.020262598991394,3.0798559188842773,2.009685516357422,98.04918670654297,0.03058849275112152,0.5909005999565125
30,19328,3.4041097164154053,2.174180507659912,106.3305435180664,0.034342486411333084,1.3228124380111694,-,-,-,-,-
30,19456,2.5378661155700684,1.6473073959350586,80.0000991821289,0.03415919840335846,0.5639873743057251,-,-,-,-,-
30,19584,2.643181324005127,1.7055015563964844,83.05516052246094,0.029591944068670273,0.7753611207008362,-,-,-,-,-
30,19712,3.3979971408843994,2.195586681365967,107.58946990966797,0.031537216156721115,0.9497831463813782,-,-,-,-,-
30,19840,2.984274387359619,1.9586334228515625,95.5630874633789,0.032357145100831985,0.3765302300453186,2.5450406074523926,1.6459310054779053,80.1216812133789,0.0322878360748291,0.6560500264167786
30,19968,3.104990243911743,2.0029397010803223,97.79400634765625,0.0326993502676487,0.9141114354133606,-,-,-,-,-
30,20096,3.5717313289642334,2.3098390102386475,113.11915588378906,0.03366020694375038,0.9704076647758484,-,-,-,-,-
30,20224,3.1876718997955322,2.078294038772583,101.82553100585938,0.03408084064722061,0.570419430732727,-,-,-,-,-
30,20352,3.442326307296753,2.21835994720459,108.57015991210938,0.033857375383377075,1.0440752506256104,-,-,-,-,-
30,20480,4.065573215484619,2.6462976932525635,130.0804901123047,0.033806391060352325,0.846642792224884,2.803147554397583,1.8051950931549072,87.9538345336914,0.03198840469121933,0.8642584085464478
30,20608,2.7764132022857666,1.7910492420196533,87.0829849243164,0.03275096416473389,0.8178314566612244,-,-,-,-,-
30,20736,3.763427257537842,2.4132986068725586,118.54161834716797,0.03421590477228165,1.3049657344818115,-,-,-,-,-
30,20864,3.961793899536133,2.5903372764587402,126.99122619628906,0.0348975844681263,0.6664690971374512,-,-,-,-,-
30,20992,3.0960357189178467,1.9905356168746948,97.10643768310547,0.035835519433021545,0.9860047101974487,-,-,-,-,-
30,21120,3.5273890495300293,2.233668804168701,109.31729125976562,0.03428107127547264,1.6626609563827515,2.200681209564209,1.4093332290649414,68.40184783935547,0.0312036219984293,0.7612594366073608
30,21248,2.7928683757781982,1.7856305837631226,87.15694427490234,0.03153487294912338,1.0413353443145752,-,-,-,-,-
30,21376,3.2115206718444824,2.0930957794189453,102.5477523803711,0.031880199909210205,0.6106730103492737,-,-,-,-,-
30,21504,4.742713451385498,3.069063901901245,151.04995727539062,0.037233639508485794,1.2591596841812134,-,-,-,-,-
30,21632,3.1696910858154297,2.033778667449951,99.15909576416016,0.03750269487500191,1.0681856870651245,-,-,-,-,-
30,21760,3.2792069911956787,2.1232597827911377,103.98358917236328,0.034555502235889435,0.8155619502067566,2.541367530822754,1.6434807777404785,79.80603790283203,0.03216489031910896,0.6766161918640137
30,21888,2.6615192890167236,1.743306279182434,84.77525329589844,0.029923010617494583,0.40537506341934204,-,-,-,-,-
30,22016,3.0282654762268066,1.9485082626342773,95.22486114501953,0.03199191763997078,0.955167829990387,-,-,-,-,-
30,22144,2.3414275646209717,1.5293760299682617,74.23997497558594,0.02923491597175598,0.40417054295539856,-,-,-,-,-
30,22272,2.818916082382202,1.8226910829544067,89.15998077392578,0.031695667654275894,0.7292959094047546,-,-,-,-,-
30,22400,2.8976480960845947,1.8988819122314453,92.3156509399414,0.03385927155613899,0.41750481724739075,3.465874671936035,2.254991292953491,110.4736557006836,0.032283030450344086,0.7386364936828613
30,22528,3.2264821529388428,2.0722317695617676,101.40591430664062,0.03519972413778305,1.0499156713485718,-,-,-,-,-
30,22656,4.642467975616455,3.0131430625915527,148.83604431152344,0.033073507249355316,1.0789101123809814,-,-,-,-,-
30,22784,3.2239556312561035,2.11240553855896,103.23918914794922,0.03277061879634857,0.46387580037117004,-,-,-,-,-
30,22912,2.660761594772339,1.7288920879364014,84.11907196044922,0.03358842432498932,0.5709056258201599,-,-,-,-,-
30,23040,3.0415115356445312,1.9842251539230347,97.14875793457031,0.03151741996407509,0.5428116321563721,3.44279146194458,2.253572702407837,110.3647232055664,0.035109832882881165,0.5046165585517883
30,23168,2.773308753967285,1.8206734657287598,88.78254699707031,0.03036951646208763,0.3444031774997711,-,-,-,-,-
30,23296,6.528307914733887,4.293898105621338,212.7672882080078,0.033955421298742294,0.7278134226799011,-,-,-,-,-
30,23424,3.2450053691864014,2.090862274169922,102.25899505615234,0.03360351175069809,0.979498565196991,-,-,-,-,-
30,23552,2.7767019271850586,1.7897416353225708,87.08645629882812,0.03200264647603035,0.8409302830696106,-,-,-,-,-
30,23680,2.953345775604248,1.8902961015701294,92.171630859375,0.03423463553190231,1.0709878206253052,2.978012800216675,1.9417436122894287,94.79525756835938,0.03165046498179436,0.5666603446006775
30,23808,2.336365222930908,1.505065679550171,73.07723236083984,0.03185470774769783,0.6867268085479736,-,-,-,-,-
30,23936,3.2764108180999756,2.141860246658325,105.06946563720703,0.03320702165365219,0.5064892768859863,-,-,-,-,-
30,24064,7.465541362762451,4.884609222412109,242.2487335205078,0.036530982702970505,1.219139814376831,-,-,-,-,-
30,24192,2.7649240493774414,1.7982219457626343,87.58544158935547,0.030815226957201958,0.6003270745277405,-,-,-,-,-
30,24320,3.8677473068237305,2.487431287765503,122.0071029663086,0.03662734851241112,1.236176609992981,7.381816864013672,4.827742099761963,240.12928771972656,0.032666243612766266,1.2011590003967285
30,24448,2.8517918586730957,1.802805781364441,87.94819641113281,0.0324954092502594,1.3700860738754272,-,-,-,-,-
30,24576,3.20019268989563,2.074711561203003,101.75096893310547,0.03444628417491913,0.7352511286735535,-,-,-,-,-
30,24704,3.654709815979004,2.27551531791687,111.5665283203125,0.03213142603635788,2.3139798641204834,-,-,-,-,-
30,24832,3.605745792388916,2.3169639110565186,113.77974700927734,0.03295426815748215,1.180301547050476,-,-,-,-,-
30,24960,2.4171864986419678,1.5343424081802368,74.47276306152344,0.030677644535899162,1.0743895769119263,4.037495136260986,2.6331801414489746,129.3579559326172,0.033509958535432816,0.7722540497779846
30,25088,2.690403938293457,1.742870807647705,84.99373626708984,0.031827475875616074,0.6576835513114929,-,-,-,-,-
30,25216,3.305164337158203,2.1332435607910156,104.463623046875,0.03360070288181305,0.9368371963500977,-,-,-,-,-
30,25344,6.281479358673096,4.099759101867676,203.3218536376953,0.03621375560760498,1.1228814125061035,-,-,-,-,-
30,25472,2.949472188949585,1.9045158624649048,92.84786987304688,0.03490488976240158,0.8157275319099426,-,-,-,-,-
30,25600,2.5869669914245605,1.673685908317566,81.46871185302734,0.029170604422688484,0.694233238697052,3.1533117294311523,2.0517380237579346,100.32861328125,0.029573941603302956,0.6871355175971985
30,25728,3.3278067111968994,2.1548941135406494,105.56792449951172,0.0312768816947937,0.8595653772354126,-,-,-,-,-
30,25856,3.998028516769409,2.5938196182250977,127.50544738769531,0.03526149317622185,0.9389306306838989,-,-,-,-,-
30,25984,3.3645269870758057,2.1966543197631836,107.5237808227539,0.03304287791252136,0.5959199070930481,-,-,-,-,-
30,26112,3.0679612159729004,1.9546476602554321,95.41712951660156,0.033049073070287704,1.2609312534332275,-,-,-,-,-
30,26130,3.3233702182769775,2.1420724391937256,104.90966796875,0.03868521377444267,0.9351565837860107,3.993319034576416,2.569277286529541,125.86604309082031,0.0384286604821682,1.2695285081863403
