epoch,lifetime,reward_mean,policy_loss,value_loss,sym_loss,score_real__/full,score_fake__/full,disc_reward__/full
1,14.375,-0.0038343584164977074,0.1593531124293804,0.9867002367973328,0.0,0.021496126428246498,0.008077224949374795,-0.0038343584164977074
10,19.78125,-0.02963607758283615,-0.026821764931082726,0.21572559773921968,0.0,0.018946754332217906,0.001391146707141565,-0.02963607758283615
20,22.40625,-0.03564225137233734,-0.028476770408451556,0.05236908532679081,0.0,0.024242292810231447,-0.0035709165735170246,-0.03564225137233734
30,20.6875,-0.04330543056130409,-0.03258270062506199,0.04876376688480377,0.0,0.03099400643259287,-0.005145365151111037,-0.04330543056130409
40,18.03125,-0.04535607621073723,-0.03146542683243751,0.057028689235448835,0.0,0.03873369069769979,-0.008977844100445508,-0.04535607621073723
50,20.125,-0.05362222343683243,-0.03121498813852668,0.06369773559272289,0.0,0.04656411334872246,-0.015962043963372707,-0.05362222343683243
60,20.40625,-0.059552788734436035,-0.03432094100862741,0.10764790549874306,0.0,0.05352057609707117,-0.02397228153422475,-0.059552788734436035
70,14.4375,-0.06681402027606964,-0.03264287188649177,0.06597882471978664,0.0,0.062201506458222866,-0.032797830365598205,-0.06681402027606964
80,13.09375,-0.0781966894865036,-0.03326623849570751,0.06595692373812198,0.0,0.06813142225146293,-0.0404579371213913,-0.0781966894865036
90,20.5,-0.0799151137471199,-0.030071160476654767,0.05889501161873341,0.0,0.07726707346737385,-0.05134445037692785,-0.0799151137471199
100,18.3125,-0.09654466807842255,-0.03266844805330038,0.0560069490224123,0.0,0.08303347490727901,-0.05975152235478163,-0.09654466807842255
110,16.96875,-0.10726425051689148,-0.030098258145153524,0.035065436363220216,0.0,0.08958527967333793,-0.07015959713608026,-0.10726425051689148
120,15.90625,-0.10857990384101868,-0.03569413181394339,0.04297830760478973,0.0,0.09566303044557571,-0.07966990992426873,-0.10857990384101868
130,21.875,-0.12182508409023285,-0.027585782390087844,0.02609223369508982,0.0,0.09961486235260963,-0.08967502303421497,-0.12182508409023285
140,14.34375,-0.11513270437717438,-0.038153445720672606,0.02980554588139057,0.0,0.10397679433226585,-0.08904551938176156,-0.11513270437717438
150,22.9375,-0.12213774025440216,-0.028203945606946945,0.03235096447169781,0.0,0.11075270399451256,-0.09654282331466675,-0.12213774025440216
160,15.34375,-0.13563302159309387,-0.03371606897562742,0.02675738129764795,0.0,0.11345484629273414,-0.10138380639255047,-0.13563302159309387
170,20.65625,-0.1346980482339859,-0.035322354175150394,0.039006319083273414,0.0,0.11892739199101925,-0.10519859232008458,-0.1346980482339859
180,18.8125,-0.1452377587556839,-0.03410157449543476,0.01633733306080103,0.0,0.12245436012744904,-0.11057764999568462,-0.1452377587556839
190,21.40625,-0.13263601064682007,-0.030898790620267392,0.044595788419246676,0.0,0.12659212052822114,-0.11031918227672577,-0.13263601064682007
200,16.125,-0.1595611870288849,-0.03230307889170945,0.0240567859262228,0.0,0.13045206852257252,-0.11825227178633213,-0.1595611870288849
210,16.53125,-0.16002774238586426,-0.032438619807362554,0.028676327876746656,0.0,0.1312115266919136,-0.1193595677614212,-0.16002774238586426
220,18.21875,-0.1387413740158081,-0.03159924671053886,0.022561855800449847,0.0,0.13559018969535827,-0.120969283208251,-0.1387413740158081
230,20.5625,-0.15593737363815308,-0.031184635311365127,0.035270295850932595,0.0,0.13690876215696335,-0.12485912218689918,-0.15593737363815308
240,20.625,-0.15355302393436432,-0.03538222834467888,0.02767585851252079,0.0,0.1413948155939579,-0.1341299843043089,-0.15355302393436432
250,20.34375,-0.16842913627624512,-0.034881144389510156,0.02355767972767353,0.0,0.140262121707201,-0.1312104780226946,-0.16842913627624512
260,15.375,-0.1714305579662323,-0.031004168465733527,0.03600152526050806,0.0,0.1423558473587036,-0.13684284389019014,-0.1714305579662323
270,19.59375,-0.16845685243606567,-0.030748815275728703,0.02627489361912012,0.0,0.1412797711789608,-0.1429161436855793,-0.16845685243606567
280,20.375,-0.16179923713207245,-0.03549145357683301,0.022728399373590946,0.0,0.14503540545701982,-0.1427672103047371,-0.16179923713207245
290,16.5,-0.1831866204738617,-0.03478514235466719,0.0203264307230711,0.0,0.14652154296636583,-0.1498218834400177,-0.1831866204738617
300,17.96875,-0.16884785890579224,-0.03333919662982225,0.026061007007956504,0.0,0.1471579886972904,-0.1469023697078228,-0.16884785890579224
310,18.0625,-0.17045694589614868,-0.03623472973704338,0.04284691493958235,0.0,0.14982321485877037,-0.1515597142279148,-0.17045694589614868
320,15.1875,-0.18433421850204468,-0.027851171884685756,0.076161590218544,0.0,0.15032313466072084,-0.15161743015050888,-0.18433421850204468
330,16.8125,-0.17910020053386688,-0.037129870522767304,0.02457211222499609,0.0,0.15204073563218118,-0.15304344072937964,-0.17910020053386688
340,21.84375,-0.18586260080337524,-0.0305476401001215,0.018244873825460674,0.0,0.15351538509130477,-0.15070561990141867,-0.18586260080337524
350,19.8125,-0.16800656914710999,-0.034946511033922434,0.019634667225182055,0.0,0.155200282484293,-0.14770616739988326,-0.16800656914710999
360,20.53125,-0.1676153689622879,-0.032242292538285255,0.01223407369107008,0.0,0.15766890719532967,-0.14889245554804803,-0.1676153689622879
370,22.125,-0.17527292668819427,-0.03491935152560473,0.020558132603764535,0.0,0.15948304682970046,-0.15202399492263793,-0.17527292668819427
380,16.9375,-0.19326603412628174,-0.030715776048600672,0.03642334397882223,0.0,0.15890791416168212,-0.15283670648932457,-0.19326603412628174
390,18.40625,-0.15957123041152954,-0.03232050072401762,0.021939911879599094,0.0,0.16232681423425674,-0.1494079165160656,-0.15957123041152954
400,19.0,-0.16390633583068848,-0.035859419405460356,0.021381372958421706,0.0,0.16140692830085754,-0.1482902817428112,-0.16390633583068848
410,17.90625,-0.17511838674545288,-0.03359358455054462,0.022319231554865836,0.0,0.16379436627030372,-0.1496668353676796,-0.17511838674545288
420,15.40625,-0.16486534476280212,-0.03815201669931412,0.04464453645050526,0.0,0.16443905010819435,-0.14743231534957885,-0.16486534476280212
430,12.25,-0.1846325695514679,-0.041869891621172425,0.040562590956687926,0.0,0.16421590074896814,-0.1484215147793293,-0.1846325695514679
440,17.34375,-0.18569016456604004,-0.031691524758934976,0.02375209778547287,0.0,0.1642901934683323,-0.14608395844697952,-0.18569016456604004
450,19.28125,-0.1716100573539734,-0.03408855330199003,0.021602695621550084,0.0,0.16266951486468315,-0.15015924051404,-0.1716100573539734
460,16.96875,-0.1577087640762329,-0.030762163829058407,0.027804813534021377,0.0,0.16444265171885492,-0.14933127015829087,-0.1577087640762329
470,17.71875,-0.16748857498168945,-0.029737037420272828,0.026076348684728145,0.0,0.1645116128027439,-0.14809099584817886,-0.16748857498168945
480,17.71875,-0.16457083821296692,-0.03280403055250645,0.032067357935011385,0.0,0.16517841294407845,-0.1469082672148943,-0.16457083821296692
490,17.46875,-0.14531093835830688,-0.027587099745869637,0.03716176338493824,0.0,0.16609949246048927,-0.13967748247087003,-0.14531093835830688
500,18.125,-0.17782405018806458,-0.03322039153426885,0.07055351175367833,0.0,0.16619132235646247,-0.14177320674061775,-0.17782405018806458
510,15.15625,-0.1793021261692047,-0.03744163187220693,0.03961618971079588,0.0,0.16549406945705414,-0.13650076054036617,-0.1793021261692047
520,15.0,-0.1683204472064972,-0.03610446499660611,0.057828213647007944,0.0,0.16526605561375618,-0.13879271522164344,-0.1683204472064972
530,17.78125,-0.17041242122650146,-0.037179488129913806,0.023056370206177235,0.0,0.16514789089560508,-0.14291400983929634,-0.17041242122650146
540,18.0,-0.1629064381122589,-0.03751668203622103,0.04528875686228275,0.0,0.16505566313862802,-0.13976947516202926,-0.1629064381122589
550,20.0,-0.1662004292011261,-0.03499472560361028,0.02438633982092142,0.0,0.16759799048304558,-0.14193230718374253,-0.1662004292011261
560,16.96875,-0.17543946206569672,-0.03316401802003384,0.033386042527854445,0.0,0.1631434053182602,-0.1416023574769497,-0.17543946206569672
570,18.375,-0.16181007027626038,-0.0309587131254375,0.044876008108258245,0.0,0.1656349405646324,-0.13918713741004468,-0.16181007027626038
580,16.5,-0.15781724452972412,-0.03617909736931324,0.043200552463531494,0.0,0.16627389937639236,-0.13751806020736695,-0.15781724452972412
590,20.375,-0.15772055089473724,-0.029407437331974505,0.051013019680976865,0.0,0.1658559374511242,-0.13668034002184867,-0.15772055089473724
600,16.59375,-0.15567071735858917,-0.0368641372770071,0.047606601379811764,0.0,0.16714950129389763,-0.13546548560261726,-0.15567071735858917
610,20.625,-0.16707022488117218,-0.034201787086203694,0.030303911305963993,0.0,0.16748368218541146,-0.13758581578731538,-0.16707022488117218
620,16.75,-0.17017138004302979,-0.03380050463601947,0.03148646131157875,0.0,0.1642135888338089,-0.1356401614844799,-0.17017138004302979
630,18.21875,-0.16071251034736633,-0.03125568861141801,0.1119544580578804,0.0,0.16373117938637732,-0.13618238866329194,-0.16071251034736633
640,20.8125,-0.14522206783294678,-0.030871778540313245,0.023916129022836685,0.0,0.160757352411747,-0.13707328885793685,-0.14522206783294678
650,18.0625,-0.1489226073026657,-0.0314382029697299,0.02797831390053034,0.0,0.1614535130560398,-0.1387053832411766,-0.1489226073026657
660,22.0625,-0.1574612855911255,-0.039493090286850926,0.06914480663836002,0.0,0.15798599943518638,-0.1407500796020031,-0.1574612855911255
670,22.03125,-0.16261723637580872,-0.03763920050114393,0.03176520280539989,0.0,0.15561939626932145,-0.14322029575705528,-0.16261723637580872
680,18.59375,-0.1753910779953003,-0.03269170178100467,0.049625232443213464,0.0,0.1546126313507557,-0.14888799712061881,-0.1753910779953003
690,20.71875,-0.17532312870025635,-0.03370873611420393,0.021787502244114874,0.0,0.15500785112380983,-0.1524786278605461,-0.17532312870025635
700,23.34375,-0.1737499237060547,-0.03157630814239383,0.06071019247174263,0.0,0.1564243644475937,-0.15294067189097404,-0.1737499237060547
710,20.5,-0.17408862709999084,-0.03014355171471834,0.03172207456082106,0.0,0.15575422197580338,-0.15111858695745467,-0.17408862709999084
720,16.15625,-0.17504125833511353,-0.034217184968292715,0.04458323735743761,0.0,0.15458431467413902,-0.15202246978878975,-0.17504125833511353
730,19.34375,-0.18213944137096405,-0.029018426779657602,0.036193850077688695,0.0,0.15576836243271827,-0.1554765783250332,-0.18213944137096405
740,16.65625,-0.17909850180149078,-0.03556904504075646,0.04563556872308254,0.0,0.15638695061206817,-0.15146648436784743,-0.17909850180149078
750,23.25,-0.16116048395633698,-0.03217947892844677,0.04567496106028557,0.0,0.1586487352848053,-0.14944298267364503,-0.16116048395633698
760,20.03125,-0.17231203615665436,-0.03411256186664104,0.03235195148736238,0.0,0.15863724052906036,-0.15115799531340599,-0.17231203615665436
770,19.78125,-0.1685938537120819,-0.032098596915602684,0.05275491587817669,0.0,0.15951314941048622,-0.14869607090950013,-0.1685938537120819
780,18.875,-0.1762617826461792,-0.03279695995151997,0.06662652902305126,0.0,0.16005018204450608,-0.1505182810127735,-0.1762617826461792
790,22.34375,-0.17231431603431702,-0.0370361584238708,0.05127856992185116,0.0,0.16211521849036217,-0.1461184799671173,-0.17231431603431702
800,20.3125,-0.17001481354236603,-0.03552071712911129,0.04952496346086264,0.0,0.16365786120295525,-0.14590212926268578,-0.17001481354236603
810,16.03125,-0.1825738251209259,-0.03833844307810068,0.03345581404864788,0.0,0.16541582494974136,-0.1406688578426838,-0.1825738251209259
820,16.9375,-0.16101744771003723,-0.038084532041102646,0.04249226562678814,0.0,0.16662548631429672,-0.14107950888574122,-0.16101744771003723
830,19.90625,-0.14626240730285645,-0.03453547395765781,0.07244351282715797,0.0,0.16785968691110612,-0.14040092527866363,-0.14626240730285645
840,21.65625,-0.1542193740606308,-0.028946388978511095,0.05459698382765055,0.0,0.16848792284727096,-0.13879942521452904,-0.1542193740606308
850,21.0,-0.15905340015888214,-0.03405705317854881,0.0653825232759118,0.0,0.1690877765417099,-0.13680953308939933,-0.15905340015888214
860,22.03125,-0.14115189015865326,-0.032661284785717726,0.024946605786681175,0.0,0.17209313735365867,-0.13706314526498317,-0.14115189015865326
870,16.0625,-0.15826645493507385,-0.03565232809633016,0.04161766357719898,0.0,0.17236336469650268,-0.1351445559412241,-0.15826645493507385
880,16.0,-0.1489281952381134,-0.03017357811331749,0.10556298717856408,0.0,0.17255539819598198,-0.13375499285757542,-0.1489281952381134
890,18.4375,-0.1502547711133957,-0.034189082030206916,0.034998553805053234,0.0,0.17450006306171417,-0.129121021553874,-0.1502547711133957
900,18.03125,-0.16016030311584473,-0.036111447215080264,0.059907594323158266,0.0,0.17493588477373123,-0.1277257025241852,-0.16016030311584473
910,20.78125,-0.15713796019554138,-0.030188207887113093,0.03618222624063492,0.0,0.17534976080060005,-0.12658203691244124,-0.15713796019554138
920,23.9375,-0.13774313032627106,-0.02753950972110033,0.03202144391834736,0.0,0.17629763707518578,-0.12527686581015587,-0.13774313032627106
930,17.90625,-0.14694440364837646,-0.03589189192280173,0.03706834763288498,0.0,0.17717046812176704,-0.12254253812134266,-0.14694440364837646
940,20.53125,-0.13319049775600433,-0.02600033082999289,0.040570438280701636,0.0,0.17570395022630692,-0.12700154557824134,-0.13319049775600433
950,22.59375,-0.14059722423553467,-0.0338032616302371,0.03839337565004826,0.0,0.17714364230632781,-0.1212582491338253,-0.14059722423553467
960,25.5625,-0.14993374049663544,-0.03041038606315851,0.0213950140401721,0.0,0.17557117193937302,-0.12310132905840873,-0.14993374049663544
970,25.3125,-0.14090481400489807,-0.037087516486644746,0.02390917669981718,0.0,0.17249746918678283,-0.1233817245811224,-0.14090481400489807
980,21.1875,-0.14704835414886475,-0.03687323778867722,0.04317169673740864,0.0,0.17268546000123025,-0.1229670736938715,-0.14704835414886475
990,20.8125,-0.15523478388786316,-0.03645072132349014,0.02352961488068104,0.0,0.17374073341488838,-0.12303759381175042,-0.15523478388786316
1000,15.71875,-0.16785070300102234,-0.03586791167035699,0.04593295156955719,0.0,0.17381937727332114,-0.11951357685029507,-0.16785070300102234
1010,22.375,-0.12139229476451874,-0.03434099741280079,0.020985710434615612,0.0,0.1741124324500561,-0.1143783364444971,-0.12139229476451874
1020,25.71875,-0.12350167334079742,-0.030466162599623203,0.05170238278806209,0.0,0.17837896794080735,-0.11148174777626992,-0.12350167334079742
1030,21.03125,-0.1389930695295334,-0.03148727947846055,0.041475376859307286,0.0,0.1805047519505024,-0.10686801970005036,-0.1389930695295334
1040,23.21875,-0.11038844287395477,-0.0349447688087821,0.040767808258533475,0.0,0.18267597109079362,-0.10456205047667026,-0.11038844287395477
1050,19.03125,-0.1415407806634903,-0.038257316872477534,0.033524667099118236,0.0,0.18687618225812913,-0.10543983280658722,-0.1415407806634903
1060,19.09375,-0.12589603662490845,-0.04131414880976081,0.044820268824696544,0.0,0.18862430453300477,-0.10114235617220402,-0.12589603662490845
1070,18.15625,-0.12892061471939087,-0.034331392124295236,0.02637933548539877,0.0,0.18904764205217361,-0.0969685398042202,-0.12892061471939087
1080,24.78125,-0.1261136531829834,-0.03546441700309515,0.06469766832888127,0.0,0.19263684153556823,-0.09856031611561775,-0.1261136531829834
1090,18.46875,-0.10971913486719131,-0.031543363071978095,0.03223781883716583,0.0,0.19132764637470245,-0.09663739874958992,-0.10971913486719131
1100,16.9375,-0.12705865502357483,-0.03251070296391845,0.08746514990925788,0.0,0.18828378841280938,-0.10226797275245189,-0.12705865502357483
1110,21.0,-0.12473426759243011,-0.025774986296892167,0.06720046363770962,0.0,0.19050850048661233,-0.10030145347118377,-0.12473426759243011
1120,21.21875,-0.1259748488664627,-0.03350798804312945,0.060814956575632094,0.0,0.18591267839074135,-0.10119879618287086,-0.1259748488664627
1130,20.90625,-0.12900234758853912,-0.02928000525571406,0.04454812426120043,0.0,0.18678755834698677,-0.10212530754506588,-0.12900234758853912
1140,20.25,-0.12011007219552994,-0.035988665744662286,0.03360387701541186,0.0,0.18775580152869226,-0.10533543601632119,-0.12011007219552994
1150,14.8125,-0.15947571396827698,-0.03855466656386852,0.07190372571349143,0.0,0.18704165816307067,-0.10798976346850395,-0.15947571396827698
1160,16.8125,-0.13486701250076294,-0.03328911224380136,0.06504358425736427,0.0,0.18999474197626115,-0.10051063746213913,-0.13486701250076294
1170,16.59375,-0.13476231694221497,-0.03822199609130621,0.05552812442183495,0.0,0.19185548648238182,-0.0995414413511753,-0.13476231694221497
1180,14.5625,-0.1415383368730545,-0.03702847436070442,0.07617590390145779,0.0,0.19228255972266198,-0.10245712138712407,-0.1415383368730545
1190,15.21875,-0.12457236647605896,-0.03659164309501648,0.07767117246985436,0.0,0.19443489089608193,-0.09821374788880348,-0.12457236647605896
1200,18.4375,-0.1333542764186859,-0.03347816169261932,0.06614631377160549,0.0,0.19329339265823364,-0.09743679948151111,-0.1333542764186859
1210,22.1875,-0.12726649641990662,-0.03643988436087966,0.04449876397848129,0.0,0.19345081001520156,-0.09752175323665142,-0.12726649641990662
1220,19.25,-0.13632255792617798,-0.03400403708219528,0.05932966247200966,0.0,0.19289646223187445,-0.10599934346973897,-0.13632255792617798
1230,20.0,-0.13268925249576569,-0.03377327974885702,0.02200139332562685,0.0,0.19320788010954856,-0.10273072309792042,-0.13268925249576569
1240,17.0625,-0.13522697985172272,-0.033379087969660756,0.052335618808865544,0.0,0.1920136623084545,-0.1007905948907137,-0.13522697985172272
1250,21.46875,-0.11830410361289978,-0.033295991737395524,0.053870277106761934,0.0,0.19327988401055335,-0.10485508888959885,-0.11830410361289978
1260,16.78125,-0.1391768604516983,-0.040743752382695675,0.03118116706609726,0.0,0.1932789795100689,-0.10490376353263856,-0.1391768604516983
1270,16.71875,-0.11354033648967743,-0.03459984250366688,0.058259237185120584,0.0,0.19502453729510308,-0.10149262323975564,-0.11354033648967743
1280,15.875,-0.12014830112457275,-0.03757506404072046,0.0699000485241413,0.0,0.19634974524378776,-0.09899001568555832,-0.12014830112457275
1290,18.1875,-0.13419637084007263,-0.039650747738778594,0.08331025689840317,0.0,0.19610751196742057,-0.09825376980006695,-0.13419637084007263
1300,20.6875,-0.13825666904449463,-0.03402325976639986,0.05164290145039559,0.0,0.1981661967933178,-0.1006653007119894,-0.13825666904449463
1310,17.15625,-0.13618366420269012,-0.03580170115455985,0.09030294828116894,0.0,0.19727285504341124,-0.09901200905442238,-0.13618366420269012
1320,16.46875,-0.12371355295181274,-0.03603073358535767,0.027500346675515173,0.0,0.1975120097398758,-0.09785774573683739,-0.12371355295181274
1330,18.28125,-0.13058403134346008,-0.034759359806776045,0.052090184018015864,0.0,0.19807719588279724,-0.09997605122625827,-0.13058403134346008
1340,15.53125,-0.12919224798679352,-0.035864853858947755,0.06813279464840889,0.0,0.2008827142417431,-0.09781623110175133,-0.12919224798679352
1350,17.875,-0.1370292454957962,-0.028520775213837623,0.0827652107924223,0.0,0.19886818155646324,-0.0979791384190321,-0.1370292454957962
1360,15.9375,-0.1339353322982788,-0.027278672996908428,0.05467710271477699,0.0,0.1986226312816143,-0.09852427802979946,-0.1339353322982788
1370,18.125,-0.12961673736572266,-0.0353610479272902,0.04691014997661114,0.0,0.19923124238848686,-0.10193509459495545,-0.12961673736572266
1380,16.21875,-0.1350189745426178,-0.041729733161628244,0.0567714761942625,0.0,0.19527788311243058,-0.10289490222930908,-0.1350189745426178
1390,18.5,-0.13286092877388,-0.035154356993734835,0.07690607532858848,0.0,0.1974405251443386,-0.10204805545508862,-0.13286092877388
1400,18.0,-0.14135228097438812,-0.035977134667336944,0.038681792095303535,0.0,0.19838153794407845,-0.10287191532552242,-0.14135228097438812
1410,19.53125,-0.09717917442321777,-0.02879713550209999,0.07916738018393517,0.0,0.19426880329847335,-0.10121219009160995,-0.09717917442321777
1420,18.875,-0.11172667890787125,-0.032544996775686744,0.03111375030130148,0.0,0.19823430106043816,-0.10051888935267925,-0.11172667890787125
1430,17.125,-0.12528803944587708,-0.038726812414824965,0.03996958695352078,0.0,0.19606355503201484,-0.10003024265170098,-0.12528803944587708
1440,19.53125,-0.10813973844051361,-0.034053705632686615,0.038763166032731534,0.0,0.19839097037911416,-0.10158384889364243,-0.10813973844051361
1450,17.84375,-0.12333367764949799,-0.034694138541817666,0.06329871565103531,0.0,0.19877181574702263,-0.10240304991602897,-0.12333367764949799
1460,20.8125,-0.12484077364206314,-0.037131617590785024,0.06925410106778145,0.0,0.19622426629066467,-0.10183715596795082,-0.12484077364206314
1470,15.09375,-0.15513545274734497,-0.037824014015495774,0.029843112081289293,0.0,0.19375133737921715,-0.10601746551692486,-0.15513545274734497
1480,18.125,-0.13173410296440125,-0.03781053423881531,0.044323968887329104,0.0,0.19641213342547417,-0.10163043737411499,-0.13173410296440125
1490,21.71875,-0.12149151414632797,-0.03320724181830883,0.03695999588817358,0.0,0.19497663602232934,-0.10048233978450298,-0.12149151414632797
1500,20.5625,-0.1341298520565033,-0.031196848675608634,0.027305623702704906,0.0,0.19710169732570648,-0.09748824611306191,-0.1341298520565033
1510,20.8125,-0.12286326289176941,-0.03809373117983341,0.029980885982513427,0.0,0.1956865593791008,-0.1028815433382988,-0.12286326289176941
1520,17.6875,-0.11169265955686569,-0.03427928276360035,0.06477478072047234,0.0,0.19616205766797065,-0.09763925969600677,-0.11169265955686569
1530,19.96875,-0.13442248106002808,-0.03783653900027275,0.04107297584414482,0.0,0.19548166766762734,-0.1024665642529726,-0.13442248106002808
1540,23.75,-0.12098769843578339,-0.03313363017514348,0.04587789103388786,0.0,0.19680003076791763,-0.10131488479673863,-0.12098769843578339
1550,18.625,-0.13838672637939453,-0.03835424622520804,0.02969399783760309,0.0,0.1970324032008648,-0.09750959239900112,-0.13838672637939453
1560,22.375,-0.1308993250131607,-0.036949421651661395,0.026316879875957967,0.0,0.19564476758241653,-0.10343608520925045,-0.1308993250131607
1570,24.5625,-0.11599425226449966,-0.03909237422049046,0.07825813218951225,0.0,0.1923243746161461,-0.10472397692501545,-0.11599425226449966
1580,21.59375,-0.12919223308563232,-0.03727383511140943,0.05479262545704842,0.0,0.19232948645949363,-0.1080859761685133,-0.12919223308563232
1590,17.28125,-0.13844552636146545,-0.03366187559440732,0.046542469039559366,0.0,0.1896172434091568,-0.10801026597619057,-0.13844552636146545
1600,19.3125,-0.12370520830154419,-0.03513935003429651,0.03803216330707073,0.0,0.18788106068968774,-0.11231079474091529,-0.12370520830154419
1610,20.46875,-0.1353914886713028,-0.03453033547848463,0.03845524676144123,0.0,0.18736876919865608,-0.10824836604297161,-0.1353914886713028
1620,22.25,-0.10876192897558212,-0.04473601970821619,0.05825357586145401,0.0,0.1871216893196106,-0.10695581100881099,-0.10876192897558212
1630,19.15625,-0.12942036986351013,-0.0400397215038538,0.03368110321462155,0.0,0.18927909806370735,-0.11223000772297383,-0.12942036986351013
1640,19.5,-0.13808827102184296,-0.040026466734707354,0.02564387898892164,0.0,0.18957388177514076,-0.10964344665408135,-0.13808827102184296
1650,27.0625,-0.14565473794937134,-0.041992869973182675,0.022141131572425365,0.0,0.18952571526169776,-0.1071149729192257,-0.14565473794937134
1660,27.5625,-0.12202201783657074,-0.03314520474523306,0.06650096997618675,0.0,0.18964042589068414,-0.10840587802231312,-0.12202201783657074
1670,19.125,-0.14048287272453308,-0.034494674578309056,0.04116535000503063,0.0,0.18694584518671037,-0.11025511659681797,-0.14048287272453308
1680,26.90625,-0.12653744220733643,-0.034582762885838746,0.04850497506558895,0.0,0.1896421991288662,-0.11347213834524154,-0.12653744220733643
1690,19.5,-0.12657931447029114,-0.03926725555211306,0.05130312293767929,0.0,0.1902349092066288,-0.10838331654667854,-0.12657931447029114
1700,24.25,-0.1319749653339386,-0.035900807566940786,0.04012544322758913,0.0,0.19060560017824174,-0.11048434376716613,-0.1319749653339386
1710,22.4375,-0.13545411825180054,-0.031902794539928434,0.021640458144247532,0.0,0.19093590453267098,-0.11009470112621784,-0.13545411825180054
1720,18.59375,-0.12933722138404846,-0.03579390700906515,0.0261702474206686,0.0,0.18820391967892647,-0.11238416619598865,-0.12933722138404846
1730,18.59375,-0.14678284525871277,-0.04250225774012506,0.023086384870111942,0.0,0.18246843814849853,-0.11539437510073185,-0.14678284525871277
1740,15.84375,-0.15096306800842285,-0.03684105230495334,0.028583676554262638,0.0,0.18325649127364158,-0.11366927400231361,-0.15096306800842285
1750,16.96875,-0.133148655295372,-0.03569043567404151,0.037155702523887155,0.0,0.18390557989478112,-0.11324706487357616,-0.133148655295372
1760,19.78125,-0.13516418635845184,-0.03072367701679468,0.027589871920645236,0.0,0.18460779041051864,-0.11443040929734707,-0.13516418635845184
1770,21.96875,-0.13284392654895782,-0.0321049802005291,0.020810302067548036,0.0,0.18550983890891076,-0.1020566388964653,-0.13284392654895782
1780,21.65625,-0.1474957913160324,-0.03862855322659016,0.027886904403567316,0.0,0.18584974110126495,-0.11664328128099441,-0.1474957913160324
1790,19.21875,-0.1385107934474945,-0.040738932229578494,0.04538005776703358,0.0,0.18403023332357407,-0.11462432518601418,-0.1385107934474945
1800,19.375,-0.12536215782165527,-0.03545259423553944,0.048630208149552344,0.0,0.1849709540605545,-0.11304307132959365,-0.12536215782165527
1810,22.0625,-0.13416467607021332,-0.038835068419575694,0.06278822645545006,0.0,0.18909501284360886,-0.10838776715099811,-0.13416467607021332
1820,21.28125,-0.12383432686328888,-0.03376898011192679,0.13364660628139974,0.0,0.1900189645588398,-0.10823247730731964,-0.12383432686328888
1830,21.4375,-0.1306913197040558,-0.03867552112787962,0.060160578787326814,0.0,0.1915399871766567,-0.10723721086978913,-0.1306913197040558
1840,17.09375,-0.14043980836868286,-0.03738307701423764,0.0329310268163681,0.0,0.1904393807053566,-0.10418186336755753,-0.14043980836868286
1850,17.59375,-0.13050666451454163,-0.03785341214388609,0.03244531061500311,0.0,0.19394885748624802,-0.10492793321609498,-0.13050666451454163
1860,21.59375,-0.11292913556098938,-0.03994887918233871,0.054522983357310296,0.0,0.1944439008831978,-0.10149830244481564,-0.11292913556098938
1870,20.1875,-0.14769092202186584,-0.045013321563601494,0.03644159436225891,0.0,0.19355079606175424,-0.10547294951975346,-0.14769092202186584
1880,26.375,-0.13001802563667297,-0.034863298013806346,0.022340782918035984,0.0,0.19312671273946763,-0.10190895982086659,-0.13001802563667297
1890,23.125,-0.1218201145529747,-0.03501683883368969,0.027728617191314697,0.0,0.1950495645403862,-0.10553161464631558,-0.1218201145529747
1900,22.875,-0.12720584869384766,-0.04046510886400938,0.05226405784487724,0.0,0.19303505644202232,-0.10344998203217984,-0.12720584869384766
1910,23.25,-0.1172800362110138,-0.03483852539211511,0.04363253526389599,0.0,0.18983259201049804,-0.10136349461972713,-0.1172800362110138
1920,20.75,-0.1210203692317009,-0.04330096272751689,0.0475960548967123,0.0,0.19582430124282837,-0.09886618629097939,-0.1210203692317009
1930,23.96875,-0.10840138047933578,-0.03519733538851142,0.05599183067679405,0.0,0.19977177754044534,-0.09597541466355324,-0.10840138047933578
1940,19.5625,-0.12051457166671753,-0.036566031910479066,0.059525061026215555,0.0,0.20142941251397134,-0.09647255875170231,-0.12051457166671753
1950,28.125,-0.10645829141139984,-0.03037309516221285,0.03612833470106125,0.0,0.19818726181983948,-0.09311672262847423,-0.10645829141139984
1960,23.53125,-0.122953861951828,-0.034737341292202475,0.03837228417396545,0.0,0.199677287787199,-0.09957601279020309,-0.122953861951828
1970,19.40625,-0.12171386927366257,-0.04427699651569128,0.06051565036177635,0.0,0.1958099216222763,-0.09610206224024295,-0.12171386927366257
1980,18.78125,-0.1274479478597641,-0.04045468345284462,0.032778453454375266,0.0,0.19395918622612954,-0.10204802453517914,-0.1274479478597641
1990,24.15625,-0.10837768763303757,-0.03362529622390866,0.03484935499727726,0.0,0.19102676287293435,-0.1013546884059906,-0.10837768763303757
2000,19.53125,-0.1226520836353302,-0.034309271723032,0.04051093515008688,0.0,0.18931434899568558,-0.10567564181983471,-0.1226520836353302
2010,19.03125,-0.12200698256492615,-0.03876890055835247,0.0336995979771018,0.0,0.18798617124557496,-0.1088166106492281,-0.12200698256492615
2020,22.3125,-0.11567509919404984,-0.03742501102387905,0.03968218434602022,0.0,0.18531471714377404,-0.10343689732253551,-0.11567509919404984
2030,23.125,-0.11913882941007614,-0.03571092686615884,0.0660067718476057,0.0,0.18744981437921523,-0.10281445123255253,-0.11913882941007614
2040,23.84375,-0.10509110987186432,-0.038551561161875726,0.04988190568983555,0.0,0.18960733190178872,-0.09988634549081325,-0.10509110987186432
2050,20.34375,-0.12715363502502441,-0.038637622632086276,0.05740359425544739,0.0,0.19477892965078353,-0.10002292580902576,-0.12715363502502441
2060,22.375,-0.12212729454040527,-0.028944791574031115,0.059177528321743014,0.0,0.1909181460738182,-0.1012747697532177,-0.12212729454040527
2070,19.40625,-0.1296950876712799,-0.034550654143095015,0.03476732354611158,0.0,0.19132018759846686,-0.10361938774585724,-0.1296950876712799
2080,20.15625,-0.12542025744915009,-0.04331063665449619,0.051106523163616656,0.0,0.1873420260846615,-0.10624472051858902,-0.12542025744915009
2090,20.625,-0.1333676278591156,-0.04168925005942583,0.04531673416495323,0.0,0.18540866374969484,-0.10769552476704121,-0.1333676278591156
2100,22.9375,-0.12517878413200378,-0.03639110904186964,0.04079033527523279,0.0,0.1879439912736416,-0.10918565839529037,-0.12517878413200378
2110,18.5,-0.1391165852546692,-0.04800550984218717,0.04157989379018545,0.0,0.18408545851707458,-0.11313641779124736,-0.1391165852546692
2120,22.0625,-0.12627840042114258,-0.03795269336551428,0.0257291279733181,0.0,0.18652730360627173,-0.10879541002213955,-0.12627840042114258
2130,22.09375,-0.13854484260082245,-0.04043288566172123,0.046808219701051715,0.0,0.18882997557520867,-0.11167028024792672,-0.13854484260082245
2140,19.3125,-0.1267043501138687,-0.03542881291359663,0.033776981942355636,0.0,0.18507359251379968,-0.10579862669110299,-0.1267043501138687
2150,21.5625,-0.12848523259162903,-0.04034021813422441,0.03273169845342636,0.0,0.18374805226922036,-0.1149109996855259,-0.12848523259162903
2160,27.6875,-0.14127185940742493,-0.04317646287381649,0.04192542582750321,0.0,0.1853674203157425,-0.11804034598171712,-0.14127185940742493
2170,21.34375,-0.13642629981040955,-0.031156212836503983,0.054051291570067404,0.0,0.18080174624919892,-0.11819618009030819,-0.13642629981040955
2180,24.3125,-0.13788926601409912,-0.04190270379185677,0.049797218292951584,0.0,0.1802256941795349,-0.11795519515872002,-0.13788926601409912
2190,18.5625,-0.1370786428451538,-0.03682624977082014,0.05166369378566742,0.0,0.1803782105445862,-0.11464482434093952,-0.1370786428451538
2200,25.59375,-0.13569188117980957,-0.03555022720247507,0.044436832703649995,0.0,0.18510816544294356,-0.11373636052012444,-0.13569188117980957
2210,20.40625,-0.1385786384344101,-0.04003458097577095,0.06338706314563751,0.0,0.1881369672715664,-0.10886041894555092,-0.1385786384344101
2220,22.53125,-0.13150471448898315,-0.03960607070475817,0.037286453694105146,0.0,0.19223699793219567,-0.11108792722225189,-0.13150471448898315
2230,22.28125,-0.13175106048583984,-0.04075136501342058,0.03187060821801424,0.0,0.18652325570583345,-0.11383983194828033,-0.13175106048583984
2240,14.96875,-0.1464347094297409,-0.04679667335003614,0.03588757328689098,0.0,0.18964302465319632,-0.11078943647444248,-0.1464347094297409
2250,25.09375,-0.13434767723083496,-0.03784933593124151,0.03741586916148663,0.0,0.1875564895570278,-0.11253268606960773,-0.13434767723083496
2260,25.625,-0.13333287835121155,-0.03541175294667483,0.0638147596269846,0.0,0.18457448557019235,-0.11521584242582321,-0.13333287835121155
2270,22.65625,-0.13342709839344025,-0.037896472681313756,0.03850948289036751,0.0,0.18602306619286538,-0.10942327752709388,-0.13342709839344025
2280,22.8125,-0.12368237972259521,-0.03196773082017899,0.043403536453843115,0.0,0.1857120119035244,-0.10754885077476502,-0.12368237972259521
2290,21.59375,-0.13254670798778534,-0.04081091359257698,0.06786146312952042,0.0,0.1870486743748188,-0.10781101211905479,-0.13254670798778534
2300,25.6875,-0.1234559714794159,-0.03407161701470614,0.041436203941702845,0.0,0.19027516469359398,-0.10712849125266075,-0.1234559714794159
2310,26.9375,-0.1303362101316452,-0.035328836739063264,0.040927694924175737,0.0,0.18434518501162528,-0.11065203994512558,-0.1303362101316452
2320,19.96875,-0.12844876945018768,-0.03800386032089591,0.027665331587195398,0.0,0.19017164632678032,-0.1157940074801445,-0.12844876945018768
2330,19.25,-0.14358849823474884,-0.03353368202224374,0.03979235105216503,0.0,0.18531376346945763,-0.10995381399989128,-0.14358849823474884
2340,22.03125,-0.13843876123428345,-0.041462238505482675,0.026529269851744176,0.0,0.18677814304828644,-0.11106954589486122,-0.13843876123428345
2350,21.75,-0.1344820261001587,-0.0413963695988059,0.04579944033175707,0.0,0.18635302111506463,-0.11314482651650906,-0.1344820261001587
2360,23.0625,-0.1384086012840271,-0.03655141536146402,0.05507589802145958,0.0,0.1827085368335247,-0.11849644258618355,-0.1384086012840271
2370,20.0,-0.1463911533355713,-0.03924048878252506,0.03139358032494784,0.0,0.17589611634612085,-0.12395782470703125,-0.1463911533355713
2380,23.625,-0.1363096386194229,-0.03663476500660181,0.016672067530453204,0.0,0.17534490153193474,-0.11838743649423122,-0.1363096386194229
2390,22.71875,-0.14163406193256378,-0.0406402226537466,0.027810582891106606,0.0,0.1839558459818363,-0.11600524298846722,-0.14163406193256378
2400,28.5625,-0.1314433068037033,-0.0379473015666008,0.03554019872099161,0.0,0.17936585173010827,-0.11401372440159321,-0.1314433068037033
2410,24.0625,-0.1201481968164444,-0.039815249294042586,0.046593629941344264,0.0,0.18540137857198716,-0.10809571035206318,-0.1201481968164444
2420,25.875,-0.137980654835701,-0.0411354779265821,0.03331255335360765,0.0,0.1851862907409668,-0.11509188190102577,-0.137980654835701
2430,25.84375,-0.14692449569702148,-0.04142160397022963,0.028176706470549106,0.0,0.18672630414366723,-0.11582797504961491,-0.14692449569702148
2440,25.5625,-0.13719211518764496,-0.0392984164878726,0.02572395112365484,0.0,0.18109734132885932,-0.11576128154993057,-0.13719211518764496
2450,24.4375,-0.12515074014663696,-0.03525458304211497,0.04488135166466236,0.0,0.18211253732442856,-0.11165052317082882,-0.12515074014663696
2460,21.53125,-0.13602425158023834,-0.04182776249945164,0.0265731118619442,0.0,0.17966655492782593,-0.11332828253507614,-0.13602425158023834
2470,18.71875,-0.13774347305297852,-0.04311647899448871,0.028509695455431937,0.0,0.18268274664878845,-0.11189039461314679,-0.13774347305297852
2480,23.0625,-0.1303904950618744,-0.03542795246466994,0.03186906222254038,0.0,0.1776471994817257,-0.11650459878146649,-0.1303904950618744
2490,21.25,-0.12914524972438812,-0.03975590169429779,0.030867400206625463,0.0,0.17915190234780312,-0.11863105110824108,-0.12914524972438812
2500,21.9375,-0.1432199478149414,-0.03491495866328478,0.03082631975412369,0.0,0.17235159277915954,-0.12276943773031235,-0.1432199478149414
2510,23.65625,-0.15029768645763397,-0.033611909858882426,0.027434242144227027,0.0,0.170614792406559,-0.13163949586451054,-0.15029768645763397
2520,18.21875,-0.151486337184906,-0.041407281532883644,0.022045762836933137,0.0,0.17438347339630128,-0.12429916076362132,-0.151486337184906
2530,23.4375,-0.1580275446176529,-0.0371088202111423,0.023180362395942213,0.0,0.17367093488574029,-0.12416680231690407,-0.1580275446176529
2540,19.21875,-0.14578098058700562,-0.03440244849771261,0.02407025918364525,0.0,0.1807742565870285,-0.11411857940256595,-0.14578098058700562
2550,21.375,-0.15136860311031342,-0.03543136012740433,0.05245733670890331,0.0,0.17880836874246597,-0.11845151595771312,-0.15136860311031342
2560,21.71875,-0.15136241912841797,-0.033135637640953064,0.032311702519655226,0.0,0.17728769704699515,-0.12185188233852387,-0.15136241912841797
2570,19.5625,-0.15536856651306152,-0.03666190803050995,0.026088730618357658,0.0,0.17627955824136735,-0.1218239177018404,-0.15536856651306152
2580,22.71875,-0.14021483063697815,-0.03492848891764879,0.050212462246417996,0.0,0.177723241597414,-0.1261099237948656,-0.14021483063697815
2590,17.71875,-0.16340596973896027,-0.03884260188788176,0.027940243296325207,0.0,0.1719020873308182,-0.12901379279792308,-0.16340596973896027
2600,19.625,-0.14845404028892517,-0.040831677196547386,0.057766158133745193,0.0,0.17496928051114083,-0.127005036175251,-0.14845404028892517
2610,21.375,-0.14856749773025513,-0.03673483021557331,0.01767670176923275,0.0,0.17552187740802766,-0.12567910142242908,-0.14856749773025513
2620,19.59375,-0.146077960729599,-0.04526490215212107,0.031172746606171132,0.0,0.1785107359290123,-0.12901034876704215,-0.146077960729599
2630,20.125,-0.15905168652534485,-0.03942877072840929,0.0520742654800415,0.0,0.17745435535907744,-0.12863819003105165,-0.15905168652534485
2640,25.21875,-0.15206828713417053,-0.03838432040065527,0.033677543699741366,0.0,0.17359503358602524,-0.13025843501091003,-0.15206828713417053
2650,22.15625,-0.159766286611557,-0.046718239039182666,0.04747791513800621,0.0,0.16940213069319726,-0.1315242312848568,-0.159766286611557
2660,22.96875,-0.14824509620666504,-0.032262429408729074,0.09445402696728707,0.0,0.16999615132808685,-0.1339245643466711,-0.14824509620666504
2670,18.6875,-0.16234558820724487,-0.040471894294023515,0.0277223514392972,0.0,0.17344121113419533,-0.13392653465270996,-0.16234558820724487
2680,24.5,-0.15605752170085907,-0.04418573267757893,0.019613526575267316,0.0,0.16461780816316604,-0.13497173674404622,-0.15605752170085907
2690,21.59375,-0.1621873378753662,-0.04388421680778265,0.04397056698799133,0.0,0.16869426891207695,-0.13513802662491797,-0.1621873378753662
2700,18.6875,-0.1683686226606369,-0.03602311071008444,0.07576240301132202,0.0,0.1697971321642399,-0.13423438221216202,-0.1683686226606369
2710,25.75,-0.15006892383098602,-0.04252165667712689,0.061231580935418604,0.0,0.17496856525540352,-0.13019484393298625,-0.15006892383098602
2720,22.28125,-0.15861524641513824,-0.04294485468417406,0.022023743111640216,0.0,0.1748276762664318,-0.12842993922531604,-0.15861524641513824
2730,23.40625,-0.15610051155090332,-0.04095464311540127,0.024421905726194383,0.0,0.17371895611286164,-0.13111933805048465,-0.15610051155090332
2740,24.46875,-0.14387117326259613,-0.036077740229666234,0.01682325527071953,0.0,0.17201803401112556,-0.13149500750005244,-0.14387117326259613
2750,21.125,-0.1709425449371338,-0.03553728889673948,0.02335899379104376,0.0,0.1680859223008156,-0.13849226348102092,-0.1709425449371338
2760,23.875,-0.16476429998874664,-0.034418659098446366,0.03324130512773991,0.0,0.16887238547205924,-0.1381044052541256,-0.16476429998874664
2770,21.03125,-0.1639251708984375,-0.03959532771259546,0.03244225773960352,0.0,0.1666951946914196,-0.14437374770641326,-0.1639251708984375
2780,27.09375,-0.17577168345451355,-0.03802151270210743,0.03505933023989201,0.0,0.1679525300860405,-0.14227859079837799,-0.17577168345451355
2790,20.53125,-0.15379852056503296,-0.037404462695121765,0.048585227131843566,0.0,0.16899095177650453,-0.13758217617869378,-0.15379852056503296
2800,20.125,-0.15195655822753906,-0.03629379719495773,0.028552606515586377,0.0,0.17494691237807275,-0.13037326224148274,-0.15195655822753906
2810,20.09375,-0.161818265914917,-0.04300461728125811,0.026535378023982047,0.0,0.17126789912581444,-0.13651678040623666,-0.161818265914917
2820,20.8125,-0.1593157798051834,-0.044406110793352126,0.0444919167086482,0.0,0.17524704039096833,-0.13561523109674453,-0.1593157798051834
2830,17.65625,-0.1535041630268097,-0.03580680470913648,0.040651120617985724,0.0,0.17211215198040009,-0.13135889172554016,-0.1535041630268097
2840,23.125,-0.1637815535068512,-0.032058465853333475,0.01853571329265833,0.0,0.17187235429883002,-0.13757070451974868,-0.1637815535068512
2850,20.5,-0.1644434928894043,-0.04154391270130873,0.029846084490418433,0.0,0.1677265614271164,-0.13875531442463399,-0.1644434928894043
2860,18.65625,-0.17334869503974915,-0.039129612222313884,0.02859528809785843,0.0,0.17051357701420783,-0.1432574138045311,-0.17334869503974915
2870,19.84375,-0.15603245794773102,-0.04390205629169941,0.020098824612796308,0.0,0.16333332657814026,-0.14610418528318406,-0.15603245794773102
2880,19.8125,-0.16137585043907166,-0.03773722480982542,0.025670153088867664,0.0,0.1661275804042816,-0.14461260437965393,-0.16137585043907166
2890,23.53125,-0.1654646098613739,-0.04149765353649855,0.030146104842424394,0.0,0.16499898582696915,-0.14461966827511788,-0.1654646098613739
2900,19.5625,-0.1716444194316864,-0.03878141641616821,0.03925723228603602,0.0,0.16786490380764008,-0.14051845222711562,-0.1716444194316864
2910,20.375,-0.1525600552558899,-0.03841901384294033,0.018810329865664242,0.0,0.17230961918830873,-0.13731766045093535,-0.1525600552558899
2920,16.65625,-0.16500617563724518,-0.03520595054142177,0.031526326388120654,0.0,0.170975399017334,-0.13731466978788376,-0.16500617563724518
2930,21.9375,-0.1726088523864746,-0.03963948553428054,0.02108742147684097,0.0,0.17234422340989114,-0.14608302414417268,-0.1726088523864746
2940,20.125,-0.16142167150974274,-0.03497198596596718,0.07163367420434952,0.0,0.1727415628731251,-0.1369260162115097,-0.16142167150974274
2950,21.4375,-0.16356466710567474,-0.04417542591691017,0.0519057746976614,0.0,0.17124630510807037,-0.14546195641160012,-0.16356466710567474
2960,20.59375,-0.15350216627120972,-0.036596501059830186,0.037727905064821245,0.0,0.16905466392636298,-0.13974308148026465,-0.15350216627120972
2970,19.53125,-0.16318029165267944,-0.04158366601914167,0.0463812654837966,0.0,0.1647311307489872,-0.1404709279537201,-0.16318029165267944
2980,16.90625,-0.18694087862968445,-0.03638038607314229,0.03955380339175463,0.0,0.16625043228268624,-0.14720790907740594,-0.18694087862968445
2990,18.03125,-0.19362246990203857,-0.03510878346860409,0.021384884789586067,0.0,0.16138747557997704,-0.14897435754537583,-0.19362246990203857
3000,19.8125,-0.17031463980674744,-0.03924822779372335,0.013485006429255009,0.0,0.1592177242040634,-0.15009916126728057,-0.17031463980674744
3010,18.625,-0.1637270450592041,-0.03665311820805073,0.023647596687078477,0.0,0.1610862858593464,-0.1475825071334839,-0.1637270450592041
3020,17.03125,-0.17454679310321808,-0.042164371535182,0.02688531167805195,0.0,0.16496822163462638,-0.14625504836440087,-0.17454679310321808
3030,15.4375,-0.17976437509059906,-0.04019910311326384,0.0427754782140255,0.0,0.16658324226737023,-0.1451517790555954,-0.17976437509059906
3040,16.53125,-0.1752178966999054,-0.04127733521163464,0.04179166853427887,0.0,0.16743141487240792,-0.14353573620319365,-0.1752178966999054
3050,18.6875,-0.16511352360248566,-0.04174332618713379,0.03289377056062222,0.0,0.165698654204607,-0.14484707042574882,-0.16511352360248566
3060,16.71875,-0.18360039591789246,-0.03506719842553139,0.06392002515494824,0.0,0.16623765230178833,-0.14461410641670228,-0.18360039591789246
3070,21.375,-0.1705012321472168,-0.03197906520217657,0.03619556277990341,0.0,0.16505309641361238,-0.14573726654052735,-0.1705012321472168
3080,20.8125,-0.19565245509147644,-0.03741929493844509,0.0933149091899395,0.0,0.16761400997638704,-0.14921554513275623,-0.19565245509147644
3090,22.1875,-0.17763671278953552,-0.03638423644006252,0.0827828798443079,0.0,0.17161101400852202,-0.14937307983636855,-0.17763671278953552
3100,19.40625,-0.1600809395313263,-0.03232782576233149,0.03914772793650627,0.0,0.17293057665228845,-0.14982033967971803,-0.1600809395313263
3110,22.0,-0.1670342981815338,-0.03499066093936563,0.047363406047225,0.0,0.1729188121855259,-0.14171188920736313,-0.1670342981815338
3120,20.78125,-0.16943463683128357,-0.03310654247179627,0.030408573150634766,0.0,0.16737709566950798,-0.14053650572896004,-0.16943463683128357
3130,19.9375,-0.18343585729599,-0.03638606192544103,0.024576274026185275,0.0,0.1598167061805725,-0.14825982600450516,-0.18343585729599
3140,19.125,-0.18256953358650208,-0.034770825505256654,0.01893021771684289,0.0,0.15579514279961587,-0.15633731931447983,-0.18256953358650208
3150,16.84375,-0.1843457818031311,-0.034241169691085815,0.029084988869726658,0.0,0.15796394869685174,-0.1581278532743454,-0.1843457818031311
3160,21.15625,-0.1636788547039032,-0.033184649981558324,0.030774563923478125,0.0,0.157547827064991,-0.15168165192008018,-0.1636788547039032
3170,21.75,-0.18740609288215637,-0.03237289711833,0.07589641511440277,0.0,0.16360242292284966,-0.15616755187511444,-0.18740609288215637
3180,17.6875,-0.1785939782857895,-0.04100422039628029,0.06282870322465897,0.0,0.16572751253843307,-0.1555953547358513,-0.1785939782857895
3190,18.8125,-0.18127436935901642,-0.043225123174488546,0.012809338700026273,0.0,0.16583698764443397,-0.1518845058977604,-0.18127436935901642
3200,18.1875,-0.18859755992889404,-0.030140407755970954,0.07927388362586499,0.0,0.1626865454018116,-0.15352545827627181,-0.18859755992889404
3210,20.59375,-0.1828642189502716,-0.0380484614521265,0.02261931486427784,0.0,0.16512668430805205,-0.15123024433851243,-0.1828642189502716
3220,18.46875,-0.1885698437690735,-0.028113925829529762,0.05227864691987634,0.0,0.15930846184492112,-0.15599162355065346,-0.1885698437690735
3230,17.90625,-0.1783616840839386,-0.030734586529433727,0.02250265534967184,0.0,0.15859041064977647,-0.15944654271006584,-0.1783616840839386
3240,18.5625,-0.1880943775177002,-0.03803707752376795,0.029833103902637957,0.0,0.15897042453289031,-0.16014113873243332,-0.1880943775177002
3250,17.6875,-0.17031019926071167,-0.037167887669056654,0.020306609384715558,0.0,0.1552777871489525,-0.15516377389431,-0.17031019926071167
3260,17.5,-0.16917380690574646,-0.03494526967406273,0.02091288585215807,0.0,0.16099872440099716,-0.1558937467634678,-0.16917380690574646
3270,19.15625,-0.18623965978622437,-0.032449267152696845,0.0227119080722332,0.0,0.16131515726447104,-0.15836576819419862,-0.18623965978622437
3280,17.90625,-0.18012087047100067,-0.038351177237927914,0.030611802265048026,0.0,0.16104195937514304,-0.1591469816863537,-0.18012087047100067
3290,17.4375,-0.18570780754089355,-0.03686598334461451,0.04214130192995071,0.0,0.1616909272968769,-0.1545281268656254,-0.18570780754089355
3300,17.53125,-0.18860693275928497,-0.034875466115772726,0.050970396026968956,0.0,0.1625792860984802,-0.1580534040927887,-0.18860693275928497
3310,20.5625,-0.17245392501354218,-0.031509315595030785,0.025263826362788677,0.0,0.16164978519082068,-0.15669479668140412,-0.17245392501354218
3320,18.21875,-0.1838098019361496,-0.033195477351546286,0.01724635036662221,0.0,0.16509489491581916,-0.1543387107551098,-0.1838098019361496
3330,15.4375,-0.1792350709438324,-0.036569389142096044,0.03625095412135124,0.0,0.1651001937687397,-0.15730682611465455,-0.1792350709438324
3340,13.78125,-0.18273428082466125,-0.03209890518337488,0.01673622652888298,0.0,0.1647066093981266,-0.15845924317836763,-0.18273428082466125
3350,15.90625,-0.1819407045841217,-0.03771123383194208,0.023304133489727975,0.0,0.16332827508449554,-0.1548251785337925,-0.1819407045841217
3360,20.75,-0.1789049357175827,-0.03427331801503897,0.04958986416459084,0.0,0.16652561724185944,-0.1542671538889408,-0.1789049357175827
3370,14.78125,-0.17911037802696228,-0.032689625024795534,0.042043610289692876,0.0,0.16122231557965278,-0.1544236108660698,-0.17911037802696228
3380,16.53125,-0.18209394812583923,-0.03514200896024704,0.03815960828214884,0.0,0.1626260057091713,-0.151758074760437,-0.18209394812583923
3390,19.21875,-0.17953762412071228,-0.034730909019708635,0.02552646566182375,0.0,0.1678559847176075,-0.15794554501771926,-0.17953762412071228
3400,18.59375,-0.16331847012043,-0.03588671591132879,0.023979445546865465,0.0,0.16531867384910584,-0.15602986961603166,-0.16331847012043
3410,12.75,-0.19711065292358398,-0.03334490479901433,0.020116367004811765,0.0,0.16128830909729003,-0.15602061226963998,-0.19711065292358398
3420,17.875,-0.18832668662071228,-0.03276744298636913,0.014367130864411593,0.0,0.15824685394763946,-0.15833109244704247,-0.18832668662071228
3430,16.53125,-0.18328183889389038,-0.040131581388413905,0.05287213884294033,0.0,0.16025516465306283,-0.15845934748649598,-0.18328183889389038
3440,18.0625,-0.17879363894462585,-0.035529200546443464,0.013463526964187622,0.0,0.15506873428821563,-0.15890662670135497,-0.17879363894462585
3450,20.84375,-0.19553405046463013,-0.03331387280486524,0.022626314871013166,0.0,0.15626707896590233,-0.16732864826917648,-0.19553405046463013
3460,18.15625,-0.18362748622894287,-0.03113212073221803,0.05524660833179951,0.0,0.15909617766737938,-0.16035424917936325,-0.18362748622894287
3470,15.4375,-0.19988301396369934,-0.03583759060129523,0.052250498160719874,0.0,0.16112448051571845,-0.16336663961410522,-0.19988301396369934
3480,17.96875,-0.17933303117752075,-0.033037233725190164,0.01513663660734892,0.0,0.15971579551696777,-0.1615322597324848,-0.17933303117752075
3490,12.625,-0.2004033327102661,-0.04127684780396521,0.013970412500202655,0.0,0.15985619574785231,-0.16365944519639014,-0.2004033327102661
3500,16.0625,-0.19088417291641235,-0.03636127226054668,0.03546316549181938,0.0,0.15992292612791062,-0.1642625242471695,-0.19088417291641235
3510,15.15625,-0.1970752775669098,-0.03624039553105831,0.026429560221731662,0.0,0.16223658248782158,-0.15843880474567412,-0.1970752775669098
3520,17.9375,-0.18161684274673462,-0.0332538552582264,0.013966380152851343,0.0,0.16415794491767882,-0.1563559055328369,-0.18161684274673462
3530,15.34375,-0.19787511229515076,-0.03458559550344944,0.01786863775923848,0.0,0.16611074209213256,-0.16550817117094993,-0.19787511229515076
3540,14.21875,-0.18978703022003174,-0.028724675346165896,0.010631359927356244,0.0,0.16061685234308243,-0.1576458640396595,-0.18978703022003174
3550,14.40625,-0.21395494043827057,-0.03850857242941856,0.024233827088028192,0.0,0.16306207403540612,-0.16157119870185851,-0.21395494043827057
3560,14.78125,-0.1975981891155243,-0.03956149816513062,0.02656962089240551,0.0,0.16431983038783074,-0.16582108065485954,-0.1975981891155243
3570,13.90625,-0.1806027889251709,-0.033777329698204996,0.016030021663755178,0.0,0.16136751770973207,-0.15860619395971298,-0.1806027889251709
3580,19.0625,-0.17717964947223663,-0.03846004717051983,0.03438159618526697,0.0,0.16510741412639618,-0.1572652518749237,-0.17717964947223663
3590,14.71875,-0.1820720136165619,-0.039287153724581005,0.02031726874411106,0.0,0.16074752807617188,-0.16157422587275505,-0.1820720136165619
3600,18.03125,-0.1788254976272583,-0.03752594962716103,0.018490702006965877,0.0,0.16738263815641402,-0.15885871276259422,-0.1788254976272583
3610,17.75,-0.17215745151042938,-0.03506460664793849,0.017602697014808655,0.0,0.1682273954153061,-0.15894990488886834,-0.17215745151042938
3620,14.21875,-0.17142744362354279,-0.04023505179211497,0.017275067511945963,0.0,0.16561940982937812,-0.16036128178238868,-0.17142744362354279
3630,15.3125,-0.19839446246623993,-0.03551403991878033,0.02007247358560562,0.0,0.16489508748054504,-0.16086460426449775,-0.19839446246623993
3640,15.40625,-0.19060903787612915,-0.034612296149134636,0.014978658314794302,0.0,0.16298416927456855,-0.1565390095114708,-0.19060903787612915
3650,15.5,-0.18656861782073975,-0.034790839068591595,0.029682368598878385,0.0,0.16119993925094606,-0.16157470941543578,-0.18656861782073975
3660,14.375,-0.17978942394256592,-0.03616904858499766,0.02076651342213154,0.0,0.1573940895497799,-0.16274290382862092,-0.17978942394256592
3670,14.84375,-0.18510809540748596,-0.026102843508124352,0.05115951970219612,0.0,0.15634430572390556,-0.16487772539258003,-0.18510809540748596
3680,12.78125,-0.20031452178955078,-0.03541607297956943,0.0591430839151144,0.0,0.16248022317886351,-0.16355245262384416,-0.20031452178955078
3690,14.1875,-0.19047030806541443,-0.030281473230570555,0.018236616719514133,0.0,0.15937244072556495,-0.16047688722610473,-0.19047030806541443
3700,16.0625,-0.19886556267738342,-0.041804507561028006,0.023624263517558575,0.0,0.1650700807571411,-0.1617459014058113,-0.19886556267738342
3710,14.46875,-0.1985759437084198,-0.03530989475548267,0.020715606212615967,0.0,0.1593129150569439,-0.16170062199234964,-0.1985759437084198
3720,15.03125,-0.1834157109260559,-0.03759111687541008,0.023976890929043294,0.0,0.16705440655350684,-0.163539257645607,-0.1834157109260559
3730,14.59375,-0.18784771859645844,-0.03940110225230455,0.05362577065825462,0.0,0.15631894022226334,-0.1656261458992958,-0.18784771859645844
3740,13.1875,-0.19879212975502014,-0.026018944568932056,0.0678685849532485,0.0,0.15449841395020486,-0.16102426871657372,-0.19879212975502014
3750,13.84375,-0.19283127784729004,-0.03165278472006321,0.058933564275503156,0.0,0.1573119804263115,-0.16679412350058556,-0.19283127784729004
3760,15.8125,-0.19006818532943726,-0.03365293825045228,0.022993699833750724,0.0,0.15950901433825493,-0.16516004577279092,-0.19006818532943726
3770,15.46875,-0.18761329352855682,-0.040926212444901466,0.02460556272417307,0.0,0.16107973605394363,-0.16417039707303047,-0.18761329352855682
3780,12.6875,-0.18948590755462646,-0.035584775265306234,0.022219042479991912,0.0,0.16359787732362746,-0.1619645893573761,-0.18948590755462646
3790,16.1875,-0.18782877922058105,-0.03331384006887674,0.024615535326302052,0.0,0.15810748934745789,-0.16266989335417747,-0.18782877922058105
3800,11.71875,-0.20660322904586792,-0.0402101943269372,0.02710597813129425,0.0,0.1565679468214512,-0.1622578628361225,-0.20660322904586792
3810,13.09375,-0.1956028938293457,-0.04023309256881476,0.01384985987097025,0.0,0.1588466174900532,-0.1681135818362236,-0.1956028938293457
3820,14.25,-0.20183201134204865,-0.03549643363803625,0.02689490057528019,0.0,0.15552998483181,-0.1687343865633011,-0.20183201134204865
3830,13.78125,-0.20316660404205322,-0.036299721151590345,0.038345882669091225,0.0,0.15210453122854234,-0.1708442121744156,-0.20316660404205322
3840,13.875,-0.1944536715745926,-0.033520898409187795,0.0182160347700119,0.0,0.15501282513141632,-0.17067126482725142,-0.1944536715745926
3850,16.6875,-0.19548800587654114,-0.029831177555024624,0.013973606284707785,0.0,0.15410191267728807,-0.16793098226189612,-0.19548800587654114
3860,14.78125,-0.19315320253372192,-0.043165143392980096,0.03202956225723028,0.0,0.1631273239850998,-0.16870407685637473,-0.19315320253372192
3870,17.0625,-0.18783147633075714,-0.03515816126018763,0.026870310120284558,0.0,0.164987526088953,-0.16777245625853537,-0.18783147633075714
3880,15.03125,-0.19537067413330078,-0.03753106035292149,0.014573772065341472,0.0,0.15876438990235328,-0.16625729948282242,-0.19537067413330078
3890,15.09375,-0.19645559787750244,-0.035936083272099496,0.016402528062462805,0.0,0.14969742596149443,-0.16845215111970901,-0.19645559787750244
3900,13.3125,-0.20873543620109558,-0.038308060541749,0.03648642357438803,0.0,0.15193624868988992,-0.1719238877296448,-0.20873543620109558
3910,13.5,-0.2148606926202774,-0.03772681509144604,0.04959203600883484,0.0,0.15441417321562767,-0.17237843424081803,-0.2148606926202774
3920,13.75,-0.20225510001182556,-0.034945857152342795,0.034680388402193785,0.0,0.1518402948975563,-0.17252949476242066,-0.20225510001182556
3930,13.78125,-0.20565417408943176,-0.03594001764431596,0.017839099280536175,0.0,0.15299140885472298,-0.17160082757472991,-0.20565417408943176
3940,14.84375,-0.21345095336437225,-0.03298333268612623,0.0715109046548605,0.0,0.15599138364195825,-0.17168265134096145,-0.21345095336437225
3950,12.40625,-0.20382139086723328,-0.024273302406072617,0.0764453487470746,0.0,0.16400718167424203,-0.16757568418979646,-0.20382139086723328
3960,13.96875,-0.1855047643184662,-0.0414798503741622,0.016249614022672176,0.0,0.16445539742708207,-0.17095711976289749,-0.1855047643184662
3970,15.09375,-0.1837659478187561,-0.04124378338456154,0.017737390566617252,0.0,0.15836668610572815,-0.16168020516633988,-0.1837659478187561
3980,17.0,-0.19154730439186096,-0.04113999754190445,0.02250358257442713,0.0,0.16126490011811256,-0.15968360081315042,-0.19154730439186096
3990,15.78125,-0.20395490527153015,-0.03140353634953499,0.015033046808093786,0.0,0.1646788403391838,-0.1657290056347847,-0.20395490527153015
4000,14.03125,-0.18538355827331543,-0.039138938300311565,0.016435146518051624,0.0,0.1569998197257519,-0.16633305102586746,-0.18538355827331543
4010,14.03125,-0.19071528315544128,-0.038692896533757445,0.02798988875001669,0.0,0.16351477801799774,-0.1622493550181389,-0.19071528315544128
4020,12.34375,-0.193416565656662,-0.039437731727957726,0.03508962243795395,0.0,0.15719521045684814,-0.16612766981124877,-0.193416565656662
4030,12.46875,-0.18900176882743835,-0.03750754427164793,0.027336037531495095,0.0,0.16057212501764298,-0.1640905424952507,-0.18900176882743835
4040,13.15625,-0.18334604799747467,-0.03949023894965649,0.027487814985215665,0.0,0.1596412405371666,-0.1653225876390934,-0.18334604799747467
4050,15.25,-0.18202903866767883,-0.03535746829584241,0.1211006537079811,0.0,0.16372231021523476,-0.15790961682796478,-0.18202903866767883
4060,11.1875,-0.19309334456920624,-0.041979871783405544,0.027585558593273163,0.0,0.16096704602241516,-0.16268074214458467,-0.19309334456920624
4070,10.75,-0.2066381424665451,-0.04046736201271415,0.02128672767430544,0.0,0.159198497235775,-0.16408246904611587,-0.2066381424665451
4080,12.96875,-0.1883939504623413,-0.041480671241879465,0.026640329509973526,0.0,0.1658612832427025,-0.16168426349759102,-0.1883939504623413
4090,13.59375,-0.2001960575580597,-0.03951133713126183,0.05128727667033672,0.0,0.16190587282180785,-0.16088973879814147,-0.2001960575580597
4100,10.3125,-0.1924952119588852,-0.03676148932427168,0.02712982092052698,0.0,0.15793429613113402,-0.16215021684765815,-0.1924952119588852
4110,11.625,-0.2009267359972,-0.0393503806553781,0.04190238043665886,0.0,0.15621788650751114,-0.16465434655547143,-0.2009267359972
4120,13.09375,-0.18338623642921448,-0.03453347161412239,0.0312897689640522,0.0,0.15369348227977753,-0.16953449994325637,-0.18338623642921448
4130,10.34375,-0.204679936170578,-0.03766689505428076,0.027492643520236015,0.0,0.1508435219526291,-0.17559230402112008,-0.204679936170578
4140,13.96875,-0.1917746663093567,-0.03614568114280701,0.014334095176309347,0.0,0.15482255220413207,-0.16925234645605086,-0.1917746663093567
4150,14.15625,-0.2039966583251953,-0.0373070852831006,0.03877060040831566,0.0,0.1504027023911476,-0.1695715844631195,-0.2039966583251953
4160,13.53125,-0.1888352781534195,-0.035166439972817896,0.03443344384431839,0.0,0.15472215339541434,-0.16929106637835503,-0.1888352781534195
4170,11.40625,-0.20484474301338196,-0.038011507131159306,0.037453182972967625,0.0,0.15433997213840484,-0.16945166140794754,-0.20484474301338196
4180,12.625,-0.19685152173042297,-0.03648806558921933,0.05718945898115635,0.0,0.15637649595737457,-0.16933759599924086,-0.19685152173042297
4190,12.03125,-0.21705782413482666,-0.039728147257119414,0.10093634761869907,0.0,0.15378626808524132,-0.17128333300352097,-0.21705782413482666
4200,11.9375,-0.21735328435897827,-0.042138155363500115,0.024342099204659462,0.0,0.15225328430533408,-0.17492208108305932,-0.21735328435897827
4210,10.59375,-0.20720833539962769,-0.040724639454856514,0.023805092461407183,0.0,0.148353860527277,-0.17194886058568953,-0.20720833539962769
4220,13.6875,-0.21423646807670593,-0.03195677865296602,0.011885542422533035,0.0,0.15117916464805603,-0.1814490683376789,-0.21423646807670593
4230,11.65625,-0.2082594335079193,-0.03797403750941157,0.017923448234796524,0.0,0.14640747308731078,-0.1798270307481289,-0.2082594335079193
4240,13.5,-0.20999757945537567,-0.03790439069271088,0.05448052361607551,0.0,0.14453267827630042,-0.17408379688858985,-0.20999757945537567
4250,13.9375,-0.20350873470306396,-0.04462830647826195,0.012190300319343806,0.0,0.149111832678318,-0.16790714636445045,-0.20350873470306396
4260,13.5,-0.20784766972064972,-0.04309766441583633,0.023467652313411237,0.0,0.15042823255062104,-0.17410621270537377,-0.20784766972064972
4270,16.28125,-0.1844102144241333,-0.034483580850064754,0.01949344091117382,0.0,0.15110860243439675,-0.17015377432107925,-0.1844102144241333
4280,14.5625,-0.19269898533821106,-0.035974005982279775,0.022262824513018132,0.0,0.14853254705667496,-0.17179937288165092,-0.19269898533821106
4290,12.34375,-0.21011382341384888,-0.03048038072884083,0.056178930588066577,0.0,0.15373946502804756,-0.17299608290195465,-0.21011382341384888
4300,13.09375,-0.2102717012166977,-0.03280391376465559,0.08421618193387985,0.0,0.15170593559741974,-0.17588058933615686,-0.2102717012166977
4310,13.8125,-0.19576586782932281,-0.028922991547733545,0.22159028202295303,0.0,0.15376462787389755,-0.17192100062966348,-0.19576586782932281
4320,15.125,-0.20535671710968018,-0.04111811351031065,0.08558401931077242,0.0,0.15299466326832772,-0.1734221212565899,-0.20535671710968018
4330,17.40625,-0.1934363842010498,-0.04334178622812033,0.019791473634541035,0.0,0.1529001772403717,-0.17420212179422379,-0.1934363842010498
4340,12.09375,-0.21585822105407715,-0.03454365506768227,0.03928323742002249,0.0,0.15592186897993088,-0.17396581023931504,-0.21585822105407715
4350,11.65625,-0.199969083070755,-0.035949626751244065,0.027547671645879745,0.0,0.15170069523155688,-0.16790597513318062,-0.199969083070755
4360,10.3125,-0.20788949728012085,-0.023228068463504316,0.06554306726902723,0.0,0.15553456097841262,-0.1684091068804264,-0.20788949728012085
4370,12.6875,-0.20474505424499512,-0.03788465317338705,0.03637431748211384,0.0,0.14989547654986382,-0.17232144102454186,-0.20474505424499512
4380,13.875,-0.2147829830646515,-0.039796711318194865,0.037796609289944175,0.0,0.14737382531166077,-0.17344197109341622,-0.2147829830646515
4390,10.09375,-0.21297743916511536,-0.04577858131378889,0.022169872373342513,0.0,0.14608339294791223,-0.17613137811422347,-0.21297743916511536
4400,14.53125,-0.20611906051635742,-0.03163963593542576,0.05857768524438143,0.0,0.14660772159695626,-0.17854779437184334,-0.20611906051635742
4410,12.28125,-0.22128826379776,-0.029628361761569976,0.08059771955013276,0.0,0.14600022807717322,-0.18162757456302642,-0.22128826379776
4420,12.8125,-0.21837207674980164,-0.035774633102118966,0.0445355050265789,0.0,0.1481660157442093,-0.1808025099337101,-0.21837207674980164
4430,10.8125,-0.22479796409606934,-0.03840964268893003,0.02522907070815563,0.0,0.1489252731204033,-0.17762563973665238,-0.22479796409606934
4440,10.5625,-0.21537354588508606,-0.03873359523713589,0.022662693448364735,0.0,0.1463455192744732,-0.18018515408039093,-0.21537354588508606
4450,11.21875,-0.2275184988975525,-0.031282267067581415,0.03577158283442259,0.0,0.14682005867362022,-0.1794417381286621,-0.2275184988975525
4460,11.90625,-0.20865961909294128,-0.034843783266842364,0.033314891718328,0.0,0.14646259173750878,-0.17701515182852745,-0.20865961909294128
4470,10.84375,-0.21719442307949066,-0.0331125658005476,0.037121069990098475,0.0,0.14819414168596268,-0.18034251481294633,-0.21719442307949066
4480,12.875,-0.20129451155662537,-0.03983325026929378,0.019082644023001194,0.0,0.14623923525214194,-0.1830945611000061,-0.20129451155662537
4490,11.40625,-0.2118964046239853,-0.03444635849446058,0.012595485802739859,0.0,0.1435134407132864,-0.1826663874089718,-0.2118964046239853
4500,10.34375,-0.2125338613986969,-0.034822644852101806,0.031835814006626606,0.0,0.14135517925024033,-0.179134039580822,-0.2125338613986969
4510,11.90625,-0.19535082578659058,-0.03868101090192795,0.01794098475947976,0.0,0.1410135343670845,-0.17958238422870637,-0.19535082578659058
4520,12.8125,-0.21667686104774475,-0.03258424885571003,0.035411111824214456,0.0,0.14752402827143668,-0.17912395000457765,-0.21667686104774475
4530,9.4375,-0.2157149612903595,-0.040760252997279166,0.02394907418638468,0.0,0.15100235119462013,-0.17667090594768525,-0.2157149612903595
4540,10.34375,-0.21160149574279785,-0.03812169600278139,0.027652831748127937,0.0,0.14450001418590547,-0.18079105839133264,-0.21160149574279785
4550,13.875,-0.22315233945846558,-0.03513717064633966,0.027572247199714184,0.0,0.15010300278663635,-0.1832801453769207,-0.22315233945846558
4560,10.125,-0.21026435494422913,-0.029751914925873278,0.0771767996251583,0.0,0.14575205072760583,-0.18014542907476425,-0.21026435494422913
4570,13.0625,-0.20726940035820007,-0.03726381883025169,0.03541880417615175,0.0,0.14749735072255135,-0.18192751333117485,-0.20726940035820007
4580,12.9375,-0.2235451191663742,0.07313311360776424,0.23887211456894875,0.0,0.15234892591834068,-0.1808096393942833,-0.2235451191663742
4590,12.5625,-0.21977996826171875,-0.03392834290862083,0.06827379669994116,0.0,0.15167282298207282,-0.18360809683799745,-0.21977996826171875
4600,10.53125,-0.22586587071418762,-0.036530821584165096,0.05819292031228542,0.0,0.14865009114146233,-0.1801939658820629,-0.22586587071418762
4610,12.21875,-0.2086798995733261,-0.027860369905829428,0.079777417704463,0.0,0.15282218307256698,-0.1767149403691292,-0.2086798995733261
4620,11.5625,-0.2195529043674469,-0.03566534444689751,0.016331523936241866,0.0,0.1431113913655281,-0.17962530329823495,-0.2195529043674469
4630,10.9375,-0.22653399407863617,-0.035655473545193675,0.023616807907819747,0.0,0.14552609920501708,-0.181191585958004,-0.22653399407863617
4640,10.375,-0.23775626718997955,-0.03614857867360115,0.03432996943593025,0.0,0.14695356860756875,-0.18282211422920228,-0.23775626718997955
4650,12.125,-0.22159209847450256,-0.03733737617731094,0.027737523801624774,0.0,0.14713437370955945,-0.1819745495915413,-0.22159209847450256
4660,8.875,-0.22810886800289154,-0.0376499567180872,0.021850956417620183,0.0,0.1462448962032795,-0.18417955487966536,-0.22810886800289154
4670,14.03125,-0.2421616017818451,-0.033354737982153895,0.09326581433415412,0.0,0.14289929196238518,-0.19334765449166297,-0.2421616017818451
4680,11.5,-0.2236497849225998,-0.040185664780437946,0.028480781987309457,0.0,0.1433452032506466,-0.18713173046708106,-0.2236497849225998
4690,9.46875,-0.22771039605140686,-0.034214381314814094,0.019374812953174114,0.0,0.14127237647771834,-0.1870171032845974,-0.22771039605140686
4700,11.40625,-0.23388394713401794,-0.032384786382317544,0.05762007385492325,0.0,0.13812413327395917,-0.1914432555437088,-0.23388394713401794
4710,9.53125,-0.2244572937488556,-0.04437337312847376,0.014168743044137955,0.0,0.13860600478947163,-0.1904389552772045,-0.2244572937488556
4720,11.25,-0.22788086533546448,-0.03879832774400711,0.022498215921223162,0.0,0.1432935394346714,-0.18520285114645957,-0.22788086533546448
4730,11.96875,-0.23824180662631989,-0.03651704788208008,0.03999997954815626,0.0,0.1397789169102907,-0.19266761764883994,-0.23824180662631989
4740,10.125,-0.22090458869934082,-0.03813794599846006,0.03415894713252783,0.0,0.14114817157387732,-0.18964689448475838,-0.22090458869934082
4750,10.21875,-0.22273190319538116,-0.037501946464180945,0.022582200728356837,0.0,0.14037718810141087,-0.19090755209326743,-0.22273190319538116
4760,10.0625,-0.24473029375076294,-0.03193309772759676,0.037152194604277614,0.0,0.14160025529563428,-0.19351972937583922,-0.24473029375076294
4770,8.25,-0.22599753737449646,-0.03251673728227615,0.02733565531671047,0.0,0.1397071287035942,-0.19155501276254655,-0.22599753737449646
4780,10.90625,-0.22829586267471313,-0.0322588125243783,0.043635264970362186,0.0,0.14251066744327545,-0.19266112223267556,-0.22829586267471313
4790,10.375,-0.2239615023136139,-0.038033110462129115,0.019569798558950424,0.0,0.1407189466059208,-0.19071942269802095,-0.2239615023136139
4800,7.3125,-0.22111360728740692,-0.04814898828044534,0.016861684434115887,0.0,0.1436214454472065,-0.19018859341740607,-0.22111360728740692
4810,10.5,-0.22858425974845886,-0.03794403485953808,0.04107019230723381,0.0,0.14172435514628887,-0.1909600242972374,-0.22858425974845886
4820,9.9375,-0.23806467652320862,-0.04130195416510105,0.02361243087798357,0.0,0.14284919053316117,-0.19051404148340226,-0.23806467652320862
4830,9.3125,-0.23844653367996216,-0.03528920784592628,0.029826767556369305,0.0,0.14139137528836726,-0.190076395124197,-0.23844653367996216
4840,10.4375,-0.21821419894695282,-0.03563435822725296,0.024675897881388666,0.0,0.1412787288427353,-0.19100886210799217,-0.21821419894695282
4850,11.125,-0.22686998546123505,-0.04126408137381077,0.03240811750292778,0.0,0.14159877002239227,-0.19204094484448433,-0.22686998546123505
4860,10.8125,-0.22644922137260437,-0.040069179516285656,0.03302626833319664,0.0,0.13776470981538297,-0.1920953668653965,-0.22644922137260437
4870,9.25,-0.23085325956344604,-0.03266626559197903,0.030193023011088373,0.0,0.14287874586880206,-0.1988582953810692,-0.23085325956344604
4880,9.40625,-0.23437049984931946,-0.03784001599997282,0.022474747523665427,0.0,0.14213539510965348,-0.19247110486030578,-0.23437049984931946
4890,11.84375,-0.2285962551832199,-0.03721365127712488,0.09674170687794685,0.0,0.14337608143687247,-0.19819510206580163,-0.2285962551832199
4900,11.75,-0.24023646116256714,-0.025716171041131018,0.1090360589325428,0.0,0.14329095780849457,-0.19559041857719422,-0.24023646116256714
4910,8.15625,-0.23490533232688904,-0.03970627952367067,0.02352182790637016,0.0,0.13585754558444024,-0.19426399543881417,-0.23490533232688904
4920,8.375,-0.24218875169754028,-0.02943485602736473,0.06528813373297453,0.0,0.14230719059705735,-0.19489240050315856,-0.24218875169754028
4930,10.90625,-0.2171235978603363,-0.0361565257422626,0.030186864361166955,0.0,0.13883697241544724,-0.18858851119875908,-0.2171235978603363
4940,12.625,-0.23856639862060547,-0.023404818028211594,0.0785153272561729,0.0,0.1429676331579685,-0.18970827534794807,-0.23856639862060547
4950,8.53125,-0.24204280972480774,-0.04012485593557358,0.024791415221989153,0.0,0.1364416927099228,-0.19818220362067224,-0.24204280972480774
4960,10.84375,-0.22382791340351105,-0.03304998055100441,0.023569689132273197,0.0,0.13573933877050876,-0.1953219838440418,-0.22382791340351105
4970,10.5,-0.22759604454040527,-0.043572927638888356,0.011387447919696569,0.0,0.14147424697875977,-0.19280675873160363,-0.22759604454040527
4980,8.71875,-0.24355760216712952,-0.04147743433713913,0.030964606814086436,0.0,0.13645180985331534,-0.19487260207533835,-0.24355760216712952
4990,9.40625,-0.23261165618896484,-0.038829289749264716,0.019413383305072786,0.0,0.13513723090291024,-0.19427297860383988,-0.23261165618896484
5000,9.75,-0.23004628717899323,-0.038513621874153615,0.01760788159444928,0.0,0.13849443644285203,-0.20086754411458968,-0.23004628717899323
5010,11.71875,-0.22296932339668274,-0.03684883071109653,0.033936512656509876,0.0,0.14431602656841278,-0.20330879837274551,-0.22296932339668274
5020,7.1875,-0.24826613068580627,-0.04043798735365271,0.019752317853271962,0.0,0.14168986007571222,-0.19652633368968964,-0.24826613068580627
5030,11.25,-0.22993582487106323,-0.03869060920551419,0.02037825183942914,0.0,0.13986963778734207,-0.19487835913896562,-0.22993582487106323
5040,10.78125,-0.22072239220142365,-0.039314763713628055,0.016717145685106516,0.0,0.13695511929690837,-0.19307875856757165,-0.22072239220142365
5050,10.0,-0.23654170334339142,-0.03856142647564411,0.03032956551760435,0.0,0.14229319468140603,-0.19215037301182747,-0.23654170334339142
5060,12.03125,-0.24061526358127594,-0.04379629911854863,0.0317879218608141,0.0,0.14025946483016014,-0.19464811384677888,-0.24061526358127594
5070,11.0,-0.23457279801368713,-0.03748285230249167,0.024671369697898626,0.0,0.14235259220004082,-0.19438660368323327,-0.23457279801368713
5080,9.65625,-0.2425304353237152,-0.03494922406971455,0.057246098294854164,0.0,0.13879916518926622,-0.19204911291599275,-0.2425304353237152
5090,11.625,-0.23517662286758423,-0.03605686482042074,0.05198241025209427,0.0,0.14082626365125178,-0.19655953198671341,-0.23517662286758423
5100,9.875,-0.2260092794895172,-0.030583139322698117,0.0592608381062746,0.0,0.13612803407013416,-0.19727672189474105,-0.2260092794895172
5110,9.40625,-0.24162879586219788,-0.03838956039398909,0.09571398533880711,0.0,0.1365986380726099,-0.19913882985711098,-0.24162879586219788
5120,7.84375,-0.23974889516830444,-0.03417216390371323,0.08195026330649853,0.0,0.14117829352617264,-0.19584150984883308,-0.23974889516830444
5130,9.40625,-0.23287798464298248,-0.04640106111764908,0.021446179039776324,0.0,0.12985846661031247,-0.19331436827778817,-0.23287798464298248
5140,9.4375,-0.2340356558561325,-0.0357724267989397,0.023594273999333382,0.0,0.13313917741179465,-0.19977793246507644,-0.2340356558561325
5150,10.25,-0.24311405420303345,-0.03633871329948306,0.016783059388399125,0.0,0.1323691003024578,-0.20119654536247253,-0.24311405420303345
5160,9.15625,-0.23566526174545288,-0.03415458835661411,0.0969340842217207,0.0,0.1354408495128155,-0.2030569903552532,-0.23566526174545288
5170,8.8125,-0.2258322685956955,-0.028853254951536657,0.03261751234531403,0.0,0.13518645875155927,-0.19801110550761222,-0.2258322685956955
5180,8.15625,-0.2485370635986328,-0.03514102753251791,0.029202065989375116,0.0,0.1344886027276516,-0.20209342241287231,-0.2485370635986328
5190,9.6875,-0.24452638626098633,-0.037245879974216224,0.023150800541043282,0.0,0.13788532204926013,-0.19662642925977708,-0.24452638626098633
5200,9.03125,-0.23593756556510925,-0.036445557698607446,0.03436689414083958,0.0,0.14105108007788658,-0.20591452047228814,-0.23593756556510925
5210,10.8125,-0.23300209641456604,-0.0342911995947361,0.010589657444506883,0.0,0.14121745191514493,-0.2005028322339058,-0.23300209641456604
5220,9.125,-0.2395729422569275,-0.03553478624671698,0.038425415940582755,0.0,0.1398188564926386,-0.1969650201499462,-0.2395729422569275
5230,7.1875,-0.2487887144088745,-0.03359616724774241,0.021238402370363473,0.0,0.13726048842072486,-0.1963929906487465,-0.2487887144088745
5240,11.90625,-0.2602686583995819,-0.03385119177401066,0.06555034182965755,0.0,0.13913522213697432,-0.2022128753364086,-0.2602686583995819
5250,7.53125,-0.2545119524002075,-0.03744736695662141,0.028420104272663595,0.0,0.13987847045063972,-0.20087167844176293,-0.2545119524002075
5260,10.34375,-0.22822031378746033,-0.035872862208634615,0.015022741444408894,0.0,0.1414550557732582,-0.19270087778568268,-0.22822031378746033
5270,10.75,-0.2358008325099945,-0.025502347201108933,0.30913970768451693,0.0,0.14333676919341087,-0.19261319041252137,-0.2358008325099945
5280,7.90625,-0.24384468793869019,-0.0403024572879076,0.0552572350949049,0.0,0.13631529808044435,-0.19437431842088698,-0.24384468793869019
5290,7.25,-0.25112876296043396,-0.03696654010564089,0.03788094948977232,0.0,0.13707336522638797,-0.1971423752605915,-0.25112876296043396
5300,9.1875,-0.24431754648685455,-0.03951922096312046,0.050473381951451304,0.0,0.13691075518727303,-0.19887454733252524,-0.24431754648685455
5310,8.9375,-0.24008959531784058,-0.0326104374602437,0.056839775294065475,0.0,0.13618601597845553,-0.19800252094864845,-0.24008959531784058
5320,11.0,-0.24700790643692017,-0.04023694423958659,0.029614107869565486,0.0,0.1417510613799095,-0.21071176677942277,-0.24700790643692017
5330,9.15625,-0.22950294613838196,-0.04072960857301951,0.013006519339978696,0.0,0.1382512181997299,-0.20073579624295235,-0.22950294613838196
5340,8.03125,-0.22898414731025696,-0.04057813752442598,0.02343669980764389,0.0,0.13786072954535483,-0.1942175917327404,-0.22898414731025696
5350,10.875,-0.2407853901386261,-0.03303800113499165,0.046980927139520644,0.0,0.13686093389987947,-0.19659404084086418,-0.2407853901386261
5360,8.96875,-0.24661609530448914,-0.03814489096403122,0.049095671810209754,0.0,0.137732657790184,-0.19159198626875878,-0.24661609530448914
5370,9.96875,-0.24266071617603302,-0.03212491739541292,0.01204335168004036,0.0,0.1389366902410984,-0.21031527742743492,-0.24266071617603302
5380,8.40625,-0.2430267035961151,-0.038272728025913236,0.024511159025132657,0.0,0.14264060705900192,-0.20072038620710372,-0.2430267035961151
5390,8.84375,-0.23839221894741058,-0.03777343146502972,0.027797875553369523,0.0,0.1394103080034256,-0.19348325356841087,-0.23839221894741058
5400,8.25,-0.24176150560379028,-0.03663574531674385,0.028654919750988484,0.0,0.14039477221667768,-0.19495830088853836,-0.24176150560379028
5410,6.9375,-0.24640126526355743,-0.039674822613596915,0.03174917586147785,0.0,0.14077200144529342,-0.19778640791773797,-0.24640126526355743
5420,9.34375,-0.2398008108139038,-0.03757293447852135,0.04619070123881101,0.0,0.1407466385513544,-0.20058594271540642,-0.2398008108139038
5430,8.4375,-0.23478785157203674,-0.04079084135591984,0.0402548748999834,0.0,0.14092920273542403,-0.19667316153645514,-0.23478785157203674
5440,9.4375,-0.23735779523849487,-0.039836371596902606,0.04145115967839956,0.0,0.1454250209033489,-0.19473900273442268,-0.23735779523849487
5450,10.125,-0.2313399314880371,-0.039483548142015934,0.04164440371096134,0.0,0.1435500755906105,-0.1880088619887829,-0.2313399314880371
5460,7.125,-0.24602696299552917,-0.0394155241549015,0.049618964269757274,0.0,0.14451473951339722,-0.1975943773984909,-0.24602696299552917
5470,9.3125,-0.2411527931690216,-0.042380541749298575,0.03602060787379742,0.0,0.14279367551207542,-0.19431372731924057,-0.2411527931690216
5480,7.65625,-0.2538403272628784,-0.02695642616599798,0.03975097332149744,0.0,0.14207522459328176,-0.1989815466105938,-0.2538403272628784
5490,9.09375,-0.235229954123497,-0.04534465335309505,0.02578519731760025,0.0,0.14306823536753654,-0.198728733509779,-0.235229954123497
5500,7.4375,-0.24388808012008667,-0.03535293154418469,0.03537604482844472,0.0,0.13938400149345398,-0.1985475055873394,-0.24388808012008667
5510,8.03125,-0.23581047356128693,-0.04300976656377316,0.018476530071347953,0.0,0.140245870500803,-0.19742735028266906,-0.23581047356128693
5520,9.5,-0.2458808869123459,-0.03574642073363066,0.0654344242066145,0.0,0.14060666114091874,-0.2016718231141567,-0.2458808869123459
5530,10.0,-0.26041385531425476,-0.041403561271727084,0.03992639929056167,0.0,0.14243545830249787,-0.20212678387761115,-0.26041385531425476
5540,7.40625,-0.23858225345611572,-0.032130631245672704,0.06871787905693054,0.0,0.1388999827206135,-0.1976708173751831,-0.23858225345611572
5550,8.875,-0.2464825063943863,-0.030341786798089743,0.07412252239882947,0.0,0.14019841477274894,-0.19878522157669068,-0.2464825063943863
5560,8.84375,-0.24065667390823364,-0.029631595686078073,0.07568379677832127,0.0,0.13787045627832412,-0.20496392995119095,-0.24065667390823364
5570,7.1875,-0.2504388093948364,-0.04314241483807564,0.04279826879501343,0.0,0.14010833166539668,-0.19837356060743333,-0.2504388093948364
5580,7.8125,-0.22763961553573608,-0.03605339890345931,0.046437427029013635,0.0,0.13828306496143342,-0.19383142068982123,-0.22763961553573608
5590,7.78125,-0.2433268129825592,-0.04347368758171797,0.037097083032131196,0.0,0.14100589156150817,-0.19723087251186372,-0.2433268129825592
5600,7.84375,-0.23580747842788696,-0.03685788009315729,0.047151011601090434,0.0,0.1444023035466671,-0.20078152492642404,-0.23580747842788696
5610,6.65625,-0.2321784794330597,-0.028676499892026187,0.06447951048612595,0.0,0.14367042258381843,-0.18975458666682243,-0.2321784794330597
5620,8.25,-0.2424064576625824,-0.039866149239242074,0.029596846923232077,0.0,0.1419165126979351,-0.1938508130609989,-0.2424064576625824
5630,7.21875,-0.24195697903633118,-0.02302595041692257,0.18647149689495562,0.0,0.14240159690380097,-0.19824458062648773,-0.24195697903633118
5640,6.9375,-0.2501930892467499,-0.04278464000672102,0.0180212639272213,0.0,0.14008088372647762,-0.2081458903849125,-0.2501930892467499
5650,6.96875,-0.24107830226421356,-0.0409352945163846,0.04182349182665348,0.0,0.14209548979997635,-0.1935583233833313,-0.24107830226421356
5660,7.5625,-0.24467693269252777,-0.03327104933559895,0.07973560485988855,0.0,0.14265690818428994,-0.1955209694802761,-0.24467693269252777
5670,10.90625,-0.24573267996311188,-0.04197066184133291,0.07453465908765793,0.0,0.1402529139071703,-0.19974697902798652,-0.24573267996311188
5680,9.3125,-0.25843527913093567,-0.03434668127447367,0.0335487985983491,0.0,0.14030932188034057,-0.20047535449266435,-0.25843527913093567
5690,9.25,-0.25535282492637634,-0.04391321800649166,0.026760096475481988,0.0,0.14038520939648153,-0.2040926806628704,-0.25535282492637634
5700,9.9375,-0.25026822090148926,-0.023324155434966087,0.022566826455295085,0.0,0.1428567286580801,-0.2013142503798008,-0.25026822090148926
5710,9.28125,-0.23771317303180695,-0.03272183127701282,0.023428041115403177,0.0,0.14646496586501598,-0.1978682443499565,-0.23771317303180695
5720,11.6875,-0.2582146227359772,-0.025662196055054664,0.06150575913488865,0.0,0.1465872898697853,-0.20476168692111968,-0.2582146227359772
5730,8.3125,-0.23760254681110382,-0.03646306316368282,0.015889196936041117,0.0,0.14435143172740936,-0.19756681472063065,-0.23760254681110382
5740,8.5625,-0.24001047015190125,-0.038123004231601955,0.02167877908796072,0.0,0.14823382049798967,-0.1953696131706238,-0.24001047015190125
5750,8.28125,-0.2638644576072693,-0.04282412054017186,0.027933944761753083,0.0,0.1408817045390606,-0.19638816341757775,-0.2638644576072693
5760,9.53125,-0.23903676867485046,-0.03453593272715807,0.09164031706750393,0.0,0.14332972094416618,-0.20172398015856743,-0.23903676867485046
5770,8.46875,-0.24654483795166016,-0.0339120564982295,0.021792166866362095,0.0,0.14678648114204407,-0.19381973147392273,-0.24654483795166016
5780,8.125,-0.23953105509281158,-0.039132760278880595,0.0259812431409955,0.0,0.1461605906486511,-0.19127025455236435,-0.23953105509281158
5790,7.3125,-0.24786445498466492,-0.03707393109798431,0.05844633840024471,0.0,0.1454907551407814,-0.1924846775829792,-0.24786445498466492
5800,7.5,-0.23529721796512604,-0.04208026174455881,0.04002642408013344,0.0,0.14850771948695182,-0.19069901928305627,-0.23529721796512604
5810,8.75,-0.23159819841384888,-0.036038870178163054,0.06866232082247734,0.0,0.1432316556572914,-0.19393374621868134,-0.23159819841384888
5820,6.65625,-0.2487017810344696,-0.035145848989486694,0.0521574929356575,0.0,0.143496860191226,-0.1941625915467739,-0.2487017810344696
5830,7.71875,-0.24891123175621033,-0.03532933890819549,0.014055349677801133,0.0,0.14772082045674323,-0.19834921583533288,-0.24891123175621033
5840,8.21875,-0.25033804774284363,-0.030313731729984285,0.036980807408690454,0.0,0.14292458444833755,-0.18943442702293395,-0.25033804774284363
5850,7.5,-0.2483139932155609,-0.033717517368495466,0.032837088778615,0.0,0.14115921258926392,-0.1931587688624859,-0.2483139932155609
5860,7.71875,-0.2337801456451416,-0.03191040991805494,0.045128708519041535,0.0,0.13829306587576867,-0.1977793626487255,-0.2337801456451416
5870,7.25,-0.24990572035312653,-0.028846745006740095,0.01871818955987692,0.0,0.1422436662018299,-0.20842141285538673,-0.24990572035312653
5880,6.625,-0.25506532192230225,-0.03417535237967968,0.030109688080847262,0.0,0.13805052116513253,-0.21097230166196823,-0.25506532192230225
5890,8.0625,-0.23932352662086487,-0.042244331911206245,0.013455623574554921,0.0,0.13964695781469344,-0.19370611011981964,-0.23932352662086487
5900,9.0,-0.2637358009815216,-0.04296717196702957,0.02537948302924633,0.0,0.14157946072518826,-0.19286159574985504,-0.2637358009815216
5910,8.125,-0.23517437279224396,-0.03757259948179126,0.014099812600761652,0.0,0.14061455056071281,-0.1946075089275837,-0.23517437279224396
5920,8.53125,-0.26831376552581787,-0.03535614181309939,0.03441314082592726,0.0,0.14248479083180426,-0.1987072803080082,-0.26831376552581787
5930,10.03125,-0.2501779794692993,-0.034330932050943376,0.10235631465911865,0.0,0.14514221772551536,-0.20473713725805281,-0.2501779794692993
5940,8.125,-0.22509101033210754,-0.03272784724831581,0.03578833276405931,0.0,0.13908565752208232,-0.195166651904583,-0.22509101033210754
5950,5.25,-0.24303612112998962,-0.02827662890776992,0.04385160142555833,0.0,0.140168509632349,-0.20660306364297867,-0.24303612112998962
5960,8.8125,-0.24730336666107178,-0.039010603725910184,0.026896092016249894,0.0,0.14254116639494896,-0.19719234630465507,-0.24730336666107178
5970,6.6875,-0.23521003127098083,-0.040169287100434305,0.021637257561087607,0.0,0.14155482202768327,-0.1973951943218708,-0.23521003127098083
5980,8.34375,-0.23660674691200256,-0.03688124008476734,0.0611065324395895,0.0,0.14498242363333702,-0.1923259489238262,-0.23660674691200256
5990,6.59375,-0.2459530532360077,-0.0337642690166831,0.042147965356707576,0.0,0.1398995764553547,-0.1994971290230751,-0.2459530532360077
6000,8.65625,-0.2520492374897003,-0.03668972058221698,0.01913516167551279,0.0,0.1454612322151661,-0.19520364478230476,-0.2520492374897003
6010,7.59375,-0.2524575889110565,-0.032670900132507084,0.08898387737572193,0.0,0.14156429022550582,-0.19702111706137657,-0.2524575889110565
6020,9.28125,-0.24398958683013916,-0.04051393009722233,0.015421164222061634,0.0,0.14498101361095905,-0.20335383713245392,-0.24398958683013916
6030,8.46875,-0.26231443881988525,-0.04559373380616307,0.02276077978312969,0.0,0.14086492136120796,-0.19794099554419517,-0.26231443881988525
6040,7.71875,-0.23263034224510193,-0.0424725822173059,0.02909184154123068,0.0,0.1430789165198803,-0.18993693143129348,-0.23263034224510193
6050,9.0625,-0.2630968987941742,-0.03425192842260003,0.013206444121897221,0.0,0.14126539155840873,-0.20380840823054314,-0.2630968987941742
6060,9.21875,-0.250895619392395,-0.0366320070810616,0.06136474423110485,0.0,0.14130861759185792,-0.19391665160655974,-0.250895619392395
6070,7.28125,-0.2451845407485962,-0.038086004182696344,0.010732544958591462,0.0,0.1380971558392048,-0.21279148161411285,-0.2451845407485962
6080,7.96875,-0.23657602071762085,-0.0407144270837307,0.015869561955332755,0.0,0.14184746854007244,-0.19649852961301803,-0.23657602071762085
6090,8.46875,-0.23108834028244019,-0.038727551326155664,0.016364364698529244,0.0,0.14080920107662678,-0.19809382036328316,-0.23108834028244019
6100,6.96875,-0.23668138682842255,-0.03898004498332739,0.034288699924945834,0.0,0.14537057355046273,-0.19032608792185784,-0.23668138682842255
6110,7.625,-0.24715372920036316,-0.03211689572781325,0.01189457536675036,0.0,0.13942054212093352,-0.20318685546517373,-0.24715372920036316
6120,8.28125,-0.2303428053855896,-0.03836443684995174,0.009167587012052536,0.0,0.14083172976970673,-0.19878429397940636,-0.2303428053855896
6130,8.53125,-0.23799771070480347,-0.03749392023310065,0.0634126253426075,0.0,0.14165713414549827,-0.1922636643052101,-0.23799771070480347
6140,8.65625,-0.2527323365211487,-0.029679265804588795,0.06158553063869476,0.0,0.1411980614066124,-0.1921099044382572,-0.2527323365211487
6150,7.90625,-0.2390414923429489,-0.029463141970336438,0.09237108528614044,0.0,0.14082619771361352,-0.1947342984378338,-0.2390414923429489
6160,7.53125,-0.2472437024116516,-0.04287953525781631,0.024245573580265044,0.0,0.1427006609737873,-0.19949991106987,-0.2472437024116516
6170,7.5,-0.2475128173828125,-0.03915246799588203,0.009780601877719165,0.0,0.13997496366500856,-0.20259195044636727,-0.2475128173828125
6180,6.5,-0.2697596549987793,-0.027367330715060235,0.026227208133786917,0.0,0.14135831445455552,-0.1955533042550087,-0.2697596549987793
6190,8.1875,-0.23496471345424652,-0.03240973609499633,0.014465298503637314,0.0,0.14488433450460433,-0.1994193010032177,-0.23496471345424652
6200,5.03125,-0.2470284104347229,-0.0401302217040211,0.027234341949224472,0.0,0.1405925951898098,-0.18549446165561675,-0.2470284104347229
6210,7.6875,-0.24342839419841766,-0.041290135914459826,0.007013629749417305,0.0,0.14435118734836577,-0.2019193358719349,-0.24342839419841766
6220,7.9375,-0.24961763620376587,-0.034528278186917304,0.013920393772423267,0.0,0.1447161003947258,-0.20249785408377646,-0.24961763620376587
6230,7.34375,-0.23841607570648193,-0.031779267452657224,0.011874707415699959,0.0,0.1439612813293934,-0.19214047119021416,-0.23841607570648193
6240,7.28125,-0.2395353615283966,-0.03506611157208681,0.03513933997601271,0.0,0.14405058696866035,-0.1904775582253933,-0.2395353615283966
6250,7.4375,-0.2347072958946228,-0.041470907907932994,0.032238445058465,0.0,0.14029975086450577,-0.1893659010529518,-0.2347072958946228
6260,7.75,-0.24918381869792938,-0.04096447955816984,0.0701838918030262,0.0,0.14317359998822213,-0.18885945081710814,-0.24918381869792938
6270,7.3125,-0.2594638764858246,-0.0295240581035614,0.1123068206012249,0.0,0.14141109064221383,-0.19486048072576523,-0.2594638764858246
6280,6.96875,-0.2259637713432312,-0.030718951113522054,0.01928476244211197,0.0,0.1452091321349144,-0.19013984501361847,-0.2259637713432312
6290,7.0,-0.23653802275657654,-0.03886534944176674,0.05325520932674408,0.0,0.1448215939104557,-0.187801031768322,-0.23653802275657654
6300,7.375,-0.2280372977256775,-0.03727972768247127,0.03739031944423914,0.0,0.14214023426175118,-0.19084086567163466,-0.2280372977256775
6310,8.375,-0.24711154401302338,-0.048793749138712886,0.027301209419965743,0.0,0.14096748195588588,-0.1930449776351452,-0.24711154401302338
6320,9.875,-0.24216781556606293,-0.040871346928179265,0.03848087564110756,0.0,0.14323456436395646,-0.1884161651134491,-0.24216781556606293
6330,9.96875,-0.24170082807540894,-0.03543685972690582,0.04419300183653831,0.0,0.14361189529299737,-0.19612019062042235,-0.24170082807540894
6340,7.15625,-0.24521052837371826,-0.04077680837363005,0.043344540148973466,0.0,0.13953011110424995,-0.1936608962714672,-0.24521052837371826
6350,7.84375,-0.23577582836151123,-0.03938556537032127,0.04418620951473713,0.0,0.14146250523626805,-0.19133192747831346,-0.23577582836151123
6360,6.25,-0.25652629137039185,-0.032737765647470954,0.04589461162686348,0.0,0.13941413313150405,-0.20091691240668297,-0.25652629137039185
6370,6.6875,-0.25015032291412354,-0.03857435919344425,0.035187007300555705,0.0,0.1455293118953705,-0.19590289518237114,-0.25015032291412354
6380,7.875,-0.23310896754264832,-0.039383665472269055,0.014344477467238903,0.0,0.14352891445159913,-0.19522182941436766,-0.23310896754264832
6390,6.40625,-0.22370123863220215,-0.036443769745528695,0.012820080248638987,0.0,0.1408684603869915,-0.18982843682169914,-0.22370123863220215
6400,6.71875,-0.23190514743328094,-0.04546904992312193,0.009767828043550253,0.0,0.14461502507328988,-0.18866437599062919,-0.23190514743328094
6410,6.6875,-0.250905305147171,-0.04039231911301613,0.015381189901381731,0.0,0.14177409335970878,-0.19398079812526703,-0.250905305147171
6420,8.9375,-0.2543809711933136,-0.0363922281190753,0.04839756079018116,0.0,0.1442774947732687,-0.1950751505792141,-0.2543809711933136
6430,9.875,-0.2568514943122864,-0.03660871349275112,0.027974617108702658,0.0,0.14365183115005492,-0.19428368657827377,-0.2568514943122864
6440,7.71875,-0.24740123748779297,-0.034369643311947584,0.04948835894465446,0.0,0.14022008776664735,-0.1939842849969864,-0.24740123748779297
6450,7.25,-0.24614810943603516,-0.040991744864732026,0.06941125430166721,0.0,0.14251662269234658,-0.19006671607494355,-0.24614810943603516
6460,8.15625,-0.24254822731018066,-0.04088877011090517,0.04494217336177826,0.0,0.14212753996253014,-0.18960844054818154,-0.24254822731018066
6470,11.21875,-0.26566195487976074,-0.03844657177105546,0.036870399862527846,0.0,0.13802770003676415,-0.19395602270960807,-0.26566195487976074
6480,8.71875,-0.24897286295890808,-0.03775996845215559,0.061342989280819896,0.0,0.13738992884755136,-0.19682016000151634,-0.24897286295890808
6490,7.90625,-0.25922760367393494,-0.035935950744897124,0.022418848425149917,0.0,0.13631528094410897,-0.1962035581469536,-0.25922760367393494
6500,9.4375,-0.2727922797203064,-0.027503083739429713,0.07368039982393385,0.0,0.14115013033151627,-0.20111601799726486,-0.2727922797203064
6510,7.625,-0.24085402488708496,-0.03553407941944897,0.0366921653971076,0.0,0.1427130624651909,-0.2002126879990101,-0.24085402488708496
6520,8.0625,-0.22886472940444946,-0.04285332281142473,0.007718470459803939,0.0,0.14207688756287098,-0.1967845469713211,-0.22886472940444946
6530,8.40625,-0.2334808111190796,-0.038998975232243535,0.02216562544927001,0.0,0.14629482254385948,-0.18605456054210662,-0.2334808111190796
6540,7.84375,-0.2491859495639801,-0.03044402990490198,0.06664079409092664,0.0,0.1412525810301304,-0.18919490203261374,-0.2491859495639801
6550,7.625,-0.23702794313430786,-0.04340576222166419,0.042336112447083,0.0,0.14402506686747074,-0.19337364807724952,-0.23702794313430786
6560,7.125,-0.24489882588386536,-0.032871311716735366,0.02796404529362917,0.0,0.14265264607965947,-0.19616031423211097,-0.24489882588386536
6570,5.78125,-0.23596611618995667,-0.027353267837315797,0.03227603896521032,0.0,0.14491385444998742,-0.2064318537712097,-0.23596611618995667
6580,8.0625,-0.2384050488471985,-0.0375822726637125,0.006933923065662384,0.0,0.14470742791891097,-0.2001429930329323,-0.2384050488471985
6590,7.78125,-0.2536921203136444,-0.034283196367323396,0.01922802980989218,0.0,0.140801740065217,-0.1837987147271633,-0.2536921203136444
6600,8.84375,-0.23873114585876465,-0.038581448048353194,0.01222907966002822,0.0,0.14081344828009607,-0.1962500959634781,-0.23873114585876465
6610,7.84375,-0.24001629650592804,-0.03950811233371496,0.02760825417935848,0.0,0.1434011183679104,-0.18617918863892555,-0.24001629650592804
6620,8.84375,-0.26784107089042664,-0.041313958913087846,0.08029070310294628,0.0,0.14464628957211972,-0.19466177895665168,-0.26784107089042664
6630,7.0,-0.2522398829460144,-0.03542166557163,0.019522157590836288,0.0,0.13960288651287556,-0.20525889322161675,-0.2522398829460144
6640,6.84375,-0.2289653867483139,-0.039367873780429365,0.0142098736949265,0.0,0.14232662320137024,-0.19077085182070733,-0.2289653867483139
6650,8.53125,-0.23881301283836365,-0.041750666312873365,0.03414010088890791,0.0,0.1414911061525345,-0.18641312345862388,-0.23881301283836365
6660,7.21875,-0.2489302158355713,-0.042690427787601945,0.03228815533220768,0.0,0.14098118543624877,-0.19219340682029723,-0.2489302158355713
6670,6.90625,-0.24443376064300537,-0.037761748768389225,0.01785989450290799,0.0,0.1442263662815094,-0.2038086958229542,-0.24443376064300537
6680,6.875,-0.24891696870326996,-0.03687102347612381,0.03285194505006075,0.0,0.14111773408949374,-0.19659327194094658,-0.24891696870326996
6690,8.375,-0.2488064020872116,-0.040449352003633976,0.011502014100551605,0.0,0.14134801402688027,-0.18784214705228805,-0.2488064020872116
6700,7.46875,-0.25131988525390625,-0.03560741655528545,0.10286852866411209,0.0,0.14234584830701352,-0.19029798358678818,-0.25131988525390625
6710,8.71875,-0.25353628396987915,-0.02939899228513241,0.04662251099944115,0.0,0.1414814203977585,-0.19084883853793144,-0.25353628396987915
6720,6.4375,-0.24548408389091492,-0.030023558251559734,0.048109480459243056,0.0,0.13951781168580055,-0.19577888995409012,-0.24548408389091492
6730,6.5625,-0.23697936534881592,-0.041024364065378904,0.01854783557355404,0.0,0.1396130234003067,-0.1917752020061016,-0.23697936534881592
6740,6.3125,-0.249911829829216,-0.03780225589871407,0.01850428581237793,0.0,0.13897799924016,-0.19561698511242867,-0.249911829829216
6750,7.8125,-0.2545251250267029,-0.03737194538116455,0.0562762875109911,0.0,0.1375464115291834,-0.20054096952080727,-0.2545251250267029
6760,7.25,-0.2341986447572708,-0.04398459978401661,0.010531113296747208,0.0,0.14071964994072914,-0.19972422420978547,-0.2341986447572708
6770,6.3125,-0.2396351546049118,-0.03352952534332872,0.07307863775640726,0.0,0.1396658319979906,-0.19064337089657785,-0.2396351546049118
6780,6.8125,-0.23974189162254333,-0.03655147776007652,0.02441364899277687,0.0,0.14430071040987968,-0.2004560761153698,-0.23974189162254333
6790,7.40625,-0.2574012279510498,-0.03417424811050296,0.04127889201045036,0.0,0.1377891980111599,-0.19493259191513063,-0.2574012279510498
6800,7.0625,-0.24686531722545624,-0.04273729007691145,0.020851641334593295,0.0,0.1416498340666294,-0.19121406823396683,-0.24686531722545624
6810,7.34375,-0.2530425786972046,-0.02790993507951498,0.08035120591521264,0.0,0.14203839153051376,-0.19411019384860992,-0.2530425786972046
6820,6.125,-0.25928187370300293,-0.035733412578701974,0.034181852079927924,0.0,0.14808722510933875,-0.18917773440480232,-0.25928187370300293
6830,6.90625,-0.2277185618877411,-0.038651968631893394,0.007946061389520764,0.0,0.1406358614563942,-0.19791452661156655,-0.2277185618877411
6840,9.4375,-0.25256770849227905,-0.03416288588196039,0.04843458868563175,0.0,0.1386078078299761,-0.2008832074701786,-0.25256770849227905
6850,6.65625,-0.24814572930335999,-0.032698844000697135,0.02552875569090247,0.0,0.14071654565632344,-0.1922713413834572,-0.24814572930335999
6860,5.21875,-0.23264792561531067,-0.041370908915996554,0.010790621116757392,0.0,0.1426682997494936,-0.19049770310521125,-0.23264792561531067
6870,7.25,-0.2533033490180969,-0.04156426452100277,0.010698278807103634,0.0,0.14200799837708472,-0.19511767104268074,-0.2533033490180969
6880,8.09375,-0.24751164019107819,-0.029518647864460946,0.021202137507498265,0.0,0.1400779016315937,-0.19486033767461777,-0.24751164019107819
6890,6.4375,-0.24841296672821045,-0.0331876901909709,0.03916476871818304,0.0,0.14389679059386254,-0.19107915759086608,-0.24841296672821045
6900,7.71875,-0.2410489022731781,-0.03537471638992429,0.015487065073102713,0.0,0.14926212802529334,-0.1933462478220463,-0.2410489022731781
6910,5.90625,-0.2299538552761078,-0.04185160025954247,0.007297933334484696,0.0,0.14765580296516417,-0.19489801600575446,-0.2299538552761078
6920,6.65625,-0.23930905759334564,-0.01908664032816887,0.10798686686903239,0.0,0.14388614147901535,-0.18529802411794663,-0.23930905759334564
6930,8.3125,-0.24658694863319397,-0.038384892605245115,0.01890964210033417,0.0,0.1438923828303814,-0.19931343123316764,-0.24658694863319397
6940,7.65625,-0.24934712052345276,-0.03256809124723077,0.057426397874951365,0.0,0.14650886207818986,-0.19450848251581193,-0.24934712052345276
6950,8.0,-0.23700138926506042,-0.03734696172177791,0.022557680495083332,0.0,0.14134782925248146,-0.1874568372964859,-0.23700138926506042
6960,6.84375,-0.2481483519077301,-0.033699937537312506,0.02925491947680712,0.0,0.14223925545811653,-0.1972681313753128,-0.2481483519077301
6970,6.46875,-0.23372192680835724,-0.019627672061324118,0.1763724498450756,0.0,0.14103630632162095,-0.18741447031497954,-0.23372192680835724
6980,6.78125,-0.25593996047973633,-0.029667573980987072,0.1872627168893814,0.0,0.13806591667234897,-0.19355183020234107,-0.25593996047973633
6990,8.28125,-0.24729131162166595,-0.03300873348489404,0.08030846938490868,0.0,0.14128627814352512,-0.19040050134062766,-0.24729131162166595
7000,6.90625,-0.270902544260025,-0.03417041040956974,0.04950117059051991,0.0,0.13735267370939255,-0.20868342295289039,-0.270902544260025
7010,6.5,-0.24291762709617615,-0.043320761248469355,0.005889623332768679,0.0,0.14096239618957043,-0.20535715520381928,-0.24291762709617615
7020,6.59375,-0.23903053998947144,-0.04190332591533661,0.04106482639908791,0.0,0.14053472876548767,-0.18707855716347693,-0.23903053998947144
7030,7.34375,-0.23415948450565338,-0.03694544285535813,0.05552938282489776,0.0,0.14410420805215834,-0.19095588177442552,-0.23415948450565338
7040,8.15625,-0.2623632848262787,-0.036572590470314026,0.06355580855160951,0.0,0.14360159263014793,-0.2013047993183136,-0.2623632848262787
7050,6.78125,-0.24271151423454285,-0.04530005864799023,0.01977211982011795,0.0,0.13745573796331884,-0.20021200105547904,-0.24271151423454285
7060,7.65625,-0.239957794547081,-0.043328382354229686,0.02739225123077631,0.0,0.14008574709296226,-0.19673364162445067,-0.239957794547081
7070,6.71875,-0.22691018879413605,-0.03172362959012389,0.0214613676071167,0.0,0.14072948768734933,-0.2069882333278656,-0.22691018879413605
7080,9.90625,-0.27028515934944153,-0.03251014119014144,0.07177928276360035,0.0,0.1378224492073059,-0.2061052829027176,-0.27028515934944153
7090,6.46875,-0.2466285228729248,-0.036288140527904036,0.008366598328575493,0.0,0.14216993674635886,-0.20347181484103202,-0.2466285228729248
7100,6.71875,-0.2307567596435547,-0.029465000703930856,0.01852158671244979,0.0,0.14554330781102182,-0.18328795358538627,-0.2307567596435547
7110,8.3125,-0.2628118395805359,-0.036149493604898456,0.013848745729774237,0.0,0.14792900756001473,-0.20693584010004998,-0.2628118395805359
7120,6.3125,-0.23782449960708618,-0.038325794786214826,0.011589418724179268,0.0,0.14522083699703217,-0.1874564304947853,-0.23782449960708618
7130,6.6875,-0.2366299033164978,-0.04773486945778131,0.014177853241562843,0.0,0.14610423743724824,-0.19083418026566507,-0.2366299033164978
7140,7.78125,-0.24101856350898743,-0.03884722050279379,0.03471077736467123,0.0,0.1437910370528698,-0.18799303472042084,-0.24101856350898743
7150,6.1875,-0.269583523273468,-0.03091280795633793,0.09107733685523271,0.0,0.14455720856785775,-0.19784202799201012,-0.269583523273468
7160,5.9375,-0.24604365229606628,-0.028013514168560506,0.010822590673342347,0.0,0.14595895931124686,-0.19919358268380166,-0.24604365229606628
7170,8.34375,-0.24928127229213715,-0.03536962009966373,0.029768761433660983,0.0,0.14390861764550208,-0.1959555521607399,-0.24928127229213715
7180,6.875,-0.2628379762172699,-0.02725986735895276,0.19006991088390351,0.0,0.14703236296772956,-0.19312727600336074,-0.2628379762172699
7190,6.65625,-0.2366737723350525,-0.04218891561031342,0.005028543807566166,0.0,0.14321235492825507,-0.20688842684030534,-0.2366737723350525
7200,6.5625,-0.24181410670280457,-0.03934655506163835,0.014740833640098571,0.0,0.14056867063045503,-0.19017270654439927,-0.24181410670280457
7210,6.03125,-0.2453770786523819,-0.03674797471612692,0.04488778747618198,0.0,0.14400537312030792,-0.1934562675654888,-0.2453770786523819
7220,8.15625,-0.24642014503479004,-0.03945939466357231,0.03368547838181257,0.0,0.1468885734677315,-0.1914939723908901,-0.24642014503479004
7230,7.625,-0.2522469162940979,-0.014867970906198024,0.20800476130098106,0.0,0.1480646938085556,-0.1936386838555336,-0.2522469162940979
7240,6.5625,-0.24066877365112305,-0.03461589002981782,0.038619132898747924,0.0,0.14540670365095137,-0.18845068514347077,-0.24066877365112305
7250,7.6875,-0.24961228668689728,-0.037983400467783215,0.034500043466687204,0.0,0.14610777497291566,-0.19045349359512329,-0.24961228668689728
7260,7.03125,-0.24447257816791534,-0.04392792209982872,0.029645379818975925,0.0,0.14014282487332821,-0.19383232593536376,-0.24447257816791534
7270,7.0,-0.26158469915390015,-0.03777760472148657,0.04115599133074284,0.0,0.14481689892709254,-0.19945392459630967,-0.26158469915390015
7280,6.9375,-0.24634969234466553,-0.03572593154385686,0.041772425174713135,0.0,0.14189765900373458,-0.19564095735549927,-0.24634969234466553
7290,6.90625,-0.240517258644104,-0.036555724777281286,0.027458293549716472,0.0,0.13929099552333354,-0.19583239257335663,-0.240517258644104
7300,6.84375,-0.2457733005285263,-0.037896196078509095,0.0037025973200798036,0.0,0.13966487981379033,-0.2102082774043083,-0.2457733005285263
7310,6.78125,-0.234846293926239,-0.04105436149984598,0.006887894729152322,0.0,0.14215596951544285,-0.19317614138126374,-0.234846293926239
7320,6.0,-0.251720666885376,-0.032516269758343694,0.15703551098704338,0.0,0.13921600356698036,-0.18842425793409348,-0.251720666885376
7330,7.53125,-0.239063560962677,-0.025144200213253497,0.06439007483422757,0.0,0.13974970392882824,-0.20164116472005844,-0.239063560962677
7340,5.875,-0.2462555468082428,-0.041208730172365905,0.01894133724272251,0.0,0.14153756238520146,-0.19853978008031845,-0.2462555468082428
7350,5.59375,-0.2541012167930603,-0.026882809959352015,0.09911868702620268,0.0,0.14587069153785706,-0.19291042387485505,-0.2541012167930603
7360,7.3125,-0.25482046604156494,-0.033775275386869905,0.026128638722002506,0.0,0.14371063746511936,-0.2045690670609474,-0.25482046604156494
7370,9.0,-0.2876319885253906,-0.041592593863606454,0.01606566719710827,0.0,0.1412094734609127,-0.2227372035384178,-0.2876319885253906
7380,5.4375,-0.25886356830596924,-0.026976444572210313,0.01803709277883172,0.0,0.14666174203157425,-0.19965372681617738,-0.25886356830596924
7390,5.71875,-0.25242120027542114,-0.02987789809703827,0.02904916713014245,0.0,0.14501233920454978,-0.18985186144709587,-0.25242120027542114
7400,6.9375,-0.2406952977180481,-0.039311669394373895,0.007127826381474733,0.0,0.14798295572400094,-0.19931404143571854,-0.2406952977180481
7410,6.65625,-0.25451064109802246,-0.033003218658268454,0.049162940308451655,0.0,0.14453106597065926,-0.18884543627500533,-0.25451064109802246
7420,6.6875,-0.2386571168899536,-0.03535696491599083,0.032856790255755185,0.0,0.14485476724803448,-0.19183861836791039,-0.2386571168899536
7430,6.5,-0.2510069012641907,-0.040444910526275635,0.007917922176420688,0.0,0.1451057855039835,-0.20559020712971687,-0.2510069012641907
7440,6.9375,-0.2441447675228119,-0.038806787505745885,0.039437581598758695,0.0,0.14632798954844475,-0.19127664044499398,-0.2441447675228119
7450,5.875,-0.24296382069587708,-0.0318723963573575,0.02729845531284809,0.0,0.14811388477683068,-0.19860443100333214,-0.24296382069587708
7460,6.59375,-0.2608291208744049,-0.04125065244734287,0.014501377381384373,0.0,0.1478542134165764,-0.1906855396926403,-0.2608291208744049
7470,5.84375,-0.24392223358154297,-0.03431797660887241,0.017682957090437414,0.0,0.1456400364637375,-0.19328774362802506,-0.24392223358154297
7480,7.3125,-0.26384419202804565,-0.03801077511161566,0.03847977165132761,0.0,0.14841525256633759,-0.1880956247448921,-0.26384419202804565
7490,6.3125,-0.26484745740890503,-0.031195532344281674,0.0861770274117589,0.0,0.14572305269539357,-0.190811937302351,-0.26484745740890503
7500,6.5,-0.2699243426322937,-0.03834784664213657,0.012794988136738539,0.0,0.14632089883089067,-0.20017160773277282,-0.2699243426322937
7510,7.21875,-0.24754869937896729,-0.02911354638636112,0.015592557843774557,0.0,0.14821161404252053,-0.19342781528830527,-0.24754869937896729
7520,7.0625,-0.2678762972354889,-0.020513266138732434,0.3380514159798622,0.0,0.14649188444018363,-0.19254944548010827,-0.2678762972354889
7530,7.25,-0.2724928855895996,-0.037778745964169504,0.0356453113257885,0.0,0.1434030093252659,-0.19784968197345734,-0.2724928855895996
7540,7.1875,-0.23899072408676147,-0.03966463627293706,0.017734493780881166,0.0,0.1415660060942173,-0.19083318784832953,-0.23899072408676147
7550,7.625,-0.2496444284915924,-0.03480305727571249,0.02401612214744091,0.0,0.14393957033753396,-0.20875314399600028,-0.2496444284915924
7560,6.59375,-0.2553076446056366,-0.04004199933260679,0.016245011892169713,0.0,0.13991511650383473,-0.18798207268118858,-0.2553076446056366
7570,5.875,-0.2637629508972168,-0.0341099763289094,0.029446473624557257,0.0,0.14131419062614442,-0.19347085952758789,-0.2637629508972168
7580,6.625,-0.24129000306129456,-0.036328089982271196,0.08551765978336334,0.0,0.14039392955601215,-0.1888518251478672,-0.24129000306129456
7590,6.09375,-0.2691061496734619,-0.0366622184868902,0.09549956396222115,0.0,0.1444743026047945,-0.19310544282197953,-0.2691061496734619
7600,7.46875,-0.2469404637813568,-0.02719899732619524,0.08169148191809654,0.0,0.14011051841080188,-0.19553638473153115,-0.2469404637813568
7610,6.03125,-0.25934287905693054,-0.03808626458048821,0.017398816626518966,0.0,0.13646671548485756,-0.18700360059738158,-0.25934287905693054
7620,6.96875,-0.23070374131202698,-0.0246559364721179,0.06110905259847641,0.0,0.14238927736878396,-0.19391373172402382,-0.23070374131202698
7630,5.59375,-0.2485390603542328,-0.045085173845291135,0.027773525938391684,0.0,0.14090152606368064,-0.18638646677136422,-0.2485390603542328
7640,5.84375,-0.2470586597919464,-0.033719980902969834,0.10112413875758648,0.0,0.14232356548309327,-0.1893448129296303,-0.2470586597919464
7650,7.125,-0.2518335282802582,-0.03785338196903467,0.0715140763670206,0.0,0.14095574095845223,-0.18737729787826538,-0.2518335282802582
7660,6.15625,-0.24507780373096466,-0.03020160999149084,0.01105345357209444,0.0,0.14009463116526605,-0.20802647322416307,-0.24507780373096466
7670,5.6875,-0.25341957807540894,-0.03931521307677031,0.01754158865660429,0.0,0.14451850578188896,-0.18889914229512214,-0.25341957807540894
7680,6.15625,-0.2477334439754486,-0.033482543844729665,0.027100682072341443,0.0,0.14646191000938416,-0.1941866956651211,-0.2477334439754486
7690,6.09375,-0.24756759405136108,-0.04433066369965673,0.012976742442697286,0.0,0.13710256665945053,-0.1885301448404789,-0.24756759405136108
7700,6.25,-0.24555745720863342,-0.03846995504572988,0.03457661177963019,0.0,0.14339402541518212,-0.18815598115324975,-0.24555745720863342
7710,6.40625,-0.24672295153141022,-0.04080800786614418,0.02335012797266245,0.0,0.13858082182705403,-0.18839358612895013,-0.24672295153141022
7720,5.6875,-0.25375238060951233,-0.041362133296206596,0.02120534610003233,0.0,0.1340510245412588,-0.18692899942398072,-0.25375238060951233
7730,6.90625,-0.24323464930057526,-0.03982357364147902,0.01039541158825159,0.0,0.13711719326674937,-0.1943742848932743,-0.24323464930057526
7740,6.8125,-0.23081707954406738,-0.033048827573657034,0.009608162008225918,0.0,0.1373570293188095,-0.2022740699350834,-0.23081707954406738
7750,6.5625,-0.2679175138473511,-0.029513972625136376,0.024321950692683458,0.0,0.13885422386229038,-0.20248080641031266,-0.2679175138473511
7760,5.78125,-0.24159453809261322,-0.040450882911682126,0.010725718876346945,0.0,0.1419048797339201,-0.18927765190601348,-0.24159453809261322
7770,7.0625,-0.2795194983482361,-0.033492900989949705,0.034003083035349844,0.0,0.13880227617919444,-0.19730613082647325,-0.2795194983482361
7780,6.34375,-0.25367164611816406,-0.03737086374312639,0.016391881834715606,0.0,0.1364809699356556,-0.18846542611718178,-0.25367164611816406
7790,6.59375,-0.24711710214614868,-0.04204975254833698,0.011898396350443364,0.0,0.1351282749325037,-0.18924764171242714,-0.24711710214614868
7800,5.96875,-0.25892436504364014,-0.03325032256543636,0.06520679034292698,0.0,0.13841700553894043,-0.19689709320664406,-0.25892436504364014
7810,7.0625,-0.2545985281467438,-0.03666038885712623,0.02625889927148819,0.0,0.13366458602249623,-0.19782231152057647,-0.2545985281467438
7820,6.125,-0.2464686930179596,-0.03420925550162792,0.11282287240028381,0.0,0.13158757314085961,-0.19250089675188065,-0.2464686930179596
7830,6.96875,-0.26528996229171753,-0.03982933238148689,0.043326358497142795,0.0,0.1351419661194086,-0.1992021918296814,-0.26528996229171753
7840,6.96875,-0.2509063482284546,-0.03098510904237628,0.02580063696950674,0.0,0.13704113550484182,-0.19643701538443564,-0.2509063482284546
7850,6.84375,-0.24511343240737915,-0.030515128560364247,0.030609478801488878,0.0,0.13356258906424046,-0.19937048330903054,-0.24511343240737915
7860,5.28125,-0.25183457136154175,-0.038173317722976205,0.03860026560723782,0.0,0.1353163667023182,-0.19609276577830315,-0.25183457136154175
7870,5.40625,-0.2624664604663849,-0.03889072220772505,0.05723706968128681,0.0,0.1352353148162365,-0.19670527204871177,-0.2624664604663849
7880,5.875,-0.26036834716796875,-0.03673666529357433,0.02302737273275852,0.0,0.13185387775301932,-0.19623756185173988,-0.26036834716796875
7890,4.90625,-0.2536220848560333,-0.03417605040594936,0.013972242921590805,0.0,0.13712895847856998,-0.2019951283931732,-0.2536220848560333
7900,6.96875,-0.25395578145980835,-0.035656264144927265,0.061328689008951186,0.0,0.13689165227115155,-0.19988241717219352,-0.25395578145980835
7910,7.03125,-0.2626027762889862,-0.02733932388946414,0.11311647370457649,0.0,0.13247643522918223,-0.19357288479804993,-0.2626027762889862
7920,5.875,-0.2614525258541107,-0.03680387055501342,0.014436072576791048,0.0,0.13809083290398122,-0.21632327288389205,-0.2614525258541107
7930,6.1875,-0.25012314319610596,-0.04021840579807758,0.007805143995210528,0.0,0.13742250204086304,-0.1892500638961792,-0.25012314319610596
7940,6.25,-0.2554369568824768,-0.03570146095007658,0.018108308687806128,0.0,0.13424876220524312,-0.19140734076499938,-0.2554369568824768
7950,5.96875,-0.24829509854316711,-0.04140242747962475,0.010246976278722286,0.0,0.14003316573798658,-0.19732235968112946,-0.24829509854316711
7960,7.71875,-0.2389526665210724,-0.03793531898409128,0.04877809584140778,0.0,0.14133896306157112,-0.18850789293646814,-0.2389526665210724
7970,6.6875,-0.2596762180328369,-0.040379473567008974,0.01878830213099718,0.0,0.13728318512439727,-0.20040298923850058,-0.2596762180328369
7980,7.1875,-0.2501373589038849,-0.03802863210439682,0.04956115297973156,0.0,0.1369872909039259,-0.19641782343387604,-0.2501373589038849
7990,6.09375,-0.2505671977996826,-0.04101361036300659,0.029411654733121396,0.0,0.13502752892673014,-0.19579875618219375,-0.2505671977996826
8000,7.15625,-0.2436508685350418,-0.029055670462548734,0.09857558328658342,0.0,0.13965414017438887,-0.19914366081357002,-0.2436508685350418
8010,6.84375,-0.2555971145629883,-0.029263630881905554,0.03621534388512373,0.0,0.135527453571558,-0.21283153891563417,-0.2555971145629883
8020,6.0625,-0.24389514327049255,-0.03408810840919614,0.016783261206001043,0.0,0.13673957213759422,-0.19648830518126487,-0.24389514327049255
8030,6.1875,-0.26342928409576416,-0.03479109257459641,0.0653169322758913,0.0,0.13685540147125722,-0.1962476082146168,-0.26342928409576416
8040,5.21875,-0.25135165452957153,-0.04214636832475662,0.016417070478200912,0.0,0.13890831619501115,-0.1908554159104824,-0.25135165452957153
8050,8.0,-0.2553333342075348,-0.036513612139970064,0.05047437623143196,0.0,0.1336035504937172,-0.19441720098257065,-0.2553333342075348
8060,5.90625,-0.26081138849258423,-0.03964858716353774,0.024587531108409166,0.0,0.13748968057334424,-0.21383694410324097,-0.26081138849258423
8070,4.90625,-0.2680221199989319,-0.03149859793484211,0.02980462871491909,0.0,0.13497039526700974,-0.20358217656612396,-0.2680221199989319
8080,6.1875,-0.25309041142463684,-0.03754779645241797,0.010944596026092768,0.0,0.1348546676337719,-0.19650590494275094,-0.25309041142463684
8090,5.4375,-0.25794458389282227,-0.033656286634504796,0.017292638262733816,0.0,0.13639541678130626,-0.20648732259869576,-0.25794458389282227
8100,6.03125,-0.2500273883342743,-0.04183289725333452,0.005586775112897157,0.0,0.13661287166178226,-0.19715789332985878,-0.2500273883342743
8110,7.0625,-0.2830902934074402,-0.029825753532350063,0.06057506762444973,0.0,0.1358571570366621,-0.19889163821935654,-0.2830902934074402
8120,6.71875,-0.24414649605751038,-0.03877978008240461,0.010108015313744546,0.0,0.13176219761371613,-0.19928887560963632,-0.24414649605751038
8130,5.90625,-0.258922278881073,-0.025828874949365855,0.078531314432621,0.0,0.13199594467878342,-0.19744854494929315,-0.258922278881073
8140,5.5625,-0.2541158199310303,-0.032126758620142935,0.0233978345990181,0.0,0.13371493443846702,-0.2074775479733944,-0.2541158199310303
8150,7.03125,-0.2714746594429016,-0.034430448058992626,0.0423375129699707,0.0,0.13470160737633705,-0.20188307985663415,-0.2714746594429016
8160,8.46875,-0.2672136425971985,-0.030846138298511506,0.06872250158339739,0.0,0.13627555817365647,-0.2018851488828659,-0.2672136425971985
8170,6.40625,-0.26458877325057983,-0.032251627370715144,0.08137220591306686,0.0,0.1366475634276867,-0.21531505808234214,-0.26458877325057983
8180,6.96875,-0.26707014441490173,-0.0320232916623354,0.04480655193328857,0.0,0.1337665759027004,-0.19610566943883895,-0.26707014441490173
8190,7.09375,-0.25386184453964233,-0.02335483729839325,0.07211252581328154,0.0,0.13781434558331968,-0.2072364367544651,-0.25386184453964233
8200,7.5625,-0.25831156969070435,-0.029859738331288098,0.04567753616720438,0.0,0.1320626236498356,-0.20256429985165597,-0.25831156969070435
8210,6.3125,-0.2514202296733856,-0.034749881736934184,0.031015774607658385,0.0,0.1350360509008169,-0.19425903260707855,-0.2514202296733856
8220,6.34375,-0.24510999023914337,-0.04050848707556724,0.009329235274344682,0.0,0.13152821809053422,-0.19702828004956247,-0.24510999023914337
8230,5.3125,-0.2529594302177429,-0.04322980735450983,0.015492328163236379,0.0,0.1362320713698864,-0.1974324516952038,-0.2529594302177429
8240,6.09375,-0.25524652004241943,-0.041934543009847405,0.020054331980645657,0.0,0.1359273310750723,-0.19987344965338708,-0.25524652004241943
8250,7.75,-0.28713685274124146,-0.036709549836814404,0.04946335330605507,0.0,0.13137936741113662,-0.2070193149149418,-0.28713685274124146
8260,7.09375,-0.24804839491844177,-0.04319575391709805,0.009822207456454634,0.0,0.13286969289183617,-0.20158178359270096,-0.24804839491844177
8270,7.75,-0.24888765811920166,-0.03474265076220036,0.006001970125362277,0.0,0.13810117095708846,-0.2108081951737404,-0.24888765811920166
8280,5.71875,-0.2670605182647705,-0.04069502241909504,0.005850762035697699,0.0,0.14148870036005973,-0.19350088238716126,-0.2670605182647705
8290,6.4375,-0.25586336851119995,-0.027108458918519318,0.12669263668358327,0.0,0.13978938832879068,-0.1940981350839138,-0.25586336851119995
8300,6.03125,-0.25268834829330444,-0.04390377551317215,0.00602245619520545,0.0,0.13759608715772628,-0.20039037093520165,-0.25268834829330444
8310,5.15625,-0.24930407106876373,-0.04098298326134682,0.006730562681332231,0.0,0.13680489547550678,-0.2060900941491127,-0.24930407106876373
8320,6.21875,-0.2661282420158386,-0.01767176538705826,0.13567036138847471,0.0,0.13640409968793393,-0.1929859086871147,-0.2661282420158386
8330,6.09375,-0.2659536898136139,-0.030665592476725578,0.05844629742205143,0.0,0.13492899462580682,-0.203090351074934,-0.2659536898136139
8340,4.59375,-0.26082897186279297,-0.036129105277359484,0.014224979002028704,0.0,0.13484983369708062,-0.20421068072319032,-0.26082897186279297
8350,7.84375,-0.26642709970474243,-0.02874999148771167,0.06033873707056046,0.0,0.14227929748594761,-0.18826312348246574,-0.26642709970474243
8360,6.46875,-0.2585442364215851,-0.040796712040901184,0.008690380211919545,0.0,0.14154142886400223,-0.19548027589917183,-0.2585442364215851
8370,7.125,-0.2617321014404297,-0.02535363077186048,0.03589032227173448,0.0,0.13926712200045585,-0.2072853662073612,-0.2617321014404297
8380,7.96875,-0.25840073823928833,-0.02909168228507042,0.04603151381015778,0.0,0.13591469563543795,-0.21332114562392235,-0.25840073823928833
8390,4.65625,-0.2537568509578705,-0.03461458366364241,0.05269826827570796,0.0,0.14290343299508096,-0.18432262167334557,-0.2537568509578705
8400,6.71875,-0.27417948842048645,-0.028591087087988853,0.032189805060625076,0.0,0.14119632206857205,-0.19511006250977517,-0.27417948842048645
8410,6.21875,-0.27035436034202576,-0.02815837850794196,0.02265510456636548,0.0,0.13798552602529526,-0.20616690665483475,-0.27035436034202576
8420,7.40625,-0.26257485151290894,-0.03959099892526865,0.006714995251968503,0.0,0.14115210622549057,-0.20024872347712516,-0.26257485151290894
8430,6.4375,-0.2512663006782532,-0.03125137845054269,0.026050173863768577,0.0,0.14065517410635947,-0.20222214460372925,-0.2512663006782532
8440,5.3125,-0.2626133859157562,-0.03016583900898695,0.12397345304489135,0.0,0.1382888961583376,-0.18848079964518547,-0.2626133859157562
8450,5.96875,-0.2643028199672699,-0.025027762260288,0.07912297323346137,0.0,0.14137982800602913,-0.19265083149075507,-0.2643028199672699
8460,7.3125,-0.26671725511550903,-0.03048706501722336,0.05282758995890617,0.0,0.13930852003395558,-0.19829378873109818,-0.26671725511550903
8470,7.6875,-0.259499728679657,-0.03577080238610506,0.020030076149851084,0.0,0.13755480274558068,-0.19736782908439637,-0.259499728679657
8480,8.4375,-0.2715807855129242,-0.029476165771484375,0.04789325837045908,0.0,0.13799483925104142,-0.21744359284639359,-0.2715807855129242
8490,5.0,-0.2510850429534912,-0.027361042983829974,0.019486993132159115,0.0,0.13929689824581146,-0.20269954353570938,-0.2510850429534912
8500,6.6875,-0.2748558521270752,-0.030429868213832378,0.0686294298619032,0.0,0.14584243148565293,-0.18968160599470138,-0.2748558521270752
8510,5.1875,-0.24943536520004272,-0.03850570488721132,0.011976510006934404,0.0,0.13932823315262793,-0.1899503655731678,-0.24943536520004272
8520,5.53125,-0.24855048954486847,-0.037964428402483465,0.01854554731398821,0.0,0.14282240420579911,-0.190480075776577,-0.24855048954486847
8530,5.15625,-0.25356900691986084,-0.03084565158933401,0.02796378396451473,0.0,0.14123059920966624,-0.19098835214972495,-0.25356900691986084
8540,6.46875,-0.2503109276294708,-0.027981626428663732,0.0488889217376709,0.0,0.14103539884090424,-0.19991303011775016,-0.2503109276294708
8550,6.84375,-0.2484436184167862,-0.03538575256243348,0.01814101655036211,0.0,0.13843592405319213,-0.19213035628199576,-0.2484436184167862
8560,5.59375,-0.25639402866363525,-0.03090309202671051,0.08810314759612084,0.0,0.13648052215576173,-0.19228728041052817,-0.25639402866363525
8570,6.625,-0.26188984513282776,-0.03594300132244825,0.01262761102989316,0.0,0.1406980898231268,-0.20782372802495958,-0.26188984513282776
8580,6.5,-0.254615843296051,-0.03267489485442639,0.03527893703430891,0.0,0.1453386977314949,-0.19421966895461082,-0.254615843296051
8590,8.96875,-0.27083075046539307,-0.03600833779200911,0.015636768098920582,0.0,0.14286716729402543,-0.1983442135155201,-0.27083075046539307
8600,5.8125,-0.25377488136291504,-0.028310835547745227,0.03485381845384836,0.0,0.13999150246381759,-0.20572670176625252,-0.25377488136291504
8610,5.15625,-0.23909415304660797,-0.028783514723181726,0.008346359780989587,0.0,0.14369144439697265,-0.2034681685268879,-0.23909415304660797
8620,5.25,-0.24193044006824493,-0.033641681633889677,0.0060550738126039505,0.0,0.14709955379366874,-0.18730641454458236,-0.24193044006824493
8630,6.875,-0.24630436301231384,-0.03278411030769348,0.12769941687583924,0.0,0.14191583469510077,-0.18322555124759674,-0.24630436301231384
8640,6.5,-0.2686215937137604,-0.033530506771057844,0.009921592939645053,0.0,0.14507297426462173,-0.1996110498905182,-0.2686215937137604
8650,6.875,-0.24694344401359558,-0.024842087551951407,0.02871831418015063,0.0,0.1479063883423805,-0.2048426441848278,-0.24694344401359558
8660,6.375,-0.22929395735263824,-0.040645714430138466,0.003014691174030304,0.0,0.14331818521022796,-0.19574321135878564,-0.22929395735263824
8670,6.84375,-0.26153600215911865,-0.03666511438786983,0.013900856766849757,0.0,0.14671857059001922,-0.1848015658557415,-0.26153600215911865
8680,5.5,-0.24483554065227509,-0.04044724861159921,0.005233176471665502,0.0,0.14328925386071206,-0.19053572714328765,-0.24483554065227509
8690,5.875,-0.236502543091774,-0.0367863480001688,0.01965135131031275,0.0,0.1455700106918812,-0.18160724639892578,-0.236502543091774
8700,6.53125,-0.26368021965026855,-0.03643017560243607,0.030757096782326698,0.0,0.1450728639960289,-0.19241818487644197,-0.26368021965026855
8710,6.40625,-0.25101402401924133,-0.02033525723963976,0.049386844085529444,0.0,0.14415563270449638,-0.19572106152772903,-0.25101402401924133
8720,6.5,-0.249955952167511,-0.031008602026849984,0.021251649037003516,0.0,0.1412030704319477,-0.19045175462961197,-0.249955952167511
8730,6.15625,-0.25242531299591064,-0.020834173262119293,0.10457492526620626,0.0,0.14399555772542955,-0.19039368778467178,-0.25242531299591064
8740,4.90625,-0.228144109249115,-0.031076626852154732,0.013432469591498375,0.0,0.14368015080690383,-0.18824497163295745,-0.228144109249115
8750,7.96875,-0.2576659917831421,-0.027873104065656663,0.033402832504361865,0.0,0.14744802415370942,-0.1883181482553482,-0.2576659917831421
8760,5.1875,-0.23394852876663208,-0.03503105789422989,0.008363939356058836,0.0,0.1440873473882675,-0.1824582390487194,-0.23394852876663208
8770,5.9375,-0.23853006958961487,-0.028561003878712653,0.031636450067162515,0.0,0.14173949584364892,-0.18594136461615562,-0.23853006958961487
8780,9.75,-0.3110935688018799,-0.04145511202514172,0.028064847365021704,0.0,0.143739003688097,-0.21974174678325653,-0.3110935688018799
8790,6.21875,-0.2589726448059082,-0.04359979247674346,0.0060790522489696745,0.0,0.14948891550302507,-0.1940074384212494,-0.2589726448059082
8800,6.8125,-0.23659537732601166,-0.03762315642088652,0.00844802251085639,0.0,0.15058083161711694,-0.17789645493030548,-0.23659537732601166
8810,5.0625,-0.2611650228500366,-0.04027952384203672,0.019531215261667966,0.0,0.1452547311782837,-0.1876723848283291,-0.2611650228500366
8820,5.3125,-0.2557709813117981,-0.04017540048807859,0.02384145390242338,0.0,0.14415521919727325,-0.19507768973708153,-0.2557709813117981
8830,6.0,-0.25271010398864746,-0.043343513086438176,0.010290342569351196,0.0,0.14184683971107007,-0.19273764863610268,-0.25271010398864746
8840,6.15625,-0.24908626079559326,-0.02747325152158737,0.0306367713958025,0.0,0.14214141629636287,-0.19382381364703177,-0.24908626079559326
8850,6.46875,-0.2514505982398987,-0.034852233715355396,0.014099660888314247,0.0,0.14114718250930308,-0.19713220298290252,-0.2514505982398987
8860,5.84375,-0.2460622787475586,-0.032897497341036794,0.00455846288241446,0.0,0.13494809493422508,-0.1924568273127079,-0.2460622787475586
8870,4.84375,-0.24245792627334595,-0.03261584844440222,0.005953100416809321,0.0,0.1450372613966465,-0.19709420427680016,-0.24245792627334595
8880,5.75,-0.273641437292099,-0.030104254418984056,0.03678221348673105,0.0,0.14150206409394742,-0.19310807064175606,-0.273641437292099
8890,7.375,-0.26032066345214844,-0.027426660433411597,0.12013838645070792,0.0,0.14309338480234146,-0.1972366563975811,-0.26032066345214844
8900,5.96875,-0.24152475595474243,-0.04384322110563517,0.008645572233945131,0.0,0.14209196493029594,-0.186560245603323,-0.24152475595474243
8910,6.1875,-0.24098117649555206,-0.04294003136456013,0.021298104152083396,0.0,0.14496041610836982,-0.18633435890078545,-0.24098117649555206
8920,6.96875,-0.25122880935668945,-0.0299663002602756,0.028020014241337775,0.0,0.1450709756463766,-0.18532677963376046,-0.25122880935668945
8930,5.84375,-0.2380196750164032,-0.017394601553678512,0.17320665773004293,0.0,0.13862302377820016,-0.18752391561865805,-0.2380196750164032
8940,5.875,-0.25163328647613525,-0.042624357528984545,0.009812394343316554,0.0,0.13948427587747575,-0.19421531036496162,-0.25163328647613525
8950,6.3125,-0.2574079930782318,-0.036760599352419376,0.026143085025250912,0.0,0.14061423391103745,-0.1989726521074772,-0.2574079930782318
8960,7.28125,-0.24665191769599915,-0.03641056977212429,0.00772955440916121,0.0,0.13631856590509414,-0.19977518245577813,-0.24665191769599915
8970,5.03125,-0.2509773075580597,-0.031217849999666213,0.03569869268685579,0.0,0.13644597232341765,-0.1947515681385994,-0.2509773075580597
8980,6.0,-0.24394956231117249,-0.03194365669041872,0.026123627461493014,0.0,0.14100091606378556,-0.19402060955762862,-0.24394956231117249
8990,6.21875,-0.23323440551757812,-0.034244369436055425,0.01783626927062869,0.0,0.1331220120191574,-0.1919860653579235,-0.23323440551757812
9000,5.5625,-0.24831043183803558,-0.03475881572812796,0.008924826513975859,0.0,0.13973149247467517,-0.1935971722006798,-0.24831043183803558
9010,5.46875,-0.2547638416290283,-0.03923214324750006,0.01203631479293108,0.0,0.14515291079878806,-0.19044287577271463,-0.2547638416290283
9020,4.84375,-0.25923192501068115,-0.012457788176834583,0.29259037831798196,0.0,0.13739637210965155,-0.18687439635396003,-0.25923192501068115
9030,5.96875,-0.2524397671222687,-0.03768648253753781,0.008203266514465212,0.0,0.1390267051756382,-0.19838607162237168,-0.2524397671222687
9040,8.0,-0.256631076335907,-0.009876435436308385,0.046696617640554904,0.0,0.1409443736076355,-0.20898330360651016,-0.256631076335907
9050,5.34375,-0.2414989024400711,-0.04104102654382587,0.004955717688426375,0.0,0.13666098192334175,-0.18588728308677674,-0.2414989024400711
9060,6.40625,-0.2670527696609497,-0.03725534044206143,0.04756388459354639,0.0,0.1427057683467865,-0.18955301344394684,-0.2670527696609497
9070,5.78125,-0.26492321491241455,-0.027571097202599048,0.014903248101472855,0.0,0.1404335878789425,-0.2084829904139042,-0.26492321491241455
9080,5.90625,-0.24419096112251282,-0.0345763398334384,0.021424635592848063,0.0,0.14031833410263062,-0.19036670699715613,-0.24419096112251282
9090,5.46875,-0.259593665599823,-0.03984106443822384,0.029542221501469613,0.0,0.14242149628698825,-0.18823171481490136,-0.259593665599823
9100,5.71875,-0.23745296895503998,-0.02715162318199873,0.047656708769500254,0.0,0.14269744418561459,-0.1874213509261608,-0.23745296895503998
9110,5.34375,-0.24494582414627075,-0.04473658986389637,0.015685206465423106,0.0,0.13731294572353364,-0.18959542363882065,-0.24494582414627075
9120,5.5625,-0.2463323473930359,-0.037647304404526946,0.01580935176461935,0.0,0.13348481431603432,-0.1925506718456745,-0.2463323473930359
9130,7.0625,-0.2690080404281616,-0.0400597870349884,0.01790509922429919,0.0,0.14201870784163476,-0.1935104064643383,-0.2690080404281616
9140,5.1875,-0.2443036139011383,-0.040443713590502736,0.008462900016456842,0.0,0.13848885260522364,-0.20817811787128448,-0.2443036139011383
9150,6.5,-0.2332536280155182,-0.037406904716044666,0.005838204268366098,0.0,0.14078089147806166,-0.19696185737848282,-0.2332536280155182
9160,5.3125,-0.23937706649303436,-0.04130146708339453,0.004338109237141907,0.0,0.1383470870554447,-0.19710084274411202,-0.23937706649303436
9170,5.5,-0.25891464948654175,-0.04087865604087711,0.012422277778387069,0.0,0.13942790031433105,-0.1957843855023384,-0.25891464948654175
9180,5.71875,-0.24778293073177338,-0.03093750970438123,0.027870489098131657,0.0,0.13850132375955582,-0.19334334135055542,-0.24778293073177338
9190,5.03125,-0.26372164487838745,-0.016389530338346957,0.040331367030739786,0.0,0.1399361278861761,-0.19600402042269707,-0.26372164487838745
9200,5.46875,-0.241460382938385,-0.033625797182321546,0.016057602316141128,0.0,0.13725867718458176,-0.19541473984718322,-0.241460382938385
9210,5.75,-0.25120067596435547,-0.03733580894768238,0.026466221176087858,0.0,0.13168540745973586,-0.19225936532020568,-0.25120067596435547
9220,5.9375,-0.2552497684955597,-0.020759477838873865,0.20347049552947283,0.0,0.1343346782028675,-0.19039069190621377,-0.2552497684955597
9230,6.375,-0.2656565308570862,-0.02591790072619915,0.052049624267965555,0.0,0.13971708118915557,-0.20111250281333923,-0.2656565308570862
9240,6.625,-0.28413450717926025,-0.031877285055816176,0.007716632913798094,0.0,0.13753244578838347,-0.21239546835422515,-0.28413450717926025
9250,6.46875,-0.24943572282791138,-0.03548817001283169,0.013863793201744556,0.0,0.14142430238425732,-0.19511980786919594,-0.24943572282791138
9260,5.90625,-0.269681453704834,-0.03839648179709911,0.033162152580916884,0.0,0.1385324228554964,-0.19838952496647835,-0.269681453704834
9270,7.375,-0.2663940191268921,-0.031208791583776475,0.026840060390532015,0.0,0.1386820152401924,-0.20067099258303642,-0.2663940191268921
9280,6.15625,-0.2533203363418579,-0.03569695986807346,0.01073148362338543,0.0,0.1396698109805584,-0.20151970982551576,-0.2533203363418579
9290,5.65625,-0.23719953000545502,-0.026947908848524094,0.045106181781738995,0.0,0.13953596651554107,-0.1848897933959961,-0.23719953000545502
9300,6.34375,-0.24724909663200378,-0.04075830448418856,0.013022694177925587,0.0,0.1381573759019375,-0.18904273137450217,-0.24724909663200378
9310,6.4375,-0.24576438963413239,-0.03444590866565704,0.04113458385691047,0.0,0.1414654441177845,-0.1965792454779148,-0.24576438963413239
9320,6.84375,-0.2604691982269287,-0.0356871482450515,0.03909219931811094,0.0,0.14236321896314622,-0.2091637745499611,-0.2604691982269287
9330,5.84375,-0.2590431571006775,-0.04680335484445095,0.00860706428065896,0.0,0.13382728062570096,-0.18674356639385223,-0.2590431571006775
9340,6.0625,-0.25576668977737427,-0.0448933519423008,0.01654938980937004,0.0,0.13443927504122258,-0.1925039619207382,-0.25576668977737427
9350,8.34375,-0.2954537272453308,-0.029138142988085747,0.07102639228105545,0.0,0.14037224575877189,-0.2092890039086342,-0.2954537272453308
9360,4.75,-0.27114880084991455,-0.025627714581787586,0.024498811364173888,0.0,0.13881961032748222,-0.2035075046122074,-0.27114880084991455
9370,5.6875,-0.2535667419433594,-0.03913139421492815,0.00860635731369257,0.0,0.13488285504281522,-0.19987402558326722,-0.2535667419433594
9380,6.375,-0.24627470970153809,-0.035275688860565424,0.04905100669711828,0.0,0.13777050338685512,-0.19318146556615828,-0.24627470970153809
9390,5.15625,-0.2664737403392792,-0.034412039630115035,0.04390116315335035,0.0,0.13517427816987038,-0.191878479719162,-0.2664737403392792
9400,6.375,-0.261146605014801,-0.027487504156306387,0.1207718126475811,0.0,0.13667909391224384,-0.1875293880701065,-0.261146605014801
9410,6.25,-0.24893882870674133,-0.04475264735519886,0.024445726722478866,0.0,0.1337206896394491,-0.1963684879243374,-0.24893882870674133
9420,6.375,-0.2588832378387451,-0.03392011346295476,0.027327218744903802,0.0,0.135963861271739,-0.1947934113442898,-0.2588832378387451
9430,5.25,-0.2606499195098877,-0.04021155312657356,0.041128615662455556,0.0,0.1312841147184372,-0.19522695615887642,-0.2606499195098877
9440,5.21875,-0.2749101519584656,-0.032195298466831446,0.031463930197060105,0.0,0.13026146218180656,-0.1961116686463356,-0.2749101519584656
9450,4.5625,-0.2555398941040039,-0.043192834593355656,0.004769725003279745,0.0,0.12560594230890273,-0.20626821964979172,-0.2555398941040039
9460,6.125,-0.27857744693756104,-0.035033180750906466,0.041395362839102744,0.0,0.1340137179940939,-0.2044509842991829,-0.27857744693756104
9470,7.28125,-0.2808384299278259,-0.0319919073022902,0.08371942453086376,0.0,0.12812663428485394,-0.20843698158860208,-0.2808384299278259
9480,7.15625,-0.2665019929409027,-0.033910274412482976,0.023612938448786737,0.0,0.13326366432011127,-0.20547646507620812,-0.2665019929409027
9490,5.6875,-0.26426422595977783,-0.03447411488741636,0.038647407293319704,0.0,0.1307483721524477,-0.1996222324669361,-0.26426422595977783
9500,5.09375,-0.254741370677948,-0.04219404896721244,0.0028779497370123863,0.0,0.1313484787940979,-0.21700770482420922,-0.254741370677948
9510,5.5,-0.26453641057014465,-0.03365777712315321,0.016415138728916645,0.0,0.13406616114079953,-0.19856908842921256,-0.26453641057014465
9520,7.15625,-0.292416512966156,-0.03677313029766083,0.06671901270747185,0.0,0.13413085229694843,-0.2013929918408394,-0.292416512966156
9530,5.78125,-0.2610248625278473,-0.0401488209143281,0.010954347997903824,0.0,0.13406546413898468,-0.2020885854959488,-0.2610248625278473
9540,5.46875,-0.2513856589794159,-0.03578571882098913,0.07458304613828659,0.0,0.13412664979696273,-0.1967136263847351,-0.2513856589794159
9550,6.0,-0.24367696046829224,-0.049525130167603494,0.006819070782512426,0.0,0.13340366408228874,-0.2047194190323353,-0.24367696046829224
9560,7.15625,-0.2924167215824127,-0.03544830530881882,0.13307001069188118,0.0,0.14016287513077258,-0.19914645776152612,-0.2924167215824127
9570,6.3125,-0.27470090985298157,-0.03579037580639124,0.04154995437711477,0.0,0.12984731756150722,-0.20208798870444297,-0.27470090985298157
9580,5.125,-0.2642923593521118,-0.025349309109151362,0.2045502208173275,0.0,0.13063200414180756,-0.20083452388644218,-0.2642923593521118
9590,5.46875,-0.24752171337604523,-0.03307384680956602,0.015636745281517504,0.0,0.13078389689326286,-0.19701330065727235,-0.24752171337604523
9600,6.3125,-0.2805662453174591,-0.0388162761926651,0.03818147722631693,0.0,0.13094170689582824,-0.19885118529200554,-0.2805662453174591
9610,5.03125,-0.2689884305000305,-0.030474414117634296,0.01906416118144989,0.0,0.13182138912379743,-0.21201906278729438,-0.2689884305000305
9620,6.28125,-0.25820261240005493,-0.03877244777977466,0.006759813521057367,0.0,0.1376227978616953,-0.20324054807424546,-0.25820261240005493
9630,5.28125,-0.2539219260215759,-0.03254433460533619,0.013458670675754547,0.0,0.13101212680339813,-0.20705373734235763,-0.2539219260215759
9640,5.375,-0.2587912082672119,-0.04228608626872301,0.0060517781414091585,0.0,0.13377662301063536,-0.19229573681950568,-0.2587912082672119
9650,6.34375,-0.25430428981781006,-0.02530760020017624,0.1344803599640727,0.0,0.13518098928034306,-0.19938369169831277,-0.25430428981781006
9660,5.625,-0.25041893124580383,-0.026460544485598803,0.09548938907682895,0.0,0.1390409879386425,-0.19665101319551467,-0.25041893124580383
9670,5.75,-0.26811522245407104,-0.040567191690206526,0.028974696807563306,0.0,0.1339060179889202,-0.19675445780158043,-0.26811522245407104
9680,5.4375,-0.2493433654308319,-0.035632912814617154,0.0164006557315588,0.0,0.1346878558397293,-0.1995557203888893,-0.2493433654308319
9690,4.5,-0.2627459764480591,-0.031055014953017233,0.01541812475770712,0.0,0.13753319755196572,-0.20117583945393563,-0.2627459764480591
9700,6.5,-0.2695046067237854,-0.03348078466951847,0.026553187519311905,0.0,0.13018141873180866,-0.21568856611847878,-0.2695046067237854
9710,5.9375,-0.25772976875305176,-0.03217029413208365,0.012288142088800668,0.0,0.13533487990498544,-0.20244693532586097,-0.25772976875305176
9720,6.375,-0.27468106150627136,-0.022270324639976025,0.020231570303440093,0.0,0.13741618469357492,-0.2049219824373722,-0.27468106150627136
9730,5.78125,-0.24065613746643066,-0.04112163260579109,0.008660037210211158,0.0,0.13777474947273732,-0.20003021657466888,-0.24065613746643066
9740,6.5625,-0.26666879653930664,-0.02997998185455799,0.08664214536547661,0.0,0.13792123422026634,-0.20015734285116196,-0.26666879653930664
9750,5.09375,-0.26784783601760864,-0.03772864472121,0.007109628012403846,0.0,0.14075905457139015,-0.1919559732079506,-0.26784783601760864
9760,6.8125,-0.2631690502166748,-0.0374987855553627,0.03887405022978783,0.0,0.14066283404827118,-0.21042782366275786,-0.2631690502166748
9770,6.0,-0.2593575119972229,-0.024162710271775724,0.014612664235755801,0.0,0.14054589346051216,-0.19582209959626198,-0.2593575119972229
9780,4.625,-0.26472416520118713,-0.03461199477314949,0.011941116023808717,0.0,0.1351934164762497,-0.19349097460508347,-0.26472416520118713
9790,5.46875,-0.2549099326133728,-0.03475422067567706,0.010897340811789035,0.0,0.13920065499842166,-0.196163297444582,-0.2549099326133728
9800,6.3125,-0.263588011264801,-0.030660299211740495,0.010339365061372518,0.0,0.1375378381460905,-0.20025571137666703,-0.263588011264801
9810,5.65625,-0.2656937837600708,-0.03148565459996462,0.07398586552590132,0.0,0.14138466417789458,-0.1934802994132042,-0.2656937837600708
9820,5.5,-0.27339184284210205,-0.038518491899594665,0.026253689732402562,0.0,0.13288519568741322,-0.20564614608883858,-0.27339184284210205
9830,6.71875,-0.250640869140625,-0.03569323550909757,0.022933658212423325,0.0,0.13607014231383802,-0.1962202049791813,-0.250640869140625
9840,5.75,-0.2701663076877594,-0.03996835723519325,0.012355407699942589,0.0,0.1335009429603815,-0.192145124822855,-0.2701663076877594
9850,5.03125,-0.26189395785331726,-0.04797289911657572,0.022122390568256378,0.0,0.13301669918000697,-0.19458770826458932,-0.26189395785331726
9860,7.1875,-0.24536150693893433,-0.02726772306486964,0.027178271673619747,0.0,0.13833417519927024,-0.2097928300499916,-0.24536150693893433
9870,5.09375,-0.2566012144088745,-0.028618245385587215,0.01506037898361683,0.0,0.13680571503937244,-0.20879868492484094,-0.2566012144088745
9880,6.125,-0.2458852231502533,-0.036187009513378145,0.016047484427690505,0.0,0.13796022571623326,-0.19272887110710143,-0.2458852231502533
9890,7.0625,-0.297926127910614,-0.029635485634207724,0.023280880786478518,0.0,0.13527116775512696,-0.2139127165079117,-0.297926127910614
9900,5.375,-0.24835343658924103,-0.030399423837661744,0.004456969047896564,0.0,0.13550328016281127,-0.20294033661484717,-0.24835343658924103
9910,6.1875,-0.253063440322876,-0.035439122933894396,0.025930674374103548,0.0,0.14284560941159724,-0.19104261100292205,-0.253063440322876
9920,5.125,-0.25834381580352783,-0.02676547262817621,0.007475781184621155,0.0,0.14092254862189293,-0.21880612075328826,-0.25834381580352783
9930,5.5,-0.25844061374664307,-0.03338214810937643,0.022806344367563725,0.0,0.1418628390878439,-0.18978602886199952,-0.25844061374664307
9940,6.34375,-0.24122117459774017,-0.03248272966593504,0.013669586647301913,0.0,0.14492760300636293,-0.18833635076880456,-0.24122117459774017
9950,5.03125,-0.2616342306137085,-0.02737853806465864,0.09766721501946449,0.0,0.1399880338460207,-0.1898300565779209,-0.2616342306137085
9960,6.5,-0.2569471001625061,-0.039734127651900056,0.03055221326649189,0.0,0.1368577379733324,-0.1891925387084484,-0.2569471001625061
9970,5.6875,-0.2869507968425751,-0.02860555239021778,0.03837706344202161,0.0,0.13855165466666222,-0.20335352867841722,-0.2869507968425751
9980,5.21875,-0.25818121433258057,-0.03499594116583467,0.008070383640006184,0.0,0.14757502675056458,-0.21124190837144852,-0.25818121433258057
9990,6.09375,-0.25814783573150635,-0.030515030585229398,0.014840334001928569,0.0,0.14592598304152488,-0.1904737576842308,-0.25814783573150635
10000,4.09375,-0.24915775656700134,-0.04310657139867544,0.00468086451292038,0.0,0.14253328666090964,-0.204265795648098,-0.24915775656700134
10010,5.625,-0.2602776288986206,-0.03410373385995626,0.004725859500467777,0.0,0.04004492051899433,-0.201907879114151,-0.2602776288986206
10020,5.40625,-0.2631424367427826,-0.029127080272883177,0.006908688833937049,0.0,0.040546647273004055,-0.2028128296136856,-0.2631424367427826
10030,6.3125,-0.2567957043647766,-0.027976634446531534,0.01979842912405729,0.0,0.041603080555796625,-0.20131802782416344,-0.2567957043647766
10040,4.8125,-0.26738062500953674,-0.028907546028494834,0.027432535029947757,0.0,0.04172530248761177,-0.20240675061941146,-0.26738062500953674
10050,5.4375,-0.2620709240436554,-0.031459887884557246,0.036856315284967425,0.0,0.041954662278294565,-0.20415729731321336,-0.2620709240436554
10060,5.1875,-0.25196588039398193,-0.03931803349405527,0.028191897831857205,0.0,0.04236759468913078,-0.20331751555204391,-0.25196588039398193
10070,5.625,-0.25881725549697876,-0.034958242811262606,0.035136130079627036,0.0,0.04155324101448059,-0.20457276850938796,-0.25881725549697876
10080,5.21875,-0.2685180604457855,-0.027747390419244768,0.039376648142933846,0.0,0.043213669955730435,-0.20225400254130363,-0.2685180604457855
10090,5.875,-0.26540908217430115,-0.033474286645650865,0.035408979281783104,0.0,0.041735056601464746,-0.2044641725718975,-0.26540908217430115
10100,5.34375,-0.2577504813671112,-0.02858143290504813,0.029515108838677407,0.0,0.04161176923662424,-0.20343438982963563,-0.2577504813671112
10110,5.0625,-0.2535758912563324,-0.02549128457903862,0.04012958072125912,0.0,0.04356114845722914,-0.2037377566099167,-0.2535758912563324
10120,6.15625,-0.2523324191570282,-0.03117420496419072,0.04036414809525013,0.0,0.0417898066341877,-0.20466151982545852,-0.2523324191570282
10130,5.78125,-0.26441317796707153,-0.030859764851629733,0.04406691566109657,0.0,0.042213240079581736,-0.20582487508654596,-0.26441317796707153
10140,6.0,-0.2608748972415924,-0.03123026676476002,0.03767684064805508,0.0,0.04128598365932703,-0.20528946220874786,-0.2608748972415924
10150,5.09375,-0.2600351572036743,-0.027300089970231055,0.04366638660430908,0.0,0.0405360734090209,-0.20623618513345718,-0.2600351572036743
10160,5.125,-0.2585620880126953,-0.035360462870448826,0.04609395191073418,0.0,0.0411829749122262,-0.2048786886036396,-0.2585620880126953
10170,4.8125,-0.25987550616264343,-0.025557773374021053,0.039813078194856646,0.0,0.04277708493173123,-0.20454670190811158,-0.25987550616264343
10180,5.9375,-0.2636181712150574,-0.03475512452423572,0.019311540760099888,0.0,0.04107560310512781,-0.20698876529932023,-0.2636181712150574
10190,5.90625,-0.26553744077682495,-0.02715140050277114,0.037793011590838435,0.0,0.04063486773520708,-0.2075667552649975,-0.26553744077682495
10200,5.0,-0.26168233156204224,-0.03233399111777544,0.02656832728534937,0.0,0.04039255026727915,-0.20730806812644004,-0.26168233156204224
10210,5.3125,-0.2583596706390381,-0.036144508374854924,0.025126810185611248,0.0,0.041573555767536165,-0.20567415803670883,-0.2583596706390381
10220,5.90625,-0.2648469805717468,-0.030543051287531854,0.03325746078044176,0.0,0.03999226745218039,-0.20709814503788948,-0.2648469805717468
10230,5.5625,-0.26779410243034363,-0.0306150677613914,0.027146921306848527,0.0,0.0389485003426671,-0.20865376740694047,-0.26779410243034363
10240,5.3125,-0.2669127583503723,-0.02718878462910652,0.027507304213941097,0.0,0.039945694617927074,-0.2082558512687683,-0.2669127583503723
10250,5.375,-0.264499694108963,-0.02739183306694031,0.020379727333784105,0.0,0.0416890786960721,-0.2082441158592701,-0.264499694108963
10260,4.9375,-0.26063182950019836,-0.02565041119232774,0.037202445045113566,0.0,0.04077107477933169,-0.2083818159997463,-0.26063182950019836
10270,5.25,-0.25936126708984375,-0.0225778553634882,0.03398757912218571,0.0,0.04028676375746727,-0.20685808956623078,-0.25936126708984375
10280,5.34375,-0.26650354266166687,-0.024698972795158626,0.03479009047150612,0.0,0.04050268661230803,-0.2072344906628132,-0.26650354266166687
10290,5.28125,-0.2561997175216675,-0.028368100710213184,0.023246494121849537,0.0,0.04129553753882646,-0.2059170164167881,-0.2561997175216675
10300,6.125,-0.2592872679233551,-0.03154201675206423,0.03186433743685484,0.0,0.04161993321031332,-0.20687647834420203,-0.2592872679233551
10310,5.40625,-0.2615264058113098,-0.02777289431542158,0.02630899902433157,0.0,0.04185679089277983,-0.20556447505950928,-0.2615264058113098
10320,6.3125,-0.2622459828853607,-0.028242811281234025,0.0354052921757102,0.0,0.041267944127321245,-0.20795395225286484,-0.2622459828853607
10330,5.78125,-0.2646452784538269,-0.03742469623684883,0.029454191401600837,0.0,0.04197660069912672,-0.205417200922966,-0.2646452784538269
10340,5.28125,-0.2596261203289032,-0.0322614436969161,0.024560135789215565,0.0,0.04158067014068365,-0.20667378082871438,-0.2596261203289032
10350,6.59375,-0.25808918476104736,-0.028058762848377227,0.01609599981456995,0.0,0.04273048304021358,-0.20547917261719703,-0.25808918476104736
10360,5.46875,-0.26289352774620056,-0.022475075162947177,0.03514233529567719,0.0,0.042360166646540166,-0.20684824585914613,-0.26289352774620056
10370,5.5625,-0.2644367218017578,-0.03889332450926304,0.021943931467831135,0.0,0.042488576099276545,-0.20618779212236404,-0.2644367218017578
10380,5.125,-0.25868111848831177,-0.024554059840738773,0.017856793012470007,0.0,0.0425976438447833,-0.20383789837360383,-0.25868111848831177
10390,5.3125,-0.25837716460227966,-0.02680101674050093,0.020435618795454503,0.0,0.042684157565236094,-0.20515912175178527,-0.25837716460227966
10400,5.6875,-0.2708689272403717,-0.03800336495041847,0.039257585816085336,0.0,0.042911430820822716,-0.20659414008259774,-0.2708689272403717
10410,4.375,-0.27057164907455444,-0.027176599204540252,0.022673499770462513,0.0,0.042041178233921526,-0.20511009991168977,-0.27057164907455444
10420,4.875,-0.26336532831192017,-0.02322967778891325,0.025949433073401452,0.0,0.04325112979859114,-0.20578384026885033,-0.26336532831192017
10430,4.8125,-0.26320698857307434,-0.022921363078057765,0.02832215316593647,0.0,0.04208937883377075,-0.2053529717028141,-0.26320698857307434
10440,6.21875,-0.26294589042663574,-0.027045168168842792,0.026650748588144778,0.0,0.043397821858525275,-0.20476130098104478,-0.26294589042663574
10450,5.625,-0.2558392286300659,-0.029404024500399827,0.023757949844002722,0.0,0.04073850009590387,-0.20444170758128166,-0.2558392286300659
10460,4.90625,-0.2682783007621765,-0.03397956183180213,0.02015358116477728,0.0,0.042029136419296266,-0.20673885866999625,-0.2682783007621765
10470,5.3125,-0.2655898928642273,-0.01964346570894122,0.03226422220468521,0.0,0.042586999014019966,-0.20490349605679511,-0.2655898928642273
10480,5.6875,-0.25483930110931396,-0.025275662075728178,0.03284929692745209,0.0,0.04237673394382,-0.20536215901374816,-0.25483930110931396
10490,5.84375,-0.2648950219154358,-0.031987407617270945,0.03648237157613039,0.0,0.04255247469991445,-0.2059147261083126,-0.2648950219154358
10500,5.65625,-0.2579362988471985,-0.027759745717048645,0.024837910756468774,0.0,0.04179944638162851,-0.2063395597040653,-0.2579362988471985
10510,5.8125,-0.26591071486473083,-0.028907210379838944,0.022505138255655765,0.0,0.04307072348892689,-0.20636525079607965,-0.26591071486473083
10520,5.625,-0.26098042726516724,-0.035017198882997036,0.0305743670091033,0.0,0.04158244170248508,-0.20625582858920097,-0.26098042726516724
10530,5.9375,-0.2513173818588257,-0.03647731821984053,0.035943012498319146,0.0,0.04195692725479603,-0.20442904084920882,-0.2513173818588257
10540,5.25,-0.27132758498191833,-0.031660685688257216,0.03004679288715124,0.0,0.04271957259625196,-0.20567933171987535,-0.27132758498191833
10550,5.125,-0.2624109387397766,-0.030948681570589543,0.02183038629591465,0.0,0.04108305051922798,-0.2069227673113346,-0.2624109387397766
10560,5.3125,-0.2576543390750885,-0.021796386875212192,0.02945997640490532,0.0,0.04030329249799251,-0.20763469561934472,-0.2576543390750885
10570,4.96875,-0.2751919627189636,-0.031239719409495593,0.04223259054124355,0.0,0.040214790031313896,-0.2089794434607029,-0.2751919627189636
10580,5.40625,-0.26097506284713745,-0.027677254844456912,0.01618058318272233,0.0,0.04191644042730332,-0.2067728780210018,-0.26097506284713745
10590,5.84375,-0.2642846703529358,-0.030022791773080825,0.033135916106402874,0.0,0.04119212459772825,-0.2079293444752693,-0.2642846703529358
10600,5.90625,-0.26071399450302124,-0.03381299432367087,0.025165938958525657,0.0,0.04214821942150593,-0.20650037229061127,-0.26071399450302124
10610,5.25,-0.26486527919769287,-0.03185030780732632,0.019971288088709117,0.0,0.040826991014182565,-0.20771952345967293,-0.26486527919769287
10620,6.1875,-0.25930988788604736,-0.030847907066345215,0.029760699905455112,0.0,0.04102176707237959,-0.20733852609992026,-0.25930988788604736
10630,4.875,-0.26726335287094116,-0.030998532194644213,0.021690602228045464,0.0,0.040326805971562865,-0.20874196216464042,-0.26726335287094116
10640,5.53125,-0.2729181945323944,-0.027055793441832066,0.01835316512733698,0.0,0.03837006222456694,-0.2111745186150074,-0.2729181945323944
10650,5.21875,-0.2681220769882202,-0.02883338127285242,0.02126655913889408,0.0,0.039936802536249164,-0.20864373371005057,-0.2681220769882202
10660,5.25,-0.2593628168106079,-0.030355989187955856,0.025393254682421686,0.0,0.04027309976518154,-0.2097630023956299,-0.2593628168106079
10670,5.4375,-0.267598032951355,-0.036093450430780646,0.0269731855019927,0.0,0.039244646206498146,-0.20958608910441398,-0.267598032951355
10680,4.90625,-0.27180373668670654,-0.02769024334847927,0.02351539134979248,0.0,0.03980848100036383,-0.20922517254948617,-0.27180373668670654
10690,5.4375,-0.2664647698402405,-0.027506113657727836,0.021762737818062306,0.0,0.03939586505293846,-0.20837755277752876,-0.2664647698402405
10700,5.4375,-0.2645161747932434,-0.03002426605671644,0.03594970405101776,0.0,0.03991516288369894,-0.20933516398072244,-0.2645161747932434
10710,5.59375,-0.26243677735328674,-0.02732924297451973,0.020041767880320548,0.0,0.04033294264227152,-0.2094761148095131,-0.26243677735328674
10720,5.34375,-0.2638383209705353,-0.032228337787091735,0.01636897409334779,0.0,0.04087223578244448,-0.20927200689911843,-0.2638383209705353
10730,6.5625,-0.25890058279037476,-0.030931940115988255,0.02378722429275513,0.0,0.04044798165559769,-0.2084772676229477,-0.25890058279037476
10740,5.09375,-0.26361149549484253,-0.02950483299791813,0.022356573306024075,0.0,0.040649504587054255,-0.2082631580531597,-0.26361149549484253
10750,5.78125,-0.2681655287742615,-0.0329875634983182,0.021761815622448923,0.0,0.04059469737112522,-0.20865409895777703,-0.2681655287742615
10760,4.65625,-0.2802945077419281,-0.029178590420633553,0.017884077597409488,0.0,0.03986174501478672,-0.20821452215313913,-0.2802945077419281
10770,5.53125,-0.2638251781463623,-0.030096628703176975,0.02123742736876011,0.0,0.03908514976501465,-0.20963234677910805,-0.2638251781463623
10780,4.5,-0.2712824046611786,-0.0271990152541548,0.013469647150486708,0.0,0.03870274629443884,-0.20930819362401962,-0.2712824046611786
10790,5.03125,-0.2656729817390442,-0.037768996134400365,0.0411552544683218,0.0,0.0388987485319376,-0.20960639640688897,-0.2656729817390442
10800,5.59375,-0.2621693015098572,-0.034408412873744965,0.01981272641569376,0.0,0.03976773731410503,-0.20828941985964775,-0.2621693015098572
10810,5.9375,-0.2661210596561432,-0.03691485561430454,0.01889178492128849,0.0,0.038032959215343,-0.2100745290517807,-0.2661210596561432
10820,5.28125,-0.2727164030075073,-0.028852979000657798,0.038258946500718594,0.0,0.03853954859077931,-0.20931641682982444,-0.2727164030075073
10830,5.8125,-0.2588600814342499,-0.025380540266633035,0.02924964502453804,0.0,0.03968018312007189,-0.20725169479846955,-0.2588600814342499
10840,5.21875,-0.26949435472488403,-0.032755100168287754,0.02745070867240429,0.0,0.04042910188436508,-0.2071521796286106,-0.26949435472488403
10850,4.84375,-0.2615622282028198,-0.025054240226745607,0.02422531358897686,0.0,0.04012423474341631,-0.20821523666381836,-0.2615622282028198
10860,5.625,-0.2647067904472351,-0.02847448093816638,0.027756203152239322,0.0,0.039922458864748475,-0.20824409350752832,-0.2647067904472351
10870,5.65625,-0.2618441879749298,-0.03111827950924635,0.03853657878935337,0.0,0.0402866680175066,-0.2074525199830532,-0.2618441879749298
10880,5.34375,-0.26076552271842957,-0.033071784675121306,0.014390148874372243,0.0,0.04006355255842209,-0.20780968591570853,-0.26076552271842957
10890,5.90625,-0.2728913724422455,-0.02842497918754816,0.019373257644474506,0.0,0.04045405350625515,-0.20938743501901627,-0.2728913724422455
10900,5.65625,-0.26348134875297546,-0.03215735536068678,0.03153797145932913,0.0,0.03972943630069494,-0.20883949100971222,-0.26348134875297546
10910,4.78125,-0.27274030447006226,-0.03159857951104641,0.03266312628984451,0.0,0.04100995287299156,-0.2090151958167553,-0.27274030447006226
10920,5.875,-0.26789015531539917,-0.033115089312195777,0.029868886061012744,0.0,0.04186690729111433,-0.20856742262840272,-0.26789015531539917
10930,5.375,-0.266734778881073,-0.026847350131720304,0.01834663897752762,0.0,0.04114156235009432,-0.20966745167970657,-0.266734778881073
10940,4.78125,-0.25687211751937866,-0.031885419599711896,0.014167490508407354,0.0,0.0411142535507679,-0.20869110897183418,-0.25687211751937866
10950,5.15625,-0.26708099246025085,-0.033445049449801444,0.012276941537857055,0.0,0.040917018055915834,-0.2099012888967991,-0.26708099246025085
10960,5.4375,-0.2704852223396301,-0.030771736148744823,0.01441780747845769,0.0,0.040353438816964626,-0.20978872179985047,-0.2704852223396301
10970,5.15625,-0.27290916442871094,-0.031748845055699346,0.015413017105311155,0.0,0.03931911010295153,-0.21088242083787917,-0.27290916442871094
10980,5.5625,-0.2530636787414551,-0.030206249561160803,0.012477898597717285,0.0,0.03958744015544653,-0.20831602662801743,-0.2530636787414551
10990,5.65625,-0.27406376600265503,-0.02716830316931009,0.016300901118665934,0.0,0.03957393206655979,-0.2095910295844078,-0.27406376600265503
11000,4.8125,-0.2687269449234009,-0.030577125120908023,0.03610486853867769,0.0,0.03898162916302681,-0.2100265383720398,-0.2687269449234009
11010,5.625,-0.2698850631713867,-0.017828076612204313,0.019283330254256725,0.0,0.040503527224063876,-0.20983055233955383,-0.2698850631713867
11020,5.28125,-0.2705878019332886,-0.03376198541373014,0.03582565858960152,0.0,0.039418024756014344,-0.20840441584587097,-0.2705878019332886
11030,5.375,-0.25813961029052734,-0.030392080545425415,0.0198828661814332,0.0,0.04047738928347826,-0.20957278907299043,-0.25813961029052734
11040,5.3125,-0.2600453495979309,-0.025235599698498846,0.0135069590061903,0.0,0.04035317171365023,-0.21070268154144287,-0.2600453495979309
11050,5.6875,-0.26842841506004333,-0.032116213068366053,0.017952064331620932,0.0,0.04112353418022394,-0.20896180644631385,-0.26842841506004333
11060,4.84375,-0.27196499705314636,-0.03139608148485422,0.028129367716610433,0.0,0.04227516632527113,-0.20691602006554605,-0.27196499705314636
11070,5.84375,-0.25785964727401733,-0.024179025460034607,0.024642974697053434,0.0,0.04306812807917595,-0.2065396375954151,-0.25785964727401733
11080,4.84375,-0.2620236277580261,-0.02903220895677805,0.044818361103534696,0.0,0.04149832595139742,-0.20881048068404198,-0.2620236277580261
11090,6.0625,-0.25586289167404175,-0.020045523904263972,0.023214085213840007,0.0,0.04152747578918934,-0.2081166110932827,-0.25586289167404175
11100,5.03125,-0.26863279938697815,-0.029955098498612644,0.01829757448285818,0.0,0.04255083501338959,-0.20831653103232384,-0.26863279938697815
11110,4.78125,-0.2730144262313843,-0.024406184256076813,0.022524239867925643,0.0,0.041307267360389234,-0.2083008900284767,-0.2730144262313843
11120,5.125,-0.25872787833213806,-0.029128319397568703,0.01598574947565794,0.0,0.04084544237703085,-0.20802691653370858,-0.25872787833213806
11130,6.03125,-0.263536274433136,-0.027203308045864107,0.012559019029140472,0.0,0.04143644515424967,-0.20856004431843758,-0.263536274433136
11140,5.8125,-0.2658816874027252,-0.031505474261939524,0.015912584029138088,0.0,0.04189321827143431,-0.20887160077691078,-0.2658816874027252
11150,5.25,-0.26405665278434753,-0.032183001190423964,0.020624080765992404,0.0,0.040933433547616006,-0.20855432823300363,-0.26405665278434753
11160,6.25,-0.26889777183532715,-0.024439049325883387,0.020864313282072545,0.0,0.04061376340687275,-0.21091673001646996,-0.26889777183532715
11170,4.75,-0.2712292969226837,-0.03552020420320332,0.021497051883488893,0.0,0.04017291218042374,-0.2082146793603897,-0.2712292969226837
11180,5.5625,-0.25999724864959717,-0.028477009013295175,0.028249019011855125,0.0,0.04290345925837755,-0.20682740062475205,-0.25999724864959717
11190,4.8125,-0.2600724995136261,-0.03187194662168622,0.029262425750494002,0.0,0.04166367705911398,-0.20814202055335046,-0.2600724995136261
11200,5.65625,-0.2697528302669525,-0.025801952369511126,0.031535226851701736,0.0,0.04203325770795345,-0.20948624312877656,-0.2697528302669525
11210,5.15625,-0.2686888575553894,-0.01782064214348793,0.0236530227586627,0.0,0.04418470729142428,-0.20725568160414695,-0.2686888575553894
11220,5.375,-0.251301646232605,-0.026968078408390283,0.02172606121748686,0.0,0.044272811338305476,-0.2045121669769287,-0.251301646232605
11230,5.125,-0.2556970715522766,-0.025374460220336913,0.024076160695403814,0.0,0.04516697898507118,-0.20550212115049363,-0.2556970715522766
11240,4.71875,-0.25732967257499695,-0.028115010634064675,0.028173398599028586,0.0,0.044740342907607554,-0.20720514208078383,-0.25732967257499695
11250,5.625,-0.2585850954055786,-0.03548725214786828,0.03394639510661364,0.0,0.04269109088927507,-0.20830956175923349,-0.2585850954055786
11260,5.53125,-0.25667738914489746,-0.027137856744229794,0.026414055936038495,0.0,0.044778723083436486,-0.20629876628518104,-0.25667738914489746
11270,4.53125,-0.2705530524253845,-0.025614231172949076,0.019316781684756278,0.0,0.0432739894837141,-0.207012128084898,-0.2705530524253845
11280,5.34375,-0.25997281074523926,-0.02670956589281559,0.03435386437922716,0.0,0.04390174001455307,-0.20682148784399032,-0.25997281074523926
11290,4.65625,-0.2703097462654114,-0.028825392574071886,0.03030905332416296,0.0,0.04349115528166294,-0.20703313648700714,-0.2703097462654114
11300,5.84375,-0.26174700260162354,-0.03391334004700184,0.028306834399700165,0.0,0.043756923824548724,-0.2088167227804661,-0.26174700260162354
11310,6.03125,-0.2587946057319641,-0.03014180902391672,0.029042692109942436,0.0,0.04419055860489607,-0.20638662502169608,-0.2587946057319641
11320,5.625,-0.26672452688217163,-0.03711148677393794,0.02059656698256731,0.0,0.04486882593482733,-0.2064758636057377,-0.26672452688217163
11330,5.625,-0.260784387588501,-0.02899099001660943,0.020272310916334392,0.0,0.044640707038342956,-0.20607360377907752,-0.260784387588501
11340,5.125,-0.2679823338985443,-0.02941058501601219,0.038745345920324324,0.0,0.043156427890062334,-0.2087310768663883,-0.2679823338985443
11350,5.40625,-0.26670101284980774,-0.02852609590627253,0.015057853609323501,0.0,0.04339766316115856,-0.20783496871590615,-0.26670101284980774
11360,4.8125,-0.274722695350647,-0.026649997010827063,0.02727878578007221,0.0,0.044094464369118215,-0.20820255279541017,-0.274722695350647
11370,5.875,-0.2533453404903412,-0.02703954968601465,0.02395390849560499,0.0,0.04459823239594698,-0.2074521705508232,-0.2533453404903412
11380,6.65625,-0.2621138393878937,-0.027835686597973107,0.02682238519191742,0.0,0.04504366014152765,-0.20802612081170083,-0.2621138393878937
11390,4.625,-0.26071855425834656,-0.028568723239004612,0.020204192120581867,0.0,0.043757802620530126,-0.20709565430879592,-0.26071855425834656
11400,6.21875,-0.26364991068840027,-0.02903844937682152,0.01810034392401576,0.0,0.04451611116528511,-0.207682017236948,-0.26364991068840027
11410,5.34375,-0.27234214544296265,-0.025682036578655244,0.025752665661275386,0.0,0.04390754085034132,-0.20693297013640405,-0.27234214544296265
11420,5.21875,-0.26438137888908386,-0.02823652746155858,0.025938724167644978,0.0,0.04505641106516123,-0.20716441795229912,-0.26438137888908386
11430,5.9375,-0.265469491481781,-0.031540404073894024,0.04487586542963982,0.0,0.04511854443699122,-0.20633143335580825,-0.265469491481781
11440,4.875,-0.26280826330184937,-0.033727381750941275,0.031966831907629965,0.0,0.045930202677845956,-0.20501574799418448,-0.26280826330184937
11450,5.21875,-0.2639029920101166,-0.02790343910455704,0.02792384084314108,0.0,0.04560932088643312,-0.2063705950975418,-0.2639029920101166
11460,5.1875,-0.2541489601135254,-0.030338729731738567,0.027867375500500204,0.0,0.04438338615000248,-0.20833932235836983,-0.2541489601135254
11470,5.8125,-0.2592097818851471,-0.032419361360371116,0.0427622489631176,0.0,0.044650917127728465,-0.20638414546847345,-0.2592097818851471
11480,6.25,-0.2614038586616516,-0.02809838019311428,0.03066887576133013,0.0,0.04377067219465971,-0.2079784445464611,-0.2614038586616516
11490,5.53125,-0.26078495383262634,-0.0344186769798398,0.02358352057635784,0.0,0.04467452093958855,-0.20759902745485306,-0.26078495383262634
11500,5.75,-0.26410984992980957,-0.02393375486135483,0.025093010067939757,0.0,0.04429225716739893,-0.20683287605643272,-0.26410984992980957
11510,6.34375,-0.2592577040195465,-0.02567967902868986,0.026951748132705688,0.0,0.045234094560146335,-0.20645290613174438,-0.2592577040195465
11520,4.8125,-0.2705751061439514,-0.034564012102782725,0.03464488312602043,0.0,0.044294869713485244,-0.20714526772499084,-0.2705751061439514
11530,5.625,-0.2602372467517853,-0.03175268582999706,0.03093378022313118,0.0,0.04653469063341618,-0.20582473129034043,-0.2602372467517853
11540,5.5,-0.25896716117858887,-0.024943418614566327,0.023343145474791528,0.0,0.04621361251920462,-0.20506443977355956,-0.25896716117858887
11550,5.0,-0.25987178087234497,-0.03249099235981703,0.025578606128692626,0.0,0.04562940895557403,-0.20554588064551355,-0.25987178087234497
11560,5.78125,-0.2649107277393341,-0.02794329384341836,0.028275789506733418,0.0,0.04795233625918627,-0.20393108949065208,-0.2649107277393341
11570,5.40625,-0.2570807933807373,-0.03210197947919369,0.028451370447874068,0.0,0.04725280124694109,-0.2045566149055958,-0.2570807933807373
11580,4.96875,-0.26432088017463684,-0.027711321040987967,0.02788575515151024,0.0,0.04772154446691275,-0.20372210815548897,-0.26432088017463684
11590,5.09375,-0.25309479236602783,-0.028644556924700738,0.016651410982012747,0.0,0.047395679354667666,-0.20342532843351363,-0.25309479236602783
11600,6.375,-0.2615095376968384,-0.027735469676554204,0.023983356729149818,0.0,0.04757817965000868,-0.20331688448786736,-0.2615095376968384
11610,5.5625,-0.2483050525188446,-0.02942982381209731,0.012956627504900098,0.0,0.04826875068247318,-0.20179915726184844,-0.2483050525188446
11620,4.6875,-0.2593919038772583,-0.025503127742558716,0.01967381089925766,0.0,0.04959563594311476,-0.20245842710137368,-0.2593919038772583
11630,4.9375,-0.2574317455291748,-0.02626690985634923,0.02437145318835974,0.0,0.05006118007004261,-0.20133664235472679,-0.2574317455291748
11640,5.46875,-0.2547551393508911,-0.0371027298271656,0.01876694234088063,0.0,0.051190133579075335,-0.2022797606885433,-0.2547551393508911
11650,5.03125,-0.25009769201278687,-0.029816276207566262,0.03175948970019817,0.0,0.05116481762379408,-0.20122231915593147,-0.25009769201278687
11660,5.78125,-0.2568162679672241,-0.025275527499616146,0.021102108620107175,0.0,0.05102739911526442,-0.20065651834011078,-0.2568162679672241
11670,5.5,-0.2563452422618866,-0.02936570644378662,0.027882196381688117,0.0,0.05172546803951263,-0.20033278167247773,-0.2563452422618866
11680,5.25,-0.2511337995529175,-0.026069800183176995,0.02428495455533266,0.0,0.0510943628847599,-0.2004787042737007,-0.2511337995529175
11690,5.125,-0.2608996629714966,-0.028160357661545277,0.016410332173109055,0.0,0.05193783193826675,-0.19979202449321748,-0.2608996629714966
11700,4.46875,-0.25390708446502686,-0.03219404425472021,0.021517637744545938,0.0,0.05193721279501915,-0.19907674491405486,-0.25390708446502686
11710,5.75,-0.24577614665031433,-0.028605380468070506,0.032615406438708305,0.0,0.05120384711772204,-0.20127721428871154,-0.24577614665031433
11720,5.0,-0.2550663352012634,-0.026276605576276778,0.03933268189430237,0.0,0.05153284277766943,-0.19926987811923028,-0.2550663352012634
11730,5.09375,-0.2650316655635834,-0.037173865176737306,0.02988249473273754,0.0,0.052020183950662616,-0.20148566141724586,-0.2650316655635834
11740,4.75,-0.2576301693916321,-0.02644347455352545,0.034230086207389834,0.0,0.05106987282633781,-0.20089361146092416,-0.2576301693916321
11750,5.34375,-0.2589954733848572,-0.029363239370286464,0.03042583931237459,0.0,0.05261169448494911,-0.19966394305229188,-0.2589954733848572
11760,4.84375,-0.2630060911178589,-0.029181669652462005,0.018533937633037567,0.0,0.051096434332430364,-0.20129560083150863,-0.2630060911178589
11770,5.125,-0.25443291664123535,-0.029808069858700038,0.027462825924158097,0.0,0.05200118869543076,-0.2012745976448059,-0.25443291664123535
11780,5.6875,-0.25503820180892944,-0.03240396892651916,0.03984236717224121,0.0,0.05089701563119888,-0.20143272876739501,-0.25503820180892944
11790,5.53125,-0.25412052869796753,-0.03208212144672871,0.03612882606685162,0.0,0.05055123474448919,-0.1999739907681942,-0.25412052869796753
11800,5.34375,-0.25153303146362305,-0.028305030893534422,0.03204007539898157,0.0,0.05221076067537069,-0.19986985251307487,-0.25153303146362305
11810,5.1875,-0.26307353377342224,-0.027165314927697182,0.025669225305318833,0.0,0.0507481649518013,-0.2013118825852871,-0.26307353377342224
11820,5.59375,-0.2530618906021118,-0.03451355118304491,0.030661117658019064,0.0,0.05215237494558096,-0.19978788644075393,-0.2530618906021118
11830,5.0,-0.25407782196998596,-0.029010474681854248,0.025988247990608216,0.0,0.05310290940105915,-0.19812506958842277,-0.25407782196998596
11840,5.5625,-0.258407324552536,-0.027600125595927238,0.046475325524806974,0.0,0.05272472687065601,-0.20066697746515275,-0.258407324552536
11850,5.15625,-0.2557271718978882,-0.02860814779996872,0.04579016119241715,0.0,0.05304836183786392,-0.19980394914746286,-0.2557271718978882
11860,5.75,-0.2442495971918106,-0.029375449009239673,0.028855735249817372,0.0,0.05381071772426367,-0.19868480861186982,-0.2442495971918106
11870,5.21875,-0.265262246131897,-0.02754641938954592,0.021621168963611125,0.0,0.05402531493455172,-0.19946432262659072,-0.265262246131897
11880,5.3125,-0.24510341882705688,-0.031247294694185256,0.03534848690032959,0.0,0.05467272624373436,-0.19704143479466438,-0.24510341882705688
11890,5.34375,-0.256935179233551,-0.02747967205941677,0.026226041465997697,0.0,0.05483331736177206,-0.19964803233742714,-0.256935179233551
11900,4.71875,-0.2556920647621155,-0.03339980822056532,0.04876649491488934,0.0,0.0549809655174613,-0.1983567275106907,-0.2556920647621155
11910,4.40625,-0.26066190004348755,-0.030558956041932105,0.046773912571370604,0.0,0.0553562605753541,-0.19815283492207528,-0.26066190004348755
11920,4.96875,-0.25559669733047485,-0.03303913651034236,0.030337977223098278,0.0,0.05512699019163847,-0.19912753403186798,-0.25559669733047485
11930,6.1875,-0.25563129782676697,-0.027855216339230538,0.017350085265934467,0.0,0.05413120612502098,-0.1988093562424183,-0.25563129782676697
11940,4.6875,-0.2613093852996826,-0.03177625220268965,0.030308772437274457,0.0,0.05459458325058222,-0.1992035113275051,-0.2613093852996826
11950,5.96875,-0.2497437298297882,-0.02325109764933586,0.04331766590476036,0.0,0.05581587236374617,-0.1974199503660202,-0.2497437298297882
11960,5.6875,-0.25038957595825195,-0.022450628876686095,0.03214062042534351,0.0,0.054996136017143725,-0.19849281311035155,-0.25038957595825195
11970,4.59375,-0.2572764754295349,-0.02501692702062428,0.021143272519111633,0.0,0.05507277026772499,-0.1973649524152279,-0.2572764754295349
11980,5.90625,-0.2617294192314148,-0.028526026662439107,0.048454853147268294,0.0,0.05479404497891664,-0.19907816350460053,-0.2617294192314148
11990,5.34375,-0.26166531443595886,-0.031311664171516894,0.029829262010753154,0.0,0.053754542395472525,-0.199695935100317,-0.26166531443595886
12000,6.0625,-0.252249151468277,-0.0325016743503511,0.030635090731084346,0.0,0.054635991156101224,-0.1996172286570072,-0.252249151468277
12010,5.90625,-0.2552364468574524,-0.029831955209374428,0.039462903328239915,0.0,0.054331489093601706,-0.19920059368014337,-0.2552364468574524
12020,4.78125,-0.25793159008026123,-0.02230751868337393,0.023207360692322255,0.0,0.053598225116729736,-0.19997573420405387,-0.25793159008026123
12030,5.5,-0.24677756428718567,-0.026005537807941438,0.02389177503064275,0.0,0.05478442460298538,-0.19979484751820564,-0.24677756428718567
12040,5.40625,-0.2576896548271179,-0.027608320582658052,0.0323824955150485,0.0,0.054887817427515986,-0.19931276589632035,-0.2576896548271179
12050,5.125,-0.25434112548828125,-0.03169163204729557,0.05100695826113224,0.0,0.05385408513247967,-0.19970051124691962,-0.25434112548828125
12060,6.1875,-0.2540987730026245,-0.024625976383686066,0.019898998085409403,0.0,0.05502879898995161,-0.1979539655148983,-0.2540987730026245
12070,5.25,-0.2569344639778137,-0.03326568799093366,0.02974297236651182,0.0,0.055292507819831374,-0.19705695211887359,-0.2569344639778137
12080,5.5,-0.2616887092590332,-0.032871084101498124,0.02234500665217638,0.0,0.05451548509299755,-0.197808238863945,-0.2616887092590332
12090,5.71875,-0.2525838613510132,-0.028733629919588565,0.023205950483679773,0.0,0.0554647333920002,-0.19771816954016685,-0.2525838613510132
12100,5.90625,-0.2583262324333191,-0.030990740098059178,0.023480567336082458,0.0,0.056028339080512524,-0.19849153533577918,-0.2583262324333191
12110,5.3125,-0.250386118888855,-0.02056995602324605,0.019508990086615087,0.0,0.05651908703148365,-0.19654242619872092,-0.250386118888855
12120,5.28125,-0.2524207830429077,-0.02585037415847182,0.024314997904002666,0.0,0.05707882270216942,-0.19703517258167266,-0.2524207830429077
12130,5.71875,-0.25579288601875305,-0.029708584304898977,0.030859750881791114,0.0,0.05708312280476093,-0.19629766568541526,-0.25579288601875305
12140,5.4375,-0.25893640518188477,-0.030406561866402625,0.019745134562253953,0.0,0.05784792378544808,-0.19563233479857445,-0.25893640518188477
12150,6.125,-0.24891433119773865,-0.029039998725056648,0.028979212418198584,0.0,0.05872776135802269,-0.1952275849878788,-0.24891433119773865
12160,5.3125,-0.2528723478317261,-0.031050330214202403,0.025698011834174396,0.0,0.05897073522210121,-0.1959828145802021,-0.2528723478317261
12170,5.34375,-0.24333405494689941,-0.02928003463894129,0.021828978788107634,0.0,0.05862681698054075,-0.19502189010381699,-0.24333405494689941
12180,5.0625,-0.25364044308662415,-0.031489061657339334,0.01592440837994218,0.0,0.05872335601598024,-0.19532714337110518,-0.25364044308662415
12190,5.03125,-0.24251681566238403,-0.031726600416004655,0.025068476051092147,0.0,0.059463410452008245,-0.19369410574436188,-0.24251681566238403
12200,4.59375,-0.2552410364151001,-0.03459589583799243,0.035761627927422525,0.0,0.06017280090600252,-0.19462170004844664,-0.2552410364151001
12210,5.9375,-0.2514931559562683,-0.031127893831580877,0.018087426945567132,0.0,0.06042962204664946,-0.19435612559318544,-0.2514931559562683
12220,5.09375,-0.24571175873279572,-0.02711385190486908,0.03252796400338411,0.0,0.06075328160077333,-0.1933624863624573,-0.24571175873279572
12230,5.53125,-0.2488214075565338,-0.034977677091956136,0.023223299719393253,0.0,0.0615110270678997,-0.1916695512831211,-0.2488214075565338
12240,4.65625,-0.25175246596336365,-0.030810943618416787,0.017500141821801662,0.0,0.060212577879428866,-0.19254738762974738,-0.25175246596336365
12250,5.71875,-0.24949362874031067,-0.03166606463491917,0.02415261659771204,0.0,0.060178539343178274,-0.19411141574382781,-0.24949362874031067
12260,6.1875,-0.2501842677593231,-0.026835265383124352,0.030364222079515456,0.0,0.06065969485789537,-0.19349759817123413,-0.2501842677593231
12270,6.0625,-0.24774569272994995,-0.028193813376128675,0.01810354944318533,0.0,0.060714382119476794,-0.1934991605579853,-0.24774569272994995
12280,5.4375,-0.24699467420578003,-0.02256699772551656,0.026895050331950186,0.0,0.0607447475194931,-0.1943471297621727,-0.24699467420578003
12290,5.5,-0.2562263607978821,-0.03269341588020325,0.029064704664051533,0.0,0.06048745568841696,-0.19347843676805496,-0.2562263607978821
12300,5.3125,-0.258697509765625,-0.021710808947682382,0.011985613126307726,0.0,0.0614263728260994,-0.19598446115851403,-0.258697509765625
12310,5.5625,-0.25349923968315125,-0.03192749731242657,0.02049347348511219,0.0,0.06151054129004478,-0.19490524977445603,-0.25349923968315125
12320,6.0,-0.2456837296485901,-0.025747903808951377,0.014714789390563966,0.0,0.061595070734620096,-0.19393304586410523,-0.2456837296485901
12330,5.34375,-0.24034348130226135,-0.03069965820759535,0.018574948608875274,0.0,0.06214862912893295,-0.1925220772624016,-0.24034348130226135
12340,5.40625,-0.2556002140045166,-0.030324005335569382,0.040113849379122254,0.0,0.06409035287797452,-0.1920315995812416,-0.2556002140045166
12350,5.375,-0.26537084579467773,-0.03220432084053755,0.021892274543643,0.0,0.06374646592885255,-0.19243297576904297,-0.26537084579467773
12360,5.53125,-0.2585985064506531,-0.026597287319600583,0.019197036698460578,0.0,0.06252962872385978,-0.19268836453557014,-0.2585985064506531
12370,5.03125,-0.24290034174919128,-0.03432432767003775,0.005685203848406673,0.0,0.06321419067680836,-0.19055159166455268,-0.24290034174919128
12380,4.78125,-0.25205540657043457,-0.028759687673300505,0.025621760357171296,0.0,0.06344732642173767,-0.19163110926747323,-0.25205540657043457
12390,6.09375,-0.2448459416627884,-0.03470838386565447,0.03592832889407873,0.0,0.06280734799802304,-0.19336589723825454,-0.2448459416627884
12400,5.5625,-0.2496328055858612,-0.029172691982239485,0.02252237666398287,0.0,0.06323998793959618,-0.1937902346253395,-0.2496328055858612
12410,4.96875,-0.24782481789588928,-0.028378400765359402,0.01935047022998333,0.0,0.06253760531544686,-0.1929625891149044,-0.24782481789588928
12420,5.53125,-0.2555884122848511,-0.03022487908601761,0.04292446300387383,0.0,0.06320289764553308,-0.19367453828454018,-0.2555884122848511
12430,6.03125,-0.2481316328048706,-0.028194738365709782,0.019601127598434687,0.0,0.06312514320015908,-0.19352850168943406,-0.2481316328048706
12440,5.3125,-0.24584926664829254,-0.03378087971359491,0.02141749719157815,0.0,0.06376685239374638,-0.19064973518252373,-0.24584926664829254
12450,5.46875,-0.25258469581604004,-0.03224117187783122,0.041702578961849215,0.0,0.06361159309744835,-0.1935511939227581,-0.25258469581604004
12460,5.40625,-0.25282472372055054,-0.03231491595506668,0.02937182132154703,0.0,0.06390633825212717,-0.19247516840696335,-0.25282472372055054
12470,5.21875,-0.24640658497810364,-0.027568994928151368,0.009284881595522165,0.0,0.06492734290659427,-0.19167384058237075,-0.24640658497810364
12480,5.1875,-0.2528069317340851,-0.033754107728600505,0.03504176381975412,0.0,0.06418282054364681,-0.19212122559547423,-0.2528069317340851
12490,5.6875,-0.24741119146347046,-0.02592188064008951,0.017981915455311536,0.0,0.06377428770065308,-0.19257476553320885,-0.24741119146347046
12500,5.3125,-0.24547016620635986,-0.0304293408524245,0.011755401082336903,0.0,0.06421634703874587,-0.19148001298308373,-0.24547016620635986
12510,5.5,-0.24920247495174408,-0.030381234362721443,0.02983662858605385,0.0,0.06402513347566127,-0.19131309539079666,-0.24920247495174408
12520,5.75,-0.23996946215629578,-0.034527875296771524,0.02654216717928648,0.0,0.06390587575733661,-0.19107767567038536,-0.23996946215629578
12530,5.90625,-0.2435809075832367,-0.027054785378277303,0.02906428948044777,0.0,0.06394798681139946,-0.1915678858757019,-0.2435809075832367
12540,4.84375,-0.24702829122543335,-0.03214602414518595,0.02440094007179141,0.0,0.06450964026153087,-0.1898494057357311,-0.24702829122543335
12550,5.40625,-0.2504459321498871,-0.031129710283130406,0.029437996447086334,0.0,0.06341502480208874,-0.19316066280007363,-0.2504459321498871
12560,4.1875,-0.25164785981178284,-0.03310831524431705,0.027718658931553362,0.0,0.06494458224624396,-0.19072662815451621,-0.25164785981178284
12570,5.09375,-0.2480878233909607,-0.026173141226172446,0.032797358371317385,0.0,0.06403908003121614,-0.1916093982756138,-0.2480878233909607
12580,5.3125,-0.2520385980606079,-0.022941805236041547,0.035162835568189624,0.0,0.06514679752290249,-0.1908961571753025,-0.2520385980606079
12590,5.4375,-0.24618364870548248,-0.026269492506980897,0.027839254960417746,0.0,0.06455726251006126,-0.19109004437923433,-0.24618364870548248
12600,4.5625,-0.252061128616333,-0.025315640680491924,0.033199166692793367,0.0,0.06567436028271914,-0.19040362313389778,-0.252061128616333
12610,4.875,-0.24459542334079742,-0.03238970972597599,0.030605236440896987,0.0,0.06563291177153588,-0.19020870625972747,-0.24459542334079742
12620,5.15625,-0.24736133217811584,-0.030458931997418403,0.03869355134665966,0.0,0.06490021292120218,-0.19119267612695695,-0.24736133217811584
12630,5.25,-0.2418726086616516,-0.024212478287518026,0.01124654901213944,0.0,0.06549581997096539,-0.19091914668679238,-0.2418726086616516
12640,4.78125,-0.24716363847255707,-0.025958577543497084,0.03518246430903673,0.0,0.06581618897616863,-0.19113539010286332,-0.24716363847255707
12650,5.46875,-0.24297679960727692,-0.02704014293849468,0.017560468148440124,0.0,0.06448345743119717,-0.19116789028048514,-0.24297679960727692
12660,5.21875,-0.25215327739715576,-0.035529894009232524,0.04224725030362606,0.0,0.06600157059729099,-0.19100381210446357,-0.25215327739715576
12670,4.84375,-0.24060843884944916,-0.02498290380463004,0.01541852718219161,0.0,0.06573709398508072,-0.19108052626252175,-0.24060843884944916
12680,5.21875,-0.24788619577884674,-0.03256929516792297,0.04974351786077023,0.0,0.06591745615005493,-0.1909235566854477,-0.24788619577884674
12690,5.125,-0.25592899322509766,-0.017841643653810024,0.021318014711141586,0.0,0.06605877913534641,-0.1914389207959175,-0.25592899322509766
12700,4.9375,-0.24843409657478333,-0.028428657725453377,0.02053056573495269,0.0,0.06600123085081577,-0.18962742686271666,-0.24843409657478333
12710,6.0,-0.2501126527786255,-0.027179254963994027,0.03767910487949848,0.0,0.06607576087117195,-0.19093008562922478,-0.2501126527786255
12720,5.21875,-0.24844351410865784,-0.024057078920304776,0.03081386461853981,0.0,0.06747435703873635,-0.19028724879026412,-0.24844351410865784
12730,6.25,-0.24582120776176453,-0.030966495350003242,0.025090240873396397,0.0,0.06723269782960414,-0.19030568078160287,-0.24582120776176453
12740,5.75,-0.25575709342956543,-0.03461859878152609,0.025238979794085025,0.0,0.06827004328370094,-0.1878419391810894,-0.25575709342956543
12750,4.1875,-0.24793407320976257,-0.03530400339514017,0.0333669351413846,0.0,0.06754630096256733,-0.1876446709036827,-0.24793407320976257
12760,5.21875,-0.2486017644405365,-0.03151091793552041,0.033445379696786404,0.0,0.0695472400635481,-0.1870341755449772,-0.2486017644405365
12770,5.875,-0.25275343656539917,-0.02782219834625721,0.01818664874881506,0.0,0.06917877942323684,-0.1879135049879551,-0.25275343656539917
12780,6.0625,-0.25550293922424316,-0.025534970685839653,0.025111216865479947,0.0,0.06796465031802654,-0.18775477409362792,-0.25550293922424316
12790,6.21875,-0.24272510409355164,-0.033709751814603804,0.030956908129155636,0.0,0.06751376315951348,-0.18922506868839264,-0.24272510409355164
12800,5.875,-0.23321780562400818,-0.024491610005497932,0.029330401122570036,0.0,0.0693195577710867,-0.1869238495826721,-0.23321780562400818
12810,5.34375,-0.24845603108406067,-0.02638356536626816,0.018977290764451028,0.0,0.06907814741134644,-0.1867478922009468,-0.24845603108406067
12820,5.5,-0.23607292771339417,-0.029313683044165373,0.030062723346054553,0.0,0.06892406232655049,-0.188100852817297,-0.23607292771339417
12830,5.46875,-0.2441038191318512,-0.03350230772048235,0.0316262099891901,0.0,0.06862780712544918,-0.1884159617125988,-0.2441038191318512
12840,5.5,-0.242291659116745,-0.026943265832960604,0.040243154764175414,0.0,0.06919068098068237,-0.1876361884176731,-0.242291659116745
12850,5.1875,-0.2398671656847,-0.03192665409296751,0.021798390708863736,0.0,0.06924884393811226,-0.18796028718352317,-0.2398671656847
12860,5.40625,-0.24595731496810913,-0.03267294215038419,0.029671516083180905,0.0,0.06890997923910618,-0.18730771616101266,-0.24595731496810913
12870,5.375,-0.24412162601947784,-0.03338145464658737,0.023290413618087768,0.0,0.06871428489685058,-0.18907877281308175,-0.24412162601947784
12880,5.90625,-0.2455540895462036,-0.028539120126515626,0.031331566348671916,0.0,0.06822703965008259,-0.1899032026529312,-0.2455540895462036
12890,6.34375,-0.24384739995002747,-0.03397040981799364,0.008515892177820205,0.0,0.06811642646789551,-0.18956456556916237,-0.24384739995002747
12900,5.15625,-0.24739493429660797,-0.03504944872111082,0.01742247547954321,0.0,0.06864507049322129,-0.18861517682671547,-0.24739493429660797
12910,5.8125,-0.24421009421348572,-0.02292196871712804,0.018357568234205247,0.0,0.06751695610582828,-0.18837781846523285,-0.24421009421348572
12920,5.3125,-0.2462208867073059,-0.03054816946387291,0.025291582196950914,0.0,0.06745912209153175,-0.1895226463675499,-0.2462208867073059
12930,5.25,-0.24262569844722748,-0.02996637802571058,0.03636493012309074,0.0,0.06600513085722923,-0.1899540066719055,-0.24262569844722748
12940,5.1875,-0.2490607500076294,-0.02761207250878215,0.022698736749589443,0.0,0.06693688146770001,-0.18988292515277863,-0.2490607500076294
12950,5.65625,-0.2501644492149353,-0.029836363904178143,0.011339660035446286,0.0,0.0679146870970726,-0.18897326588630675,-0.2501644492149353
12960,6.375,-0.24409466981887817,-0.029298644326627255,0.04913689792156219,0.0,0.06773805953562259,-0.19124914929270745,-0.24409466981887817
12970,5.84375,-0.25611066818237305,-0.02781174425035715,0.020472401194274424,0.0,0.06835346147418023,-0.19036548882722854,-0.25611066818237305
12980,4.75,-0.24850982427597046,-0.027336446288973092,0.028462087176740168,0.0,0.06856077071279287,-0.18886936604976653,-0.24850982427597046
12990,5.71875,-0.24274253845214844,-0.032691911421716215,0.0168947814963758,0.0,0.07011492699384689,-0.18766086027026177,-0.24274253845214844
13000,6.03125,-0.2425568550825119,-0.030346809700131417,0.04356887377798557,0.0,0.07018591687083245,-0.18794187977910043,-0.2425568550825119
13010,6.4375,-0.2543896436691284,-0.023234022967517375,0.027447336912155153,0.0,0.07062507532536984,-0.18882186934351922,-0.2543896436691284
13020,6.09375,-0.24485713243484497,-0.026584922801703215,0.021552267484366894,0.0,0.07041246592998504,-0.18467045500874518,-0.24485713243484497
13030,5.75,-0.24417336285114288,-0.03167385775595903,0.031496144272387026,0.0,0.07089686132967472,-0.1873915411531925,-0.24417336285114288
13040,5.53125,-0.2390071153640747,-0.026774311438202858,0.02080954536795616,0.0,0.06979661397635936,-0.1874448075890541,-0.2390071153640747
13050,5.0,-0.2361007034778595,-0.027854820527136327,0.03755801878869534,0.0,0.06992970630526543,-0.18760736659169197,-0.2361007034778595
13060,5.03125,-0.2509326934814453,-0.03370142476633191,0.02858387231826782,0.0,0.07105917483568192,-0.1891765423119068,-0.2509326934814453
13070,5.625,-0.24419069290161133,-0.03339917697012425,0.031063596345484258,0.0,0.07149483524262905,-0.18733069226145743,-0.24419069290161133
13080,6.3125,-0.2413720339536667,-0.02978376792743802,0.024227578192949295,0.0,0.07186455056071281,-0.18755509704351425,-0.2413720339536667
13090,4.84375,-0.24465197324752808,-0.026692698895931243,0.031109566800296307,0.0,0.0697868924587965,-0.18700417280197143,-0.24465197324752808
13100,5.8125,-0.25251030921936035,-0.027258316427469252,0.032228828966617586,0.0,0.07169008068740368,-0.18865242898464202,-0.25251030921936035
13110,5.5,-0.24113857746124268,-0.030236624041572215,0.045274681970477106,0.0,0.07053259089589119,-0.1878978580236435,-0.24113857746124268
13120,5.96875,-0.2364054024219513,-0.028599362634122372,0.016708127968013287,0.0,0.07016125433146954,-0.18783300146460533,-0.2364054024219513
13130,5.4375,-0.24621394276618958,-0.03290549973025918,0.03229129929095507,0.0,0.07020798772573471,-0.18802026212215422,-0.24621394276618958
13140,5.96875,-0.24137160181999207,-0.031911720242351296,0.025838376581668855,0.0,0.07046509273350239,-0.18888036757707596,-0.24137160181999207
13150,5.65625,-0.24372173845767975,-0.03549365065991879,0.028413495793938637,0.0,0.07002623304724694,-0.18898833319544792,-0.24372173845767975
13160,6.59375,-0.24445971846580505,-0.024060011189430953,0.025242459401488303,0.0,0.0708033375442028,-0.1885957583785057,-0.24445971846580505
13170,5.0625,-0.24361075460910797,-0.02407686673104763,0.029962540604174137,0.0,0.07137768752872944,-0.1864436574280262,-0.24361075460910797
13180,5.59375,-0.23243844509124756,-0.027135683223605156,0.02949471976608038,0.0,0.07082549929618835,-0.18979230523109436,-0.23243844509124756
13190,5.3125,-0.2316979616880417,-0.03021563533693552,0.02384124081581831,0.0,0.07136892899870872,-0.1886708378791809,-0.2316979616880417
13200,5.21875,-0.24569249153137207,-0.03008255921304226,0.051849352195858955,0.0,0.07114482261240482,-0.18861763104796408,-0.24569249153137207
13210,5.625,-0.24817821383476257,-0.029952146485447882,0.023457107506692408,0.0,0.07246655337512493,-0.1873771570622921,-0.24817821383476257
13220,5.46875,-0.2402072697877884,-0.02622028421610594,0.030551242269575597,0.0,0.07167255133390427,-0.18739672675728797,-0.2402072697877884
13230,5.15625,-0.23801936209201813,-0.0329193826764822,0.036005234345793724,0.0,0.0728262510150671,-0.18818748444318772,-0.23801936209201813
13240,5.375,-0.24281999468803406,-0.025200505368411542,0.023208835907280446,0.0,0.0745775729417801,-0.18543465286493302,-0.24281999468803406
13250,5.5,-0.23827680945396423,-0.033373959828168154,0.019797455705702304,0.0,0.0720091413706541,-0.18718568086624146,-0.23827680945396423
13260,5.8125,-0.24206654727458954,-0.032711428496986626,0.033321194909513,0.0,0.07281116135418415,-0.18590511307120322,-0.24206654727458954
13270,5.625,-0.2467220276594162,-0.026553655974566936,0.04648796021938324,0.0,0.07206206284463405,-0.1882631041109562,-0.2467220276594162
13280,5.03125,-0.23891711235046387,-0.021821640990674497,0.01813828106969595,0.0,0.07304753661155701,-0.18726149275898935,-0.23891711235046387
13290,4.96875,-0.24361497163772583,-0.027783182729035617,0.04909104108810425,0.0,0.07237043492496013,-0.18711820244789124,-0.24361497163772583
13300,6.0,-0.24623575806617737,-0.027115133590996265,0.03205917216837406,0.0,0.07247096188366413,-0.18711517974734307,-0.24623575806617737
13310,6.0,-0.24202987551689148,-0.030059355683624743,0.03139009028673172,0.0,0.07119010016322136,-0.18865397572517395,-0.24202987551689148
13320,5.78125,-0.2399422824382782,-0.028562553506344558,0.03047923371195793,0.0,0.07263447232544422,-0.18682825043797494,-0.2399422824382782
13330,5.9375,-0.23941642045974731,-0.031905353628098966,0.015639965236186982,0.0,0.07112804539501667,-0.18922989517450334,-0.23941642045974731
13340,5.09375,-0.23695912957191467,-0.027167968824505805,0.018836047127842905,0.0,0.07255033552646636,-0.18749193325638772,-0.23695912957191467
13350,5.40625,-0.24951137602329254,-0.030411782395094632,0.028342605009675025,0.0,0.07167131416499614,-0.18900440782308578,-0.24951137602329254
13360,5.40625,-0.24097956717014313,-0.03166137002408505,0.04086773432791233,0.0,0.07082056775689125,-0.18775977641344072,-0.24097956717014313
13370,6.0625,-0.23680037260055542,-0.02547178026288748,0.02490540239959955,0.0,0.07109340652823448,-0.18824486285448075,-0.23680037260055542
13380,5.21875,-0.24489109218120575,-0.028272071667015553,0.009593161707744002,0.0,0.07272855751216412,-0.18741011396050453,-0.24489109218120575
13390,5.40625,-0.23945990204811096,-0.03897475581616163,0.025861064344644545,0.0,0.07202599719166755,-0.18662681430578232,-0.23945990204811096
13400,5.875,-0.26221954822540283,-0.025861974433064462,0.029322884418070315,0.0,0.07129211165010929,-0.18919474706053735,-0.26221954822540283
13410,5.65625,-0.23680801689624786,-0.03547382615506649,0.015197276696562767,0.0,0.07234730832278728,-0.18622540682554245,-0.23680801689624786
13420,5.375,-0.24279797077178955,-0.02827006494626403,0.032767506688833235,0.0,0.0718219418078661,-0.1876545839011669,-0.24279797077178955
13430,5.09375,-0.24460087716579437,-0.03169179074466229,0.04132333677262068,0.0,0.07304523997008801,-0.18596325293183327,-0.24460087716579437
13440,5.875,-0.2426665723323822,-0.02530209431424737,0.02775433100759983,0.0,0.07232413850724698,-0.1861077517271042,-0.2426665723323822
13450,5.15625,-0.25347083806991577,-0.03257437162101269,0.03358365595340729,0.0,0.07075376845896245,-0.1886728063225746,-0.25347083806991577
13460,4.8125,-0.24910910427570343,-0.03571963179856539,0.029558550380170346,0.0,0.07217621803283691,-0.1858658328652382,-0.24910910427570343
13470,5.0625,-0.25463706254959106,-0.0313644056674093,0.02967794965952635,0.0,0.07156485617160797,-0.18836593255400658,-0.25463706254959106
13480,5.25,-0.24389302730560303,-0.03311424944549799,0.02594199515879154,0.0,0.07187809571623802,-0.18657887652516364,-0.24389302730560303
13490,5.53125,-0.23347915709018707,-0.02578746434301138,0.024881578423082827,0.0,0.07235297188162804,-0.18708792105317115,-0.23347915709018707
13500,5.9375,-0.2472594976425171,-0.030579088255763054,0.02303267177194357,0.0,0.07144242413341999,-0.18723901361227036,-0.2472594976425171
13510,5.03125,-0.2510108947753906,-0.03122724164277315,0.04811522662639618,0.0,0.07262504808604717,-0.18688598573207854,-0.2510108947753906
13520,5.375,-0.243993878364563,-0.023307043313980102,0.027045552060008048,0.0,0.07197450920939445,-0.18697044849395753,-0.243993878364563
13530,4.75,-0.2537282705307007,-0.028408930264413358,0.028782918490469454,0.0,0.0716280598193407,-0.18758172169327736,-0.2537282705307007
13540,5.0,-0.2517855167388916,-0.029605675116181375,0.01988427760079503,0.0,0.07089432626962662,-0.18851227983832358,-0.2517855167388916
13550,4.78125,-0.24275827407836914,-0.027877617068588732,0.020639707706868647,0.0,0.07195076271891594,-0.1881539888679981,-0.24275827407836914
13560,4.75,-0.24668295681476593,-0.03175164796411991,0.02076890841126442,0.0,0.07309895269572735,-0.18749963939189912,-0.24668295681476593
13570,5.25,-0.23609760403633118,-0.027577834390103816,0.028347054868936537,0.0,0.07392748035490512,-0.1871730364859104,-0.23609760403633118
13580,5.21875,-0.24020877480506897,-0.03113573361188173,0.012063755095005036,0.0,0.07425728887319565,-0.18595758453011513,-0.24020877480506897
13590,5.5625,-0.24500256776809692,-0.0342548755928874,0.02899235151708126,0.0,0.07390368171036243,-0.18645504787564277,-0.24500256776809692
13600,4.34375,-0.24783174693584442,-0.034442474320530894,0.0341441573575139,0.0,0.07354801781475544,-0.18502482622861863,-0.24783174693584442
13610,5.875,-0.24542300403118134,-0.03181514609605074,0.04549735933542252,0.0,0.0754431053996086,-0.1862621635198593,-0.24542300403118134
13620,4.90625,-0.2432866245508194,-0.03312237709760666,0.023013064824044704,0.0,0.07444385550916195,-0.18539069294929506,-0.2432866245508194
13630,5.375,-0.2367781400680542,-0.028292398527264596,0.029833881370723247,0.0,0.07317895516753196,-0.18731627464294434,-0.2367781400680542
13640,5.1875,-0.2463839054107666,-0.021366254426538944,0.027013972401618958,0.0,0.07226249016821384,-0.1881924495100975,-0.2463839054107666
13650,5.90625,-0.24581894278526306,-0.030726976972073317,0.015624995995312928,0.0,0.07346179969608783,-0.1868806079030037,-0.24581894278526306
13660,5.1875,-0.2491302341222763,-0.03359329104423523,0.02135749626904726,0.0,0.07270854972302913,-0.18816354870796204,-0.2491302341222763
13670,5.375,-0.2426578402519226,-0.028170229122042655,0.016306262090802194,0.0,0.07293098233640194,-0.18557526245713235,-0.2426578402519226
13680,5.21875,-0.2402864545583725,-0.02751286644488573,0.03155183587223291,0.0,0.07361316494643688,-0.18519946336746215,-0.2402864545583725
13690,5.15625,-0.24497991800308228,-0.022824124805629252,0.026063378527760507,0.0,0.07283508703112603,-0.18670785799622536,-0.24497991800308228
13700,4.9375,-0.24520300328731537,-0.029011514969170094,0.015086314920336009,0.0,0.07435636334121228,-0.18503705337643622,-0.24520300328731537
13710,5.6875,-0.23690901696681976,-0.022732731886208057,0.017679218389093875,0.0,0.07495557442307473,-0.18531581982970238,-0.23690901696681976
13720,5.21875,-0.2429199516773224,-0.02836259827017784,0.025068130530416965,0.0,0.07466563992202283,-0.1855891652405262,-0.2429199516773224
13730,4.84375,-0.2379726767539978,-0.02827701042406261,0.015955388173460962,0.0,0.07476741559803486,-0.18446662351489068,-0.2379726767539978
13740,6.09375,-0.23594829440116882,-0.02137751067057252,0.01985973659902811,0.0,0.0744987603276968,-0.1859288290143013,-0.23594829440116882
13750,5.71875,-0.25973057746887207,-0.036378209665417674,0.037543554604053495,0.0,0.07420847043395043,-0.18410105109214783,-0.25973057746887207
13760,5.0,-0.2516489624977112,-0.02731704399921,0.015005611348897219,0.0,0.07490951754152775,-0.18388905972242356,-0.2516489624977112
13770,4.3125,-0.24961018562316895,-0.03483893861994147,0.03137183226644993,0.0,0.07402482070028782,-0.18550516813993453,-0.24961018562316895
13780,5.90625,-0.23052141070365906,-0.026298722624778746,0.027951357886195183,0.0,0.0757298894226551,-0.1850772202014923,-0.23052141070365906
13790,6.25,-0.2342682182788849,-0.032043428532779215,0.04614969752728939,0.0,0.075240733101964,-0.18403252884745597,-0.2342682182788849
13800,5.59375,-0.24176788330078125,-0.022979624941945075,0.020588042214512825,0.0,0.07513503916561604,-0.18480727821588516,-0.24176788330078125
13810,5.5625,-0.24720138311386108,-0.0346247797831893,0.028595035336911677,0.0,0.0735024105757475,-0.18617781326174737,-0.24720138311386108
13820,5.71875,-0.2537927031517029,-0.03389007151126862,0.03402980025857687,0.0,0.07455276362597943,-0.18535294532775878,-0.2537927031517029
13830,5.125,-0.24258235096931458,-0.03156232824549079,0.05012299492955208,0.0,0.07540074288845063,-0.18491052612662315,-0.24258235096931458
13840,6.21875,-0.2514804005622864,-0.031552701443433764,0.02758313938975334,0.0,0.07545304261147975,-0.18728593587875367,-0.2514804005622864
13850,5.0625,-0.24235102534294128,-0.029357421025633813,0.03924907706677914,0.0,0.07538152858614922,-0.18553779721260072,-0.24235102534294128
13860,4.75,-0.23894348740577698,-0.029863050393760204,0.05101058110594749,0.0,0.0767235815525055,-0.18569839671254157,-0.23894348740577698
13870,5.0,-0.2348097860813141,-0.02389628728851676,0.02467603553086519,0.0,0.07531176023185253,-0.18375632166862488,-0.2348097860813141
13880,5.34375,-0.2392352968454361,-0.028151837643235922,0.025472477823495866,0.0,0.07383159026503563,-0.18499618098139764,-0.2392352968454361
13890,5.375,-0.24010509252548218,-0.03667216617614031,0.026185226626694202,0.0,0.0744294747710228,-0.18901235833764077,-0.24010509252548218
13900,4.71875,-0.24327734112739563,-0.031127926707267762,0.03578002899885178,0.0,0.07518928162753583,-0.18611002266407012,-0.24327734112739563
13910,4.875,-0.23955634236335754,-0.02771369144320488,0.03317404668778181,0.0,0.07539981566369533,-0.1868980936706066,-0.23955634236335754
13920,5.59375,-0.23781366646289825,-0.02205705288797617,0.024739328771829605,0.0,0.07616958767175674,-0.18544552549719812,-0.23781366646289825
13930,5.21875,-0.25281327962875366,-0.02935713604092598,0.018971910700201988,0.0,0.0749818079173565,-0.18500859811902046,-0.25281327962875366
13940,5.6875,-0.23509587347507477,-0.02938778456300497,0.030468760430812834,0.0,0.07539228610694408,-0.18499747514724732,-0.23509587347507477
13950,4.71875,-0.2474852204322815,-0.023410315997898577,0.012416807701811194,0.0,0.07584374397993088,-0.18531643077731133,-0.2474852204322815
13960,5.4375,-0.2391165941953659,-0.024021169915795327,0.017129020765423775,0.0,0.07596227824687958,-0.18521906137466432,-0.2391165941953659
13970,5.21875,-0.24733278155326843,-0.03465810157358647,0.04997466318309307,0.0,0.07547511644661427,-0.18541009947657586,-0.24733278155326843
13980,5.40625,-0.24373719096183777,-0.020011188834905623,0.01271071033552289,0.0,0.07632736675441265,-0.18583042472600936,-0.24373719096183777
13990,5.75,-0.236745685338974,-0.023031278140842916,0.022061572596430778,0.0,0.07646067589521408,-0.18497402966022491,-0.236745685338974
14000,5.90625,-0.24022254347801208,-0.03206245712935925,0.031147265620529652,0.0,0.07678366005420685,-0.1849169358611107,-0.24022254347801208
14010,5.875,-0.23757901787757874,-0.022591416165232657,0.022876853309571742,0.0,0.07611999101936817,-0.1857451617717743,-0.23757901787757874
14020,5.4375,-0.24255074560642242,-0.029632251989096404,0.024496492557227613,0.0,0.07636198736727237,-0.18572327196598054,-0.24255074560642242
14030,6.03125,-0.23288853466510773,-0.03094844464212656,0.03635311704128981,0.0,0.07701336890459061,-0.18366610407829284,-0.23288853466510773
14040,6.34375,-0.24643145501613617,-0.03394724181853235,0.04181981645524502,0.0,0.07676366306841373,-0.18613650053739547,-0.24643145501613617
14050,4.65625,-0.24082662165164948,-0.028049017675220965,0.038381793349981305,0.0,0.07721777260303497,-0.1850530244410038,-0.24082662165164948
14060,5.8125,-0.2417222261428833,-0.026888816524296998,0.02293026987463236,0.0,0.07742361351847649,-0.18432574048638345,-0.2417222261428833
14070,5.5625,-0.24501948058605194,-0.02893501492217183,0.03264027219265699,0.0,0.07803549319505691,-0.18407305777072908,-0.24501948058605194
14080,5.8125,-0.23617398738861084,-0.02934406455606222,0.02511711437255144,0.0,0.07709705717861652,-0.1837061144411564,-0.23617398738861084
14090,5.75,-0.23521119356155396,-0.027443641703575848,0.03308029714971781,0.0,0.0778349380940199,-0.18551680818200111,-0.23521119356155396
14100,5.1875,-0.2636839747428894,-0.029617317393422125,0.032076731137931344,0.0,0.07741017714142799,-0.18580612614750863,-0.2636839747428894
14110,5.3125,-0.24225518107414246,-0.027544720098376274,0.02410308662801981,0.0,0.0777571652084589,-0.1833484388887882,-0.24225518107414246
14120,5.5625,-0.24196766316890717,-0.03171681864187122,0.031283187307417394,0.0,0.07623119540512562,-0.18522269874811173,-0.24196766316890717
14130,5.625,-0.24101626873016357,-0.030778052099049092,0.021858814544975756,0.0,0.07921927496790886,-0.1834883101284504,-0.24101626873016357
14140,4.59375,-0.23719854652881622,-0.0345592075958848,0.012547390442341566,0.0,0.07887790352106094,-0.18194106593728065,-0.23719854652881622
14150,4.96875,-0.24815316498279572,-0.030575606599450113,0.04683629535138607,0.0,0.07997771576046944,-0.1818661533296108,-0.24815316498279572
14160,4.75,-0.24235081672668457,-0.031099467538297176,0.02950820717960596,0.0,0.07833383232355118,-0.18135467916727066,-0.24235081672668457
14170,5.3125,-0.23860634863376617,-0.0282650800421834,0.02817772012203932,0.0,0.0796139020472765,-0.1820591002702713,-0.23860634863376617
14180,5.21875,-0.2282356470823288,-0.028313557617366314,0.028720225021243096,0.0,0.0794990111142397,-0.18239255696535112,-0.2282356470823288
14190,6.21875,-0.24220213294029236,-0.030905099771916866,0.028057838417589666,0.0,0.08044684380292892,-0.18116089403629304,-0.24220213294029236
14200,4.90625,-0.25075867772102356,-0.02221614196896553,0.01880595264956355,0.0,0.08038636781275273,-0.18260613605380058,-0.25075867772102356
14210,5.40625,-0.24104544520378113,-0.02914763381704688,0.02297135517001152,0.0,0.08236286975443363,-0.18050066381692886,-0.24104544520378113
14220,5.6875,-0.23494446277618408,-0.03498270101845265,0.023108429461717605,0.0,0.08168187141418456,-0.18060755208134652,-0.23494446277618408
14230,6.59375,-0.24733954668045044,-0.028052560146898033,0.030162895284593105,0.0,0.08143737353384495,-0.18077695816755296,-0.24733954668045044
14240,5.6875,-0.23139625787734985,-0.03221954591572285,0.022316199168562888,0.0,0.08166629187762738,-0.17896927520632744,-0.23139625787734985
14250,5.125,-0.23475730419158936,-0.02592887878417969,0.034269893914461134,0.0,0.08165784142911434,-0.1809183895587921,-0.23475730419158936
14260,5.1875,-0.2421378493309021,-0.0362169380299747,0.024278984963893892,0.0,0.08173243589699268,-0.1785246305167675,-0.2421378493309021
14270,5.125,-0.24295462667942047,-0.031213098391890525,0.024387568049132825,0.0,0.08107544556260109,-0.1805701397359371,-0.24295462667942047
14280,6.21875,-0.23514720797538757,-0.024889236874878408,0.019746915716677905,0.0,0.08133512102067471,-0.1800634518265724,-0.23514720797538757
14290,4.6875,-0.24476994574069977,-0.03295462559908628,0.025434492528438567,0.0,0.08065358214080334,-0.18137695714831353,-0.24476994574069977
14300,5.1875,-0.23279023170471191,-0.03498114384710789,0.022201290354132652,0.0,0.08064263984560967,-0.1798708640038967,-0.23279023170471191
14310,5.25,-0.24130630493164062,-0.030984805710613728,0.028491399809718133,0.0,0.08142279721796512,-0.18106611222028732,-0.24130630493164062
14320,4.65625,-0.24548780918121338,-0.028767887875437735,0.03604534137994051,0.0,0.08309939317405224,-0.17952525317668916,-0.24548780918121338
14330,4.4375,-0.23684394359588623,-0.02789474744349718,0.024026359617710113,0.0,0.08287236616015434,-0.17905981317162514,-0.23684394359588623
14340,6.09375,-0.24608421325683594,-0.024800735898315905,0.014327884651720524,0.0,0.08168417066335679,-0.17920694947242738,-0.24608421325683594
14350,5.71875,-0.23426096141338348,-0.024804716929793358,0.01829116391018033,0.0,0.0812535610049963,-0.17971826791763307,-0.23426096141338348
14360,5.875,-0.24233238399028778,-0.028906141594052314,0.03706002179533243,0.0,0.08062491044402123,-0.1809989780187607,-0.24233238399028778
14370,6.0,-0.23576129972934723,-0.031016034819185734,0.029242246225476266,0.0,0.08185773380100728,-0.18060898333787917,-0.23576129972934723
14380,5.1875,-0.2422533482313156,-0.029723271261900663,0.03850717656314373,0.0,0.08273307308554649,-0.17879043146967888,-0.2422533482313156
14390,5.46875,-0.23522156476974487,-0.027238863334059716,0.04226276203989983,0.0,0.08298730216920376,-0.17986323535442353,-0.23522156476974487
14400,5.28125,-0.23992444574832916,-0.03599597420543432,0.030975306406617165,0.0,0.08385598622262477,-0.1791215293109417,-0.23992444574832916
14410,4.53125,-0.24698173999786377,-0.02525720950216055,0.053266606852412225,0.0,0.08180069476366043,-0.18142352849245072,-0.24698173999786377
14420,5.1875,-0.23553895950317383,-0.03317024633288383,0.021052572503685953,0.0,0.08450428210198879,-0.17817142531275748,-0.23553895950317383
14430,5.53125,-0.23723015189170837,-0.0240866594016552,0.01903301551938057,0.0,0.08516858890652657,-0.1767837658524513,-0.23723015189170837
14440,4.40625,-0.24278885126113892,-0.024032014422118664,0.014440594706684351,0.0,0.08417837768793106,-0.17672203853726387,-0.24278885126113892
14450,5.59375,-0.23844178020954132,-0.026775888167321682,0.04523777738213539,0.0,0.08469096347689628,-0.17762575224041938,-0.23844178020954132
14460,5.03125,-0.23897114396095276,-0.03302904050797224,0.0286072077229619,0.0,0.0845592688769102,-0.17796682342886924,-0.23897114396095276
14470,5.75,-0.23681552708148956,-0.02814478427171707,0.05061348937451839,0.0,0.08606222234666347,-0.17598157301545142,-0.23681552708148956
14480,4.90625,-0.23338370025157928,-0.023416628129780293,0.015699924435466528,0.0,0.08484034240245819,-0.1771744705736637,-0.23338370025157928
14490,5.9375,-0.2358671873807907,-0.03407347975298762,0.019024229794740676,0.0,0.08564258515834808,-0.17785506322979927,-0.2358671873807907
14500,4.15625,-0.237533301115036,-0.03219754062592983,0.03197714108973741,0.0,0.08666671067476273,-0.17561319693922997,-0.237533301115036
14510,5.4375,-0.23165762424468994,-0.028692933544516564,0.02452686056494713,0.0,0.08639875203371047,-0.17708084508776664,-0.23165762424468994
14520,6.375,-0.2252882719039917,-0.024171442724764347,0.015951208118349314,0.0,0.08592135421931743,-0.17865728959441185,-0.2252882719039917
14530,5.125,-0.23290863633155823,-0.029818301554769278,0.050182707235217096,0.0,0.0864422708749771,-0.17721858471632004,-0.23290863633155823
14540,4.59375,-0.24945800006389618,-0.03345519658178091,0.015853342972695826,0.0,0.08587420135736465,-0.17871885672211646,-0.24945800006389618
14550,5.125,-0.23404455184936523,-0.032653884729370475,0.014953138306736946,0.0,0.08499682359397412,-0.17772580534219742,-0.23404455184936523
14560,5.5625,-0.2430402785539627,-0.02905376795679331,0.02782181855291128,0.0,0.08621598184108734,-0.1773833341896534,-0.2430402785539627
14570,5.65625,-0.23772354423999786,-0.02770570032298565,0.03560559842735529,0.0,0.08702566362917423,-0.17610319033265115,-0.23772354423999786
14580,5.28125,-0.23077678680419922,-0.032622169330716135,0.032625467516481876,0.0,0.08620613105595112,-0.17746091783046722,-0.23077678680419922
14590,4.6875,-0.23607927560806274,-0.029333015345036982,0.03888889849185943,0.0,0.08639201261103154,-0.1791765198111534,-0.23607927560806274
14600,4.96875,-0.23551851511001587,-0.03795297108590603,0.018922797217965127,0.0,0.08727116957306862,-0.17660731747746466,-0.23551851511001587
14610,5.78125,-0.24392208456993103,-0.037769815512001516,0.03974447213113308,0.0,0.08664614409208297,-0.17688047736883164,-0.24392208456993103
14620,5.59375,-0.22283989191055298,-0.02954765744507313,0.051005374267697336,0.0,0.08729719929397106,-0.1758054167032242,-0.22283989191055298
14630,4.875,-0.23259146511554718,-0.030972048826515674,0.04661584943532944,0.0,0.08840954862535,-0.17599658146500588,-0.23259146511554718
14640,5.28125,-0.23763540387153625,-0.02716351319104433,0.015726506989449263,0.0,0.0872448928654194,-0.17681519091129302,-0.23763540387153625
14650,5.0625,-0.2283807098865509,-0.02795267030596733,0.02912344764918089,0.0,0.08697741068899631,-0.17603372558951377,-0.2283807098865509
14660,6.53125,-0.22699779272079468,-0.027930954378098248,0.03041848596185446,0.0,0.08750095590949059,-0.17882707640528678,-0.22699779272079468
14670,5.5,-0.2387470006942749,-0.026501134783029557,0.019623590912669898,0.0,0.08819341883063317,-0.17650685757398604,-0.2387470006942749
14680,4.9375,-0.2349337637424469,-0.025371991377323867,0.028181747905910014,0.0,0.08741598576307297,-0.1755497895181179,-0.2349337637424469
14690,5.46875,-0.23154908418655396,-0.02647718908265233,0.020290164463222026,0.0,0.08603835105895996,-0.17771826237440108,-0.23154908418655396
14700,5.9375,-0.2305358648300171,-0.030564952082931994,0.029495055414736272,0.0,0.08639878369867801,-0.17784101665019988,-0.2305358648300171
14710,5.09375,-0.23643438518047333,-0.02662670537829399,0.00971314199268818,0.0,0.08604717031121253,-0.17829009816050528,-0.23643438518047333
14720,6.34375,-0.23012658953666687,-0.027578679099678993,0.018703117594122888,0.0,0.08713890872895717,-0.1775055207312107,-0.23012658953666687
14730,5.65625,-0.23703056573867798,-0.02282803850248456,0.024530759267508983,0.0,0.08808068707585334,-0.17634814977645874,-0.23703056573867798
14740,5.0625,-0.2303081750869751,-0.02642694767564535,0.02684966418892145,0.0,0.08727556988596916,-0.17851727232336997,-0.2303081750869751
14750,5.75,-0.22721657156944275,-0.03289457280188799,0.01405069986358285,0.0,0.08948846384882927,-0.17657874301075935,-0.22721657156944275
14760,5.71875,-0.22273804247379303,-0.025677392538636924,0.02295241616666317,0.0,0.08931980505585671,-0.17722905054688454,-0.22273804247379303
14770,5.34375,-0.23800700902938843,-0.03298604367300868,0.027864074520766734,0.0,0.08931191191077233,-0.17686204090714455,-0.23800700902938843
14780,5.125,-0.24950525164604187,-0.02452775537967682,0.030559111200273038,0.0,0.09051360748708248,-0.1760486491024494,-0.24950525164604187
14790,4.9375,-0.23642706871032715,-0.03157569598406553,0.04498781338334083,0.0,0.08837230764329433,-0.17764440625905992,-0.23642706871032715
14800,5.84375,-0.2296164631843567,-0.02370014451444149,0.023827508836984635,0.0,0.0899173777550459,-0.1752832993865013,-0.2296164631843567
14810,4.65625,-0.2367056906223297,-0.030524918530136346,0.019267212599515915,0.0,0.09068260416388511,-0.1748215802013874,-0.2367056906223297
14820,5.4375,-0.23132506012916565,-0.025266043609008193,0.01995107103139162,0.0,0.09030849561095237,-0.17509227842092515,-0.23132506012916565
14830,4.53125,-0.23432788252830505,-0.013120523281395435,0.023507772758603097,0.0,0.08936440721154212,-0.17579448521137236,-0.23432788252830505
14840,5.8125,-0.23234707117080688,-0.022296511009335516,0.0288542440161109,0.0,0.08839374370872974,-0.17689086124300957,-0.23234707117080688
14850,4.6875,-0.24630345404148102,-0.032814308255910876,0.05127734020352363,0.0,0.08822846114635467,-0.17836104780435563,-0.24630345404148102
14860,5.15625,-0.22813493013381958,-0.03402542155236006,0.03436928242444992,0.0,0.08819282837212086,-0.1774400420486927,-0.22813493013381958
14870,5.0625,-0.23313568532466888,-0.02373490873724222,0.015981601923704146,0.0,0.08856794647872449,-0.17864378690719604,-0.23313568532466888
14880,5.71875,-0.2336607277393341,-0.025854879058897495,0.02742110900580883,0.0,0.09035664796829224,-0.17699880301952362,-0.2336607277393341
14890,6.125,-0.22396621108055115,-0.031248298659920692,0.05085354745388031,0.0,0.08982297815382481,-0.17585583701729773,-0.22396621108055115
14900,5.5,-0.24347200989723206,-0.031176376435905696,0.020605421997606753,0.0,0.08911991268396377,-0.17753550335764884,-0.24347200989723206
14910,4.84375,-0.23888491094112396,-0.020585755165666342,0.0387720987200737,0.0,0.08917254693806172,-0.17658102586865426,-0.23888491094112396
14920,5.15625,-0.23168940842151642,-0.02892518527805805,0.012552376743406058,0.0,0.08898418508470059,-0.17750081270933152,-0.23168940842151642
14930,6.09375,-0.23302245140075684,-0.03443184355273843,0.044180788844823835,0.0,0.08899241238832474,-0.1759260766208172,-0.23302245140075684
14940,4.78125,-0.23609568178653717,-0.032198859564960006,0.04937699213624001,0.0,0.08920258842408657,-0.17753243297338486,-0.23609568178653717
14950,4.34375,-0.2351345419883728,-0.024485925678163767,0.022732857801020145,0.0,0.08849982991814613,-0.17617687880992888,-0.2351345419883728
14960,5.90625,-0.23744454979896545,-0.030459294468164443,0.01691822223365307,0.0,0.0894013162702322,-0.17690713182091714,-0.23744454979896545
14970,5.0625,-0.23814716935157776,-0.03235183134675026,0.03256823215633631,0.0,0.08907074555754661,-0.17637312188744544,-0.23814716935157776
14980,5.15625,-0.23476587235927582,-0.03218854311853647,0.037886880338191986,0.0,0.09066710770130157,-0.1766734540462494,-0.23476587235927582
14990,6.09375,-0.2359679490327835,-0.03219114039093256,0.041138768568634985,0.0,0.08891495466232299,-0.17715189903974532,-0.2359679490327835
15000,5.6875,-0.2354476898908615,-0.029169747792184352,0.03861231245100498,0.0,0.08861739970743657,-0.17839505821466445,-0.2354476898908615
15010,5.28125,-0.228370800614357,-0.036099954321980474,0.021079560555517674,0.0,0.08992579318583012,-0.1751840204000473,-0.228370800614357
15020,5.46875,-0.2389001101255417,-0.035349289420992136,0.025284777954220773,0.0,0.0912800919264555,-0.17730781584978103,-0.2389001101255417
15030,5.15625,-0.23868779838085175,-0.02400931725278497,0.03780593946576118,0.0,0.09063200615346431,-0.17745888382196426,-0.23868779838085175
15040,4.21875,-0.2376381754875183,-0.028757291054353117,0.04850175529718399,0.0,0.09136822558939457,-0.17363299801945686,-0.2376381754875183
15050,5.28125,-0.23536041378974915,-0.041553422808647156,0.024593003932386635,0.0,0.09070614017546177,-0.17630392462015151,-0.23536041378974915
15060,4.8125,-0.2374076247215271,-0.02901230761781335,0.037100006081163886,0.0,0.09159304611384869,-0.17317605540156364,-0.2374076247215271
15070,6.15625,-0.23811402916908264,-0.030925440974533557,0.03567106500267982,0.0,0.08953208364546299,-0.17713276892900467,-0.23811402916908264
15080,5.0,-0.2329561710357666,-0.03244377737864852,0.06184855103492737,0.0,0.08940348848700523,-0.1767798498272896,-0.2329561710357666
15090,5.53125,-0.2267274558544159,-0.02681506066583097,0.025717061758041383,0.0,0.09022865742444992,-0.17875662818551064,-0.2267274558544159
15100,5.25,-0.22773444652557373,-0.027809624932706355,0.010172829823568463,0.0,0.0906072847545147,-0.1757664315402508,-0.22773444652557373
15110,6.09375,-0.23146146535873413,-0.025919135287404062,0.030410453118383883,0.0,0.09113960862159728,-0.1748639278113842,-0.23146146535873413
15120,4.6875,-0.2410910725593567,-0.034310785681009294,0.012756307609379292,0.0,0.09077428840100765,-0.1753487467765808,-0.2410910725593567
15130,5.90625,-0.22445844113826752,-0.031209338922053576,0.02296386510133743,0.0,0.09095427840948105,-0.17567059472203256,-0.22445844113826752
15140,5.375,-0.24163475632667542,-0.029083124082535505,0.026916154474020005,0.0,0.09064633660018444,-0.17734310999512673,-0.24163475632667542
15150,5.21875,-0.22717463970184326,-0.02299016760662198,0.017426825314760207,0.0,0.09008688889443875,-0.1750645272433758,-0.22717463970184326
15160,5.53125,-0.23391583561897278,-0.029650386050343515,0.03552204016596079,0.0,0.09012426733970642,-0.17752411738038062,-0.23391583561897278
15170,6.15625,-0.2274572253227234,-0.03318491950631142,0.03666784930974245,0.0,0.09050448834896088,-0.1756739981472492,-0.2274572253227234
15180,5.03125,-0.24220594763755798,-0.025668793357908726,0.0515923835337162,0.0,0.08928111158311366,-0.17637391090393068,-0.24220594763755798
15190,4.84375,-0.2311912477016449,-0.033716855011880396,0.027542992681264877,0.0,0.08948566801846028,-0.17552379220724107,-0.2311912477016449
15200,5.90625,-0.2340022176504135,-0.02679681982845068,0.0304691718891263,0.0,0.09017687104642391,-0.1771941028535366,-0.2340022176504135
15210,5.65625,-0.24100330471992493,-0.02456987611949444,0.03367999829351902,0.0,0.0892679013311863,-0.17576543465256692,-0.24100330471992493
15220,5.65625,-0.24139687418937683,-0.030022358475252985,0.03418916054069996,0.0,0.08847998715937137,-0.1761619731783867,-0.24139687418937683
15230,6.125,-0.227763831615448,-0.025942078977823257,0.018826865963637827,0.0,0.08906167298555374,-0.17734913602471353,-0.227763831615448
15240,5.40625,-0.2341928631067276,-0.022378981299698352,0.013619905058294534,0.0,0.08953549601137638,-0.17486080750823021,-0.2341928631067276
15250,5.4375,-0.2272281050682068,-0.027472648210823535,0.02756227720528841,0.0,0.09006524719297886,-0.17378276586532593,-0.2272281050682068
15260,5.78125,-0.22789493203163147,-0.03079157220199704,0.03141700830310583,0.0,0.09067092724144458,-0.17420670613646508,-0.22789493203163147
15270,5.53125,-0.2220323085784912,-0.0296956991776824,0.04113413095474243,0.0,0.09050489291548729,-0.17318838685750962,-0.2220323085784912
15280,5.0,-0.24504733085632324,-0.024439611285924912,0.024733425863087178,0.0,0.09149329736828804,-0.17590699195861817,-0.24504733085632324
15290,5.0,-0.2291121482849121,-0.035492770560085776,0.005202374141663313,0.0,0.09028889201581478,-0.17547785714268685,-0.2291121482849121
15300,4.78125,-0.22703917324543,-0.026028545573353767,0.017179897893220185,0.0,0.0914470624178648,-0.1740654245018959,-0.22703917324543
15310,5.40625,-0.23647662997245789,-0.03671900928020477,0.03898567538708449,0.0,0.09084122851490975,-0.17442481070756913,-0.23647662997245789
15320,5.3125,-0.23403587937355042,-0.02525458764284849,0.032618188112974164,0.0,0.09153080396354199,-0.1752956911921501,-0.23403587937355042
15330,4.375,-0.22953394055366516,-0.029906083224341275,0.01822839304804802,0.0,0.0915109146386385,-0.1738196700811386,-0.22953394055366516
15340,5.8125,-0.22388304769992828,-0.024552526697516442,0.022906219772994518,0.0,0.09320547617971897,-0.1736750543117523,-0.22388304769992828
15350,5.4375,-0.22345682978630066,-0.03381460458040238,0.04334229566156864,0.0,0.09282790087163448,-0.17287868708372117,-0.22345682978630066
15360,5.625,-0.23453426361083984,-0.03231124728918076,0.047695775702595714,0.0,0.09309106208384037,-0.17301762253046035,-0.23453426361083984
15370,5.59375,-0.2402392327785492,-0.027856897655874492,0.05248602256178856,0.0,0.09281584173440934,-0.17280720174312592,-0.2402392327785492
15380,5.78125,-0.23270642757415771,-0.025109873712062837,0.025378931872546674,0.0,0.09154610894620419,-0.17529689967632295,-0.23270642757415771
15390,5.34375,-0.23013827204704285,-0.0360512088984251,0.014033265318721533,0.0,0.09278803393244743,-0.17356963604688644,-0.23013827204704285
15400,4.9375,-0.24000181257724762,-0.03089422034099698,0.04229125436395407,0.0,0.09425694420933724,-0.17218623980879783,-0.24000181257724762
15410,4.625,-0.23653779923915863,-0.028555009886622428,0.029693478159606455,0.0,0.09341650381684304,-0.17344866842031478,-0.23653779923915863
15420,5.125,-0.23139429092407227,-0.027779808081686497,0.019598248414695263,0.0,0.09376184232532978,-0.17159281000494958,-0.23139429092407227
15430,5.28125,-0.23072656989097595,-0.02813530554994941,0.044432653300464156,0.0,0.09362053722143174,-0.1727867379784584,-0.23072656989097595
15440,6.0625,-0.22214071452617645,-0.02589336931705475,0.039268515445291995,0.0,0.0943310759961605,-0.17290759086608887,-0.22214071452617645
15450,5.8125,-0.23018845915794373,-0.025445277616381646,0.03982052523642778,0.0,0.0949023887515068,-0.1718189612030983,-0.23018845915794373
15460,5.875,-0.22649846971035004,-0.0272246764972806,0.02391353137791157,0.0,0.09443804137408733,-0.17285365462303162,-0.22649846971035004
15470,4.375,-0.23570358753204346,-0.030996827781200408,0.01852685511112213,0.0,0.09428478814661503,-0.172150369733572,-0.23570358753204346
15480,5.71875,-0.23627887666225433,-0.02859102189540863,0.0349847212433815,0.0,0.09441845752298832,-0.1738012157380581,-0.23627887666225433
15490,5.25,-0.23345845937728882,-0.02536908593028784,0.039903264865279196,0.0,0.09468202739953994,-0.17165865153074264,-0.23345845937728882
15500,6.53125,-0.22721123695373535,-0.02899036994203925,0.03618856482207775,0.0,0.09411887861788273,-0.17183368280529976,-0.22721123695373535
15510,5.0625,-0.22673147916793823,-0.02584610115736723,0.008939162874594331,0.0,0.09492085576057434,-0.17118895277380944,-0.22673147916793823
15520,6.4375,-0.2226111739873886,-0.028644875809550285,0.03610507603734732,0.0,0.09427985660731793,-0.1743590548634529,-0.2226111739873886
15530,5.90625,-0.22637519240379333,-0.03171457834541798,0.04413474202156067,0.0,0.0956878162920475,-0.170928393304348,-0.22637519240379333
15540,4.875,-0.23391543328762054,-0.0292193740606308,0.027975805662572385,0.0,0.09494096860289573,-0.17037547752261162,-0.23391543328762054
15550,5.5,-0.22606202960014343,-0.029483945481479167,0.02568131946027279,0.0,0.09307318069040775,-0.17164257913827896,-0.22606202960014343
15560,6.03125,-0.23304075002670288,-0.0242652571760118,0.016072660125792025,0.0,0.09466957971453667,-0.1738491766154766,-0.23304075002670288
15570,4.71875,-0.24099218845367432,-0.031412238255143166,0.02947503738105297,0.0,0.0935305342078209,-0.17396336644887925,-0.24099218845367432
15580,4.96875,-0.22970424592494965,-0.03273428324609995,0.029672741144895553,0.0,0.09432725049555302,-0.17253667190670968,-0.22970424592494965
15590,6.4375,-0.23961202800273895,-0.03290655948221684,0.027105524949729443,0.0,0.09252958409488202,-0.17593411430716516,-0.23961202800273895
15600,5.9375,-0.24071095883846283,-0.029483929090201855,0.013483158778399229,0.0,0.09217245727777482,-0.17528775706887245,-0.24071095883846283
15610,4.625,-0.2411332130432129,-0.035647417139261964,0.05070933364331722,0.0,0.09334900192916393,-0.1738138385117054,-0.2411332130432129
15620,4.90625,-0.2319035828113556,-0.024733160436153413,0.015386789850890637,0.0,0.09368760399520397,-0.17280618771910666,-0.2319035828113556
15630,5.40625,-0.23215237259864807,-0.025203861016780137,0.015541823208332061,0.0,0.09290496483445168,-0.17408963590860366,-0.23215237259864807
15640,5.46875,-0.237361341714859,-0.030514306016266347,0.022421303670853376,0.0,0.09331705458462239,-0.17368801608681678,-0.237361341714859
15650,5.15625,-0.2267455756664276,-0.03040801677852869,0.01797835258767009,0.0,0.09289431795477868,-0.17395690977573394,-0.2267455756664276
15660,5.03125,-0.2282569706439972,-0.03333121314644814,0.03721222430467606,0.0,0.09214017391204835,-0.1750265620648861,-0.2282569706439972
15670,5.46875,-0.23336148262023926,-0.023419308941811323,0.021465603075921536,0.0,0.09201155155897141,-0.17466994225978852,-0.23336148262023926
15680,5.0,-0.23376397788524628,-0.032047996670007704,0.02162800505757332,0.0,0.09533102177083493,-0.17192156687378884,-0.23376397788524628
15690,6.6875,-0.22658902406692505,-0.029256440326571466,0.04209053218364715,0.0,0.09276668317615985,-0.1728528045117855,-0.22658902406692505
15700,5.25,-0.22611352801322937,-0.021746802143752575,0.01882997378706932,0.0,0.09478098265826702,-0.1722949430346489,-0.22611352801322937
15710,5.25,-0.23657503724098206,-0.029412817675620317,0.02354946229606867,0.0,0.09355389699339867,-0.17274712696671485,-0.23657503724098206
15720,5.34375,-0.2253786027431488,-0.021777460165321828,0.015427058376371861,0.0,0.09435776919126511,-0.1707724429666996,-0.2253786027431488
15730,5.8125,-0.22749868035316467,-0.02501104837283492,0.04501386042684317,0.0,0.0945948999375105,-0.17316865772008896,-0.22749868035316467
15740,5.21875,-0.2307855784893036,-0.03290677005425095,0.031298882141709325,0.0,0.09651893526315689,-0.17152393683791162,-0.2307855784893036
15750,6.0625,-0.23658506572246552,-0.024718837440013887,0.037290187738835814,0.0,0.09470090605318546,-0.1738896004855633,-0.23658506572246552
15760,5.125,-0.22872698307037354,-0.026168884988874198,0.019817761797457933,0.0,0.09416590109467507,-0.17152093946933747,-0.22872698307037354
15770,4.875,-0.23975366353988647,-0.029963606968522072,0.03216028623282909,0.0,0.09391244128346443,-0.17311616539955138,-0.23975366353988647
15780,4.65625,-0.22882026433944702,-0.026979375444352627,0.017417489551007748,0.0,0.09448302239179611,-0.1721049129962921,-0.22882026433944702
15790,5.46875,-0.2255597561597824,-0.03475085441023111,0.016878164652734996,0.0,0.09665206037461757,-0.17049670666456224,-0.2255597561597824
15800,4.6875,-0.2320041060447693,-0.02796549443155527,0.02961838524788618,0.0,0.09601219333708286,-0.17222212329506875,-0.2320041060447693
15810,5.34375,-0.23311445116996765,-0.0363789333961904,0.03529263064265251,0.0,0.09491180330514908,-0.17263293638825417,-0.23311445116996765
15820,5.3125,-0.2376498281955719,-0.03181324750185013,0.056302642822265624,0.0,0.09397855624556542,-0.17218602448701859,-0.2376498281955719
15830,6.78125,-0.2239433079957962,-0.031036689318716525,0.03426885306835174,0.0,0.09428962580859661,-0.17290132343769074,-0.2239433079957962
15840,5.65625,-0.23419708013534546,-0.02601759503595531,0.025423282571136952,0.0,0.0928031537681818,-0.17375485822558404,-0.23419708013534546
15850,5.03125,-0.22307604551315308,-0.03211012706160545,0.026612169481813906,0.0,0.09355576075613499,-0.1719470016658306,-0.22307604551315308
15860,5.5,-0.2385798990726471,-0.027399037964642048,0.04522060658782721,0.0,0.09284908771514892,-0.17425920441746712,-0.2385798990726471
15870,4.78125,-0.22987377643585205,-0.03203451652079821,0.05746597126126289,0.0,0.09247484654188157,-0.17390960454940796,-0.22987377643585205
15880,5.59375,-0.22527730464935303,-0.029303315002471207,0.03187937792390585,0.0,0.09372598342597485,-0.1739147908985615,-0.22527730464935303
15890,4.875,-0.2349376529455185,-0.028152343910187484,0.03975403998047113,0.0,0.0924119547009468,-0.1752880834043026,-0.2349376529455185
15900,6.15625,-0.23041051626205444,-0.022708993032574655,0.023741079680621623,0.0,0.09325813688337803,-0.17451324686408043,-0.23041051626205444
15910,5.40625,-0.23639827966690063,-0.032035018969327214,0.011030741222202777,0.0,0.09232776276767254,-0.17671795710921287,-0.23639827966690063
15920,5.53125,-0.22877517342567444,-0.02711748341098428,0.03561584036797285,0.0,0.09312100112438201,-0.1743605062365532,-0.22877517342567444
15930,6.59375,-0.22771954536437988,-0.0333576369099319,0.02090843841433525,0.0,0.09392259791493415,-0.17341020628809928,-0.22771954536437988
15940,4.84375,-0.23674027621746063,-0.03090868527069688,0.02835922930389643,0.0,0.09517961852252484,-0.17285383120179176,-0.23674027621746063
15950,5.59375,-0.22814252972602844,-0.030312939919531344,0.01386326802894473,0.0,0.09509668499231339,-0.17116407081484794,-0.22814252972602844
15960,5.59375,-0.23228302597999573,-0.027287355996668337,0.04172239322215319,0.0,0.09317116290330887,-0.17377158626914024,-0.23228302597999573
15970,4.875,-0.22591489553451538,-0.02867616806179285,0.02301901476457715,0.0,0.09293343350291253,-0.17332875579595566,-0.22591489553451538
15980,5.96875,-0.22104421257972717,-0.023507052287459373,0.022154376097023486,0.0,0.0943671628832817,-0.17535511627793313,-0.22104421257972717
15990,5.4375,-0.2276950478553772,-0.030293667363002895,0.021201014425605534,0.0,0.09472130499780178,-0.1722175285220146,-0.2276950478553772
16000,6.625,-0.22762037813663483,-0.023588035069406033,0.018943295534700155,0.0,0.09501204192638397,-0.1728914871811867,-0.22762037813663483
16010,5.375,-0.23137296736240387,-0.030896873399615287,0.01897316100075841,0.0,0.09421562254428864,-0.17237716168165207,-0.23137296736240387
16020,5.40625,-0.2238125503063202,-0.03285687733441591,0.01673952620476484,0.0,0.09214419908821583,-0.17404794916510583,-0.2238125503063202
16030,4.96875,-0.2285010814666748,-0.028811406018212436,0.032234229147434235,0.0,0.09308758564293385,-0.17305442914366723,-0.2285010814666748
16040,5.875,-0.2304610311985016,-0.02373103518038988,0.01949017457664013,0.0,0.09269155450165271,-0.17418219149112701,-0.2304610311985016
16050,4.9375,-0.23438598215579987,-0.034124235762283205,0.045362285897135736,0.0,0.0923521175980568,-0.175247485935688,-0.23438598215579987
16060,5.9375,-0.23366445302963257,-0.025229099299758674,0.03985638041049242,0.0,0.09167004525661468,-0.17660604193806648,-0.23366445302963257
16070,4.53125,-0.2354309856891632,-0.027251161634922028,0.019574323389679193,0.0,0.09168437235057354,-0.17501309588551522,-0.2354309856891632
16080,5.3125,-0.23879024386405945,-0.025859090313315392,0.022894634492695333,0.0,0.09169694595038891,-0.17430752292275428,-0.23879024386405945
16090,5.1875,-0.23425424098968506,-0.03428504448384047,0.03018755726516247,0.0,0.09198917038738727,-0.17592064589262008,-0.23425424098968506
16100,5.25,-0.22407984733581543,-0.033512919023633,0.043323489278554915,0.0,0.09161854237318039,-0.17576025277376175,-0.22407984733581543
16110,4.53125,-0.23539087176322937,-0.026809134241193532,0.03316995296627283,0.0,0.09093560948967934,-0.17693495824933053,-0.23539087176322937
16120,5.53125,-0.2224394679069519,-0.02218491053208709,0.01743864603340626,0.0,0.0918522022664547,-0.17585967108607292,-0.2224394679069519
16130,5.875,-0.22983938455581665,-0.022099586948752404,0.01661065286025405,0.0,0.09306765943765641,-0.1752760112285614,-0.22983938455581665
16140,5.0625,-0.23719792068004608,-0.028433977998793124,0.027718594670295714,0.0,0.09181496948003769,-0.17497863620519638,-0.23719792068004608
16150,5.09375,-0.23721086978912354,-0.033252100087702276,0.0554067075252533,0.0,0.09173053726553917,-0.17543736547231675,-0.23721086978912354
16160,5.4375,-0.23240971565246582,-0.028721106983721257,0.019583597779273987,0.0,0.09256397075951099,-0.17389787882566451,-0.23240971565246582
16170,6.5,-0.24221432209014893,-0.025307141430675983,0.022095290943980217,0.0,0.09186806604266166,-0.17756494507193565,-0.24221432209014893
16180,4.625,-0.23765243589878082,-0.022203550115227698,0.01575077837333083,0.0,0.09277811758220196,-0.17473035380244256,-0.23765243589878082
16190,5.125,-0.23148229718208313,-0.02906978875398636,0.024486130475997923,0.0,0.09244181327521801,-0.17607398927211762,-0.23148229718208313
16200,4.71875,-0.23306530714035034,-0.029249748960137368,0.029461058042943477,0.0,0.09199281297624111,-0.17571742460131645,-0.23306530714035034
16210,5.0625,-0.22144222259521484,-0.0253647917881608,0.016143341176211835,0.0,0.0932728849351406,-0.17452393472194672,-0.22144222259521484
16220,5.59375,-0.23145124316215515,-0.0300921980291605,0.04012564942240715,0.0,0.09155548214912415,-0.17653029784560204,-0.23145124316215515
16230,4.53125,-0.2416316568851471,-0.0386270172894001,0.010270803701132536,0.0,0.09191264025866985,-0.17549352049827577,-0.2416316568851471
16240,6.78125,-0.22811821103096008,-0.019995049433782698,0.020718994550406933,0.0,0.09186995103955269,-0.17548156753182412,-0.22811821103096008
16250,4.5,-0.23890423774719238,-0.02872982993721962,0.04235140196979046,0.0,0.09141952097415924,-0.17595365047454833,-0.23890423774719238
16260,5.96875,-0.2254750281572342,-0.03453027419745922,0.04325323924422264,0.0,0.0912647295743227,-0.1773471489548683,-0.2254750281572342
16270,5.46875,-0.22606515884399414,-0.03011787189170718,0.019243724923580886,0.0,0.09084152914583683,-0.17640483975410462,-0.22606515884399414
16280,5.875,-0.23110578954219818,-0.02769671957939863,0.03173982948064804,0.0,0.0915368765592575,-0.17662446945905685,-0.23110578954219818
16290,5.875,-0.2227426916360855,-0.03152219392359257,0.01545192627236247,0.0,0.0928732730448246,-0.1760931447148323,-0.2227426916360855
16300,6.0,-0.24006956815719604,-0.030873448215425016,0.030632336810231208,0.0,0.09301193952560424,-0.17686275243759156,-0.24006956815719604
16310,5.1875,-0.2284998893737793,-0.03269923515617847,0.02912093922495842,0.0,0.09301904812455178,-0.17404464036226272,-0.2284998893737793
16320,5.40625,-0.23270994424819946,-0.021149957552552223,0.051956073567271235,0.0,0.09261678494513034,-0.1751324713230133,-0.23270994424819946
16330,4.875,-0.2440483570098877,-0.03265414424240589,0.036988789960741994,0.0,0.09330955483019351,-0.1748224675655365,-0.2440483570098877
16340,4.84375,-0.23285344243049622,-0.03249833397567272,0.03423327505588532,0.0,0.09318169727921485,-0.17340665608644484,-0.23285344243049622
16350,5.71875,-0.23191115260124207,-0.026001611724495888,0.014206614810973406,0.0,0.09471093639731407,-0.17431078776717185,-0.23191115260124207
16360,5.1875,-0.2346394658088684,-0.03363401498645544,0.04774389006197453,0.0,0.09442933723330497,-0.17460193932056428,-0.2346394658088684
16370,5.0625,-0.2315901219844818,-0.027238557301461696,0.043319576792418955,0.0,0.09413812197744846,-0.17428255304694176,-0.2315901219844818
16380,6.75,-0.2288113236427307,-0.025295164715498687,0.029289041832089423,0.0,0.0954232506453991,-0.1735452450811863,-0.2288113236427307
16390,5.46875,-0.22947874665260315,-0.03257258366793394,0.016629176028072835,0.0,0.09486641362309456,-0.17346566319465637,-0.22947874665260315
16400,6.6875,-0.2255500853061676,-0.027140326239168643,0.02258587833493948,0.0,0.09398908279836178,-0.17460076957941056,-0.2255500853061676
16410,5.40625,-0.23773998022079468,-0.028723012655973434,0.02992639522999525,0.0,0.09436795711517335,-0.1731855973601341,-0.23773998022079468
16420,6.1875,-0.2389768809080124,-0.029524510726332664,0.029792519472539424,0.0,0.09488745927810668,-0.1750086784362793,-0.2389768809080124
16430,4.78125,-0.2368866503238678,-0.02905614785850048,0.017586025688797236,0.0,0.09451904110610485,-0.17544132918119432,-0.2368866503238678
16440,5.78125,-0.2294481098651886,-0.027166470885276794,0.021910820342600345,0.0,0.09490660391747952,-0.17362003847956659,-0.2294481098651886
16450,5.125,-0.23265966773033142,-0.03291926234960556,0.015645368304103614,0.0,0.09542886577546597,-0.17451271116733552,-0.23265966773033142
16460,5.8125,-0.23554575443267822,-0.027075083553791048,0.040612628869712356,0.0,0.09466418735682965,-0.17448486089706422,-0.23554575443267822
16470,4.9375,-0.23439696431159973,-0.03802718380466104,0.01220812350511551,0.0,0.0930509977042675,-0.17637096345424652,-0.23439696431159973
16480,5.25,-0.22766324877738953,-0.028803185559809208,0.01928457021713257,0.0,0.094027965888381,-0.17327460944652556,-0.22766324877738953
16490,5.375,-0.24167869985103607,-0.028229891508817672,0.022797934524714947,0.0,0.09405821599066258,-0.17592634707689286,-0.24167869985103607
16500,5.25,-0.2342371642589569,-0.0317883575335145,0.027389146760106085,0.0,0.09291270896792411,-0.17494904473423958,-0.2342371642589569
16510,5.90625,-0.2250697910785675,-0.028738407790660857,0.014163527637720108,0.0,0.09309229329228401,-0.17548803091049195,-0.2250697910785675
16520,6.03125,-0.24158957600593567,-0.02943041566759348,0.043688713759183886,0.0,0.09482550211250781,-0.17449924796819688,-0.24158957600593567
16530,5.4375,-0.23338046669960022,-0.028815059922635555,0.02224657479673624,0.0,0.09396833516657352,-0.17410821244120597,-0.23338046669960022
16540,5.28125,-0.23063892126083374,-0.027841982338577508,0.017666973080486058,0.0,0.09381629414856434,-0.1740453526377678,-0.23063892126083374
16550,4.9375,-0.2344733327627182,-0.028059447929263116,0.022450100630521774,0.0,0.09406440295279025,-0.17688241526484488,-0.2344733327627182
16560,4.5,-0.23868565261363983,-0.03426223276183009,0.056097669154405595,0.0,0.091751978546381,-0.1778053730726242,-0.23868565261363983
16570,5.0,-0.2314220666885376,-0.02843886995688081,0.023198298737406732,0.0,0.09151462540030479,-0.17626324519515038,-0.2314220666885376
16580,5.40625,-0.22711575031280518,-0.032539401575922965,0.025603608787059785,0.0,0.09301368221640587,-0.17641255706548692,-0.22711575031280518
16590,5.25,-0.2329632192850113,-0.030318202171474695,0.02578373309224844,0.0,0.09225363321602345,-0.17789663821458818,-0.2329632192850113
16600,4.96875,-0.23938344419002533,-0.024014140013605356,0.021558609791100025,0.0,0.09366969279944896,-0.1770138382911682,-0.23938344419002533
16610,5.46875,-0.236355721950531,-0.02844956945627928,0.019759118370711804,0.0,0.09304218627512455,-0.17642947062849998,-0.236355721950531
16620,5.5625,-0.2309560477733612,-0.024702215660363437,0.015010958071798086,0.0,0.09428305439651012,-0.17604101300239564,-0.2309560477733612
16630,5.71875,-0.22032077610492706,-0.019885234627872707,0.0201246271841228,0.0,0.09376768581569195,-0.17507698461413385,-0.22032077610492706
16640,5.09375,-0.23202672600746155,-0.026493338495492937,0.022089325077831744,0.0,0.09495663680136204,-0.1747594468295574,-0.23202672600746155
16650,4.625,-0.2376880943775177,-0.02770747449249029,0.04885658137500286,0.0,0.09604332111775875,-0.17363305613398552,-0.2376880943775177
16660,4.90625,-0.23302890360355377,-0.027322025690227746,0.027010239101946353,0.0,0.09377800710499287,-0.17546531930565834,-0.23302890360355377
16670,5.65625,-0.22280675172805786,-0.02991647496819496,0.03284612037241459,0.0,0.09489258006215096,-0.17596233263611794,-0.22280675172805786
16680,5.84375,-0.22644823789596558,-0.031178795732557774,0.02884612828493118,0.0,0.09607565142214299,-0.17310117930173874,-0.22644823789596558
16690,5.84375,-0.22947975993156433,-0.032803787104785445,0.027680934686213732,0.0,0.09553886763751507,-0.1758081130683422,-0.22947975993156433
16700,5.65625,-0.2339048534631729,-0.03410953227430582,0.020472091529518364,0.0,0.09640108831226826,-0.17364273145794867,-0.2339048534631729
16710,4.8125,-0.23624292016029358,-0.02747180312871933,0.02787221148610115,0.0,0.09521966315805912,-0.17364748045802117,-0.23624292016029358
16720,5.84375,-0.22701172530651093,-0.02524665407836437,0.020773066114634274,0.0,0.0969917293637991,-0.17312280610203742,-0.22701172530651093
16730,4.75,-0.23505961894989014,-0.03055857177823782,0.043752262741327284,0.0,0.0963986836373806,-0.17312414571642876,-0.23505961894989014
16740,5.65625,-0.23394419252872467,-0.031253050453960894,0.018453311920166016,0.0,0.09507454484701157,-0.1731685869395733,-0.23394419252872467
16750,5.96875,-0.22405880689620972,-0.02225720542483032,0.050465497002005574,0.0,0.09514917954802513,-0.17372766733169556,-0.22405880689620972
16760,5.09375,-0.23021292686462402,-0.02850133990868926,0.01680990243330598,0.0,0.09629200100898742,-0.17190563678741455,-0.23021292686462402
16770,4.9375,-0.23383235931396484,-0.027409959770739078,0.026065867953002454,0.0,0.09582891091704368,-0.17402006760239602,-0.23383235931396484
16780,5.15625,-0.22590219974517822,-0.026130848936736582,0.020740964449942112,0.0,0.0977150049060583,-0.17227013260126114,-0.22590219974517822
16790,5.28125,-0.23817139863967896,-0.03174029644578695,0.039768374711275103,0.0,0.09609870761632919,-0.17353455051779748,-0.23817139863967896
16800,5.59375,-0.2298881858587265,-0.026111676637083293,0.02881823815405369,0.0,0.09550459980964661,-0.1734340399503708,-0.2298881858587265
16810,5.53125,-0.2314065396785736,-0.02604763172566891,0.034997873567044736,0.0,0.09595015086233616,-0.17233325466513633,-0.2314065396785736
16820,4.53125,-0.23553892970085144,-0.03050582353025675,0.039750279299914835,0.0,0.09731112457811833,-0.17313982918858528,-0.23553892970085144
16830,5.53125,-0.2285844385623932,-0.03181275427341461,0.023920279182493686,0.0,0.09607306607067585,-0.17404160052537918,-0.2285844385623932
16840,5.53125,-0.2227156013250351,-0.03428660780191421,0.043490640446543695,0.0,0.09591766148805618,-0.17310562878847122,-0.2227156013250351
16850,5.40625,-0.2293374389410019,-0.0338008351624012,0.017882475350052118,0.0,0.09625141918659211,-0.17444125488400458,-0.2293374389410019
16860,5.375,-0.22537603974342346,-0.026691183261573315,0.03796737678349018,0.0,0.09710791930556298,-0.17273033559322357,-0.22537603974342346
16870,5.46875,-0.23414677381515503,-0.028405558969825506,0.05589306466281414,0.0,0.09860450811684132,-0.1718288205564022,-0.23414677381515503
16880,4.84375,-0.22446569800376892,-0.022604404017329216,0.013317488506436348,0.0,0.09859131723642349,-0.17104623839259148,-0.22446569800376892
16890,5.1875,-0.22734303772449493,-0.03707236293703318,0.06441511027514935,0.0,0.09948802888393402,-0.17180441468954086,-0.22734303772449493
16900,5.46875,-0.22528263926506042,-0.031035593152046202,0.032414037920534614,0.0,0.09916211515665055,-0.17114467844367026,-0.22528263926506042
16910,5.03125,-0.22686615586280823,-0.021263265796005727,0.04477119501680136,0.0,0.10007467418909073,-0.17111390009522437,-0.22686615586280823
16920,5.5,-0.23525647819042206,-0.02922237627208233,0.04043005406856537,0.0,0.0983673881739378,-0.17110485285520555,-0.23525647819042206
16930,5.40625,-0.22439388930797577,-0.03474273821339011,0.04354592394083738,0.0,0.09873164258897305,-0.1719142809510231,-0.22439388930797577
16940,5.5625,-0.23184427618980408,-0.03371643591672182,0.01586092747747898,0.0,0.10066881366074085,-0.1718062460422516,-0.23184427618980408
16950,5.34375,-0.22998321056365967,-0.028957177698612214,0.021794010512530805,0.0,0.10081527195870876,-0.16943881064653396,-0.22998321056365967
16960,5.625,-0.22918707132339478,-0.027631742879748344,0.03328171595931053,0.0,0.10053525678813457,-0.16962553411722184,-0.22918707132339478
16970,5.5,-0.22526651620864868,-0.03230516598559916,0.03191587962210178,0.0,0.09980499893426895,-0.16949465200304986,-0.22526651620864868
16980,5.375,-0.22380410134792328,-0.03865378014743328,0.027087333612143993,0.0,0.10045939460396766,-0.1696418344974518,-0.22380410134792328
16990,5.0625,-0.2409549504518509,-0.03543588072061539,0.04832060784101486,0.0,0.09986159689724446,-0.172262342274189,-0.2409549504518509
17000,6.15625,-0.21928778290748596,-0.028205771185457706,0.013509075623005629,0.0,0.10046790912747383,-0.16939102113246918,-0.21928778290748596
17010,5.75,-0.22154605388641357,-0.032198918610811235,0.04052664302289486,0.0,0.09973773434758186,-0.17005128115415574,-0.22154605388641357
17020,5.5625,-0.21986404061317444,-0.030055354814976454,0.010096872970461846,0.0,0.09974807351827622,-0.16977747529745102,-0.21986404061317444
17030,5.8125,-0.22454191744327545,-0.028371819108724595,0.018638048507273196,0.0,0.0992121696472168,-0.17053946629166603,-0.22454191744327545
17040,5.40625,-0.23016603291034698,-0.031347878463566306,0.05131425224244594,0.0,0.09964028224349022,-0.16912637501955033,-0.23016603291034698
17050,4.96875,-0.2331259399652481,-0.028417565487325193,0.012581642158329487,0.0,0.1005216047167778,-0.1686259426176548,-0.2331259399652481
17060,5.6875,-0.21929755806922913,-0.03133929679170251,0.023090274445712565,0.0,0.10161667317152023,-0.16860655173659325,-0.21929755806922913
17070,4.0625,-0.24120287597179413,-0.023819448426365852,0.023767906799912454,0.0,0.1004861731082201,-0.16978170350193977,-0.24120287597179413
17080,5.5,-0.22847002744674683,-0.03062862977385521,0.029086385294795035,0.0,0.10025823414325714,-0.17126688733696938,-0.22847002744674683
17090,5.15625,-0.22209422290325165,-0.036464153230190276,0.03950079474598169,0.0,0.09992505349218846,-0.1701665587723255,-0.22209422290325165
17100,5.3125,-0.23071813583374023,-0.029199506714940072,0.03775438535958529,0.0,0.10020080357789993,-0.1698939695954323,-0.23071813583374023
17110,5.03125,-0.23624205589294434,-0.03518855720758438,0.06888978369534016,0.0,0.10057023912668228,-0.1698079600930214,-0.23624205589294434
17120,5.0625,-0.23606136441230774,-0.02905559875071049,0.029242769442498685,0.0,0.10164460949599743,-0.16918948590755462,-0.23606136441230774
17130,5.4375,-0.22808685898780823,-0.02435138188302517,0.016732041724026203,0.0,0.10104973278939725,-0.16944382190704346,-0.22808685898780823
17140,5.1875,-0.2309299111366272,-0.03316754633560777,0.030293668247759344,0.0,0.10221370793879032,-0.16888744235038758,-0.2309299111366272
17150,5.59375,-0.2307249903678894,-0.028361201100051404,0.03863270580768585,0.0,0.10078004337847232,-0.16994012147188187,-0.2307249903678894
17160,6.1875,-0.2278151959180832,-0.021785029117017983,0.02011919319629669,0.0,0.1010743711143732,-0.16971514150500297,-0.2278151959180832
17170,5.90625,-0.22823566198349,-0.030824087373912335,0.018936194479465485,0.0,0.10160045810043812,-0.16893351078033447,-0.22823566198349
17180,6.34375,-0.22072401642799377,-0.024015152268111704,0.024748639948666096,0.0,0.10125023238360882,-0.16919770389795302,-0.22072401642799377
17190,5.1875,-0.2250186800956726,-0.03248926531523466,0.04537773653864861,0.0,0.1024966586381197,-0.16799988001585006,-0.2250186800956726
17200,5.71875,-0.22081822156906128,-0.029118369892239572,0.03310007601976395,0.0,0.10121379457414151,-0.168374103307724,-0.22081822156906128
17210,4.875,-0.23365122079849243,-0.03527044104412198,0.034134114161133766,0.0,0.10190772525966167,-0.16995395570993424,-0.23365122079849243
17220,4.90625,-0.2257872372865677,-0.027618138724938034,0.03405366875231266,0.0,0.10149898752570152,-0.1684292770922184,-0.2257872372865677
17230,5.59375,-0.2283925563097,-0.027029171865433455,0.037672809511423114,0.0,0.10159330107271672,-0.16952382326126098,-0.2283925563097
17240,4.78125,-0.24002939462661743,-0.026788936369121073,0.02414782028645277,0.0,0.10224872455000877,-0.1698097310960293,-0.24002939462661743
17250,5.6875,-0.22135674953460693,-0.03175259381532669,0.020976617746055127,0.0,0.1015244998037815,-0.1685559019446373,-0.22135674953460693
17260,4.90625,-0.23574572801589966,-0.03224409744143486,0.016258568316698075,0.0,0.10160506106913089,-0.1689797028899193,-0.23574572801589966
17270,5.71875,-0.2296457588672638,-0.034940379299223424,0.030347399413585663,0.0,0.10269284248352051,-0.16803764179348946,-0.2296457588672638
17280,5.0625,-0.23038989305496216,-0.029146652668714523,0.03361019846051931,0.0,0.10351502299308776,-0.1680098943412304,-0.23038989305496216
17290,5.625,-0.21781274676322937,-0.022339415550231934,0.054851261898875237,0.0,0.10344463884830475,-0.16926226541399955,-0.21781274676322937
17300,5.8125,-0.21574953198432922,-0.030200930126011372,0.03038827292621136,0.0,0.10389257557690143,-0.16702304780483246,-0.21574953198432922
17310,5.28125,-0.2293398678302765,-0.022834989614784716,0.029172917176038028,0.0,0.10349967069923878,-0.1678818792104721,-0.2293398678302765
17320,5.09375,-0.22716078162193298,-0.028674749284982683,0.01603549998253584,0.0,0.10272089466452598,-0.16951847523450853,-0.22716078162193298
17330,4.9375,-0.2269112765789032,-0.02748534018173814,0.03201504312455654,0.0,0.10374455489218234,-0.16645108982920648,-0.2269112765789032
17340,5.34375,-0.23068702220916748,-0.027943510189652444,0.02974128033965826,0.0,0.10307178683578969,-0.16888678446412086,-0.23068702220916748
17350,5.1875,-0.2362150400876999,-0.028710230998694897,0.02858305526897311,0.0,0.10360634103417396,-0.16815807819366455,-0.2362150400876999
17360,5.46875,-0.23416510224342346,-0.024961456842720508,0.025556413643062114,0.0,0.10280626676976681,-0.16807250455021858,-0.23416510224342346
17370,5.71875,-0.2154647707939148,-0.019659113325178623,0.02284129839390516,0.0,0.10271107293665409,-0.16779088899493216,-0.2154647707939148
17380,5.75,-0.22512489557266235,-0.0329726118594408,0.03373526409268379,0.0,0.10380446650087834,-0.1685944117605686,-0.22512489557266235
17390,5.0625,-0.22540932893753052,-0.02806510990485549,0.02477066731080413,0.0,0.10192517749965191,-0.16965308636426926,-0.22540932893753052
17400,6.375,-0.22892963886260986,-0.024362793006002904,0.01995927607640624,0.0,0.10192908979952335,-0.17124534249305726,-0.22892963886260986
17410,4.9375,-0.220284104347229,-0.033648266643285754,0.037661267817020415,0.0,0.1031174648553133,-0.16738784536719323,-0.220284104347229
17420,5.28125,-0.2185162603855133,-0.031701873429119586,0.020314435102045537,0.0,0.10298826359212399,-0.16796713396906854,-0.2185162603855133
17430,4.46875,-0.22585608065128326,-0.02504482911899686,0.04542068727314472,0.0,0.10271711088716984,-0.16761434823274612,-0.22585608065128326
17440,5.84375,-0.21765580773353577,-0.03289753571152687,0.02899653948843479,0.0,0.10357848927378654,-0.16957196965813637,-0.21765580773353577
17450,5.53125,-0.21598030626773834,-0.029135292395949364,0.034725312143564224,0.0,0.10238866321742535,-0.16858452185988426,-0.21598030626773834
17460,6.03125,-0.22456014156341553,-0.03416518494486809,0.02661718837916851,0.0,0.10336578711867332,-0.16981270387768746,-0.22456014156341553
17470,4.96875,-0.22561514377593994,-0.03014142084866762,0.03036199975758791,0.0,0.10409756191074848,-0.169728534668684,-0.22561514377593994
17480,5.78125,-0.22522953152656555,-0.02970512621104717,0.029160509817302227,0.0,0.10233663916587829,-0.16930847987532616,-0.22522953152656555
17490,5.625,-0.21902203559875488,-0.026991544291377068,0.01861402839422226,0.0,0.10404200106859207,-0.17010766863822938,-0.21902203559875488
17500,6.0,-0.23350319266319275,-0.028284887224435805,0.03979258723556996,0.0,0.1050059899687767,-0.1672379828989506,-0.23350319266319275
17510,5.78125,-0.2251720279455185,-0.028627820871770383,0.0374332444742322,0.0,0.10365297980606555,-0.1675271511077881,-0.2251720279455185
17520,5.0625,-0.23198464512825012,-0.022870183549821378,0.024019333254545926,0.0,0.10343054756522178,-0.17037996128201485,-0.23198464512825012
17530,5.25,-0.22215813398361206,-0.030726931989192963,0.009278206015005707,0.0,0.10475185848772525,-0.16758740842342376,-0.22215813398361206
17540,5.875,-0.22207951545715332,-0.02508415812626481,0.013569875620305538,0.0,0.10405668243765831,-0.1684549108147621,-0.22207951545715332
17550,5.5625,-0.22891314327716827,-0.027631012350320817,0.008797156577929854,0.0,0.10574010275304317,-0.1662103846669197,-0.22891314327716827
17560,5.78125,-0.22531037032604218,-0.03065851852297783,0.0538765475153923,0.0,0.10367724522948266,-0.16689916774630548,-0.22531037032604218
17570,5.625,-0.23018154501914978,-0.029568360280245544,0.04570019952952862,0.0,0.10548469722270966,-0.16728472262620925,-0.23018154501914978
17580,4.5,-0.22525696456432343,-0.02800204837694764,0.06064867563545704,0.0,0.10579824969172477,-0.16642650812864304,-0.22525696456432343
17590,5.375,-0.21546293795108795,-0.03586642509326339,0.035324777476489544,0.0,0.10398044288158417,-0.1664850279688835,-0.21546293795108795
17600,5.5625,-0.21746137738227844,-0.03478621356189251,0.03404725193977356,0.0,0.10589157380163669,-0.1667921483516693,-0.21746137738227844
17610,6.03125,-0.2189657986164093,-0.034513453021645546,0.031081020832061768,0.0,0.10377010591328144,-0.16941630467772484,-0.2189657986164093
17620,6.03125,-0.23331113159656525,-0.023724883422255517,0.047789642587304115,0.0,0.10569806247949601,-0.1667481206357479,-0.23331113159656525
17630,5.125,-0.22660228610038757,-0.030235470086336137,0.032890568301081655,0.0,0.1049887839704752,-0.16777953132987022,-0.22660228610038757
17640,4.15625,-0.22693674266338348,-0.024851730559021235,0.03266698494553566,0.0,0.10465097352862358,-0.16673469617962838,-0.22693674266338348
17650,5.03125,-0.2246093899011612,-0.027045087516307832,0.03425134215503931,0.0,0.10571052469313144,-0.16709307357668876,-0.2246093899011612
17660,6.0625,-0.2337239533662796,-0.022311123088002205,0.026947224885225295,0.0,0.10449357926845551,-0.16846503168344498,-0.2337239533662796
17670,5.4375,-0.22213758528232574,-0.03251988645642996,0.03491402100771666,0.0,0.10456517785787582,-0.16770167648792267,-0.22213758528232574
17680,6.0,-0.22291910648345947,-0.026802332326769828,0.021278055384755135,0.0,0.10628785453736782,-0.16750314980745315,-0.22291910648345947
17690,4.75,-0.22759082913398743,-0.028157865069806574,0.028008854202926158,0.0,0.10595141053199768,-0.167447517067194,-0.22759082913398743
17700,6.875,-0.22799041867256165,-0.025796995125710966,0.02822025157511234,0.0,0.10597189292311668,-0.1685821570456028,-0.22799041867256165
17710,5.875,-0.22829140722751617,-0.03189891017973423,0.022054117172956467,0.0,0.10694863349199295,-0.16602328345179557,-0.22829140722751617
17720,5.46875,-0.22584205865859985,-0.026813660003244876,0.06727831065654755,0.0,0.10634107664227485,-0.16640781611204147,-0.22584205865859985
17730,5.96875,-0.22487390041351318,-0.02808263525366783,0.026854036934673788,0.0,0.10558880567550659,-0.1673599161207676,-0.22487390041351318
17740,5.9375,-0.24161165952682495,-0.03203641343861818,0.0350053671747446,0.0,0.10683562234044075,-0.16610971838235855,-0.24161165952682495
17750,4.625,-0.2307036817073822,-0.03265053238719702,0.027512115053832532,0.0,0.10663467012345791,-0.16571001559495926,-0.2307036817073822
17760,4.6875,-0.22398032248020172,-0.03537590093910694,0.04506049491465092,0.0,0.10601417236030101,-0.16604233384132386,-0.22398032248020172
17770,5.1875,-0.22383436560630798,-0.032420684583485126,0.023768804408609866,0.0,0.10731588900089264,-0.16476260051131247,-0.22383436560630798
17780,5.25,-0.21912162005901337,-0.026723475474864245,0.023030842281877996,0.0,0.10693694911897182,-0.16671530902385712,-0.21912162005901337
17790,5.75,-0.21503451466560364,-0.02498604916036129,0.023454604670405388,0.0,0.10738312527537346,-0.1636948712170124,-0.21503451466560364
17800,5.40625,-0.2289803922176361,-0.038077572267502545,0.04395562466233969,0.0,0.10782397016882897,-0.16564132422208785,-0.2289803922176361
17810,4.34375,-0.22529053688049316,-0.033255673572421075,0.014308655820786952,0.0,0.10738973692059517,-0.1651251956820488,-0.22529053688049316
17820,5.65625,-0.2263532280921936,-0.024220306240022183,0.026493870094418524,0.0,0.1071075089275837,-0.1657709538936615,-0.2263532280921936
17830,5.28125,-0.22110410034656525,-0.03361060470342636,0.04648263864219189,0.0,0.10736395157873631,-0.16486201882362367,-0.22110410034656525
17840,5.3125,-0.2190271019935608,-0.02494176272302866,0.02542329840362072,0.0,0.10877544283866883,-0.16312824934720993,-0.2190271019935608
17850,5.90625,-0.2298402190208435,-0.029487140476703644,0.02809799574315548,0.0,0.10912392549216747,-0.16408063918352128,-0.2298402190208435
17860,4.875,-0.21930232644081116,-0.027010501921176912,0.038788157515227795,0.0,0.10804462134838104,-0.1640031158924103,-0.21930232644081116
17870,5.15625,-0.2203218936920166,-0.03491411451250315,0.025206870399415493,0.0,0.10798170007765293,-0.16517491564154624,-0.2203218936920166
17880,4.6875,-0.2301953136920929,-0.0331887723878026,0.03132989648729563,0.0,0.10858802385628223,-0.16407054737210275,-0.2301953136920929
17890,5.375,-0.20446202158927917,-0.022301639895886183,0.02649083286523819,0.0,0.1092463206499815,-0.16249218806624413,-0.20446202158927917
17900,5.78125,-0.2237997055053711,-0.03186430335044861,0.025921124126762153,0.0,0.10910120718181134,-0.16352646574378013,-0.2237997055053711
17910,5.53125,-0.22669008374214172,-0.033594508096575736,0.040061278454959395,0.0,0.1089976154267788,-0.16203976348042487,-0.22669008374214172
17920,5.625,-0.21842089295387268,-0.026630492694675923,0.02664464935660362,0.0,0.11121574267745019,-0.163339826464653,-0.21842089295387268
17930,5.25,-0.2213934063911438,-0.027239116840064526,0.04251647479832173,0.0,0.1096994262188673,-0.1622660055756569,-0.2213934063911438
17940,5.09375,-0.2171459048986435,-0.03158017434179783,0.03090116810053587,0.0,0.10914392545819282,-0.1627971760928631,-0.2171459048986435
17950,6.21875,-0.21479998528957367,-0.029895811341702938,0.03120622765272856,0.0,0.10903703980147839,-0.16427109614014626,-0.21479998528957367
17960,5.5,-0.21882572770118713,-0.030555732455104588,0.022111077792942524,0.0,0.10914849899709225,-0.16274623870849608,-0.21882572770118713
17970,5.875,-0.21772947907447815,-0.024168571643531322,0.029546681977808475,0.0,0.10762980058789254,-0.16456793397665023,-0.21772947907447815
17980,5.40625,-0.2248678207397461,-0.03157130312174559,0.024922482296824457,0.0,0.109301782771945,-0.16321086883544922,-0.2248678207397461
17990,5.4375,-0.21656064689159393,-0.03028156831860542,0.021024920418858527,0.0,0.11109242103993892,-0.16214716881513597,-0.21656064689159393
18000,5.84375,-0.22054189443588257,-0.02649037428200245,0.011110688652843237,0.0,0.11057257689535618,-0.16277510151267052,-0.22054189443588257
18010,5.21875,-0.22704702615737915,-0.03462987560778856,0.06252276673913001,0.0,0.10989187136292458,-0.1645449310541153,-0.22704702615737915
18020,5.65625,-0.21575391292572021,-0.03437739945948124,0.03173805586993694,0.0,0.11079276502132415,-0.16129376292228698,-0.21575391292572021
18030,4.71875,-0.22901828587055206,-0.030239026248455047,0.045688896998763086,0.0,0.10860670246183872,-0.1636396110057831,-0.22901828587055206
18040,4.9375,-0.21824237704277039,-0.03049048110842705,0.057262152805924414,0.0,0.11065090037882327,-0.1629404455423355,-0.21824237704277039
18050,6.0,-0.20556186139583588,-0.0258860875852406,0.05071803368628025,0.0,0.10936782583594322,-0.16184333860874175,-0.20556186139583588
18060,4.46875,-0.2312525361776352,-0.03251417446881533,0.059140310436487195,0.0,0.11007671020925044,-0.16254791393876075,-0.2312525361776352
18070,5.8125,-0.22600825130939484,-0.02628234336152673,0.033199256472289565,0.0,0.10959439724683762,-0.16346474066376687,-0.22600825130939484
18080,5.40625,-0.22106680274009705,-0.026960659213364123,0.044363558292388916,0.0,0.11012936495244503,-0.16248873099684716,-0.22106680274009705
18090,5.34375,-0.2193816900253296,-0.02473672656342387,0.04365007169544697,0.0,0.10988051928579808,-0.16386345028877258,-0.2193816900253296
18100,5.1875,-0.21917974948883057,-0.03184278579428792,0.035923688858747485,0.0,0.11013940535485744,-0.16165639832615852,-0.21917974948883057
18110,5.3125,-0.22435885667800903,-0.0320927694439888,0.017032873723655938,0.0,0.10964420959353446,-0.16353967264294625,-0.22435885667800903
18120,4.875,-0.22277113795280457,-0.028300741128623484,0.035565739311277864,0.0,0.10995196588337422,-0.1617381490767002,-0.22277113795280457
18130,5.84375,-0.2245408296585083,-0.018352351430803538,0.02352534206584096,0.0,0.10981115438044071,-0.16420279815793037,-0.2245408296585083
18140,5.65625,-0.22130906581878662,-0.026967127062380313,0.01070739389397204,0.0,0.10937678143382072,-0.1617939829826355,-0.22130906581878662
18150,5.53125,-0.23007120192050934,-0.030926447734236716,0.04984455853700638,0.0,0.10845958702266216,-0.16489224806427955,-0.23007120192050934
18160,5.1875,-0.2202349156141281,-0.02918079700320959,0.015108915697783231,0.0,0.10958501026034355,-0.1631401836872101,-0.2202349156141281
18170,5.125,-0.21857216954231262,-0.022385972552001476,0.027256131544709204,0.0,0.10953969433903694,-0.16439928710460663,-0.21857216954231262
18180,6.6875,-0.22221305966377258,-0.03041043784469366,0.040329869464039804,0.0,0.11077296622097492,-0.16379874870181083,-0.22221305966377258
18190,4.8125,-0.21640914678573608,-0.028354601841419934,0.037822195515036586,0.0,0.1105644829571247,-0.16213297769427298,-0.21640914678573608
18200,5.53125,-0.22013890743255615,-0.026828290428966284,0.04111879263073206,0.0,0.10993702746927739,-0.16313112676143646,-0.22013890743255615
18210,5.125,-0.21944469213485718,-0.0287335691973567,0.03598400577902794,0.0,0.11002826020121574,-0.16313496232032776,-0.21944469213485718
18220,4.90625,-0.22306926548480988,-0.029460302926599978,0.029990695975720884,0.0,0.11070195026695728,-0.16262376755476,-0.22306926548480988
18230,5.375,-0.229411780834198,-0.02546464428305626,0.03784514348953962,0.0,0.10904785059392452,-0.16439389139413835,-0.229411780834198
18240,4.75,-0.22052626311779022,-0.025988002261146902,0.029315934516489506,0.0,0.10804487802088261,-0.16466047540307044,-0.22052626311779022
18250,5.3125,-0.22289355099201202,-0.025541905499994754,0.037418235838413236,0.0,0.10821987129747868,-0.16506742015480996,-0.22289355099201202
18260,4.5625,-0.2269744724035263,-0.028018748201429845,0.05434232018887997,0.0,0.10875733643770218,-0.1636449657380581,-0.2269744724035263
18270,4.84375,-0.22076362371444702,-0.02941444152966142,0.04424686934798956,0.0,0.10905400924384594,-0.1644747033715248,-0.22076362371444702
18280,6.125,-0.22386668622493744,-0.02412895020097494,0.01096255537122488,0.0,0.1084138035774231,-0.16569640561938287,-0.22386668622493744
18290,4.8125,-0.23337875306606293,-0.025401634722948076,0.007638278231024742,0.0,0.10831928253173828,-0.16561556234955788,-0.23337875306606293
18300,4.4375,-0.22643646597862244,-0.025330411829054357,0.030206630751490594,0.0,0.10730584636330605,-0.16406591087579728,-0.22643646597862244
18310,6.09375,-0.20996303856372833,-0.02359520345926285,0.037817174755036834,0.0,0.1069577008485794,-0.16669075861573218,-0.20996303856372833
18320,4.625,-0.23246264457702637,-0.029285240918397903,0.02287945505231619,0.0,0.1083893246948719,-0.1657412901520729,-0.23246264457702637
18330,5.21875,-0.2307288646697998,-0.025831356085836886,0.015586973074823618,0.0,0.10769584774971008,-0.16453266963362695,-0.2307288646697998
18340,5.125,-0.21979834139347076,-0.0346180148422718,0.04033714570105076,0.0,0.10952018797397614,-0.16317143067717552,-0.21979834139347076
18350,5.28125,-0.22857393324375153,-0.0281002102419734,0.006654440145939589,0.0,0.10921793356537819,-0.16495809704065323,-0.22857393324375153
18360,5.3125,-0.2173173427581787,-0.026578543707728386,0.04242310002446174,0.0,0.10997420959174634,-0.16207235455513,-0.2173173427581787
18370,4.78125,-0.22615744173526764,-0.0270781472325325,0.013452845998108387,0.0,0.11067972294986247,-0.16435064375400543,-0.22615744173526764
18380,5.21875,-0.21156573295593262,-0.02598967794328928,0.015836648549884556,0.0,0.10996136032044887,-0.16335402876138688,-0.21156573295593262
18390,5.9375,-0.2232956737279892,-0.028670815099030734,0.030487443320453167,0.0,0.11157363913953304,-0.1633819743990898,-0.2232956737279892
18400,4.96875,-0.22247040271759033,-0.017444991134107114,0.037000014632940295,0.0,0.11062798425555229,-0.16107965931296347,-0.22247040271759033
18410,5.21875,-0.22756384313106537,-0.02686774590983987,0.027714636363089084,0.0,0.11267834529280663,-0.16086484044790267,-0.22756384313106537
18420,6.21875,-0.21647757291793823,-0.025289829447865488,0.027185838855803012,0.0,0.11108128242194652,-0.1624436065554619,-0.21647757291793823
18430,6.25,-0.21823593974113464,-0.03124956088140607,0.021278885006904603,0.0,0.11038038395345211,-0.16315261796116828,-0.21823593974113464
18440,5.375,-0.2177397608757019,-0.0230268687941134,0.02614377234131098,0.0,0.10989381112158299,-0.16251350790262223,-0.2177397608757019
18450,5.6875,-0.21030199527740479,-0.023907736781984566,0.027251140400767326,0.0,0.11024788208305836,-0.16380592659115792,-0.21030199527740479
18460,5.0625,-0.2271682620048523,-0.021790128853172063,0.022495081834495067,0.0,0.1103424720466137,-0.16395109742879868,-0.2271682620048523
18470,5.34375,-0.22117707133293152,-0.02513295952230692,0.021319906879216432,0.0,0.11055091805756093,-0.16191643923521043,-0.22117707133293152
18480,6.0625,-0.2119060754776001,-0.02850890243425965,0.02713705413043499,0.0,0.11092834286391735,-0.16479379162192345,-0.2119060754776001
18490,4.8125,-0.22541265189647675,-0.03478564266115427,0.020303840935230254,0.0,0.10998845100402832,-0.16316896975040435,-0.22541265189647675
18500,5.625,-0.2264675796031952,-0.016713805869221686,0.011900640139356256,0.0,0.11055816560983658,-0.16464791372418403,-0.2264675796031952
18510,4.96875,-0.23028001189231873,-0.02069746982306242,0.043930051103234294,0.0,0.11031006462872028,-0.16319069415330886,-0.23028001189231873
18520,5.25,-0.21309566497802734,-0.03144776299595833,0.029897685907781125,0.0,0.11135181449353695,-0.16247137263417244,-0.21309566497802734
18530,5.09375,-0.23170995712280273,-0.026040028128772975,0.03158394247293472,0.0,0.11177404075860978,-0.16319835036993027,-0.23170995712280273
18540,5.21875,-0.21295790374279022,-0.03319366089999676,0.04212368652224541,0.0,0.10914248824119568,-0.1634215608239174,-0.21295790374279022
18550,5.28125,-0.23043543100357056,-0.03307344261556864,0.030172869376838208,0.0,0.11060445755720139,-0.16329421401023864,-0.23043543100357056
18560,5.4375,-0.21513870358467102,-0.02362891398370266,0.04075174443423748,0.0,0.11230328902602196,-0.16216836124658585,-0.21513870358467102
18570,5.21875,-0.22984111309051514,-0.02796806376427412,0.006917095510289073,0.0,0.1119752511382103,-0.16298365965485573,-0.22984111309051514
18580,5.25,-0.2227662205696106,-0.027437826991081236,0.03255368527024984,0.0,0.11326190792024135,-0.16088809221982955,-0.2227662205696106
18590,5.25,-0.2173497974872589,-0.027835084684193136,0.02433838341385126,0.0,0.11340935118496417,-0.16176709532737732,-0.2173497974872589
18600,5.4375,-0.22093015909194946,-0.029581907019019128,0.030791843496263026,0.0,0.1129598643630743,-0.1610789641737938,-0.22093015909194946
18610,5.875,-0.2235400676727295,-0.027477674186229706,0.04335243664681911,0.0,0.1113482240587473,-0.1627385213971138,-0.2235400676727295
18620,5.65625,-0.22141709923744202,-0.028378308564424515,0.04211869575083256,0.0,0.11226501017808914,-0.16233492270112038,-0.22141709923744202
18630,4.90625,-0.22440209984779358,-0.027766334265470503,0.02914857938885689,0.0,0.11135828047990799,-0.1623837575316429,-0.22440209984779358
18640,4.59375,-0.22158119082450867,-0.022267500497400762,0.01036188523285091,0.0,0.11206266693770886,-0.1603932186961174,-0.22158119082450867
18650,4.8125,-0.2297132909297943,-0.03157124221324921,0.03532608952373266,0.0,0.11230696439743042,-0.1614354893565178,-0.2297132909297943
18660,5.59375,-0.21591323614120483,-0.027193666249513627,0.021884032897651194,0.0,0.11319643259048462,-0.16113662272691726,-0.21591323614120483
18670,5.59375,-0.22077274322509766,-0.031009271368384363,0.04963100180029869,0.0,0.11238480210304261,-0.16120232716202737,-0.22077274322509766
18680,5.40625,-0.2222968339920044,-0.02569129578769207,0.029343581944704055,0.0,0.11100313700735569,-0.16246033161878587,-0.2222968339920044
18690,5.21875,-0.21652010083198547,-0.02134745316579938,0.05107075199484825,0.0,0.1126923143863678,-0.1613273561000824,-0.21652010083198547
18700,5.90625,-0.21585407853126526,-0.03396402029320598,0.03221483863890171,0.0,0.11214061565697193,-0.16239884123206139,-0.21585407853126526
18710,5.03125,-0.2183547466993332,-0.036325964517891406,0.0314266225323081,0.0,0.11267737857997417,-0.16175831854343414,-0.2183547466993332
18720,5.96875,-0.22100871801376343,-0.028984825871884824,0.030191842839121817,0.0,0.11462224908173084,-0.16111186742782593,-0.22100871801376343
18730,5.71875,-0.21459591388702393,-0.029035887122154234,0.03727332688868046,0.0,0.11305114515125751,-0.15985548943281175,-0.21459591388702393
18740,5.375,-0.21811601519584656,-0.027786071319133042,0.050223284773528575,0.0,0.11274699829518794,-0.1606980763375759,-0.21811601519584656
18750,5.21875,-0.22096332907676697,-0.02457318566739559,0.015387370623648167,0.0,0.11143678054213524,-0.16173113957047464,-0.22096332907676697
18760,5.8125,-0.21290940046310425,-0.035862337425351144,0.013772538397461176,0.0,0.11287104114890098,-0.16272498965263366,-0.21290940046310425
18770,5.40625,-0.22179575264453888,-0.02537005180492997,0.024670016020536423,0.0,0.11146295666694642,-0.16247795894742012,-0.22179575264453888
18780,5.09375,-0.228094220161438,-0.027143682725727557,0.031999831274151805,0.0,0.11225487552583217,-0.16274708658456802,-0.228094220161438
18790,5.5,-0.22920115292072296,-0.02004463244229555,0.031536228768527505,0.0,0.11109132803976536,-0.16311205103993415,-0.22920115292072296
18800,4.96875,-0.22820264101028442,-0.02900861781090498,0.019709140807390214,0.0,0.11290510073304176,-0.16200772523880005,-0.22820264101028442
18810,6.1875,-0.2117004245519638,-0.026394955068826675,0.023530520871281622,0.0,0.11152949258685112,-0.16206197217106819,-0.2117004245519638
18820,5.03125,-0.2218349426984787,-0.02483136998489499,0.016378378309309483,0.0,0.11186256892979145,-0.1622302584350109,-0.2218349426984787
18830,5.46875,-0.21866199374198914,-0.022464791499078273,0.02291205693036318,0.0,0.11270064301788807,-0.16111383214592934,-0.21866199374198914
18840,5.375,-0.21633534133434296,-0.032868510112166405,0.01760051753371954,0.0,0.11288643442094326,-0.16177689284086227,-0.21633534133434296
18850,5.9375,-0.21858425438404083,-0.027312689833343028,0.0371677327901125,0.0,0.11350394934415817,-0.16074708923697473,-0.21858425438404083
18860,5.34375,-0.22321383655071259,-0.036879298463463786,0.0328796798363328,0.0,0.11340467408299446,-0.1608923725783825,-0.22321383655071259
18870,5.34375,-0.21567708253860474,-0.02949206791818142,0.015870609879493715,0.0,0.11264007054269314,-0.16118186935782433,-0.21567708253860474
18880,5.90625,-0.2146797776222229,-0.02303068768233061,0.020701168291270732,0.0,0.11286002583801746,-0.1612144649028778,-0.2146797776222229
18890,4.8125,-0.21853308379650116,-0.02741182018071413,0.04094720482826233,0.0,0.11250614561140537,-0.16181738153100014,-0.21853308379650116
18900,4.96875,-0.21735727787017822,-0.028895274642854928,0.021612203679978848,0.0,0.11372894383966922,-0.15986285209655762,-0.21735727787017822
18910,5.71875,-0.21409517526626587,-0.03325657043606043,0.01899021491408348,0.0,0.11398163661360741,-0.1603182390332222,-0.21409517526626587
18920,5.5,-0.2227661907672882,-0.029801793862134218,0.07859088853001595,0.0,0.11381301917135715,-0.16204837188124657,-0.2227661907672882
18930,5.25,-0.23212957382202148,-0.024890801310539244,0.03380500487983227,0.0,0.11344529427587986,-0.1626088134944439,-0.23212957382202148
18940,6.09375,-0.21401889622211456,-0.03040829226374626,0.041420525126159194,0.0,0.1149702336639166,-0.15978512018918992,-0.21401889622211456
18950,5.34375,-0.21913780272006989,-0.03264369429089129,0.025368077866733073,0.0,0.114226583391428,-0.1607738360762596,-0.21913780272006989
18960,5.25,-0.21516111493110657,-0.022036022413522004,0.020565727818757297,0.0,0.1133981205523014,-0.15992797687649726,-0.21516111493110657
18970,5.625,-0.21855443716049194,-0.030021215043962,0.061453099548816684,0.0,0.11492393612861633,-0.16205125749111177,-0.21855443716049194
18980,5.25,-0.2121647149324417,-0.02185822557657957,0.031454851664602754,0.0,0.1132732555270195,-0.16034604460000992,-0.2121647149324417
18990,5.59375,-0.2198934555053711,-0.027444578241556883,0.05497576966881752,0.0,0.11555358842015266,-0.15964477583765985,-0.2198934555053711
19000,6.21875,-0.21314449608325958,-0.029112087190151216,0.030806293338537218,0.0,0.11547959111630916,-0.1609139285981655,-0.21314449608325958
19010,5.46875,-0.20930252969264984,-0.025499941129237414,0.02090848870575428,0.0,0.11349391974508763,-0.1618735522031784,-0.20930252969264984
19020,5.59375,-0.21824775636196136,-0.026547808665782213,0.03629452437162399,0.0,0.11454572640359402,-0.16155466362833976,-0.21824775636196136
19030,4.96875,-0.23170989751815796,-0.03056821394711733,0.05090458430349827,0.0,0.11388543657958508,-0.1624981090426445,-0.23170989751815796
19040,5.1875,-0.2200874537229538,-0.027246768213808538,0.06083804033696651,0.0,0.1150506354868412,-0.16100269109010695,-0.2200874537229538
19050,5.3125,-0.21434468030929565,-0.017975598573684692,0.019356438517570497,0.0,0.11505088694393635,-0.1600310944020748,-0.21434468030929565
19060,5.3125,-0.22084912657737732,-0.024473044462502,0.03734156396239996,0.0,0.11404389441013336,-0.16269742846488952,-0.22084912657737732
19070,5.65625,-0.22370195388793945,-0.030155081301927567,0.055287500470876695,0.0,0.11346065811812878,-0.16209064275026322,-0.22370195388793945
19080,5.71875,-0.22322934865951538,-0.030309686437249184,0.03181968815624714,0.0,0.11321013197302818,-0.1644271969795227,-0.22322934865951538
19090,4.9375,-0.23056267201900482,-0.029915544018149377,0.0430934963747859,0.0,0.11227631904184818,-0.16479753479361534,-0.23056267201900482
19100,5.15625,-0.22456413507461548,-0.03150782659649849,0.04004254601895809,0.0,0.11325951218605042,-0.16283595487475394,-0.22456413507461548
19110,5.0,-0.2205718755722046,-0.03306696023792029,0.019586573354899883,0.0,0.11150834262371064,-0.1647614508867264,-0.2205718755722046
19120,6.0625,-0.22367623448371887,-0.03503084294497967,0.06485207080841064,0.0,0.11344152912497521,-0.16289637088775635,-0.22367623448371887
19130,4.625,-0.2260776162147522,-0.03089081747457385,0.025712041929364205,0.0,0.1141503032296896,-0.16387198641896247,-0.2260776162147522
19140,5.21875,-0.22060039639472961,-0.02205008817836642,0.021974906045943498,0.0,0.11388015188276768,-0.16085944473743438,-0.22060039639472961
19150,5.21875,-0.21508260071277618,-0.032266038935631514,0.0402179267257452,0.0,0.11343226693570614,-0.1628786988556385,-0.21508260071277618
19160,5.0625,-0.23208311200141907,-0.024067460745573043,0.012552063772454857,0.0,0.11375354006886482,-0.16451344043016433,-0.23208311200141907
19170,5.28125,-0.21330124139785767,-0.03894338887184858,0.02404586561024189,0.0,0.11284762658178807,-0.16076360866427422,-0.21330124139785767
19180,4.90625,-0.22007879614830017,-0.035731532238423826,0.011992492247372866,0.0,0.11562073938548564,-0.16041853055357932,-0.22007879614830017
19190,6.03125,-0.20758700370788574,-0.029781507141888142,0.04659964125603437,0.0,0.11386656388640404,-0.16429423466324805,-0.20758700370788574
19200,5.6875,-0.22518938779830933,-0.026165355695411563,0.02469044178724289,0.0,0.11405295580625534,-0.16334343701601028,-0.22518938779830933
19210,4.96875,-0.22131295502185822,-0.030793794058263303,0.043333004042506215,0.0,0.11586593613028526,-0.16320067420601844,-0.22131295502185822
19220,4.875,-0.22354656457901,-0.030676716659218072,0.023971931263804435,0.0,0.11439182981848717,-0.16413274630904198,-0.22354656457901
19230,5.75,-0.21183860301971436,-0.029667434655129908,0.020917064510285854,0.0,0.11588979586958885,-0.1610114775598049,-0.21183860301971436
19240,5.46875,-0.21176892518997192,-0.030466793291270732,0.023424285650253295,0.0,0.11693280786275864,-0.16077643185853957,-0.21176892518997192
19250,6.5625,-0.2199525535106659,-0.02503653592430055,0.02884390130639076,0.0,0.11676401495933533,-0.15844963118433952,-0.2199525535106659
19260,5.34375,-0.2259719967842102,-0.015198473259806633,0.019384738896042107,0.0,0.11570861414074898,-0.16055831015110017,-0.2259719967842102
19270,5.125,-0.21869173645973206,-0.028398397378623486,0.039113419502973555,0.0,0.11603608317673206,-0.15930216610431672,-0.21869173645973206
19280,5.375,-0.2213210165500641,-0.0337253900244832,0.04861568734049797,0.0,0.11742602773010731,-0.15989833250641822,-0.2213210165500641
19290,4.90625,-0.2242918312549591,-0.03138725180178881,0.024251342564821244,0.0,0.11791503205895423,-0.1582203060388565,-0.2242918312549591
19300,5.9375,-0.22062179446220398,-0.030787407699972392,0.03992020599544048,0.0,0.11615657359361649,-0.1605311818420887,-0.22062179446220398
19310,5.34375,-0.21902021765708923,-0.038329606503248216,0.011829423438757657,0.0,0.11592799946665763,-0.1586494602262974,-0.21902021765708923
19320,5.84375,-0.21935021877288818,-0.031577599979937074,0.037481896206736566,0.0,0.11557292863726616,-0.1613118626177311,-0.21935021877288818
19330,5.65625,-0.21496298909187317,-0.026762160798534752,0.02410175744444132,0.0,0.1152599073946476,-0.15905416756868362,-0.21496298909187317
19340,4.65625,-0.2242441475391388,-0.03950140401721001,0.05418290160596371,0.0,0.11467667073011398,-0.15947644114494325,-0.2242441475391388
19350,5.875,-0.2212432622909546,-0.032701815478503704,0.029784547723829748,0.0,0.11540407761931419,-0.1620912954211235,-0.2212432622909546
19360,5.71875,-0.22529351711273193,-0.030640222132205963,0.0135500717908144,0.0,0.11626082062721252,-0.16001160964369773,-0.22529351711273193
19370,4.21875,-0.2291586548089981,-0.033847521245479587,0.009890437638387085,0.0,0.11571653038263321,-0.1618830755352974,-0.2291586548089981
19380,5.21875,-0.21109695732593536,-0.02922642696648836,0.02269956674426794,0.0,0.11832290440797806,-0.15789230465888976,-0.21109695732593536
19390,4.8125,-0.21718385815620422,-0.03181556616909802,0.01737876543775201,0.0,0.11789114214479923,-0.15919807851314544,-0.21718385815620422
19400,5.53125,-0.22373516857624054,-0.008346351701766253,0.01575509216636419,0.0,0.11610960327088833,-0.160823056101799,-0.22373516857624054
19410,5.3125,-0.21836167573928833,-0.023690021969377993,0.045206090435385704,0.0,0.1160367913544178,-0.1608966402709484,-0.21836167573928833
19420,5.65625,-0.2114798128604889,-0.029017910361289978,0.023323064669966698,0.0,0.1175105918198824,-0.1591554008424282,-0.2114798128604889
19430,5.21875,-0.22898739576339722,-0.03249206580221653,0.061499552056193355,0.0,0.11808103173971177,-0.1621299810707569,-0.22898739576339722
19440,5.4375,-0.2159285545349121,-0.020411783829331398,0.03956313841044903,0.0,0.11855455711483956,-0.15759377479553222,-0.2159285545349121
19450,5.21875,-0.2086518406867981,-0.022038461454212666,0.02567564118653536,0.0,0.11828972175717353,-0.15925539284944534,-0.2086518406867981
19460,5.375,-0.21038219332695007,-0.028242135234177113,0.017267340887337924,0.0,0.11786757744848728,-0.15984953865408896,-0.21038219332695007
19470,4.9375,-0.21638944745063782,-0.03304439899511635,0.023839057050645353,0.0,0.11755412891507148,-0.15862641856074333,-0.21638944745063782
19480,5.4375,-0.21304702758789062,-0.027001143991947175,0.052632208541035654,0.0,0.11818864308297634,-0.15821838676929473,-0.21304702758789062
19490,4.90625,-0.2209009975194931,-0.026704978290945293,0.01179697373881936,0.0,0.11828895732760429,-0.15851310044527053,-0.2209009975194931
19500,5.0,-0.21671560406684875,-0.022870820388197897,0.02543726023286581,0.0,0.11781585812568665,-0.1589309275150299,-0.21671560406684875
19510,5.6875,-0.21370849013328552,-0.02623998448252678,0.02044052053242922,0.0,0.11789150573313237,-0.1586379662156105,-0.21370849013328552
19520,5.40625,-0.21767359972000122,-0.025044675357639788,0.01823546513915062,0.0,0.11905444338917733,-0.15839282646775246,-0.21767359972000122
19530,5.375,-0.21762973070144653,-0.023324759863317012,0.0382981488481164,0.0,0.1195233840495348,-0.15695486962795258,-0.21762973070144653
19540,5.3125,-0.2252139151096344,-0.022950955387204885,0.03054132405668497,0.0,0.11927922591567039,-0.1589916951954365,-0.2252139151096344
19550,5.09375,-0.2196786105632782,-0.02672282690182328,0.029183382354676723,0.0,0.11823294423520565,-0.15852574333548547,-0.2196786105632782
19560,5.96875,-0.22910094261169434,-0.029568920098245143,0.011486923228949309,0.0,0.118477613478899,-0.15898627191781997,-0.22910094261169434
19570,4.78125,-0.22823992371559143,-0.026872554421424867,0.02262121709063649,0.0,0.1194700077176094,-0.1585153393447399,-0.22823992371559143
19580,4.78125,-0.2164827585220337,-0.02979773674160242,0.0315390057861805,0.0,0.1179396841675043,-0.16017428562045097,-0.2164827585220337
19590,5.375,-0.21336020529270172,-0.02471888642758131,0.013264922145754098,0.0,0.11994059048593045,-0.15867484584450722,-0.21336020529270172
19600,5.625,-0.22225718200206757,-0.024582781083881854,0.015218081139028072,0.0,0.11934486068785191,-0.1589491508901119,-0.22225718200206757
19610,5.0,-0.22400633990764618,-0.022627581283450125,0.038330639526247975,0.0,0.11813289001584053,-0.15770183876156807,-0.22400633990764618
19620,5.96875,-0.21431052684783936,-0.034093860723078254,0.03254902642220259,0.0,0.12138831615447998,-0.1575544945895672,-0.21431052684783936
19630,4.96875,-0.22487491369247437,-0.03298990549519658,0.01148137841373682,0.0,0.11872142031788827,-0.15794417411088943,-0.22487491369247437
19640,5.15625,-0.2109164148569107,-0.027471335185691715,0.04679524712264538,0.0,0.11976615972816944,-0.15718590393662452,-0.2109164148569107
19650,5.0,-0.20533093810081482,-0.030806078854948283,0.025056294072419404,0.0,0.12024718746542931,-0.15706273466348647,-0.20533093810081482
19660,5.21875,-0.21685059368610382,-0.04098037518560886,0.0501637764275074,0.0,0.119292725995183,-0.15837016105651855,-0.21685059368610382
19670,5.03125,-0.2185814380645752,-0.032419967278838155,0.03379326593130827,0.0,0.11814541518688201,-0.15725595131516457,-0.2185814380645752
19680,6.40625,-0.22080647945404053,-0.024219829216599466,0.03275820277631283,0.0,0.11998289413750171,-0.15883950069546698,-0.22080647945404053
19690,5.6875,-0.22212854027748108,-0.028719980269670486,0.035995890758931635,0.0,0.11857925653457642,-0.15836867466568946,-0.22212854027748108
19700,4.9375,-0.21589189767837524,-0.032738346792757514,0.024907243065536024,0.0,0.12059773057699204,-0.15805111601948738,-0.21589189767837524
19710,5.65625,-0.22048355638980865,-0.030875424295663832,0.0407804898917675,0.0,0.11881636790931224,-0.15671954974532126,-0.22048355638980865
19720,6.40625,-0.21628816425800323,-0.03395936684682965,0.03234173655509949,0.0,0.11904829107224942,-0.1585433527827263,-0.21628816425800323
19730,5.5,-0.2113385945558548,-0.02442073030397296,0.03946011234074831,0.0,0.11703931130468845,-0.15832002460956573,-0.2113385945558548
19740,5.375,-0.21635040640830994,-0.025252363458275796,0.01629747301340103,0.0,0.11825317442417145,-0.16015563681721687,-0.21635040640830994
19750,4.84375,-0.22564934194087982,-0.033176083117723465,0.027856243215501307,0.0,0.11859159544110298,-0.1588734470307827,-0.22564934194087982
19760,6.21875,-0.20617681741714478,-0.025234929844737054,0.03072777409106493,0.0,0.11680358462035656,-0.16069837734103204,-0.20617681741714478
19770,4.875,-0.20985856652259827,-0.021727179177105427,0.022221530601382256,0.0,0.1180214375257492,-0.1592444024980068,-0.20985856652259827
19780,5.53125,-0.2142191082239151,-0.03126060124486685,0.028998647443950178,0.0,0.117894471809268,-0.15941076800227166,-0.2142191082239151
19790,4.53125,-0.22329844534397125,-0.03139989152550697,0.030166519246995448,0.0,0.11743573136627675,-0.1609200656414032,-0.22329844534397125
19800,5.375,-0.21645104885101318,-0.024118831381201744,0.015458973310887813,0.0,0.11759989373385907,-0.16075385436415673,-0.21645104885101318
19810,4.8125,-0.21877515316009521,-0.025613893195986746,0.023579331673681737,0.0,0.11826384477317334,-0.1582583136856556,-0.21877515316009521
19820,5.3125,-0.2094314694404602,-0.03138484004884958,0.020378314331173895,0.0,0.11876588873565197,-0.15778769105672835,-0.2094314694404602
19830,5.71875,-0.21101534366607666,-0.02723965346813202,0.04615169484168291,0.0,0.11947417892515659,-0.15739453211426735,-0.21101534366607666
19840,5.625,-0.21064959466457367,-0.021224086452275515,0.025233635678887367,0.0,0.1192923378199339,-0.1573665775358677,-0.21064959466457367
19850,5.6875,-0.21672067046165466,-0.02226860895752907,0.05372504815459252,0.0,0.11849084906280041,-0.15894643887877463,-0.21672067046165466
19860,5.71875,-0.2178593873977661,-0.02534995274618268,0.052643391862511636,0.0,0.11845916211605072,-0.15815564468503,-0.2178593873977661
19870,5.09375,-0.20390895009040833,-0.030800693668425083,0.028578466922044753,0.0,0.11906541250646115,-0.1582169122993946,-0.20390895009040833
19880,5.5,-0.21298536658287048,-0.019596631173044443,0.04781328607350588,0.0,0.1190290454775095,-0.15931488797068596,-0.21298536658287048
19890,5.53125,-0.20586848258972168,-0.02425503861159086,0.04256972596049309,0.0,0.11926515288650989,-0.1575850524008274,-0.20586848258972168
19900,5.5625,-0.21451586484909058,-0.027639746945351363,0.04368613138794899,0.0,0.12050959169864654,-0.15750507190823554,-0.21451586484909058
19910,6.15625,-0.21379804611206055,-0.02665252862498164,0.04655148908495903,0.0,0.1200763687491417,-0.15595538169145584,-0.21379804611206055
19920,5.28125,-0.2233545035123825,-0.024399218149483204,0.01868545599281788,0.0,0.11870406828820705,-0.1593568168580532,-0.2233545035123825
19930,6.71875,-0.2030746340751648,-0.02845726776868105,0.055916256830096246,0.0,0.1182280533015728,-0.15912989303469657,-0.2030746340751648
19940,4.84375,-0.22736816108226776,-0.025907205790281294,0.02538692932575941,0.0,0.1188928209245205,-0.15941041335463524,-0.22736816108226776
19950,5.40625,-0.21257051825523376,-0.036390733812004326,0.050518155470490454,0.0,0.11965825110673904,-0.15793256387114524,-0.21257051825523376
19960,5.40625,-0.2097584307193756,-0.02462410181760788,0.04508433416485787,0.0,0.11895426288247109,-0.15998303294181823,-0.2097584307193756
19970,5.625,-0.21146735548973083,-0.02649965472519398,0.010533897718414665,0.0,0.11923730820417404,-0.15766813158988952,-0.21146735548973083
19980,5.90625,-0.20681999623775482,-0.029630790557712318,0.02776041831821203,0.0,0.11907152086496353,-0.15971002876758575,-0.20681999623775482
19990,7.09375,-0.20937427878379822,-0.021019762102514505,0.043820859864354134,0.0,0.11951853670179843,-0.15786525458097458,-0.20937427878379822
20000,5.75,-0.22198083996772766,-0.02806795546784997,0.035493856854736806,0.0,0.11960514634847641,-0.15909920260310173,-0.22198083996772766
20010,5.75,-0.22004392743110657,-0.025019144266843797,0.04982639588415623,0.0,0.1191697958856821,-0.15600068271160125,-0.22004392743110657
20020,5.53125,-0.20923815667629242,-0.03400286184623837,0.04374315850436687,0.0,0.12017604410648346,-0.15810809656977654,-0.20923815667629242
20030,6.1875,-0.20112621784210205,-0.032281246548518536,0.016508911829441787,0.0,0.12019906751811504,-0.1560448721051216,-0.20112621784210205
20040,5.84375,-0.213014617562294,-0.02842263923957944,0.03976820558309555,0.0,0.11990306563675404,-0.1582035280764103,-0.213014617562294
20050,5.03125,-0.21270063519477844,-0.031046285666525363,0.022143499180674552,0.0,0.11959822177886963,-0.15759426355361938,-0.21270063519477844
20060,4.75,-0.22431711852550507,-0.027615153789520265,0.012373834382742643,0.0,0.11924076825380325,-0.15911806374788284,-0.22431711852550507
20070,5.46875,-0.21725942194461823,-0.025507912784814835,0.026715945079922677,0.0,0.11979524344205857,-0.15797798559069634,-0.21725942194461823
20080,6.15625,-0.21938177943229675,-0.026622431259602307,0.0338301807641983,0.0,0.12075774855911732,-0.15737868696451188,-0.21938177943229675
20090,5.25,-0.21065396070480347,-0.027099135052412748,0.008990617515519262,0.0,0.11996522061526775,-0.15760476440191268,-0.21065396070480347
20100,5.5,-0.21196535229682922,-0.02552880309522152,0.018549987860023976,0.0,0.12040562555193901,-0.15678926780819893,-0.21196535229682922
20110,6.40625,-0.20677679777145386,-0.031843943521380424,0.028424274176359177,0.0,0.1200645562261343,-0.15663975328207017,-0.20677679777145386
20120,5.3125,-0.21724802255630493,-0.021976881474256516,0.03709065429866314,0.0,0.12049897909164428,-0.1584754206240177,-0.21724802255630493
20130,5.46875,-0.22219708561897278,-0.01680817184969783,0.029626200348138808,0.0,0.11945338919758797,-0.1587461106479168,-0.22219708561897278
20140,5.15625,-0.21946148574352264,-0.02184108751825988,0.04514914974570274,0.0,0.12056658081710339,-0.15659923776984214,-0.21946148574352264
20150,5.4375,-0.21120168268680573,-0.032260956894606355,0.023348048329353333,0.0,0.12069974429905414,-0.15762124806642533,-0.21120168268680573
20160,4.65625,-0.2181527316570282,-0.03538929373025894,0.049374043568968774,0.0,0.12017022855579854,-0.1574878454208374,-0.2181527316570282
20170,4.9375,-0.21234014630317688,-0.03517988678067922,0.06416917815804482,0.0,0.12271100282669067,-0.15686719194054605,-0.21234014630317688
20180,5.65625,-0.21375831961631775,-0.023828876204788685,0.03480721209198236,0.0,0.12166790515184403,-0.15651191845536233,-0.21375831961631775
20190,5.3125,-0.22066271305084229,-0.027476959209889174,0.030036181584000586,0.0,0.12034204378724098,-0.15667966827750207,-0.22066271305084229
20200,5.28125,-0.21997366845607758,-0.02124714432284236,0.025430042669177054,0.0,0.12063952349126339,-0.15743477046489715,-0.21997366845607758
20210,5.25,-0.21622037887573242,-0.0300625984556973,0.061934028193354605,0.0,0.12001311033964157,-0.15812766775488854,-0.21622037887573242
20220,4.5,-0.2241818606853485,-0.030733641143888234,0.03728768341243267,0.0,0.11914528347551823,-0.16015243530273438,-0.2241818606853485
20230,6.40625,-0.21377190947532654,-0.02868674471974373,0.04567024074494839,0.0,0.12021122463047504,-0.1582874670624733,-0.21377190947532654
20240,5.375,-0.21613293886184692,-0.025882766302675008,0.03168426658958197,0.0,0.12199045792222023,-0.15624528899788856,-0.21613293886184692
20250,4.71875,-0.2093251347541809,-0.026899544149637224,0.028593644499778748,0.0,0.12100364081561565,-0.15737494975328445,-0.2093251347541809
20260,5.25,-0.21628978848457336,-0.027898574806749822,0.046530599147081374,0.0,0.12204756289720535,-0.1584726244211197,-0.21628978848457336
20270,5.53125,-0.21716095507144928,-0.029879485443234443,0.03308477811515331,0.0,0.12174987681210041,-0.15617785826325417,-0.21716095507144928
20280,5.625,-0.21566475927829742,-0.02259730249643326,0.029152624867856504,0.0,0.1211629044264555,-0.15768179073929786,-0.21566475927829742
20290,4.46875,-0.22025012969970703,-0.02933303965255618,0.05398797392845154,0.0,0.12136935070157051,-0.1568726159632206,-0.22025012969970703
20300,5.375,-0.21632936596870422,-0.033012827020138504,0.01878517512232065,0.0,0.12253366000950336,-0.1570461191236973,-0.21632936596870422
20310,5.875,-0.21662911772727966,-0.03128941841423512,0.02995979189872742,0.0,0.12213791720569134,-0.15729499384760856,-0.21662911772727966
20320,6.03125,-0.21829068660736084,-0.020385347492992877,0.03963766861706972,0.0,0.12084968350827693,-0.15721869692206383,-0.21829068660736084
20330,5.0625,-0.21206414699554443,-0.022179155517369507,0.03262908179312944,0.0,0.12154490724205971,-0.15627387687563896,-0.21206414699554443
20340,5.5625,-0.2049238383769989,-0.026345968432724475,0.05962517000734806,0.0,0.12108222581446171,-0.15752751901745796,-0.2049238383769989
20350,6.1875,-0.21218708157539368,-0.017839163541793823,0.04036635123193264,0.0,0.1218641709536314,-0.15683040097355844,-0.21218708157539368
20360,5.1875,-0.22188687324523926,-0.025688561424613,0.028577890060842038,0.0,0.12199054099619389,-0.15667042285203933,-0.22188687324523926
20370,5.96875,-0.20309984683990479,-0.026688164472579955,0.04563522450625897,0.0,0.12233160063624382,-0.15577685981988906,-0.20309984683990479
20380,5.125,-0.21429577469825745,-0.03676035851240158,0.06758570186793804,0.0,0.12232078649103642,-0.1576808713376522,-0.21429577469825745
20390,5.15625,-0.21121424436569214,-0.023852421250194312,0.0538701631128788,0.0,0.1231294184923172,-0.15433583036065102,-0.21121424436569214
20400,5.3125,-0.20514045655727386,-0.024471874907612802,0.03236349392682314,0.0,0.1224436279386282,-0.15638036355376245,-0.20514045655727386
20410,5.71875,-0.2170659750699997,-0.020319388154894112,0.045503287389874456,0.0,0.12265756912529469,-0.15578813776373862,-0.2170659750699997
20420,6.125,-0.21115976572036743,-0.020966905634850264,0.04738567508757115,0.0,0.12283356934785843,-0.15644666999578477,-0.21115976572036743
20430,5.3125,-0.22534142434597015,-0.035974953323602676,0.015825997106730938,0.0,0.12246530391275882,-0.1580494150519371,-0.22534142434597015
20440,4.875,-0.21852067112922668,-0.022967540286481382,0.027745248563587666,0.0,0.12220179364085197,-0.15625208467245102,-0.21852067112922668
20450,5.96875,-0.21620941162109375,-0.03388032102957368,0.04534275196492672,0.0,0.1221513044089079,-0.1582013837993145,-0.21620941162109375
20460,5.0,-0.21559545397758484,-0.03315568994730711,0.020434278529137373,0.0,0.12101781480014324,-0.15804463922977446,-0.21559545397758484
20470,4.96875,-0.2212602198123932,-0.031752458587288854,0.02788363806903362,0.0,0.1242100678384304,-0.1545299082994461,-0.2212602198123932
20480,5.65625,-0.2154218852519989,-0.033347498159855604,0.01491994671523571,0.0,0.12177028469741344,-0.15583834275603295,-0.2154218852519989
20490,5.21875,-0.21847645938396454,-0.02651691483333707,0.038828269392251966,0.0,0.12136387415230274,-0.1558750994503498,-0.21847645938396454
20500,4.78125,-0.21255990862846375,-0.02981225587427616,0.048527083918452264,0.0,0.12228745482861995,-0.15785973370075226,-0.21255990862846375
20510,5.25,-0.219904363155365,-0.03197467159479857,0.030687917582690717,0.0,0.12406570427119731,-0.15794119983911514,-0.219904363155365
20520,4.90625,-0.21003800630569458,-0.022465049102902413,0.013142478605732321,0.0,0.12123724557459355,-0.15621601343154906,-0.21003800630569458
20530,5.28125,-0.22010427713394165,-0.026822850108146667,0.028137730807065962,0.0,0.12423546425998211,-0.15546764358878135,-0.22010427713394165
20540,4.9375,-0.2146381139755249,-0.022163121215999126,0.00677759232930839,0.0,0.12386897876858712,-0.15609940364956856,-0.2146381139755249
20550,6.03125,-0.20358268916606903,-0.03985383789986372,0.04125814102590084,0.0,0.12361689507961274,-0.15463848114013673,-0.20358268916606903
20560,5.875,-0.21173787117004395,-0.031400217674672604,0.04201191402971745,0.0,0.12492082677781582,-0.15504036992788314,-0.21173787117004395
20570,6.875,-0.21571184694766998,-0.025991611555218695,0.02135073337703943,0.0,0.12338453456759453,-0.15649599581956863,-0.21571184694766998
20580,5.09375,-0.22051872313022614,-0.025479132682085036,0.0321522431448102,0.0,0.1243116982281208,-0.1553354375064373,-0.22051872313022614
20590,4.75,-0.21055127680301666,-0.02598186135292053,0.024633106403052808,0.0,0.12467017546296119,-0.1554190695285797,-0.21055127680301666
20600,5.28125,-0.2117626965045929,-0.03217565547674894,0.05813205167651177,0.0,0.12449654042720795,-0.15551690980792046,-0.2117626965045929
20610,5.4375,-0.20788341760635376,-0.02047771099023521,0.02735134894028306,0.0,0.12474223598837852,-0.1552467055618763,-0.20788341760635376
20620,6.375,-0.22113436460494995,-0.027565910294651986,0.020029584877192974,0.0,0.12410504631698131,-0.15558004900813102,-0.22113436460494995
20630,5.125,-0.226581871509552,-0.03305430253967643,0.0418875802308321,0.0,0.1232281494885683,-0.15598203465342522,-0.226581871509552
20640,5.53125,-0.196608304977417,-0.01884855879470706,0.04062656220048666,0.0,0.12261661887168884,-0.15419871509075164,-0.196608304977417
20650,4.6875,-0.21777431666851044,-0.017897121561691164,0.0368547597900033,0.0,0.12339200153946876,-0.1543963707983494,-0.21777431666851044
20660,5.28125,-0.20910748839378357,-0.02389457318931818,0.021615083701908587,0.0,0.1229792769998312,-0.1564166761934757,-0.20910748839378357
20670,4.875,-0.2219543755054474,-0.031310257688164714,0.02476461064070463,0.0,0.12352302446961402,-0.15560259893536568,-0.2219543755054474
20680,5.03125,-0.2139863669872284,-0.027429540548473595,0.030585069209337234,0.0,0.12435560040175915,-0.1560820497572422,-0.2139863669872284
20690,6.03125,-0.21412020921707153,-0.029711454827338456,0.02866735849529505,0.0,0.12393043003976345,-0.15602367296814917,-0.21412020921707153
20700,5.5,-0.22054967284202576,-0.03297089748084545,0.01952076032757759,0.0,0.12267845831811428,-0.15785796493291854,-0.22054967284202576
20710,5.5,-0.21244968473911285,-0.018398326076567172,0.037177208438515665,0.0,0.12483535818755627,-0.15668704360723495,-0.21244968473911285
20720,7.21875,-0.21241411566734314,-0.027195626683533192,0.032181591540575025,0.0,0.1248927928507328,-0.15609705448150635,-0.21241411566734314
20730,5.75,-0.21913543343544006,-0.03251084052026272,0.048320399969816206,0.0,0.12516818530857562,-0.15518163070082663,-0.21913543343544006
20740,4.875,-0.21890467405319214,-0.024460415914654733,0.011376149719581008,0.0,0.12435296587646008,-0.15531464666128159,-0.21890467405319214
20750,5.46875,-0.21043792366981506,-0.025360833015292884,0.04496524669229984,0.0,0.125033687800169,-0.1549503341317177,-0.21043792366981506
20760,5.65625,-0.2200072854757309,-0.03179207127541304,0.012014591135084629,0.0,0.1244700349867344,-0.15460157468914987,-0.2200072854757309
20770,4.59375,-0.2172415852546692,-0.028382539749145508,0.0414932657033205,0.0,0.12437181249260902,-0.15515306144952773,-0.2172415852546692
20780,5.59375,-0.20993676781654358,-0.023926582373678684,0.03777217380702495,0.0,0.12380210757255554,-0.15682536959648133,-0.20993676781654358
20790,6.28125,-0.20740550756454468,-0.022351093869656325,0.043455900996923445,0.0,0.1229474488645792,-0.15564559251070023,-0.20740550756454468
20800,5.71875,-0.21639253199100494,-0.01956511624157429,0.029837256483733653,0.0,0.12384764030575753,-0.1559547707438469,-0.21639253199100494
20810,4.6875,-0.22019726037979126,-0.033303245157003405,0.012433013971894979,0.0,0.12294190376996994,-0.15728483274579047,-0.22019726037979126
20820,5.53125,-0.20988473296165466,-0.03202908495441079,0.058075476065278055,0.0,0.12144920490682125,-0.1576739378273487,-0.20988473296165466
20830,5.84375,-0.21405529975891113,-0.02767773810774088,0.035038935206830504,0.0,0.12442872785031796,-0.1563944011926651,-0.21405529975891113
20840,6.625,-0.2151600420475006,-0.03365338230505586,0.01818586392328143,0.0,0.123327973857522,-0.15743720307946205,-0.2151600420475006
20850,5.84375,-0.20095232129096985,-0.03363631293177605,0.034271890111267564,0.0,0.12205025963485241,-0.15632227957248687,-0.20095232129096985
20860,5.65625,-0.22394195199012756,-0.024947978649288417,0.01771468073129654,0.0,0.12410735599696636,-0.1566417098045349,-0.22394195199012756
20870,5.5625,-0.20843413472175598,-0.01715222802013159,0.020469095557928085,0.0,0.12316647507250308,-0.15738480240106584,-0.20843413472175598
20880,5.65625,-0.20974615216255188,-0.03436737693846226,0.0259061262011528,0.0,0.12472023889422416,-0.15665475577116011,-0.20974615216255188
20890,4.9375,-0.21876540780067444,-0.024979927390813828,0.04663057886064052,0.0,0.12483141422271729,-0.15690591037273408,-0.21876540780067444
20900,5.5625,-0.2143828272819519,-0.009787707682698965,0.03587711565196514,0.0,0.12318313159048558,-0.156565173715353,-0.2143828272819519
20910,5.65625,-0.2117777019739151,-0.033788921497762206,0.008463687356561422,0.0,0.12503135949373245,-0.1561052180826664,-0.2117777019739151
20920,4.84375,-0.21962039172649384,-0.020868748240172864,0.025205971486866475,0.0,0.12312054373323918,-0.15725836306810378,-0.21962039172649384
20930,5.40625,-0.21328137814998627,-0.022636868339031935,0.025254249665886165,0.0,0.1249455314129591,-0.1561203606426716,-0.21328137814998627
20940,5.75,-0.20570898056030273,-0.024413203448057176,0.036698715202510356,0.0,0.12463525459170341,-0.1568433314561844,-0.20570898056030273
20950,4.9375,-0.21784350275993347,-0.02835592869669199,0.014684070646762849,0.0,0.12416460812091827,-0.15574502423405648,-0.21784350275993347
20960,5.03125,-0.21205735206604004,-0.027621756214648484,0.03363065496087074,0.0,0.12469000816345215,-0.1559722475707531,-0.21205735206604004
20970,5.9375,-0.213833749294281,-0.028258248418569564,0.03676225189119577,0.0,0.12398741468787193,-0.15867637544870378,-0.213833749294281
20980,6.03125,-0.22006869316101074,-0.027594620920717718,0.03210356179624796,0.0,0.12408588826656342,-0.15821508318185806,-0.22006869316101074
20990,4.09375,-0.22171522676944733,-0.026589068956673144,0.046502606570720674,0.0,0.12382478192448616,-0.15547597482800485,-0.22171522676944733
21000,6.28125,-0.2162477970123291,-0.023787463456392287,0.03180380146950483,0.0,0.12306606769561768,-0.1577213428914547,-0.2162477970123291
21010,4.15625,-0.22809092700481415,-0.026483812555670738,0.05213009305298329,0.0,0.12267661578953266,-0.15805033296346666,-0.22809092700481415
21020,4.96875,-0.22568893432617188,-0.027852193266153336,0.01743925753980875,0.0,0.12198301367461681,-0.159583730250597,-0.22568893432617188
21030,5.75,-0.21636611223220825,-0.027101644407957794,0.04380048736929894,0.0,0.12271927259862422,-0.15954886749386787,-0.21636611223220825
21040,6.375,-0.21334174275398254,-0.02428868319839239,0.015034539345651864,0.0,0.12199315130710602,-0.1594009779393673,-0.21334174275398254
21050,6.71875,-0.22404825687408447,-0.03231270015239716,0.02531855534762144,0.0,0.12269649133086205,-0.15797476470470428,-0.22404825687408447
21060,5.75,-0.2178102433681488,-0.03357959119603038,0.033019880391657354,0.0,0.12222682721912861,-0.15763265565037726,-0.2178102433681488
21070,5.0625,-0.2160765379667282,-0.03431251375004649,0.027715419977903367,0.0,0.12202097959816456,-0.15914289504289628,-0.2160765379667282
21080,5.65625,-0.21702101826667786,-0.027858125790953637,0.028705810196697712,0.0,0.12225380651652813,-0.1593208745121956,-0.21702101826667786
21090,5.09375,-0.21802610158920288,-0.030767435766756536,0.01729714749380946,0.0,0.12274999283254147,-0.1587151490151882,-0.21802610158920288
21100,5.4375,-0.21709927916526794,-0.02832432147115469,0.04044045973569155,0.0,0.12240993343293667,-0.15825243219733237,-0.21709927916526794
21110,5.65625,-0.209477961063385,-0.02472549807280302,0.02578131537884474,0.0,0.12335399612784385,-0.15712849870324136,-0.209477961063385
21120,5.84375,-0.21434062719345093,-0.02198132835328579,0.026514224708080292,0.0,0.12214601971209049,-0.15829083174467087,-0.21434062719345093
21130,6.34375,-0.22302979230880737,-0.02888237377628684,0.01936187194660306,0.0,0.12223966084420682,-0.16074196845293046,-0.22302979230880737
21140,4.9375,-0.22303730249404907,-0.025801943242549898,0.013473412860184908,0.0,0.12236779220402241,-0.15807931274175643,-0.22303730249404907
21150,5.875,-0.212132066488266,-0.030234901141375302,0.014556665066629648,0.0,0.12340197674930095,-0.15869998857378959,-0.212132066488266
21160,5.125,-0.2277255654335022,-0.03607778027653694,0.02240536203607917,0.0,0.12436574473977088,-0.15739919394254684,-0.2277255654335022
21170,5.125,-0.21242451667785645,-0.02656435463577509,0.04136199913918972,0.0,0.12245620116591453,-0.1575838327407837,-0.21242451667785645
21180,5.0625,-0.21166959404945374,-0.02734181992709637,0.0487264696508646,0.0,0.12359714135527611,-0.15753573179244995,-0.21166959404945374
21190,5.25,-0.21352910995483398,-0.024827738106250764,0.025485603883862496,0.0,0.12409369647502899,-0.15711581259965895,-0.21352910995483398
21200,5.0,-0.22354410588741302,-0.02662485232576728,0.021687473822385072,0.0,0.12300009205937386,-0.15870251134037971,-0.22354410588741302
21210,5.375,-0.20782312750816345,-0.029644645284861326,0.018261203542351723,0.0,0.12362553924322128,-0.1559707134962082,-0.20782312750816345
21220,4.625,-0.21062365174293518,-0.023868550173938276,0.04170944057404995,0.0,0.1255045473575592,-0.15532312020659447,-0.21062365174293518
21230,4.90625,-0.21732737123966217,-0.026776970736682414,0.036860380321741104,0.0,0.12465506568551063,-0.15589364171028136,-0.21732737123966217
21240,4.71875,-0.21465462446212769,-0.029778890311717987,0.027285404317080975,0.0,0.12418189495801926,-0.15702865570783614,-0.21465462446212769
21250,5.9375,-0.2075229287147522,-0.02610841952264309,0.035998099483549595,0.0,0.12327646277844906,-0.15813860222697257,-0.2075229287147522
21260,5.78125,-0.20425748825073242,-0.0293178528547287,0.054254287108778956,0.0,0.12385982424020767,-0.15939668491482734,-0.20425748825073242
21270,5.125,-0.22031763195991516,-0.030969627760350706,0.02606111075729132,0.0,0.12389548830687999,-0.15786401107907294,-0.22031763195991516
21280,4.90625,-0.21529825031757355,-0.03427974786609411,0.057181109115481375,0.0,0.12458192929625511,-0.1572152629494667,-0.21529825031757355
21290,5.46875,-0.21510913968086243,-0.030861893482506276,0.04091574940830469,0.0,0.12460379563271999,-0.15859208181500434,-0.21510913968086243
21300,5.84375,-0.21181529760360718,-0.03213848471641541,0.0509169589728117,0.0,0.12517922259867192,-0.1581636719405651,-0.21181529760360718
21310,6.09375,-0.2149493545293808,-0.027536519523710012,0.03483560960739851,0.0,0.12499233894050121,-0.1557665728032589,-0.2149493545293808
21320,5.71875,-0.2115069031715393,-0.023613242991268636,0.04675767868757248,0.0,0.1262391500174999,-0.15469250679016114,-0.2115069031715393
21330,6.6875,-0.2148822695016861,-0.008194181509315968,0.025889122765511273,0.0,0.12631346695125104,-0.15556800812482835,-0.2148822695016861
21340,5.28125,-0.21302418410778046,-0.025170349422842263,0.025511780567467213,0.0,0.1248573374003172,-0.1544352613389492,-0.21302418410778046
21350,5.53125,-0.22009515762329102,-0.035660631395876406,0.028534334152936935,0.0,0.1240896474570036,-0.15728676095604896,-0.22009515762329102
21360,5.875,-0.20532968640327454,-0.0342817991040647,0.04222418647259474,0.0,0.1251807387918234,-0.15727000385522844,-0.20532968640327454
21370,4.6875,-0.21268822252750397,-0.02880509737879038,0.024143095314502715,0.0,0.12652155049145222,-0.15555828511714936,-0.21268822252750397
21380,5.90625,-0.21222782135009766,-0.02598031535744667,0.042895962670445445,0.0,0.12649742141366005,-0.1563304580748081,-0.21222782135009766
21390,4.625,-0.2253880649805069,-0.02724886890500784,0.03573893439024687,0.0,0.12575569301843642,-0.15680591613054276,-0.2253880649805069
21400,5.78125,-0.20880162715911865,-0.023269644659012555,0.0343696104362607,0.0,0.12712178640067578,-0.1532392181456089,-0.20880162715911865
21410,3.59375,-0.21986782550811768,-0.033005206286907195,0.02815835438668728,0.0,0.12684102766215802,-0.15379648953676223,-0.21986782550811768
21420,4.75,-0.20963366329669952,-0.033330947533249854,0.022369763161987067,0.0,0.12724305912852288,-0.15396425276994705,-0.20963366329669952
21430,5.53125,-0.21043525636196136,-0.031128150830045342,0.03954537622630596,0.0,0.12714925967156887,-0.15424103513360024,-0.21043525636196136
21440,5.53125,-0.21558478474617004,-0.03528186473995447,0.05193622559309006,0.0,0.128502157330513,-0.15446346551179885,-0.21558478474617004
21450,6.65625,-0.20856915414333344,-0.02243232950568199,0.042140017822384836,0.0,0.12844521030783654,-0.15332580730319023,-0.20856915414333344
21460,5.5625,-0.20198668539524078,-0.019621191499754786,0.006634768703952432,0.0,0.1277952753007412,-0.1544691115617752,-0.20198668539524078
21470,5.3125,-0.20622606575489044,-0.018148785270750523,0.021104780677706002,0.0,0.12719072997570038,-0.15531713813543319,-0.20622606575489044
21480,4.8125,-0.21416962146759033,-0.02670949772000313,0.03714254200458526,0.0,0.12764843329787254,-0.15430600717663764,-0.21416962146759033
21490,5.96875,-0.21102949976921082,-0.030057282000780106,0.029495186172425747,0.0,0.12760470397770404,-0.15582678467035294,-0.21102949976921082
21500,5.71875,-0.20680871605873108,-0.02934965807944536,0.012712473515421152,0.0,0.12702334485948086,-0.15392532646656037,-0.20680871605873108
21510,5.5,-0.2070229947566986,-0.025456366874277592,0.029222772084176542,0.0,0.12791249044239522,-0.1553487002849579,-0.2070229947566986
21520,5.53125,-0.22400514781475067,-0.029837993532419206,0.02803992200642824,0.0,0.12784587927162647,-0.1559142254292965,-0.22400514781475067
21530,5.21875,-0.21577638387680054,-0.023682895861566067,0.014690208435058593,0.0,0.12859704941511155,-0.15575040876865387,-0.21577638387680054
21540,5.71875,-0.21269004046916962,-0.03225535061210394,0.02960461229085922,0.0,0.1290356546640396,-0.15380052700638772,-0.21269004046916962
21550,6.28125,-0.2094343602657318,-0.026903107389807702,0.08352969735860824,0.0,0.12845471650362014,-0.15465685203671456,-0.2094343602657318
21560,5.625,-0.22227425873279572,-0.02907643262296915,0.01725366380997002,0.0,0.1280364766716957,-0.15566503256559372,-0.22227425873279572
21570,5.59375,-0.21595025062561035,-0.03465608488768339,0.046273359656333925,0.0,0.12811903953552245,-0.15535967126488687,-0.21595025062561035
21580,5.9375,-0.22176848351955414,-0.03224060800857842,0.016190570965409278,0.0,0.12860463708639144,-0.15388271138072013,-0.22176848351955414
21590,5.28125,-0.20858976244926453,-0.01507567847147584,0.023115800879895686,0.0,0.12783371470868587,-0.1534925013780594,-0.20858976244926453
21600,5.59375,-0.2062511146068573,-0.02731377221643925,0.016791793704032897,0.0,0.127939061075449,-0.15504553765058518,-0.2062511146068573
21610,5.1875,-0.21961912512779236,-0.03220021091401577,0.0311212033033371,0.0,0.12866363003849984,-0.15593942478299141,-0.21961912512779236
21620,4.90625,-0.20761078596115112,-0.023581862356513737,0.018682782724499702,0.0,0.12740867473185064,-0.15451244488358498,-0.20761078596115112
21630,5.34375,-0.2150174081325531,-0.035975771583616735,0.07121088914573193,0.0,0.1289414454251528,-0.1532745376229286,-0.2150174081325531
21640,5.1875,-0.20815816521644592,-0.03302442114800215,0.03209026362746954,0.0,0.12829125821590423,-0.1539901874959469,-0.20815816521644592
21650,5.84375,-0.2082236260175705,-0.03432174678891897,0.09067328721284866,0.0,0.12878040969371796,-0.1536736711859703,-0.2082236260175705
21660,5.375,-0.2115735560655594,-0.02818022109568119,0.04446081817150116,0.0,0.12925995998084544,-0.15283559039235114,-0.2115735560655594
21670,5.59375,-0.21921929717063904,-0.026100954692810773,0.04697996973991394,0.0,0.12945828065276146,-0.1553832210600376,-0.21921929717063904
21680,5.28125,-0.21285328269004822,-0.019817253947257994,0.03327152486890554,0.0,0.1293369486927986,-0.1529615677893162,-0.21285328269004822
21690,5.125,-0.21734115481376648,-0.023816785588860512,0.04309364967048168,0.0,0.1296556532382965,-0.1556505762040615,-0.21734115481376648
21700,4.21875,-0.21845504641532898,-0.03362806234508753,0.027819185331463814,0.0,0.12823802866041661,-0.15523362457752227,-0.21845504641532898
21710,5.375,-0.2061792016029358,-0.024773721396923066,0.03328220471739769,0.0,0.1298906147480011,-0.15390343219041824,-0.2061792016029358
21720,5.3125,-0.21699753403663635,-0.0233377352822572,0.021627335622906686,0.0,0.13124358132481576,-0.1536601185798645,-0.21699753403663635
21730,4.84375,-0.21277204155921936,-0.01805527489632368,0.04532526470720768,0.0,0.12941240444779395,-0.1528045192360878,-0.21277204155921936
21740,4.4375,-0.21313020586967468,-0.03029040591791272,0.05040238369256258,0.0,0.12824762500822545,-0.1548589549958706,-0.21313020586967468
21750,5.09375,-0.2143292874097824,-0.02058377079665661,0.02239473108202219,0.0,0.12917889431118965,-0.15253803208470346,-0.2143292874097824
21760,5.0625,-0.20901760458946228,-0.021447456441819668,0.03614556863903999,0.0,0.1298561327159405,-0.15339861586689948,-0.20901760458946228
21770,5.09375,-0.20644161105155945,-0.021583092119544744,0.03367671500891447,0.0,0.12868335843086243,-0.15307303816080092,-0.20644161105155945
21780,5.1875,-0.21717338263988495,-0.03361344281584024,0.04490083269774914,0.0,0.12983604595065118,-0.15375397875905036,-0.21717338263988495
21790,5.15625,-0.21170982718467712,-0.026847437117248775,0.04964230954647064,0.0,0.12753270380198956,-0.15260269418358802,-0.21170982718467712
21800,5.6875,-0.21221940219402313,-0.029574356973171234,0.01975759407505393,0.0,0.1284958016127348,-0.15522702932357788,-0.21221940219402313
21810,5.90625,-0.2145974189043045,-0.03066899087280035,0.07459791749715805,0.0,0.12918451130390168,-0.15426151305437089,-0.2145974189043045
21820,5.75,-0.21111980080604553,-0.029692754754796623,0.015492395125329494,0.0,0.1298057273030281,-0.15251605734229087,-0.21111980080604553
21830,5.09375,-0.20697982609272003,-0.030156123079359533,0.02142426371574402,0.0,0.13075052350759506,-0.15294515192508698,-0.20697982609272003
21840,5.3125,-0.21491402387619019,-0.034706087037920955,0.025044995173811913,0.0,0.1288306951522827,-0.15396867841482162,-0.21491402387619019
21850,5.5625,-0.21316896378993988,-0.02869898439384997,0.02678361814469099,0.0,0.1298413671553135,-0.15377698764204978,-0.21316896378993988
21860,5.6875,-0.21349041163921356,-0.014323163405060768,0.017765565123409034,0.0,0.12967289313673974,-0.1526568979024887,-0.21349041163921356
21870,5.46875,-0.21281635761260986,-0.03160009048879146,0.03985038753598928,0.0,0.13024405837059022,-0.15303225740790366,-0.21281635761260986
21880,5.625,-0.21372804045677185,-0.034185164608061314,0.03961483407765627,0.0,0.13135053887963294,-0.15244401544332503,-0.21372804045677185
21890,6.4375,-0.19711773097515106,-0.02721471292898059,0.02891631368547678,0.0,0.12928497046232224,-0.15453815162181855,-0.19711773097515106
21900,4.84375,-0.21282371878623962,-0.03272854052484035,0.03478899765759706,0.0,0.12883584722876548,-0.15324835553765298,-0.21282371878623962
21910,4.71875,-0.20852522552013397,-0.0347305241972208,0.04029889032244682,0.0,0.13067355528473854,-0.153371100127697,-0.20852522552013397
21920,5.71875,-0.2077745795249939,-0.029906655475497246,0.02247911486774683,0.0,0.1317576490342617,-0.15184328630566596,-0.2077745795249939
21930,5.28125,-0.20850372314453125,-0.019621078856289387,0.0487968347966671,0.0,0.13089755922555923,-0.1524759016931057,-0.20850372314453125
21940,5.3125,-0.21166051924228668,-0.03165879100561142,0.046087219193577764,0.0,0.13066718280315398,-0.15430594384670257,-0.21166051924228668
21950,5.3125,-0.2054840624332428,-0.022646866086870433,0.039221175760030744,0.0,0.13029261976480483,-0.15458616912364959,-0.2054840624332428
21960,6.5,-0.21083128452301025,-0.02178828837350011,0.05198331773281097,0.0,0.13081052675843238,-0.1534503437578678,-0.21083128452301025
21970,5.1875,-0.2086675465106964,-0.023734681122004987,0.06042604483664036,0.0,0.13199006542563438,-0.14962917640805246,-0.2086675465106964
21980,5.84375,-0.20616430044174194,-0.03050179425626993,0.03242839947342872,0.0,0.13285449743270875,-0.14970097467303276,-0.20616430044174194
21990,5.96875,-0.20598161220550537,-0.029158782586455344,0.031843576952815054,0.0,0.13243732005357742,-0.15068096816539764,-0.20598161220550537
22000,5.1875,-0.21134939789772034,-0.016706167720258236,0.03066727388650179,0.0,0.13205966874957084,-0.15114077180624008,-0.21134939789772034
22010,4.8125,-0.20288118720054626,-0.018503470718860625,0.01986081525683403,0.0,0.13275272026658058,-0.1509449638426304,-0.20288118720054626
22020,6.34375,-0.19772332906723022,-0.022828110586851837,0.018426785990595818,0.0,0.13288972079753875,-0.1495812527835369,-0.19772332906723022
22030,6.0,-0.21855668723583221,-0.033827464655041696,0.0640118159353733,0.0,0.13265669271349906,-0.15196240842342376,-0.21855668723583221
22040,5.28125,-0.21299609541893005,-0.024941906332969666,0.03236254146322608,0.0,0.13295789435505867,-0.15124563425779342,-0.21299609541893005
22050,5.71875,-0.21215826272964478,-0.026560517959296703,0.0165504552423954,0.0,0.13418533951044082,-0.15202004536986352,-0.21215826272964478
22060,5.21875,-0.21642756462097168,-0.02873088773339987,0.07827870175242424,0.0,0.132858045399189,-0.1488698050379753,-0.21642756462097168
22070,5.78125,-0.21175052225589752,-0.026343797147274018,0.07670351192355156,0.0,0.13377578034996987,-0.15070590302348136,-0.21175052225589752
22080,5.125,-0.20726704597473145,-0.035262017697095874,0.028663027100265026,0.0,0.13408938869833947,-0.15050605610013007,-0.20726704597473145
22090,4.59375,-0.2126070261001587,-0.0328364746645093,0.0805352009832859,0.0,0.13401502072811128,-0.15131557136774063,-0.2126070261001587
22100,4.90625,-0.20662909746170044,-0.03517536148428917,0.08335936293005944,0.0,0.13361942395567894,-0.15014888420701028,-0.20662909746170044
22110,6.09375,-0.20545125007629395,-0.02049822178669274,0.04921093340963125,0.0,0.1334256924688816,-0.14911619275808335,-0.20545125007629395
22120,5.71875,-0.21170246601104736,-0.025060206837952136,0.022592326067388056,0.0,0.13363934233784674,-0.1500111810863018,-0.21170246601104736
22130,5.21875,-0.20842057466506958,-0.02797242533415556,0.04497101940214634,0.0,0.13393453434109687,-0.1509233072400093,-0.20842057466506958
22140,5.03125,-0.20183861255645752,-0.028269772045314313,0.029322387464344502,0.0,0.13257383853197097,-0.15062464773654938,-0.20183861255645752
22150,5.40625,-0.20245954394340515,-0.021178569179028273,0.025516197085380554,0.0,0.13426392525434494,-0.15069707334041596,-0.20245954394340515
22160,5.34375,-0.21077382564544678,-0.024602368660271167,0.0337835144251585,0.0,0.13340829089283943,-0.15075000002980232,-0.21077382564544678
22170,5.8125,-0.20982743799686432,-0.029886986408382655,0.040933695062994956,0.0,0.1334357775747776,-0.1515882521867752,-0.20982743799686432
22180,6.28125,-0.20038093626499176,-0.02382747456431389,0.04243587888777256,0.0,0.13389335796236992,-0.15105287954211236,-0.20038093626499176
22190,5.78125,-0.20177584886550903,-0.038231482915580275,0.029656186420470475,0.0,0.1343175671994686,-0.15057037323713302,-0.20177584886550903
22200,5.96875,-0.21201318502426147,-0.022338655032217502,0.047517769411206244,0.0,0.13325505703687668,-0.15319331735372543,-0.21201318502426147
22210,5.46875,-0.21291445195674896,-0.021611760929226877,0.044287264347076416,0.0,0.13278968632221222,-0.1501894198358059,-0.21291445195674896
22220,5.65625,-0.2021511197090149,-0.02208048216998577,0.042448054254055026,0.0,0.13340189680457115,-0.15074072703719138,-0.2021511197090149
22230,5.40625,-0.20262274146080017,-0.02498013935983181,0.04729525800794363,0.0,0.13272980153560637,-0.15147711113095283,-0.20262274146080017
22240,5.90625,-0.21101084351539612,-0.026946001313626768,0.07405003942549229,0.0,0.13378137573599816,-0.1514136992394924,-0.21101084351539612
22250,4.875,-0.20567263662815094,-0.036339182034134866,0.0342890340834856,0.0,0.13400766476988793,-0.14929425492882728,-0.20567263662815094
22260,4.5,-0.21172811090946198,-0.03204618152230978,0.017639986611902712,0.0,0.13432227075099945,-0.15025432258844376,-0.21172811090946198
22270,5.375,-0.2056460976600647,-0.025197264924645423,0.039175520464777944,0.0,0.13550414517521858,-0.14910180643200874,-0.2056460976600647
22280,5.21875,-0.20129431784152985,-0.01946601374074817,0.019031710736453534,0.0,0.13551334366202356,-0.14873474910855294,-0.20129431784152985
22290,6.21875,-0.1961161196231842,-0.025238144025206567,0.04101333320140839,0.0,0.13471987321972848,-0.1499571070075035,-0.1961161196231842
22300,5.4375,-0.20094305276870728,-0.026428070105612277,0.050333866849541664,0.0,0.13559410944581032,-0.14938268885016442,-0.20094305276870728
22310,5.21875,-0.21118807792663574,-0.031472980976104736,0.043237625062465666,0.0,0.13557965233922004,-0.14986614361405373,-0.21118807792663574
22320,5.625,-0.20536290109157562,-0.034703018702566625,0.04290875066071749,0.0,0.1350007899105549,-0.14827288314700127,-0.20536290109157562
22330,4.78125,-0.21706309914588928,-0.028465576842427252,0.032953052408993246,0.0,0.1348072148859501,-0.1495467357337475,-0.21706309914588928
22340,4.8125,-0.20787689089775085,-0.027468283660709858,0.03438083790242672,0.0,0.13497056141495706,-0.15092928484082221,-0.20787689089775085
22350,5.71875,-0.20658591389656067,-0.02680554296821356,0.019594322983175518,0.0,0.13484785929322243,-0.14892979711294174,-0.20658591389656067
22360,6.28125,-0.213099867105484,-0.023805542569607496,0.042404245026409625,0.0,0.13464113101363182,-0.15203568637371062,-0.213099867105484
22370,5.75,-0.2048807293176651,-0.022629287373274565,0.021142158191651106,0.0,0.13469049856066703,-0.14963661581277848,-0.2048807293176651
22380,5.0,-0.21468280255794525,-0.03028468694537878,0.06303469091653824,0.0,0.1344138950109482,-0.1515612594783306,-0.21468280255794525
22390,5.0625,-0.21120786666870117,-0.025455270940437914,0.04138983562588692,0.0,0.13540902882814407,-0.1489405319094658,-0.21120786666870117
22400,5.9375,-0.2005673199892044,-0.031110498681664468,0.03395893462002277,0.0,0.1353163205087185,-0.15123257413506508,-0.2005673199892044
22410,5.59375,-0.2126435488462448,-0.03089989386498928,0.015031538950279356,0.0,0.13276705592870713,-0.15266563445329667,-0.2126435488462448
22420,5.0625,-0.21166840195655823,-0.021235089376568796,0.04301060978323221,0.0,0.13330663740634918,-0.1512692742049694,-0.21166840195655823
22430,5.5625,-0.21898439526557922,-0.03706498295068741,0.09149616211652756,0.0,0.1347409352660179,-0.15122161507606507,-0.21898439526557922
22440,6.0625,-0.20200945436954498,-0.0226773489266634,0.059966760128736495,0.0,0.13483235239982605,-0.14961260482668876,-0.20200945436954498
22450,5.15625,-0.21347925066947937,-0.02878504674881697,0.050608533434569836,0.0,0.13437821865081787,-0.1508213184773922,-0.21347925066947937
22460,5.09375,-0.21963706612586975,-0.029646553099155426,0.060043803229928014,0.0,0.13346249759197235,-0.15255872160196304,-0.21963706612586975
22470,5.78125,-0.21725700795650482,-0.02626664051786065,0.017699293512851,0.0,0.13356953859329224,-0.15085049346089363,-0.21725700795650482
22480,5.21875,-0.20721666514873505,-0.02093582581728697,0.03965682983398437,0.0,0.13409337699413298,-0.15173762217164039,-0.20721666514873505
22490,5.0625,-0.20263591408729553,-0.030024475790560244,0.04237297847867012,0.0,0.1336740404367447,-0.1514454074203968,-0.20263591408729553
22500,5.4375,-0.20729388296604156,-0.03469715472310782,0.042476052232086656,0.0,0.13357627689838408,-0.15194406360387802,-0.20729388296604156
22510,5.53125,-0.20654281973838806,-0.027482331544160844,0.021763964742422103,0.0,0.13404574245214462,-0.15129040628671647,-0.20654281973838806
22520,4.9375,-0.20870384573936462,-0.03607667200267315,0.019305225089192392,0.0,0.13579826876521112,-0.15082545354962348,-0.20870384573936462
22530,5.59375,-0.20907047390937805,-0.03033677120693028,0.029125281050801276,0.0,0.13446580171585082,-0.15156040489673614,-0.20907047390937805
22540,5.78125,-0.2084675431251526,-0.03229065742343664,0.0615471713244915,0.0,0.13533014431595802,-0.1501905843615532,-0.2084675431251526
22550,6.0,-0.21377681195735931,-0.029039929062128066,0.03631823845207691,0.0,0.13592323139309884,-0.15042585954070092,-0.21377681195735931
22560,4.78125,-0.21676847338676453,-0.027350159641355277,0.056074469909071924,0.0,0.13525668233633042,-0.1487580232322216,-0.21676847338676453
22570,5.28125,-0.2018302083015442,-0.01921468898653984,0.10878675580024719,0.0,0.13462500348687173,-0.149831073731184,-0.2018302083015442
22580,5.84375,-0.2115384340286255,-0.030446323566138744,0.054435499012470245,0.0,0.13393035307526588,-0.15343405306339264,-0.2115384340286255
22590,5.09375,-0.20570579171180725,-0.03416142947971821,0.008554063783958555,0.0,0.133384320884943,-0.15010708570480347,-0.20570579171180725
22600,5.75,-0.20364826917648315,-0.02705934476107359,0.03486064430326223,0.0,0.13467095270752907,-0.1515643425285816,-0.20364826917648315
22610,4.46875,-0.2118740826845169,-0.03289355747401714,0.020557509362697603,0.0,0.13530946522951126,-0.15075757056474687,-0.2118740826845169
22620,5.625,-0.2034342885017395,-0.012226884625852108,0.023209451511502267,0.0,0.1353583186864853,-0.15009372383356095,-0.2034342885017395
22630,6.21875,-0.20341283082962036,-0.022372788935899734,0.03429594449698925,0.0,0.1339389994740486,-0.15171141624450685,-0.20341283082962036
22640,4.3125,-0.20981350541114807,-0.026734078489243984,0.02861799895763397,0.0,0.13508960604667664,-0.1489895299077034,-0.20981350541114807
22650,6.34375,-0.19703835248947144,-0.02604084014892578,0.04703496843576431,0.0,0.13385389372706413,-0.15053736940026283,-0.19703835248947144
22660,5.59375,-0.20828774571418762,-0.02375686801970005,0.03453943096101284,0.0,0.13488282188773154,-0.15230128467082976,-0.20828774571418762
22670,4.375,-0.21818888187408447,-0.03145468588918447,0.0362376369535923,0.0,0.13580574840307236,-0.15225496515631676,-0.21818888187408447
22680,5.0,-0.20867577195167542,-0.03227109871804714,0.019660492055118085,0.0,0.13550653010606767,-0.14999527409672736,-0.20867577195167542
22690,5.25,-0.2043060064315796,-0.0035088103264570235,0.02891474701464176,0.0,0.13507817685604095,-0.15110747814178466,-0.2043060064315796
22700,5.9375,-0.20820602774620056,-0.029077179729938507,0.030493666604161262,0.0,0.13531514182686805,-0.1517614684998989,-0.20820602774620056
22710,5.40625,-0.20477034151554108,-0.02787070143967867,0.0352953365072608,0.0,0.13472699895501136,-0.15095051303505896,-0.20477034151554108
22720,5.0,-0.20996403694152832,-0.03390572238713503,0.02042546384036541,0.0,0.13524937629699707,-0.15238835364580156,-0.20996403694152832
22730,5.84375,-0.2162470519542694,-0.02996088545769453,0.015123585890978574,0.0,0.13556954264640808,-0.15137169435620307,-0.2162470519542694
22740,5.84375,-0.2015078365802765,-0.02094407007098198,0.03556954804807901,0.0,0.13677216991782187,-0.14988912418484687,-0.2015078365802765
22750,5.25,-0.21462753415107727,-0.030552260391414166,0.07038288861513138,0.0,0.1361919678747654,-0.15060755088925362,-0.21462753415107727
22760,6.59375,-0.1972619742155075,-0.033807387575507164,0.04703148119151592,0.0,0.13788308054208756,-0.15047093406319617,-0.1972619742155075
22770,4.8125,-0.2125614434480667,-0.028852217271924017,0.01863842960447073,0.0,0.13791001439094544,-0.1496420070528984,-0.2125614434480667
22780,4.875,-0.206697016954422,-0.021913192048668862,0.02064150180667639,0.0,0.13751251101493836,-0.15084567293524742,-0.206697016954422
22790,5.1875,-0.20281565189361572,-0.032089529838413,0.030075928755104543,0.0,0.1372742772102356,-0.1513902112841606,-0.20281565189361572
22800,5.71875,-0.19765707850456238,-0.02632393827661872,0.07272903323173523,0.0,0.13759163692593573,-0.14976250007748604,-0.19765707850456238
22810,5.34375,-0.2078070342540741,-0.027202047407627106,0.03492037188261747,0.0,0.13784241080284118,-0.148355171084404,-0.2078070342540741
22820,6.34375,-0.19891583919525146,-0.028483014088124037,0.030503268539905547,0.0,0.1384648211300373,-0.14886853620409965,-0.19891583919525146
22830,5.96875,-0.21137532591819763,-0.029879033006727694,0.06774799935519696,0.0,0.13776807487010956,-0.15094532892107965,-0.21137532591819763
22840,6.46875,-0.20435021817684174,-0.02801632876507938,0.08347410373389721,0.0,0.13765294030308722,-0.1504501774907112,-0.20435021817684174
22850,5.46875,-0.21135176718235016,-0.02606610208749771,0.026680254377424717,0.0,0.13807443976402284,-0.1486518368124962,-0.21135176718235016
22860,5.375,-0.20480501651763916,-0.021743307635188103,0.024358930811285973,0.0,0.13698098212480544,-0.148863136023283,-0.20480501651763916
22870,6.65625,-0.207716166973114,-0.026969988830387592,0.021410064492374658,0.0,0.13698296323418618,-0.14958847016096116,-0.207716166973114
22880,5.4375,-0.21459901332855225,-0.028536478243768214,0.024781299382448198,0.0,0.13714259192347528,-0.15132381916046142,-0.21459901332855225
22890,5.125,-0.21140754222869873,-0.02689083442091942,0.041871699318289754,0.0,0.13629129976034166,-0.15031853765249253,-0.21140754222869873
22900,4.75,-0.20881211757659912,-0.03037478346377611,0.040121502801775934,0.0,0.13678622916340827,-0.14948864951729773,-0.20881211757659912
22910,5.59375,-0.20487232506275177,-0.02501436313614249,0.022610931750386955,0.0,0.13545145690441132,-0.15198709666728974,-0.20487232506275177
22920,6.25,-0.20437589287757874,-0.02032836712896824,0.0211030762642622,0.0,0.13626635819673538,-0.15083710551261903,-0.20437589287757874
22930,5.28125,-0.21212400496006012,-0.028075774013996125,0.03433633130043745,0.0,0.13455559462308883,-0.15004533156752586,-0.21212400496006012
22940,5.375,-0.19456997513771057,-0.0168108232319355,0.025575126335024834,0.0,0.13680017217993737,-0.15021783038973807,-0.19456997513771057
22950,5.9375,-0.20792260766029358,-0.023963354900479315,0.013077312614768744,0.0,0.13631385713815689,-0.15131699666380882,-0.20792260766029358
22960,5.40625,-0.21801647543907166,-0.022484938707202674,0.06636659651994706,0.0,0.13450537100434304,-0.1529095195233822,-0.21801647543907166
22970,4.4375,-0.20529654622077942,-0.031597912684082984,0.010441390378400684,0.0,0.1355074554681778,-0.15112610757350922,-0.20529654622077942
22980,4.65625,-0.21239468455314636,-0.01403359668329358,0.016695865895599127,0.0,0.1371965765953064,-0.15137269273400306,-0.21239468455314636
22990,5.78125,-0.19797442853450775,-0.03150577936321497,0.04182804264128208,0.0,0.1356953926384449,-0.15077850148081778,-0.19797442853450775
23000,5.4375,-0.21029135584831238,-0.018642422650009392,0.017098325211554764,0.0,0.13672812059521675,-0.1503428414463997,-0.21029135584831238
23010,5.25,-0.200224831700325,-0.019877318106591702,0.03179344926029444,0.0,0.13618254736065866,-0.1517226926982403,-0.200224831700325
23020,6.0625,-0.20899750292301178,-0.0296163447201252,0.018685785587877035,0.0,0.13665501400828362,-0.1512185424566269,-0.20899750292301178
23030,5.78125,-0.20477941632270813,-0.025576597638428213,0.021185581758618354,0.0,0.13652671352028847,-0.15352658107876777,-0.20477941632270813
23040,5.0625,-0.207893967628479,-0.021351211238652468,0.031993049941956994,0.0,0.13582098856568336,-0.15076112002134323,-0.207893967628479
23050,5.09375,-0.21238137781620026,-0.025648058811202645,0.03502099495381117,0.0,0.13620760291814804,-0.15268474593758583,-0.21238137781620026
23060,5.90625,-0.20236140489578247,-0.01975665958598256,0.050584202632308006,0.0,0.1355980448424816,-0.15035272911190986,-0.20236140489578247
23070,5.28125,-0.21267351508140564,-0.03291471488773823,0.05858803875744343,0.0,0.13606660887598993,-0.15211815312504767,-0.21267351508140564
23080,5.59375,-0.21222436428070068,-0.03002418056130409,0.049361927434802055,0.0,0.13614016622304917,-0.1497354529798031,-0.21222436428070068
23090,5.03125,-0.20852744579315186,-0.030124262906610966,0.02025294192135334,0.0,0.13717568889260293,-0.1501191809773445,-0.20852744579315186
23100,5.28125,-0.20695650577545166,-0.021632200572639704,0.035305380448699,0.0,0.1360940858721733,-0.15130750834941864,-0.20695650577545166
23110,5.40625,-0.21203935146331787,-0.02330844085663557,0.03422121573239565,0.0,0.13618925884366034,-0.15227581858634948,-0.21203935146331787
23120,4.59375,-0.20848479866981506,-0.029811514541506767,0.05745888166129589,0.0,0.13652668818831443,-0.14909753873944281,-0.20848479866981506
23130,6.15625,-0.21225497126579285,-0.027064861729741096,0.016791036911308767,0.0,0.13527010828256608,-0.1527575932443142,-0.21225497126579285
23140,5.25,-0.21182315051555634,-0.028218147903680803,0.04526136107742786,0.0,0.13638314679265023,-0.14990626722574235,-0.21182315051555634
23150,5.09375,-0.20111441612243652,-0.02518893638625741,0.04606574065983295,0.0,0.13701038509607316,-0.1506153203547001,-0.20111441612243652
23160,4.96875,-0.21622955799102783,-0.026697166450321674,0.057498537749052045,0.0,0.1364293649792671,-0.15129396244883536,-0.21622955799102783
23170,4.5625,-0.2084856629371643,-0.019030803069472312,0.034552618861198425,0.0,0.13846863731741904,-0.14910466596484184,-0.2084856629371643
23180,4.78125,-0.2151917964220047,-0.030503643676638603,0.028404818661510945,0.0,0.13738155886530876,-0.1496012605726719,-0.2151917964220047
23190,5.90625,-0.21293757855892181,-0.027783272648230196,0.04483788423240185,0.0,0.13837540596723558,-0.1515665553510189,-0.21293757855892181
23200,5.65625,-0.21557384729385376,-0.03401635847985744,0.034681137464940545,0.0,0.13651604875922202,-0.14901067093014717,-0.21557384729385376
23210,5.25,-0.2035589963197708,-0.027033433318138123,0.04876222461462021,0.0,0.13651676923036576,-0.1501694217324257,-0.2035589963197708
23220,5.28125,-0.20132896304130554,-0.03611616641283035,0.06874215304851532,0.0,0.13793682903051377,-0.150993924587965,-0.20132896304130554
23230,5.0625,-0.20462730526924133,-0.033671272359788416,0.04773789811879396,0.0,0.13690153658390045,-0.14997553601861,-0.20462730526924133
23240,5.40625,-0.21338415145874023,-0.027297652047127485,0.025138378143310547,0.0,0.13770958930253982,-0.1515326529741287,-0.21338415145874023
23250,5.59375,-0.2074327915906906,-0.027679938077926635,0.050512632727622984,0.0,0.1373671166598797,-0.14942575469613076,-0.2074327915906906
23260,4.875,-0.21199849247932434,-0.022797755151987075,0.041573381423950194,0.0,0.13823423013091088,-0.151462808996439,-0.21199849247932434
23270,6.4375,-0.2093503624200821,-0.030504203960299493,0.09013319499790669,0.0,0.13815857991576194,-0.14935988783836365,-0.2093503624200821
23280,5.1875,-0.20868229866027832,-0.023281227424740793,0.04102247208356857,0.0,0.13740754425525664,-0.15125287026166917,-0.20868229866027832
23290,5.15625,-0.21218320727348328,-0.027443318255245687,0.02804298382252455,0.0,0.13726945593953133,-0.15161893293261527,-0.21218320727348328
23300,6.34375,-0.1981399655342102,-0.018337432853877546,0.053541623055934906,0.0,0.13941444531083108,-0.14880253076553346,-0.1981399655342102
23310,6.09375,-0.2123517543077469,-0.034664358198642733,0.03100723121315241,0.0,0.13789990097284316,-0.14830633103847504,-0.2123517543077469
23320,5.4375,-0.21972797811031342,-0.029309139773249625,0.03158315233886242,0.0,0.13865710347890853,-0.1500259444117546,-0.21972797811031342
23330,5.84375,-0.20949091017246246,-0.024700333038344978,0.0635945986956358,0.0,0.13738093599677087,-0.149763635545969,-0.20949091017246246
23340,5.875,-0.21236029267311096,-0.021752755250781776,0.034444771334528924,0.0,0.13903346061706542,-0.1495957314968109,-0.21236029267311096
23350,5.4375,-0.2094579041004181,-0.024216580390930175,0.047074319049716,0.0,0.13758481219410895,-0.149404813349247,-0.2094579041004181
23360,5.46875,-0.2111702561378479,-0.02945063728839159,0.05701676197350025,0.0,0.13771299496293068,-0.14912341311573982,-0.2111702561378479
23370,5.28125,-0.20667411386966705,-0.029973424784839154,0.02508455254137516,0.0,0.1378830134868622,-0.1503721371293068,-0.20667411386966705
23380,5.0,-0.2025296688079834,-0.03247201964259148,0.04738142676651478,0.0,0.13722023069858552,-0.14888011068105697,-0.2025296688079834
23390,5.625,-0.2073141634464264,-0.011214867420494556,0.029338771477341652,0.0,0.13835735693573953,-0.14880426079034806,-0.2073141634464264
23400,4.25,-0.2113385945558548,-0.028528840094804764,0.0638052836060524,0.0,0.1376652628183365,-0.14806351587176322,-0.2113385945558548
23410,6.25,-0.20100799202919006,-0.017648842185735703,0.05366709493100643,0.0,0.13804128840565683,-0.14987141788005828,-0.20100799202919006
23420,5.0625,-0.20881855487823486,-0.027322906628251077,0.016045321058481932,0.0,0.13779013529419898,-0.1482495315372944,-0.20881855487823486
23430,5.15625,-0.21451863646507263,-0.029750314820557833,0.04292234182357788,0.0,0.13805060759186744,-0.15057229325175286,-0.21451863646507263
23440,5.40625,-0.20114746689796448,-0.031615759897977116,0.022844711691141127,0.0,0.1370352700352669,-0.15002170577645302,-0.20114746689796448
23450,5.53125,-0.20142093300819397,-0.023629827052354814,0.03335959408432245,0.0,0.13818274736404418,-0.14939774870872496,-0.20142093300819397
23460,5.21875,-0.21441717445850372,-0.01988694053143263,0.050222399085760115,0.0,0.13749510496854783,-0.14974005222320558,-0.21441717445850372
23470,5.1875,-0.20653630793094635,-0.027912979759275914,0.0463336031883955,0.0,0.1368152342736721,-0.1517852932214737,-0.20653630793094635
23480,4.875,-0.22086158394813538,-0.03334539495408535,0.059597909823060034,0.0,0.1382223054766655,-0.14949925765395164,-0.22086158394813538
23490,4.53125,-0.21215559542179108,-0.028080323804169895,0.06286858208477497,0.0,0.1377219520509243,-0.1495390884578228,-0.21215559542179108
23500,4.6875,-0.21226295828819275,-0.027091724798083305,0.05180418379604816,0.0,0.13606145828962327,-0.1523260273039341,-0.21226295828819275
23510,6.0,-0.20307093858718872,-0.029217517375946044,0.025941425189375877,0.0,0.13917015194892884,-0.14898886010050774,-0.20307093858718872
23520,5.0,-0.20950865745544434,-0.034103066427633166,0.07822249606251716,0.0,0.13823812305927277,-0.1494272343814373,-0.20950865745544434
23530,5.25,-0.20135940611362457,-0.03213157020509243,0.035076804272830484,0.0,0.13855166360735893,-0.14899345338344575,-0.20135940611362457
23540,6.25,-0.21488961577415466,-0.02909544827416539,0.05271884426474571,0.0,0.1367705449461937,-0.15197557732462882,-0.21488961577415466
23550,5.5625,-0.21073941886425018,-0.020057999528944492,0.03141687512397766,0.0,0.1378753662109375,-0.14996061101555824,-0.21073941886425018
23560,5.34375,-0.21281862258911133,-0.030574868991971017,0.05802150890231132,0.0,0.1382421411573887,-0.14993614405393602,-0.21281862258911133
23570,5.53125,-0.21488869190216064,-0.01804670076817274,0.02917390950024128,0.0,0.1367109276354313,-0.1518470235168934,-0.21488869190216064
23580,4.78125,-0.21383772790431976,-0.021218259818851948,0.0149067806545645,0.0,0.13703200817108155,-0.15050737485289573,-0.21383772790431976
23590,5.1875,-0.2136504203081131,-0.027031313721090557,0.045187129825353625,0.0,0.1367121383547783,-0.1509436033666134,-0.2136504203081131
23600,4.78125,-0.20619016885757446,-0.028356223832815886,0.04430902972817421,0.0,0.13699425235390664,-0.1492378942668438,-0.20619016885757446
23610,5.5625,-0.20787864923477173,-0.02186783663928509,0.057397418469190595,0.0,0.13792863711714745,-0.15221319645643233,-0.20787864923477173
23620,5.53125,-0.21213296055793762,-0.030677727051079275,0.045214322954416276,0.0,0.13638993427157403,-0.1506875678896904,-0.21213296055793762
23630,6.15625,-0.2068338394165039,-0.030875740200281145,0.05977012664079666,0.0,0.13817846700549125,-0.1518596388399601,-0.2068338394165039
23640,5.65625,-0.21021948754787445,-0.023472334537655116,0.047683251276612285,0.0,0.13853370845317842,-0.15023135170340537,-0.21021948754787445
23650,5.125,-0.22018465399742126,-0.030045446939766407,0.07195268757641315,0.0,0.13762370198965074,-0.152830920368433,-0.22018465399742126
23660,5.8125,-0.20031577348709106,-0.027219084557145834,0.018994665145874022,0.0,0.1359668791294098,-0.1510235473513603,-0.20031577348709106
23670,6.46875,-0.2049671709537506,-0.030819928273558617,0.045601514354348185,0.0,0.136801278591156,-0.15126096308231354,-0.2049671709537506
23680,5.34375,-0.2190590798854828,-0.02462413292378187,0.03605004996061325,0.0,0.1357172027230263,-0.15352236330509186,-0.2190590798854828
23690,5.625,-0.2189701497554779,-0.03264382481575012,0.01669616987928748,0.0,0.13607937321066857,-0.15269880518317222,-0.2189701497554779
23700,5.375,-0.20895475149154663,-0.022011639922857283,0.04049111641943455,0.0,0.1372071959078312,-0.1507723718881607,-0.20895475149154663
23710,6.21875,-0.2137417197227478,-0.030626704543828966,0.01334191532805562,0.0,0.1379111960530281,-0.15042684897780417,-0.2137417197227478
23720,4.40625,-0.20101414620876312,-0.02340780505910516,0.03846679199486971,0.0,0.13698641434311867,-0.15203786343336106,-0.20101414620876312
23730,5.46875,-0.2145194411277771,-0.03641646131873131,0.059743215516209605,0.0,0.1363971658051014,-0.1530613325536251,-0.2145194411277771
23740,5.03125,-0.2105514258146286,-0.026202505733817816,0.048428330570459366,0.0,0.13722212091088296,-0.15071975886821748,-0.2105514258146286
23750,4.875,-0.20968055725097656,-0.02138982992619276,0.033386874943971634,0.0,0.13644082993268966,-0.15208642408251763,-0.20968055725097656
23760,5.875,-0.20877264440059662,-0.014799216762185097,0.033053987100720404,0.0,0.1373020127415657,-0.15232988968491554,-0.20877264440059662
23770,4.8125,-0.21663418412208557,-0.01072628740221262,0.044135527685284615,0.0,0.1371334008872509,-0.1519658885896206,-0.21663418412208557
23780,5.28125,-0.20764416456222534,-0.03151558460667729,0.06097780540585518,0.0,0.1358833745121956,-0.15349025651812553,-0.20764416456222534
23790,5.1875,-0.20752210915088654,-0.02800619974732399,0.012226419523358345,0.0,0.13774542063474654,-0.15223104655742645,-0.20752210915088654
23800,5.53125,-0.21298855543136597,-0.027849858067929743,0.057922232523560525,0.0,0.1367738738656044,-0.15112780928611755,-0.21298855543136597
23810,5.78125,-0.2095470428466797,-0.029089912492781877,0.03951425477862358,0.0,0.13704720735549927,-0.15315790772438048,-0.2095470428466797
23820,5.75,-0.20738032460212708,-0.029275815188884734,0.042585351318120954,0.0,0.13694271445274353,-0.15356683880090713,-0.20738032460212708
23830,5.4375,-0.21878370642662048,-0.03552718954160809,0.030374189466238023,0.0,0.13583642914891242,-0.15443288832902907,-0.21878370642662048
23840,5.5,-0.21793904900550842,-0.031068321131169797,0.05547094121575356,0.0,0.13630689084529876,-0.1546934112906456,-0.21793904900550842
23850,4.6875,-0.21818907558918,-0.021860289946198465,0.03656612411141395,0.0,0.1348413981497288,-0.15529820919036866,-0.21818907558918
23860,5.15625,-0.2073998600244522,-0.03293274389579892,0.015394716989248991,0.0,0.13577421978116036,-0.15335578620433807,-0.2073998600244522
23870,6.09375,-0.2076783925294876,-0.02828729785978794,0.05096816569566727,0.0,0.1364045910537243,-0.1544318102300167,-0.2076783925294876
23880,6.0625,-0.2148817479610443,-0.03207748029381037,0.03611585833132267,0.0,0.13639981970191,-0.1550113320350647,-0.2148817479610443
23890,5.8125,-0.21971890330314636,-0.022714574076235294,0.0350820280611515,0.0,0.137290508300066,-0.15309692844748496,-0.21971890330314636
23900,4.9375,-0.21325409412384033,-0.03414304843172431,0.007483116211369633,0.0,0.1366587482392788,-0.15454807430505751,-0.21325409412384033
23910,5.5625,-0.2061406672000885,-0.026715007051825522,0.03956090435385704,0.0,0.13709957897663116,-0.15514157637953757,-0.2061406672000885
23920,5.5,-0.21654026210308075,-0.026623409800231458,0.040080250985920426,0.0,0.1367703855037689,-0.15316133499145507,-0.21654026210308075
23930,5.4375,-0.21280968189239502,-0.03245518282055855,0.04180370271205902,0.0,0.13645378798246383,-0.15392158925533295,-0.21280968189239502
23940,5.1875,-0.20816771686077118,-0.02876368910074234,0.0430817611515522,0.0,0.1370904915034771,-0.1539596475660801,-0.20816771686077118
23950,5.375,-0.21531829237937927,-0.03409167835488915,0.021920363884419203,0.0,0.13637182265520095,-0.15297908186912537,-0.21531829237937927
23960,5.15625,-0.20879003405570984,-0.02935209162533283,0.027316265739500523,0.0,0.1364023767411709,-0.15313981622457504,-0.20879003405570984
23970,5.0,-0.21907854080200195,-0.01888096993789077,0.06595350317656994,0.0,0.13520118817687035,-0.15624695867300034,-0.21907854080200195
23980,5.25,-0.2085910439491272,-0.025145407859236003,0.057127189636230466,0.0,0.13773924931883813,-0.15321706905961036,-0.2085910439491272
23990,5.875,-0.20414665341377258,-0.01694565759971738,0.025991955026984214,0.0,0.13707711696624755,-0.15428321808576584,-0.20414665341377258
24000,4.5625,-0.21284499764442444,-0.028713875077664854,0.025196799356490374,0.0,0.13754889592528344,-0.1532670333981514,-0.21284499764442444
24010,5.5625,-0.19884324073791504,-0.015153353940695525,0.022494730167090894,0.0,0.13623517751693726,-0.15457015186548234,-0.19884324073791504
24020,5.625,-0.21420341730117798,-0.020466661266982555,0.03241334967315197,0.0,0.13886129707098008,-0.15201158300042153,-0.21420341730117798
24030,5.0,-0.21634560823440552,-0.02384479735046625,0.059692138060927394,0.0,0.13721342384815216,-0.15370394587516784,-0.21634560823440552
24040,6.09375,-0.2142907977104187,-0.025676209200173616,0.022383291833102704,0.0,0.13744482770562172,-0.15477825030684472,-0.2142907977104187
24050,5.34375,-0.21960937976837158,-0.0329972717911005,0.04122591204941273,0.0,0.13763054460287094,-0.1537839464843273,-0.21960937976837158
24060,5.1875,-0.2081960141658783,-0.0316868650726974,0.04002873152494431,0.0,0.1387050300836563,-0.15281403809785843,-0.2081960141658783
24070,4.9375,-0.21459805965423584,-0.030465731769800185,0.031245824694633485,0.0,0.13794863894581794,-0.1546099714934826,-0.21459805965423584
24080,5.96875,-0.2183125615119934,-0.021716349013149738,0.03262675888836384,0.0,0.13827872797846794,-0.15278509259223938,-0.2183125615119934
24090,5.59375,-0.19968119263648987,-0.02778081577271223,0.006573758460581303,0.0,0.13839879855513573,-0.153291517496109,-0.19968119263648987
24100,5.25,-0.21512892842292786,-0.03823658972978592,0.0663137998431921,0.0,0.13850217536091805,-0.1549113415181637,-0.21512892842292786
24110,5.5,-0.20701131224632263,-0.02647486235946417,0.03397361095994711,0.0,0.13917202204465867,-0.15197317376732827,-0.20701131224632263
24120,5.6875,-0.21285581588745117,-0.02365355212241411,0.013852774538099766,0.0,0.13890649527311325,-0.151838731020689,-0.21285581588745117
24130,5.125,-0.20662090182304382,-0.02649266319349408,0.021317729167640208,0.0,0.1383265145123005,-0.15331012159585952,-0.20662090182304382
24140,5.15625,-0.20391638576984406,-0.028041377663612366,0.04820290431380272,0.0,0.1380232460796833,-0.15179917812347413,-0.20391638576984406
24150,5.6875,-0.21601121127605438,-0.02819916345179081,0.04366405755281448,0.0,0.13776223212480546,-0.15293001979589463,-0.21601121127605438
24160,5.3125,-0.2237544059753418,-0.020351855643093587,0.04050132278352976,0.0,0.13936535492539406,-0.15217757150530814,-0.2237544059753418
24170,5.5625,-0.21169066429138184,-0.016274101845920087,0.0154272535815835,0.0,0.13765155151486397,-0.15140260383486748,-0.21169066429138184
24180,5.0625,-0.21326974034309387,-0.026069231517612933,0.025259396620094778,0.0,0.13754297345876693,-0.15381846502423285,-0.21326974034309387
24190,5.28125,-0.2093215137720108,-0.010864942707121373,0.010156172001734376,0.0,0.13862069845199584,-0.150934599339962,-0.2093215137720108
24200,5.84375,-0.20815257728099823,-0.03388937721028924,0.06188669353723526,0.0,0.13871965259313584,-0.15314428135752678,-0.20815257728099823
24210,5.1875,-0.19716916978359222,-0.02809388004243374,0.01611334104090929,0.0,0.13824847862124442,-0.15036872178316116,-0.19716916978359222
24220,5.875,-0.20924139022827148,-0.021118403784930705,0.04428579546511173,0.0,0.13900948464870452,-0.1512508548796177,-0.20924139022827148
24230,5.625,-0.20284566283226013,-0.024678782373666764,0.03567538633942604,0.0,0.13832608386874198,-0.15024548396468163,-0.20284566283226013
24240,5.15625,-0.190342977643013,-0.025663590524345636,0.027792326547205447,0.0,0.13876097425818443,-0.15253827050328256,-0.190342977643013
24250,4.71875,-0.21138456463813782,-0.04121017944999039,0.03960346262902022,0.0,0.1388933964073658,-0.15177127197384835,-0.21138456463813782
24260,6.0625,-0.21015197038650513,-0.032299681752920154,0.016341999731957914,0.0,0.13719120994210243,-0.1539456881582737,-0.21015197038650513
24270,5.875,-0.20639166235923767,-0.02415241561830044,0.0290443679317832,0.0,0.13885683193802834,-0.15213294923305512,-0.20639166235923767
24280,5.46875,-0.2160252332687378,-0.028935346752405167,0.03224589414894581,0.0,0.13853586986660957,-0.15335774794220924,-0.2160252332687378
24290,4.1875,-0.2121368646621704,-0.019962432235479353,0.008426871476694941,0.0,0.13882633149623871,-0.1514422319829464,-0.2121368646621704
24300,5.40625,-0.20862457156181335,-0.02630439717322588,0.058578260615468024,0.0,0.1395409695804119,-0.151441440731287,-0.20862457156181335
24310,4.625,-0.20781397819519043,-0.023445389419794082,0.05098371058702469,0.0,0.13921589106321336,-0.14978124424815178,-0.20781397819519043
24320,5.71875,-0.2028048038482666,-0.01002473346889019,0.04081328976899386,0.0,0.140472973883152,-0.15245862379670144,-0.2028048038482666
24330,5.78125,-0.2114330679178238,-0.03078804574906826,0.095652274787426,0.0,0.1398273840546608,-0.15087212175130843,-0.2114330679178238
24340,6.15625,-0.20311203598976135,-0.028838873282074927,0.05369091518223286,0.0,0.13743627518415452,-0.1511932924389839,-0.20311203598976135
24350,5.28125,-0.1999359130859375,-0.018860010243952275,0.03328542914241552,0.0,0.13750606551766395,-0.15241643860936166,-0.1999359130859375
24360,5.3125,-0.20658275485038757,-0.018588285613805055,0.011564077669754624,0.0,0.13845612481236458,-0.15329197868704797,-0.20658275485038757
24370,5.5625,-0.21602223813533783,-0.020357342436909676,0.020119224674999714,0.0,0.1383340112864971,-0.15229525789618492,-0.21602223813533783
24380,5.25,-0.21132096648216248,-0.015538053028285504,0.025221484899520873,0.0,0.13976562023162842,-0.15163783133029937,-0.21132096648216248
24390,5.5,-0.21703007817268372,-0.03162510637193918,0.03112990502268076,0.0,0.13954137042164802,-0.15170529186725618,-0.21703007817268372
24400,6.34375,-0.2060386836528778,-0.02782378252595663,0.09999073520302773,0.0,0.14177751019597054,-0.1517978049814701,-0.2060386836528778
24410,5.4375,-0.21804220974445343,-0.02103404328227043,0.060823798179626465,0.0,0.14000104367733002,-0.15058098807930947,-0.21804220974445343
24420,4.59375,-0.21884582936763763,-0.028023302368819714,0.026282085105776787,0.0,0.14127184078097343,-0.15075010135769845,-0.21884582936763763
24430,5.5,-0.2049350142478943,-0.028810371924191714,0.03812454864382744,0.0,0.1392439417541027,-0.1503603935241699,-0.2049350142478943
24440,4.59375,-0.20862111449241638,-0.023530630581080913,0.03718017544597387,0.0,0.14111811220645903,-0.1485512986779213,-0.20862111449241638
24450,5.15625,-0.21014484763145447,-0.018146773613989354,0.028807517606765032,0.0,0.14043582007288932,-0.14997886419296264,-0.21014484763145447
24460,5.34375,-0.2056957185268402,-0.03110490068793297,0.04026446975767613,0.0,0.14018239006400107,-0.1495867997407913,-0.2056957185268402
24470,5.75,-0.20315074920654297,-0.012308221869170665,0.05615176595747471,0.0,0.14107372239232063,-0.15242849439382553,-0.20315074920654297
24480,6.21875,-0.20150122046470642,-0.03225481752306223,0.07913094833493232,0.0,0.13981266021728517,-0.14960363879799843,-0.20150122046470642
24490,6.125,-0.21265877783298492,-0.0323798231780529,0.0518233522772789,0.0,0.14117884635925293,-0.15080602020025252,-0.21265877783298492
24500,5.84375,-0.20368608832359314,-0.036474912473931906,0.027367003727704287,0.0,0.1399800643324852,-0.14985093772411345,-0.20368608832359314
24510,5.0625,-0.22271035611629486,-0.014400579035282135,0.0498831819742918,0.0,0.14173366948962213,-0.14946829229593278,-0.22271035611629486
24520,5.40625,-0.20935958623886108,-0.027223120257258416,0.0371647858992219,0.0,0.1412873573601246,-0.14854539856314658,-0.20935958623886108
24530,6.09375,-0.20766976475715637,-0.02289651334285736,0.0464422419667244,0.0,0.14160138741135597,-0.15056735649704933,-0.20766976475715637
24540,5.4375,-0.2166096568107605,-0.028420239873230457,0.055639132112264636,0.0,0.14090011939406394,-0.15148669704794884,-0.2166096568107605
24550,5.78125,-0.19801755249500275,-0.02425227835774422,0.0377095490694046,0.0,0.14207428619265555,-0.14735676273703574,-0.19801755249500275
24560,5.6875,-0.19953790307044983,-0.028398083336651326,0.018537074327468872,0.0,0.14386478215456008,-0.1493414230644703,-0.19953790307044983
24570,5.84375,-0.2054768055677414,-0.03332444503903389,0.04805368185043335,0.0,0.14271720126271248,-0.14908078983426093,-0.2054768055677414
24580,5.0,-0.20833459496498108,-0.028801486361771822,0.06078154090791941,0.0,0.14229610189795494,-0.14996238127350808,-0.20833459496498108
24590,5.34375,-0.2043198049068451,-0.013634043186903,0.017958033829927444,0.0,0.14270478188991548,-0.15042609795928003,-0.2043198049068451
24600,5.5625,-0.20494061708450317,-0.016349741630256175,0.049982957914471625,0.0,0.1413160264492035,-0.15171153992414474,-0.20494061708450317
24610,6.0625,-0.20855019986629486,-0.021824912447482348,0.036775220185518265,0.0,0.1424113117158413,-0.1496705122292042,-0.20855019986629486
24620,5.75,-0.19028380513191223,-0.02283610459417105,0.05224154852330685,0.0,0.14308308437466621,-0.14638485684990882,-0.19028380513191223
24630,5.84375,-0.20855721831321716,-0.025464440137147902,0.04443943314254284,0.0,0.14074454605579376,-0.1501600258052349,-0.20855721831321716
24640,5.625,-0.20686756074428558,-0.026877943240106106,0.07450533360242843,0.0,0.1417219690978527,-0.14960252344608307,-0.20686756074428558
24650,6.0625,-0.1977401077747345,-0.009452715329825879,0.012789139617234468,0.0,0.14256891161203383,-0.14998677894473075,-0.1977401077747345
24660,5.6875,-0.2083245813846588,-0.03308665324002504,0.035342270694673064,0.0,0.1422933243215084,-0.14904940575361253,-0.2083245813846588
24670,5.28125,-0.2122897505760193,-0.01760050803422928,0.037146026827394964,0.0,0.1418227955698967,-0.14961962178349494,-0.2122897505760193
24680,6.15625,-0.21462871134281158,-0.027457260340452195,0.026055902056396008,0.0,0.1434398777782917,-0.14960444644093512,-0.21462871134281158
24690,5.21875,-0.20302239060401917,-0.02278891336172819,0.05170809105038643,0.0,0.1432250052690506,-0.14852260947227477,-0.20302239060401917
24700,5.0,-0.2147291898727417,-0.028404401894658805,0.03970335349440575,0.0,0.14282546043395997,-0.14771942049264908,-0.2147291898727417
24710,5.8125,-0.21182367205619812,-0.023029822297394274,0.028343230299651623,0.0,0.14448254108428954,-0.14804319739341737,-0.21182367205619812
24720,5.21875,-0.20258282124996185,-0.025702111423015594,0.035740939900279045,0.0,0.14306318238377572,-0.14815462306141852,-0.20258282124996185
24730,5.53125,-0.21091318130493164,-0.017583084851503374,0.022884811833500864,0.0,0.14426180422306062,-0.14713484719395636,-0.21091318130493164
24740,4.53125,-0.21525470912456512,-0.026699954690411688,0.0677216362208128,0.0,0.14249542132019996,-0.1491719253361225,-0.21525470912456512
24750,5.625,-0.20866459608078003,-0.025426641339436173,0.02321081832051277,0.0,0.14391430988907813,-0.14845300391316413,-0.20866459608078003
24760,5.0,-0.20113685727119446,-0.03628297932446003,0.05021038390696049,0.0,0.1430101700127125,-0.14763279408216476,-0.20113685727119446
24770,5.65625,-0.19998079538345337,-0.03464183043688536,0.03311977423727512,0.0,0.14412042051553725,-0.14844533503055574,-0.19998079538345337
24780,5.875,-0.20906203985214233,-0.021648680418729783,0.048453416861593726,0.0,0.14303949177265168,-0.14825015738606453,-0.20906203985214233
24790,4.65625,-0.20428849756717682,-0.033550950698554516,0.06165058426558971,0.0,0.14517645239830018,-0.14525484070181846,-0.20428849756717682
24800,4.875,-0.20866049826145172,-0.03257658192887902,0.03521605506539345,0.0,0.14391990453004838,-0.14858316108584405,-0.20866049826145172
24810,5.375,-0.20428824424743652,-0.0315605754032731,0.04152387008070946,0.0,0.14335163235664367,-0.1482933834195137,-0.20428824424743652
24820,6.25,-0.20216567814350128,-0.02578785363584757,0.030689788237214088,0.0,0.14415393471717836,-0.14900049418210984,-0.20216567814350128
24830,5.4375,-0.21026521921157837,-0.022960964776575565,0.03943787459284067,0.0,0.14453151673078538,-0.14635497629642485,-0.21026521921157837
24840,4.125,-0.21630030870437622,-0.030747198686003684,0.07544230557978153,0.0,0.1444385126233101,-0.1459176167845726,-0.21630030870437622
24850,5.65625,-0.20483851432800293,-0.03058652514591813,0.07094321139156819,0.0,0.14368009567260742,-0.1468871660530567,-0.20483851432800293
24860,5.25,-0.21006712317466736,-0.03114326363429427,0.02381531447172165,0.0,0.14435410425066947,-0.14692518562078477,-0.21006712317466736
24870,5.75,-0.20149990916252136,-0.03049318827688694,0.0735130898654461,0.0,0.1435437820851803,-0.14611369594931603,-0.20149990916252136
24880,5.21875,-0.21464407444000244,-0.020570448506623505,0.04680017419159412,0.0,0.14390056431293488,-0.14879620671272278,-0.21464407444000244
24890,5.34375,-0.20754699409008026,-0.03139603650197387,0.05541945695877075,0.0,0.14317019283771515,-0.14893764555454253,-0.20754699409008026
24900,6.09375,-0.19915884733200073,-0.018586425669491292,0.03351704441010952,0.0,0.1445780299603939,-0.1481218971312046,-0.19915884733200073
24910,5.28125,-0.2047237753868103,-0.02018759911879897,0.04617419019341469,0.0,0.1446859620511532,-0.14724745228886604,-0.2047237753868103
24920,5.25,-0.19453608989715576,-0.03003402054309845,0.017225040402263404,0.0,0.145149115473032,-0.14449936598539354,-0.19453608989715576
24930,5.125,-0.20121699571609497,-0.024080176930874587,0.019291114807128907,0.0,0.14585811272263527,-0.14558084160089493,-0.20121699571609497
24940,5.125,-0.20355087518692017,-0.035620830953121185,0.006364713376387954,0.0,0.14584045633673667,-0.14550454914569855,-0.20355087518692017
24950,5.4375,-0.202041357755661,-0.02010187730193138,0.035567058622837065,0.0,0.1449940599501133,-0.1457864411175251,-0.202041357755661
24960,5.0,-0.21075782179832458,-0.0253560827113688,0.02390604857355356,0.0,0.14555158466100693,-0.14506787657737732,-0.21075782179832458
24970,5.96875,-0.2013535052537918,-0.02308899387717247,0.027403431385755538,0.0,0.14477567374706268,-0.14686603471636772,-0.2013535052537918
24980,5.46875,-0.2060108184814453,-0.027809145860373974,0.06124153845012188,0.0,0.1443063385784626,-0.14686327055096626,-0.2060108184814453
24990,5.40625,-0.20434756577014923,-0.018824359960854055,0.02665079403668642,0.0,0.14424604699015617,-0.14546703547239304,-0.20434756577014923
25000,5.9375,-0.19896720349788666,-0.02396449614316225,0.028955446556210518,0.0,0.14485992565751077,-0.14618750438094139,-0.19896720349788666
25010,5.71875,-0.19521641731262207,-0.02585646454244852,0.06204727068543434,0.0,0.14373469576239586,-0.14774128124117852,-0.19521641731262207
25020,5.875,-0.19352063536643982,-0.03077008998952806,0.045436824485659597,0.0,0.1444029502570629,-0.14770817682147025,-0.19352063536643982
25030,5.75,-0.2020142376422882,-0.03555949288420379,0.03017535973340273,0.0,0.14493325874209403,-0.1472162611782551,-0.2020142376422882
25040,5.875,-0.20376788079738617,-0.026329781860113144,0.026102153398096562,0.0,0.14383543357253076,-0.14954464733600617,-0.20376788079738617
25050,6.03125,-0.21108752489089966,-0.024608036503195763,0.04204661715775728,0.0,0.1439305379986763,-0.14901048168540001,-0.21108752489089966
25060,6.15625,-0.21090973913669586,-0.03289792295545339,0.022204244136810304,0.0,0.14333556070923806,-0.1501426063477993,-0.21090973913669586
25070,5.34375,-0.20190934836864471,-0.029403604753315448,0.04106757082045078,0.0,0.14297085627913475,-0.14748280718922616,-0.20190934836864471
25080,6.03125,-0.20326371490955353,-0.034673964232206346,0.014847796969115734,0.0,0.14167117103934287,-0.14975230619311333,-0.20326371490955353
25090,5.5625,-0.20443594455718994,-0.024744455888867378,0.022255775704979896,0.0,0.1415592275559902,-0.15096744075417518,-0.20443594455718994
25100,5.65625,-0.21443995833396912,-0.0192495652474463,0.027470590174198152,0.0,0.14158130288124085,-0.1505247637629509,-0.21443995833396912
25110,5.3125,-0.21262644231319427,-0.03820595759898424,0.07056446298956871,0.0,0.14167463406920433,-0.14835494607686997,-0.21262644231319427
25120,5.28125,-0.21089662611484528,-0.03100762255489826,0.040025847032666206,0.0,0.14363018795847893,-0.14897649064660073,-0.21089662611484528
25130,5.4375,-0.2081819772720337,-0.022853505704551934,0.04622771218419075,0.0,0.14398347213864326,-0.14846417605876921,-0.2081819772720337
25140,4.59375,-0.20070692896842957,-0.029598902072757484,0.04270955622196197,0.0,0.1422753930091858,-0.14984234273433686,-0.20070692896842957
25150,5.5,-0.20462460815906525,-0.029357677977532148,0.023569489642977715,0.0,0.1432734951376915,-0.1497182108461857,-0.20462460815906525
25160,6.09375,-0.19220581650733948,-0.029723447374999525,0.05751358643174172,0.0,0.14427395462989806,-0.14801615625619888,-0.19220581650733948
25170,4.8125,-0.21011517941951752,-0.03374634049832821,0.06518815308809281,0.0,0.14431435689330102,-0.14935798719525337,-0.21011517941951752
25180,4.90625,-0.21134604513645172,-0.027820518426597118,0.020202879328280687,0.0,0.14493976160883904,-0.14868371337652206,-0.21134604513645172
25190,5.1875,-0.19769757986068726,-0.027174450922757387,0.024644444603472947,0.0,0.14501112475991249,-0.14905843660235404,-0.19769757986068726
25200,5.6875,-0.20006844401359558,-0.029614512249827384,0.03672125991433859,0.0,0.14500717222690582,-0.14843848049640657,-0.20006844401359558
25210,4.6875,-0.21063446998596191,-0.020637823594734074,0.022012443467974662,0.0,0.14578331783413886,-0.14816640466451644,-0.21063446998596191
25220,5.0625,-0.19599299132823944,-0.028125968389213087,0.05225481167435646,0.0,0.14616114497184754,-0.14514001756906508,-0.19599299132823944
25230,5.53125,-0.2011667639017105,-0.010759069724008441,0.060219667851924896,0.0,0.14566134586930274,-0.14959221556782723,-0.2011667639017105
25240,5.34375,-0.1980087161064148,-0.031108213216066362,0.05875762291252613,0.0,0.14686393216252328,-0.1460389018058777,-0.1980087161064148
25250,6.0625,-0.19940152764320374,-0.029610064439475538,0.06103120893239975,0.0,0.14391841515898704,-0.14908961430191994,-0.19940152764320374
25260,5.5625,-0.213480144739151,-0.029687445051968096,0.02548854686319828,0.0,0.14486483111977577,-0.15007858723402023,-0.213480144739151
25270,5.78125,-0.20315957069396973,-0.028805668652057647,0.049427184835076333,0.0,0.14536639153957367,-0.1471329666674137,-0.20315957069396973
25280,6.46875,-0.19907024502754211,-0.029352239333093166,0.06688251420855522,0.0,0.14568590745329857,-0.14904558584094046,-0.19907024502754211
25290,5.875,-0.20094013214111328,-0.02663591839373112,0.0532532699406147,0.0,0.14345711544156076,-0.1499125763773918,-0.20094013214111328
25300,4.5,-0.19694529473781586,-0.030021383240818978,0.0186543432995677,0.0,0.1448895290493965,-0.14878664761781693,-0.19694529473781586
25310,6.34375,-0.20663122832775116,-0.03301976546645165,0.09060141593217849,0.0,0.14671165868639946,-0.1484316408634186,-0.20663122832775116
25320,5.6875,-0.19012561440467834,-0.03527856413275003,0.0727528054267168,0.0,0.14588093161582946,-0.14809479638934137,-0.19012561440467834
25330,5.03125,-0.21400496363639832,-0.028307095915079118,0.025630367174744605,0.0,0.14657767191529275,-0.14771581143140794,-0.21400496363639832
25340,5.09375,-0.20637568831443787,-0.023819475993514062,0.01836062492802739,0.0,0.14541189447045327,-0.1475136362016201,-0.20637568831443787
25350,5.5,-0.20003195106983185,-0.021928291767835617,0.05149959437549114,0.0,0.14503678381443025,-0.14786916449666024,-0.20003195106983185
25360,5.21875,-0.2097575068473816,-0.034830723982304336,0.0791262611746788,0.0,0.14549051746726036,-0.1488218255341053,-0.2097575068473816
25370,6.28125,-0.1973242610692978,-0.02354012168943882,0.03759154509752989,0.0,0.14464322850108147,-0.15130815729498864,-0.1973242610692978
25380,4.6875,-0.20098233222961426,-0.029333938099443912,0.024271705467253924,0.0,0.14485992789268493,-0.14989269152283669,-0.20098233222961426
25390,5.4375,-0.20499739050865173,-0.03534639272838831,0.05461547821760178,0.0,0.1475716844201088,-0.14754067212343216,-0.20499739050865173
25400,5.5,-0.20850037038326263,-0.029264186136424543,0.021537901647388936,0.0,0.1460354320704937,-0.15022263750433923,-0.20850037038326263
25410,5.90625,-0.2069336473941803,-0.026946591213345528,0.027927589416503907,0.0,0.1465348184108734,-0.1495283916592598,-0.2069336473941803
25420,5.09375,-0.21083331108093262,-0.03174569383263588,0.05177434086799622,0.0,0.14687136188149452,-0.14880404621362686,-0.21083331108093262
25430,5.4375,-0.2107449620962143,-0.023953664302825927,0.03622425217181444,0.0,0.14727064073085785,-0.14805113822221755,-0.2107449620962143
25440,5.6875,-0.19819726049900055,-0.037303918739780784,0.07274233326315879,0.0,0.14605567455291749,-0.14892559722065926,-0.19819726049900055
25450,6.71875,-0.2023772895336151,-0.025487332325428724,0.04953700378537178,0.0,0.1473284251987934,-0.14972832426428795,-0.2023772895336151
25460,5.71875,-0.20758017897605896,-0.03238512296229601,0.04585671909153462,0.0,0.14614596515893935,-0.15070121809840203,-0.20758017897605896
25470,5.5625,-0.20970523357391357,-0.03622480295598507,0.0685450129210949,0.0,0.14759097695350648,-0.14805555790662767,-0.20970523357391357
25480,5.6875,-0.19988887012004852,-0.03517342135310173,0.05362228639423847,0.0,0.1466744899749756,-0.1491679146885872,-0.19988887012004852
25490,5.4375,-0.19909828901290894,-0.030945423804223538,0.041032619401812555,0.0,0.14825792163610457,-0.14884310066699982,-0.19909828901290894
25500,5.375,-0.20183950662612915,-0.03313054069876671,0.02170838825404644,0.0,0.1464091159403324,-0.14884073734283448,-0.20183950662612915
25510,4.53125,-0.21494974195957184,-0.02610581647604704,0.06030989959836006,0.0,0.14701039865612983,-0.1487140141427517,-0.21494974195957184
25520,5.75,-0.1993294507265091,-0.031096475571393965,0.041107477992773055,0.0,0.14705031290650367,-0.147159493714571,-0.1993294507265091
25530,5.875,-0.20155182480812073,-0.029001585952937604,0.037067460082471373,0.0,0.14741161093115807,-0.14712855964899063,-0.20155182480812073
25540,6.40625,-0.19525936245918274,-0.03145843213424086,0.1285980187356472,0.0,0.14692168757319451,-0.1455411657691002,-0.19525936245918274
25550,5.34375,-0.20628005266189575,-0.029417886026203634,0.06207380890846252,0.0,0.14821944907307624,-0.1478607915341854,-0.20628005266189575
25560,5.0625,-0.20466399192810059,-0.025641468167304993,0.04326916225254536,0.0,0.14715171828866005,-0.14828201234340668,-0.20466399192810059
25570,6.53125,-0.19813191890716553,-0.01910468563437462,0.0354001022875309,0.0,0.14747416079044343,-0.14731065854430198,-0.19813191890716553
25580,6.28125,-0.20562595129013062,-0.03661389984190464,0.08129377663135529,0.0,0.14696011915802956,-0.1483730524778366,-0.20562595129013062
25590,5.59375,-0.20682935416698456,-0.027720844093710183,0.0683137346059084,0.0,0.14714471995830536,-0.14696808457374572,-0.20682935416698456
25600,5.28125,-0.2039453387260437,-0.023389714024960994,0.06672058813273907,0.0,0.1478530138731003,-0.14562496542930603,-0.2039453387260437
25610,6.25,-0.20064309239387512,-0.03144150860607624,0.04962015450000763,0.0,0.14710458889603614,-0.14644513577222823,-0.20064309239387512
25620,5.40625,-0.2033490240573883,-0.03142942599952221,0.05665533728897572,0.0,0.1465031884610653,-0.14740279987454413,-0.2033490240573883
25630,4.6875,-0.2070658802986145,-0.02844826765358448,0.03783606290817261,0.0,0.1479275792837143,-0.14644886627793313,-0.2070658802986145
25640,5.125,-0.20847898721694946,-0.013888074457645417,0.03597725704312325,0.0,0.1470878504216671,-0.1481650836765766,-0.20847898721694946
25650,5.25,-0.19481898844242096,-0.02885599583387375,0.04531215876340866,0.0,0.14800832495093347,-0.1459080960601568,-0.19481898844242096
25660,5.28125,-0.1960834264755249,-0.024555962439626454,0.040587162412703034,0.0,0.1491482861340046,-0.14530952647328377,-0.1960834264755249
25670,5.25,-0.20741674304008484,-0.024831699160858988,0.02459474019706249,0.0,0.14753389060497285,-0.14809538051486015,-0.20741674304008484
25680,5.75,-0.19431021809577942,-0.02610179651528597,0.10333990082144737,0.0,0.14905599281191825,-0.14468204155564307,-0.19431021809577942
25690,5.78125,-0.21085871756076813,-0.0367144038900733,0.07092275768518448,0.0,0.14981060475111008,-0.14712350368499755,-0.21085871756076813
25700,5.1875,-0.2109924852848053,-0.03177420049905777,0.030797173827886583,0.0,0.14888079315423966,-0.1475105307996273,-0.2109924852848053
25710,6.03125,-0.1933402717113495,-0.033912735804915425,0.05594843477010727,0.0,0.14888229891657828,-0.14472558423876764,-0.1933402717113495
25720,5.6875,-0.19868868589401245,-0.02461743401363492,0.0828076109290123,0.0,0.1498790480196476,-0.14435431882739067,-0.19868868589401245
25730,4.625,-0.19689202308654785,-0.014742758311331271,0.048796456307172775,0.0,0.15016485378146172,-0.1447782889008522,-0.19689202308654785
25740,5.125,-0.2021026313304901,-0.01519478689879179,0.020362113323062658,0.0,0.14955755844712257,-0.14435258656740188,-0.2021026313304901
25750,6.0625,-0.19699746370315552,-0.03293881956487894,0.033514076843857765,0.0,0.14947726130485534,-0.14413517192006112,-0.19699746370315552
25760,5.15625,-0.2127203345298767,-0.027554805390536785,0.04104713462293148,0.0,0.1500671349465847,-0.14558833539485933,-0.2127203345298767
25770,5.4375,-0.20000340044498444,-0.03546011690050364,0.08264564201235772,0.0,0.15014297291636466,-0.14295960888266562,-0.20000340044498444
25780,5.5625,-0.20019784569740295,-0.03287311885505915,0.03016432635486126,0.0,0.15128298103809357,-0.14250074848532676,-0.20019784569740295
25790,5.3125,-0.20555517077445984,-0.03336267154663801,0.03231390025466681,0.0,0.1506964422762394,-0.14426608756184578,-0.20555517077445984
25800,5.90625,-0.20053516328334808,-0.029122482892125844,0.02329354137182236,0.0,0.1518946923315525,-0.14299203231930732,-0.20053516328334808
25810,4.4375,-0.20246781408786774,-0.014560613967478275,0.02270903214812279,0.0,0.15108712464571,-0.1435296468436718,-0.20246781408786774
25820,5.6875,-0.19122616946697235,-0.027227677498012783,0.04997832290828228,0.0,0.1506070151925087,-0.1431853726506233,-0.19122616946697235
25830,5.75,-0.20360057055950165,-0.027360775507986546,0.03157270178198814,0.0,0.15202394425868987,-0.1432413436472416,-0.20360057055950165
25840,5.53125,-0.19894219934940338,-0.02798490822315216,0.04420650787651539,0.0,0.15199326500296592,-0.14254921227693557,-0.19894219934940338
25850,5.46875,-0.20662599802017212,-0.027678514271974562,0.025133800227195024,0.0,0.15086219385266303,-0.14204194620251656,-0.20662599802017212
25860,5.8125,-0.21013960242271423,-0.030975941848009825,0.06715335473418235,0.0,0.15106136947870255,-0.14529894068837165,-0.21013960242271423
25870,6.0,-0.19576531648635864,-0.03627322744578123,0.03621435575187206,0.0,0.15094462409615517,-0.14098997823894024,-0.19576531648635864
25880,5.90625,-0.1966431736946106,-0.026309654489159583,0.04884263426065445,0.0,0.15072134733200074,-0.1450427755713463,-0.1966431736946106
25890,5.0,-0.1992824822664261,-0.029120766371488572,0.05477331317961216,0.0,0.148858755081892,-0.14409244433045387,-0.1992824822664261
25900,5.5625,-0.20708689093589783,-0.02979560848325491,0.02495627533644438,0.0,0.14947631061077118,-0.14514459297060966,-0.20708689093589783
25910,4.6875,-0.20994380116462708,-0.02876853458583355,0.04566226601600647,0.0,0.1493518114089966,-0.14480733647942542,-0.20994380116462708
25920,5.53125,-0.20047354698181152,-0.023893490061163904,0.0645685151219368,0.0,0.149399034678936,-0.14541347920894623,-0.20047354698181152
25930,5.03125,-0.19724687933921814,-0.025102559197694062,0.014490755926817655,0.0,0.1483420930802822,-0.14522842988371848,-0.19724687933921814
25940,4.6875,-0.1998414397239685,-0.024710806738585233,0.08264722004532814,0.0,0.14872122183442116,-0.14585120901465415,-0.1998414397239685
25950,6.625,-0.20295807719230652,-0.03742380551993847,0.06105120852589607,0.0,0.1491288013756275,-0.1459621250629425,-0.20295807719230652
25960,5.53125,-0.20950758457183838,-0.01548775788396597,0.01751772384159267,0.0,0.1463216483592987,-0.14993949383497238,-0.20950758457183838
25970,5.34375,-0.2048233151435852,-0.02379487603902817,0.06871867030858994,0.0,0.14513297006487846,-0.1486825540661812,-0.2048233151435852
25980,4.3125,-0.20329156517982483,-0.022460277006030083,0.026893021538853645,0.0,0.14541909396648406,-0.15057656168937683,-0.20329156517982483
25990,5.125,-0.20569509267807007,-0.030135733261704444,0.05306977406144142,0.0,0.14481270015239717,-0.1503010131418705,-0.20569509267807007
26000,5.65625,-0.20496365427970886,-0.022692113742232324,0.03693191222846508,0.0,0.14539597406983376,-0.15053222700953484,-0.20496365427970886
26010,5.1875,-0.20321768522262573,-0.03682501520961523,0.06581627018749714,0.0,0.146222835034132,-0.14982575923204422,-0.20321768522262573
26020,5.125,-0.2050812542438507,-0.028496320825070143,0.023910810705274343,0.0,0.14489131793379784,-0.1507703997194767,-0.2050812542438507
26030,5.25,-0.1995081901550293,-0.030661950539797544,0.07346939258277416,0.0,0.14545425102114679,-0.1484704338014126,-0.1995081901550293
26040,5.84375,-0.21094393730163574,-0.029795361682772636,0.05025060623884201,0.0,0.14559087827801703,-0.14931971728801727,-0.21094393730163574
26050,6.0625,-0.1986592411994934,-0.02767260279506445,0.04073437750339508,0.0,0.14484021812677383,-0.148597551882267,-0.1986592411994934
26060,5.65625,-0.20878727734088898,-0.033687309548258784,0.06501577906310559,0.0,0.14517274498939514,-0.15017035081982613,-0.20878727734088898
26070,5.875,-0.2085401862859726,-0.029593858495354654,0.031156886741518973,0.0,0.14459983333945275,-0.15157076343894005,-0.2085401862859726
26080,5.125,-0.202875018119812,-0.022889560274779796,0.03346339482814074,0.0,0.1442471742630005,-0.15121762678027154,-0.202875018119812
26090,4.78125,-0.20226120948791504,-0.029870723839849234,0.01823087641969323,0.0,0.14478859975934028,-0.1479153774678707,-0.20226120948791504
26100,5.84375,-0.21210666000843048,-0.023062876984477045,0.01900936746969819,0.0,0.1438756875693798,-0.15075288638472556,-0.21210666000843048
26110,4.78125,-0.21350757777690887,-0.0239054124802351,0.030929889529943466,0.0,0.14367830082774163,-0.15163539946079255,-0.21350757777690887
26120,5.25,-0.20123767852783203,-0.018966636806726455,0.034007573314011094,0.0,0.1443348526954651,-0.14884316101670264,-0.20123767852783203
26130,5.15625,-0.22032754123210907,-0.019945812970399858,0.02356674466282129,0.0,0.1448555089533329,-0.15139689892530442,-0.22032754123210907
26140,5.5,-0.20044422149658203,-0.022778906486928464,0.05456024296581745,0.0,0.1454499378800392,-0.14841673001646996,-0.20044422149658203
26150,4.21875,-0.22133885324001312,-0.023551908694207667,0.040673086792230605,0.0,0.1459890201687813,-0.14745538607239722,-0.22133885324001312
26160,5.0625,-0.2065228521823883,-0.03298646416515112,0.015533947106450795,0.0,0.14512162804603576,-0.14805460274219512,-0.2065228521823883
26170,5.1875,-0.21172195672988892,-0.027291670255362988,0.03970794416964054,0.0,0.14517370760440826,-0.1500578574836254,-0.21172195672988892
26180,5.46875,-0.19870102405548096,-0.02292530070990324,0.03498354945331812,0.0,0.14617759436368943,-0.14996293634176255,-0.19870102405548096
26190,5.9375,-0.2082323133945465,-0.016753041464835406,0.020048282574862242,0.0,0.14573560059070587,-0.15009902343153952,-0.2082323133945465
26200,4.625,-0.21190032362937927,-0.027039202116429805,0.06873475126922131,0.0,0.14529605731368064,-0.14923403263092042,-0.21190032362937927
26210,4.90625,-0.1925400197505951,-0.02759396587498486,0.013882026262581348,0.0,0.1440883122384548,-0.15001393482089043,-0.1925400197505951
26220,6.03125,-0.2060229480266571,-0.019608455151319502,0.030796531587839127,0.0,0.1461823709309101,-0.15033729150891303,-0.2060229480266571
26230,5.0,-0.20886555314064026,-0.03162080850452185,0.029495725221931935,0.0,0.14597568586468695,-0.14893848747014998,-0.20886555314064026
26240,5.25,-0.21041569113731384,-0.025300631113350392,0.031260905973613265,0.0,0.14635394662618637,-0.15002990290522575,-0.21041569113731384
26250,5.09375,-0.20436666905879974,-0.02962841186672449,0.023738239146769046,0.0,0.14585876166820527,-0.14903626292943956,-0.20436666905879974
26260,5.0,-0.21004682779312134,-0.02930273609235883,0.05096186846494675,0.0,0.1446130245923996,-0.14953530058264733,-0.21004682779312134
26270,5.0,-0.20900467038154602,-0.030457409378141165,0.04114177599549294,0.0,0.1452513061463833,-0.1511728748679161,-0.20900467038154602
26280,5.59375,-0.20864659547805786,-0.028126712515950204,0.03809324484318495,0.0,0.14483320340514183,-0.15165950283408164,-0.20864659547805786
26290,5.625,-0.20957207679748535,-0.03267917027696967,0.02539478410035372,0.0,0.14353112280368804,-0.15138207748532295,-0.20957207679748535
26300,6.21875,-0.20075158774852753,-0.027431161887943745,0.04448944665491581,0.0,0.14506172463297845,-0.1525667577981949,-0.20075158774852753
26310,4.78125,-0.21246889233589172,-0.03089583069086075,0.0552807666361332,0.0,0.14572378545999526,-0.15325802713632583,-0.21246889233589172
26320,5.28125,-0.21293628215789795,-0.026727876160293818,0.03950859718024731,0.0,0.14558318257331848,-0.15232362747192382,-0.21293628215789795
26330,4.90625,-0.20701974630355835,-0.03503310363739729,0.05342646911740303,0.0,0.14444277808070183,-0.15324525013566018,-0.20701974630355835
26340,5.15625,-0.208451509475708,-0.03821857236325741,0.041638128086924554,0.0,0.1446698509156704,-0.153582364320755,-0.208451509475708
26350,5.5,-0.1984635591506958,-0.024592743534594775,0.04668820723891258,0.0,0.14543100222945213,-0.1523895524442196,-0.1984635591506958
26360,6.28125,-0.20786111056804657,-0.02226286754012108,0.01778085473924875,0.0,0.14476441070437432,-0.1510901503264904,-0.20786111056804657
26370,5.625,-0.21039453148841858,-0.02714758813381195,0.036164048314094546,0.0,0.1456614337861538,-0.15005369782447814,-0.21039453148841858
26380,5.625,-0.22625795006752014,-0.03562775198370218,0.06791765242815018,0.0,0.14518310949206353,-0.15193951055407523,-0.22625795006752014
26390,5.125,-0.2049178034067154,-0.03481082264333964,0.057604248821735385,0.0,0.1450125329196453,-0.15108800157904625,-0.2049178034067154
26400,5.0625,-0.21268415451049805,-0.01825280785560608,0.054823312535882,0.0,0.1457149550318718,-0.15048515126109124,-0.21268415451049805
26410,5.5,-0.20736676454544067,-0.02792044449597597,0.056882319226861,0.0,0.14347446858882903,-0.1510413870215416,-0.20736676454544067
26420,5.53125,-0.20962238311767578,-0.03396985959261656,0.09603463038802147,0.0,0.14586521983146666,-0.15180508866906167,-0.20962238311767578
26430,5.75,-0.20101827383041382,-0.025538859888911247,0.02553406059741974,0.0,0.14565119296312332,-0.1493302181363106,-0.20101827383041382
26440,4.4375,-0.20997026562690735,-0.037166085280478,0.04840679708868265,0.0,0.14581478759646416,-0.15113430246710777,-0.20997026562690735
26450,4.71875,-0.20942923426628113,-0.023673206008970736,0.04286444336175919,0.0,0.14519101455807687,-0.15116382911801338,-0.20942923426628113
26460,5.28125,-0.20288288593292236,-0.025149586983025073,0.021171073708683253,0.0,0.14515771791338922,-0.15024326518177986,-0.20288288593292236
26470,5.03125,-0.20632100105285645,-0.020091131515800952,0.03372136484831571,0.0,0.145367531478405,-0.1490986853837967,-0.20632100105285645
26480,5.59375,-0.2072487324476242,-0.02996167754754424,0.06537837758660317,0.0,0.1459333159029484,-0.15106895044445992,-0.2072487324476242
26490,4.375,-0.21166515350341797,-0.02568125640973449,0.045520803332328795,0.0,0.14633264616131783,-0.14883769750595094,-0.21166515350341797
26500,5.09375,-0.20989108085632324,-0.026045837067067625,0.06139146648347378,0.0,0.14596252366900445,-0.14965782985091208,-0.20989108085632324
26510,5.0625,-0.20651161670684814,-0.025567545276135206,0.03095023650676012,0.0,0.14603079929947854,-0.14932867959141732,-0.20651161670684814
26520,4.71875,-0.20985263586044312,-0.03322755564004183,0.04748796112835407,0.0,0.14547834992408754,-0.149077345430851,-0.20985263586044312
26530,5.53125,-0.202174574136734,-0.028870569728314876,0.040701428055763246,0.0,0.146269591152668,-0.14980515390634536,-0.202174574136734
26540,4.59375,-0.20828703045845032,-0.025636699609458448,0.023689103312790394,0.0,0.14630431011319162,-0.1497602678835392,-0.20828703045845032
26550,5.46875,-0.2121477723121643,-0.029406730830669404,0.04254501685500145,0.0,0.14664727374911307,-0.15003937408328055,-0.2121477723121643
26560,4.75,-0.2086690217256546,-0.02907303236424923,0.033500929549336436,0.0,0.14664825573563575,-0.1487807624042034,-0.2086690217256546
26570,5.5625,-0.2038869559764862,-0.02817841824144125,0.027889818232506514,0.0,0.14601426869630812,-0.1506258688867092,-0.2038869559764862
26580,4.9375,-0.2077820599079132,-0.03040171358734369,0.057110953330993655,0.0,0.1469889611005783,-0.14736658036708833,-0.2077820599079132
26590,5.59375,-0.20404283702373505,-0.02601801175624132,0.03984637688845396,0.0,0.1468363158404827,-0.1498074233531952,-0.20404283702373505
26600,6.75,-0.2010723352432251,-0.018847602792084216,0.030859290808439254,0.0,0.14626080095767974,-0.15127387568354606,-0.2010723352432251
26610,5.5,-0.20780788362026215,-0.023219781601801513,0.03435614556074142,0.0,0.14596621841192245,-0.14857272580265998,-0.20780788362026215
26620,5.78125,-0.2075125277042389,-0.02826396469026804,0.03907937612384558,0.0,0.1454137995839119,-0.150066227465868,-0.2075125277042389
26630,5.9375,-0.20002788305282593,-0.03378491140902042,0.031471920944750306,0.0,0.14651477038860322,-0.14812720268964769,-0.20002788305282593
26640,6.65625,-0.20378074049949646,-0.02641968261450529,0.027804847992956638,0.0,0.146750158816576,-0.1495669551193714,-0.20378074049949646
26650,5.0625,-0.21112030744552612,-0.024364545382559298,0.028024994395673276,0.0,0.14536184147000314,-0.14890150278806685,-0.21112030744552612
26660,4.625,-0.2064448446035385,-0.03191463788971305,0.047108909115195274,0.0,0.14621480479836463,-0.1492846764624119,-0.2064448446035385
26670,5.5625,-0.20935028791427612,-0.027029551938176154,0.018184755649417638,0.0,0.14665770456194877,-0.14933920800685882,-0.20935028791427612
26680,5.9375,-0.20303769409656525,-0.027923233434557916,0.08857115134596824,0.0,0.1465901993215084,-0.14921344742178916,-0.20303769409656525
26690,5.3125,-0.20685096085071564,-0.040192073211073875,0.059181290492415425,0.0,0.14795010387897492,-0.14862563982605934,-0.20685096085071564
26700,5.1875,-0.20242728292942047,-0.03698955774307251,0.03431483395397663,0.0,0.14805896878242492,-0.14848676919937134,-0.20242728292942047
26710,5.78125,-0.20650073885917664,-0.024998466484248638,0.039614832028746605,0.0,0.14737472161650658,-0.1477249287068844,-0.20650073885917664
26720,5.09375,-0.20440533757209778,-0.031140585010871292,0.07416487373411655,0.0,0.14712560251355172,-0.1472632348537445,-0.20440533757209778
26730,5.09375,-0.20987023413181305,-0.039241768419742584,0.07373788133263588,0.0,0.1472433812916279,-0.14923331066966056,-0.20987023413181305
26740,5.8125,-0.2024596482515335,-0.03550263596698642,0.08337599262595177,0.0,0.1463235102593899,-0.14946362674236296,-0.2024596482515335
26750,5.3125,-0.2051057517528534,-0.03783082123845816,0.035161564126610756,0.0,0.14843346178531647,-0.15087829455733298,-0.2051057517528534
26760,5.65625,-0.20460450649261475,-0.03146744947880507,0.05604823417961598,0.0,0.14752919897437095,-0.14856785014271737,-0.20460450649261475
26770,5.46875,-0.2090206891298294,-0.023292506486177443,0.028921092115342616,0.0,0.1481707736849785,-0.14860824421048163,-0.2090206891298294
26780,6.0,-0.19354380667209625,-0.03583414684981108,0.03475646730512381,0.0,0.14796726405620575,-0.14845949336886405,-0.19354380667209625
26790,5.59375,-0.20514899492263794,-0.032575348392128944,0.014924288634210825,0.0,0.1489609569311142,-0.14950398951768876,-0.20514899492263794
26800,5.1875,-0.2068326622247696,-0.035470016114413735,0.03406132888048887,0.0,0.14859183952212335,-0.14785250872373581,-0.2068326622247696
26810,5.09375,-0.20895622670650482,-0.037877165526151654,0.06310077719390392,0.0,0.14925319999456405,-0.14746568948030472,-0.20895622670650482
26820,6.03125,-0.20325613021850586,-0.014326840173453093,0.04307242073118687,0.0,0.14840617775917053,-0.14926486015319823,-0.20325613021850586
26830,4.65625,-0.20201435685157776,-0.028206632100045682,0.03427900429815054,0.0,0.1464797280728817,-0.14775974079966545,-0.20201435685157776
26840,5.6875,-0.21010269224643707,-0.02850554306060076,0.03668869156390429,0.0,0.14599904865026475,-0.15104896053671837,-0.21010269224643707
26850,5.125,-0.20741423964500427,-0.024949280358850957,0.03485168870538473,0.0,0.14767339900135995,-0.14972028657793998,-0.20741423964500427
26860,5.1875,-0.19700199365615845,-0.020861541479825975,0.041281630843877794,0.0,0.14755603298544884,-0.14900809302926063,-0.19700199365615845
26870,6.15625,-0.20023757219314575,-0.03232750035822392,0.018810062762349845,0.0,0.14708557724952698,-0.14821564368903636,-0.20023757219314575
26880,5.21875,-0.21067970991134644,-0.029960439447313546,0.05296218283474445,0.0,0.1477162428200245,-0.14773405641317366,-0.21067970991134644
26890,5.90625,-0.20120863616466522,-0.02418495137244463,0.033282443135976794,0.0,0.14822731912136078,-0.1480821505188942,-0.20120863616466522
26900,5.4375,-0.21491456031799316,-0.033490621205419305,0.03939670529216528,0.0,0.14815999567508698,-0.1491934083402157,-0.21491456031799316
26910,4.71875,-0.20437732338905334,-0.02629175763577223,0.04488683491945267,0.0,0.14887559786438942,-0.1468240089714527,-0.20437732338905334
26920,5.40625,-0.1993848979473114,-0.02885102480649948,0.02593870833516121,0.0,0.14842820763587952,-0.14794087782502174,-0.1993848979473114
26930,4.4375,-0.20250192284584045,-0.02831629477441311,0.05521900951862335,0.0,0.14872914925217628,-0.14588512256741523,-0.20250192284584045
26940,5.53125,-0.21008265018463135,-0.026811403594911097,0.05822914578020573,0.0,0.14932239279150963,-0.1465102292597294,-0.21008265018463135
26950,4.71875,-0.21315640211105347,-0.028774379938840865,0.026724356599152087,0.0,0.1473513700067997,-0.14762903973460198,-0.21315640211105347
26960,4.375,-0.2111223340034485,-0.029734293837100266,0.034916439279913905,0.0,0.14868732616305352,-0.1474891722202301,-0.2111223340034485
26970,5.0625,-0.19542789459228516,-0.018501936830580233,0.03772001229226589,0.0,0.1485139846801758,-0.1473115235567093,-0.19542789459228516
26980,6.21875,-0.20420747995376587,-0.025305825285613537,0.042296570539474485,0.0,0.14948051646351815,-0.14806582331657409,-0.20420747995376587
26990,4.8125,-0.21327020227909088,-0.032188857346773146,0.04979225136339664,0.0,0.1472985677421093,-0.14902004078030587,-0.21327020227909088
27000,5.1875,-0.20594918727874756,-0.015865624276921154,0.03941956609487533,0.0,0.15009730607271193,-0.14787402972579003,-0.20594918727874756
27010,5.53125,-0.21087738871574402,-0.03484885841608047,0.04293887726962566,0.0,0.14921879395842552,-0.1487657092511654,-0.21087738871574402
27020,5.25,-0.19963720440864563,-0.028875880502164365,0.03707882966846228,0.0,0.14780218973755838,-0.1481172874569893,-0.19963720440864563
27030,5.03125,-0.20498457551002502,-0.03038125652819872,0.07246924825012684,0.0,0.14976501017808913,-0.14806578904390336,-0.20498457551002502
27040,5.90625,-0.19773006439208984,-0.030057914555072784,0.015422100201249123,0.0,0.15073637142777443,-0.14701919481158257,-0.19773006439208984
27050,4.9375,-0.2075333446264267,-0.024319393374025822,0.01741399122402072,0.0,0.14966868609189987,-0.14622102826833724,-0.2075333446264267
27060,5.34375,-0.20842859148979187,-0.021606564335525037,0.09001977443695068,0.0,0.15001382827758789,-0.14667241051793098,-0.20842859148979187
27070,5.78125,-0.20594654977321625,-0.0318348428234458,0.02847756315022707,0.0,0.1501520812511444,-0.14732154458761215,-0.20594654977321625
27080,4.65625,-0.21197694540023804,-0.029840235505253075,0.07097310833632946,0.0,0.15097854286432266,-0.14658956378698348,-0.21197694540023804
27090,5.125,-0.20059522986412048,-0.024864624813199045,0.03646467495709658,0.0,0.15168209746479988,-0.14539171308279036,-0.20059522986412048
27100,5.1875,-0.20555664598941803,-0.025096379313617946,0.052153339609503746,0.0,0.1510814093053341,-0.14576413929462434,-0.20555664598941803
27110,5.0,-0.20670075714588165,-0.022617155592888592,0.024033777974545957,0.0,0.14978577122092246,-0.14810003936290742,-0.20670075714588165
27120,5.96875,-0.19653725624084473,-0.02795733353123069,0.02355182347819209,0.0,0.15011005476117134,-0.1453085459768772,-0.19653725624084473
27130,5.0625,-0.20604732632637024,-0.027127241156995295,0.056729290261864664,0.0,0.15215270966291428,-0.14588287174701692,-0.20604732632637024
27140,5.8125,-0.20242305099964142,-0.028652681829407813,0.03350325711071491,0.0,0.1515439458191395,-0.1458955854177475,-0.20242305099964142
27150,5.40625,-0.20673272013664246,-0.025363657064735888,0.06046562530100345,0.0,0.15148050338029861,-0.14335432797670364,-0.20673272013664246
27160,5.71875,-0.1949363350868225,-0.027217953372746705,0.04447684101760387,0.0,0.15101487264037133,-0.14565004855394365,-0.1949363350868225
27170,5.03125,-0.20913279056549072,-0.030963615328073502,0.06294897198677063,0.0,0.15186305865645408,-0.14662601053714752,-0.20913279056549072
27180,4.4375,-0.208271786570549,-0.04442209918051958,0.20081532299518584,0.0,0.1516142465174198,-0.14656469002366065,-0.208271786570549
27190,6.125,-0.19970212876796722,-0.017354705557227134,2.0521194860339165,0.0,0.15236599519848823,-0.14532165378332138,-0.19970212876796722
27200,4.8125,-0.19718903303146362,-0.019249510020017624,0.02595082800835371,0.0,0.15143486633896827,-0.14547527730464935,-0.19718903303146362
27210,5.09375,-0.1949419379234314,-0.027823781594634056,0.05907328724861145,0.0,0.1523308627307415,-0.14476168751716614,-0.1949419379234314
27220,5.5625,-0.19630375504493713,-0.021287350356578826,0.02977804057300091,0.0,0.1539449393749237,-0.14366720989346504,-0.19630375504493713
27230,4.65625,-0.19986753165721893,-0.028178633749485017,0.04570832885801792,0.0,0.15419902354478837,-0.14279024228453635,-0.19986753165721893
27240,5.375,-0.21173514425754547,-0.025287440232932567,0.04853775091469288,0.0,0.15319013670086862,-0.14553233459591866,-0.21173514425754547
27250,5.4375,-0.19607201218605042,-0.02469259649515152,0.04302287511527538,0.0,0.15276450291275978,-0.1443824592977762,-0.19607201218605042
27260,5.75,-0.19495058059692383,-0.023259939439594746,0.03013933580368757,0.0,0.15312514305114747,-0.14472782611846924,-0.19495058059692383
27270,5.3125,-0.2052007019519806,-0.030795034673064946,0.07223714925348759,0.0,0.15517317056655883,-0.1452418699860573,-0.2052007019519806
27280,5.6875,-0.19671761989593506,-0.033519338443875314,0.03058597128838301,0.0,0.15409195572137832,-0.14324742704629898,-0.19671761989593506
27290,5.78125,-0.20197489857673645,-0.026098189316689967,0.06760262437164784,0.0,0.1552829146385193,-0.14419318735599518,-0.20197489857673645
27300,4.75,-0.20401829481124878,-0.027550575509667396,0.05876316763460636,0.0,0.1535012297332287,-0.14288825169205666,-0.20401829481124878
27310,5.5,-0.1907413899898529,-0.018094403389841317,0.04839214757084846,0.0,0.15282099694013596,-0.1458148993551731,-0.1907413899898529
27320,5.46875,-0.19079402089118958,-0.016281764023005962,0.03900303989648819,0.0,0.15460845381021499,-0.1442897379398346,-0.19079402089118958
27330,4.8125,-0.20576313138008118,-0.022532759793102743,0.03782004322856665,0.0,0.15626933202147483,-0.14326345436275006,-0.20576313138008118
27340,5.5625,-0.19541308283805847,-0.038255547545850276,0.08325940221548081,0.0,0.15443916693329812,-0.14535536095499993,-0.19541308283805847
27350,5.78125,-0.2045624554157257,-0.03371538808569312,0.02510842327028513,0.0,0.15415776520967484,-0.1465718701481819,-0.2045624554157257
27360,4.78125,-0.199904665350914,-0.032922751363366844,0.060866708680987355,0.0,0.15440076664090158,-0.14379292502999305,-0.199904665350914
27370,4.5625,-0.1973884403705597,-0.029502537660300733,0.056868286430835725,0.0,0.15391034111380578,-0.14488712847232818,-0.1973884403705597
27380,5.75,-0.20238037407398224,-0.022951564006507396,2.00080127120018,0.0,0.1557528294622898,-0.14499464631080627,-0.20238037407398224
27390,6.03125,-0.1957678496837616,-0.0301262442022562,0.06450333036482334,0.0,0.1547514796257019,-0.1430642105638981,-0.1957678496837616
27400,4.90625,-0.20917093753814697,-0.03325678911060095,0.0698839284479618,0.0,0.15585413053631783,-0.14363883957266807,-0.20917093753814697
27410,5.03125,-0.20765864849090576,-0.0282452292740345,0.018616182915866374,0.0,0.15426040515303613,-0.14492128267884255,-0.20765864849090576
27420,6.375,-0.19137254357337952,-0.03354475786909461,0.055174209922552106,0.0,0.15563919320702552,-0.14410642087459563,-0.19137254357337952
27430,5.6875,-0.20991936326026917,-0.028337171860039236,0.047306903079152106,0.0,0.1552237130701542,-0.14379774332046508,-0.20991936326026917
27440,5.96875,-0.20460565388202667,-0.039482572302222255,0.023578211106359957,0.0,0.15453801974654197,-0.14457883164286614,-0.20460565388202667
27450,5.46875,-0.20315220952033997,-0.032539646700024606,0.038794569298624994,0.0,0.1548273853957653,-0.14591995924711226,-0.20315220952033997
27460,5.5625,-0.1972886323928833,-0.02986956350505352,0.026130208186805247,0.0,0.15559896677732468,-0.14453936591744423,-0.1972886323928833
27470,6.59375,-0.19475392997264862,-0.03595235832035541,0.06601268574595451,0.0,0.15548078417778016,-0.14379364997148514,-0.19475392997264862
27480,5.59375,-0.20071130990982056,-0.02165157236158848,0.051106685772538185,0.0,0.1553825780749321,-0.14262706339359282,-0.20071130990982056
27490,5.28125,-0.19785287976264954,-0.03266668058931828,0.029069316200912,0.0,0.15818986743688584,-0.14235811457037925,-0.19785287976264954
27500,4.6875,-0.20351707935333252,-0.025859696976840495,0.026521876640617847,0.0,0.15671434104442597,-0.14307573735713958,-0.20351707935333252
27510,6.21875,-0.2032245397567749,-0.03048323802649975,0.07019580714404583,0.0,0.15785599499940872,-0.14296867027878762,-0.2032245397567749
27520,4.4375,-0.21089258790016174,-0.031482046283781526,0.026617835834622385,0.0,0.1547038547694683,-0.14436828196048737,-0.21089258790016174
27530,6.53125,-0.19272664189338684,-0.018098887614905836,0.020757797919213773,0.0,0.15501971691846847,-0.1422220766544342,-0.19272664189338684
27540,6.0,-0.18971867859363556,-0.03143750419840217,0.025478625670075417,0.0,0.1563241496682167,-0.14323474019765853,-0.18971867859363556
27550,5.53125,-0.19640286266803741,-0.024665973894298077,0.06681392528116703,0.0,0.15465837866067886,-0.1445690721273422,-0.19640286266803741
27560,5.34375,-0.1960027515888214,-0.03501627156510949,0.05487192198634148,0.0,0.15503078699111938,-0.1440894201397896,-0.1960027515888214
27570,5.4375,-0.21116212010383606,-0.03030978925526142,0.017887976486235857,0.0,0.15797516852617263,-0.14200010411441327,-0.21116212010383606
27580,5.4375,-0.19983404874801636,-0.02544437851756811,0.021402075048536064,0.0,0.15663632228970528,-0.14160945117473603,-0.19983404874801636
27590,5.84375,-0.19775667786598206,-0.030933277681469917,0.040404073894023895,0.0,0.15649497136473656,-0.14153623580932617,-0.19775667786598206
27600,5.8125,-0.19189172983169556,-0.03339109560474753,0.046159780025482176,0.0,0.15661886632442473,-0.14230027198791503,-0.19189172983169556
27610,5.9375,-0.20443499088287354,-0.03204705519601703,0.06366739571094512,0.0,0.15551990494132042,-0.14356821477413179,-0.20443499088287354
27620,5.125,-0.20241612195968628,-0.021438636537641286,0.04945596195757389,0.0,0.15593648329377174,-0.14262949116528034,-0.20241612195968628
27630,4.625,-0.19933350384235382,-0.03042388316243887,0.07140892259776592,0.0,0.15645468309521676,-0.14265891239047052,-0.19933350384235382
27640,5.21875,-0.1939670592546463,-0.02853578608483076,0.0481968380510807,0.0,0.15561264008283615,-0.14296617805957795,-0.1939670592546463
27650,5.59375,-0.19622451066970825,-0.02841965537518263,0.04531920347362757,0.0,0.15537285432219505,-0.1438087433576584,-0.19622451066970825
27660,5.375,-0.2085590362548828,-0.029350501485168934,0.08818048611283302,0.0,0.15561793372035027,-0.1449560895562172,-0.2085590362548828
27670,5.78125,-0.20450884103775024,-0.019328598212450743,2.0531595230102537,0.0,0.15697603151202202,-0.1423613280057907,-0.20450884103775024
27680,5.53125,-0.19166681170463562,-0.03311964757740497,0.039842899329960345,0.0,0.15760693624615668,-0.1436321906745434,-0.19166681170463562
27690,5.84375,-0.19732922315597534,-0.027964428067207336,0.04548474289476871,0.0,0.15706068873405457,-0.14348588585853578,-0.19732922315597534
27700,4.9375,-0.2015441656112671,-0.01949032200500369,0.06931685097515583,0.0,0.15630957409739493,-0.14293496906757355,-0.2015441656112671
27710,5.59375,-0.19052648544311523,-0.03612458491697908,0.06286650262773037,0.0,0.15728626325726508,-0.14453778713941573,-0.19052648544311523
27720,5.875,-0.19779714941978455,-0.02546936981379986,0.03124572429805994,0.0,0.15684943944215773,-0.14329939782619477,-0.19779714941978455
27730,5.5625,-0.20296895503997803,-0.036721399053931236,0.09059885218739509,0.0,0.15545118004083633,-0.14712684080004693,-0.20296895503997803
27740,5.9375,-0.20330201089382172,-0.03811378488317132,0.06526540033519268,0.0,0.15663345977663995,-0.14250060319900512,-0.20330201089382172
27750,4.84375,-0.20293155312538147,-0.027889620512723923,0.062317799776792526,0.0,0.1572113625705242,-0.1431061327457428,-0.20293155312538147
27760,5.6875,-0.1979968249797821,-0.030510350689291955,0.06792513616383075,0.0,0.1563729725778103,-0.1441004253923893,-0.1979968249797821
27770,4.25,-0.20308616757392883,-0.017968929000198842,0.02236063200980425,0.0,0.15600460395216942,-0.14403462409973145,-0.20308616757392883
27780,6.71875,-0.1947774887084961,-0.0286505370400846,0.016057674866169692,0.0,0.15628267750144004,-0.14361350610852242,-0.1947774887084961
27790,6.125,-0.19548416137695312,-0.032282490842044355,0.039005961269140244,0.0,0.1564588449895382,-0.14377292841672898,-0.19548416137695312
27800,6.09375,-0.19617494940757751,-0.025371766276657583,0.013255560444667936,0.0,0.15516985580325127,-0.1447499215602875,-0.19617494940757751
27810,5.5,-0.19808819890022278,-0.023992262966930866,0.057063928246498107,0.0,0.15665527507662774,-0.14331881888210773,-0.19808819890022278
27820,5.1875,-0.19611933827400208,-0.029908998869359493,0.05526915118098259,0.0,0.1587029755115509,-0.14116847440600394,-0.19611933827400208
27830,5.375,-0.19575759768486023,-0.02787704924121499,0.03491075877100229,0.0,0.15777346938848497,-0.14209044501185417,-0.19575759768486023
27840,5.3125,-0.20478884875774384,-0.02219561068341136,0.029498184099793434,0.0,0.15642382875084876,-0.14275322780013083,-0.20478884875774384
27850,5.78125,-0.19982391595840454,-0.019704701378941536,0.022944105230271815,0.0,0.15796852186322213,-0.14290719702839852,-0.19982391595840454
27860,4.78125,-0.20117846131324768,-0.018172112572938205,0.04183680638670921,0.0,0.15743786096572876,-0.14321596175432205,-0.20117846131324768
27870,5.15625,-0.19582703709602356,-0.019713920541107655,0.027328035421669485,0.0,0.15790124014019966,-0.1435563437640667,-0.19582703709602356
27880,5.78125,-0.19006618857383728,-0.031218985840678216,0.049034800566732886,0.0,0.15671090111136438,-0.14202915728092194,-0.19006618857383728
27890,5.46875,-0.2034984678030014,-0.018794180266559123,0.04446723088622093,0.0,0.15733601972460748,-0.14350248873233795,-0.2034984678030014
27900,5.96875,-0.19618622958660126,-0.020406905375421048,0.04751986116170883,0.0,0.15552031397819518,-0.1424001783132553,-0.19618622958660126
27910,4.53125,-0.21608754992485046,-0.017584915831685068,0.025557111389935015,0.0,0.15695052444934846,-0.14429741650819777,-0.21608754992485046
27920,4.875,-0.19854572415351868,-0.022530648019164802,0.03817995321005583,0.0,0.15682492554187774,-0.1414313681423664,-0.19854572415351868
27930,5.25,-0.1918174773454666,-0.025031934678554534,0.043528543598949906,0.0,0.15734684988856315,-0.14204553961753846,-0.1918174773454666
27940,5.125,-0.1952299177646637,-0.034984866995364426,0.03183832447975874,0.0,0.15759302526712418,-0.1433613434433937,-0.1952299177646637
27950,4.1875,-0.2159845232963562,-0.016652478836476803,0.03365922253578901,0.0,0.1579698443412781,-0.14355485923588276,-0.2159845232963562
27960,4.1875,-0.20816093683242798,-0.023279868811368943,0.07133660651743412,0.0,0.1582049235701561,-0.1421382136642933,-0.20816093683242798
27970,4.8125,-0.19922944903373718,-0.032286817021667955,0.026752485893666744,0.0,0.15841807201504707,-0.1426594763994217,-0.19922944903373718
27980,6.0625,-0.19442790746688843,-0.02959970002993941,0.07270125597715378,0.0,0.1585911013185978,-0.14291831627488136,-0.19442790746688843
27990,5.4375,-0.19816933572292328,-0.03396652564406395,0.04919346757233143,0.0,0.15967264994978905,-0.14212772101163865,-0.19816933572292328
28000,4.96875,-0.1893129199743271,-0.023183033615350724,0.023028236627578736,0.0,0.15874388366937636,-0.14070619344711305,-0.1893129199743271
28010,5.125,-0.18931546807289124,-0.024829294160008432,0.03008516672998667,0.0,0.15869153290987015,-0.14182629212737083,-0.18931546807289124
28020,4.59375,-0.20293134450912476,-0.030661728233098984,0.039237530529499055,0.0,0.159761443734169,-0.14109552651643753,-0.20293134450912476
28030,4.8125,-0.1995619237422943,-0.033109592832624914,0.056054053083062175,0.0,0.15989071726799012,-0.13937635272741317,-0.1995619237422943
28040,5.625,-0.1866649091243744,-0.03167078197002411,0.06861425116658211,0.0,0.159745641797781,-0.1410182796418667,-0.1866649091243744
28050,4.65625,-0.1914251446723938,-0.02806806266307831,0.08973494842648506,0.0,0.15744636431336403,-0.14140022471547126,-0.1914251446723938
28060,5.25,-0.207095667719841,-0.03530798517167568,0.07350792363286018,0.0,0.1581301599740982,-0.14323078319430352,-0.207095667719841
28070,5.625,-0.18445423245429993,-0.022100455686450006,0.0483579982072115,0.0,0.15803294330835344,-0.1413701981306076,-0.18445423245429993
28080,6.0,-0.19694456458091736,-0.03193941609933972,0.09674322456121445,0.0,0.16059874445199968,-0.14209882616996766,-0.19694456458091736
28090,5.84375,-0.19976666569709778,-0.032251950725913046,0.05283166617155075,0.0,0.15924026295542718,-0.1407637655735016,-0.19976666569709778
28100,6.0625,-0.19694003462791443,-0.030469420738518237,0.03667912129312754,0.0,0.1597297526896,-0.1398857682943344,-0.19694003462791443
28110,5.75,-0.1964864432811737,-0.0274302463978529,0.030039109662175177,0.0,0.16018865928053855,-0.1416821748018265,-0.1964864432811737
28120,5.8125,-0.2014816701412201,-0.029324196465313434,0.014773407950997353,0.0,0.15934811308979988,-0.14118433445692063,-0.2014816701412201
28130,5.90625,-0.19398550689220428,-0.0298646317794919,0.05101510994136334,0.0,0.15819620788097383,-0.14084924906492233,-0.19398550689220428
28140,6.21875,-0.18606635928153992,-0.029664802178740502,0.09628304988145828,0.0,0.1601260244846344,-0.13946856185793877,-0.18606635928153992
28150,7.0,-0.20260004699230194,-0.0306572787463665,0.05212078243494034,0.0,0.15956234708428382,-0.14020497240126134,-0.20260004699230194
28160,4.75,-0.20815953612327576,-0.022138024866580962,0.021188670117408038,0.0,0.16057053506374358,-0.13850741237401962,-0.20815953612327576
28170,5.71875,-0.19750849902629852,-0.02247103229165077,0.055808195099234584,0.0,0.1598546452820301,-0.1404074426740408,-0.19750849902629852
28180,6.4375,-0.1997576802968979,-0.020930172875523567,0.051191366836428644,0.0,0.15867626816034316,-0.14234284311532974,-0.1997576802968979
28190,6.3125,-0.1978369951248169,-0.037144947424530984,0.04424190428107977,0.0,0.16044371500611304,-0.14117786958813666,-0.1978369951248169
28200,5.53125,-0.18941180408000946,-0.02150860819965601,0.039783818647265434,0.0,0.16194407194852828,-0.13846641778945923,-0.18941180408000946
28210,5.34375,-0.19103938341140747,-0.0254849998280406,0.02328704819083214,0.0,0.16042645052075385,-0.1404746450483799,-0.19103938341140747
28220,5.03125,-0.1915827989578247,-0.031312336400151256,0.05876354947686195,0.0,0.16054420173168182,-0.1392431940883398,-0.1915827989578247
28230,5.0625,-0.20227760076522827,-0.021488049253821372,0.0332607863470912,0.0,0.16092352643609048,-0.13854599073529245,-0.20227760076522827
28240,5.5625,-0.19889485836029053,-0.018852524645626544,0.06239259820431471,0.0,0.16161034628748894,-0.13742463663220406,-0.19889485836029053
28250,6.25,-0.1969071328639984,-0.028151207976043223,0.04222396463155746,0.0,0.1591355949640274,-0.14194580987095834,-0.1969071328639984
28260,5.4375,-0.19319641590118408,-0.0288136487826705,0.02896101102232933,0.0,0.16045182049274445,-0.14045945405960084,-0.19319641590118408
28270,5.875,-0.1968924105167389,-0.02188124256208539,0.030426415242254735,0.0,0.15998343005776405,-0.14176590293645858,-0.1968924105167389
28280,5.59375,-0.19378715753555298,-0.02867861222475767,0.044291478022933005,0.0,0.16262928619980813,-0.138898553699255,-0.19378715753555298
28290,5.21875,-0.19522108137607574,-0.020832360442727803,0.08358503654599189,0.0,0.16204114854335785,-0.14185960292816163,-0.19522108137607574
28300,5.96875,-0.18436552584171295,-0.02821225021034479,0.05121100544929504,0.0,0.1603892184793949,-0.14081767946481705,-0.18436552584171295
28310,6.34375,-0.20643350481987,-0.03072122260928154,0.02677184697240591,0.0,0.16197601035237313,-0.1405169114470482,-0.20643350481987
28320,5.65625,-0.1960950791835785,-0.024021940864622594,0.04013792909681797,0.0,0.16287196576595306,-0.13714411854743958,-0.1960950791835785
28330,4.4375,-0.19510182738304138,-0.028259587474167347,0.06806930527091026,0.0,0.16086201816797258,-0.13884485922753811,-0.19510182738304138
28340,6.03125,-0.19874709844589233,-0.020307465735822917,0.05658712983131409,0.0,0.16145407557487487,-0.14207813069224356,-0.19874709844589233
28350,4.84375,-0.19190283119678497,-0.02509057819843292,0.029872976057231427,0.0,0.16126670837402343,-0.1386468879878521,-0.19190283119678497
28360,5.9375,-0.20324571430683136,-0.024623891338706017,0.024548651184886694,0.0,0.1615496926009655,-0.13962056413292884,-0.20324571430683136
28370,5.75,-0.19804230332374573,-0.02796428110450506,0.06536746881902218,0.0,0.16016164645552636,-0.14144762754440307,-0.19804230332374573
28380,5.6875,-0.19701121747493744,-0.025780287198722364,0.062638882920146,0.0,0.16145206317305566,-0.13994153812527657,-0.19701121747493744
28390,5.875,-0.20040883123874664,-0.032768406346440314,0.05334428884088993,0.0,0.16094156205654145,-0.14084362387657165,-0.20040883123874664
28400,5.125,-0.19400876760482788,-0.02780406903475523,0.048501498997211456,0.0,0.1602320119738579,-0.14107236117124558,-0.19400876760482788
28410,5.4375,-0.19873501360416412,-0.033270678296685216,0.05395544618368149,0.0,0.16060471534729004,-0.1415763482451439,-0.19873501360416412
28420,5.15625,-0.19521450996398926,-0.031847579032182695,0.06673164665699005,0.0,0.161477991938591,-0.14140575900673866,-0.19521450996398926
28430,5.40625,-0.1957060992717743,-0.011382365971803666,0.08390770554542541,0.0,0.16108733415603638,-0.1406349539756775,-0.1957060992717743
28440,5.9375,-0.19870948791503906,-0.03374533373862505,0.0795763298869133,0.0,0.1619940809905529,-0.14111246466636657,-0.19870948791503906
28450,5.75,-0.2060675323009491,-0.031183140352368355,0.0713359996676445,0.0,0.16099165603518487,-0.14384587332606316,-0.2060675323009491
28460,5.3125,-0.20548826456069946,-0.03688501846045256,0.04919763095676899,0.0,0.16121233403682708,-0.14276800565421582,-0.20548826456069946
28470,4.71875,-0.20672348141670227,-0.020498339273035526,0.03050200305879116,0.0,0.1619028426706791,-0.1427367266267538,-0.20672348141670227
28480,5.53125,-0.20456331968307495,-0.025643119029700755,0.04816623963415623,0.0,0.16106590554118155,-0.14309857040643692,-0.20456331968307495
28490,4.5625,-0.20303994417190552,-0.02866865061223507,0.0786357719451189,0.0,0.16151723265647888,-0.14045941233634948,-0.20303994417190552
28500,4.34375,-0.20523102581501007,-0.021977393701672555,0.11675993278622628,0.0,0.16297685280442237,-0.139701446890831,-0.20523102581501007
28510,5.96875,-0.18819943070411682,-0.029182470683008433,0.06289900317788125,0.0,0.16208183839917184,-0.14345744848251343,-0.18819943070411682
28520,5.4375,-0.19078382849693298,-0.028009790182113647,0.021122294012457132,0.0,0.16234439611434937,-0.14076918512582778,-0.19078382849693298
28530,5.3125,-0.19495314359664917,-0.03048011614009738,0.029177258536219598,0.0,0.1625290870666504,-0.138380691036582,-0.19495314359664917
28540,5.21875,-0.1948738545179367,-0.024654883379116654,0.062098806351423265,0.0,0.1620221547782421,-0.13914787136018275,-0.1948738545179367
28550,5.5625,-0.18778562545776367,-0.01636300254613161,0.03271657675504684,0.0,0.16511366814374923,-0.13857121989130974,-0.18778562545776367
28560,5.21875,-0.19598975777626038,-0.03790557961910963,0.05694628544151783,0.0,0.1633633181452751,-0.13765527307987213,-0.19598975777626038
28570,5.25,-0.20329302549362183,-0.013955547101795673,0.034890598990023135,0.0,0.165116848051548,-0.13644468188285827,-0.20329302549362183
28580,4.90625,-0.20093491673469543,-0.02875571819022298,0.09599191695451736,0.0,0.1638066790997982,-0.13869690001010895,-0.20093491673469543
28590,5.28125,-0.18664613366127014,-0.024005432333797216,0.041923746839165686,0.0,0.16513967663049697,-0.1361496217548847,-0.18664613366127014
28600,4.90625,-0.18615569174289703,-0.026867813197895885,0.028130516596138477,0.0,0.16538790240883827,-0.13754402846097946,-0.18615569174289703
28610,5.34375,-0.18604254722595215,-0.02124433796852827,0.03192969523370266,0.0,0.16415778547525406,-0.13725892156362535,-0.18604254722595215
28620,5.125,-0.19610664248466492,-0.0199762761592865,0.07836582884192467,0.0,0.16422145888209344,-0.13832318931818008,-0.19610664248466492
28630,5.125,-0.19976389408111572,-0.014413829892873764,0.07194375656545163,0.0,0.1645605556666851,-0.13764577358961105,-0.19976389408111572
28640,5.8125,-0.20109468698501587,-0.02120716394856572,0.06523896418511868,0.0,0.16518811583518983,-0.13737613707780838,-0.20109468698501587
28650,5.03125,-0.19219619035720825,-0.03197893816977739,0.0787842370569706,0.0,0.16457830667495726,-0.13488720804452897,-0.19219619035720825
28660,5.78125,-0.19247277081012726,-0.029102551098912955,0.02967403568327427,0.0,0.16384951546788215,-0.13668149411678315,-0.19247277081012726
28670,6.3125,-0.19487258791923523,-0.025813952181488277,0.08515580520033836,0.0,0.1667390190064907,-0.13539164885878563,-0.19487258791923523
28680,6.78125,-0.1855897456407547,-0.0315307917073369,0.08319393917918205,0.0,0.16600636914372444,-0.134925689548254,-0.1855897456407547
28690,5.90625,-0.1898365616798401,-0.03113186601549387,0.04245091117918491,0.0,0.16655652672052385,-0.13740793764591216,-0.1898365616798401
28700,6.0,-0.19097033143043518,-0.01783127011731267,0.036095422506332395,0.0,0.16900722682476044,-0.13206233717501165,-0.19097033143043518
28710,5.3125,-0.19252163171768188,-0.03331811092793942,0.043039914779365064,0.0,0.16876508221030234,-0.1324062839150429,-0.19252163171768188
28720,5.6875,-0.18484221398830414,-0.023721955437213182,0.04830574318766594,0.0,0.16872160211205484,-0.13214007019996643,-0.18484221398830414
28730,5.21875,-0.19245703518390656,-0.03389844074845314,0.043881050497293475,0.0,0.17030015885829924,-0.13238737173378468,-0.19245703518390656
28740,5.125,-0.18603673577308655,-0.02625327529385686,0.05835231579840183,0.0,0.16942462623119353,-0.13352969512343407,-0.18603673577308655
28750,5.65625,-0.1840342879295349,-0.029204741679131986,0.03613050021231175,0.0,0.17016307711601258,-0.1297578603029251,-0.1840342879295349
28760,4.96875,-0.18862418830394745,-0.027438586205244066,0.02613309323787689,0.0,0.17186909541487694,-0.129909972473979,-0.18862418830394745
28770,5.375,-0.19840078055858612,-0.027645671367645265,0.07853955700993538,0.0,0.17129741460084916,-0.12967557944357394,-0.19840078055858612
28780,6.0,-0.17904004454612732,-0.02535649184137583,0.046778665855526924,0.0,0.17200247049331666,-0.1297073669731617,-0.17904004454612732
28790,6.125,-0.1907089650630951,-0.02667181072756648,0.052784905210137366,0.0,0.17281200289726256,-0.13049037717282772,-0.1907089650630951
28800,5.34375,-0.18068021535873413,-0.023012956231832506,0.06210252642631531,0.0,0.1740412935614586,-0.1269861340522766,-0.18068021535873413
28810,5.75,-0.1787058264017105,-0.02402502726763487,0.06741052903234959,0.0,0.17401536032557488,-0.1259186401963234,-0.1787058264017105
28820,5.5,-0.18000736832618713,-0.026405722182244063,0.04041144475340843,0.0,0.1738749586045742,-0.12442854046821594,-0.18000736832618713
28830,6.1875,-0.18461474776268005,-0.030942239798605442,0.07394162192940712,0.0,0.1736757531762123,-0.12579082436859607,-0.18461474776268005
28840,5.59375,-0.18124307692050934,-0.024940209090709688,0.04521516859531403,0.0,0.17321994453668593,-0.12843271419405938,-0.18124307692050934
28850,6.25,-0.18032653629779816,-0.027304720180109144,0.026734502613544465,0.0,0.17462281957268716,-0.125678975507617,-0.18032653629779816
28860,5.53125,-0.1811114251613617,-0.03445942047983408,0.05291173234581947,0.0,0.17398005723953247,-0.12570913657546043,-0.1811114251613617
28870,5.9375,-0.1848888099193573,-0.0322275479324162,0.06032963655889034,0.0,0.17236014157533647,-0.12827491015195847,-0.1848888099193573
28880,5.46875,-0.1857764720916748,-0.03267146535217762,0.06661207005381584,0.0,0.173439771682024,-0.1288119550794363,-0.1857764720916748
28890,6.5,-0.18673071265220642,-0.021334482356905937,0.08053428828716278,0.0,0.17389437481760978,-0.1293747305870056,-0.18673071265220642
28900,4.84375,-0.18525642156600952,-0.025448742508888244,0.12223251834511757,0.0,0.17325372099876404,-0.12821478359401225,-0.18525642156600952
28910,6.09375,-0.17102539539337158,-0.01876666648313403,0.06607941500842571,0.0,0.17326582595705986,-0.12885332331061364,-0.17102539539337158
28920,4.6875,-0.18628308176994324,-0.025679689086973666,0.03386425990611315,0.0,0.17414133995771408,-0.1291453380137682,-0.18628308176994324
28930,5.15625,-0.17882946133613586,-0.029054446332156657,0.04481928031891584,0.0,0.17295009046792983,-0.1291524786502123,-0.17882946133613586
28940,5.59375,-0.1737748086452484,-0.02704175766557455,0.11625606343150138,0.0,0.1737095221877098,-0.12824863865971564,-0.1737748086452484
28950,4.4375,-0.19226203858852386,-0.027055619470775127,0.029786266013979913,0.0,0.17299941629171373,-0.1286588530987501,-0.19226203858852386
28960,5.96875,-0.1781800389289856,-0.02295718677341938,0.056257762387394904,0.0,0.1727346397936344,-0.12879532687366008,-0.1781800389289856
28970,6.15625,-0.18961714208126068,-0.023194076027721167,0.029893411323428154,0.0,0.17300196066498758,-0.12976258136332036,-0.18961714208126068
28980,5.15625,-0.17589929699897766,-0.01157495640218258,0.02596606332808733,0.0,0.17385183572769164,-0.12734318301081657,-0.17589929699897766
28990,5.53125,-0.1894187033176422,-0.027239091927185655,0.0714719571173191,0.0,0.17464725747704507,-0.1293270606547594,-0.1894187033176422
29000,6.03125,-0.17153194546699524,-0.02549678310751915,0.03148219995200634,0.0,0.17524487748742104,-0.12587139271199704,-0.17153194546699524
29010,4.90625,-0.191790372133255,-0.026473828312009572,0.059010164439678194,0.0,0.1747883901000023,-0.12808375842869282,-0.191790372133255
29020,5.03125,-0.18269048631191254,-0.027863564807921647,0.08068370446562767,0.0,0.17433473393321036,-0.12704977691173552,-0.18269048631191254
29030,5.375,-0.1789853870868683,-0.024639101698994637,0.0386726239696145,0.0,0.17536277398467065,-0.12785063460469245,-0.1789853870868683
29040,4.8125,-0.17912904918193817,-0.028365377336740494,0.05028209239244461,0.0,0.17650242298841476,-0.12553352117538452,-0.17912904918193817
29050,5.90625,-0.167256698012352,-0.019913823157548905,0.04339111372828484,0.0,0.17530913427472114,-0.12512363009154798,-0.167256698012352
29060,5.3125,-0.18316099047660828,-0.034541668742895125,0.034152757562696937,0.0,0.17769656628370284,-0.12487856075167655,-0.18316099047660828
29070,5.46875,-0.18878498673439026,-0.025467647518962622,0.09726410135626792,0.0,0.1766572669148445,-0.12621764801442623,-0.18878498673439026
29080,5.78125,-0.1767883002758026,-0.014893176406621933,0.05225645042955875,0.0,0.17636707201600074,-0.12609353251755237,-0.1767883002758026
29090,5.9375,-0.1819392442703247,-0.024303874373435973,0.06441558450460434,0.0,0.1775367811322212,-0.12521980740129948,-0.1819392442703247
29100,5.6875,-0.184661865234375,-0.030753289442509414,0.05289275124669075,0.0,0.1756132297217846,-0.12594930604100227,-0.184661865234375
29110,5.625,-0.18011417984962463,-0.02163011785596609,0.062409155443310736,0.0,0.17488205581903457,-0.12591673173010348,-0.18011417984962463
29120,4.5625,-0.1943555772304535,-0.03211524672806263,0.07231385707855224,0.0,0.17646246701478957,-0.12780516855418683,-0.1943555772304535
29130,5.15625,-0.19276665151119232,-0.028268386796116828,0.0996363990008831,0.0,0.17632045820355416,-0.12610534392297268,-0.19276665151119232
29140,4.78125,-0.19242176413536072,-0.013855424523353577,0.04103256165981293,0.0,0.17685480788350105,-0.12636130861938,-0.19242176413536072
29150,4.65625,-0.18554064631462097,-0.03258972037583589,0.030655579082667826,0.0,0.17724222615361213,-0.12668480388820172,-0.18554064631462097
29160,5.3125,-0.1800873726606369,-0.027640975825488568,0.028332009725272656,0.0,0.17725470289587975,-0.12462481632828712,-0.1800873726606369
29170,5.71875,-0.18691039085388184,-0.02398970928043127,0.0456720307469368,0.0,0.177230004966259,-0.12657224237918854,-0.18691039085388184
29180,5.96875,-0.17605070769786835,-0.027734817005693913,0.06766987927258014,0.0,0.17745123505592347,-0.1254175640642643,-0.17605070769786835
29190,4.90625,-0.1823016107082367,-0.03561252318322659,0.05016807764768601,0.0,0.17768969237804413,-0.12539496906101705,-0.1823016107082367
29200,5.5625,-0.18406593799591064,-0.03737608091905713,0.06725826524198056,0.0,0.1788473017513752,-0.12606869637966156,-0.18406593799591064
29210,5.34375,-0.18205463886260986,-0.0323407961986959,0.0545901894569397,0.0,0.17696251571178437,-0.12462734654545785,-0.18205463886260986
29220,5.65625,-0.17941409349441528,-0.026309210620820523,0.047431849502027036,0.0,0.17767444774508476,-0.12512144781649112,-0.17941409349441528
29230,5.84375,-0.18991652131080627,-0.02488355301320553,0.04333052895963192,0.0,0.1778564915060997,-0.12483403719961643,-0.18991652131080627
29240,5.46875,-0.18211552500724792,-0.03100472316145897,0.03014103099703789,0.0,0.1767537362873554,-0.12417137958109378,-0.18211552500724792
29250,6.03125,-0.18148624897003174,-0.03116594199091196,0.07212182991206646,0.0,0.17835994437336922,-0.12348405383527279,-0.18148624897003174
29260,5.3125,-0.18447861075401306,-0.034254601784050466,0.08552128598093986,0.0,0.17718698009848594,-0.1259730812162161,-0.18447861075401306
29270,5.0625,-0.18005666136741638,-0.034494335763156414,0.06375935971736908,0.0,0.1795748472213745,-0.12366125844419003,-0.18005666136741638
29280,5.0,-0.18144351243972778,-0.019313457421958447,0.04300450384616852,0.0,0.1776283323764801,-0.12561601474881173,-0.18144351243972778
29290,5.71875,-0.18016847968101501,-0.024870755150914192,0.06155131887644529,0.0,0.1775708854198456,-0.12560702599585055,-0.18016847968101501
29300,5.4375,-0.1672336608171463,-0.03786280434578657,0.09237427040934562,0.0,0.17737217396497726,-0.12462818957865238,-0.1672336608171463
29310,4.78125,-0.18886640667915344,-0.029141373932361603,0.020659609884023666,0.0,0.17885370478034018,-0.12574075609445573,-0.18886640667915344
29320,5.25,-0.17869769036769867,-0.03126173559576273,0.014185450226068496,0.0,0.17910940945148468,-0.1237956453114748,-0.17869769036769867
29330,5.4375,-0.18176202476024628,-0.026362546160817145,0.03768904432654381,0.0,0.1781741924583912,-0.12582560554146766,-0.18176202476024628
29340,4.8125,-0.18536432087421417,-0.03461281601339579,0.053557277843356135,0.0,0.1781299367547035,-0.12322498448193073,-0.18536432087421417
29350,5.34375,-0.18236032128334045,-0.02948674317449331,0.07176958322525025,0.0,0.1796181708574295,-0.12289662137627602,-0.18236032128334045
29360,6.15625,-0.16938161849975586,-0.03193798251450062,0.025786663219332696,0.0,0.17849659249186517,-0.12682004757225512,-0.16938161849975586
29370,4.96875,-0.19233904778957367,-0.027038689935579896,0.11049248948693276,0.0,0.17876064777374268,-0.1256768349558115,-0.19233904778957367
29380,5.03125,-0.18835410475730896,-0.00579661838710308,1.8712276577949525,0.0,0.1793774351477623,-0.12627528086304665,-0.18835410475730896
29390,6.3125,-0.1801832914352417,-0.022501998767256736,0.0712545420974493,0.0,0.180683995783329,-0.12638846151530742,-0.1801832914352417
29400,5.75,-0.18225958943367004,-0.029691973980516196,0.0897621087729931,0.0,0.1794271446764469,-0.12211525738239289,-0.18225958943367004
29410,6.0625,-0.1739332675933838,-0.040137591399252416,0.014331722259521484,0.0,0.1798297069966793,-0.1239242222160101,-0.1739332675933838
29420,5.5,-0.18424074351787567,-0.022821361757814886,0.03860672898590565,0.0,0.17850759178400039,-0.1245974637567997,-0.18424074351787567
29430,5.875,-0.18322817981243134,-0.035687544103711846,0.03761078454554081,0.0,0.17827697470784187,-0.12467659004032612,-0.18322817981243134
29440,5.71875,-0.18194586038589478,-0.015057534165680408,2.2075395584106445,0.0,0.17928087636828421,-0.12392115779221058,-0.18194586038589478
29450,4.90625,-0.17554955184459686,-0.02306513637304306,0.04571192301809788,0.0,0.17924412041902543,-0.1265845451503992,-0.17554955184459686
29460,5.6875,-0.17838887870311737,-0.028268458507955074,0.03434442766010761,0.0,0.1797085791826248,-0.1238731674849987,-0.17838887870311737
29470,5.71875,-0.17821550369262695,-0.02476490503177047,0.06479345373809338,0.0,0.1787417009472847,-0.12562533393502234,-0.17821550369262695
29480,5.71875,-0.1874786913394928,-0.02971832677721977,0.08752538673579693,0.0,0.17917965427041055,-0.1270562071353197,-0.1874786913394928
29490,4.84375,-0.1822832226753235,-0.028641875088214874,0.09405467212200165,0.0,0.1790035881102085,-0.12351891621947289,-0.1822832226753235
29500,4.28125,-0.1917983442544937,-0.030554487183690072,0.041796885430812836,0.0,0.1798512578010559,-0.1253664195537567,-0.1917983442544937
29510,5.40625,-0.17796611785888672,-0.022142872866243123,0.0434025414288044,0.0,0.17781441733241082,-0.12497109286487103,-0.17796611785888672
29520,4.875,-0.1921215057373047,-0.027289577666670083,0.13657789528369904,0.0,0.17864256873726844,-0.1245606191456318,-0.1921215057373047
29530,5.6875,-0.18564485013484955,-0.011602708837017417,0.03041693102568388,0.0,0.1778176285326481,-0.12653366215527057,-0.18564485013484955
29540,5.9375,-0.17294743657112122,-0.03410690799355507,0.06543199829757214,0.0,0.17952375784516333,-0.12489580735564232,-0.17294743657112122
29550,5.5,-0.17922857403755188,-0.031581607088446616,0.0391330411657691,0.0,0.17821068242192267,-0.12405836805701256,-0.17922857403755188
29560,5.5625,-0.19110107421875,-0.027326955925673246,0.02301318570971489,0.0,0.1794624038040638,-0.12521192766726016,-0.19110107421875
29570,4.6875,-0.18235158920288086,-0.029606463573873042,0.038463118486106396,0.0,0.17860484421253203,-0.12395387552678586,-0.18235158920288086
29580,6.1875,-0.17881949245929718,-0.016056437231600284,0.029996109940111638,0.0,0.17909614369273186,-0.12595568373799323,-0.17881949245929718
29590,6.0625,-0.19086818397045135,-0.033345077000558374,0.054515499621629715,0.0,0.17780235186219215,-0.12779318615794183,-0.19086818397045135
29600,4.6875,-0.19107207655906677,-0.02485072650015354,0.060680732131004333,0.0,0.1792291522026062,-0.12555552907288076,-0.19107207655906677
29610,5.4375,-0.18322798609733582,-0.034097323194146156,0.046235425397753716,0.0,0.17769148275256158,-0.12644924074411393,-0.18322798609733582
29620,5.5,-0.1777833104133606,-0.027151966560631992,0.06636471189558506,0.0,0.18080666810274124,-0.1238893497735262,-0.1777833104133606
29630,5.65625,-0.1781405657529831,-0.023544973321259023,0.0970644049346447,0.0,0.18083455339074134,-0.12485536076128483,-0.1781405657529831
29640,5.625,-0.18314006924629211,-0.02502952320501208,0.05102132484316826,0.0,0.1794834852218628,-0.12474767975509167,-0.18314006924629211
29650,5.375,-0.18553271889686584,-0.0008801452349871397,2.121843457221985,0.0,0.1795339897274971,-0.12561617679893972,-0.18553271889686584
29660,4.875,-0.1907193958759308,-0.03370478693395853,0.07772603705525398,0.0,0.17867772579193114,-0.12715219110250472,-0.1907193958759308
29670,5.96875,-0.18118909001350403,-0.020563794113695622,0.08932696580886841,0.0,0.18035045638680458,-0.1290217388421297,-0.18118909001350403
29680,5.78125,-0.1919393688440323,-0.027708442602306604,0.04423574935644865,0.0,0.17994374483823777,-0.12637944258749484,-0.1919393688440323
29690,4.75,-0.1878776252269745,-0.03261134941130876,0.0686735175549984,0.0,0.1802852749824524,-0.12465602084994316,-0.1878776252269745
29700,4.96875,-0.1812220811843872,-0.02730373479425907,0.09017700850963592,0.0,0.18061646819114685,-0.12368564680218697,-0.1812220811843872
29710,5.8125,-0.17527614533901215,-0.035310009866952895,0.04456911962479353,0.0,0.1801190309226513,-0.12574981860816478,-0.17527614533901215
29720,5.25,-0.183621346950531,-0.019428778626024722,0.0319271445274353,0.0,0.18006663396954536,-0.1264494452625513,-0.183621346950531
29730,6.125,-0.183100625872612,-0.0341278987005353,0.04622068330645561,0.0,0.18121546655893325,-0.12496188431978225,-0.183100625872612
29740,5.78125,-0.17001327872276306,-0.029499127715826034,0.033782816492021084,0.0,0.18007582277059556,-0.1240341231226921,-0.17001327872276306
29750,6.15625,-0.1783749759197235,-0.030597950983792543,0.05846884548664093,0.0,0.18097637295722963,-0.12266070991754532,-0.1783749759197235
29760,5.34375,-0.18743014335632324,-0.031128487177193166,0.08682409599423409,0.0,0.17974882647395135,-0.12539439760148524,-0.18743014335632324
29770,5.78125,-0.18513154983520508,-0.02957686800509691,0.0488879032433033,0.0,0.18053236976265907,-0.12459099292755127,-0.18513154983520508
29780,5.71875,-0.17257262766361237,-0.022996386140584947,0.030923170410096644,0.0,0.18104783445596695,-0.12444527968764305,-0.17257262766361237
29790,5.65625,-0.17145729064941406,-0.028908046148717403,0.03337323553860187,0.0,0.1810814321041107,-0.1244430635124445,-0.17145729064941406
29800,5.96875,-0.16642031073570251,-0.020502414926886557,0.03280724734067917,0.0,0.182160072773695,-0.1227655604481697,-0.16642031073570251
29810,5.8125,-0.17318935692310333,-0.033142273966223004,0.09734250828623772,0.0,0.1825001485645771,-0.12330436185002328,-0.17318935692310333
29820,5.8125,-0.17305029928684235,-0.02420398942194879,0.03472134564071894,0.0,0.18175708279013633,-0.12458901852369308,-0.17305029928684235
29830,6.09375,-0.17631489038467407,-0.02195465415716171,0.07528832890093326,0.0,0.18172198235988618,-0.1256134744733572,-0.17631489038467407
29840,6.21875,-0.17737987637519836,-0.026002059504389764,0.04619835466146469,0.0,0.180258397012949,-0.12403755858540536,-0.17737987637519836
29850,5.8125,-0.16992276906967163,-0.022541216854006053,0.15285540595650673,0.0,0.18249601572752,-0.1237351942807436,-0.16992276906967163
29860,5.71875,-0.187196284532547,-0.0312362028285861,0.055469540506601335,0.0,0.18284165635704994,-0.12466024942696094,-0.187196284532547
29870,5.0,-0.182089164853096,-0.038562507927417757,0.04813546687364578,0.0,0.18314425125718117,-0.12376344352960586,-0.182089164853096
29880,4.90625,-0.1805982142686844,-0.013671945966780185,0.05055973865091801,0.0,0.18355018198490142,-0.12154702693223954,-0.1805982142686844
29890,5.5,-0.17414960265159607,-0.023198006860911845,0.06132043749094009,0.0,0.18395454958081245,-0.12145727798342705,-0.17414960265159607
29900,5.0625,-0.1811053603887558,-0.02663742993026972,0.03004776928573847,0.0,0.18355590403079985,-0.12207043059170246,-0.1811053603887558
29910,6.34375,-0.1665504276752472,-0.03424210250377655,0.07709570638835431,0.0,0.18268159851431848,-0.12287135720252991,-0.1665504276752472
29920,6.53125,-0.173627570271492,-0.03533580787479877,0.05798303335905075,0.0,0.18437167778611183,-0.12370496429502964,-0.173627570271492
29930,4.8125,-0.18124422430992126,-0.027502407692372798,0.06361181922256946,0.0,0.1828070677816868,-0.12534109354019166,-0.18124422430992126
29940,5.34375,-0.18297874927520752,-0.025680475309491156,0.0722739476710558,0.0,0.1831571139395237,-0.1254017785191536,-0.18297874927520752
29950,5.0,-0.18265436589717865,-0.037380093894898894,0.053547080233693124,0.0,0.18306728973984718,-0.12540566362440586,-0.18265436589717865
29960,5.78125,-0.17933204770088196,-0.034586645755916835,0.03298134356737137,0.0,0.18271946012973786,-0.1236158438026905,-0.17933204770088196
29970,5.4375,-0.1819595992565155,-0.03736983072012663,0.025846884585916996,0.0,0.18246311768889428,-0.12415599152445793,-0.1819595992565155
29980,4.78125,-0.19320587813854218,-0.02984523419290781,0.09366688318550587,0.0,0.18259883895516396,-0.12479554489254951,-0.19320587813854218
29990,5.03125,-0.18717922270298004,-0.020038059260696173,0.03819512948393822,0.0,0.18386270478367805,-0.1237870216369629,-0.18717922270298004
30000,5.15625,-0.18542611598968506,-0.038935326226055625,0.028144659474492073,0.0,0.18456590697169303,-0.1214488159865141,-0.18542611598968506
