epoch,lifetime,reward_mean,policy_loss,value_loss,sym_loss,score_real__/full,score_fake__/full,disc_reward__/full
1,15.65625,-2.3754313588142395e-05,0.23332680463790895,0.9743427693843841,0.0,0.02040093671530485,0.0020899984519928694,-2.3754313588142395e-05
10,16.46875,-0.03806115686893463,-0.02783792894333601,0.5687155455350876,0.0,0.023279541689488623,0.0067257428308948874,-0.03806115686893463
20,16.90625,-0.036054834723472595,-0.038486532494425775,0.06902475506067277,0.0,0.027571076713502406,-0.001256906264461577,-0.036054834723472595
30,15.375,-0.046512432396411896,-0.03515548426657915,0.06978576779365539,0.0,0.032930474262684584,-0.007287312648259103,-0.046512432396411896
40,18.9375,-0.04366791248321533,-0.03598091322928667,0.07575890570878982,0.0,0.03991486448794603,-0.014881142880767584,-0.04366791248321533
50,14.0,-0.06882612407207489,-0.03904425725340843,0.07448495216667653,0.0,0.047090081870555876,-0.019913793355226517,-0.06882612407207489
60,17.4375,-0.05939210206270218,-0.03544265255331993,0.05079377591609955,0.0,0.05415236502885819,-0.026154321245849134,-0.05939210206270218
70,16.5,-0.07601990550756454,-0.033848435059189795,0.07123168893158435,0.0,0.062137640081346035,-0.03444100674241781,-0.07601990550756454
80,18.96875,-0.07384975999593735,-0.030745349172502757,0.12971853762865065,0.0,0.06926847435534,-0.042704994603991506,-0.07384975999593735
90,16.5625,-0.08680631220340729,-0.03373208912089467,0.07330029979348182,0.0,0.07560978010296822,-0.05408551767468452,-0.08680631220340729
100,13.78125,-0.10623833537101746,-0.03668275009840727,0.08969722092151641,0.0,0.08262024931609631,-0.06407909654080868,-0.10623833537101746
110,15.5,-0.10314217954874039,-0.03432063143700361,0.04879940077662468,0.0,0.08787858560681343,-0.07513741664588451,-0.10314217954874039
120,20.59375,-0.10851019620895386,-0.031905893981456754,0.10109473615884781,0.0,0.09221859984099864,-0.08425797335803509,-0.10851019620895386
130,17.8125,-0.1299937218427658,-0.028693970665335654,0.05417902246117592,0.0,0.09814066365361214,-0.092284669354558,-0.1299937218427658
140,15.15625,-0.13347795605659485,-0.03575604092329741,0.0428775068372488,0.0,0.10207000523805618,-0.10001583509147167,-0.13347795605659485
150,16.15625,-0.13118183612823486,-0.035278393980115653,0.04634388796985149,0.0,0.10737136155366897,-0.10558146461844445,-0.13118183612823486
160,21.9375,-0.13096007704734802,-0.03257274720817804,0.06089643351733685,0.0,0.11361547783017159,-0.11150428093969822,-0.13096007704734802
170,17.875,-0.1338878571987152,-0.0335430471226573,0.0706846497952938,0.0,0.11718403585255147,-0.1157468542456627,-0.1338878571987152
180,20.71875,-0.15439695119857788,-0.035964487679302694,0.03090088106691837,0.0,0.12072475664317608,-0.12048285305500031,-0.15439695119857788
190,19.3125,-0.1300886571407318,-0.032427457999438046,0.03535277564078569,0.0,0.1244606301188469,-0.1195128656923771,-0.1300886571407318
200,15.59375,-0.1517399549484253,-0.037849465012550355,0.03795155603438616,0.0,0.12796873077750207,-0.12672105617821217,-0.1517399549484253
210,20.21875,-0.14410775899887085,-0.033392152190208434,0.027320890687406063,0.0,0.13200580477714538,-0.1290665201842785,-0.14410775899887085
220,15.84375,-0.17378383874893188,-0.03849020898342133,0.020890813320875168,0.0,0.13400087729096413,-0.13858876451849939,-0.17378383874893188
230,17.8125,-0.16739702224731445,-0.035573283582925795,0.032576360180974005,0.0,0.13546283319592475,-0.1452534556388855,-0.16739702224731445
240,16.75,-0.18883349001407623,-0.03545810300856829,0.033062735199928285,0.0,0.13735435977578164,-0.15078181326389312,-0.18883349001407623
250,13.09375,-0.185430109500885,-0.038347029499709605,0.02915057186037302,0.0,0.13959780782461167,-0.15169794112443924,-0.185430109500885
260,19.21875,-0.16920626163482666,-0.03564470615237951,0.024483447894454002,0.0,0.14251144751906394,-0.15636852607131005,-0.16920626163482666
270,17.9375,-0.17130033671855927,-0.03496374916285276,0.02947800625115633,0.0,0.144922161847353,-0.16026291996240616,-0.17130033671855927
280,19.3125,-0.15893179178237915,-0.037854941375553605,0.028471810929477214,0.0,0.14901700615882874,-0.15630743578076361,-0.15893179178237915
290,14.8125,-0.18246641755104065,-0.036859219707548616,0.02999065350741148,0.0,0.15095423981547357,-0.15464209467172624,-0.18246641755104065
300,15.46875,-0.2006453424692154,-0.03931704126298428,0.023129215463995934,0.0,0.1515929877758026,-0.164386273175478,-0.2006453424692154
310,14.3125,-0.1919509768486023,-0.04341235123574734,0.026805864274501802,0.0,0.15607468634843827,-0.165383879840374,-0.1919509768486023
320,17.5,-0.20519906282424927,-0.03657852578908205,0.019452479667961597,0.0,0.15728547275066376,-0.16333141922950745,-0.20519906282424927
330,12.65625,-0.20224440097808838,-0.03593460880219936,0.0391774483025074,0.0,0.15917451232671737,-0.16639053151011468,-0.20224440097808838
340,21.375,-0.17391616106033325,-0.036037418991327286,0.02268686220049858,0.0,0.16011525243520736,-0.17112605646252632,-0.17391616106033325
350,14.84375,-0.2006257027387619,-0.03893377054482698,0.026316502690315248,0.0,0.1619676649570465,-0.16838254928588867,-0.2006257027387619
360,17.25,-0.19170056283473969,-0.03682597186416388,0.02456168383359909,0.0,0.16592842489480972,-0.16859835013747215,-0.19170056283473969
370,16.28125,-0.183951273560524,-0.04012715667486191,0.028432900458574294,0.0,0.16753639578819274,-0.16732078716158866,-0.183951273560524
380,16.75,-0.18906566500663757,-0.03772005531936884,0.019240749813616276,0.0,0.16889945790171623,-0.1621040843427181,-0.18906566500663757
390,14.8125,-0.1751348376274109,-0.03249051086604595,0.026376925595104694,0.0,0.16973222196102142,-0.16457232907414437,-0.1751348376274109
400,18.96875,-0.21105532348155975,-0.04238104997202754,0.029077383503317834,0.0,0.1719504714012146,-0.16385550647974015,-0.21105532348155975
410,13.71875,-0.1843164563179016,-0.03720674216747284,0.031031916104257106,0.0,0.17287536561489106,-0.1582900859415531,-0.1843164563179016
420,16.53125,-0.1796490103006363,-0.04066886398941279,0.0426323963329196,0.0,0.17547756507992746,-0.16395463943481445,-0.1796490103006363
430,13.96875,-0.18006116151809692,-0.041711841337382795,0.03603170402348042,0.0,0.176254566013813,-0.16539091244339943,-0.18006116151809692
440,14.28125,-0.21216239035129547,-0.03640888798981905,0.03112760726362467,0.0,0.1790529616177082,-0.1736089050769806,-0.21216239035129547
450,15.71875,-0.20287449657917023,-0.0375470120459795,0.023022685572504996,0.0,0.18008127734065055,-0.17064334452152252,-0.20287449657917023
460,18.71875,-0.18248698115348816,-0.038069565407931806,0.021128453500568866,0.0,0.18138290718197822,-0.16255453675985337,-0.18248698115348816
470,17.875,-0.19934552907943726,-0.0336522838100791,0.035066249594092366,0.0,0.18103883862495423,-0.17322226390242576,-0.19934552907943726
480,15.34375,-0.19691738486289978,-0.0372643856331706,0.033270736783742906,0.0,0.18380687087774278,-0.17162629440426827,-0.19691738486289978
490,12.4375,-0.21672697365283966,-0.03855858761817217,0.06335940137505532,0.0,0.18569673150777816,-0.17970080599188804,-0.21672697365283966
500,18.4375,-0.17733854055404663,-0.0356246042996645,0.03972755093127489,0.0,0.1843652494251728,-0.17470382750034333,-0.17733854055404663
510,16.625,-0.1905762106180191,-0.03954662224277854,0.047042667493224145,0.0,0.18695423603057862,-0.1733294703066349,-0.1905762106180191
520,16.34375,-0.18687742948532104,-0.03680937252938747,0.03352483995258808,0.0,0.18723141252994538,-0.17121681123971938,-0.18687742948532104
530,14.4375,-0.20302432775497437,-0.04043125621974468,0.03852765411138535,0.0,0.18828889802098275,-0.17428554147481917,-0.20302432775497437
540,14.6875,-0.21006514132022858,-0.03910507010295987,0.03810867313295603,0.0,0.1900397665798664,-0.17471340745687486,-0.21006514132022858
550,14.9375,-0.1898779571056366,-0.03852178882807493,0.06139178313314915,0.0,0.19091501459479332,-0.17432272508740426,-0.1898779571056366
560,16.84375,-0.19382107257843018,-0.042075464595109226,0.04475065730512142,0.0,0.19206566214561463,-0.1717836633324623,-0.19382107257843018
570,19.5625,-0.21517759561538696,-0.04249131698161364,0.035240252129733564,0.0,0.19163637459278107,-0.1782605804502964,-0.21517759561538696
580,15.4375,-0.18058180809020996,-0.03873043395578861,0.033193849585950376,0.0,0.19276958033442498,-0.1750308245420456,-0.18058180809020996
590,16.84375,-0.19967028498649597,-0.041038264986127615,0.035684284567832944,0.0,0.19473027735948562,-0.1728798769414425,-0.19967028498649597
600,18.28125,-0.17501556873321533,-0.040676746889948844,0.05876417569816113,0.0,0.19505264684557916,-0.17407026439905166,-0.17501556873321533
610,14.15625,-0.2206214964389801,-0.040261656418442725,0.05022543370723724,0.0,0.19660466611385347,-0.17918336912989616,-0.2206214964389801
620,16.6875,-0.19044899940490723,-0.03987080417573452,0.043735416047275065,0.0,0.19561633616685867,-0.1763397164642811,-0.19044899940490723
630,15.34375,-0.17982453107833862,-0.0376061836257577,0.08455123603343964,0.0,0.19569768011569977,-0.17708462104201317,-0.17982453107833862
640,13.03125,-0.2211020439863205,-0.03669045697897673,0.04336464814841747,0.0,0.19657138213515282,-0.17743194326758385,-0.2211020439863205
650,17.15625,-0.2047078013420105,-0.03731535114347935,0.06335915401577949,0.0,0.19878238812088966,-0.17530560716986657,-0.2047078013420105
660,14.5,-0.20102116465568542,-0.04298022771254182,0.05881851874291897,0.0,0.19785175696015359,-0.17759283855557442,-0.20102116465568542
670,16.78125,-0.17806097865104675,-0.038507737964391706,0.033315247483551504,0.0,0.19787912890315057,-0.17002683356404305,-0.17806097865104675
680,15.90625,-0.1942211240530014,-0.038067414239048955,0.03821126390248537,0.0,0.1990704596042633,-0.17190506607294082,-0.1942211240530014
690,13.21875,-0.2106361836194992,-0.03741470463573933,0.09801524728536606,0.0,0.1993129849433899,-0.17823059111833572,-0.2106361836194992
700,16.84375,-0.20163333415985107,-0.03618661910295486,0.0825420193374157,0.0,0.2006336845457554,-0.17808357402682304,-0.20163333415985107
710,14.0625,-0.20111699402332306,-0.04023824175819755,0.05842701755464077,0.0,0.20049696341156958,-0.17656823694705964,-0.20111699402332306
720,14.59375,-0.20928829908370972,-0.0353417725302279,0.09245091825723648,0.0,0.2001622274518013,-0.1799544282257557,-0.20928829908370972
730,13.71875,-0.20167434215545654,-0.04120655916631222,0.04464369229972363,0.0,0.2013381153345108,-0.17501935213804246,-0.20167434215545654
740,14.40625,-0.21058516204357147,-0.04716742020100355,0.03873138278722763,0.0,0.2004170946776867,-0.1814122773706913,-0.21058516204357147
750,15.34375,-0.19407930970191956,-0.04430217836052179,0.05783237218856811,0.0,0.20078654810786248,-0.17439071461558342,-0.19407930970191956
760,17.375,-0.22348691523075104,-0.03402727209031582,0.14940030351281167,0.0,0.2000719465315342,-0.18431562259793283,-0.22348691523075104
770,14.5625,-0.20545221865177155,-0.04275524918921292,0.0366717703640461,0.0,0.20182950049638748,-0.17590998709201813,-0.20545221865177155
780,14.5625,-0.22365215420722961,-0.04150663148611784,0.047266360744833945,0.0,0.2018378645181656,-0.18288574740290642,-0.22365215420722961
790,11.15625,-0.1967083215713501,-0.04103220999240875,0.03407487012445927,0.0,0.2006336532533169,-0.17727589458227158,-0.1967083215713501
800,14.15625,-0.2244921326637268,-0.04044027915224433,0.02563563771545887,0.0,0.20300760269165039,-0.18192999064922333,-0.2244921326637268
810,13.90625,-0.1876552700996399,-0.041248302720487115,0.04763800725340843,0.0,0.2033744975924492,-0.17612452954053878,-0.1876552700996399
820,12.59375,-0.2028225064277649,-0.04419850949198008,0.04705112464725971,0.0,0.203066573292017,-0.17401477247476577,-0.2028225064277649
830,16.28125,-0.19071486592292786,-0.03982330858707428,0.028547416627407073,0.0,0.20271529927849768,-0.17409347295761107,-0.19071486592292786
840,14.75,-0.1983085572719574,-0.033749875612556934,0.0824393566697836,0.0,0.2032473586499691,-0.18429276421666146,-0.1983085572719574
850,15.40625,-0.19833534955978394,-0.041151107847690584,0.046427851915359496,0.0,0.20390014052391053,-0.17320427671074867,-0.19833534955978394
860,12.65625,-0.20361310243606567,-0.039958801958709954,0.039750904962420466,0.0,0.20361545234918593,-0.17904623672366143,-0.20361310243606567
870,17.34375,-0.17978939414024353,-0.031151293171569706,0.11781644970178604,0.0,0.20408639386296273,-0.1692674160003662,-0.17978939414024353
880,13.09375,-0.19229161739349365,-0.04337352141737938,0.05820465609431267,0.0,0.20439703911542892,-0.17616787999868394,-0.19229161739349365
890,16.71875,-0.19037474691867828,-0.037500725500285624,0.02317911069840193,0.0,0.20580539628863334,-0.1681058220565319,-0.19037474691867828
900,14.5,-0.19215959310531616,-0.04329505637288093,0.04830711558461189,0.0,0.20532245710492134,-0.1698133774101734,-0.19215959310531616
910,17.53125,-0.1892244517803192,-0.045925282314419745,0.03258834723383188,0.0,0.20585078671574591,-0.17092624306678772,-0.1892244517803192
920,16.28125,-0.1798371970653534,-0.0375345416367054,0.03140340596437454,0.0,0.20536314845085143,-0.1647988647222519,-0.1798371970653534
930,16.875,-0.19680887460708618,-0.03846966996788979,0.0439481146633625,0.0,0.2057121478021145,-0.1728620320558548,-0.19680887460708618
940,15.9375,-0.2176281064748764,-0.04346110317856074,0.067753866314888,0.0,0.20458489358425141,-0.1755485489964485,-0.2176281064748764
950,14.40625,-0.18647359311580658,-0.0384718768298626,0.027460094541311264,0.0,0.20517621859908103,-0.1739147737622261,-0.18647359311580658
960,16.40625,-0.19853587448596954,-0.04098404310643673,0.055558395385742185,0.0,0.20550891309976577,-0.17722537741065025,-0.19853587448596954
970,15.28125,-0.21065998077392578,-0.043102943897247316,0.07114439606666564,0.0,0.20607127994298935,-0.1784381978213787,-0.21065998077392578
980,15.84375,-0.19714748859405518,-0.04149825200438499,0.06300735063850879,0.0,0.20498957484960556,-0.17397065162658693,-0.19714748859405518
990,15.09375,-0.19495074450969696,-0.042562530003488065,0.06097154542803764,0.0,0.20573735237121582,-0.17629499658942221,-0.19495074450969696
1000,13.15625,-0.2066074162721634,-0.04163022954016924,0.0328548988327384,0.0,0.20509950444102287,-0.17769015431404114,-0.2066074162721634
1010,14.34375,-0.18557938933372498,-0.03345148824155331,0.03205784931778908,0.0,0.20472382605075837,-0.17353485524654388,-0.18557938933372498
1020,11.9375,-0.2188892662525177,-0.04449852928519249,0.021270755492150784,0.0,0.20408580154180528,-0.183345540612936,-0.2188892662525177
1030,16.75,-0.1900564432144165,-0.04383754599839449,0.03393003437668085,0.0,0.20364795625209808,-0.16668294742703438,-0.1900564432144165
1040,12.9375,-0.17857156693935394,-0.041593081690371035,0.02835846059024334,0.0,0.20222632363438606,-0.17869757488369942,-0.17857156693935394
1050,14.03125,-0.2032383680343628,-0.04089385885745287,0.030223933421075343,0.0,0.20526728481054307,-0.17568853721022606,-0.2032383680343628
1060,14.625,-0.19985438883304596,-0.032266684155911204,0.060527600720524787,0.0,0.2047206938266754,-0.17260519787669182,-0.19985438883304596
1070,20.15625,-0.19525253772735596,-0.04042094359174371,0.023257808201014994,0.0,0.20534906908869743,-0.17440795972943307,-0.19525253772735596
1080,20.15625,-0.19475802779197693,-0.042813328467309474,0.03163712397217751,0.0,0.20553636103868483,-0.1718469500541687,-0.19475802779197693
1090,14.875,-0.19642670452594757,-0.0432698299176991,0.04459473080933094,0.0,0.20408916026353835,-0.1786629691720009,-0.19642670452594757
1100,19.9375,-0.19907908141613007,-0.04392062956467271,0.02486569806933403,0.0,0.20446739867329597,-0.16767659932374954,-0.19907908141613007
1110,21.4375,-0.2226417511701584,-0.041196263022720815,0.029817890375852585,0.0,0.20571279376745225,-0.17865434512495995,-0.2226417511701584
1120,16.75,-0.18113863468170166,-0.03642127439379692,0.04336889833211899,0.0,0.2050244577229023,-0.17408952116966248,-0.18113863468170166
1130,20.40625,-0.20222893357276917,-0.03723166026175022,0.02011284399777651,0.0,0.20506500005722045,-0.174543160200119,-0.20222893357276917
1140,19.53125,-0.20860369503498077,-0.040432460512965916,0.01715489299967885,0.0,0.20403341576457024,-0.17351683229207993,-0.20860369503498077
1150,14.1875,-0.20013447105884552,-0.04117422821000218,0.019730924721807243,0.0,0.20515163466334344,-0.17285625860095025,-0.20013447105884552
1160,14.21875,-0.22194558382034302,-0.04227126259356737,0.03376225903630257,0.0,0.20650723427534104,-0.17275803163647652,-0.22194558382034302
1170,19.4375,-0.18001523613929749,-0.03982769325375557,0.02483968883752823,0.0,0.20717806592583657,-0.16951949074864386,-0.18001523613929749
1180,16.8125,-0.22159415483474731,-0.04517679121345282,0.03410938121378422,0.0,0.2053535372018814,-0.17874080166220666,-0.22159415483474731
1190,17.59375,-0.18253013491630554,-0.03715696521103382,0.05147507581859827,0.0,0.20771842300891877,-0.17725067883729934,-0.18253013491630554
1200,15.78125,-0.18701013922691345,-0.040528752468526365,0.02091204971075058,0.0,0.20821050181984901,-0.175325645506382,-0.18701013922691345
1210,19.71875,-0.19532105326652527,-0.03761094883084297,0.04162280112504959,0.0,0.20824920013546944,-0.17100839987397193,-0.19532105326652527
1220,17.0,-0.21213456988334656,-0.036896344646811484,0.022228750213980675,0.0,0.20980478897690774,-0.1805327467620373,-0.21213456988334656
1230,14.59375,-0.19915735721588135,-0.04451323254033923,0.024396731331944466,0.0,0.2101842448115349,-0.17238160446286202,-0.19915735721588135
1240,21.625,-0.21302777528762817,-0.03615871015936136,0.017721721064299346,0.0,0.21050667092204095,-0.16671051010489463,-0.21302777528762817
1250,16.5,-0.189557746052742,-0.04179959809407592,0.02532861940562725,0.0,0.20808378979563713,-0.16985702365636826,-0.189557746052742
1260,19.21875,-0.19732338190078735,-0.02886774055659771,0.055077667161822316,0.0,0.20647936090826988,-0.1721549727022648,-0.19732338190078735
1270,15.09375,-0.20166227221488953,-0.04135350659489632,0.022588285245001317,0.0,0.20806123241782187,-0.1764270231127739,-0.20166227221488953
1280,12.8125,-0.17889612913131714,-0.04365072250366211,0.02194306217133999,0.0,0.2082583948969841,-0.17052772343158723,-0.17889612913131714
1290,17.09375,-0.19292402267456055,-0.04156037531793118,0.035462405905127524,0.0,0.20801617875695227,-0.16593862548470498,-0.19292402267456055
1300,16.40625,-0.1980164647102356,-0.0371724555734545,0.06829435005784035,0.0,0.20576536804437637,-0.17558604776859282,-0.1980164647102356
1310,16.375,-0.21357882022857666,-0.03413777747191489,0.057139886915683745,0.0,0.20679019540548324,-0.17524352818727493,-0.21357882022857666
1320,21.6875,-0.1932670921087265,-0.03533456586301327,0.020357654243707658,0.0,0.2084166720509529,-0.16288892179727554,-0.1932670921087265
1330,21.21875,-0.20495709776878357,-0.03830570820719004,0.02766859605908394,0.0,0.20711168721318246,-0.1733839511871338,-0.20495709776878357
1340,18.15625,-0.16058269143104553,-0.042574563343077895,0.03445791620761156,0.0,0.20835109129548074,-0.16966849192976952,-0.16058269143104553
1350,14.8125,-0.18772171437740326,-0.04070905651897192,0.04540892317891121,0.0,0.20588477477431297,-0.17862530574202537,-0.18772171437740326
1360,22.8125,-0.18817394971847534,-0.0398323368281126,0.017500032484531403,0.0,0.2074818417429924,-0.1715023122727871,-0.18817394971847534
1370,17.96875,-0.18727706372737885,-0.03813977614045143,0.020791523903608323,0.0,0.20798746645450591,-0.17193870842456818,-0.18727706372737885
1380,19.53125,-0.19926822185516357,-0.04239881094545126,0.02134509161114693,0.0,0.2083897814154625,-0.17557120248675345,-0.19926822185516357
1390,19.1875,-0.20394203066825867,-0.03233723491430283,0.02607517670840025,0.0,0.20807765498757363,-0.1736622966825962,-0.20394203066825867
1400,18.1875,-0.15100528299808502,-0.03943245932459831,0.03276066742837429,0.0,0.20752255618572235,-0.16643169783055783,-0.15100528299808502
1410,16.6875,-0.1771838665008545,-0.04130009897053242,0.021927415579557418,0.0,0.2073480173945427,-0.17570323795080184,-0.1771838665008545
1420,15.3125,-0.20493003726005554,-0.03746748119592667,0.0585968341678381,0.0,0.20689784958958626,-0.18085639402270318,-0.20493003726005554
1430,19.625,-0.16318745911121368,-0.03395446203649044,0.027189840748906135,0.0,0.20777588337659836,-0.17232126817107202,-0.16318745911121368
1440,16.28125,-0.18036361038684845,-0.038218991830945015,0.038895980641245845,0.0,0.2090284951031208,-0.17927925586700438,-0.18036361038684845
1450,19.625,-0.19732028245925903,-0.04131097979843616,0.020753534883260726,0.0,0.2106168709695339,-0.17827584221959114,-0.19732028245925903
1460,16.875,-0.17559382319450378,-0.03180692661553621,0.1553025759756565,0.0,0.21122126877307892,-0.1730511099100113,-0.17559382319450378
1470,21.5,-0.18650391697883606,-0.04195358753204346,0.020719337835907937,0.0,0.2094908870756626,-0.17887750640511513,-0.18650391697883606
1480,23.71875,-0.1731434464454651,-0.028161199390888215,0.09878991805016994,0.0,0.2105306141078472,-0.1812998965382576,-0.1731434464454651
1490,15.75,-0.18038412928581238,-0.04207818768918514,0.02581902090460062,0.0,0.2106199786067009,-0.17683714032173156,-0.18038412928581238
1500,18.40625,-0.19271087646484375,-0.0386932035908103,0.02473400942981243,0.0,0.21178075894713402,-0.16739227697253228,-0.19271087646484375
1510,13.71875,-0.18821686506271362,-0.0393241785466671,0.025799710117280484,0.0,0.21134992465376853,-0.17988840639591216,-0.18821686506271362
1520,18.6875,-0.2172740399837494,-0.04211616590619087,0.031831253133714196,0.0,0.21438975706696511,-0.18584660664200783,-0.2172740399837494
1530,19.125,-0.19040799140930176,-0.03477511452510953,0.04528331849724054,0.0,0.21288090497255324,-0.17500935196876527,-0.19040799140930176
1540,16.125,-0.210823655128479,-0.03258567675948143,0.13039972260594368,0.0,0.21508379131555558,-0.1843339316546917,-0.210823655128479
1550,15.21875,-0.16781267523765564,-0.03812719397246837,0.027943088486790658,0.0,0.21448548138141632,-0.18529475033283233,-0.16781267523765564
1560,18.71875,-0.19503828883171082,-0.045541025884449485,0.04965103976428509,0.0,0.21534237042069435,-0.18118781819939614,-0.19503828883171082
1570,13.375,-0.21718426048755646,-0.036257213354110716,0.11980117708444596,0.0,0.21561044305562974,-0.17457322999835015,-0.21718426048755646
1580,14.59375,-0.19322869181632996,-0.041408568248152734,0.0269524697214365,0.0,0.21682870388031006,-0.181620292365551,-0.19322869181632996
1590,16.125,-0.18258029222488403,-0.04345406880602241,0.03193124253302813,0.0,0.2169344060122967,-0.18117787167429925,-0.18258029222488403
1600,12.6875,-0.19955900311470032,-0.03666657926514745,0.0701774436980486,0.0,0.2180778719484806,-0.18125447928905486,-0.19955900311470032
1610,17.6875,-0.21025115251541138,-0.031427526101469996,0.19824036508798598,0.0,0.21757166981697082,-0.18082035779953004,-0.21025115251541138
1620,20.28125,-0.17292332649230957,-0.02975625656545162,0.19903670400381088,0.0,0.21920667365193366,-0.17076788917183877,-0.17292332649230957
1630,16.625,-0.18941502273082733,-0.029252531193196773,0.07535665109753609,0.0,0.2190649576485157,-0.18830871805548668,-0.18941502273082733
1640,14.5,-0.22176355123519897,-0.03711867984384298,0.11118475869297981,0.0,0.22253640443086625,-0.1845608688890934,-0.22176355123519897
1650,20.625,-0.20218417048454285,-0.04072628691792488,0.027593216486275197,0.0,0.22326482757925986,-0.1646576389670372,-0.20218417048454285
1660,20.125,-0.1894986778497696,-0.038403053767979145,0.02131787594407797,0.0,0.22320711240172386,-0.1817290738224983,-0.1894986778497696
1670,16.53125,-0.20072421431541443,-0.041261816024780275,0.031131043657660486,0.0,0.22300848886370658,-0.18109002336859703,-0.20072421431541443
1680,24.15625,-0.1844353973865509,-0.03659246526658535,0.021357803791761398,0.0,0.22469040676951407,-0.1671571873128414,-0.1844353973865509
1690,17.78125,-0.207913339138031,-0.04045077441260218,0.030916097201406957,0.0,0.22266918644309044,-0.17404871582984924,-0.207913339138031
1700,17.09375,-0.2036500871181488,-0.04722935557365417,0.02494608871638775,0.0,0.224538441747427,-0.18150994628667833,-0.2036500871181488
1710,22.53125,-0.19553089141845703,-0.04477974437177181,0.04515896327793598,0.0,0.22733918577432632,-0.17537416741251946,-0.19553089141845703
1720,16.28125,-0.20108562707901,-0.04180994657799601,0.05082662329077721,0.0,0.22678947523236276,-0.17485754564404488,-0.20108562707901
1730,21.90625,-0.15731704235076904,-0.044800936430692676,0.02459945734590292,0.0,0.22862896993756293,-0.16766288578510286,-0.15731704235076904
1740,14.09375,-0.20197977125644684,-0.04352812459692359,0.03587996568530798,0.0,0.22973597571253776,-0.16688961088657378,-0.20197977125644684
1750,15.9375,-0.16559827327728271,-0.03518533483147621,0.045724381878972056,0.0,0.22957014739513398,-0.16020900756120682,-0.16559827327728271
1760,15.8125,-0.2001703977584839,-0.03952135182917118,0.039061743021011355,0.0,0.231474856287241,-0.1642311304807663,-0.2001703977584839
1770,21.28125,-0.17172814905643463,-0.04165332205593586,0.025724468007683753,0.0,0.23143549710512162,-0.16257284656167031,-0.17172814905643463
1780,14.34375,-0.15941783785820007,-0.04165767887607217,0.027164224535226822,0.0,0.22960412874817848,-0.16145626828074455,-0.15941783785820007
1790,21.90625,-0.16572074592113495,-0.040874219872057437,0.021523805148899556,0.0,0.2352767616510391,-0.1594982624053955,-0.16572074592113495
1800,19.65625,-0.16696646809577942,-0.04264692012220621,0.022738303989171982,0.0,0.2363156720995903,-0.1630683273077011,-0.16696646809577942
1810,16.90625,-0.14995801448822021,-0.04221630226820707,0.023063568770885466,0.0,0.2369865283370018,-0.16769783124327658,-0.14995801448822021
1820,17.0625,-0.1875261664390564,-0.044923403114080426,0.029612054862082005,0.0,0.23669394329190255,-0.16048724129796027,-0.1875261664390564
1830,20.34375,-0.1861358880996704,-0.04359639249742031,0.023987824842333794,0.0,0.23731191083788872,-0.152375702932477,-0.1861358880996704
1840,20.09375,-0.15674611926078796,-0.04309270065277815,0.025594544224441053,0.0,0.23677273988723754,-0.15599883422255517,-0.15674611926078796
1850,21.40625,-0.17166554927825928,-0.039980139955878256,0.024540549889206887,0.0,0.2385251671075821,-0.15605719424784184,-0.17166554927825928
1860,18.875,-0.18293416500091553,-0.0365292264148593,0.06290128119289876,0.0,0.23902081027626992,-0.1534038532525301,-0.18293416500091553
1870,25.6875,-0.1590593308210373,-0.043300440348684785,0.02476377282291651,0.0,0.24082757383584977,-0.14850127026438714,-0.1590593308210373
1880,23.1875,-0.19345416128635406,-0.02927570613101125,0.13889014422893525,0.0,0.24087683334946633,-0.16505044996738433,-0.19345416128635406
1890,14.09375,-0.18044623732566833,-0.040425051003694534,0.03251155167818069,0.0,0.24003414288163186,-0.15864853113889693,-0.18044623732566833
1900,18.0625,-0.18933004140853882,-0.04337135553359985,0.0258140804246068,0.0,0.24370203912258148,-0.14386967048048974,-0.18933004140853882
1910,12.0625,-0.1809069812297821,-0.042907589487731455,0.0309300409629941,0.0,0.24683924168348312,-0.1594465084373951,-0.1809069812297821
1920,20.34375,-0.1517716348171234,-0.04151367973536253,0.062241996824741366,0.0,0.24554870128631592,-0.1476601216942072,-0.1517716348171234
1930,22.78125,-0.15720726549625397,-0.044395031221210954,0.053917578607797625,0.0,0.24792370349168777,-0.14741811864078044,-0.15720726549625397
1940,20.0,-0.15031492710113525,-0.037876005936414006,0.041258151456713674,0.0,0.2475806273519993,-0.14842984527349473,-0.15031492710113525
1950,13.53125,-0.1612931340932846,-0.04005249999463558,0.040028061345219614,0.0,0.2486666388809681,-0.16185666285455227,-0.1612931340932846
1960,19.1875,-0.18255400657653809,-0.0356035178527236,0.07320718504488469,0.0,0.2519992828369141,-0.14484649188816548,-0.18255400657653809
1970,15.65625,-0.14516082406044006,-0.037585034221410754,0.03062454778701067,0.0,0.25056533664464953,-0.13931263722479342,-0.14516082406044006
1980,25.3125,-0.17950740456581116,-0.03973833676427603,0.029154908284544943,0.0,0.25156205892562866,-0.14009162783622742,-0.17950740456581116
1990,21.03125,-0.1424277126789093,-0.04107196442782879,0.01813621036708355,0.0,0.25057182684540746,-0.14144798330962657,-0.1424277126789093
2000,20.0,-0.14915959537029266,-0.03914581788703799,0.026966285705566407,0.0,0.25471273213624956,-0.14357497841119765,-0.14915959537029266
2010,19.1875,-0.14414659142494202,-0.036725486256182195,0.020898037403821946,0.0,0.2551661342382431,-0.13713874742388726,-0.14414659142494202
2020,21.40625,-0.13563662767410278,-0.04104200005531311,0.029997607693076134,0.0,0.2563361577689648,-0.1311213221400976,-0.13563662767410278
2030,21.53125,-0.17284619808197021,-0.04347888007760048,0.019484233949333428,0.0,0.2569235607981682,-0.14655474573373795,-0.17284619808197021
2040,21.15625,-0.16296717524528503,-0.04655818548053503,0.018928304966539144,0.0,0.25544383078813554,-0.14240523055195808,-0.16296717524528503
2050,18.21875,-0.17335927486419678,-0.041365671902894974,0.024289309792220593,0.0,0.2558472119271755,-0.137224979698658,-0.17335927486419678
2060,25.59375,-0.13458934426307678,-0.03918646648526192,0.04020359925925732,0.0,0.25739303082227705,-0.1299031563103199,-0.13458934426307678
2070,16.78125,-0.154428631067276,-0.044162849243730304,0.028128747642040253,0.0,0.2587797731161118,-0.13621458299458028,-0.154428631067276
2080,14.5,-0.13855411112308502,-0.037598750367760655,0.02139395996928215,0.0,0.25718563944101336,-0.12542916946113108,-0.13855411112308502
2090,17.46875,-0.1554105281829834,-0.03991923537105322,0.042042944580316544,0.0,0.2577252373099327,-0.12791075929999352,-0.1554105281829834
2100,18.15625,-0.11381959915161133,-0.03819474801421165,0.020220947824418543,0.0,0.2595298752188683,-0.13839515596628188,-0.11381959915161133
2110,17.5,-0.15612953901290894,-0.039385365508496764,0.021764788217842578,0.0,0.2610649436712265,-0.13253333643078805,-0.15612953901290894
2120,17.71875,-0.17484498023986816,-0.04559009969234466,0.022274109534919262,0.0,0.25896495431661604,-0.13673830963671207,-0.17484498023986816
2130,21.9375,-0.15703770518302917,-0.038538893777877094,0.019484634138643743,0.0,0.2615096390247345,-0.12430712915956973,-0.15703770518302917
2140,20.3125,-0.15912622213363647,-0.042591115832328795,0.03067867662757635,0.0,0.25991487950086595,-0.12947014793753625,-0.15912622213363647
2150,19.34375,-0.1461692452430725,-0.04012186285108328,0.028837837837636472,0.0,0.2609520718455315,-0.12848600894212722,-0.1461692452430725
2160,22.34375,-0.15579944849014282,-0.04193404484540224,0.027911005541682243,0.0,0.2605500489473343,-0.13058205284178256,-0.15579944849014282
2170,23.375,-0.17189905047416687,-0.030093646608293056,0.18157411441206933,0.0,0.26312435567379,-0.13282528035342694,-0.17189905047416687
2180,19.6875,-0.13120484352111816,-0.04028342608362436,0.019791236519813536,0.0,0.2619660049676895,-0.1166173618286848,-0.13120484352111816
2190,19.59375,-0.11941505968570709,-0.041959854494780305,0.023414512537419795,0.0,0.26176083981990816,-0.12403826564550399,-0.11941505968570709
2200,20.15625,-0.12424606829881668,-0.042029524501413104,0.027187213115394116,0.0,0.2635375991463661,-0.12005952782928944,-0.12424606829881668
2210,21.34375,-0.13298824429512024,-0.0359793895855546,0.022060535755008458,0.0,0.2654659301042557,-0.12642800100147725,-0.13298824429512024
2220,21.28125,-0.15705490112304688,-0.04068268686532974,0.02538002301007509,0.0,0.2651098266243935,-0.12421956136822701,-0.15705490112304688
2230,19.125,-0.17725586891174316,-0.038683249382302165,0.028327997587621213,0.0,0.26537867486476896,-0.1296439077705145,-0.17725586891174316
2240,21.3125,-0.13182291388511658,-0.04139521112665534,0.02820102535188198,0.0,0.2660466730594635,-0.1275013241916895,-0.13182291388511658
2250,20.53125,-0.1359809935092926,-0.04165612924844027,0.020255878940224646,0.0,0.2653576359152794,-0.12308527864515781,-0.1359809935092926
2260,20.90625,-0.15301771461963654,-0.04649488152936101,0.028553476557135582,0.0,0.2654313623905182,-0.12192278280854225,-0.15301771461963654
2270,18.6875,-0.15708878636360168,-0.04224401488900185,0.024687724374234676,0.0,0.2641770035028458,-0.1347450263798237,-0.15708878636360168
2280,15.8125,-0.15637226402759552,-0.04572728574275971,0.058942447602748874,0.0,0.26505712121725084,-0.1257904876023531,-0.15637226402759552
2290,22.40625,-0.13302737474441528,-0.03790819048881531,0.02213231399655342,0.0,0.26601460874080657,-0.11623869985342025,-0.13302737474441528
2300,20.875,-0.1268051713705063,-0.03781218566000462,0.03703493177890778,0.0,0.26304135769605635,-0.1258978582918644,-0.1268051713705063
2310,18.84375,-0.14639991521835327,-0.03948684334754944,0.018859201949089764,0.0,0.26460708528757093,-0.13547016493976116,-0.14639991521835327
2320,22.3125,-0.14567407965660095,-0.04027383532375097,0.015285399928689002,0.0,0.2663661688566208,-0.12814586907625197,-0.14567407965660095
2330,21.5625,-0.11333225667476654,-0.04046266470104456,0.019912919029593468,0.0,0.26726866513490677,-0.11822370141744613,-0.11333225667476654
2340,16.90625,-0.1790311485528946,-0.04143389854580164,0.0935374528169632,0.0,0.26600239276885984,-0.1359468638896942,-0.1790311485528946
2350,20.25,-0.12883082032203674,-0.03755346462130547,0.021352995093911885,0.0,0.26517757922410967,-0.13238812871277333,-0.12883082032203674
2360,22.71875,-0.12907350063323975,-0.04440293051302433,0.025642906688153742,0.0,0.26595005095005037,-0.119194520637393,-0.12907350063323975
2370,19.0625,-0.12469816207885742,-0.042576801404356955,0.019158092327415943,0.0,0.26437956988811495,-0.11801608800888061,-0.12469816207885742
2380,17.03125,-0.12678010761737823,-0.04027031399309635,0.021941597759723663,0.0,0.2645363360643387,-0.12316704504191875,-0.12678010761737823
2390,24.0,-0.12772130966186523,-0.04038693867623806,0.02084004171192646,0.0,0.26562664806842806,-0.1243845485150814,-0.12772130966186523
2400,20.125,-0.15627679228782654,-0.04192650932818651,0.03345856554806233,0.0,0.26433293223381044,-0.127891069278121,-0.15627679228782654
2410,18.75,-0.12709137797355652,-0.040397821366786955,0.019245499558746815,0.0,0.2636323183774948,-0.13210806362330912,-0.12709137797355652
2420,22.34375,-0.11711712181568146,-0.04181627258658409,0.018669790867716075,0.0,0.26508609503507613,-0.12884012646973134,-0.11711712181568146
2430,18.53125,-0.1680683195590973,-0.0404493423178792,0.03489854745566845,0.0,0.26383169293403624,-0.13586124926805496,-0.1680683195590973
2440,13.6875,-0.16547170281410217,-0.04291538940742612,0.02905671261250973,0.0,0.2650615707039833,-0.13030887953937054,-0.16547170281410217
2450,23.53125,-0.1414051204919815,-0.039551076106727125,0.038971005007624626,0.0,0.2632595136761665,-0.13225987665355204,-0.1414051204919815
2460,19.0,-0.13465219736099243,-0.04020216995850205,0.015532234031707049,0.0,0.26490355730056764,-0.12119481414556503,-0.13465219736099243
2470,20.15625,-0.14573895931243896,-0.04327864926308393,0.042808563075959684,0.0,0.26787685602903366,-0.11502554453909397,-0.14573895931243896
2480,19.5625,-0.11952750384807587,-0.042889393493533136,0.028171443194150925,0.0,0.2656694039702415,-0.12447842136025429,-0.11952750384807587
2490,16.625,-0.15383431315422058,-0.04576096087694168,0.029987860657274722,0.0,0.26781596839427946,-0.1304105993360281,-0.15383431315422058
2500,24.15625,-0.12712416052818298,-0.030157851055264473,0.05793845616281033,0.0,0.2669587299227715,-0.1262522254139185,-0.12712416052818298
2510,20.75,-0.15787562727928162,-0.04377458263188601,0.024737278744578362,0.0,0.26540525257587433,-0.12953178361058235,-0.15787562727928162
2520,19.4375,-0.15743491053581238,-0.04252383504062891,0.02463468536734581,0.0,0.2659804508090019,-0.13359686322510242,-0.15743491053581238
2530,16.125,-0.11447773873806,-0.04514338541775942,0.027348015643656253,0.0,0.2649906978011131,-0.1283688321709633,-0.11447773873806
2540,19.84375,-0.12866798043251038,-0.03544905139133334,0.036313618533313274,0.0,0.2672258287668228,-0.11571679003536701,-0.12866798043251038
2550,18.8125,-0.13946500420570374,-0.03679573452100158,0.030846521817147733,0.0,0.2663614809513092,-0.12560613937675952,-0.13946500420570374
2560,18.28125,-0.14006850123405457,-0.041439898777753115,0.019603303261101247,0.0,0.2671047791838646,-0.1323305808007717,-0.14006850123405457
2570,23.09375,-0.14605115354061127,-0.039376177545636895,0.032286479882895944,0.0,0.2663034275174141,-0.13332527317106724,-0.14605115354061127
2580,17.25,-0.1787531077861786,-0.04452220313251019,0.03235876094549894,0.0,0.26639997959136963,-0.13200635388493537,-0.1787531077861786
2590,18.28125,-0.1605147421360016,-0.045578898303210734,0.03022592645138502,0.0,0.2687440127134323,-0.13429717980325223,-0.1605147421360016
2600,17.375,-0.13362696766853333,-0.03838377613574266,0.03469891361892223,0.0,0.2686032548546791,-0.12249531112611294,-0.13362696766853333
2610,15.6875,-0.13036981225013733,-0.04490221068263054,0.02985974121838808,0.0,0.26936523616313934,-0.1405729241669178,-0.13036981225013733
2620,23.625,-0.1370999962091446,-0.035617791628465054,0.09948952570557594,0.0,0.2642829596996307,-0.13544957265257834,-0.1370999962091446
2630,18.625,-0.12944400310516357,-0.0470010083168745,0.021653043292462825,0.0,0.2634889200329781,-0.1400284267961979,-0.12944400310516357
2640,17.84375,-0.14362496137619019,-0.04673285838216543,0.02992858849465847,0.0,0.2615282475948334,-0.13596735335886478,-0.14362496137619019
2650,18.21875,-0.1414487063884735,-0.042765929363667965,0.027854620292782784,0.0,0.2614750012755394,-0.13729154616594313,-0.1414487063884735
2660,20.53125,-0.1421443372964859,-0.04744514478370547,0.01671023527160287,0.0,0.2641431450843811,-0.13099404238164425,-0.1421443372964859
2670,22.0,-0.12936508655548096,-0.04350357539951801,0.021245700679719447,0.0,0.2662117674946785,-0.12561597898602486,-0.12936508655548096
2680,16.96875,-0.13735294342041016,-0.04116146247833967,0.017556524369865656,0.0,0.2674504056572914,-0.1295457947999239,-0.13735294342041016
2690,22.46875,-0.13684909045696259,-0.04110250268131495,0.0422080472111702,0.0,0.269679594039917,-0.12753677926957607,-0.13684909045696259
2700,18.78125,-0.15025046467781067,-0.0428059309720993,0.04251850508153439,0.0,0.2700388193130493,-0.1285357654094696,-0.15025046467781067
2710,22.1875,-0.16555367410182953,-0.03983793053776026,0.019927219673991203,0.0,0.2713703602552414,-0.13691034391522408,-0.16555367410182953
2720,24.5625,-0.14209580421447754,-0.043440905213356015,0.023717336915433408,0.0,0.27196999788284304,-0.12796065099537374,-0.14209580421447754
2730,22.4375,-0.13323616981506348,-0.044454780966043474,0.02577362647280097,0.0,0.2720975264906883,-0.1302411761134863,-0.13323616981506348
2740,16.1875,-0.14049527049064636,-0.03206521943211556,0.04893986824899912,0.0,0.27108303606510165,-0.12579431794583798,-0.14049527049064636
2750,19.25,-0.15210461616516113,-0.04487290065735579,0.05101260058581829,0.0,0.2743931904435158,-0.12528905645012856,-0.15210461616516113
2760,19.59375,-0.1091703549027443,-0.042834943253546955,0.03358422853052616,0.0,0.27377328723669053,-0.12734657973051072,-0.1091703549027443
2770,21.21875,-0.14788475632667542,-0.03553726114332676,0.035225598514080046,0.0,0.27388993054628374,-0.12391724586486816,-0.14788475632667542
2780,25.34375,-0.12696948647499084,-0.04013363653793931,0.01820991225540638,0.0,0.2744477912783623,-0.1289322953671217,-0.12696948647499084
2790,20.4375,-0.12852931022644043,-0.04185166340321302,0.023302456736564635,0.0,0.27593728601932527,-0.13015457428991795,-0.12852931022644043
2800,18.96875,-0.1404886394739151,-0.04119251295924187,0.027487442642450333,0.0,0.2762143075466156,-0.12950893938541413,-0.1404886394739151
2810,19.5625,-0.13430123031139374,-0.04304935056716204,0.017712781112641095,0.0,0.2728508159518242,-0.1313059639185667,-0.13430123031139374
2820,19.25,-0.1380104273557663,-0.04340570904314518,0.025662458129227163,0.0,0.2723199188709259,-0.13994413167238234,-0.1380104273557663
2830,22.65625,-0.1407364308834076,-0.03919748440384865,0.024491896852850914,0.0,0.2725914016366005,-0.1279508899897337,-0.1407364308834076
2840,17.90625,-0.14738613367080688,-0.03978285901248455,0.02005247138440609,0.0,0.272804856300354,-0.13343032784759998,-0.14738613367080688
2850,19.0625,-0.1460878551006317,-0.04506767392158508,0.018342762254178524,0.0,0.2738903909921646,-0.1271817971020937,-0.1460878551006317
2860,22.9375,-0.14898651838302612,-0.0378120340872556,0.03792950138449669,0.0,0.2761780843138695,-0.13316571153700352,-0.14898651838302612
2870,23.09375,-0.13360926508903503,-0.04301289850845933,0.02651060651987791,0.0,0.2755491822957993,-0.12113415971398353,-0.13360926508903503
2880,16.5625,-0.10992880910634995,-0.039485970558598635,0.02748683895915747,0.0,0.2755141854286194,-0.1291863027960062,-0.10992880910634995
2890,21.78125,-0.1271573156118393,-0.0421661514788866,0.030442244745790957,0.0,0.274667988717556,-0.11938255466520786,-0.1271573156118393
2900,19.21875,-0.1629134714603424,-0.043813333939760925,0.030023621022701265,0.0,0.2746284455060959,-0.12951646298170089,-0.1629134714603424
2910,22.53125,-0.10776430368423462,-0.0449849696829915,0.026614366658031942,0.0,0.275846491754055,-0.12707508727908134,-0.10776430368423462
2920,19.875,-0.1255388706922531,-0.042119445744901896,0.032329768873751163,0.0,0.27659065574407576,-0.11419137641787529,-0.1255388706922531
2930,18.6875,-0.11616504937410355,-0.044139201194047926,0.02858586311340332,0.0,0.2759820267558098,-0.12009702511131763,-0.11616504937410355
2940,19.59375,-0.14458811283111572,-0.04209473840892315,0.03265337571501732,0.0,0.2746080935001373,-0.12404350116848946,-0.14458811283111572
2950,17.875,-0.12877216935157776,-0.03835070934146643,0.03973240852355957,0.0,0.2726533651351929,-0.1282391656190157,-0.12877216935157776
2960,17.1875,-0.1478324830532074,-0.04346259441226721,0.03903293013572693,0.0,0.27136798948049545,-0.13039673753082753,-0.1478324830532074
2970,19.34375,-0.12145844101905823,-0.044064066000282766,0.02544117271900177,0.0,0.2720563977956772,-0.1229408722370863,-0.12145844101905823
2980,19.625,-0.15708324313163757,-0.04834956079721451,0.02790251299738884,0.0,0.27420618385076523,-0.12666390873491765,-0.15708324313163757
2990,23.15625,-0.1319582462310791,-0.04239904163405299,0.030808024667203428,0.0,0.2748714476823807,-0.11921132169663906,-0.1319582462310791
3000,19.75,-0.12329903990030289,-0.03921882957220078,0.04089013170450926,0.0,0.27400530576705934,-0.12146421894431114,-0.12329903990030289
3010,15.71875,-0.12260504066944122,-0.037357494793832303,0.0481470450758934,0.0,0.2720097184181213,-0.1236353263258934,-0.12260504066944122
3020,21.5,-0.15283897519111633,-0.04420106541365385,0.03792543690651655,0.0,0.271453732252121,-0.12562501356005668,-0.15283897519111633
3030,16.84375,-0.16285064816474915,-0.0347263939678669,0.13731121197342872,0.0,0.2716664090752602,-0.12303299754858017,-0.16285064816474915
3040,19.15625,-0.13898666203022003,-0.04370901575312018,0.03229920696467161,0.0,0.27136406004428865,-0.13005409426987172,-0.13898666203022003
3050,17.03125,-0.1318197101354599,-0.04880551546812058,0.04342254586517811,0.0,0.2717617332935333,-0.12957859970629215,-0.1318197101354599
3060,19.8125,-0.13033804297447205,-0.039995660074055195,0.04476948007941246,0.0,0.2706244051456451,-0.13217500001192092,-0.13033804297447205
3070,19.25,-0.1382051259279251,-0.04741356298327446,0.0456978365778923,0.0,0.2696924477815628,-0.13067224211990833,-0.1382051259279251
3080,15.84375,-0.16095523536205292,-0.043328743800520896,0.035297310724854467,0.0,0.2705917373299599,-0.13327123634517193,-0.16095523536205292
3090,19.90625,-0.12819546461105347,-0.03976303078234196,0.027142730168998243,0.0,0.27367843985557555,-0.11911854334175587,-0.12819546461105347
3100,22.46875,-0.12914781272411346,-0.04132614564150572,0.029172471538186074,0.0,0.27499664574861526,-0.1273554317653179,-0.12914781272411346
3110,21.125,-0.14493776857852936,-0.04392135329544544,0.026644755527377127,0.0,0.27362472116947173,-0.12375102788209916,-0.14493776857852936
3120,23.65625,-0.12495607137680054,-0.03989871125668287,0.05108376555144787,0.0,0.271360470354557,-0.12968224212527274,-0.12495607137680054
3130,18.4375,-0.11955179274082184,-0.04222532585263252,0.058956554532051085,0.0,0.27348786443471906,-0.12724504992365837,-0.11955179274082184
3140,20.6875,-0.12866981327533722,-0.044807587005198005,0.021372265368700027,0.0,0.271392160654068,-0.1272157821804285,-0.12866981327533722
3150,26.4375,-0.1625339388847351,-0.04286840185523033,0.04892235994338989,0.0,0.27224372774362565,-0.12460085228085518,-0.1625339388847351
3160,26.28125,-0.13174620270729065,-0.0430805204436183,0.02394643034785986,0.0,0.27086248993873596,-0.1272187761962414,-0.13174620270729065
3170,27.59375,-0.12517723441123962,-0.036155747435987,0.061053276807069776,0.0,0.26948378086090086,-0.12121208533644676,-0.12517723441123962
3180,16.6875,-0.16996154189109802,-0.04218252953141928,0.040061958506703375,0.0,0.2691339269280434,-0.13648098669946193,-0.16996154189109802
3190,17.75,-0.14262448251247406,-0.04035398457199335,0.05410364083945751,0.0,0.27165122628211974,-0.12007272988557816,-0.14262448251247406
3200,21.78125,-0.13171397149562836,-0.04995979480445385,0.04277146831154823,0.0,0.27106430679559707,-0.12703285738825798,-0.13171397149562836
3210,17.78125,-0.14594750106334686,-0.050803760066628456,0.039719296246767045,0.0,0.2715848222374916,-0.11935240663588047,-0.14594750106334686
3220,19.40625,-0.15234459936618805,-0.04262773897498846,0.04723346512764692,0.0,0.27395262122154235,-0.12733638249337673,-0.15234459936618805
3230,15.5625,-0.14954805374145508,-0.0483902670443058,0.03880288936197758,0.0,0.2743887692689896,-0.12221529856324195,-0.14954805374145508
3240,19.25,-0.13837209343910217,-0.04489879948087037,0.039860353246331214,0.0,0.2720744013786316,-0.12307621166110039,-0.13837209343910217
3250,19.375,-0.12369989603757858,-0.04067789763212204,0.040905802696943286,0.0,0.27246992737054826,-0.12362428531050682,-0.12369989603757858
3260,19.4375,-0.13005398213863373,-0.04481788035482168,0.057014995440840724,0.0,0.2728776648640633,-0.12103525511920452,-0.13005398213863373
3270,21.5,-0.12643486261367798,-0.044975585862994195,0.017465255223214626,0.0,0.2748603254556656,-0.1266552649438381,-0.12643486261367798
3280,20.0625,-0.1620633602142334,-0.043929801881313325,0.03365652281790972,0.0,0.27226539999246596,-0.13292994797229768,-0.1620633602142334
3290,17.03125,-0.14890587329864502,-0.041018627025187014,0.03027131352573633,0.0,0.2710302144289017,-0.12762222476303578,-0.14890587329864502
3300,18.34375,-0.1348254680633545,-0.04028590125963092,0.04549057856202125,0.0,0.2738839343190193,-0.12058775164186955,-0.1348254680633545
3310,20.09375,-0.13529866933822632,-0.043831728864461184,0.04182249493896961,0.0,0.2744452327489853,-0.12010081261396408,-0.13529866933822632
3320,13.15625,-0.14764456450939178,-0.03565884344279766,0.04419548436999321,0.0,0.27352778762578966,-0.12499046623706818,-0.14764456450939178
3330,18.59375,-0.10835802555084229,-0.04494764469563961,0.025103085674345493,0.0,0.27373212277889253,-0.11827076226472855,-0.10835802555084229
3340,18.09375,-0.1388690024614334,-0.04553553136065602,0.05168399140238762,0.0,0.27305730134248735,-0.12380530908703805,-0.1388690024614334
3350,21.3125,-0.12320485711097717,-0.039439906179904935,0.03794471547007561,0.0,0.2736241355538368,-0.11691158227622508,-0.12320485711097717
3360,14.90625,-0.16198089718818665,-0.05126081770285964,0.04532831571996212,0.0,0.2721933275461197,-0.11946548558771611,-0.16198089718818665
3370,18.59375,-0.12160322815179825,-0.04000068083405495,0.036590475402772424,0.0,0.27235779017210004,-0.1238731350749731,-0.12160322815179825
3380,17.125,-0.12304706126451492,-0.03768165577203035,0.051023708656430244,0.0,0.27340727746486665,-0.12223009020090103,-0.12304706126451492
3390,21.8125,-0.13396909832954407,-0.045134691335260865,0.03626659084111452,0.0,0.27415135502815247,-0.12215375266969204,-0.13396909832954407
3400,19.59375,-0.12625283002853394,-0.036756301298737526,0.07774400971829891,0.0,0.2727435514330864,-0.12657716311514378,-0.12625283002853394
3410,23.96875,-0.1271076798439026,-0.046076980605721476,0.042689690738916396,0.0,0.2738568469882011,-0.12114755548536778,-0.1271076798439026
3420,20.125,-0.14458100497722626,-0.04230291182175279,0.04899603202939033,0.0,0.2727696821093559,-0.12328125648200512,-0.14458100497722626
3430,16.78125,-0.14117088913917542,-0.04797141700983047,0.05171298887580633,0.0,0.2745881646871567,-0.12764733619987964,-0.14117088913917542
3440,18.46875,-0.13403287529945374,-0.04681348586454988,0.035456587374210355,0.0,0.27327137887477876,-0.1273241840302944,-0.13403287529945374
3450,18.6875,-0.12862437963485718,-0.032152863964438436,0.1598235122859478,0.0,0.2734567016363144,-0.1346199695020914,-0.12862437963485718
3460,21.9375,-0.12687085568904877,-0.044549075327813624,0.030369516275823117,0.0,0.2726916283369064,-0.12887844257056713,-0.12687085568904877
3470,22.21875,-0.12475526332855225,-0.045903661474585536,0.040110673382878305,0.0,0.2742353618144989,-0.11603677943348885,-0.12475526332855225
3480,23.4375,-0.12613323330879211,-0.042177336663007735,0.03879709579050541,0.0,0.275474788248539,-0.11308558620512485,-0.12613323330879211
3490,19.46875,-0.12584030628204346,-0.04463565982878208,0.027035733871161937,0.0,0.27511534839868546,-0.126228416711092,-0.12584030628204346
3500,15.90625,-0.15872517228126526,-0.04014047123491764,0.03913726955652237,0.0,0.2763599455356598,-0.11775800101459026,-0.15872517228126526
3510,21.96875,-0.13246239721775055,-0.04227121099829674,0.046727044880390166,0.0,0.2767109811306,-0.12378797009587288,-0.13246239721775055
3520,21.53125,-0.14580458402633667,-0.0445975748822093,0.03353471290320158,0.0,0.2739699259400368,-0.1252890359610319,-0.14580458402633667
3530,16.09375,-0.13345551490783691,-0.035061097517609593,0.07113625034689904,0.0,0.2765524297952652,-0.1203070379793644,-0.13345551490783691
3540,16.125,-0.11593915522098541,-0.04106484297662973,0.033030593767762184,0.0,0.27609989494085313,-0.11600868962705135,-0.11593915522098541
3550,21.0,-0.13014979660511017,-0.04426164012402296,0.03324325550347566,0.0,0.2806580513715744,-0.11982856877148151,-0.13014979660511017
3560,19.96875,-0.13413836061954498,-0.03740593185648322,0.12822660729289054,0.0,0.27827637940645217,-0.1276336845010519,-0.13413836061954498
3570,20.1875,-0.13402235507965088,-0.037898811604827644,0.14045771211385727,0.0,0.2774557814002037,-0.11884578801691532,-0.13402235507965088
3580,17.96875,-0.14212606847286224,-0.04631735682487488,0.03553486764431,0.0,0.2776533752679825,-0.12355148158967495,-0.14212606847286224
3590,19.0625,-0.14520028233528137,-0.043744745664298534,0.05143923573195934,0.0,0.27877535223960875,-0.12502233423292636,-0.14520028233528137
3600,17.8125,-0.16162703931331635,-0.05078855995088816,0.037750078924000265,0.0,0.2775098979473114,-0.12743062451481818,-0.16162703931331635
3610,17.46875,-0.11409057676792145,-0.045944878552109006,0.023333445936441422,0.0,0.27892019897699355,-0.12197479605674744,-0.11409057676792145
3620,14.28125,-0.15459215641021729,-0.04424744620919228,0.038218526355922225,0.0,0.2797995537519455,-0.12481323555111885,-0.15459215641021729
3630,17.21875,-0.12679451704025269,-0.04703605268150568,0.04257573038339615,0.0,0.2796924069523811,-0.12158988527953625,-0.12679451704025269
3640,27.4375,-0.1384524405002594,-0.04381547886878252,0.03551600463688374,0.0,0.2784328907728195,-0.11676194854080676,-0.1384524405002594
3650,12.3125,-0.14220654964447021,-0.043323860689997676,0.04834620505571365,0.0,0.2806244969367981,-0.12071665599942208,-0.14220654964447021
3660,21.40625,-0.14904117584228516,-0.04853227827697992,0.03938734568655491,0.0,0.2817759707570076,-0.11662227883934975,-0.14904117584228516
3670,24.34375,-0.11160721629858017,-0.046511392667889596,0.037649489007890224,0.0,0.28318431973457336,-0.1104055892676115,-0.11160721629858017
3680,21.53125,-0.12455691397190094,-0.044152510119602084,0.017349151056259872,0.0,0.28227829188108444,-0.11760694496333599,-0.12455691397190094
3690,19.875,-0.14248423278331757,-0.037797749228775504,0.05875708721578121,0.0,0.2810747429728508,-0.11972798220813274,-0.14248423278331757
3700,17.15625,-0.13737258315086365,-0.03744998034089804,0.042029230296611785,0.0,0.2811841830611229,-0.11973113790154458,-0.13737258315086365
3710,19.375,-0.10781746357679367,-0.044900703616440295,0.0375178063288331,0.0,0.2829136922955513,-0.10993200205266476,-0.10781746357679367
3720,24.75,-0.1297469288110733,-0.040367680601775646,0.05028303377330303,0.0,0.28433210253715513,-0.12487971000373363,-0.1297469288110733
3730,18.65625,-0.1211361214518547,-0.045619426481425765,0.02932416833937168,0.0,0.2825083345174789,-0.11249919831752778,-0.1211361214518547
3740,24.78125,-0.1295120269060135,-0.03623044015839696,0.0836420428007841,0.0,0.27840364426374437,-0.1242805264890194,-0.1295120269060135
3750,16.59375,-0.11442454904317856,-0.049972413666546346,0.034200103208422664,0.0,0.2809698566794395,-0.12569216415286064,-0.11442454904317856
3760,27.09375,-0.13255220651626587,-0.02126079350709915,0.2705493487417698,0.0,0.2819115713238716,-0.11722154095768929,-0.13255220651626587
3770,16.8125,-0.14306844770908356,-0.04382007997483015,0.030384938605129717,0.0,0.28003338873386385,-0.11793641671538353,-0.14306844770908356
3780,22.375,-0.1532970517873764,-0.04324979605153203,0.04386384226381779,0.0,0.2817788690328598,-0.12403279468417168,-0.1532970517873764
3790,19.75,-0.09979191422462463,-0.042241002339869736,0.031095856986939906,0.0,0.2822196066379547,-0.12143832817673683,-0.09979191422462463
3800,25.875,-0.1338977813720703,-0.04330590181052685,0.041936679556965825,0.0,0.28159262239933014,-0.12091351822018623,-0.1338977813720703
3810,19.375,-0.10867303609848022,-0.04250908512622118,0.02887290809303522,0.0,0.28190706968307494,-0.11988494582474232,-0.10867303609848022
3820,21.84375,-0.10772489011287689,-0.045630114153027534,0.04064603075385094,0.0,0.28160749077796937,-0.12220046669244766,-0.10772489011287689
3830,24.5625,-0.13051901757717133,-0.04478119621053338,0.03705511651933193,0.0,0.2816402271389961,-0.11698149405419826,-0.13051901757717133
3840,17.875,-0.13288958370685577,-0.03237077333033085,0.12583321072161197,0.0,0.2816661834716797,-0.11940094046294689,-0.13288958370685577
3850,20.125,-0.13501965999603271,-0.049235516041517255,0.03365783933550119,0.0,0.28310331553220747,-0.11642611548304557,-0.13501965999603271
3860,22.21875,-0.1122160404920578,-0.04830220118165016,0.029289531335234643,0.0,0.28095602691173555,-0.12578280568122863,-0.1122160404920578
3870,17.25,-0.15025514364242554,-0.04619373558089137,0.035258601419627666,0.0,0.28102813214063643,-0.1288510650396347,-0.15025514364242554
3880,19.9375,-0.12864595651626587,-0.036986677534878255,0.06148771308362484,0.0,0.2830445468425751,-0.11948426999151707,-0.12864595651626587
3890,24.09375,-0.11749240756034851,-0.048208531364798544,0.034171715192496774,0.0,0.2796547845005989,-0.11560760587453842,-0.11749240756034851
3900,23.21875,-0.11802627891302109,-0.0505997184664011,0.03185061197727919,0.0,0.2813268184661865,-0.12340830042958259,-0.11802627891302109
3910,18.15625,-0.1417033076286316,-0.04921291237697005,0.03579515479505062,0.0,0.279831662774086,-0.12451311685144902,-0.1417033076286316
3920,16.5,-0.14435148239135742,-0.037292574904859065,0.08710387572646142,0.0,0.2801359176635742,-0.12224713861942291,-0.14435148239135742
3930,18.09375,-0.11335484683513641,-0.043350689485669135,0.05006606243550778,0.0,0.2798561990261078,-0.12204812169075012,-0.11335484683513641
3940,16.03125,-0.1329197734594345,-0.053012661449611184,0.041726692020893096,0.0,0.2785866066813469,-0.12870239317417145,-0.1329197734594345
3950,19.4375,-0.1419263482093811,-0.04689386496320367,0.05305755622684956,0.0,0.28042024523019793,-0.1236430961638689,-0.1419263482093811
3960,17.90625,-0.11167080700397491,-0.04473677892237902,0.035640175081789495,0.0,0.2807434618473053,-0.12463578991591931,-0.11167080700397491
3970,21.65625,-0.12950748205184937,-0.04006867222487927,0.038251949846744536,0.0,0.28070390969514847,-0.11693315766751766,-0.12950748205184937
3980,27.5625,-0.14798042178153992,-0.0481095016002655,0.04107998162508011,0.0,0.28106432855129243,-0.11967391707003117,-0.14798042178153992
3990,19.375,-0.12960848212242126,-0.03760499972850084,0.10075392611324788,0.0,0.2778987750411034,-0.12957082465291023,-0.12960848212242126
4000,19.78125,-0.1279524564743042,-0.04584412071853876,0.031148021668195726,0.0,0.2786353528499603,-0.12627468220889568,-0.1279524564743042
4010,15.9375,-0.12160901725292206,-0.04529374353587627,0.03293236736208201,0.0,0.27904773503541946,-0.1242351233959198,-0.12160901725292206
4020,24.0625,-0.1145646795630455,-0.04889186155050993,0.05869592092931271,0.0,0.28061940521001816,-0.12116778790950775,-0.1145646795630455
4030,21.53125,-0.1198364645242691,-0.042062565311789514,0.03547181412577629,0.0,0.27921947836875916,-0.12224608995020389,-0.1198364645242691
4040,19.59375,-0.13934458792209625,-0.04678203947842121,0.09259279668331147,0.0,0.2811040565371513,-0.11758992448449135,-0.13934458792209625
4050,16.625,-0.1465388536453247,-0.048078342154622075,0.04989975653588772,0.0,0.27866400629281995,-0.12424753792583942,-0.1465388536453247
4060,16.0,-0.14000672101974487,-0.044237380102276805,0.06141924448311329,0.0,0.2792376533150673,-0.12570165172219278,-0.14000672101974487
4070,19.84375,-0.1470334380865097,-0.048457948863506316,0.03942106533795595,0.0,0.27889961898326876,-0.13026802130043508,-0.1470334380865097
4080,19.84375,-0.14183785021305084,-0.04859720710664987,0.04597727730870247,0.0,0.2794224515557289,-0.12561524249613285,-0.14183785021305084
4090,21.21875,-0.16005083918571472,-0.03565833400934935,0.14269709289073945,0.0,0.27937386780977247,-0.12989299260079862,-0.16005083918571472
4100,17.46875,-0.14056150615215302,-0.047453615441918374,0.03919612765312195,0.0,0.27773907482624055,-0.12594923190772533,-0.14056150615215302
4110,15.5625,-0.14481022953987122,-0.03933071726933122,0.14800527319312096,0.0,0.27674100995063783,-0.13006397075951098,-0.14481022953987122
4120,19.03125,-0.15543296933174133,-0.04489584881812334,0.06527523435652256,0.0,0.27718478739261626,-0.12729957848787307,-0.15543296933174133
4130,22.28125,-0.15266123414039612,-0.04669847767800093,0.038575020618736744,0.0,0.2759202480316162,-0.13090911321341991,-0.15266123414039612
4140,17.0625,-0.15443900227546692,-0.03705356372520328,0.05858658961951733,0.0,0.2779084637761116,-0.13681568279862405,-0.15443900227546692
4150,16.6875,-0.13955649733543396,-0.04431196674704552,0.03632892146706581,0.0,0.2791729763150215,-0.13472359925508498,-0.13955649733543396
4160,16.15625,-0.1396760642528534,-0.048422407172620294,0.04557171538472175,0.0,0.27896140664815905,-0.13189602494239808,-0.1396760642528534
4170,19.9375,-0.17109711468219757,-0.04434990510344505,0.0550207756459713,0.0,0.28047134429216386,-0.13852975107729434,-0.17109711468219757
4180,17.59375,-0.15603315830230713,-0.04268541913479566,0.06732730828225612,0.0,0.27880051732063293,-0.1326041415333748,-0.15603315830230713
4190,18.625,-0.14457936584949493,-0.04551205188035965,0.06446130573749542,0.0,0.27969742119312285,-0.12628535814583303,-0.14457936584949493
4200,22.5625,-0.15138953924179077,-0.04579992480576038,0.06930540427565575,0.0,0.279783633351326,-0.12552703209221364,-0.15138953924179077
4210,17.8125,-0.12855340540409088,-0.0466462891548872,0.04113840609788895,0.0,0.2787573799490929,-0.12597144693136214,-0.12855340540409088
4220,13.96875,-0.14721059799194336,-0.03189226184040308,0.09499874487519264,0.0,0.2785814180970192,-0.12437347024679184,-0.14721059799194336
4230,15.09375,-0.15541481971740723,-0.0451788080856204,0.09352778494358063,0.0,0.28067119121551515,-0.12648298293352128,-0.15541481971740723
4240,18.1875,-0.11540110409259796,-0.043154845386743544,0.03633671812713146,0.0,0.28188228607177734,-0.13040165416896343,-0.11540110409259796
4250,22.5625,-0.13133586943149567,-0.042750296741724016,0.06784111373126507,0.0,0.2794204458594322,-0.12952776923775672,-0.13133586943149567
4260,16.96875,-0.12844814360141754,-0.04562209937721491,0.05258714370429516,0.0,0.28021976351737976,-0.12068110369145871,-0.12844814360141754
4270,13.46875,-0.15645800530910492,-0.04895696323364973,0.06112943440675735,0.0,0.2825556308031082,-0.12656576819717885,-0.15645800530910492
4280,16.09375,-0.14645545184612274,-0.04704557955265045,0.038662271574139595,0.0,0.2797114312648773,-0.12556990049779415,-0.14645545184612274
4290,17.125,-0.1326536238193512,-0.04473735857754946,0.08928732499480248,0.0,0.28005570769309995,-0.1320096269249916,-0.1326536238193512
4300,18.3125,-0.13604718446731567,-0.04308940852060914,0.04058010056614876,0.0,0.2797773778438568,-0.12594180814921857,-0.13604718446731567
4310,16.84375,-0.1575985848903656,-0.04489502888172865,0.04030635207891464,0.0,0.27794780433177946,-0.1305149968713522,-0.1575985848903656
4320,25.1875,-0.11891165375709534,-0.03649682495743036,0.05921019203960896,0.0,0.2792036771774292,-0.12357888892292976,-0.11891165375709534
4330,17.0625,-0.14142298698425293,-0.042640982661396265,0.06384738609194755,0.0,0.2793300628662109,-0.12246704548597336,-0.14142298698425293
4340,17.0625,-0.1314082145690918,-0.04423205554485321,0.04752011504024267,0.0,0.2792023181915283,-0.13404901176691056,-0.1314082145690918
4350,15.5625,-0.15909861028194427,-0.047369863279163836,0.06354374289512635,0.0,0.2782828778028488,-0.12513817474246025,-0.15909861028194427
4360,15.40625,-0.13682255148887634,-0.04666963722556829,0.06866252347826958,0.0,0.2781378120183945,-0.12572604231536388,-0.13682255148887634
4370,18.59375,-0.1483781635761261,-0.04072539359331131,0.0486515574157238,0.0,0.27668297439813616,-0.12988387010991573,-0.1483781635761261
4380,19.15625,-0.14187490940093994,-0.02724583465605974,0.1975495345890522,0.0,0.278127084672451,-0.1351796541363001,-0.14187490940093994
4390,20.9375,-0.14970791339874268,-0.04342398829758167,0.042704705521464346,0.0,0.2783271327614784,-0.12644550800323487,-0.14970791339874268
4400,19.5,-0.13181790709495544,-0.043878100765869024,0.04450956806540489,0.0,0.2791296780109406,-0.1316725082695484,-0.13181790709495544
4410,13.6875,-0.14098170399665833,-0.04193232543766499,0.12084744647145271,0.0,0.27950620353221894,-0.13259759582579136,-0.14098170399665833
4420,14.5625,-0.13367779552936554,-0.03983931969851255,0.043769821897149085,0.0,0.27879445552825927,-0.13403444848954676,-0.13367779552936554
4430,17.875,-0.1628551483154297,-0.050698482990264894,0.06287759654223919,0.0,0.2758473142981529,-0.13418932408094406,-0.1628551483154297
4440,15.71875,-0.1581159383058548,-0.046337572298943995,0.04292360544204712,0.0,0.2762618750333786,-0.13710354641079903,-0.1581159383058548
4450,19.90625,-0.14636175334453583,-0.039080949127674104,0.09049451313912868,0.0,0.27857152819633485,-0.12743465416133404,-0.14636175334453583
4460,14.09375,-0.17374320328235626,-0.03188487263396382,0.23759306520223616,0.0,0.27875075340270994,-0.1345748845487833,-0.17374320328235626
4470,16.0625,-0.14808693528175354,-0.03597227390855551,0.056942930445075035,0.0,0.2804679900407791,-0.13840992748737335,-0.14808693528175354
4480,18.46875,-0.18304789066314697,-0.047409539297223094,0.07224632278084755,0.0,0.27997280955314635,-0.1369727559387684,-0.18304789066314697
4490,19.4375,-0.14632685482501984,-0.050434809364378455,0.03976687248796225,0.0,0.27696603536605835,-0.14018510840833187,-0.14632685482501984
4500,17.375,-0.1382947564125061,-0.0373489823192358,0.042316440306603906,0.0,0.27814547419548036,-0.14179147146642207,-0.1382947564125061
4510,16.6875,-0.14541223645210266,-0.04559865090996027,0.07003520987927914,0.0,0.2815484285354614,-0.13546949177980422,-0.14541223645210266
4520,16.96875,-0.15108628571033478,-0.04360480597242713,0.044987105578184125,0.0,0.27698822170495985,-0.1366121768951416,-0.15108628571033478
4530,16.9375,-0.12026023864746094,-0.04626943822950125,0.04830604828894138,0.0,0.2794740989804268,-0.13068070448935032,-0.12026023864746094
4540,18.5,-0.1609463095664978,-0.04701866656541824,0.04530476294457912,0.0,0.2801181972026825,-0.13255442678928375,-0.1609463095664978
4550,20.34375,-0.15200147032737732,-0.040936170518398284,0.0836521614342928,0.0,0.2782449245452881,-0.1320674303919077,-0.15200147032737732
4560,20.25,-0.1304699182510376,-0.0460803534835577,0.06887399591505527,0.0,0.2745911702513695,-0.14745387732982634,-0.1304699182510376
4570,17.09375,-0.1492752730846405,-0.028055081143975258,0.0871790824458003,0.0,0.2758329972624779,-0.13793960437178612,-0.1492752730846405
4580,11.75,-0.16003111004829407,-0.04245935622602701,0.06831628158688545,0.0,0.2796018496155739,-0.130701320245862,-0.16003111004829407
4590,14.28125,-0.14171405136585236,-0.04534969236701727,0.04977361597120762,0.0,0.28043377995491026,-0.1299577798694372,-0.14171405136585236
4600,21.65625,-0.14525769650936127,-0.046814879216253755,0.05678698979318142,0.0,0.2800957575440407,-0.1321942288428545,-0.14525769650936127
4610,20.15625,-0.1620526909828186,-0.032173307985067366,0.23282329589128495,0.0,0.2796788677573204,-0.13267780765891074,-0.1620526909828186
4620,17.90625,-0.13180816173553467,-0.04809947237372399,0.04622413031756878,0.0,0.278353650867939,-0.12868771106004714,-0.13180816173553467
4630,18.09375,-0.15296991169452667,-0.04354485534131527,0.06470787562429905,0.0,0.2794716864824295,-0.1439221352338791,-0.15296991169452667
4640,17.40625,-0.1480129063129425,-0.04448980651795864,0.061780468374490735,0.0,0.2778678461909294,-0.14168305546045304,-0.1480129063129425
4650,17.125,-0.14693529903888702,-0.04568287376314402,0.07581877335906029,0.0,0.2779958873987198,-0.14680515378713607,-0.14693529903888702
4660,22.8125,-0.15685348212718964,-0.03198393154889345,0.08207964226603508,0.0,0.280690561234951,-0.13943710848689078,-0.15685348212718964
4670,15.78125,-0.16990861296653748,-0.029782415181398392,0.10956002585589886,0.0,0.27903002202510835,-0.1394347332417965,-0.16990861296653748
4680,15.46875,-0.15281148254871368,-0.04513332918286324,0.07313019298017025,0.0,0.28136411905288694,-0.13851827345788478,-0.15281148254871368
4690,20.28125,-0.15063373744487762,-0.045365036278963086,0.04099149871617556,0.0,0.2791251540184021,-0.13375514075160028,-0.15063373744487762
4700,12.6875,-0.1571321338415146,-0.049097605794668195,0.03472447730600834,0.0,0.27952779084444046,-0.13932048864662647,-0.1571321338415146
4710,18.03125,-0.1502174735069275,-0.03945090603083372,0.13758665099740028,0.0,0.2792003631591797,-0.1352781742811203,-0.1502174735069275
4720,15.90625,-0.14333206415176392,-0.05249947905540466,0.02423676270991564,0.0,0.2789095342159271,-0.13122984021902084,-0.14333206415176392
4730,19.40625,-0.15706488490104675,-0.042996698059141636,0.0763690747320652,0.0,0.28298390209674834,-0.13548659086227416,-0.15706488490104675
4740,17.0625,-0.16904649138450623,-0.0461080115288496,0.08826545998454094,0.0,0.2827399715781212,-0.1346869830042124,-0.16904649138450623
4750,16.1875,-0.1553846001625061,-0.051435770280659196,0.038102247007191184,0.0,0.2815536752343178,-0.13024204336106776,-0.1553846001625061
4760,16.9375,-0.14971129596233368,-0.037837949208915235,0.08235995434224605,0.0,0.28051461577415465,-0.1334703102707863,-0.14971129596233368
4770,21.03125,-0.1331305205821991,-0.043768225517123935,0.05837506242096424,0.0,0.2784387066960335,-0.13589110784232616,-0.1331305205821991
4780,17.03125,-0.1664676070213318,-0.04830188062041998,0.040086848102509974,0.0,0.2800903767347336,-0.1311916835606098,-0.1664676070213318
4790,19.71875,-0.15214718878269196,-0.03727624621242285,0.16715258359909058,0.0,0.27789387553930284,-0.13566775172948836,-0.15214718878269196
4800,16.21875,-0.14768865704536438,-0.046617211773991585,0.0598033681511879,0.0,0.27856810539960863,-0.12998937144875528,-0.14768865704536438
4810,14.375,-0.1729837954044342,-0.03448704034090042,0.13431565798819065,0.0,0.2802048474550247,-0.13596856780350208,-0.1729837954044342
4820,21.15625,-0.15290796756744385,-0.051409848406910895,0.02807004116475582,0.0,0.2790928900241852,-0.13211818151175975,-0.15290796756744385
4830,17.03125,-0.1494869440793991,-0.047521224990487096,0.0673309400677681,0.0,0.2787887632846832,-0.13341915123164655,-0.1494869440793991
4840,19.21875,-0.16456761956214905,-0.04110131617635489,0.06821943186223507,0.0,0.2801857814192772,-0.13725607581436633,-0.16456761956214905
4850,17.625,-0.14121699333190918,-0.045745286531746386,0.056790202483534814,0.0,0.2793461635708809,-0.13319026604294776,-0.14121699333190918
4860,18.78125,-0.14301449060440063,-0.04479869771748781,0.04673255570232868,0.0,0.28120783865451815,-0.12297773845493794,-0.14301449060440063
4870,20.21875,-0.15230074524879456,-0.04758239984512329,0.036235927045345305,0.0,0.28155896812677383,-0.13371038623154163,-0.15230074524879456
4880,17.34375,-0.17231908440589905,-0.04339272817596793,0.08551998399198055,0.0,0.28160510361194613,-0.1428058110177517,-0.17231908440589905
4890,20.96875,-0.13047118484973907,-0.04563034158200026,0.03335215821862221,0.0,0.28101167231798174,-0.13343225307762624,-0.13047118484973907
4900,17.875,-0.17187771201133728,-0.03729985635727644,0.2720412850379944,0.0,0.28063487261533737,-0.13941573165357113,-0.17187771201133728
4910,16.0,-0.13964933156967163,-0.03854175340384245,0.097298002243042,0.0,0.27958032488822937,-0.12972767613828182,-0.13964933156967163
4920,18.09375,-0.14264227449893951,-0.047245494835078714,0.043212747946381566,0.0,0.27865757793188095,-0.13699288219213485,-0.14264227449893951
4930,16.8125,-0.13875137269496918,-0.041513973381370306,0.049737856909632686,0.0,0.28178878873586655,-0.1332553554326296,-0.13875137269496918
4940,13.4375,-0.1433216631412506,-0.04700269103050232,0.08204520344734192,0.0,0.2815722584724426,-0.12950415648519992,-0.1433216631412506
4950,13.21875,-0.1547713577747345,-0.050303737819194796,0.056432585790753366,0.0,0.2801185965538025,-0.1327795334160328,-0.1547713577747345
4960,15.5625,-0.1513630896806717,-0.047829346358776094,0.08012660257518292,0.0,0.2824921175837517,-0.1250793281942606,-0.1513630896806717
4970,19.4375,-0.150286003947258,-0.04755883999168873,0.05603274889290333,0.0,0.2814049705862999,-0.13261656351387502,-0.150286003947258
4980,20.09375,-0.10414199531078339,-0.03579223938286304,0.09819651395082474,0.0,0.2798532098531723,-0.13193913139402866,-0.10414199531078339
4990,16.65625,-0.14466844499111176,-0.046740086004137996,0.031929712556302545,0.0,0.2816999271512032,-0.1356601882725954,-0.14466844499111176
5000,17.0,-0.15075023472309113,-0.051257791183888915,0.07085011415183544,0.0,0.2801406592130661,-0.12988051995635033,-0.15075023472309113
5010,19.0,-0.1399165838956833,-0.03642325140535831,0.10378295145928859,0.0,0.2816012009978294,-0.13120642229914664,-0.1399165838956833
5020,20.875,-0.14409442245960236,-0.028624429367482662,0.237750144302845,0.0,0.28143915385007856,-0.1299839958548546,-0.14409442245960236
5030,17.5,-0.145212322473526,-0.05208276025950909,0.05501946732401848,0.0,0.2798054859042168,-0.12615430615842343,-0.145212322473526
5040,20.28125,-0.1363627016544342,-0.04808517210185528,0.043402567878365515,0.0,0.2796993315219879,-0.13300000466406345,-0.1363627016544342
5050,17.28125,-0.1369432508945465,-0.04786086101084948,0.05158086158335209,0.0,0.2815701007843018,-0.12951665595173836,-0.1369432508945465
5060,13.59375,-0.1628294736146927,-0.045895586535334584,0.05278472267091274,0.0,0.2812171667814255,-0.13068860433995724,-0.1628294736146927
5070,19.4375,-0.12265763431787491,-0.04879688052460551,0.0470416858792305,0.0,0.2814669609069824,-0.12745951414108275,-0.12265763431787491
5080,14.90625,-0.13801243901252747,-0.04782806970179081,0.04887979961931706,0.0,0.2829705744981766,-0.12452702708542347,-0.13801243901252747
5090,19.09375,-0.13706165552139282,-0.04625714030116797,0.031269199401140216,0.0,0.28428375273942946,-0.1318430494517088,-0.13706165552139282
5100,18.5,-0.15514206886291504,-0.05119974482804537,0.040840763971209525,0.0,0.2815185934305191,-0.13185947723686695,-0.15514206886291504
5110,19.0,-0.11639437079429626,-0.0432389298453927,0.04601591043174267,0.0,0.28258372843265533,-0.12804497219622135,-0.11639437079429626
5120,18.0,-0.13700605928897858,-0.049215500429272654,0.07712560966610908,0.0,0.28154423385858535,-0.1300344444811344,-0.13700605928897858
5130,14.6875,-0.17324692010879517,-0.0371076874434948,0.21622880548238754,0.0,0.28040643483400346,-0.12878308370709418,-0.17324692010879517
5140,16.5,-0.12613968551158905,-0.04331864546984434,0.05336522758007049,0.0,0.28171166628599165,-0.12614307850599288,-0.12613968551158905
5150,15.28125,-0.139363095164299,-0.04644654020667076,0.05135947391390801,0.0,0.2841335371136665,-0.13416811265051365,-0.139363095164299
5160,20.09375,-0.13901907205581665,-0.04882626049220562,0.021580159291625024,0.0,0.2838666275143623,-0.1290055837482214,-0.13901907205581665
5170,16.5,-0.15199917554855347,-0.0489292599260807,0.08412562981247902,0.0,0.2843920856714249,-0.12528118640184402,-0.15199917554855347
5180,16.90625,-0.1412007361650467,-0.04378670621663332,0.15032277032732963,0.0,0.2816056966781616,-0.12987495996057988,-0.1412007361650467
5190,19.96875,-0.155986487865448,-0.03929663263261318,0.08906183838844299,0.0,0.28216746747493743,-0.12939671464264393,-0.155986487865448
5200,22.53125,-0.16142404079437256,-0.041547967959195374,0.05687652565538883,0.0,0.2824880242347717,-0.13445487767457961,-0.16142404079437256
5210,19.28125,-0.15494439005851746,-0.048315579630434514,0.030461305379867555,0.0,0.2835555270314217,-0.12402185425162315,-0.15494439005851746
5220,17.40625,-0.1435433328151703,-0.03879668414592743,0.08070632889866829,0.0,0.2848360076546669,-0.13181088194251062,-0.1435433328151703
5230,17.375,-0.14852182567119598,-0.03966763122007251,0.06868624724447728,0.0,0.28648203462362287,-0.12890409491956234,-0.14852182567119598
5240,12.0625,-0.1515583097934723,-0.0425909586250782,0.14954192340373992,0.0,0.2824054166674614,-0.12623486630618572,-0.1515583097934723
5250,17.0625,-0.1250288486480713,-0.04805832877755165,0.04147933144122362,0.0,0.28424266576766966,-0.12866830974817275,-0.1250288486480713
5260,15.75,-0.14465868473052979,-0.03402802385389805,0.12795442938804627,0.0,0.28496875464916227,-0.1289972744882107,-0.14465868473052979
5270,16.8125,-0.12660233676433563,-0.04603227814659476,0.04474783074110746,0.0,0.2853587821125984,-0.12211177423596382,-0.12660233676433563
5280,17.21875,-0.12308850884437561,-0.044840956665575506,0.06860086657106876,0.0,0.2879920780658722,-0.12319769747555256,-0.12308850884437561
5290,19.375,-0.10653500258922577,-0.042359264008700846,0.03737038262188434,0.0,0.2849894553422928,-0.12571933604776858,-0.10653500258922577
5300,14.71875,-0.1276456117630005,-0.044327893666923045,0.055245481058955194,0.0,0.28276225328445437,-0.1291112184524536,-0.1276456117630005
5310,17.4375,-0.15649846196174622,-0.05212127733975649,0.05869486704468727,0.0,0.2860338404774666,-0.12435598075389862,-0.15649846196174622
5320,20.8125,-0.1376717984676361,-0.048847717419266704,0.03636039905250073,0.0,0.2855112850666046,-0.1292336467653513,-0.1376717984676361
5330,16.65625,-0.14834043383598328,-0.048743937816470864,0.05286419056355953,0.0,0.284193728864193,-0.12404297366738319,-0.14834043383598328
5340,15.9375,-0.1544562578201294,-0.02922085765749216,0.20122805386781692,0.0,0.285608696937561,-0.12371368892490864,-0.1544562578201294
5350,19.90625,-0.15400245785713196,-0.045266229938715694,0.06290522702038288,0.0,0.2846003115177155,-0.11827574148774148,-0.15400245785713196
5360,20.09375,-0.11944183707237244,-0.04258526545017958,0.04846162162721157,0.0,0.28408847451210023,-0.12918422929942608,-0.11944183707237244
5370,16.8125,-0.14451517164707184,-0.044672081060707566,0.06960904002189636,0.0,0.284825000166893,-0.13033163882791995,-0.14451517164707184
5380,20.09375,-0.14040431380271912,-0.04481282196938992,0.04010562393814325,0.0,0.28475579619407654,-0.12354696840047837,-0.14040431380271912
5390,19.78125,-0.1291780024766922,-0.05234376601874828,0.04735968858003616,0.0,0.2861217424273491,-0.1197997372597456,-0.1291780024766922
5400,14.1875,-0.13181394338607788,-0.0330408257432282,0.0800840076059103,0.0,0.28570608198642733,-0.12276318222284317,-0.13181394338607788
5410,21.8125,-0.11202448606491089,-0.04507654681801796,0.08847919255495071,0.0,0.28671258836984637,-0.13085752986371518,-0.11202448606491089
5420,21.90625,-0.13129770755767822,-0.043392043374478814,0.0726013321429491,0.0,0.28607921600341796,-0.12148658335208892,-0.13129770755767822
5430,16.46875,-0.14163504540920258,-0.04160750415176153,0.1668273277580738,0.0,0.28521264642477034,-0.12566408105194568,-0.14163504540920258
5440,15.9375,-0.1548095941543579,-0.044552340917289254,0.103376005589962,0.0,0.2857732459902763,-0.12711905799806117,-0.1548095941543579
5450,20.875,-0.1475115716457367,-0.05283928932622075,0.052034516260027884,0.0,0.2855845749378204,-0.11903349086642265,-0.1475115716457367
5460,16.75,-0.1260996311903,-0.04252776559442282,0.0986641425639391,0.0,0.28640187382698057,-0.12685879468917846,-0.1260996311903
5470,23.40625,-0.13455785810947418,-0.04312571752816439,0.050586486048996446,0.0,0.28625866770744324,-0.1327895149588585,-0.13455785810947418
5480,18.125,-0.1229448914527893,-0.049692682549357416,0.04888315238058567,0.0,0.28448881208896637,-0.12369916848838329,-0.1229448914527893
5490,17.0625,-0.141878142952919,-0.048557843267917636,0.038550852611660955,0.0,0.2861267000436783,-0.1292788602411747,-0.141878142952919
5500,18.8125,-0.15291599929332733,-0.03805973706766963,0.07216161526739598,0.0,0.2854755610227585,-0.1303261559456587,-0.15291599929332733
5510,16.90625,-0.15794463455677032,-0.029625780414789915,0.24011880569159985,0.0,0.2849552646279335,-0.1293166559189558,-0.15794463455677032
5520,14.625,-0.15837493538856506,-0.04414012581110001,0.04148978423327208,0.0,0.28478426933288575,-0.12928329333662986,-0.15837493538856506
5530,14.09375,-0.15467649698257446,-0.05394559735432267,0.07355150692164898,0.0,0.2832517385482788,-0.13196595311164855,-0.15467649698257446
5540,16.5625,-0.13618376851081848,-0.040252390503883365,0.06716918982565404,0.0,0.28249047696590424,-0.13618612699210644,-0.13618376851081848
5550,22.46875,-0.153328076004982,-0.05194555521011353,0.03165116459131241,0.0,0.28330953866243364,-0.12953575514256954,-0.153328076004982
5560,18.25,-0.13619846105575562,-0.05201422329992056,0.03728770613670349,0.0,0.2856353685259819,-0.1321813952177763,-0.13619846105575562
5570,16.46875,-0.15331017971038818,-0.04937271233648062,0.0444456472992897,0.0,0.28588328808546065,-0.13047736883163452,-0.15331017971038818
5580,16.84375,-0.1401403546333313,-0.048499527759850024,0.04383802004158497,0.0,0.286895415186882,-0.12261504530906678,-0.1401403546333313
5590,20.96875,-0.12399992346763611,-0.04034502059221268,0.11239972114562988,0.0,0.28677821457386016,-0.12806315757334233,-0.12399992346763611
5600,17.875,-0.14040201902389526,-0.04795333556830883,0.050854208320379256,0.0,0.2865374103188515,-0.13176680207252503,-0.14040201902389526
5610,18.3125,-0.1326013207435608,-0.042322844453156,0.09268781542778015,0.0,0.2826008930802345,-0.13208778463304044,-0.1326013207435608
5620,21.40625,-0.1247425377368927,-0.03996323328465223,0.09685230627655983,0.0,0.2853916555643082,-0.12359908446669579,-0.1247425377368927
5630,16.4375,-0.1530529409646988,-0.043588885106146336,0.09793606549501419,0.0,0.2849953338503838,-0.13184372000396252,-0.1530529409646988
5640,16.65625,-0.15475329756736755,-0.05035766921937466,0.03623346947133541,0.0,0.2866571664810181,-0.12833596356213092,-0.15475329756736755
5650,18.28125,-0.13235263526439667,-0.051195626892149446,0.036792495660483836,0.0,0.28731145709753036,-0.12547396384179593,-0.13235263526439667
5660,22.875,-0.1583092212677002,-0.04898594468832016,0.05030181091278792,0.0,0.28403829485177995,-0.13103919588029384,-0.1583092212677002
5670,18.40625,-0.14880013465881348,-0.03772292509675026,0.10351842902600765,0.0,0.28878175318241117,-0.12740341275930406,-0.14880013465881348
5680,16.53125,-0.1320003718137741,-0.04449968617409468,0.03101553786545992,0.0,0.2858032241463661,-0.1276380278170109,-0.1320003718137741
5690,18.9375,-0.1292598992586136,-0.05271163042634726,0.03168777022510767,0.0,0.2861084878444672,-0.1285226747393608,-0.1292598992586136
5700,23.75,-0.13393960893154144,-0.04909174479544163,0.04636192172765732,0.0,0.2872051164507866,-0.12721536494791508,-0.13393960893154144
5710,19.84375,-0.13795718550682068,-0.04914741925895214,0.07531227990984916,0.0,0.2861409097909927,-0.12582396119832992,-0.13795718550682068
5720,20.34375,-0.13614515960216522,-0.04929135292768479,0.03984369859099388,0.0,0.2850590854883194,-0.1346758734434843,-0.13614515960216522
5730,22.6875,-0.14087334275245667,-0.04932501167058945,0.03970880396664143,0.0,0.2858635619282722,-0.12914243713021278,-0.14087334275245667
5740,18.03125,-0.12322010099887848,-0.051036047749221325,0.03217931035906076,0.0,0.2860053390264511,-0.12261668890714646,-0.12322010099887848
5750,16.375,-0.14154690504074097,-0.04859184883534908,0.03703735843300819,0.0,0.28568714708089826,-0.12151776999235153,-0.14154690504074097
5760,18.71875,-0.1357591152191162,-0.044863955862820146,0.04349808022379875,0.0,0.28577630370855334,-0.12607306353747844,-0.1357591152191162
5770,15.5625,-0.15986259281635284,-0.03889948818832636,0.11645458862185479,0.0,0.2861924543976784,-0.13200907707214354,-0.15986259281635284
5780,18.6875,-0.15117216110229492,-0.035678444802761076,0.07481744810938835,0.0,0.28818524479866026,-0.13194344155490398,-0.15117216110229492
5790,19.0,-0.11112219095230103,-0.05164564475417137,0.036867295205593106,0.0,0.2874094545841217,-0.12244210168719291,-0.11112219095230103
5800,21.65625,-0.1348308026790619,-0.048692412301898004,0.020987899601459505,0.0,0.2912390738725662,-0.1244606263935566,-0.1348308026790619
5810,14.40625,-0.1297246217727661,-0.04905845932662487,0.04713052734732628,0.0,0.2858652204275131,-0.13070283718407155,-0.1297246217727661
5820,19.84375,-0.16447004675865173,-0.05328580848872662,0.023339263163506985,0.0,0.28922583609819413,-0.127797831594944,-0.16447004675865173
5830,19.53125,-0.12508314847946167,-0.05137231443077326,0.034263108670711515,0.0,0.2874088227748871,-0.13081161938607694,-0.12508314847946167
5840,16.8125,-0.1344432234764099,-0.05029117874801159,0.029275554977357388,0.0,0.2876814752817154,-0.1283986933529377,-0.1344432234764099
5850,19.71875,-0.10551165044307709,-0.04749764744192362,0.040542148612439634,0.0,0.289874204993248,-0.12576595917344094,-0.10551165044307709
5860,17.71875,-0.13629469275474548,-0.04912164136767387,0.04303512647747994,0.0,0.28895357698202134,-0.12244384773075581,-0.13629469275474548
5870,20.15625,-0.14220786094665527,-0.038074086606502536,0.21980656385421754,0.0,0.2865618258714676,-0.12407027557492256,-0.14220786094665527
5880,22.90625,-0.14345532655715942,-0.04134687334299088,0.09030732661485671,0.0,0.2900791347026825,-0.11903867833316326,-0.14345532655715942
5890,18.625,-0.1363939642906189,-0.0424829026684165,0.1220311813056469,0.0,0.2901481553912163,-0.1276646852493286,-0.1363939642906189
5900,19.8125,-0.13839268684387207,-0.045876499824225904,0.035304106585681436,0.0,0.28852944523096086,-0.1283433862030506,-0.13839268684387207
5910,15.09375,-0.13601358234882355,-0.05075616519898176,0.02575136013329029,0.0,0.29042413681745527,-0.13051372282207013,-0.13601358234882355
5920,17.96875,-0.12302308529615402,-0.04789393451064825,0.031461226567626,0.0,0.29034355729818345,-0.12981463372707366,-0.12302308529615402
5930,15.59375,-0.12835627794265747,-0.04691866468638182,0.07423782423138618,0.0,0.28863978385925293,-0.1288903456181288,-0.12835627794265747
5940,17.6875,-0.13859595358371735,-0.0474931575357914,0.025099867954850197,0.0,0.2902330085635185,-0.12249606996774673,-0.13859595358371735
5950,21.5625,-0.12903989851474762,-0.05077795572578907,0.03856152109801769,0.0,0.2887995049357414,-0.13422200344502927,-0.12903989851474762
5960,15.59375,-0.13781771063804626,-0.03379651196300983,0.15454280897974967,0.0,0.2886992335319519,-0.12726199068129063,-0.13781771063804626
5970,22.28125,-0.1408614218235016,-0.047711818106472494,0.0434784522280097,0.0,0.29065057784318926,-0.12483243271708488,-0.1408614218235016
5980,22.5625,-0.11715589463710785,-0.04776849411427975,0.030619489774107934,0.0,0.291847725212574,-0.12141621820628642,-0.11715589463710785
5990,20.21875,-0.13766136765480042,-0.04623475018888712,0.05499990917742252,0.0,0.29197234064340594,-0.11843146979808808,-0.13766136765480042
6000,18.78125,-0.12993836402893066,-0.046856980118900535,0.04218651093542576,0.0,0.2906909853219986,-0.12382173463702202,-0.12993836402893066
6010,15.34375,-0.15147380530834198,-0.0488613648340106,0.040658881142735484,0.0,0.28986405581235886,-0.12518346160650254,-0.15147380530834198
6020,20.78125,-0.12086088955402374,-0.04801737498492002,0.028192764148116112,0.0,0.2917578607797623,-0.11801816262304783,-0.12086088955402374
6030,15.78125,-0.13952800631523132,-0.04755782838910818,0.03618016391992569,0.0,0.291605082154274,-0.12855220958590508,-0.13952800631523132
6040,17.28125,-0.14490962028503418,-0.04539488423615694,0.05885701142251491,0.0,0.2946723967790604,-0.12354775108397006,-0.14490962028503418
6050,19.9375,-0.1186150312423706,-0.03519383519887924,0.06529717668890953,0.0,0.29260429441928865,-0.12243980281054974,-0.1186150312423706
6060,18.40625,-0.13657425343990326,-0.051097415201365945,0.057426740601658824,0.0,0.29295020252466203,-0.1243511501699686,-0.13657425343990326
6070,19.625,-0.14680784940719604,-0.033887173514813185,0.2178162768483162,0.0,0.2922137722373009,-0.12100430652499199,-0.14680784940719604
6080,14.375,-0.12346634268760681,-0.04552700519561768,0.046176721900701524,0.0,0.29282658994197847,-0.12562072426080703,-0.12346634268760681
6090,19.6875,-0.11768735945224762,-0.050684860721230504,0.0654032975435257,0.0,0.2955747604370117,-0.11426564157009125,-0.11768735945224762
6100,18.53125,-0.12371431291103363,-0.033919531479477884,0.16256612166762352,0.0,0.293302945792675,-0.12608154527843,-0.12371431291103363
6110,19.96875,-0.1294114589691162,-0.04440963342785835,0.07523705735802651,0.0,0.29419701248407365,-0.11868011131882668,-0.1294114589691162
6120,15.8125,-0.16092628240585327,-0.04794893525540829,0.06368605084717274,0.0,0.29615407437086105,-0.12104648277163506,-0.16092628240585327
6130,15.4375,-0.1479479968547821,-0.04283827133476734,0.053151360154151915,0.0,0.29430281072854997,-0.12326639741659165,-0.1479479968547821
6140,20.53125,-0.13856419920921326,-0.05047261798754334,0.0446590892970562,0.0,0.2952322453260422,-0.11492870897054672,-0.13856419920921326
6150,16.78125,-0.13509711623191833,-0.05291953459382057,0.031693126820027825,0.0,0.29665756821632383,-0.1244853425770998,-0.13509711623191833
6160,20.34375,-0.11134874820709229,-0.048099438194185495,0.046328700706362726,0.0,0.2946648940443993,-0.11329419612884521,-0.11134874820709229
6170,15.46875,-0.1623675525188446,-0.04471169151365757,0.07983603551983834,0.0,0.29335487335920335,-0.12006083130836487,-0.1623675525188446
6180,19.9375,-0.13094836473464966,-0.046631993539631364,0.04466921240091324,0.0,0.29362142235040667,-0.12276507876813411,-0.13094836473464966
6190,18.53125,-0.1083584576845169,-0.04979384653270245,0.02990187630057335,0.0,0.2916509389877319,-0.12429925054311752,-0.1083584576845169
6200,18.03125,-0.140634685754776,-0.03828398920595646,0.17649911642074584,0.0,0.29373612999916077,-0.1313054796308279,-0.140634685754776
6210,19.9375,-0.11466950178146362,-0.04549635536968708,0.030832796730101107,0.0,0.29376244992017747,-0.12359572015702724,-0.11466950178146362
6220,23.3125,-0.12187241017818451,-0.04007744491100311,0.057019198313355446,0.0,0.29543420523405073,-0.1152549922466278,-0.12187241017818451
6230,22.34375,-0.12873145937919617,-0.05099231889471412,0.04858599416911602,0.0,0.29605202823877336,-0.11575794443488122,-0.12873145937919617
6240,15.40625,-0.13519003987312317,-0.05376691557466984,0.049910559132695195,0.0,0.2969161197543144,-0.12170107811689376,-0.13519003987312317
6250,18.6875,-0.13789373636245728,-0.04770361483097076,0.07650567144155503,0.0,0.29397416710853574,-0.12092096023261548,-0.13789373636245728
6260,19.15625,-0.14062470197677612,-0.05180780943483114,0.04457535296678543,0.0,0.2915793240070343,-0.12191039472818374,-0.14062470197677612
6270,18.375,-0.132490336894989,-0.0456262681633234,0.07314790561795234,0.0,0.2924609050154686,-0.12168654315173626,-0.132490336894989
6280,18.6875,-0.12022906541824341,-0.05181986056268215,0.04007013291120529,0.0,0.292132867872715,-0.12206528522074223,-0.12022906541824341
6290,14.40625,-0.15368187427520752,-0.03059119340032339,0.21968358010053635,0.0,0.29164829701185224,-0.12871259227395057,-0.15368187427520752
6300,18.25,-0.13376617431640625,-0.03683148976415396,0.09137104898691177,0.0,0.2943599343299866,-0.12391848601400852,-0.13376617431640625
6310,19.71875,-0.12277959287166595,-0.03837321475148201,0.09453128278255463,0.0,0.29740863144397733,-0.12654871642589569,-0.12277959287166595
6320,19.875,-0.13377127051353455,-0.031674898229539394,0.14562350884079933,0.0,0.2963199868798256,-0.12622747868299483,-0.13377127051353455
6330,19.53125,-0.12290629744529724,-0.04422193877398968,0.0430145513266325,0.0,0.29727388769388197,-0.12287932634353638,-0.12290629744529724
6340,19.25,-0.11961998045444489,-0.05016961097717285,0.05504181459546089,0.0,0.2978911489248276,-0.12788334637880325,-0.11961998045444489
6350,16.96875,-0.1290772706270218,-0.04363462571054697,0.04316415935754776,0.0,0.2970741555094719,-0.11801033169031143,-0.1290772706270218
6360,23.84375,-0.17002785205841064,-0.034882580395787954,0.21508905440568923,0.0,0.2973343446850777,-0.11871106028556824,-0.17002785205841064
6370,16.5,-0.1315007209777832,-0.0502964174374938,0.04005991499871016,0.0,0.29898312240839003,-0.11182484216988087,-0.1315007209777832
6380,16.5625,-0.11849140375852585,-0.04971213974058628,0.029761050641536713,0.0,0.2987878620624542,-0.12077238522469998,-0.11849140375852585
6390,19.71875,-0.11223820596933365,-0.0444456921890378,0.05380755811929703,0.0,0.30116873532533645,-0.11422699652612209,-0.11223820596933365
6400,17.28125,-0.15060609579086304,-0.051284128334373236,0.05622001327574253,0.0,0.29752698689699175,-0.1251683436334133,-0.15060609579086304
6410,15.3125,-0.10487576574087143,-0.05278439372777939,0.04638015702366829,0.0,0.30081697553396225,-0.12115327045321464,-0.10487576574087143
6420,19.03125,-0.10832017660140991,-0.050389713421463964,0.03002115562558174,0.0,0.30217915326356887,-0.11406244151294231,-0.10832017660140991
6430,18.09375,-0.13129159808158875,-0.046191460080444814,0.06928948871791363,0.0,0.3014513447880745,-0.11499876007437707,-0.13129159808158875
6440,18.21875,-0.1135040819644928,-0.049063403718173505,0.028776934184134007,0.0,0.3006705641746521,-0.12566489540040493,-0.1135040819644928
6450,16.375,-0.1340164989233017,-0.05421028155833483,0.03126744702458382,0.0,0.30039205253124235,-0.11359761320054532,-0.1340164989233017
6460,22.40625,-0.15473909676074982,-0.03460391163825989,0.2411446303129196,0.0,0.3021754682064056,-0.1194475170224905,-0.15473909676074982
6470,22.90625,-0.14313748478889465,-0.049703133711591366,0.03585027270019055,0.0,0.3003013163805008,-0.1262443896383047,-0.14313748478889465
6480,21.3125,-0.12836381793022156,-0.04730226527899504,0.06084581203758717,0.0,0.30273835062980653,-0.11494156010448933,-0.12836381793022156
6490,18.15625,-0.12278318405151367,-0.03970950208604336,0.05926805101335049,0.0,0.30375058948993683,-0.11991709098219872,-0.12278318405151367
6500,17.84375,-0.12608414888381958,-0.05337837459519505,0.06101086661219597,0.0,0.3021010994911194,-0.11201647892594338,-0.12608414888381958
6510,19.125,-0.09983032941818237,-0.053334369137883184,0.03505207076668739,0.0,0.3027520850300789,-0.11720617972314358,-0.09983032941818237
6520,22.3125,-0.10749346017837524,-0.053663115948438644,0.028639958426356315,0.0,0.3029849648475647,-0.10644066333770752,-0.10749346017837524
6530,20.5625,-0.1146235391497612,-0.04749404806643724,0.046178437769412994,0.0,0.30349027514457705,-0.11605761125683785,-0.1146235391497612
6540,18.5,-0.1315050572156906,-0.056597194820642474,0.042124458402395246,0.0,0.30270779728889463,-0.10820373445749283,-0.1315050572156906
6550,17.46875,-0.11979107558727264,-0.0462239533662796,0.05941075012087822,0.0,0.30367554575204847,-0.10927551798522472,-0.11979107558727264
6560,18.78125,-0.1287606656551361,-0.04743093941360712,0.05699064284563064,0.0,0.30485809892416,-0.11763150878250599,-0.1287606656551361
6570,23.8125,-0.12438060343265533,-0.04888781066983938,0.054198072478175166,0.0,0.3028334900736809,-0.11302433013916016,-0.12438060343265533
6580,14.78125,-0.12990695238113403,-0.04882922330871224,0.036761466227471826,0.0,0.30132863372564317,-0.11839128024876118,-0.12990695238113403
6590,13.125,-0.12151267379522324,-0.04036390408873558,0.050368448719382286,0.0,0.3019139587879181,-0.11626759096980095,-0.12151267379522324
6600,18.53125,-0.12529826164245605,-0.0529831413179636,0.028057864122092723,0.0,0.3064729437232018,-0.11708815693855286,-0.12529826164245605
6610,15.71875,-0.13664990663528442,-0.041885384498164056,0.07332265600562096,0.0,0.30453333258628845,-0.11387816779315471,-0.13664990663528442
6620,23.1875,-0.11339317262172699,-0.03566512493416667,0.07845752462744712,0.0,0.3037267208099365,-0.11677725687623024,-0.11339317262172699
6630,16.78125,-0.14426837861537933,-0.049560346826910975,0.06726587191224098,0.0,0.30340102016925813,-0.1185186754912138,-0.14426837861537933
6640,16.71875,-0.11151109635829926,-0.059579670429229736,0.03401016127318144,0.0,0.3042717710137367,-0.11395655460655689,-0.11151109635829926
6650,20.96875,-0.12271858006715775,-0.05007169442251325,0.030843847058713438,0.0,0.3065856248140335,-0.11986371017992496,-0.12271858006715775
6660,17.28125,-0.12303167581558228,-0.049142197147011756,0.03148612678050995,0.0,0.304172120988369,-0.11591344811022282,-0.12303167581558228
6670,20.6875,-0.1249581128358841,-0.03809018786996603,0.1511936068534851,0.0,0.30777123719453814,-0.11462435945868492,-0.1249581128358841
6680,19.53125,-0.1031307652592659,-0.05586002394556999,0.03714754544198513,0.0,0.30833612829446794,-0.11103434152901173,-0.1031307652592659
6690,20.0,-0.10697611421346664,-0.046311963349580765,0.03750322125852108,0.0,0.3082748994231224,-0.10499004758894444,-0.10697611421346664
6700,14.5625,-0.13375534117221832,-0.05091820880770683,0.043494314327836035,0.0,0.30639494955539703,-0.11230869069695473,-0.13375534117221832
6710,13.65625,-0.12876573204994202,-0.04404020020738244,0.12209658399224281,0.0,0.3056013897061348,-0.10801483318209648,-0.12876573204994202
6720,16.625,-0.11059943586587906,-0.03802694883197546,0.052764608338475225,0.0,0.30367743521928786,-0.11669488102197648,-0.11059943586587906
6730,18.03125,-0.11031331866979599,-0.050857043638825414,0.04674604870378971,0.0,0.30702752619981766,-0.11122710667550564,-0.11031331866979599
6740,20.03125,-0.14232750236988068,-0.0414164012297988,0.11397295147180557,0.0,0.3065726637840271,-0.11148015297949314,-0.14232750236988068
6750,19.8125,-0.1086188405752182,-0.045483634993433955,0.06519429832696914,0.0,0.3074265822768211,-0.10834022909402848,-0.1086188405752182
6760,20.6875,-0.11061932146549225,-0.05304132215678692,0.05354372523725033,0.0,0.3074918746948242,-0.10761572606861591,-0.11061932146549225
6770,19.125,-0.14574022591114044,-0.049479102715849876,0.08156145736575127,0.0,0.3060180380940437,-0.11239568851888179,-0.14574022591114044
6780,18.28125,-0.10417180508375168,-0.04518630299717188,0.06339597366750241,0.0,0.30595142394304276,-0.11044336147606373,-0.10417180508375168
6790,17.84375,-0.16490672528743744,-0.037236394733190535,0.16607372239232063,0.0,0.30904008001089095,-0.11922570765018463,-0.16490672528743744
6800,17.3125,-0.11537565290927887,-0.054634106904268266,0.03670166544616223,0.0,0.30953748524188995,-0.11542765721678734,-0.11537565290927887
6810,16.09375,-0.12238458544015884,-0.0474296685308218,0.0445118386298418,0.0,0.30976499915122985,-0.11205078475177288,-0.12238458544015884
6820,16.03125,-0.11762818694114685,-0.046923722326755526,0.04465657547116279,0.0,0.3102569401264191,-0.11194252520799637,-0.11762818694114685
6830,18.53125,-0.11583103239536285,-0.045757563784718513,0.035969034768640995,0.0,0.31129730939865113,-0.11123170144855976,-0.11583103239536285
6840,17.90625,-0.09107387065887451,-0.041695689968764785,0.02939604129642248,0.0,0.3112029507756233,-0.10478046387434006,-0.09107387065887451
6850,18.5,-0.1045515239238739,-0.04246361497789621,0.03491761106997728,0.0,0.3111127570271492,-0.11729234270751476,-0.1045515239238739
6860,15.34375,-0.0993494838476181,-0.043007190339267254,0.050285201892256735,0.0,0.3125543639063835,-0.1001530934125185,-0.0993494838476181
6870,17.5,-0.17081809043884277,-0.043894379399716854,0.10130670666694641,0.0,0.3158058896660805,-0.10423573218286038,-0.17081809043884277
6880,20.28125,-0.10204093158245087,-0.03914925716817379,0.07093659639358521,0.0,0.31264292895793916,-0.10251293815672398,-0.10204093158245087
6890,22.03125,-0.09470900893211365,-0.05038577523082495,0.02945249490439892,0.0,0.3121706798672676,-0.10548897087574005,-0.09470900893211365
6900,17.4375,-0.13611462712287903,-0.05219991896301508,0.050435592979192735,0.0,0.3102981775999069,-0.10581763945519924,-0.13611462712287903
6910,23.65625,-0.12960638105869293,-0.04200246948748827,0.06861726213246584,0.0,0.3148066207766533,-0.1026650346815586,-0.12960638105869293
6920,19.75,-0.13883022964000702,-0.05116056799888611,0.04061578568071127,0.0,0.31509947776794434,-0.09968656226992607,-0.13883022964000702
6930,13.46875,-0.13612037897109985,-0.0405466053634882,0.10129067972302437,0.0,0.3151610240340233,-0.1055732760578394,-0.13612037897109985
6940,15.78125,-0.11808709055185318,-0.05139086283743381,0.04024827443063259,0.0,0.3150443062186241,-0.09928497560322284,-0.11808709055185318
6950,20.84375,-0.1403854340314865,-0.04409578358754516,0.06593570001423359,0.0,0.31807241439819334,-0.1057129144668579,-0.1403854340314865
6960,15.4375,-0.10428474843502045,-0.0507694311439991,0.029858149588108063,0.0,0.31496206670999527,-0.10159993059933185,-0.10428474843502045
6970,20.03125,-0.12405107915401459,-0.05290606096386909,0.02072056569159031,0.0,0.31565589010715484,-0.10261257104575634,-0.12405107915401459
6980,16.40625,-0.11242752522230148,-0.04823081828653812,0.04422929994761944,0.0,0.3130681499838829,-0.09994326271116734,-0.11242752522230148
6990,17.78125,-0.09398423135280609,-0.048559701070189476,0.02976157870143652,0.0,0.3162959933280945,-0.10047977231442928,-0.09398423135280609
7000,15.71875,-0.15746009349822998,-0.044810221530497074,0.05280912667512894,0.0,0.3184115752577782,-0.11936368271708489,-0.15746009349822998
7010,15.3125,-0.13578152656555176,-0.04678245158866048,0.05414428189396858,0.0,0.3162722378969193,-0.10612371787428856,-0.13578152656555176
7020,16.1875,-0.13730497658252716,-0.043636692129075526,0.03158006053417921,0.0,0.317584390938282,-0.10407716743648052,-0.13730497658252716
7030,19.40625,-0.10561498254537582,-0.051126134023070334,0.03673243597149849,0.0,0.315794275701046,-0.10057681612670422,-0.10561498254537582
7040,17.3125,-0.13640999794006348,-0.055283228121697905,0.038782693818211554,0.0,0.31695711612701416,-0.09998378343880177,-0.13640999794006348
7050,17.5625,-0.12427516281604767,-0.05140575133264065,0.035937441326677796,0.0,0.3147812470793724,-0.10846406817436219,-0.12427516281604767
7060,14.9375,-0.11917342990636826,-0.038323465688154104,0.05686565153300762,0.0,0.31717589497566223,-0.10553832203149796,-0.11917342990636826
7070,22.09375,-0.11794745922088623,-0.03619756158441305,0.10274723917245865,0.0,0.3189568161964417,-0.09514063522219658,-0.11794745922088623
7080,18.71875,-0.10058679431676865,-0.046451750211417675,0.02590538766235113,0.0,0.317060598731041,-0.1068379484117031,-0.10058679431676865
7090,20.3125,-0.10440431535243988,-0.04626281019300223,0.04826497323811054,0.0,0.31841240376234053,-0.10797327384352684,-0.10440431535243988
7100,17.8125,-0.11906992644071579,-0.04270168803632259,0.055490973964333536,0.0,0.3168966144323349,-0.10485547706484795,-0.11906992644071579
7110,16.09375,-0.13496071100234985,-0.053828447312116626,0.07524459175765515,0.0,0.32106439024209976,-0.10322936810553074,-0.13496071100234985
7120,18.40625,-0.10699428617954254,-0.047698350995779036,0.05288581475615502,0.0,0.3201758027076721,-0.10142399333417415,-0.10699428617954254
7130,15.96875,-0.12429849803447723,-0.04367895256727934,0.06422642841935158,0.0,0.32090183198451994,-0.11268370486795902,-0.12429849803447723
7140,13.8125,-0.12474417686462402,-0.04955120626837015,0.02823011130094528,0.0,0.3193024158477783,-0.09982223510742187,-0.12474417686462402
7150,18.6875,-0.10033199191093445,-0.055025657452642915,0.04258627519011497,0.0,0.3217875614762306,-0.0965059157460928,-0.10033199191093445
7160,17.0,-0.11828044056892395,-0.05024446025490761,0.037054518982768056,0.0,0.32245331853628156,-0.09704541563987731,-0.11828044056892395
7170,18.65625,-0.11880404502153397,-0.043569162301719186,0.045040073618292806,0.0,0.32396171540021895,-0.10206018500030041,-0.11880404502153397
7180,19.46875,-0.13246776163578033,-0.04679192434996367,0.05818746164441109,0.0,0.3227560997009277,-0.10435101389884949,-0.13246776163578033
7190,18.4375,-0.10044259577989578,-0.05071264375001192,0.043161395005881786,0.0,0.32271714359521864,-0.10059058405458927,-0.10044259577989578
7200,15.8125,-0.11453711986541748,-0.05243546608835459,0.031133326515555382,0.0,0.319189777970314,-0.104699020460248,-0.11453711986541748
7210,16.125,-0.11748478561639786,-0.049068836867809294,0.02738876026123762,0.0,0.32387064546346667,-0.09760041683912277,-0.11748478561639786
7220,22.78125,-0.1214345321059227,-0.04313073810189962,0.04473937023431063,0.0,0.3245357409119606,-0.08924638647586107,-0.1214345321059227
7230,25.34375,-0.11259815841913223,-0.05643448792397976,0.02432576697319746,0.0,0.32278948873281477,-0.09277980141341687,-0.11259815841913223
7240,14.15625,-0.13219532370567322,-0.05127834789454937,0.033867498859763145,0.0,0.32319364696741104,-0.09619893357157708,-0.13219532370567322
7250,21.3125,-0.09802496433258057,-0.048439474776387215,0.027610821649432182,0.0,0.32264850437641146,-0.10212552361190319,-0.09802496433258057
7260,16.28125,-0.10908485949039459,-0.052603374049067494,0.026716767437756063,0.0,0.3217505916953087,-0.09459461830556393,-0.10908485949039459
7270,20.34375,-0.10096509754657745,-0.048315429128706455,0.03862393144518137,0.0,0.32376163005828856,-0.10185335092246532,-0.10096509754657745
7280,19.875,-0.08983965963125229,-0.04884739443659782,0.040904843248426914,0.0,0.3233340322971344,-0.09184183031320572,-0.08983965963125229
7290,18.3125,-0.10246442258358002,-0.04661995060741901,0.027080113254487514,0.0,0.3225927874445915,-0.10158289596438408,-0.10246442258358002
7300,17.40625,-0.12653127312660217,-0.0519772719591856,0.04439572393894196,0.0,0.32354094088077545,-0.0999702762812376,-0.12653127312660217
7310,14.0625,-0.11163964867591858,-0.04567006938159466,0.050249481201171876,0.0,0.32498138546943667,-0.0981113575398922,-0.11163964867591858
7320,17.6875,-0.11877261102199554,-0.04748928304761648,0.041120677068829534,0.0,0.324985371530056,-0.09564705975353718,-0.11877261102199554
7330,21.03125,-0.09365727007389069,-0.047980117797851565,0.03361677210777998,0.0,0.3237100586295128,-0.10195977762341499,-0.09365727007389069
7340,19.875,-0.11980839818716049,-0.03779886793345213,0.07615426667034626,0.0,0.321961322426796,-0.10228218510746956,-0.11980839818716049
7350,21.1875,-0.10846208035945892,-0.057320750411599876,0.020017168112099172,0.0,0.3228746265172958,-0.10767927244305611,-0.10846208035945892
7360,17.46875,-0.09574417769908905,-0.03391007333993912,0.15932828709483146,0.0,0.32669510692358017,-0.09783123396337032,-0.09574417769908905
7370,26.75,-0.08052149415016174,-0.050513637438416484,0.02060923594981432,0.0,0.32661076784133913,-0.0910079911351204,-0.08052149415016174
7380,24.21875,-0.10471323877573013,-0.054379927553236486,0.04314237684011459,0.0,0.32661947757005694,-0.10365956351161003,-0.10471323877573013
7390,17.8125,-0.126520574092865,-0.04678970351815224,0.037266748026013374,0.0,0.32390841394662856,-0.10367264859378338,-0.126520574092865
7400,18.90625,-0.0996333435177803,-0.05395080773159862,0.01967841573059559,0.0,0.3229188099503517,-0.09389496445655823,-0.0996333435177803
7410,19.53125,-0.11666505038738251,-0.047997508011758325,0.03258026856929064,0.0,0.3262626513838768,-0.10362595804035664,-0.11666505038738251
7420,17.375,-0.09567074477672577,-0.04602652676403522,0.04082269370555878,0.0,0.3260288506746292,-0.09551629722118378,-0.09567074477672577
7430,19.78125,-0.09909678250551224,-0.04596162084490061,0.04497880730777979,0.0,0.3264354094862938,-0.10139692798256875,-0.09909678250551224
7440,18.6875,-0.1255139708518982,-0.04516803286969662,0.05753396414220333,0.0,0.32499376833438876,-0.09844795279204846,-0.1255139708518982
7450,19.625,-0.13933080434799194,-0.04759409353137016,0.03199019990861416,0.0,0.32485751807689667,-0.10553881190717221,-0.13933080434799194
7460,18.59375,-0.09855027496814728,-0.049586053006350994,0.07021640427410603,0.0,0.3277434006333351,-0.0918183296918869,-0.09855027496814728
7470,17.5,-0.12338224798440933,-0.05297418115660548,0.0471841499209404,0.0,0.32830318063497543,-0.09363140799105167,-0.12338224798440933
7480,15.5625,-0.09895593672990799,-0.05596099030226469,0.040790559723973274,0.0,0.32817842811346054,-0.09691997170448304,-0.09895593672990799
7490,17.03125,-0.13088849186897278,-0.048948729410767555,0.05903622545301914,0.0,0.3249307245016098,-0.10552310682833195,-0.13088849186897278
7500,21.6875,-0.12066460400819778,-0.05033309608697891,0.035867553949356076,0.0,0.3276915311813354,-0.09233460985124112,-0.12066460400819778
7510,19.78125,-0.10895533114671707,-0.05173030961304903,0.02969389595091343,0.0,0.32491649091243746,-0.10377624817192554,-0.10895533114671707
7520,18.0625,-0.12345752120018005,-0.04618267780169845,0.05224124826490879,0.0,0.32586109787225725,-0.09547521304339171,-0.12345752120018005
7530,16.03125,-0.12364038079977036,-0.04742651507258415,0.03191336691379547,0.0,0.3281925365328789,-0.10136694349348545,-0.12364038079977036
7540,21.96875,-0.12065569311380386,-0.05180151965469122,0.04525386430323124,0.0,0.3270532950758934,-0.09973011240363121,-0.12065569311380386
7550,20.84375,-0.1084841936826706,-0.052220027707517144,0.03449586257338524,0.0,0.3279870003461838,-0.09691383987665177,-0.1084841936826706
7560,19.09375,-0.09020380675792694,-0.05115014221519232,0.0232954453676939,0.0,0.32613783329725266,-0.09961318783462048,-0.09020380675792694
7570,19.78125,-0.09896107763051987,-0.04986357241868973,0.025130089744925498,0.0,0.3279165431857109,-0.0993889681994915,-0.09896107763051987
7580,18.9375,-0.11656636744737625,-0.028650698252022266,0.17407501451671123,0.0,0.3291840016841888,-0.09808403365314007,-0.11656636744737625
7590,16.90625,-0.13008925318717957,-0.05213466454297304,0.028668630868196487,0.0,0.3330284908413887,-0.09777587801218032,-0.13008925318717957
7600,17.90625,-0.09775178879499435,-0.03275100840255618,0.07661938071250915,0.0,0.3306003034114838,-0.10166310332715511,-0.09775178879499435
7610,20.625,-0.1092841625213623,-0.05112784425728023,0.025888107344508172,0.0,0.3285632312297821,-0.09309836030006409,-0.1092841625213623
7620,16.3125,-0.09705586731433868,-0.05147006995975971,0.03286333531141281,0.0,0.330489881336689,-0.08890231605619192,-0.09705586731433868
7630,18.0,-0.0916370078921318,-0.04382875431329012,0.026231376640498637,0.0,0.33230978101491926,-0.09593241885304452,-0.0916370078921318
7640,18.0625,-0.10486166924238205,-0.04305722089484334,0.03320553060621023,0.0,0.32981430292129515,-0.09454437494277954,-0.10486166924238205
7650,13.53125,-0.15604662895202637,-0.05046205846592784,0.048692206293344496,0.0,0.32915620803833007,-0.09986629076302052,-0.15604662895202637
7660,18.0625,-0.12808643281459808,-0.05303558828309178,0.04664945118129253,0.0,0.33333950489759445,-0.0908446991816163,-0.12808643281459808
7670,15.40625,-0.08179590106010437,-0.03939696867018938,0.05364335365593433,0.0,0.33083481043577195,-0.08995070531964303,-0.08179590106010437
7680,15.96875,-0.07668115943670273,-0.045506961084902285,0.020219916384667157,0.0,0.33425181061029435,-0.09708690661936999,-0.07668115943670273
7690,18.15625,-0.12219539284706116,-0.05144194345921278,0.04241882786154747,0.0,0.3310849130153656,-0.10088356211781502,-0.12219539284706116
7700,20.25,-0.10686613619327545,-0.053979060333222154,0.03348983563482762,0.0,0.3310902714729309,-0.09569810703396797,-0.10686613619327545
7710,19.96875,-0.06981121003627777,-0.04500380288809538,0.03400701656937599,0.0,0.33237782418727874,-0.08823947347700596,-0.06981121003627777
7720,18.59375,-0.10404665768146515,-0.04521094858646393,0.036957166343927386,0.0,0.3324417248368263,-0.08989419471472501,-0.10404665768146515
7730,16.46875,-0.1339513510465622,-0.05980504928156734,0.05539645925164223,0.0,0.3331382632255554,-0.08747248034924268,-0.1339513510465622
7740,13.96875,-0.1195245161652565,-0.04220969676971435,0.045586421713232995,0.0,0.3330042690038681,-0.09256547950208187,-0.1195245161652565
7750,17.75,-0.0994807779788971,-0.05488969888538122,0.025532941333949566,0.0,0.33277313560247423,-0.08550827652215957,-0.0994807779788971
7760,20.09375,-0.10097237676382065,-0.05226735658943653,0.021202708967030047,0.0,0.33413665890693667,-0.09536709729582071,-0.10097237676382065
7770,19.96875,-0.06919154524803162,-0.04637254299595952,0.02650761678814888,0.0,0.3348632514476776,-0.09334016870707273,-0.06919154524803162
7780,13.03125,-0.10336246341466904,-0.05601782854646444,0.03457717318087816,0.0,0.33508929163217543,-0.09009980447590352,-0.10336246341466904
7790,18.8125,-0.09556759893894196,-0.051764147356152534,0.022580335102975368,0.0,0.33738337010145186,-0.08533982522785663,-0.09556759893894196
7800,18.5625,-0.09217783063650131,-0.0494770310819149,0.03635768797248602,0.0,0.3384020358324051,-0.07955635208636522,-0.09217783063650131
7810,22.34375,-0.1116795465350151,-0.05420955456793308,0.03114224150776863,0.0,0.3351368844509125,-0.09136402141302824,-0.1116795465350151
7820,18.71875,-0.1227099597454071,-0.05478465035557747,0.036412193439900875,0.0,0.33418687880039216,-0.09567287415266038,-0.1227099597454071
7830,13.59375,-0.08789904415607452,-0.04941217433661223,0.04601199142634869,0.0,0.33234777897596357,-0.07903190031647682,-0.08789904415607452
7840,20.28125,-0.08535284548997879,-0.0436947600916028,0.0348570654168725,0.0,0.3338960364460945,-0.09705911986529828,-0.08535284548997879
7850,22.21875,-0.07687149941921234,-0.04723859913647175,0.04506265595555305,0.0,0.33440357595682146,-0.08628905769437552,-0.07687149941921234
7860,18.59375,-0.10805189609527588,-0.051362873427569865,0.02408250458538532,0.0,0.33530478477478026,-0.08972346670925617,-0.10805189609527588
7870,18.65625,-0.0861150473356247,-0.055771709978580476,0.019611835666000842,0.0,0.335431869328022,-0.08731132578104735,-0.0861150473356247
7880,16.25,-0.11042816936969757,-0.05554249323904514,0.023248286731541157,0.0,0.33631458729505537,-0.08909309972077609,-0.11042816936969757
7890,17.71875,-0.08960603922605515,-0.04705683421343565,0.05099646560847759,0.0,0.3370889529585838,-0.08941027037799358,-0.08960603922605515
7900,17.5625,-0.0866304337978363,-0.053747594729065894,0.016992735862731933,0.0,0.337608827650547,-0.08913297168910503,-0.0866304337978363
7910,18.09375,-0.11993375420570374,-0.04151193499565124,0.07927492111921311,0.0,0.3386181205511093,-0.08683718871325255,-0.11993375420570374
7920,19.75,-0.10340767353773117,-0.03949327673763037,0.0592215484008193,0.0,0.3361874490976334,-0.09186939876526594,-0.10340767353773117
7930,18.40625,-0.11741749942302704,-0.0390679913572967,0.04006375633180141,0.0,0.3367130681872368,-0.08459931127727031,-0.11741749942302704
7940,18.125,-0.08336454629898071,-0.051809987798333165,0.02318494189530611,0.0,0.33704422414302826,-0.08473822642117738,-0.08336454629898071
7950,21.1875,-0.08756797015666962,-0.04968586564064026,0.040145464800298215,0.0,0.3376162648200989,-0.08642001450061798,-0.08756797015666962
7960,17.0,-0.13190984725952148,-0.0517947006970644,0.03683444149792194,0.0,0.3346042186021805,-0.08704773671925067,-0.13190984725952148
7970,16.125,-0.09523729979991913,-0.04160209633409977,0.05419046524912119,0.0,0.3366027384996414,-0.0870913103222847,-0.09523729979991913
7980,24.46875,-0.09832428395748138,-0.05423801261931658,0.01973700663074851,0.0,0.33937782496213914,-0.08175419811159372,-0.09832428395748138
7990,20.09375,-0.09032642841339111,-0.04503697836771607,0.04098370168358088,0.0,0.33816732466220856,-0.0841101061552763,-0.09032642841339111
8000,24.53125,-0.10089316219091415,-0.050982623174786565,0.03471640460193157,0.0,0.33832831084728243,-0.09319192711263895,-0.10089316219091415
8010,19.625,-0.10724424570798874,-0.050922243669629094,0.048969995230436325,0.0,0.3403141736984253,-0.087268540635705,-0.10724424570798874
8020,18.3125,-0.11494893580675125,-0.05441095652058721,0.026335404627025126,0.0,0.33731526136398315,-0.09077883996069432,-0.11494893580675125
8030,19.5,-0.09458497911691666,-0.05117159597575664,0.022473948076367378,0.0,0.33942236453294755,-0.08664847314357757,-0.09458497911691666
8040,18.0,-0.11116962134838104,-0.05219839038327336,0.024062905088067056,0.0,0.3397920310497284,-0.08289363086223603,-0.11116962134838104
8050,16.8125,-0.09639785438776016,-0.03799249473959208,0.06630397718399764,0.0,0.34070763140916827,-0.08918605968356133,-0.09639785438776016
8060,20.78125,-0.08912075310945511,-0.05526881907135248,0.03487751204520464,0.0,0.342248423397541,-0.08180399853736162,-0.08912075310945511
8070,21.40625,-0.09575726091861725,-0.05230434406548738,0.03716880492866039,0.0,0.3404098734259605,-0.0825977947562933,-0.09575726091861725
8080,17.65625,-0.08144965767860413,-0.05406913179904223,0.02387120146304369,0.0,0.34059015065431597,-0.08205028399825096,-0.08144965767860413
8090,20.28125,-0.07423153519630432,-0.02308584935963154,0.1936932669952512,0.0,0.3422604724764824,-0.08317688889801503,-0.07423153519630432
8100,22.40625,-0.09370426833629608,-0.049213940650224684,0.026978076435625553,0.0,0.3429587736725807,-0.08190108817070722,-0.09370426833629608
8110,23.3125,-0.08971287310123444,-0.04722633454948664,0.03252183571457863,0.0,0.3434713646769524,-0.07976622935384511,-0.08971287310123444
8120,20.34375,-0.09433545172214508,-0.04695964679121971,0.029028734564781188,0.0,0.342539356648922,-0.08170759901404381,-0.09433545172214508
8130,21.5625,-0.10280914604663849,-0.04143432257696986,0.03466510809957981,0.0,0.3434126183390617,-0.08323527872562408,-0.10280914604663849
8140,17.0625,-0.10315608978271484,-0.05135178528726101,0.03751845173537731,0.0,0.34220044165849683,-0.0853955663740635,-0.10315608978271484
8150,16.15625,-0.11093782633543015,-0.055258346162736414,0.04371536746621132,0.0,0.3410364165902138,-0.08402120657265186,-0.11093782633543015
8160,22.15625,-0.08280938863754272,-0.047252212092280386,0.033958330005407336,0.0,0.3406434997916222,-0.08578274361789226,-0.08280938863754272
8170,22.625,-0.0860351175069809,-0.04924902729690075,0.026949017122387887,0.0,0.3434452563524246,-0.07857009954750538,-0.0860351175069809
8180,19.71875,-0.10935943573713303,-0.05740460585802794,0.023606272414326668,0.0,0.3403002694249153,-0.08931327238678932,-0.10935943573713303
8190,15.6875,-0.13467077910900116,-0.030687389709055424,0.2669866614043713,0.0,0.3381795063614845,-0.09185287095606327,-0.13467077910900116
8200,19.375,-0.11439834535121918,-0.05209436696022749,0.03668815642595291,0.0,0.33762904107570646,-0.09581750258803368,-0.11439834535121918
8210,21.9375,-0.10118931531906128,-0.04675029870122671,0.02389479409903288,0.0,0.33900900185108185,-0.09493043143302202,-0.10118931531906128
8220,19.4375,-0.09981875866651535,-0.05517130326479673,0.024391196481883527,0.0,0.3412958174943924,-0.08701702821999788,-0.09981875866651535
8230,16.90625,-0.10363726317882538,-0.05375978164374828,0.025312622264027595,0.0,0.34019606858491896,-0.08164009228348731,-0.10363726317882538
8240,15.78125,-0.10985223948955536,-0.04966703690588474,0.022322184033691884,0.0,0.3433338448405266,-0.08111927472054958,-0.10985223948955536
8250,22.625,-0.0792594850063324,-0.05519957449287176,0.02637196034193039,0.0,0.3422383025288582,-0.07868067882955074,-0.0792594850063324
8260,18.0625,-0.11047959327697754,-0.03979226909577847,0.07305089086294174,0.0,0.34067836552858355,-0.08797420021146536,-0.11047959327697754
8270,20.75,-0.09755975008010864,-0.05525467786937952,0.024689534865319728,0.0,0.34248305559158326,-0.08495338149368763,-0.09755975008010864
8280,18.0,-0.11660972982645035,-0.05159100228920579,0.024814788065850735,0.0,0.34237610548734665,-0.08703773505985737,-0.11660972982645035
8290,18.625,-0.08927377313375473,-0.05572221614420414,0.027605678141117095,0.0,0.34146116971969603,-0.08016066793352365,-0.08927377313375473
8300,13.34375,-0.12175603210926056,-0.04800680866464972,0.051132787764072415,0.0,0.3406621769070625,-0.08468463383615017,-0.12175603210926056
8310,22.5,-0.1090206727385521,-0.038294250052422284,0.04600014537572861,0.0,0.34166601449251177,-0.08957715630531311,-0.1090206727385521
8320,16.71875,-0.10507334768772125,-0.04798017479479313,0.03585860524326563,0.0,0.3422056928277016,-0.08521189820021391,-0.10507334768772125
8330,20.21875,-0.07024046778678894,-0.042126386985182764,0.03555711433291435,0.0,0.34056254029273986,-0.0805018913000822,-0.07024046778678894
8340,18.53125,-0.08589911460876465,-0.05021986914798617,0.023254259675741195,0.0,0.3418663561344147,-0.08579647075384855,-0.08589911460876465
8350,17.71875,-0.11385703831911087,-0.04943053880706429,0.03843533527106047,0.0,0.34140730947256087,-0.08017016816884279,-0.11385703831911087
8360,23.375,-0.08981838077306747,-0.05386177860200405,0.02308628596365452,0.0,0.3406523481011391,-0.08534607570618391,-0.08981838077306747
8370,27.125,-0.12260153889656067,-0.03849463276565075,0.11203964948654174,0.0,0.34061377346515653,-0.08998151123523712,-0.12260153889656067
8380,27.875,-0.10312852263450623,-0.05802457425743342,0.024496996961534023,0.0,0.34118505418300626,-0.08641950134187937,-0.10312852263450623
8390,21.0625,-0.07599843293428421,-0.04093839526176453,0.05314679592847824,0.0,0.3383719936013222,-0.08377390932291746,-0.07599843293428421
8400,20.875,-0.10247664898633957,-0.05341280102729797,0.036766317486763,0.0,0.3373524099588394,-0.09648732654750347,-0.10247664898633957
8410,17.4375,-0.1142084151506424,-0.05785739310085773,0.02447130288928747,0.0,0.33940776288509367,-0.08534792736172676,-0.1142084151506424
8420,17.15625,-0.09841451793909073,-0.03854779750108719,0.09759400561451911,0.0,0.3399864941835403,-0.0915239866822958,-0.09841451793909073
8430,16.875,-0.11782827973365784,-0.044843204133212564,0.04388720653951168,0.0,0.33859755247831347,-0.08383304253220558,-0.11782827973365784
8440,18.0625,-0.08970790356397629,-0.05690589714795351,0.02596616018563509,0.0,0.340809528529644,-0.08330021798610687,-0.08970790356397629
8450,18.625,-0.10430359095335007,-0.05632678773254156,0.03284702245146036,0.0,0.33736081421375275,-0.09070883914828301,-0.10430359095335007
8460,16.46875,-0.11067458242177963,-0.05211761500686407,0.024395243264734745,0.0,0.337203274667263,-0.09561273511499166,-0.11067458242177963
8470,13.90625,-0.10537786036729813,-0.02567220330238342,0.09643496833741665,0.0,0.337893508374691,-0.08193280473351479,-0.10537786036729813
8480,19.6875,-0.09413313865661621,-0.049398799613118174,0.022844031266868115,0.0,0.3411810860037804,-0.0832138329744339,-0.09413313865661621
8490,18.21875,-0.10563596338033676,-0.05577756380662322,0.03946050964295864,0.0,0.3394651398062706,-0.09130913130939007,-0.10563596338033676
8500,22.46875,-0.07204524427652359,-0.043116214126348494,0.04052717946469784,0.0,0.34129991829395295,-0.08618999216705561,-0.07204524427652359
8510,22.78125,-0.0947723239660263,-0.04683698937296867,0.051430617831647395,0.0,0.34331387728452684,-0.07765874695032834,-0.0947723239660263
8520,17.15625,-0.10046132653951645,-0.05951167587190866,0.024701579473912716,0.0,0.3409192144870758,-0.08652061261236668,-0.10046132653951645
8530,14.46875,-0.10370724648237228,-0.05523183923214674,0.02770571131259203,0.0,0.34057312458753586,-0.0845210675150156,-0.10370724648237228
8540,16.5,-0.09953455626964569,-0.052947814017534255,0.0346876498311758,0.0,0.3422811791300774,-0.08605591487139463,-0.09953455626964569
8550,18.78125,-0.07497707009315491,-0.053131887689232826,0.03216648381203413,0.0,0.3412002265453339,-0.08136343173682689,-0.07497707009315491
8560,18.1875,-0.08956681191921234,-0.05231213606894016,0.03109709043055773,0.0,0.3421208992600441,-0.08973454609513283,-0.08956681191921234
8570,18.4375,-0.10681357979774475,-0.03389286808669567,0.08427495211362838,0.0,0.34120818972587585,-0.09977382346987725,-0.10681357979774475
8580,15.25,-0.1138717532157898,-0.04757616203278303,0.0518761221319437,0.0,0.3415447250008583,-0.08649255037307739,-0.1138717532157898
8590,21.15625,-0.09586343169212341,-0.048119493387639524,0.04809713885188103,0.0,0.34372901916503906,-0.08465687446296215,-0.09586343169212341
8600,22.625,-0.09773530066013336,-0.0447738191112876,0.04940827339887619,0.0,0.3399922639131546,-0.09264446999877692,-0.09773530066013336
8610,22.5,-0.07773882150650024,-0.043574428744614126,0.023691376484930516,0.0,0.34092712253332136,-0.08051751293241978,-0.07773882150650024
8620,18.875,-0.08752818405628204,-0.05719799473881722,0.02164130676537752,0.0,0.34226927906274796,-0.08059253506362438,-0.08752818405628204
8630,23.75,-0.08916779607534409,-0.05625997148454189,0.03446245789527893,0.0,0.3432503893971443,-0.08873892910778522,-0.08916779607534409
8640,23.5,-0.10014872252941132,-0.050752727314829826,0.03220987543463707,0.0,0.34149009734392166,-0.08348437324166298,-0.10014872252941132
8650,19.28125,-0.0792708471417427,-0.05466188872233033,0.016309045907109975,0.0,0.3426666647195816,-0.08956119138747454,-0.0792708471417427
8660,18.125,-0.10539636760950089,-0.05354122631251812,0.026035357639193533,0.0,0.344864210486412,-0.0847971459850669,-0.10539636760950089
8670,17.40625,-0.10094086825847626,-0.05312511194497347,0.03305172193795443,0.0,0.34402078986167905,-0.08574359565973282,-0.10094086825847626
8680,21.625,-0.08604112267494202,-0.0559791561216116,0.024021694622933864,0.0,0.3449990764260292,-0.08406280465424061,-0.08604112267494202
8690,25.21875,-0.09306587278842926,-0.038172024115920064,0.07854785062372685,0.0,0.3417192190885544,-0.08402522932738066,-0.09306587278842926
8700,14.84375,-0.12214945256710052,-0.05606628097593784,0.022956226579844953,0.0,0.3431390106678009,-0.09721743725240231,-0.12214945256710052
8710,20.90625,-0.07492433488368988,-0.047791375406086446,0.02167482078075409,0.0,0.3424182325601578,-0.08688723985105754,-0.07492433488368988
8720,27.875,-0.09806080907583237,-0.051451686397194864,0.041178127750754356,0.0,0.3463603436946869,-0.08690809942781925,-0.09806080907583237
8730,20.75,-0.1259474903345108,-0.04625829756259918,0.02916385941207409,0.0,0.3456032037734985,-0.08742309026420117,-0.1259474903345108
8740,13.71875,-0.11899278312921524,-0.04926953511312604,0.033508107624948026,0.0,0.3458718672394753,-0.08813186660408974,-0.11899278312921524
8750,22.125,-0.10731691867113113,-0.05117923654615879,0.038025572523474695,0.0,0.3449814185500145,-0.0880488708615303,-0.10731691867113113
8760,22.0625,-0.10908518731594086,-0.037222420983016494,0.060236618109047416,0.0,0.3478571727871895,-0.08830630928277969,-0.10908518731594086
8770,17.28125,-0.12250926345586777,-0.055695276148617266,0.03906517922878265,0.0,0.3486188530921936,-0.08424025382846594,-0.12250926345586777
8780,21.78125,-0.10032112896442413,-0.056815394666045904,0.030677315406501295,0.0,0.34850182086229325,-0.08029798716306687,-0.10032112896442413
8790,13.84375,-0.10066448152065277,-0.05393557138741016,0.033512257225811484,0.0,0.3450325965881348,-0.08759720623493195,-0.10066448152065277
8800,25.75,-0.09598848223686218,-0.05646909847855568,0.028780898079276085,0.0,0.34403589367866516,-0.07714579030871391,-0.09598848223686218
8810,20.34375,-0.08260967582464218,-0.051859833672642706,0.03765522670000791,0.0,0.34559752494096757,-0.0876275721937418,-0.08260967582464218
8820,21.0625,-0.0833510011434555,-0.0391291094943881,0.027703575789928436,0.0,0.34421650171279905,-0.08780176416039467,-0.0833510011434555
8830,16.625,-0.08861767500638962,-0.05242572883144021,0.03927113227546215,0.0,0.3450646996498108,-0.07896397933363915,-0.08861767500638962
8840,19.15625,-0.08894166350364685,-0.050452837720513344,0.04164731353521347,0.0,0.3456896752119064,-0.07582109961658716,-0.08894166350364685
8850,15.1875,-0.10235898196697235,-0.0435900516808033,0.05054222717881203,0.0,0.3472287684679031,-0.07867975682020187,-0.10235898196697235
8860,23.5,-0.06721420586109161,-0.05461735250428319,0.020603926852345467,0.0,0.348001267015934,-0.07622988391667604,-0.06721420586109161
8870,17.28125,-0.09275426715612411,-0.051393162738531825,0.07662416584789752,0.0,0.34572952687740327,-0.08191131800413132,-0.09275426715612411
8880,20.59375,-0.10587374866008759,-0.04633152410387993,0.05190759338438511,0.0,0.3470210894942284,-0.07990276627242565,-0.10587374866008759
8890,15.28125,-0.102654367685318,-0.047086307778954506,0.03461122810840607,0.0,0.3438771337270737,-0.0931059991940856,-0.102654367685318
8900,18.125,-0.11361256241798401,-0.05486280517652631,0.037398369237780574,0.0,0.3490296632051468,-0.08380859233438968,-0.11361256241798401
8910,21.15625,-0.10523366183042526,-0.04600169248878956,0.1069828949868679,0.0,0.3489242151379585,-0.08118529375642539,-0.10523366183042526
8920,20.28125,-0.12394633889198303,-0.055585382878780364,0.03941283114254475,0.0,0.34857111275196073,-0.08751185312867164,-0.12394633889198303
8930,19.96875,-0.08054529130458832,-0.04983551511541009,0.03366723638027906,0.0,0.34822369962930677,-0.07848259136080742,-0.08054529130458832
8940,21.8125,-0.10443425923585892,-0.04126225896179676,0.10267219096422195,0.0,0.3494088649749756,-0.08440613299608231,-0.10443425923585892
8950,15.46875,-0.1029195487499237,-0.04653505831956863,0.04495683982968331,0.0,0.34833954423666,-0.08840459957718849,-0.1029195487499237
8960,18.8125,-0.08979115635156631,-0.05088392104953528,0.023323193565011023,0.0,0.34833350479602815,-0.08324071932584047,-0.08979115635156631
8970,23.53125,-0.08140292763710022,-0.04819585308432579,0.03720645755529404,0.0,0.35114769637584686,-0.08081359043717384,-0.08140292763710022
8980,18.71875,-0.11152467131614685,-0.04620938329026103,0.1091469720005989,0.0,0.3463508427143097,-0.09133252091705799,-0.11152467131614685
8990,16.90625,-0.1086997389793396,-0.04979527089744806,0.03976424820721149,0.0,0.34691095948219297,-0.0850540118291974,-0.1086997389793396
9000,18.1875,-0.08705660700798035,-0.053208595141768456,0.03394764102995396,0.0,0.34972099363803866,-0.07798971105366945,-0.08705660700798035
9010,18.0625,-0.09622041881084442,-0.04905010536313057,0.04559880644083023,0.0,0.3494048804044724,-0.089399940893054,-0.09622041881084442
9020,16.40625,-0.11512571573257446,-0.044033084996044636,0.04224577881395817,0.0,0.3474057108163834,-0.08287274949252606,-0.11512571573257446
9030,14.8125,-0.0999186560511589,-0.04545149579644203,0.03856408633291721,0.0,0.34785131365060806,-0.07366501148790121,-0.0999186560511589
9040,15.15625,-0.08493849635124207,-0.054242834076285364,0.025359815917909145,0.0,0.3483849838376045,-0.08321150466799736,-0.08493849635124207
9050,18.90625,-0.10241568833589554,-0.06366408057510853,0.036713947914540766,0.0,0.35031743049621583,-0.08434235528111458,-0.10241568833589554
9060,17.0,-0.09784935414791107,-0.05904013784602284,0.03180602639913559,0.0,0.35073183923959733,-0.08194177411496639,-0.09784935414791107
9070,19.125,-0.07164375483989716,-0.051156782545149326,0.06200525276362896,0.0,0.3493631646037102,-0.08136790841817856,-0.07164375483989716
9080,18.28125,-0.07868033647537231,-0.04893117789179087,0.029171920008957387,0.0,0.3494913876056671,-0.08095974121242762,-0.07868033647537231
9090,20.6875,-0.06273192167282104,-0.05334418844431639,0.040025565400719644,0.0,0.35261233150959015,-0.07721159905195236,-0.06273192167282104
9100,21.28125,-0.09247755259275436,-0.04526160322129726,0.029147677402943373,0.0,0.35126500725746157,-0.07880705390125513,-0.09247755259275436
9110,19.90625,-0.07103515416383743,-0.04902118034660816,0.04525014441460371,0.0,0.35228638648986815,-0.07667339108884334,-0.07103515416383743
9120,25.96875,-0.08537246286869049,-0.04812984559684992,0.022506126761436464,0.0,0.35457817316055296,-0.08426221385598183,-0.08537246286869049
9130,19.96875,-0.0745001882314682,-0.057525459211319685,0.04053906202316284,0.0,0.35183540284633635,-0.0757658476009965,-0.0745001882314682
9140,20.65625,-0.12107601761817932,-0.046254777209833266,0.0406584307551384,0.0,0.3537883996963501,-0.07591555938124657,-0.12107601761817932
9150,15.375,-0.10804393887519836,-0.05270110070705414,0.03626772854477167,0.0,0.3531410187482834,-0.07618418745696545,-0.10804393887519836
9160,20.625,-0.0978720560669899,-0.0488262327387929,0.029120752401649953,0.0,0.35506157726049425,-0.08429038114845752,-0.0978720560669899
9170,16.625,-0.10560909658670425,-0.05453554708510637,0.028779735416173936,0.0,0.35442806482315065,-0.07287971563637256,-0.10560909658670425
9180,25.1875,-0.07672072947025299,-0.04663827922195196,0.0341663533821702,0.0,0.354101100564003,-0.0796774972230196,-0.07672072947025299
9190,23.875,-0.07973270863294601,-0.04857703149318695,0.029107333160936832,0.0,0.35607788115739825,-0.06631933692842722,-0.07973270863294601
9200,19.5625,-0.07295796275138855,-0.05260267723351717,0.028615863434970377,0.0,0.35629294663667677,-0.08059243764728308,-0.07295796275138855
9210,19.0625,-0.10391789674758911,-0.036973724327981475,0.05064708758145571,0.0,0.3549104705452919,-0.07940750569105148,-0.10391789674758911
9220,20.96875,-0.10715872049331665,-0.051891657337546346,0.03181360997259617,0.0,0.35816740840673444,-0.07803336679935455,-0.10715872049331665
9230,14.5625,-0.08376361429691315,-0.05591736859641969,0.035125792026519775,0.0,0.35662842243909837,-0.07437973469495773,-0.08376361429691315
9240,21.5625,-0.08557701110839844,-0.051530097424983975,0.055593247339129445,0.0,0.355528450012207,-0.07576008308678865,-0.08557701110839844
9250,21.5,-0.10201512277126312,-0.05545585881918669,0.020185506716370583,0.0,0.35732966661453247,-0.07212413866072893,-0.10201512277126312
9260,22.0,-0.08929014205932617,-0.0371105476282537,0.058751240745186804,0.0,0.3559472292661667,-0.06880647279322147,-0.08929014205932617
9270,20.6875,-0.08385024219751358,-0.05814445465803146,0.027588946372270585,0.0,0.3592640906572342,-0.07576438654214143,-0.08385024219751358
9280,17.34375,-0.07299234718084335,-0.05450167171657085,0.02177019938826561,0.0,0.3569714218378067,-0.07708751298487186,-0.07299234718084335
9290,18.25,-0.07645303010940552,-0.05248733200132847,0.024393719621002674,0.0,0.3573122560977936,-0.07034051436930895,-0.07645303010940552
9300,24.53125,-0.06347194314002991,-0.05704670688137412,0.016474017594009637,0.0,0.3565907508134842,-0.07130237091332674,-0.06347194314002991
9310,23.625,-0.1099553108215332,-0.03230003733187914,0.21206970810890197,0.0,0.3539094224572182,-0.07678182572126388,-0.1099553108215332
9320,20.875,-0.0819387286901474,-0.05582310492172837,0.02808430101722479,0.0,0.35662645995616915,-0.07433438319712878,-0.0819387286901474
9330,22.03125,-0.0870874896645546,-0.05887855933979154,0.033657710626721384,0.0,0.35560463070869447,-0.07901645489037037,-0.0870874896645546
9340,19.3125,-0.1035466343164444,-0.05852837320417166,0.029232171736657618,0.0,0.3568338766694069,-0.07240708246827125,-0.1035466343164444
9350,24.25,-0.09437191486358643,-0.05172824095934629,0.024199953489005565,0.0,0.35805807560682296,-0.07666494026780128,-0.09437191486358643
9360,21.1875,-0.10031796991825104,-0.028877189895138145,0.228143173456192,0.0,0.35841145515441897,-0.07944019325077534,-0.10031796991825104
9370,17.21875,-0.09357249736785889,-0.04408454094082117,0.03876885920763016,0.0,0.35865053087472915,-0.07962273918092251,-0.09357249736785889
9380,15.5625,-0.074745312333107,-0.04456804348155856,0.03558686412870884,0.0,0.35717602968215945,-0.06961228623986244,-0.074745312333107
9390,23.0,-0.09524591267108917,-0.05063597839325666,0.019628358725458383,0.0,0.3582965791225433,-0.07316250167787075,-0.09524591267108917
9400,20.90625,-0.0707613155245781,-0.05658820457756519,0.021656026504933833,0.0,0.35891055315732956,-0.07228920180350543,-0.0707613155245781
9410,19.96875,-0.07578113675117493,-0.03992856200784445,0.04435050748288631,0.0,0.35788966417312623,-0.06885193772614003,-0.07578113675117493
9420,19.5625,-0.11926539242267609,-0.05661593209952116,0.033078153431415555,0.0,0.3596164181828499,-0.07543084304779768,-0.11926539242267609
9430,25.34375,-0.09274090081453323,-0.0436091348528862,0.046967143379151824,0.0,0.3572713777422905,-0.07416122481226921,-0.09274090081453323
9440,18.65625,-0.08049178123474121,-0.05241316556930542,0.04444269686937332,0.0,0.35745577663183215,-0.07102017104625702,-0.08049178123474121
9450,29.0625,-0.059910207986831665,-0.053456876426935196,0.016672443319112062,0.0,0.3551046118140221,-0.071217130869627,-0.059910207986831665
9460,19.90625,-0.08132916688919067,-0.04447619691491127,0.046964642219245435,0.0,0.35666449666023253,-0.07952502053231,-0.08132916688919067
9470,19.78125,-0.0839989110827446,-0.04916836367920041,0.034402159973978996,0.0,0.35513842552900315,-0.07605297099798917,-0.0839989110827446
9480,18.25,-0.09677213430404663,-0.051162838470190763,0.035037475451827046,0.0,0.358619798719883,-0.07898225840181113,-0.09677213430404663
9490,16.71875,-0.09077738225460052,-0.049552074447274205,0.04210352972149849,0.0,0.3577082172036171,-0.07483845800161362,-0.09077738225460052
9500,22.3125,-0.07691704481840134,-0.055218298360705374,0.019314639642834662,0.0,0.358276729285717,-0.07640965413302184,-0.07691704481840134
9510,19.9375,-0.061970099806785583,-0.05444857440888882,0.025672720186412333,0.0,0.3578170627355576,-0.07610268332064152,-0.061970099806785583
9520,21.9375,-0.0853467658162117,-0.0573815792798996,0.022226471826434134,0.0,0.35671207010746003,-0.07081884983927011,-0.0853467658162117
9530,17.65625,-0.105192631483078,-0.05313853267580271,0.02922458276152611,0.0,0.3560456305742264,-0.07932561039924621,-0.105192631483078
9540,18.1875,-0.08523266762495041,-0.05200706012547016,0.02793295681476593,0.0,0.3577419683337212,-0.08312464077025652,-0.08523266762495041
9550,25.875,-0.08949287235736847,-0.057150904648005964,0.02798357028514147,0.0,0.35619269907474516,-0.06933585293591023,-0.08949287235736847
9560,20.59375,-0.09201522171497345,-0.046685976535081865,0.02914388235658407,0.0,0.3544241636991501,-0.0775910347700119,-0.09201522171497345
9570,26.03125,-0.10560368001461029,-0.05956746581941843,0.027113312482833864,0.0,0.3589205428957939,-0.07821717448532581,-0.10560368001461029
9580,21.21875,-0.07423850893974304,-0.04745734669268131,0.025983626209199428,0.0,0.3573856621980667,-0.08438352793455124,-0.07423850893974304
9590,18.21875,-0.11416974663734436,-0.051170052587985994,0.026887779403477908,0.0,0.35891767144203185,-0.08167253844439984,-0.11416974663734436
9600,23.75,-0.1057668998837471,-0.0517805052921176,0.0396973829716444,0.0,0.36010215133428575,-0.07493175957351923,-0.1057668998837471
9610,19.875,-0.07152450084686279,-0.05414801780134439,0.033902712352573874,0.0,0.35758107602596284,-0.07519503682851791,-0.07152450084686279
9620,25.6875,-0.06330803781747818,-0.03699419032782316,0.0662915825843811,0.0,0.35547451227903365,-0.0711562093347311,-0.06330803781747818
9630,28.65625,-0.08646917343139648,-0.04260148946195841,0.030040667951107027,0.0,0.35541160106658937,-0.0752316564321518,-0.08646917343139648
9640,16.84375,-0.10418939590454102,-0.047767432779073714,0.042870352044701576,0.0,0.35711138397455217,-0.0777555687353015,-0.10418939590454102
9650,23.375,-0.08236962556838989,-0.050835460610687735,0.04155794158577919,0.0,0.35807477235794066,-0.06887103654444218,-0.08236962556838989
9660,22.25,-0.10992005467414856,-0.04838236812502146,0.0221109202131629,0.0,0.35651170611381533,-0.07582608163356781,-0.10992005467414856
9670,15.625,-0.10573975741863251,-0.04614390004426241,0.038467710465192796,0.0,0.35887778997421266,-0.07294743787497282,-0.10573975741863251
9680,19.15625,-0.09633603692054749,-0.05631667245179415,0.0348488699644804,0.0,0.3591004699468613,-0.07465820275247097,-0.09633603692054749
9690,18.25,-0.08589944988489151,-0.04315682668238878,0.05719031877815724,0.0,0.35836201608181,-0.07495152242481709,-0.08589944988489151
9700,19.15625,-0.10298805683851242,-0.053545715380460025,0.044347741082310675,0.0,0.36260806024074554,-0.07114026173949242,-0.10298805683851242
9710,17.375,-0.0854731872677803,-0.05194951426237822,0.02493957579135895,0.0,0.3608814612030983,-0.06896682549268007,-0.0854731872677803
9720,13.4375,-0.09695880860090256,-0.047691306285560134,0.045998213812708855,0.0,0.36248583942651746,-0.06797875193879008,-0.09695880860090256
9730,14.625,-0.080979123711586,-0.052490003779530524,0.03758540712296963,0.0,0.36039298623800275,-0.07074701525270939,-0.080979123711586
9740,14.21875,-0.10289625823497772,-0.04762992737814784,0.06084931567311287,0.0,0.36561025530099867,-0.07379152569919825,-0.10289625823497772
9750,23.28125,-0.08814473450183868,-0.04990851543843746,0.029828277043998243,0.0,0.36313473284244535,-0.06824066527187825,-0.08814473450183868
9760,20.59375,-0.09152356535196304,-0.03459730949252844,0.12872605808079243,0.0,0.3624594047665596,-0.06670347340404988,-0.09152356535196304
9770,18.59375,-0.07958764582872391,-0.053019477427005766,0.03163090813905001,0.0,0.3620078906416893,-0.07297273483127356,-0.07958764582872391
9780,17.40625,-0.06971334666013718,-0.05078673511743546,0.027529698237776755,0.0,0.3644744724035263,-0.07355033922940493,-0.06971334666013718
9790,23.75,-0.06898385286331177,-0.05057010743767023,0.021553606353700162,0.0,0.3643675372004509,-0.065347121655941,-0.06898385286331177
9800,19.625,-0.06468541920185089,-0.039837909117341044,0.08784823678433895,0.0,0.36029779464006423,-0.06872148308902978,-0.06468541920185089
9810,22.84375,-0.05585611239075661,-0.05354504473507404,0.03380261957645416,0.0,0.3625523060560226,-0.06264340989291668,-0.05585611239075661
9820,19.4375,-0.11137886345386505,-0.04565767189487815,0.08664745837450027,0.0,0.3653909921646118,-0.07542842216789722,-0.11137886345386505
9830,18.9375,-0.0822039246559143,-0.05573398414999246,0.02284529581665993,0.0,0.36554198116064074,-0.06515131704509258,-0.0822039246559143
9840,20.15625,-0.10532611608505249,-0.05703291967511177,0.048588916659355164,0.0,0.36576767414808276,-0.06467906292527914,-0.10532611608505249
9850,17.71875,-0.09701468050479889,-0.04223240204155445,0.05653597265481949,0.0,0.3619506984949112,-0.06528824809938669,-0.09701468050479889
9860,21.875,-0.11385766416788101,-0.04112391676753759,0.09869620949029922,0.0,0.3669926434755325,-0.07334810737520456,-0.11385766416788101
9870,16.1875,-0.07084093987941742,-0.05058941226452589,0.047056016698479655,0.0,0.3657525673508644,-0.06095067616552115,-0.07084093987941742
9880,22.25,-0.08226415514945984,-0.04677688106894493,0.04071822948753834,0.0,0.36648105531930925,-0.06344104632735252,-0.08226415514945984
9890,16.03125,-0.07768513262271881,-0.05382271711714566,0.03419030718505382,0.0,0.36518858224153516,-0.07354793045669794,-0.07768513262271881
9900,19.90625,-0.07510057091712952,-0.053779156878590584,0.02028888836503029,0.0,0.3668398916721344,-0.07413446605205536,-0.07510057091712952
9910,19.90625,-0.08465732634067535,-0.05091671627014875,0.043616022914648056,0.0,0.3693795531988144,-0.06913801804184913,-0.08465732634067535
9920,19.21875,-0.08930399268865585,-0.053356670588254926,0.03282634429633617,0.0,0.3689490631222725,-0.06719332356005907,-0.08930399268865585
9930,19.3125,-0.0649767816066742,-0.055099415592849255,0.02152444515377283,0.0,0.3697249054908752,-0.0670177223160863,-0.0649767816066742
9940,24.84375,-0.06150921434164047,-0.05609220527112484,0.014106668625026941,0.0,0.3693966969847679,-0.06293209251016378,-0.06150921434164047
9950,26.25,-0.06649695336818695,-0.04924312680959701,0.026742837391793728,0.0,0.36948938965797423,-0.05970449857413769,-0.06649695336818695
9960,22.4375,-0.10341496765613556,-0.046756839565932753,0.04235475100576878,0.0,0.3664564356207848,-0.060977396182715894,-0.10341496765613556
9970,20.0625,-0.07687666267156601,-0.05346629396080971,0.01746311839669943,0.0,0.3670956030488014,-0.07273669205605984,-0.07687666267156601
9980,19.125,-0.08503372222185135,-0.05242123454809189,0.041699588857591154,0.0,0.36874638348817823,-0.055812356248497966,-0.08503372222185135
9990,25.3125,-0.06821976602077484,-0.04846197832375765,0.020756642054766416,0.0,0.36903335750102995,-0.06592667419463397,-0.06821976602077484
10000,23.5625,-0.08213843405246735,-0.05438529066741467,0.025830515101552008,0.0,0.3679421365261078,-0.06427768990397453,-0.08213843405246735
