epoch,lifetime,reward_mean,policy_loss,value_loss,sym_loss,score_real__/full,score_fake__/full,disc_reward__/full
1,8.0,-0.006500533781945705,0.26520560383796693,0.7146591424942017,0.0,-0.0005243744235485792,-0.005214521661400795,-0.006500533781945705
10,16.71875,-0.025985926389694214,-0.030747947469353675,0.26769364774227145,0.0,0.005583191342237923,-0.004728199293216069,-0.025985926389694214
20,18.6875,-0.04286527261137962,-0.02150862421840429,0.20099996030330658,0.0,0.0098497549071908,-0.004323220159858465,-0.04286527261137962
30,22.0,-0.03878110274672508,-0.021482531726360322,0.17017537951469422,0.0,0.013613557629287242,-0.009095396287739277,-0.03878110274672508
40,15.96875,-0.04624037817120552,-0.023506712913513184,0.11431430727243423,0.0,0.021012752130627633,-0.011518502049148083,-0.04624037817120552
50,17.46875,-0.0542994886636734,-0.021368423104286195,0.03667822703719139,0.0,0.02561067044734955,-0.017231305316090583,-0.0542994886636734
60,14.5625,-0.056412678211927414,-0.016968967393040657,0.17498410046100615,0.0,0.029770161770284177,-0.018188238702714445,-0.056412678211927414
70,17.1875,-0.04566425085067749,-0.021705803275108338,0.051431158930063246,0.0,0.037314381822943686,-0.0225825609639287,-0.04566425085067749
80,13.78125,-0.0649297684431076,-0.022219593450427056,0.10757366269826889,0.0,0.04435814209282398,-0.025230521522462367,-0.0649297684431076
90,19.875,-0.049983784556388855,-0.019254609197378158,0.13609849512577057,0.0,0.047908803820610045,-0.029415010847151278,-0.049983784556388855
100,15.40625,-0.0626026913523674,-0.024471215158700942,0.041023875772953036,0.0,0.05645601488649845,-0.03282608296722174,-0.0626026913523674
110,16.53125,-0.07255791872739792,-0.028146519511938094,0.04837706312537193,0.0,0.06326796337962151,-0.036676646955311296,-0.07255791872739792
120,20.59375,-0.07765966653823853,-0.01703600063920021,0.1433807745575905,0.0,0.06930781230330467,-0.039657425880432126,-0.07765966653823853
130,15.90625,-0.07123172283172607,-0.024792713671922685,0.046662785857915876,0.0,0.07403043136000634,-0.044326319545507434,-0.07123172283172607
140,19.0,-0.08081719279289246,-0.028651972115039826,0.0562074638903141,0.0,0.07919671535491943,-0.04554845951497555,-0.08081719279289246
150,19.625,-0.06756752729415894,-0.02025347910821438,0.35652191042900083,0.0,0.08789697811007499,-0.052538708224892615,-0.06756752729415894
160,19.375,-0.09368810057640076,-0.029081016965210437,0.05018292441964149,0.0,0.09303079321980476,-0.05464776493608951,-0.09368810057640076
170,20.4375,-0.07332177460193634,-0.025194646418094636,0.05070495456457138,0.0,0.0970735214650631,-0.05703056678175926,-0.07332177460193634
180,22.3125,-0.0677797943353653,-0.02010422796010971,0.05139131024479866,0.0,0.10340058505535125,-0.05901606529951096,-0.0677797943353653
190,18.28125,-0.09352413564920425,-0.02767992652952671,0.042779091745615005,0.0,0.10940632075071335,-0.06425760090351104,-0.09352413564920425
200,14.90625,-0.07904741913080215,-0.015047219395637513,0.3293096125125885,0.0,0.11620162725448609,-0.06340963207185268,-0.07904741913080215
210,20.21875,-0.09316428005695343,-0.02573153069242835,0.03564730063080788,0.0,0.11753043234348297,-0.06444760784506798,-0.09316428005695343
220,21.0,-0.10805078595876694,-0.020231199637055396,0.06416620910167695,0.0,0.1238620050251484,-0.07164509147405625,-0.10805078595876694
230,14.75,-0.0978788435459137,-0.027762738801538945,0.039145275950431824,0.0,0.12804550379514695,-0.07318625524640084,-0.0978788435459137
240,18.96875,-0.10466630011796951,-0.025286543369293212,0.034384433180093765,0.0,0.1342726990580559,-0.07247239723801613,-0.10466630011796951
250,17.28125,-0.09822458773851395,-0.020357563532888888,0.02830299995839596,0.0,0.13832656145095826,-0.07647762037813663,-0.09822458773851395
260,16.6875,-0.11009609699249268,-0.026482245326042174,0.025642259791493417,0.0,0.14190087020397185,-0.08295215517282487,-0.11009609699249268
270,20.59375,-0.10428610444068909,-0.024469414539635182,0.028345074504613876,0.0,0.14604907035827636,-0.08360098898410798,-0.10428610444068909
280,20.21875,-0.11068440973758698,-0.027187865786254407,0.03875542208552361,0.0,0.14907324761152269,-0.08541244864463807,-0.11068440973758698
290,22.40625,-0.1176142543554306,-0.022446922212839126,0.043772824108600616,0.0,0.1515940710902214,-0.08566840887069702,-0.1176142543554306
300,18.5625,-0.11384685337543488,-0.029898424074053763,0.03098483234643936,0.0,0.15519572794437408,-0.08710561469197273,-0.11384685337543488
310,20.1875,-0.09638120234012604,-0.02771333009004593,0.03842020630836487,0.0,0.15838657766580583,-0.08710139095783234,-0.09638120234012604
320,19.34375,-0.09016992151737213,-0.020836707204580307,0.044826232641935346,0.0,0.16262646317481994,-0.08302315697073936,-0.09016992151737213
330,19.8125,-0.11990464478731155,-0.026246292144060136,0.037856855988502504,0.0,0.16488029658794404,-0.09565389305353164,-0.11990464478731155
340,20.53125,-0.08520691096782684,-0.024855320155620576,0.052397594600915906,0.0,0.16602953225374223,-0.08788708001375198,-0.08520691096782684
350,23.25,-0.11490216851234436,-0.018190539069473745,0.3561970591545105,0.0,0.16459575444459915,-0.08245423287153245,-0.11490216851234436
360,19.21875,-0.1436588317155838,-0.031073014810681344,0.031265147402882575,0.0,0.16926486492156984,-0.09940847530961036,-0.1436588317155838
370,19.25,-0.1074579656124115,-0.021654699742794038,0.05692342221736908,0.0,0.17332349419593812,-0.09183664172887802,-0.1074579656124115
380,21.0625,-0.11907204985618591,-0.023780032992362976,0.021212481334805487,0.0,0.17856138497591018,-0.10216724872589111,-0.11907204985618591
390,16.59375,-0.14386647939682007,-0.028249293565750122,0.021377146989107133,0.0,0.17871667444705963,-0.11049644276499748,-0.14386647939682007
400,17.4375,-0.14002323150634766,-0.018389267101883888,0.17204816043376922,0.0,0.18360234498977662,-0.11453764513134956,-0.14002323150634766
410,18.9375,-0.1417277753353119,-0.02481183931231499,0.03359370455145836,0.0,0.18635177463293076,-0.11648287028074264,-0.1417277753353119
420,16.6875,-0.12521645426750183,-0.028809309005737305,0.027741540968418122,0.0,0.18788494616746904,-0.12579731717705728,-0.12521645426750183
430,18.8125,-0.12817785143852234,-0.031677176058292386,0.026816215738654135,0.0,0.1890340954065323,-0.12692879587411882,-0.12817785143852234
440,21.34375,-0.15262746810913086,-0.023642817884683608,0.02295735999941826,0.0,0.1892080321907997,-0.132768677175045,-0.15262746810913086
450,19.5625,-0.15757936239242554,-0.017486926913261414,0.22545988857746124,0.0,0.19241335541009902,-0.1376905232667923,-0.15757936239242554
460,19.25,-0.16260477900505066,-0.029310163483023642,0.023373663052916528,0.0,0.19194771051406861,-0.13968961015343667,-0.16260477900505066
470,20.0625,-0.1688118577003479,-0.027347443997859953,0.0365198090672493,0.0,0.1941123679280281,-0.14196597412228584,-0.1688118577003479
480,22.96875,-0.16540539264678955,-0.019005919247865675,0.17828377783298494,0.0,0.19793221056461335,-0.15047035962343216,-0.16540539264678955
490,22.78125,-0.20385216176509857,-0.027292612940073013,0.027026138454675674,0.0,0.1973978638648987,-0.15315427333116532,-0.20385216176509857
500,21.5,-0.17844358086585999,-0.03359314240515232,0.02504867911338806,0.0,0.19948568642139436,-0.14770398885011674,-0.17844358086585999
510,18.65625,-0.14614874124526978,-0.029938853345811367,0.031014824658632277,0.0,0.19870811700820923,-0.15236665457487106,-0.14614874124526978
520,18.75,-0.1775568276643753,-0.018227232061326502,0.0894558846950531,0.0,0.20289359837770463,-0.15037589967250825,-0.1775568276643753
530,17.03125,-0.1545623540878296,-0.02645261660218239,0.0288006279617548,0.0,0.2014124259352684,-0.1409170597791672,-0.1545623540878296
540,15.8125,-0.17428165674209595,-0.020047362986952068,0.2562520742416382,0.0,0.20232973098754883,-0.13951031118631363,-0.17428165674209595
550,23.09375,-0.15398073196411133,-0.019787319749593735,0.2917272984981537,0.0,0.20364149212837218,-0.13177774026989936,-0.15398073196411133
560,20.625,-0.1500621736049652,-0.022181160002946853,0.027425723150372505,0.0,0.2071797713637352,-0.1223051480948925,-0.1500621736049652
570,19.0,-0.12994593381881714,-0.028383829817175864,0.05378172546625137,0.0,0.20863382071256636,-0.12006137818098069,-0.12994593381881714
580,21.40625,-0.10010594129562378,-0.022971689142286776,0.04781572595238685,0.0,0.21103349030017854,-0.10725051611661911,-0.10010594129562378
590,17.28125,-0.09725674986839294,-0.02427229918539524,0.026009560748934745,0.0,0.21191934049129485,-0.0981343775987625,-0.09725674986839294
600,19.15625,-0.11045897006988525,-0.02164461202919483,0.026652704551815988,0.0,0.2163853630423546,-0.10328356623649597,-0.11045897006988525
610,19.65625,-0.1600457727909088,-0.024337427318096162,0.023554037883877756,0.0,0.2178330808877945,-0.11504319831728935,-0.1600457727909088
620,19.34375,-0.1285077929496765,-0.01707688979804516,0.03713054209947586,0.0,0.21521200686693193,-0.10946630910038949,-0.1285077929496765
630,16.46875,-0.12094318866729736,-0.0201616533100605,0.13123375475406646,0.0,0.2182779461145401,-0.1199841782450676,-0.12094318866729736
640,18.5625,-0.10614920407533646,-0.023350590467453004,0.025017423182725908,0.0,0.215388023853302,-0.11688571199774742,-0.10614920407533646
650,20.0625,-0.18787920475006104,-0.026141149178147315,0.03297360464930534,0.0,0.21971834301948548,-0.13071193397045136,-0.18787920475006104
660,21.8125,-0.17582504451274872,-0.02383313551545143,0.037284938246011735,0.0,0.2237182229757309,-0.1255179911851883,-0.17582504451274872
670,19.21875,-0.13449716567993164,-0.02317693866789341,0.041328196227550504,0.0,0.21937378346920014,-0.13557323813438416,-0.13449716567993164
680,16.96875,-0.16431257128715515,-0.025165649875998498,0.025638480484485627,0.0,0.21753268837928771,-0.14337859377264978,-0.16431257128715515
690,15.21875,-0.1622256487607956,-0.023477419465780257,0.02546943612396717,0.0,0.22195886224508285,-0.13851528242230415,-0.1622256487607956
700,18.625,-0.162756085395813,-0.023738427832722665,0.01709469184279442,0.0,0.22188631743192672,-0.1494111880660057,-0.162756085395813
710,21.03125,-0.1749332994222641,-0.02416026368737221,0.03965937942266464,0.0,0.223106749355793,-0.14500271379947663,-0.1749332994222641
720,17.21875,-0.1857493817806244,-0.020564411766827106,0.026308272033929825,0.0,0.22238260209560395,-0.1476672723889351,-0.1857493817806244
730,18.9375,-0.17488670349121094,-0.03037487342953682,0.054659587889909746,0.0,0.22464203834533691,-0.13845529183745384,-0.17488670349121094
740,19.03125,-0.15578263998031616,-0.02442093314602971,0.132649028301239,0.0,0.22273820042610168,-0.13970437347888948,-0.15578263998031616
750,21.6875,-0.12845459580421448,-0.02876865155994892,0.038395123183727266,0.0,0.2276616558432579,-0.14340933039784431,-0.12845459580421448
760,20.53125,-0.15264809131622314,-0.02463301345705986,0.019938756711781025,0.0,0.2259778693318367,-0.15023712068796158,-0.15264809131622314
770,15.78125,-0.15158593654632568,-0.022771172784268857,0.03178120106458664,0.0,0.22736241966485976,-0.1470216765999794,-0.15158593654632568
780,22.5625,-0.15787267684936523,-0.030420955549925566,0.02361344322562218,0.0,0.22782365530729293,-0.1574390187859535,-0.15787267684936523
790,19.6875,-0.12737074494361877,-0.030678917840123176,0.02504447251558304,0.0,0.22595966905355452,-0.15089002400636672,-0.12737074494361877
800,17.5,-0.13910846412181854,-0.01877523623406887,0.2053476631641388,0.0,0.22685584425926208,-0.15242755115032197,-0.13910846412181854
810,18.0625,-0.17170962691307068,-0.019591470807790758,0.4242334604263306,0.0,0.22982262820005417,-0.15171861052513122,-0.17170962691307068
820,16.75,-0.16584837436676025,-0.01913582980632782,0.29100111722946165,0.0,0.2250506564974785,-0.15087698698043822,-0.16584837436676025
830,20.71875,-0.1528584361076355,-0.023091429844498634,0.03305126875638962,0.0,0.22863726317882538,-0.14480875208973884,-0.1528584361076355
840,20.46875,-0.14945584535598755,-0.02931849956512451,0.05604717135429382,0.0,0.22326384037733077,-0.14290030151605607,-0.14945584535598755
850,17.90625,-0.125838965177536,-0.02830645050853491,0.04058728814125061,0.0,0.23071765005588532,-0.13885657787322997,-0.125838965177536
860,15.875,-0.10526508092880249,-0.021106154844164848,0.08576781898736954,0.0,0.2263248324394226,-0.13991533294320108,-0.10526508092880249
870,22.5,-0.17205370962619781,-0.0234056793153286,0.08154456466436386,0.0,0.2247624322772026,-0.12984836399555205,-0.17205370962619781
880,17.5,-0.1575254201889038,-0.027694067917764187,0.06996765732765198,0.0,0.22849588394165038,-0.1324056454002857,-0.1575254201889038
890,19.28125,-0.13122601807117462,-0.029808338545262814,0.03515981808304787,0.0,0.22423324286937713,-0.13041865974664688,-0.13122601807117462
900,18.71875,-0.14730466902256012,-0.023541795648634435,0.05535155832767487,0.0,0.21921134889125823,-0.1378097951412201,-0.14730466902256012
910,20.1875,-0.16960331797599792,-0.026517951488494874,0.04546087458729744,0.0,0.22380279302597045,-0.12921989783644677,-0.16960331797599792
920,17.5625,-0.12217985093593597,-0.031378359720110896,0.04159706607460976,0.0,0.22479099184274673,-0.12643621787428855,-0.12217985093593597
930,17.4375,-0.1292687952518463,-0.02780703566968441,0.04761335775256157,0.0,0.22482632249593734,-0.12557762041687964,-0.1292687952518463
940,18.4375,-0.11386114358901978,-0.019113068655133247,0.20067184567451476,0.0,0.2231157526373863,-0.12837664783000946,-0.11386114358901978
950,18.25,-0.1335689127445221,-0.025109726935625076,0.026224328950047494,0.0,0.22398919314146043,-0.11714495718479156,-0.1335689127445221
960,21.46875,-0.12581051886081696,-0.023081840947270393,0.1686517894268036,0.0,0.22576539367437362,-0.11980189010500908,-0.12581051886081696
970,17.8125,-0.11003446578979492,-0.02997303456068039,0.04176498055458069,0.0,0.22305508553981782,-0.12461412027478218,-0.11003446578979492
980,19.40625,-0.12841752171516418,-0.03210264667868614,0.03926112055778504,0.0,0.22187144309282303,-0.12145261093974113,-0.12841752171516418
990,19.46875,-0.15774381160736084,-0.022732687741518022,0.0425527423620224,0.0,0.22402766346931458,-0.12022339850664139,-0.15774381160736084
1000,17.875,-0.11801665276288986,-0.016378860175609588,0.11539962589740753,0.0,0.22104834020137787,-0.1259688399732113,-0.11801665276288986
1010,22.21875,-0.10218022763729095,-0.03215396124869585,0.01828644350171089,0.0,0.2219071865081787,-0.1304067090153694,-0.10218022763729095
1020,19.6875,-0.13170811533927917,-0.022285106778144836,0.17292238175868987,0.0,0.22223647683858871,-0.13062428310513496,-0.13170811533927917
1030,20.71875,-0.163913756608963,-0.024272434413433075,0.1361401543021202,0.0,0.21661913245916367,-0.13186279013752938,-0.163913756608963
1040,17.78125,-0.17188382148742676,-0.030798625387251376,0.04588533863425255,0.0,0.22098574489355088,-0.14090799391269684,-0.17188382148742676
1050,16.28125,-0.18175113201141357,-0.029685114696621894,0.05144141837954521,0.0,0.21657948642969133,-0.1485142305493355,-0.18175113201141357
1060,24.375,-0.1839369535446167,-0.024220154993236064,0.10035739690065384,0.0,0.2161201149225235,-0.1421933300793171,-0.1839369535446167
1070,17.25,-0.15758877992630005,-0.025157614983618258,0.17055428624153138,0.0,0.21787621080875397,-0.15236734226346016,-0.15758877992630005
1080,22.21875,-0.1638077199459076,-0.03202090710401535,0.04399674460291862,0.0,0.2128695324063301,-0.14787081480026246,-0.1638077199459076
1090,24.25,-0.15863388776779175,-0.02689614109694958,0.023402050137519836,0.0,0.21583702117204667,-0.14946226179599761,-0.15863388776779175
1100,21.46875,-0.15984639525413513,-0.02809086088091135,0.027755146473646165,0.0,0.21108751446008683,-0.14034731388092042,-0.15984639525413513
1110,16.25,-0.1832473874092102,-0.030018931068480015,0.09196231216192245,0.0,0.20895088762044906,-0.1435330666601658,-0.1832473874092102
1120,17.5,-0.1606917679309845,-0.028359117358922957,0.0373168982565403,0.0,0.21007883697748184,-0.1496669366955757,-0.1606917679309845
1130,18.78125,-0.1462256908416748,-0.024730929732322694,0.07275380641222,0.0,0.2137397438287735,-0.14321186542510986,-0.1462256908416748
1140,26.0,-0.1353389322757721,-0.019629010185599326,0.12459825128316879,0.0,0.21799097210168839,-0.12951537668704988,-0.1353389322757721
1150,23.90625,-0.15853804349899292,-0.028737730532884597,0.03418304994702339,0.0,0.21518793404102327,-0.14364115074276923,-0.15853804349899292
1160,17.28125,-0.15189853310585022,-0.023387670889496802,0.4074018359184265,0.0,0.21496324390172958,-0.13574612140655518,-0.15189853310585022
1170,18.0,-0.15536749362945557,-0.02012939266860485,0.11307499706745147,0.0,0.2181745797395706,-0.14775925874710083,-0.15536749362945557
1180,20.09375,-0.17124228179454803,-0.03086037877947092,0.03695426508784294,0.0,0.2183132752776146,-0.14523060917854308,-0.17124228179454803
1190,20.375,-0.1537315845489502,-0.024858437478542328,0.039792805910110474,0.0,0.21712526082992553,-0.1432834081351757,-0.1537315845489502
1200,17.5625,-0.17674137651920319,-0.024441603943705557,0.038413242995738985,0.0,0.2129535675048828,-0.1480915978550911,-0.17674137651920319
1210,20.34375,-0.15376773476600647,-0.02572769150137901,0.044052939116954806,0.0,0.21697203814983368,-0.14948409497737886,-0.15376773476600647
1220,23.375,-0.17503997683525085,-0.022321701422333716,0.28555541634559634,0.0,0.2251392126083374,-0.14899076670408248,-0.17503997683525085
1230,21.21875,-0.186844140291214,-0.031328462157398464,0.01923447959125042,0.0,0.21993660628795625,-0.15392470061779023,-0.186844140291214
1240,16.40625,-0.1541382372379303,-0.01962506715208292,0.20713592171669007,0.0,0.22352685183286666,-0.1532295450568199,-0.1541382372379303
1250,19.78125,-0.18694211542606354,-0.02455110251903534,0.11825336813926697,0.0,0.22498472779989243,-0.15193936601281166,-0.18694211542606354
1260,23.3125,-0.19437038898468018,-0.024145080149173735,0.04307819530367851,0.0,0.21873494386672973,-0.16096267849206924,-0.19437038898468018
1270,19.625,-0.11141036450862885,-0.024652425944805146,0.024276944622397423,0.0,0.22550551891326903,-0.16009436398744584,-0.11141036450862885
1280,20.28125,-0.15604589879512787,-0.023484187573194502,0.018056344240903854,0.0,0.21894557178020477,-0.15495105981826782,-0.15604589879512787
1290,20.78125,-0.21535946428775787,-0.030728939548134805,0.07161841690540313,0.0,0.22534012496471406,-0.16485595256090163,-0.21535946428775787
1300,17.9375,-0.19856849312782288,-0.03285141475498676,0.03280296102166176,0.0,0.2226011261343956,-0.16596026420593263,-0.19856849312782288
1310,18.46875,-0.14479978382587433,-0.024518638476729394,0.10103159546852111,0.0,0.22347730696201323,-0.16019675135612488,-0.14479978382587433
1320,19.15625,-0.17112457752227783,-0.025216123834252358,0.024482756853103638,0.0,0.22118481248617172,-0.1588399425148964,-0.17112457752227783
1330,22.34375,-0.1697108894586563,-0.02511327862739563,0.025178155303001402,0.0,0.22310359179973602,-0.15189110189676286,-0.1697108894586563
1340,18.125,-0.16021427512168884,-0.02622809447348118,0.10392454713582992,0.0,0.22156465649604798,-0.1454399883747101,-0.16021427512168884
1350,19.125,-0.18772047758102417,-0.019395267218351366,0.27102784514427186,0.0,0.22596615105867385,-0.150306336581707,-0.18772047758102417
1360,19.8125,-0.18264523148536682,-0.027331220731139184,0.03450218737125397,0.0,0.2233649507164955,-0.1521224170923233,-0.18264523148536682
1370,14.65625,-0.17246219515800476,-0.026173808425664902,0.11806479096412659,0.0,0.22432012856006622,-0.147882641851902,-0.17246219515800476
1380,16.625,-0.20383575558662415,-0.0292089831084013,0.046930298954248426,0.0,0.22868098318576813,-0.15819389820098878,-0.20383575558662415
1390,16.125,-0.1835271716117859,-0.02025547092780471,0.10966837555170059,0.0,0.22620367407798767,-0.16588519960641862,-0.1835271716117859
1400,22.875,-0.17407198250293732,-0.025473040342330933,0.053646582365036014,0.0,0.22115440368652345,-0.16221264749765396,-0.17407198250293732
1410,15.375,-0.1993299126625061,-0.02523740828037262,0.11481737196445466,0.0,0.21911427974700928,-0.16541801691055297,-0.1993299126625061
1420,21.625,-0.15544097125530243,-0.02231236398220062,0.10947840511798859,0.0,0.22713841646909713,-0.1630100727081299,-0.15544097125530243
1430,17.09375,-0.18808284401893616,-0.028357847779989242,0.03476621881127358,0.0,0.22393716722726822,-0.1734941765666008,-0.18808284401893616
1440,19.46875,-0.19611549377441406,-0.032697933912277224,0.08705181032419204,0.0,0.2242939591407776,-0.1731722503900528,-0.19611549377441406
1450,21.21875,-0.2044903188943863,-0.024453749135136604,0.07092775702476502,0.0,0.226910825073719,-0.16930599510669708,-0.2044903188943863
1460,18.625,-0.17511457204818726,-0.0233912393450737,0.32898277044296265,0.0,0.22856624871492387,-0.17240837216377258,-0.17511457204818726
1470,17.4375,-0.1867094337940216,-0.028975893929600715,0.15944874584674834,0.0,0.2272560179233551,-0.16968084275722503,-0.1867094337940216
1480,18.625,-0.19775111973285675,-0.0329739972949028,0.03771799653768539,0.0,0.23438378870487214,-0.17487828731536864,-0.19775111973285675
1490,19.03125,-0.18509310483932495,-0.034839227050542834,0.030245646089315414,0.0,0.23195897191762924,-0.17059950679540634,-0.18509310483932495
1500,18.96875,-0.19542795419692993,-0.027743477374315262,0.07062177583575249,0.0,0.22767554372549056,-0.1701647534966469,-0.19542795419692993
1510,20.9375,-0.18268349766731262,-0.029203921929001807,0.02911921925842762,0.0,0.23548013865947723,-0.16353848725557327,-0.18268349766731262
1520,21.90625,-0.1620955467224121,-0.019625511020421982,0.10940169394016266,0.0,0.23558831959962845,-0.1605289399623871,-0.1620955467224121
1530,21.25,-0.16163893043994904,-0.029089248552918435,0.02859971486032009,0.0,0.2360356092453003,-0.14822545051574706,-0.16163893043994904
1540,19.4375,-0.12452367693185806,-0.016469742357730865,0.49678691625595095,0.0,0.2341357484459877,-0.1436741217970848,-0.12452367693185806
1550,22.3125,-0.17193861305713654,-0.02946762554347515,0.04101559072732926,0.0,0.24557307362556458,-0.14502544999122619,-0.17193861305713654
1560,19.09375,-0.15473531186580658,-0.02664063163101673,0.07059234827756881,0.0,0.24154964536428453,-0.13476477414369584,-0.15473531186580658
1570,18.46875,-0.14305531978607178,-0.027459194138646125,0.046679893136024476,0.0,0.25340233743190765,-0.14394398033618927,-0.14305531978607178
1580,17.96875,-0.16465428471565247,-0.028694094531238078,0.06450893431901931,0.0,0.24461489468812941,-0.14755854681134223,-0.16465428471565247
1590,18.40625,-0.17526042461395264,-0.02040561307221651,0.20455527007579805,0.0,0.24548453837633133,-0.14419396296143533,-0.17526042461395264
1600,18.0,-0.15544691681861877,-0.020518073439598085,0.1306828424334526,0.0,0.2518160596489906,-0.1360627993941307,-0.15544691681861877
1610,16.59375,-0.16952413320541382,-0.027582688815891744,0.04119339808821678,0.0,0.25018522441387175,-0.1513467848300934,-0.16952413320541382
1620,16.3125,-0.15191172063350677,-0.031226936168968676,0.0376883365213871,0.0,0.2450488895177841,-0.15277843028306962,-0.15191172063350677
1630,20.625,-0.17930957674980164,-0.021448528021574022,0.08156970292329788,0.0,0.24599965661764145,-0.1422022856771946,-0.17930957674980164
1640,19.71875,-0.17551903426647186,-0.02493033669888973,0.026661567389965057,0.0,0.2546874538064003,-0.15916225612163543,-0.17551903426647186
1650,17.21875,-0.15437984466552734,-0.01884593479335308,0.16194464564323424,0.0,0.2568036362528801,-0.15648063123226166,-0.15437984466552734
1660,22.71875,-0.15549317002296448,-0.02970534823834896,0.02262222096323967,0.0,0.25616308897733686,-0.1483580857515335,-0.15549317002296448
1670,18.09375,-0.17640021443367004,-0.017664321511983872,0.1114628180861473,0.0,0.26343823969364166,-0.1466814547777176,-0.17640021443367004
1680,23.65625,-0.1975940465927124,-0.02171577773988247,0.04211847707629204,0.0,0.25795788168907163,-0.15738310664892197,-0.1975940465927124
1690,18.65625,-0.16712898015975952,-0.016780096851289273,0.0753489926457405,0.0,0.2514968439936638,-0.1603068932890892,-0.16712898015975952
1700,13.21875,-0.1826096475124359,-0.016754381358623505,0.08402601629495621,0.0,0.2614172786474228,-0.1616798996925354,-0.1826096475124359
1710,21.125,-0.19249849021434784,-0.016865294054150583,0.2980719327926636,0.0,0.2626699864864349,-0.16521454453468323,-0.19249849021434784
1720,18.65625,-0.17252221703529358,-0.02160517368465662,0.18023150265216828,0.0,0.2663909673690796,-0.15753502547740936,-0.17252221703529358
1730,20.75,-0.13399150967597961,-0.021543957479298114,0.4389872789382935,0.0,0.2687647670507431,-0.15858157277107238,-0.13399150967597961
1740,19.25,-0.1813250184059143,-0.017420002445578574,0.43863651156425476,0.0,0.26934162229299546,-0.1584652379155159,-0.1813250184059143
1750,16.46875,-0.1791338175535202,-0.023757650330662728,0.10648089647293091,0.0,0.26868675649166107,-0.15589711517095567,-0.1791338175535202
1760,20.78125,-0.20750316977500916,-0.02837512083351612,0.025832629203796385,0.0,0.2657408356666565,-0.1569743759930134,-0.20750316977500916
1770,19.9375,-0.1853848546743393,-0.024938263371586798,0.04281968548893929,0.0,0.268829932808876,-0.15701538026332856,-0.1853848546743393
1780,23.9375,-0.1823311448097229,-0.02594048772007227,0.037979830801486966,0.0,0.27443731725215914,-0.1588499829173088,-0.1823311448097229
1790,20.28125,-0.1613905131816864,-0.03138940744102001,0.019959547370672227,0.0,0.2713973164558411,-0.1599409207701683,-0.1613905131816864
1800,23.125,-0.18940812349319458,-0.03353363946080208,0.03397944644093513,0.0,0.2680869162082672,-0.15775700211524962,-0.18940812349319458
1810,18.71875,-0.18147730827331543,-0.018542269244790077,0.1689423531293869,0.0,0.2705047845840454,-0.153837588429451,-0.18147730827331543
1820,13.9375,-0.18375782668590546,-0.030349687859416007,0.0639010027050972,0.0,0.2712262511253357,-0.15690305531024934,-0.18375782668590546
1830,16.4375,-0.17943792045116425,-0.03305482976138592,0.046398626267910005,0.0,0.26757722198963163,-0.16404594480991364,-0.17943792045116425
1840,16.21875,-0.1807558685541153,-0.027507034689188005,0.03835227116942406,0.0,0.2655026137828827,-0.15661247968673705,-0.1807558685541153
1850,17.875,-0.18725423514842987,-0.021120353508740662,0.18807560503482817,0.0,0.2667547196149826,-0.15962736457586288,-0.18725423514842987
1860,15.09375,-0.20030370354652405,-0.029927724599838258,0.024587023258209228,0.0,0.26949830800294877,-0.16530066281557082,-0.20030370354652405
1870,17.59375,-0.19546806812286377,-0.03026934638619423,0.017997251451015474,0.0,0.2678411900997162,-0.15829696208238603,-0.19546806812286377
1880,17.375,-0.17390307784080505,-0.02678748667240143,0.021543895825743675,0.0,0.26698183715343476,-0.1531871423125267,-0.17390307784080505
1890,17.1875,-0.17181816697120667,-0.029255539178848267,0.032208402454853055,0.0,0.2639507740736008,-0.14923109039664267,-0.17181816697120667
1900,12.78125,-0.15130257606506348,-0.02916691154241562,0.043357504159212114,0.0,0.26547339260578157,-0.15745295584201813,-0.15130257606506348
1910,16.3125,-0.15512366592884064,-0.024385977908968924,0.12347883880138397,0.0,0.27071794867515564,-0.1535113275051117,-0.15512366592884064
1920,14.3125,-0.14847227931022644,-0.03065773770213127,0.040553809702396394,0.0,0.27047978043556214,-0.15623130947351455,-0.14847227931022644
1930,14.9375,-0.17947515845298767,-0.026955483108758928,0.0723473995923996,0.0,0.2643263503909111,-0.15978720039129257,-0.17947515845298767
1940,18.25,-0.20874319970607758,-0.03285971265286207,0.042996862530708314,0.0,0.26773601770401,-0.16454259902238846,-0.20874319970607758
1950,16.625,-0.21046693623065948,-0.03527282290160656,0.06099520325660705,0.0,0.2662403732538223,-0.16673129200935363,-0.21046693623065948
1960,15.25,-0.18415533006191254,-0.031565381586551665,0.023260893672704695,0.0,0.2695399641990662,-0.16857366412878036,-0.18415533006191254
1970,18.625,-0.2113514393568039,-0.0327433792874217,0.03873743712902069,0.0,0.26508226841688154,-0.1719355970621109,-0.2113514393568039
1980,13.8125,-0.21235159039497375,-0.031977764517068866,0.04701615497469902,0.0,0.2609598904848099,-0.17548171281814576,-0.21235159039497375
1990,18.59375,-0.20596934854984283,-0.030219385400414467,0.03220880962908268,0.0,0.2666848361492157,-0.17623018771409987,-0.20596934854984283
2000,16.28125,-0.17801740765571594,-0.03615976646542549,0.02531280554831028,0.0,0.2658999502658844,-0.1758812665939331,-0.17801740765571594
2010,16.6875,-0.22296518087387085,-0.030521872267127038,0.051735757291316985,0.0,0.2642331600189209,-0.178201624751091,-0.22296518087387085
2020,18.8125,-0.1524200737476349,-0.03090117760002613,0.01958220303058624,0.0,0.26798810362815856,-0.16983578056097032,-0.1524200737476349
2030,17.40625,-0.16470643877983093,-0.02228133790194988,0.06151182428002357,0.0,0.2627235919237137,-0.16856532245874406,-0.16470643877983093
2040,17.6875,-0.14841899275779724,-0.02854420877993107,0.04416200891137123,0.0,0.2595684081315994,-0.16803436130285263,-0.14841899275779724
2050,17.78125,-0.15055027604103088,-0.03002478778362274,0.032751553878188136,0.0,0.2625481814146042,-0.15257176160812377,-0.15055027604103088
2060,16.90625,-0.13726046681404114,-0.01887572482228279,0.16023683845996856,0.0,0.26273803114891053,-0.1531127482652664,-0.13726046681404114
2070,18.09375,-0.12494473904371262,-0.034426919929683206,0.02671326994895935,0.0,0.26321151554584504,-0.14572466909885406,-0.12494473904371262
2080,16.9375,-0.16595767438411713,-0.03318872600793839,0.026986347138881685,0.0,0.266218101978302,-0.15440985411405564,-0.16595767438411713
2090,17.8125,-0.1488639861345291,-0.02822321355342865,0.038824421167373654,0.0,0.2661232531070709,-0.14596726149320602,-0.1488639861345291
2100,18.96875,-0.1618557870388031,-0.029466754756867886,0.026086371019482614,0.0,0.2654949873685837,-0.12967149168252945,-0.1618557870388031
2110,13.65625,-0.18709221482276917,-0.02920527346432209,0.059651239216327666,0.0,0.26159788221120833,-0.14343736916780472,-0.18709221482276917
2120,15.75,-0.15113554894924164,-0.026727152243256568,0.037696410715579984,0.0,0.26299056112766267,-0.13048604279756545,-0.15113554894924164
2130,16.46875,-0.13597680628299713,-0.02969602569937706,0.061313419789075854,0.0,0.2701994091272354,-0.13573411852121353,-0.13597680628299713
2140,17.34375,-0.14134790003299713,-0.02829843796789646,0.03645928353071213,0.0,0.2724712759256363,-0.1424642577767372,-0.14134790003299713
2150,16.65625,-0.1693345010280609,-0.030285644717514514,0.060220366716384886,0.0,0.27656479477882384,-0.1386887863278389,-0.1693345010280609
2160,17.78125,-0.1790236383676529,-0.03287379182875157,0.04150903150439263,0.0,0.27319908440113067,-0.1418967455625534,-0.1790236383676529
2170,18.84375,-0.16530081629753113,-0.027638496458530427,0.061896296590566634,0.0,0.2768431335687637,-0.15513091385364533,-0.16530081629753113
2180,17.125,-0.187607079744339,-0.022858503460884094,0.3052749574184418,0.0,0.27131956815719604,-0.15029988139867784,-0.187607079744339
2190,13.3125,-0.1591717153787613,-0.023363023065030575,0.06176541596651077,0.0,0.2823194026947021,-0.14377445504069328,-0.1591717153787613
2200,19.59375,-0.16401582956314087,-0.02755831629037857,0.035049842298030855,0.0,0.27333838045597075,-0.1517973244190216,-0.16401582956314087
2210,13.21875,-0.19253122806549072,-0.029625872150063515,0.044014085084199905,0.0,0.2785118639469147,-0.14885198473930358,-0.19253122806549072
2220,17.78125,-0.16797874867916107,-0.020058992132544518,0.2330471783876419,0.0,0.2789183884859085,-0.14958553463220597,-0.16797874867916107
2230,19.3125,-0.1583697348833084,-0.02997012622654438,0.029108325392007826,0.0,0.27666016221046447,-0.1439739465713501,-0.1583697348833084
2240,22.90625,-0.16238170862197876,-0.03301384821534157,0.03980109542608261,0.0,0.2786407142877579,-0.15350527167320252,-0.16238170862197876
2250,17.46875,-0.14885710179805756,-0.025742846354842187,0.05705545395612717,0.0,0.27752153277397157,-0.14708122313022615,-0.14885710179805756
2260,14.59375,-0.16309717297554016,-0.026094610802829266,0.09308548718690872,0.0,0.27590095400810244,-0.1500432550907135,-0.16309717297554016
2270,16.75,-0.17500948905944824,-0.02292804978787899,0.030387158319354058,0.0,0.2753417193889618,-0.150650654733181,-0.17500948905944824
2280,16.59375,-0.13732025027275085,-0.021546799689531326,0.15812243819236754,0.0,0.27603433430194857,-0.1405467502772808,-0.13732025027275085
2290,17.5,-0.19562026858329773,-0.03337649907916784,0.04651686772704124,0.0,0.267663961648941,-0.1444007411599159,-0.19562026858329773
2300,17.6875,-0.20628874003887177,-0.025557084195315837,0.03945922330021858,0.0,0.27493247091770173,-0.15144087225198746,-0.20628874003887177
2310,18.03125,-0.18557888269424438,-0.030849500373005868,0.059642302244901656,0.0,0.27689458429813385,-0.15603173524141312,-0.18557888269424438
2320,15.71875,-0.19042743742465973,-0.030230508372187614,0.03163953870534897,0.0,0.26868249773979186,-0.14436008557677268,-0.19042743742465973
2330,18.0625,-0.1741180717945099,-0.031837545707821845,0.03831193745136261,0.0,0.2719410240650177,-0.14056745246052743,-0.1741180717945099
2340,15.9375,-0.14793094992637634,-0.02692454047501087,0.059158369153738025,0.0,0.26646400392055514,-0.1350698448717594,-0.14793094992637634
2350,15.96875,-0.12946143746376038,-0.031010255962610245,0.05677393823862076,0.0,0.2651664614677429,-0.13459031730890275,-0.12946143746376038
2360,13.8125,-0.14442434906959534,-0.03390040174126625,0.0848245769739151,0.0,0.26061433255672456,-0.13941570520401,-0.14442434906959534
2370,15.0,-0.21964086592197418,-0.03047933429479599,0.25400852262973783,0.0,0.26693153083324433,-0.13812988623976707,-0.21964086592197418
2380,14.75,-0.18364477157592773,-0.03126376122236252,0.07673910111188889,0.0,0.2666753053665161,-0.1278144560754299,-0.18364477157592773
2390,17.59375,-0.15966224670410156,-0.0293587539345026,0.08089502006769181,0.0,0.2575673833489418,-0.13937703967094422,-0.15966224670410156
2400,12.59375,-0.12355509400367737,-0.03110196888446808,0.06002580523490906,0.0,0.2583191841840744,-0.1386485777795315,-0.12355509400367737
2410,15.5,-0.16483381390571594,-0.034906476736068726,0.05903095528483391,0.0,0.2661508977413177,-0.13905343413352966,-0.16483381390571594
2420,13.78125,-0.1307501196861267,-0.03428953774273395,0.10078329145908356,0.0,0.2568966194987297,-0.13836116567254067,-0.1307501196861267
2430,15.875,-0.14953112602233887,-0.034333735704422,0.06306776478886604,0.0,0.26285687983036043,-0.12688935473561286,-0.14953112602233887
2440,11.34375,-0.211860790848732,-0.031430784799158576,0.28212516009807587,0.0,0.2647286981344223,-0.13967664763331414,-0.211860790848732
2450,12.28125,-0.15400972962379456,-0.03181625008583069,0.06390648409724235,0.0,0.2601879686117172,-0.1367446333169937,-0.15400972962379456
2460,17.96875,-0.15575698018074036,-0.034095380641520026,0.13209007680416107,0.0,0.2644457906484604,-0.12857239842414855,-0.15575698018074036
2470,11.4375,-0.13649025559425354,-0.02723429910838604,0.047858111560344696,0.0,0.2602474719285965,-0.133011694252491,-0.13649025559425354
2480,14.125,-0.16353845596313477,-0.031616602838039395,0.13301686346530914,0.0,0.2685158282518387,-0.1256503716111183,-0.16353845596313477
2490,12.65625,-0.1700453907251358,-0.03717528283596039,0.057635027915239334,0.0,0.2697576433420181,-0.12568034306168557,-0.1700453907251358
2500,13.3125,-0.1643213927745819,-0.03333787731826306,0.2478715568780899,0.0,0.26315681636333466,-0.1248006522655487,-0.1643213927745819
2510,12.09375,-0.14015132188796997,-0.03210011888295412,0.21037574708461762,0.0,0.2668666303157806,-0.1267476908862591,-0.14015132188796997
2520,13.53125,-0.16710880398750305,-0.02951433416455984,0.09923806339502335,0.0,0.26119900345802305,-0.1267422281205654,-0.16710880398750305
2530,10.21875,-0.13179364800453186,-0.034660354256629944,0.046654672175645825,0.0,0.2685654476284981,-0.1194345273077488,-0.13179364800453186
2540,9.625,-0.12343985587358475,-0.02863880544900894,0.1036980539560318,0.0,0.26344230473041536,-0.11061424016952515,-0.12343985587358475
2550,9.875,-0.15445773303508759,-0.027841618098318578,0.06401741355657578,0.0,0.2689372569322586,-0.11625841706991195,-0.15445773303508759
2560,10.40625,-0.11912044882774353,-0.028586460277438164,0.12112352699041366,0.0,0.26700341105461123,-0.11329847648739814,-0.11912044882774353
2570,12.28125,-0.15272927284240723,-0.023792911693453787,0.1423959255218506,0.0,0.272542342543602,-0.12089874893426895,-0.15272927284240723
2580,8.9375,-0.14797544479370117,-0.026096762716770174,0.16675308346748352,0.0,0.2694907307624817,-0.12284934297204017,-0.14797544479370117
2590,11.25,-0.13711144030094147,-0.03349676411598921,0.063375673443079,0.0,0.27241325974464414,-0.10288552716374397,-0.13711144030094147
2600,11.34375,-0.13677066564559937,-0.02811283655464649,0.10793060064315796,0.0,0.2678279489278793,-0.11341792643070221,-0.13677066564559937
2610,9.28125,-0.13533960282802582,-0.032871969789266584,0.04034517928957939,0.0,0.2702930450439453,-0.1112212933599949,-0.13533960282802582
2620,12.09375,-0.18919990956783295,-0.03505398519337177,0.08129606246948243,0.0,0.267309433221817,-0.12483818754553795,-0.18919990956783295
2630,9.6875,-0.13856084644794464,-0.03165730163455009,0.0908200979232788,0.0,0.2682821363210678,-0.11276045441627502,-0.13856084644794464
2640,9.59375,-0.12440044432878494,-0.031127355806529523,0.11680624932050705,0.0,0.271370068192482,-0.12038319185376167,-0.12440044432878494
2650,10.78125,-0.15433482825756073,-0.029311908036470415,0.050803997367620465,0.0,0.26453783810138704,-0.11267275810241699,-0.15433482825756073
2660,13.125,-0.1433303952217102,-0.031301964074373245,0.07316322922706604,0.0,0.26793194115161895,-0.11871446371078491,-0.1433303952217102
2670,11.15625,-0.18882659077644348,-0.0282931350171566,0.1871226340532303,0.0,0.2661566898226738,-0.11984633952379227,-0.18882659077644348
2680,10.5,-0.1743752658367157,-0.02802285850048065,0.11349238306283951,0.0,0.2667815938591957,-0.13016545474529267,-0.1743752658367157
2690,12.8125,-0.16284750401973724,-0.0326252406463027,0.09468575865030289,0.0,0.26337148547172545,-0.11947229132056236,-0.16284750401973724
2700,13.65625,-0.11877334117889404,-0.02936897538602352,0.04229355305433273,0.0,0.2601584166288376,-0.11598864719271659,-0.11877334117889404
2710,8.84375,-0.18776991963386536,-0.030694888904690742,0.08321129083633423,0.0,0.26425678133964536,-0.11953673362731934,-0.18776991963386536
2720,9.4375,-0.14492860436439514,-0.03292127624154091,0.038962042331695555,0.0,0.26517107635736464,-0.11725599691271782,-0.14492860436439514
2730,15.09375,-0.11908633261919022,-0.033794461935758593,0.07479812204837799,0.0,0.26669510900974275,-0.11825496554374695,-0.11908633261919022
2740,9.375,-0.13199514150619507,-0.03150316588580608,0.055836116522550584,0.0,0.26524272561073303,-0.1117274098098278,-0.13199514150619507
2750,12.59375,-0.15332622826099396,-0.033632922917604446,0.04660829454660416,0.0,0.25435961335897445,-0.11764524951577186,-0.15332622826099396
2760,10.46875,-0.18518146872520447,-0.02851232886314392,0.059459267556667326,0.0,0.26092909276485443,-0.12931658402085305,-0.18518146872520447
2770,12.53125,-0.1616637408733368,-0.03181687360629439,0.04952259436249733,0.0,0.2647261664271355,-0.12008663341403007,-0.1616637408733368
2780,10.25,-0.18821558356285095,-0.03648150563240051,0.1902519553899765,0.0,0.26180401891469957,-0.11916645169258118,-0.18821558356285095
2790,10.65625,-0.1409917175769806,-0.02724796449765563,0.1307900294661522,0.0,0.2542746692895889,-0.11206275522708893,-0.1409917175769806
2800,12.21875,-0.1403668224811554,-0.029041222482919692,0.0386771060526371,0.0,0.2684230864048004,-0.11665765419602395,-0.1403668224811554
2810,8.8125,-0.17305481433868408,-0.032363921776413916,0.10711341202259064,0.0,0.2664037957787514,-0.12000278010964394,-0.17305481433868408
2820,8.0,-0.11607249081134796,-0.025900899432599545,0.05014231130480766,0.0,0.26368837654590604,-0.11706201508641242,-0.11607249081134796
2830,10.5625,-0.1531851440668106,-0.03245617635548115,0.03489752635359764,0.0,0.26042061746120454,-0.11404392272233962,-0.1531851440668106
2840,7.71875,-0.1687437891960144,-0.023840491101145743,0.21461172103881837,0.0,0.2609340101480484,-0.11807958930730819,-0.1687437891960144
2850,11.15625,-0.12542006373405457,-0.026017443835735322,0.2608464241027832,0.0,0.2598375380039215,-0.10009831264615059,-0.12542006373405457
2860,11.0,-0.16871163249015808,-0.03351620696485043,0.03237804025411606,0.0,0.2626932293176651,-0.11520423889160156,-0.16871163249015808
2870,11.71875,-0.13468162715435028,-0.03569664508104324,0.05995686426758766,0.0,0.25750307738780975,-0.1042675331234932,-0.13468162715435028
2880,10.6875,-0.1442001909017563,-0.027124276757240294,0.039773184806108475,0.0,0.26909950375556946,-0.1065745085477829,-0.1442001909017563
2890,12.5,-0.08566002547740936,-0.033341922983527186,0.03384247198700905,0.0,0.25915429294109343,-0.10019225999712944,-0.08566002547740936
2900,10.1875,-0.14018793404102325,-0.030066545121371746,0.04395172744989395,0.0,0.2647659584879875,-0.1094803161919117,-0.14018793404102325
2910,13.625,-0.13013777136802673,-0.03294865489006042,0.03175254315137863,0.0,0.2648640155792236,-0.10817894563078881,-0.13013777136802673
2920,11.5,-0.15800897777080536,-0.030942749045789242,0.0348296619951725,0.0,0.254869282245636,-0.11229235231876374,-0.15800897777080536
2930,10.1875,-0.175766259431839,-0.033751581236720084,0.049314840137958525,0.0,0.26547580510377883,-0.1141094870865345,-0.175766259431839
2940,10.25,-0.15303795039653778,-0.03230386171489954,0.02362947426736355,0.0,0.2607032299041748,-0.10839691907167434,-0.15303795039653778
2950,10.34375,-0.14100012183189392,-0.028149737045168877,0.03874100893735886,0.0,0.2629519745707512,-0.11085774973034859,-0.14100012183189392
2960,13.09375,-0.11990831792354584,-0.03348004221916199,0.03520078957080841,0.0,0.2665933698415756,-0.10178885906934738,-0.11990831792354584
2970,13.90625,-0.12274497002363205,-0.034190871939063075,0.029322846233844756,0.0,0.26828746795654296,-0.09536779075860977,-0.12274497002363205
2980,10.75,-0.11304467916488647,-0.036851610615849496,0.02536885179579258,0.0,0.2662504106760025,-0.09451389014720916,-0.11304467916488647
2990,13.78125,-0.1080712229013443,-0.03368871621787548,0.05011436864733696,0.0,0.2636811017990112,-0.09981896579265595,-0.1080712229013443
3000,13.78125,-0.12951600551605225,-0.029116284102201462,0.06840941533446313,0.0,0.2679301589727402,-0.0866913378238678,-0.12951600551605225
3010,12.4375,-0.15314741432666779,-0.033017910085618496,0.046068388223648074,0.0,0.2728108048439026,-0.09420560300350189,-0.15314741432666779
3020,15.0,-0.12619417905807495,-0.02349479906260967,0.19381021559238434,0.0,0.2660149082541466,-0.09357761740684509,-0.12619417905807495
3030,12.6875,-0.15263810753822327,-0.030196138098835944,0.03270946815609932,0.0,0.266962343454361,-0.09657264724373818,-0.15263810753822327
3040,11.65625,-0.13978925347328186,-0.039442471042275426,0.04093398451805115,0.0,0.2635364800691605,-0.09762692973017692,-0.13978925347328186
3050,15.375,-0.13016101717948914,-0.02404450047761202,0.2749660909175873,0.0,0.26406424194574357,-0.0911507099866867,-0.13016101717948914
3060,15.25,-0.13152852654457092,-0.03273039124906063,0.04466866552829742,0.0,0.2672619342803955,-0.1013627327978611,-0.13152852654457092
3070,13.90625,-0.0846649557352066,-0.03649389296770096,0.02749864161014557,0.0,0.2693698823451996,-0.08580595254898071,-0.0846649557352066
3080,12.03125,-0.08789221942424774,-0.02959459461271763,0.04985727667808533,0.0,0.26400659680366517,-0.08552366085350513,-0.08789221942424774
3090,13.75,-0.10241841524839401,-0.03609655611217022,0.06407634615898132,0.0,0.2740228593349457,-0.09560714587569237,-0.10241841524839401
3100,9.40625,-0.12821951508522034,-0.0327827662229538,0.034570921957492826,0.0,0.2656192034482956,-0.0995643638074398,-0.12821951508522034
3110,11.125,-0.1351761817932129,-0.03483337536454201,0.034345348924398424,0.0,0.2660804510116577,-0.10010408535599709,-0.1351761817932129
3120,14.03125,-0.08192627131938934,-0.02787131443619728,0.04981567710638046,0.0,0.2740338370203972,-0.08307732045650482,-0.08192627131938934
3130,12.0,-0.09511250257492065,-0.030729635804891586,0.05604581609368324,0.0,0.2673721373081207,-0.08937344774603843,-0.09511250257492065
3140,11.09375,-0.12576626241207123,-0.02574976794421673,0.08373557180166244,0.0,0.27410767674446107,-0.08450626283884048,-0.12576626241207123
3150,11.5625,-0.10433236509561539,-0.037250883877277374,0.022336586192250252,0.0,0.2681791543960571,-0.08829720094799995,-0.10433236509561539
3160,16.0,-0.11166946589946747,-0.028578293789178134,0.04583815410733223,0.0,0.26654734313488004,-0.08424711078405381,-0.11166946589946747
3170,12.0,-0.11841672658920288,-0.02998189367353916,0.07921833395957947,0.0,0.27272469103336333,-0.08328840434551239,-0.11841672658920288
3180,13.0,-0.10685929656028748,-0.024621758423745633,0.03994312658905983,0.0,0.2686769634485245,-0.07864680029451847,-0.10685929656028748
3190,14.5625,-0.12342129647731781,-0.037266168743371964,0.043413552641868594,0.0,0.27256574034690856,-0.0860813245177269,-0.12342129647731781
3200,14.8125,-0.09715203940868378,-0.02974388487637043,0.10470911562442779,0.0,0.2713791400194168,-0.08204457648098469,-0.09715203940868378
3210,16.40625,-0.12021784484386444,-0.03056425005197525,0.06765139177441597,0.0,0.2673491328954697,-0.07673457935452462,-0.12021784484386444
3220,16.75,-0.08160006999969482,-0.02882711999118328,0.04420663565397263,0.0,0.2793353199958801,-0.07707650251686574,-0.08160006999969482
3230,13.625,-0.08744218945503235,-0.030063426494598387,0.07702533900737762,0.0,0.27509952783584596,-0.07774385251104832,-0.08744218945503235
3240,14.71875,-0.11769350618124008,-0.029915923625230788,0.05767464190721512,0.0,0.2724007725715637,-0.08086088001728058,-0.11769350618124008
3250,23.3125,-0.0889870822429657,-0.019987155869603156,0.19070622622966765,0.0,0.2732587069272995,-0.07526951506733895,-0.0889870822429657
3260,13.6875,-0.13253483176231384,-0.03172344267368317,0.1703260362148285,0.0,0.26566873788833617,-0.08892289325594901,-0.13253483176231384
3270,11.625,-0.07309066504240036,-0.03190609142184257,0.034501267969608305,0.0,0.26598183661699293,-0.08098964095115661,-0.07309066504240036
3280,13.21875,-0.13695329427719116,-0.02372925989329815,0.39460914134979247,0.0,0.271204836666584,-0.09142550975084304,-0.13695329427719116
3290,12.53125,-0.12283755093812943,-0.020188336446881294,0.23587787747383118,0.0,0.2736972481012344,-0.08081584088504315,-0.12283755093812943
3300,16.9375,-0.12049788236618042,-0.03466174192726612,0.037039872258901596,0.0,0.2687140017747879,-0.07163957208395004,-0.12049788236618042
3310,13.09375,-0.09547901153564453,-0.033409539610147476,0.12208716422319413,0.0,0.2650311678647995,-0.07536355406045914,-0.09547901153564453
3320,23.21875,-0.10174208879470825,-0.030942867696285247,0.07522616386413575,0.0,0.27175612449645997,-0.07759570404887199,-0.10174208879470825
3330,19.3125,-0.10953812301158905,-0.028127013891935348,0.03251297697424889,0.0,0.2690975248813629,-0.08009421154856682,-0.10953812301158905
3340,13.84375,-0.11766306310892105,-0.02927626930177212,0.11493476033210755,0.0,0.27277378737926483,-0.07208077907562256,-0.11766306310892105
3350,15.5625,-0.07272828370332718,-0.03036339394748211,0.021775870025157927,0.0,0.2716615319252014,-0.07391170561313629,-0.07272828370332718
3360,12.09375,-0.10424482822418213,-0.02802124321460724,0.04635422229766846,0.0,0.2731617853045464,-0.08693083226680756,-0.10424482822418213
3370,12.15625,-0.12223616987466812,-0.033770015090703966,0.028518219664692878,0.0,0.2764773994684219,-0.07357188537716866,-0.12223616987466812
3380,9.96875,-0.12537725269794464,-0.029926127195358275,0.02053646184504032,0.0,0.2721153050661087,-0.08509230390191078,-0.12537725269794464
3390,9.625,-0.13425013422966003,-0.028139975294470786,0.026608701050281524,0.0,0.27265575230121614,-0.07483110018074512,-0.13425013422966003
3400,14.53125,-0.1026470735669136,-0.03364021498709917,0.019910791143774986,0.0,0.2741121113300323,-0.07803790792822837,-0.1026470735669136
3410,17.90625,-0.1207583099603653,-0.024579741712659597,0.20311178565025328,0.0,0.27297270894050596,-0.07702224478125572,-0.1207583099603653
3420,9.40625,-0.17418816685676575,-0.03002771586179733,0.06386346071958542,0.0,0.2757504165172577,-0.07295937091112137,-0.17418816685676575
3430,10.03125,-0.11227316409349442,-0.026960627734661104,0.08268111795186997,0.0,0.2705034762620926,-0.07030969224870205,-0.11227316409349442
3440,10.25,-0.11091309785842896,-0.033136595785617826,0.014031284302473069,0.0,0.26653565764427184,-0.06607648059725761,-0.11091309785842896
3450,12.4375,-0.08564656972885132,-0.03323688805103302,0.021581907570362092,0.0,0.2702483534812927,-0.07416193634271621,-0.08564656972885132
3460,10.9375,-0.08201740682125092,-0.03356142155826092,0.017993151769042016,0.0,0.26688040792942047,-0.07567098625004291,-0.08201740682125092
3470,9.375,-0.06642520427703857,-0.025993016362190247,0.0610492005944252,0.0,0.2745286196470261,-0.06557749453932046,-0.06642520427703857
3480,13.6875,-0.1073630154132843,-0.03060408066958189,0.017892227321863175,0.0,0.26366735249757767,-0.06677602455019951,-0.1073630154132843
3490,12.5625,-0.09334221482276917,-0.031274046003818515,0.015785875357687475,0.0,0.2644477292895317,-0.06021193396300077,-0.09334221482276917
3500,11.75,-0.11652567237615585,-0.028941942751407622,0.02794001214206219,0.0,0.2731081783771515,-0.06862421035766601,-0.11652567237615585
3510,10.25,-0.11595545709133148,-0.024416266847401856,0.04448694065213203,0.0,0.2628200247883797,-0.06917912289500236,-0.11595545709133148
3520,12.9375,-0.07449036836624146,-0.03136210292577744,0.014519842714071274,0.0,0.2741075426340103,-0.06574440971016884,-0.07449036836624146
3530,11.78125,-0.12393500655889511,-0.03269483344629407,0.02006172724068165,0.0,0.27621700167655944,-0.06632029339671135,-0.12393500655889511
3540,12.75,-0.123823381960392,-0.037234173715114595,0.015497479401528836,0.0,0.2704359531402588,-0.06562773752957582,-0.123823381960392
3550,9.96875,-0.11079591512680054,-0.026035144552588464,0.09133117198944092,0.0,0.26240674406290054,-0.06262581013143062,-0.11079591512680054
3560,11.96875,-0.10236630588769913,-0.029413278214633465,0.025635843724012376,0.0,0.26889708340168,-0.0694368101656437,-0.10236630588769913
3570,12.0,-0.09134699404239655,-0.025422966480255126,0.09500454366207123,0.0,0.26884581446647643,-0.06807111948728561,-0.09134699404239655
3580,12.8125,-0.12216371297836304,-0.03283321280032396,0.022306698188185693,0.0,0.2723353609442711,-0.07302333638072014,-0.12216371297836304
3590,10.46875,-0.13776516914367676,-0.04011811390519142,0.02029503360390663,0.0,0.2632657617330551,-0.07177949212491512,-0.13776516914367676
3600,13.125,-0.09449172765016556,-0.021975655294954776,0.14299135953187941,0.0,0.2758262902498245,-0.06883247308433056,-0.09449172765016556
3610,11.65625,-0.09361578524112701,-0.027165700495243073,0.017422880232334136,0.0,0.26755490601062776,-0.06396656725555658,-0.09361578524112701
3620,12.6875,-0.11175119876861572,-0.03293991386890412,0.0162283930927515,0.0,0.2660415217280388,-0.06962877996265888,-0.11175119876861572
3630,10.65625,-0.07401667535305023,-0.03503471445292235,0.017355433478951455,0.0,0.268706151843071,-0.06126036085188389,-0.07401667535305023
3640,12.9375,-0.08200931549072266,-0.02434484176337719,0.1517048567533493,0.0,0.2635422542691231,-0.06550174430012703,-0.08200931549072266
3650,15.21875,-0.07991813123226166,-0.031706730276346205,0.04121863692998886,0.0,0.2663682341575623,-0.069014573097229,-0.07991813123226166
3660,12.0,-0.06610888987779617,-0.03142766766250134,0.01789618395268917,0.0,0.2692423820495605,-0.06614035628736019,-0.06610888987779617
3670,14.34375,-0.09624786674976349,-0.03515894487500191,0.023623574525117874,0.0,0.2615389585494995,-0.059879401698708534,-0.09624786674976349
3680,16.1875,-0.09399783611297607,-0.02650644667446613,0.03328933641314506,0.0,0.27462831437587737,-0.066579195484519,-0.09399783611297607
3690,14.625,-0.09812022745609283,-0.032407423853874205,0.024942954257130622,0.0,0.2730527877807617,-0.053826591745018956,-0.09812022745609283
3700,14.71875,-0.09182554483413696,-0.033577651530504224,0.017464440688490866,0.0,0.2765157580375671,-0.05875554326921702,-0.09182554483413696
3710,12.46875,-0.09843716770410538,-0.03201343081891537,0.019124626740813257,0.0,0.26993955224752425,-0.05055186310783029,-0.09843716770410538
3720,9.8125,-0.09421764314174652,-0.029123570770025253,0.03443598262965679,0.0,0.27502635717391966,-0.05660751275718212,-0.09421764314174652
3730,10.59375,-0.10686108469963074,-0.03300678748637438,0.02778940461575985,0.0,0.27987642884254454,-0.058704468235373494,-0.10686108469963074
3740,12.46875,-0.1220875233411789,-0.03389531075954437,0.022585785761475564,0.0,0.27620542943477633,-0.05602092295885086,-0.1220875233411789
3750,14.375,-0.08222217112779617,-0.028791970759630203,0.018433080241084098,0.0,0.27936640977859495,-0.05435043927282095,-0.08222217112779617
3760,13.9375,-0.09242087602615356,-0.03636103644967079,0.033706717938184735,0.0,0.27160556316375734,-0.05329123958945274,-0.09242087602615356
3770,17.59375,-0.05012284219264984,-0.03296881727874279,0.017838508635759354,0.0,0.27613583505153655,-0.05849327445030213,-0.05012284219264984
3780,14.84375,-0.07277770340442657,-0.03658781200647354,0.02390917092561722,0.0,0.2764621764421463,-0.052270878478884696,-0.07277770340442657
3790,16.59375,-0.06863249838352203,-0.026011942699551583,0.04080139547586441,0.0,0.2749006986618042,-0.05841273218393326,-0.06863249838352203
3800,15.65625,-0.07846260070800781,-0.025160330906510354,0.04539385661482811,0.0,0.2774444282054901,-0.06048954576253891,-0.07846260070800781
3810,17.875,-0.08891231566667557,-0.027093280851840974,0.0513879120349884,0.0,0.2767170339822769,-0.04966680109500885,-0.08891231566667557
3820,17.46875,-0.1307189166545868,-0.033409439213573935,0.04026284366846085,0.0,0.2817227512598038,-0.04921539910137653,-0.1307189166545868
3830,13.0,-0.04913754016160965,-0.04184774830937386,0.039124080538749696,0.0,0.2734370052814484,-0.060356941819190976,-0.04913754016160965
3840,15.1875,-0.05751001089811325,-0.031953754276037215,0.018536590039730072,0.0,0.2725676327943802,-0.052044810727238655,-0.05751001089811325
3850,19.78125,-0.055855609476566315,-0.031557120569050315,0.032057040557265284,0.0,0.2713806539773941,-0.045759272016584876,-0.055855609476566315
3860,16.375,-0.08275002241134644,-0.03765995465219021,0.018507818505167962,0.0,0.2710931420326233,-0.05824145711958408,-0.08275002241134644
3870,11.375,-0.13958168029785156,-0.03213774524629116,0.07650915831327439,0.0,0.26740690767765046,-0.05972860455513,-0.13958168029785156
3880,13.4375,-0.10939544439315796,-0.030661231465637685,0.14389097988605498,0.0,0.2732325166463852,-0.056817679293453695,-0.10939544439315796
3890,12.28125,-0.08586059510707855,-0.035742207616567614,0.03125906363129616,0.0,0.26127260029315946,-0.06414222680032253,-0.08586059510707855
3900,16.84375,-0.0769798755645752,-0.028254738170653583,0.02955637648701668,0.0,0.26690147817134857,-0.06238749772310257,-0.0769798755645752
3910,11.59375,-0.14220792055130005,-0.03810848295688629,0.02984001375734806,0.0,0.2702005088329315,-0.07777833044528962,-0.14220792055130005
3920,19.8125,-0.10928855836391449,-0.033511876314878467,0.05410969704389572,0.0,0.2654887229204178,-0.07316762506961823,-0.10928855836391449
3930,14.03125,-0.07919245958328247,-0.03962260289117694,0.026954085752367973,0.0,0.25935066640377047,-0.06754761282354593,-0.07919245958328247
3940,13.15625,-0.11781052500009537,-0.032243120670318606,0.02775695510208607,0.0,0.25893430709838866,-0.08175185956060886,-0.11781052500009537
3950,13.25,-0.12179852277040482,-0.03719070069491863,0.05429545193910599,0.0,0.25888875424861907,-0.0689378596842289,-0.12179852277040482
3960,14.625,-0.10437686741352081,-0.034634886868298055,0.02245994284749031,0.0,0.2569809302687645,-0.08253533765673637,-0.10437686741352081
3970,13.53125,-0.09075009822845459,-0.03253546711057424,0.01776304692029953,0.0,0.24715408980846404,-0.08938325382769108,-0.09075009822845459
3980,13.0625,-0.12775862216949463,-0.03800941333174705,0.02057863511145115,0.0,0.24484642446041108,-0.08895360678434372,-0.12775862216949463
3990,11.40625,-0.1524665355682373,-0.031234489940106868,0.09282954186201095,0.0,0.24303331673145295,-0.09088786020874977,-0.1524665355682373
4000,11.65625,-0.11207953095436096,-0.03284434638917446,0.019308260455727578,0.0,0.24929748773574828,-0.09469492435455322,-0.11207953095436096
4010,11.625,-0.13070257008075714,-0.03034277819097042,0.0500411830842495,0.0,0.2441617801785469,-0.09106428101658821,-0.13070257008075714
4020,11.84375,-0.12911498546600342,-0.032917796075344084,0.18333640694618225,0.0,0.2455949142575264,-0.09908619597554207,-0.12911498546600342
4030,11.9375,-0.09910807758569717,-0.02316230572760105,0.055334053188562396,0.0,0.24342743456363677,-0.08021679297089576,-0.09910807758569717
4040,14.65625,-0.15381135046482086,-0.025843938067555427,0.05773026198148727,0.0,0.24612270891666413,-0.0908597007393837,-0.15381135046482086
4050,13.125,-0.13397908210754395,-0.020923703163862228,0.23034403324127198,0.0,0.24110184162855147,-0.09839307367801667,-0.13397908210754395
4060,12.90625,-0.15309058129787445,-0.02932336777448654,0.066111721098423,0.0,0.24962396919727325,-0.09184457138180732,-0.15309058129787445
4070,12.71875,-0.1475657820701599,-0.030764686316251753,0.07129025906324386,0.0,0.24394318610429763,-0.11021200641989708,-0.1475657820701599
4080,12.03125,-0.10519860684871674,-0.031419644504785536,0.012009763531386853,0.0,0.2402065172791481,-0.0923382170498371,-0.10519860684871674
4090,10.5,-0.1080247238278389,-0.035088125243783,0.02885259799659252,0.0,0.24136134386062622,-0.10231502205133439,-0.1080247238278389
4100,12.28125,-0.12033294886350632,-0.03179561570286751,0.04576559290289879,0.0,0.24359786212444307,-0.09924099445343018,-0.12033294886350632
4110,14.875,-0.10579907894134521,-0.035642235353589055,0.009542391262948513,0.0,0.2460388198494911,-0.09788007959723473,-0.10579907894134521
4120,12.125,-0.08691824227571487,-0.04042570404708386,0.02246529795229435,0.0,0.2452811598777771,-0.08539818264544011,-0.08691824227571487
4130,12.6875,-0.09279005229473114,-0.02980376183986664,0.07164800614118576,0.0,0.2474888503551483,-0.07455533556640148,-0.09279005229473114
4140,12.46875,-0.10552282631397247,-0.036519819498062135,0.02057849317789078,0.0,0.24650821834802628,-0.09201830476522446,-0.10552282631397247
4150,10.0625,-0.10058179497718811,-0.035573420487344264,0.020579256862401963,0.0,0.23713793903589248,-0.09452971667051316,-0.10058179497718811
4160,10.65625,-0.15284356474876404,-0.03838806338608265,0.04598003625869751,0.0,0.24126989841461183,-0.08658857084810734,-0.15284356474876404
4170,13.71875,-0.07801960408687592,-0.030617231503129005,0.034450148791074754,0.0,0.2461581751704216,-0.08151409476995468,-0.07801960408687592
4180,11.53125,-0.1328340470790863,-0.024068227410316466,0.1430870324373245,0.0,0.24296896606683732,-0.08714841827750205,-0.1328340470790863
4190,12.4375,-0.13874976336956024,-0.037326963245868684,0.03773968443274498,0.0,0.2422618806362152,-0.10058488324284554,-0.13874976336956024
4200,15.34375,-0.11780436336994171,-0.026730724051594733,0.06489660814404488,0.0,0.24775641560554504,-0.08989067114889622,-0.11780436336994171
4210,13.9375,-0.08769488334655762,-0.03841153085231781,0.023457681015133857,0.0,0.24328701049089432,-0.0844928853213787,-0.08769488334655762
4220,16.375,-0.0977693647146225,-0.033309948071837424,0.024788619950413704,0.0,0.249065800011158,-0.07186660021543503,-0.0977693647146225
4230,12.28125,-0.0923304557800293,-0.031757619604468344,0.028630286827683447,0.0,0.2433752164244652,-0.08653259351849556,-0.0923304557800293
4240,13.09375,-0.08055764436721802,-0.03353656455874443,0.024017100781202318,0.0,0.24303338527679444,-0.07796880602836609,-0.08055764436721802
4250,13.5625,-0.1149146780371666,-0.029972299933433533,0.08616366684436798,0.0,0.24388713538646697,-0.08608369566500187,-0.1149146780371666
4260,10.84375,-0.10843968391418457,-0.02833379656076431,0.03752243965864181,0.0,0.24789008796215056,-0.0845100775361061,-0.10843968391418457
4270,11.65625,-0.10732582211494446,-0.031788022816181184,0.05147693827748299,0.0,0.24958718121051787,-0.07573440186679363,-0.10732582211494446
4280,14.0625,-0.08284306526184082,-0.03563195280730724,0.01405503936111927,0.0,0.24353190660476684,-0.07501103207468987,-0.08284306526184082
4290,11.5,-0.12449244409799576,-0.035963624715805054,0.03555853441357613,0.0,0.2502364441752434,-0.08522154539823532,-0.12449244409799576
4300,11.375,-0.10293392837047577,-0.03477821722626686,0.02931894138455391,0.0,0.24370680451393129,-0.08143996447324753,-0.10293392837047577
4310,17.40625,-0.08970474451780319,-0.02974645160138607,0.023400826007127763,0.0,0.2461945205926895,-0.07079980485141277,-0.08970474451780319
4320,14.625,-0.13290458917617798,-0.031643430888652804,0.0706440269947052,0.0,0.24229725897312165,-0.08530117757618427,-0.13290458917617798
4330,17.0,-0.11436738818883896,-0.039462818019092086,0.045153672248125075,0.0,0.2429315850138664,-0.0783716082572937,-0.11436738818883896
4340,11.59375,-0.10867659747600555,-0.03480763100087643,0.03278622888028622,0.0,0.24306464791297913,-0.08234991915524006,-0.10867659747600555
4350,12.53125,-0.09150344133377075,-0.03138412907719612,0.05813334509730339,0.0,0.24503346979618074,-0.09059824645519257,-0.09150344133377075
4360,11.4375,-0.14807260036468506,-0.024782805144786833,0.14783705323934554,0.0,0.24823401123285294,-0.09381141737103463,-0.14807260036468506
4370,12.125,-0.08601773530244827,-0.02772611416876316,0.039506468921899796,0.0,0.24496985524892806,-0.07934088185429573,-0.08601773530244827
4380,14.3125,-0.0904422402381897,-0.03103184774518013,0.03324225954711437,0.0,0.2481883481144905,-0.07706281207501889,-0.0904422402381897
4390,14.125,-0.09134747087955475,-0.0363196074962616,0.022418344765901564,0.0,0.24859824925661086,-0.07266095876693726,-0.09134747087955475
4400,13.03125,-0.09268022328615189,-0.034482990577816966,0.04331595376133919,0.0,0.2425980657339096,-0.07785281240940094,-0.09268022328615189
4410,15.6875,-0.11120283603668213,-0.03822968322783708,0.030760664492845535,0.0,0.24503207206726074,-0.08323994241654872,-0.11120283603668213
4420,13.84375,-0.14264996349811554,-0.03478663191199303,0.10258763134479523,0.0,0.2383178174495697,-0.10137388184666633,-0.14264996349811554
4430,10.875,-0.14738234877586365,-0.03595243468880653,0.03930108323693275,0.0,0.2415856674313545,-0.08454036377370358,-0.14738234877586365
4440,13.59375,-0.14754250645637512,-0.032686321064829826,0.03526826947927475,0.0,0.2443425625562668,-0.08677471429109573,-0.14754250645637512
4450,14.5,-0.09470312297344208,-0.026081407628953456,0.11809706538915635,0.0,0.2459734633564949,-0.0861127596348524,-0.09470312297344208
4460,11.375,-0.1426996886730194,-0.035279393941164014,0.03359471969306469,0.0,0.24314771592617035,-0.08598812744021415,-0.1426996886730194
4470,12.90625,-0.10558920353651047,-0.02806955426931381,0.07284804284572602,0.0,0.2488485813140869,-0.0885823491960764,-0.10558920353651047
4480,12.4375,-0.12202280759811401,-0.038764558359980585,0.02403191030025482,0.0,0.23886388540267944,-0.08680551536381245,-0.12202280759811401
4490,18.21875,-0.10311777144670486,-0.03116881176829338,0.09914599508047103,0.0,0.24432151168584823,-0.09225036278367042,-0.10311777144670486
4500,12.375,-0.13412022590637207,-0.03778908587992191,0.045527680218219756,0.0,0.24364133626222612,-0.09073565378785134,-0.13412022590637207
4510,16.375,-0.10681240260601044,-0.03272240944206715,0.04990932866930962,0.0,0.24935262203216552,-0.07958803921937943,-0.10681240260601044
4520,13.65625,-0.12240296602249146,-0.03443742990493774,0.036631876975297926,0.0,0.2523400172591209,-0.07967139706015587,-0.12240296602249146
4530,13.59375,-0.11521336436271667,-0.036883237026631835,0.024856289848685265,0.0,0.2518769681453705,-0.07846525944769382,-0.11521336436271667
4540,14.3125,-0.09061025083065033,-0.03594950437545776,0.03380495421588421,0.0,0.2519310384988785,-0.06930483132600784,-0.09061025083065033
4550,13.1875,-0.11641035974025726,-0.028732556477189065,0.037568753212690355,0.0,0.2511038362979889,-0.07653083801269531,-0.11641035974025726
4560,14.03125,-0.11157998442649841,-0.029324781149625778,0.16212667524814606,0.0,0.2537797912955284,-0.07102093622088432,-0.11157998442649841
4570,15.71875,-0.0918489396572113,-0.03297930024564266,0.09057409316301346,0.0,0.2506701022386551,-0.07461479641497135,-0.0918489396572113
4580,15.34375,-0.11546832323074341,-0.03652273342013359,0.026110460236668586,0.0,0.2575019583106041,-0.07650401890277862,-0.11546832323074341
4590,19.28125,-0.1016647219657898,-0.03329486809670925,0.044422301650047305,0.0,0.26177320778369906,-0.07764223143458367,-0.1016647219657898
4600,14.5625,-0.11058323085308075,-0.037647495418787,0.026468706503510474,0.0,0.2578073263168335,-0.06798036284744739,-0.11058323085308075
4610,12.78125,-0.10351397097110748,-0.027788458019495012,0.08083735555410385,0.0,0.25355987846851347,-0.0651316575706005,-0.10351397097110748
4620,15.84375,-0.10445822030305862,-0.03313466459512711,0.02385922335088253,0.0,0.25163201093673704,-0.07865863405168057,-0.10445822030305862
4630,12.1875,-0.11749254167079926,-0.029788633435964586,0.037804069370031355,0.0,0.25380000919103624,-0.07530239559710025,-0.11749254167079926
4640,13.09375,-0.13228562474250793,-0.030516403168439864,0.027329409122467042,0.0,0.25028782337903976,-0.07559803538024426,-0.13228562474250793
4650,12.53125,-0.13189846277236938,-0.03755961339920759,0.03232878819108009,0.0,0.2525666818022728,-0.07347248122096062,-0.13189846277236938
4660,18.8125,-0.10195242613554001,-0.03394414819777012,0.03176362551748753,0.0,0.2527215823531151,-0.07155707068741321,-0.10195242613554001
4670,16.0,-0.10805772244930267,-0.03445048481225967,0.03749425187706947,0.0,0.2597636729478836,-0.06695378348231315,-0.10805772244930267
4680,13.1875,-0.08518917858600616,-0.03646951988339424,0.029315896704792975,0.0,0.2587143674492836,-0.0628113392740488,-0.08518917858600616
4690,15.21875,-0.08333204686641693,-0.03369147852063179,0.04869328141212463,0.0,0.25308712273836137,-0.0641718253493309,-0.08333204686641693
4700,17.59375,-0.06700887531042099,-0.03315394185483456,0.02945428006350994,0.0,0.25844818353652954,-0.07230864092707634,-0.06700887531042099
4710,18.125,-0.07222428917884827,-0.025358406826853752,0.03919274136424065,0.0,0.25471649318933487,-0.06509198397397994,-0.07222428917884827
4720,15.1875,-0.08209752291440964,-0.034428831189870834,0.01645364109426737,0.0,0.2596178278326988,-0.0590246420353651,-0.08209752291440964
4730,14.34375,-0.07374225556850433,-0.031687787175178526,0.034725838154554364,0.0,0.2594477191567421,-0.05747251585125923,-0.07374225556850433
4740,14.0625,-0.09223727881908417,-0.03539284747093916,0.03761351481080055,0.0,0.25946026146411894,-0.06761223189532757,-0.09223727881908417
4750,11.96875,-0.08737540245056152,-0.03702891394495964,0.016374880075454713,0.0,0.2533372178673744,-0.06842776015400887,-0.08737540245056152
4760,16.03125,-0.058598488569259644,-0.0353910818696022,0.01827598176896572,0.0,0.2511737570166588,-0.07401152700185776,-0.058598488569259644
4770,12.5625,-0.08575776219367981,-0.03560714172199368,0.014180582575500011,0.0,0.24661737233400344,-0.06928945258259774,-0.08575776219367981
4780,13.21875,-0.10917741805315018,-0.033902231603860855,0.02207444906234741,0.0,0.25139682590961454,-0.07128664255142211,-0.10917741805315018
4790,12.53125,-0.08696313947439194,-0.02938020005822182,0.030962620675563813,0.0,0.25176269859075545,-0.0642998456954956,-0.08696313947439194
4800,12.875,-0.10601335763931274,-0.032103851437568665,0.03355613052845001,0.0,0.24789341241121293,-0.0693753246217966,-0.10601335763931274
4810,13.46875,-0.07100065052509308,-0.03504716157913208,0.0155856778845191,0.0,0.25328280627727506,-0.0685354609042406,-0.07100065052509308
4820,13.625,-0.062211181968450546,-0.029633767902851105,0.016100901924073697,0.0,0.25216236263513564,-0.07715576998889447,-0.062211181968450546
4830,12.84375,-0.08466573059558868,-0.03287237696349621,0.020828676968812944,0.0,0.2496292144060135,-0.07718127742409706,-0.08466573059558868
4840,14.1875,-0.05634205415844917,-0.03661512620747089,0.03176026940345764,0.0,0.24844639748334885,-0.06645543090999126,-0.05634205415844917
4850,14.53125,-0.0987863689661026,-0.035919050127267836,0.032986399903893474,0.0,0.24604504704475402,-0.0674614492803812,-0.0987863689661026
4860,13.40625,-0.04499075934290886,-0.03202289510518312,0.02484121173620224,0.0,0.2531388491392136,-0.054302498884499076,-0.04499075934290886
4870,13.75,-0.08601727336645126,-0.03654156513512134,0.023375378176569938,0.0,0.2523910105228424,-0.07547685094177722,-0.08601727336645126
4880,10.0,-0.15122079849243164,-0.037286991626024245,0.011141055636107922,0.0,0.24878221303224562,-0.08001125305891037,-0.15122079849243164
4890,13.3125,-0.11527334898710251,-0.02554915249347687,0.03705430179834366,0.0,0.24376018345355988,-0.07526648491621017,-0.11527334898710251
4900,15.21875,-0.11436013877391815,-0.029348966851830482,0.02499961107969284,0.0,0.24896356612443923,-0.0659117016941309,-0.11436013877391815
4910,12.625,-0.10970704257488251,-0.03401660546660423,0.08381265103816986,0.0,0.2517723873257637,-0.06674873679876328,-0.10970704257488251
4920,12.375,-0.10595260560512543,-0.034503424912691115,0.02070493809878826,0.0,0.2522081911563873,-0.05746389571577311,-0.10595260560512543
4930,13.15625,-0.08420468866825104,-0.03825524430721998,0.01271196436136961,0.0,0.2550516173243523,-0.06132131144404411,-0.08420468866825104
4940,16.15625,-0.06138257682323456,-0.03649913035333156,0.02424510084092617,0.0,0.2569719299674034,-0.05057260114699602,-0.06138257682323456
4950,12.875,-0.10004690289497375,-0.040825558453798295,0.01579780485481024,0.0,0.25408723652362825,-0.06978826653212308,-0.10004690289497375
4960,11.8125,-0.11469881236553192,-0.035936905071139336,0.06118065491318703,0.0,0.2559297069907188,-0.06696309167891741,-0.11469881236553192
4970,12.96875,-0.06500222533941269,-0.03458215352147818,0.026204917579889297,0.0,0.26474074721336366,-0.060404186695814134,-0.06500222533941269
4980,12.6875,-0.055385563522577286,-0.03268700167536735,0.009570549055933953,0.0,0.25432599484920504,-0.04571803994476795,-0.055385563522577286
4990,13.46875,-0.07005751132965088,-0.041017192602157596,0.014159837737679482,0.0,0.2636683076620102,-0.045887820841744545,-0.07005751132965088
5000,11.6875,-0.07988938689231873,-0.04048987254500389,0.02167082726955414,0.0,0.25636695623397826,-0.04936204068362713,-0.07988938689231873
5010,12.03125,-0.09935244917869568,-0.03330445736646652,0.0200923427939415,0.0,0.26053187251091003,-0.060451242700219156,-0.09935244917869568
5020,13.6875,-0.05948938801884651,-0.03376312702894211,0.03597754165530205,0.0,0.2575473725795746,-0.05184830501675606,-0.05948938801884651
5030,13.3125,-0.07156547904014587,-0.03729848340153694,0.0203733392059803,0.0,0.25962911248207093,-0.06038786321878433,-0.07156547904014587
5040,14.34375,-0.07716899365186691,-0.035175808146595954,0.03364987820386887,0.0,0.2585493206977844,-0.05421172790229321,-0.07716899365186691
5050,14.6875,-0.0499199777841568,-0.027762234769761564,0.013430028036236764,0.0,0.2643959790468216,-0.057434603199362756,-0.0499199777841568
5060,12.34375,-0.1153431087732315,-0.037282456457614896,0.024766505137085913,0.0,0.26172883808612823,-0.06300077177584171,-0.1153431087732315
5070,13.03125,-0.07969091832637787,-0.029878569394350053,0.01673339754343033,0.0,0.2595573395490646,-0.052440216206014155,-0.07969091832637787
5080,14.1875,-0.08412164449691772,-0.03912163786590099,0.011279650591313839,0.0,0.26128896325826645,-0.056941137090325354,-0.08412164449691772
5090,15.46875,-0.04937140643596649,-0.028918537497520446,0.03235677033662796,0.0,0.26500909924507143,-0.04449762096628547,-0.04937140643596649
5100,10.25,-0.09695025533437729,-0.03385684043169022,0.01665272582322359,0.0,0.26608918607234955,-0.053236936777830125,-0.09695025533437729
5110,14.90625,-0.04795760288834572,-0.041102876886725426,0.02365211546421051,0.0,0.26651803255081175,-0.05473179519176483,-0.04795760288834572
5120,10.375,-0.09183703362941742,-0.039042693004012106,0.016363378427922726,0.0,0.2661640256643295,-0.04669666010886431,-0.09183703362941742
5130,13.90625,-0.07277849316596985,-0.029652535915374756,0.029857349395751954,0.0,0.2613820254802704,-0.034228106308728454,-0.07277849316596985
5140,11.71875,-0.0988825336098671,-0.03133743479847908,0.029989366978406908,0.0,0.267465153336525,-0.05555970706045628,-0.0988825336098671
5150,12.71875,-0.08119416236877441,-0.03848275952041149,0.02079101577401161,0.0,0.25872955173254014,-0.05670820102095604,-0.08119416236877441
5160,11.1875,-0.0769602507352829,-0.03404739610850811,0.023989155888557434,0.0,0.25674632489681243,-0.05846802406013012,-0.0769602507352829
5170,13.9375,-0.10992759466171265,-0.040197499468922614,0.03137909471988678,0.0,0.25827897936105726,-0.06163909323513508,-0.10992759466171265
5180,10.8125,-0.10926084220409393,-0.039169500768184665,0.02584129385650158,0.0,0.2536293536424637,-0.06804749462753534,-0.10926084220409393
5190,17.84375,-0.08494534343481064,-0.038767215237021445,0.016768725775182246,0.0,0.25412229746580123,-0.05489669218659401,-0.08494534343481064
5200,15.625,-0.06351812928915024,-0.028362451307475566,0.06684879139065743,0.0,0.2617652088403702,-0.04958006516098976,-0.06351812928915024
5210,17.09375,-0.07312195003032684,-0.04112624488770962,0.011856812424957753,0.0,0.2679817289113998,-0.0499785304069519,-0.07312195003032684
5220,14.75,-0.08499595522880554,-0.03175002001225948,0.02176736406981945,0.0,0.26409637928009033,-0.04939600415527821,-0.08499595522880554
5230,14.125,-0.091839998960495,-0.03050060272216797,0.022568410262465477,0.0,0.2718272864818573,-0.04367955680936575,-0.091839998960495
5240,12.71875,-0.06335657835006714,-0.036682899296283725,0.03016977198421955,0.0,0.2648347675800323,-0.050132973771542313,-0.06335657835006714
5250,15.0625,-0.11354126036167145,-0.03748634085059166,0.01185546237975359,0.0,0.268019238114357,-0.05217962209135294,-0.11354126036167145
5260,13.25,-0.0812620297074318,-0.03278486430644989,0.01837010346353054,0.0,0.25900547206401825,-0.054731423035264015,-0.0812620297074318
5270,15.78125,-0.0479702427983284,-0.0375089330598712,0.039928491413593295,0.0,0.2681360632181168,-0.047247868962585926,-0.0479702427983284
5280,11.5,-0.07281479239463806,-0.02713698260486126,0.06358788311481475,0.0,0.2704024076461792,-0.0472650209441781,-0.07281479239463806
5290,11.8125,-0.08379197120666504,-0.039742494374513625,0.015402620472013951,0.0,0.2672051966190338,-0.0545850645750761,-0.08379197120666504
5300,11.5625,-0.10312213748693466,-0.03515158519148827,0.013623988814651966,0.0,0.26910207569599154,-0.04208644088357687,-0.10312213748693466
5310,11.09375,-0.07986865937709808,-0.03877401538193226,0.011397955566644668,0.0,0.2683426260948181,-0.03548225462436676,-0.07986865937709808
5320,15.25,-0.05736641585826874,-0.02604716308414936,0.13726282715797425,0.0,0.26827581226825714,-0.05263894125819206,-0.05736641585826874
5330,17.46875,-0.053487248718738556,-0.02855662498623133,0.05352021679282189,0.0,0.2713627636432648,-0.03504329267889261,-0.053487248718738556
5340,15.84375,-0.0854375958442688,-0.036333540268242356,0.013695821911096574,0.0,0.2671983689069748,-0.04819195605814457,-0.0854375958442688
5350,14.6875,-0.06850957870483398,-0.03128856234252453,0.0377500519156456,0.0,0.2715876668691635,-0.057655131071805955,-0.06850957870483398
5360,13.40625,-0.05121699720621109,-0.0387673631310463,0.017991285771131516,0.0,0.2677714258432388,-0.05036544715985656,-0.05121699720621109
5370,15.4375,-0.078118234872818,-0.03202652558684349,0.020822763815522193,0.0,0.2656328856945038,-0.04862702433019876,-0.078118234872818
5380,12.96875,-0.08697132766246796,-0.0261917807161808,0.07081417366862297,0.0,0.26823331266641615,-0.049906039237976076,-0.08697132766246796
5390,13.5,-0.08653996139764786,-0.030894269794225694,0.02156694680452347,0.0,0.26556496024131776,-0.05135374199599028,-0.08653996139764786
5400,13.84375,-0.09745045006275177,-0.031461458280682565,0.07996198832988739,0.0,0.2714190065860748,-0.04013450033962727,-0.09745045006275177
5410,13.03125,-0.08474107086658478,-0.03707079775631428,0.01774955615401268,0.0,0.2689588099718094,-0.040688291378319266,-0.08474107086658478
5420,12.625,-0.09146054089069366,-0.035293586924672125,0.04027838483452797,0.0,0.27392072379589083,-0.0483820628374815,-0.09146054089069366
5430,12.34375,-0.07480888068675995,-0.0339728906750679,0.142656546831131,0.0,0.270348447561264,-0.05550037212669849,-0.07480888068675995
5440,13.65625,-0.06473742425441742,-0.037381400167942044,0.02899262271821499,0.0,0.26919769048690795,-0.038680810993537304,-0.06473742425441742
5450,14.1875,-0.036418430507183075,-0.03624064233154058,0.026968523114919662,0.0,0.2676456689834595,-0.049153655953705314,-0.036418430507183075
5460,10.9375,-0.11222781240940094,-0.032712788134813306,0.029600034281611443,0.0,0.2699964791536331,-0.05338797029107809,-0.11222781240940094
5470,12.75,-0.051049456000328064,-0.03629268854856491,0.00824202187359333,0.0,0.26830909997224806,-0.037765401881188154,-0.051049456000328064
5480,12.90625,-0.04987722262740135,-0.038712359964847565,0.013885796256363391,0.0,0.2741150587797165,-0.043989804573357105,-0.04987722262740135
5490,11.21875,-0.10879654437303543,-0.03619860094040632,0.00785491755232215,0.0,0.2700319796800613,-0.04831548556685448,-0.10879654437303543
5500,14.6875,-0.10742106288671494,-0.04131112657487392,0.024249566718935966,0.0,0.27070114612579343,-0.03774458575062454,-0.10742106288671494
5510,13.34375,-0.04441031813621521,-0.032501837611198424,0.01220457423478365,0.0,0.2680923342704773,-0.051350010186433794,-0.04441031813621521
5520,15.3125,-0.0677047073841095,-0.02777806520462036,0.01893139723688364,0.0,0.269980788230896,-0.0361063695512712,-0.0677047073841095
5530,14.75,-0.07800360023975372,-0.03834372684359551,0.01213739812374115,0.0,0.2749393194913864,-0.03708413802087307,-0.07800360023975372
5540,15.9375,-0.0841156616806984,-0.03546905014663935,0.012093864567577838,0.0,0.2704629123210907,-0.037811702210456134,-0.0841156616806984
5550,12.5,-0.030621057376265526,-0.04087205231189728,0.013665924221277237,0.0,0.2637476444244385,-0.04094395255669951,-0.030621057376265526
5560,16.375,-0.04606061428785324,-0.035413284599781034,0.014855295233428479,0.0,0.26487259566783905,-0.04716201815754175,-0.04606061428785324
5570,16.34375,-0.05888587608933449,-0.04039341164752841,0.011462455429136754,0.0,0.2681337267160416,-0.041925277560949326,-0.05888587608933449
5580,13.78125,-0.046065185219049454,-0.03582157716155052,0.009679600968956948,0.0,0.2667787402868271,-0.0377054619602859,-0.046065185219049454
5590,10.0625,-0.10887572914361954,-0.031236196309328078,0.042359239608049395,0.0,0.2725157171487808,-0.04870890900492668,-0.10887572914361954
5600,15.84375,-0.0800417810678482,-0.03331765271723271,0.023610519245266914,0.0,0.2659747779369354,-0.051526660844683644,-0.0800417810678482
5610,13.09375,-0.09095729887485504,-0.03328336775302887,0.019269908592104912,0.0,0.27276032269001005,-0.03956133518368006,-0.09095729887485504
5620,14.125,-0.037930600345134735,-0.03760914951562881,0.01562885120511055,0.0,0.2669672280550003,-0.04562635328620672,-0.037930600345134735
5630,14.125,-0.06894102692604065,-0.032731936872005464,0.013687920570373536,0.0,0.2744049221277237,-0.04547775015234947,-0.06894102692604065
5640,14.0625,-0.059078339487314224,-0.035544378682971,0.01680548507720232,0.0,0.27285411953926086,-0.03464293526485562,-0.059078339487314224
5650,13.0,-0.055022772401571274,-0.03978532776236534,0.014345221780240535,0.0,0.27729001045227053,-0.034808266907930374,-0.055022772401571274
5660,15.09375,-0.10046491026878357,-0.03758240155875683,0.020144103467464446,0.0,0.2761631578207016,-0.0516387015581131,-0.10046491026878357
5670,14.90625,-0.06780225038528442,-0.034539976716041566,0.016135727986693382,0.0,0.2769820004701614,-0.04223214611411095,-0.06780225038528442
5680,16.21875,-0.07614253461360931,-0.039385806396603586,0.012247372418642044,0.0,0.28143936693668364,-0.03345889139454812,-0.07614253461360931
5690,14.5,-0.06565772742033005,-0.038142024725675586,0.011617164872586728,0.0,0.2752907693386078,-0.03605492478236556,-0.06565772742033005
5700,15.84375,-0.06746648252010345,-0.029584159329533576,0.022589033097028734,0.0,0.28558323085308074,-0.04265638403594494,-0.06746648252010345
5710,12.96875,-0.06328172236680984,-0.041673263534903526,0.021812178939580918,0.0,0.28366501331329347,-0.038178732991218566,-0.06328172236680984
5720,20.84375,-0.03570191189646721,-0.03473476003855467,0.007090403791517019,0.0,0.28188389241695405,-0.019745622854679824,-0.03570191189646721
5730,13.53125,-0.06828655302524567,-0.03521062936633825,0.014972684346139431,0.0,0.2857618868350983,-0.033683068864047525,-0.06828655302524567
5740,15.03125,-0.06847820430994034,-0.03721768371760845,0.02091114893555641,0.0,0.2808025985956192,-0.03395094790030271,-0.06847820430994034
5750,15.84375,-0.03672114014625549,-0.0349714457988739,0.016005003079771995,0.0,0.28469930291175843,-0.029592386167496442,-0.03672114014625549
5760,15.21875,-0.04058688133955002,-0.03369234874844551,0.00917171910405159,0.0,0.28464253544807433,-0.03630469050258398,-0.04058688133955002
5770,15.03125,-0.12581251561641693,-0.042882302030920985,0.01867375411093235,0.0,0.28227304816246035,-0.046022412925958635,-0.12581251561641693
5780,15.59375,-0.05532757565379143,-0.0358239945024252,0.012120473943650723,0.0,0.2891272485256195,-0.03243294358253479,-0.05532757565379143
5790,14.3125,-0.0786740630865097,-0.03639140948653221,0.01411798968911171,0.0,0.2832404226064682,-0.022854395234026013,-0.0786740630865097
5800,16.21875,-0.03669314458966255,-0.033592467196285725,0.03197567798197269,0.0,0.2842576414346695,-0.03483650516718626,-0.03669314458966255
5810,15.34375,-0.07949641346931458,-0.03516774028539658,0.013596228882670402,0.0,0.28917859196662904,-0.02837969553656876,-0.07949641346931458
5820,12.125,-0.05298226699233055,-0.03871335871517658,0.012027199752628804,0.0,0.2772919267416,-0.03342029238119722,-0.05298226699233055
5830,12.5,-0.021121814846992493,-0.02358162999153137,0.11928876638412475,0.0,0.29030280113220214,-0.04070146456360817,-0.021121814846992493
5840,16.5625,-0.027960587292909622,-0.03566222880035639,0.017931060306727885,0.0,0.28275122344493864,-0.02751229126006365,-0.027960587292909622
5850,12.65625,-0.0684555321931839,-0.03299386762082577,0.032969561591744426,0.0,0.28218938410282135,-0.03991282321512699,-0.0684555321931839
5860,15.34375,-0.05424393340945244,-0.04491204861551523,0.02154795601963997,0.0,0.2837609648704529,-0.02322258986532688,-0.05424393340945244
5870,15.8125,-0.06014798581600189,-0.040685854479670526,0.02463687174022198,0.0,0.28115586638450624,-0.05057350257411599,-0.06014798581600189
5880,13.40625,-0.10413628071546555,-0.034877002239227295,0.02449572868645191,0.0,0.281289666891098,-0.03129697116091847,-0.10413628071546555
5890,14.65625,-0.0676974430680275,-0.03800794538110495,0.009780263341963292,0.0,0.28096353113651273,-0.03616851735860109,-0.0676974430680275
5900,15.15625,-0.09438374638557434,-0.03475642092525959,0.01294033620506525,0.0,0.2861100614070892,-0.03900851306971163,-0.09438374638557434
5910,12.375,-0.06716559827327728,-0.027590326592326166,0.0601654551923275,0.0,0.2858389377593994,-0.03352645514532924,-0.06716559827327728
5920,18.40625,-0.01394047960639,-0.041544852778315544,0.009475472755730152,0.0,0.28426088988780973,-0.03010839968919754,-0.01394047960639
5930,12.25,-0.07407396286725998,-0.03873861357569695,0.010134323500096798,0.0,0.28815568089485166,-0.02514534774236381,-0.07407396286725998
5940,14.1875,-0.04650960862636566,-0.03712047934532166,0.009085244871675969,0.0,0.282290107011795,-0.03261915282346308,-0.04650960862636566
5950,13.15625,-0.08681276440620422,-0.03132192678749561,0.019736596196889878,0.0,0.2828083515167236,-0.026168334227986634,-0.08681276440620422
5960,17.0,-0.0739712193608284,-0.03508330062031746,0.011792501993477344,0.0,0.2901355803012848,-0.027520136348903178,-0.0739712193608284
5970,17.40625,-0.028058145195245743,-0.032490869984030724,0.0069362840615212916,0.0,0.28688029646873475,-0.04274423844181001,-0.028058145195245743
5980,16.9375,-0.05912722647190094,-0.040284459758549926,0.010540676303207874,0.0,0.2833489030599594,-0.03385612147394568,-0.05912722647190094
5990,16.5625,-0.0714237242937088,-0.03684021607041359,0.009617333486676215,0.0,0.2802675813436508,-0.039706728793680666,-0.0714237242937088
6000,16.0625,-0.0683644711971283,-0.036919520050287244,0.018090834841132164,0.0,0.28527384996414185,-0.029884874541312455,-0.0683644711971283
6010,14.78125,-0.040299370884895325,-0.026513532176613806,0.03378186896443367,0.0,0.28383880853652954,-0.026552401937078685,-0.040299370884895325
6020,15.875,-0.0916130542755127,-0.034910139814019206,0.028112811222672462,0.0,0.287519234418869,-0.033408190961927174,-0.0916130542755127
6030,14.03125,-0.0697573721408844,-0.04153599552810192,0.03655831702053547,0.0,0.2838275283575058,-0.034123757015913726,-0.0697573721408844
6040,10.1875,-0.0005402695387601852,-0.03361764438450336,0.013247010111808778,0.0,0.28676919639110565,-0.02667738536838442,-0.0005402695387601852
6050,15.53125,-0.04699058085680008,-0.035673686861991884,0.017905834317207336,0.0,0.2786439836025238,-0.0440752012655139,-0.04699058085680008
6060,15.8125,-0.02561238966882229,-0.031730113178491594,0.021626292541623116,0.0,0.2835219442844391,-0.03330894028767943,-0.02561238966882229
6070,14.5625,-0.0587252601981163,-0.03781511913985014,0.0093290526419878,0.0,0.2798512130975723,-0.04228193685412407,-0.0587252601981163
6080,15.0,-0.019287340342998505,-0.03865016661584377,0.008661732263863086,0.0,0.28186489939689635,-0.0312920156866312,-0.019287340342998505
6090,15.125,-0.04578400030732155,-0.03299809247255325,0.012495544366538524,0.0,0.2842599868774414,-0.03859749287366867,-0.04578400030732155
6100,13.21875,-0.039100635796785355,-0.02956166062504053,0.00843957271426916,0.0,0.28066912591457366,-0.03464966919273138,-0.039100635796785355
6110,13.09375,-0.0668223425745964,-0.03652198426425457,0.014887716621160507,0.0,0.28298974633216856,-0.040198687370866536,-0.0668223425745964
6120,13.21875,-0.046318285167217255,-0.03502654135227203,0.018647845834493637,0.0,0.2808912515640259,-0.02472548484802246,-0.046318285167217255
6130,14.875,-0.054402340203523636,-0.03770143240690231,0.013189599663019181,0.0,0.28184645175933837,-0.03964703716337681,-0.054402340203523636
6140,14.3125,-0.02971317246556282,-0.029186970740556716,0.055303508043289186,0.0,0.2846575081348419,-0.04123379532247782,-0.02971317246556282
6150,13.1875,-0.02659532241523266,-0.03262434117496014,0.016357583180069923,0.0,0.2904183894395828,-0.027131893893238158,-0.02659532241523266
6160,14.59375,-0.06648625433444977,-0.03252142947167158,0.011802199482917785,0.0,0.27649458050727843,-0.035882915975525974,-0.06648625433444977
6170,19.21875,-0.030755961313843727,-0.0400613434612751,0.010167578049004079,0.0,0.27926131784915925,-0.030237048398703337,-0.030755961313843727
6180,16.8125,-0.02107260748744011,-0.037520814687013626,0.013367356918752193,0.0,0.27930704355239866,-0.03327318490482867,-0.02107260748744011
6190,14.8125,-0.049667660146951675,-0.039035037346184256,0.009318213537335395,0.0,0.2833670049905777,-0.03339565312489867,-0.049667660146951675
6200,18.875,-0.05353645235300064,-0.03847036436200142,0.00853107739239931,0.0,0.2829462468624115,-0.03338000560179353,-0.05353645235300064
6210,14.65625,-0.0735989511013031,-0.043393523618578914,0.009993733093142509,0.0,0.2836156994104385,-0.03606399358250201,-0.0735989511013031
6220,19.09375,-0.04527141526341438,-0.03395453579723835,0.032274411991238594,0.0,0.2800098180770874,-0.028832733910530806,-0.04527141526341438
6230,15.625,-0.035732999444007874,-0.03689849954098463,0.011313580349087715,0.0,0.28487913906574247,-0.04470733497291803,-0.035732999444007874
6240,14.84375,-0.0677325576543808,-0.035081511735916136,0.011232559382915498,0.0,0.2845464885234833,-0.03978592567145824,-0.0677325576543808
6250,9.65625,-0.0348973274230957,-0.03864019867032766,0.007764778286218643,0.0,0.2879019737243652,-0.03361301126424223,-0.0348973274230957
6260,13.625,-0.031801313161849976,-0.034895092621445654,0.012420335039496421,0.0,0.2912899374961853,-0.02237524660304189,-0.031801313161849976
6270,14.34375,-0.09057371318340302,-0.039257712103426455,0.009263258054852485,0.0,0.2873439997434616,-0.028078520810231565,-0.09057371318340302
6280,15.1875,-0.07265926897525787,-0.03750470951199532,0.011209087073802948,0.0,0.2810671478509903,-0.033115025330334905,-0.07265926897525787
6290,14.0625,-0.1038462296128273,-0.0394354160875082,0.010102617554366589,0.0,0.2836947053670883,-0.02922075055539608,-0.1038462296128273
6300,13.78125,-0.043202780187129974,-0.040381571650505065,0.009213992580771446,0.0,0.27936127185821535,-0.032095950469374655,-0.043202780187129974
6310,18.625,-0.03326062858104706,-0.03567449748516083,0.006576126627624035,0.0,0.2824331700801849,-0.04008328504860401,-0.03326062858104706
6320,19.59375,-0.06811021268367767,-0.031321031600236894,0.011126165091991425,0.0,0.28386945724487306,-0.033107120916247366,-0.06811021268367767
6330,14.75,-0.08465448021888733,-0.03302013650536537,0.01413324661552906,0.0,0.27835155129432676,-0.044025177508592604,-0.08465448021888733
6340,14.28125,-0.037081263959407806,-0.03841302767395973,0.012909560278058053,0.0,0.2879477202892303,-0.03262382028624415,-0.037081263959407806
6350,17.59375,-0.09488071501255035,-0.03799796961247921,0.014679311960935592,0.0,0.28598558008670805,-0.04249564278870821,-0.09488071501255035
6360,17.6875,-0.05500011518597603,-0.03022742737084627,0.03400153927505016,0.0,0.28850451707839964,-0.03693250068463385,-0.05500011518597603
6370,18.46875,-0.06541384756565094,-0.0387705385684967,0.026526109874248506,0.0,0.28435092270374296,-0.04049764592200518,-0.06541384756565094
6380,21.0625,-0.03958110883831978,-0.03310307413339615,0.008081529662013054,0.0,0.28485703766345977,-0.027350468374788762,-0.03958110883831978
6390,13.1875,-0.04766072332859039,-0.041853290423750876,0.015746716782450675,0.0,0.28618179857730863,-0.029700838122516872,-0.04766072332859039
6400,19.09375,-0.07471457123756409,-0.03643283881247043,0.014748954400420188,0.0,0.28771627843379977,-0.03044255804270506,-0.07471457123756409
6410,15.15625,-0.01930956169962883,-0.04324309192597866,0.011191322654485702,0.0,0.2853873610496521,-0.03528794897720218,-0.01930956169962883
6420,13.65625,-0.03324657306075096,-0.040349170193076135,0.013714262284338474,0.0,0.28619700074195864,-0.024056248459964992,-0.03324657306075096
6430,15.25,-0.040646206587553024,-0.02698519192636013,0.06430540233850479,0.0,0.2886401116847992,-0.03686849139630795,-0.040646206587553024
6440,17.0,-0.04731852561235428,-0.04105653762817383,0.0252875667065382,0.0,0.29224237203598025,-0.032474978268146514,-0.04731852561235428
6450,13.15625,-0.03441233187913895,-0.03905752031132579,0.013847096636891366,0.0,0.2881973713636398,-0.03835703963413835,-0.03441233187913895
6460,15.59375,-0.032653287053108215,-0.034201479703187945,0.018743928894400595,0.0,0.29063951671123506,-0.022304264828562737,-0.032653287053108215
6470,15.96875,-0.04387941211462021,-0.03540249168872833,0.010397451929748058,0.0,0.2903441220521927,-0.021018470311537384,-0.04387941211462021
6480,15.75,-0.10745745897293091,-0.03817078284919262,0.02006095238029957,0.0,0.2915068119764328,-0.03515975303016603,-0.10745745897293091
6490,17.09375,-0.028316404670476913,-0.03472744859755039,0.011374707706272602,0.0,0.2920519232749939,-0.027704049181193114,-0.028316404670476913
6500,19.46875,-0.039213478565216064,-0.03797068074345589,0.010640084557235242,0.0,0.29014926850795747,-0.027560268831439316,-0.039213478565216064
6510,16.84375,-0.009639864787459373,-0.03619474023580551,0.010158061981201172,0.0,0.29356243312358854,-0.03039305591955781,-0.009639864787459373
6520,14.78125,-0.05210217833518982,-0.03804143201559782,0.0163401635363698,0.0,0.2931512802839279,-0.02448951913975179,-0.05210217833518982
6530,16.875,-0.0475519523024559,-0.029508943483233453,0.02138456515967846,0.0,0.2902812480926514,-0.022829291643574834,-0.0475519523024559
6540,18.5,-0.056505605578422546,-0.03574775233864784,0.011856369115412236,0.0,0.2934707313776016,-0.028028819896280765,-0.056505605578422546
6550,13.84375,-0.01696585677564144,-0.04159206598997116,0.008311723917722702,0.0,0.2938081681728363,-0.03287761714309454,-0.01696585677564144
6560,18.71875,-0.06242498755455017,-0.0344115786254406,0.015173853561282157,0.0,0.2961375892162323,-0.02679549530148506,-0.06242498755455017
6570,17.6875,-0.0586986243724823,-0.04029885418713093,0.008741071633994579,0.0,0.2934238016605377,-0.024140635412186383,-0.0586986243724823
6580,15.75,-0.020634226500988007,-0.03861506767570973,0.01242699846625328,0.0,0.29246834814548495,-0.03421540474519134,-0.020634226500988007
6590,17.375,-0.0626959428191185,-0.03938933312892914,0.00950535163283348,0.0,0.2915468454360962,-0.03755119312554598,-0.0626959428191185
6600,18.1875,-0.07086622714996338,-0.03761739321053028,0.013137638568878174,0.0,0.29732544124126437,-0.026661117118783294,-0.07086622714996338
6610,21.59375,-0.03097938373684883,-0.031183842942118643,0.0050809415057301525,0.0,0.2959718257188797,-0.02244177688844502,-0.03097938373684883
6620,17.78125,-0.028342731297016144,-0.04040675861760974,0.008937525749206542,0.0,0.2905392855405807,-0.029038136545568704,-0.028342731297016144
6630,14.125,-0.051824670284986496,-0.037197066470980644,0.010414686240255832,0.0,0.2929322898387909,-0.02487260045018047,-0.051824670284986496
6640,17.625,-0.030468735843896866,-0.03727697394788265,0.02307869717478752,0.0,0.2918769299983978,-0.03175810142420232,-0.030468735843896866
6650,19.34375,-0.023613153025507927,-0.038334199041128156,0.008025226835161447,0.0,0.28904892802238463,-0.019764573499560355,-0.023613153025507927
6660,13.90625,-0.03753823786973953,-0.03327455315738916,0.016059032268822195,0.0,0.2945520728826523,-0.024200363736599683,-0.03753823786973953
6670,9.78125,-0.06896712630987167,-0.037932632490992546,0.007478208839893341,0.0,0.2923677682876587,-0.01906167957931757,-0.06896712630987167
6680,14.625,-0.06672400236129761,-0.04318220689892769,0.01784670855849981,0.0,0.2933631330728531,-0.02962705069221556,-0.06672400236129761
6690,11.75,-0.07526875287294388,-0.0321592403575778,0.009693827666342258,0.0,0.28838861286640166,-0.028586434945464135,-0.07526875287294388
6700,14.6875,-0.01899336278438568,-0.037133817374706266,0.006969086267054081,0.0,0.29219058752059934,-0.025811849115416407,-0.01899336278438568
6710,15.09375,-0.07388558983802795,-0.03954549394547939,0.019877102226018906,0.0,0.29545341432094574,-0.025328227668069303,-0.07388558983802795
6720,22.15625,-0.01693083345890045,-0.037189365923404695,0.010874757170677185,0.0,0.2907670736312866,-0.017087831767275928,-0.01693083345890045
6730,20.25,-0.01880856603384018,-0.031576812453567984,0.012140695378184319,0.0,0.2868538111448288,-0.026792073552496732,-0.01880856603384018
6740,19.0625,-0.06876356899738312,-0.032509439159184694,0.009448142908513545,0.0,0.29707789719104766,-0.033011511969380083,-0.06876356899738312
6750,16.71875,-0.06896261870861053,-0.0336595430970192,0.01667519100010395,0.0,0.2935143321752548,-0.028072528075426817,-0.06896261870861053
6760,20.21875,-0.047078654170036316,-0.03992433995008469,0.011197377182543277,0.0,0.29509841501712797,-0.02306099720299244,-0.047078654170036316
6770,18.875,-0.0729856863617897,-0.033393371105194095,0.015864429250359535,0.0,0.2929638922214508,-0.03428556127473712,-0.0729856863617897
6780,16.03125,-0.0588715523481369,-0.027837832272052766,0.028406675904989243,0.0,0.2941932946443558,-0.027334106154739857,-0.0588715523481369
6790,11.625,-0.07221100479364395,-0.03559745736420154,0.01147149335592985,0.0,0.29694001376628876,-0.028783808858133853,-0.07221100479364395
6800,17.8125,-0.02448282018303871,-0.04128864854574203,0.00792670426890254,0.0,0.29718099236488343,-0.026413571927696465,-0.02448282018303871
6810,14.0625,-0.03665298968553543,-0.030430462211370468,0.012227263301610947,0.0,0.28902014195919035,-0.03899726720992476,-0.03665298968553543
6820,14.625,-0.039770375937223434,-0.03596917986869812,0.01947924494743347,0.0,0.28936800062656404,-0.031176952365785836,-0.039770375937223434
6830,17.78125,-0.037275053560733795,-0.036098582297563554,0.020196179300546645,0.0,0.2900980442762375,-0.025915470207110047,-0.037275053560733795
6840,16.21875,-0.06476704776287079,-0.044338857755064964,0.013448533602058887,0.0,0.29242818653583524,-0.03299432452768088,-0.06476704776287079
6850,18.25,-0.05806232988834381,-0.0395029479637742,0.008638959378004074,0.0,0.28966025114059446,-0.034106539096683264,-0.05806232988834381
6860,14.0,-0.04645078629255295,-0.039445548132061956,0.01328657828271389,0.0,0.29060089886188506,-0.020434724073857068,-0.04645078629255295
6870,19.875,-0.05872464179992676,-0.04008176922798157,0.009000656194984913,0.0,0.2912071466445923,-0.026009677350521086,-0.05872464179992676
6880,14.5625,-0.05281563848257065,-0.03868021443486214,0.02202429287135601,0.0,0.29077909588813783,-0.02733441344462335,-0.05281563848257065
6890,15.53125,-0.07277803868055344,-0.03254497721791268,0.012984859570860863,0.0,0.29321779012680055,-0.032324934098869565,-0.07277803868055344
6900,16.40625,-0.03586088865995407,-0.03749390076845884,0.013802246190607548,0.0,0.29670794010162355,-0.028443075809627773,-0.03586088865995407
6910,15.8125,-0.030077729374170303,-0.03390189185738564,0.023667389526963234,0.0,0.2954497426748276,-0.02825595373287797,-0.030077729374170303
6920,17.78125,-0.04011014848947525,-0.042545915395021436,0.007244861498475075,0.0,0.2969809412956238,-0.016803999338299035,-0.04011014848947525
6930,16.625,-0.03984105959534645,-0.035848427750170234,0.013891269825398922,0.0,0.29492084980010985,-0.01904215363319963,-0.03984105959534645
6940,17.78125,-0.06202332675457001,-0.040104010701179506,0.009305709786713124,0.0,0.2916162103414536,-0.021979520469903945,-0.06202332675457001
6950,15.46875,-0.05078308284282684,-0.040550028532743455,0.010619637928903103,0.0,0.29891768395900725,-0.03496194132603705,-0.05078308284282684
6960,18.8125,-0.06130048632621765,-0.03467882089316845,0.01859731674194336,0.0,0.29805437922477723,-0.024470039922744036,-0.06130048632621765
6970,17.1875,-0.0906243771314621,-0.0342650830745697,0.026516349613666536,0.0,0.29869553446769714,-0.030452913232147695,-0.0906243771314621
6980,15.96875,-0.04017846658825874,-0.03999988473951817,0.008946260996162891,0.0,0.30007265210151673,-0.020331977610476316,-0.04017846658825874
6990,17.46875,-0.03507000952959061,-0.03739990256726742,0.008688716776669025,0.0,0.2994296133518219,-0.0207007247954607,-0.03507000952959061
7000,18.875,-0.02165200002491474,-0.03488467913120985,0.015209348872303963,0.0,0.3041205763816833,-0.0180991348112002,-0.02165200002491474
7010,17.8125,-0.05245756357908249,-0.042561983317136766,0.008541250973939896,0.0,0.30295148193836213,-0.01893110913224518,-0.05245756357908249
7020,19.25,-0.03712709993124008,-0.038395946472883226,0.01152012161910534,0.0,0.2981139749288559,-0.026344362087547778,-0.03712709993124008
7030,15.53125,-0.03734339401125908,-0.03262810502201319,0.04290740489959717,0.0,0.2950790703296661,-0.02728422509972006,-0.03734339401125908
7040,16.09375,-0.012429893016815186,-0.036259456910192965,0.007390539441257715,0.0,0.29177123606204985,-0.02838505879044533,-0.012429893016815186
7050,17.1875,-0.06889274716377258,-0.0403095904737711,0.01101942416280508,0.0,0.29442686438560484,-0.02066800049506128,-0.06889274716377258
7060,12.46875,-0.05464113876223564,-0.04141321331262589,0.016232145950198174,0.0,0.30004858672618867,-0.02349494947120547,-0.05464113876223564
7070,16.375,-0.05622228607535362,-0.03725954350084067,0.01136583387851715,0.0,0.29649137556552885,-0.016804352798499168,-0.05622228607535362
7080,16.9375,-0.0757543295621872,-0.0359895471483469,0.04525446593761444,0.0,0.2984596580266953,-0.02256570612080395,-0.0757543295621872
7090,13.5625,-0.04650705307722092,-0.034174445644021036,0.021575186401605606,0.0,0.29885976314544677,-0.020202273526228963,-0.04650705307722092
7100,19.09375,-0.03516010195016861,-0.035586903989315036,0.014628177136182785,0.0,0.29679105877876283,-0.022426916100084782,-0.03516010195016861
7110,24.5,-0.028576625511050224,-0.037469149008393286,0.012738829106092453,0.0,0.304673171043396,-0.022753369249403476,-0.028576625511050224
7120,13.59375,-0.01289127767086029,-0.03622697927057743,0.016693610325455667,0.0,0.2943308264017105,-0.018280661944299937,-0.01289127767086029
7130,15.40625,-0.029870755970478058,-0.03214475084096193,0.006678179372102022,0.0,0.29763450622558596,-0.015577178378589452,-0.029870755970478058
7140,20.34375,-0.0660477727651596,-0.04136597402393818,0.009565971419215202,0.0,0.29824966490268706,-0.021701983571983875,-0.0660477727651596
7150,19.21875,-0.050230175256729126,-0.03334577642381191,0.018687640130519868,0.0,0.30344548225402834,-0.02134197815321386,-0.050230175256729126
7160,20.40625,-0.04800565913319588,-0.032633178681135175,0.01639675982296467,0.0,0.3073553740978241,-0.027243732940405607,-0.04800565913319588
7170,17.25,0.018008779734373093,-0.040072254836559296,0.01384173221886158,0.0,0.30833979845047,-0.015662168525159358,0.018008779734373093
7180,16.59375,-0.0055884188041090965,-0.03732403889298439,0.006181843020021916,0.0,0.301387357711792,-0.014790173526853323,-0.0055884188041090965
7190,18.625,-0.02785342186689377,-0.029711823165416717,0.0437893383204937,0.0,0.3089595973491669,-0.004008240532130003,-0.02785342186689377
7200,17.46875,-0.027258548885583878,-0.04168232306838036,0.0057385689578950405,0.0,0.3030707985162735,-0.003833247721195221,-0.027258548885583878
7210,20.75,-0.01297649648040533,-0.03449949622154236,0.010124989971518516,0.0,0.30901038646698,-0.015792590891942383,-0.01297649648040533
7220,19.03125,-0.02967270463705063,-0.03336266465485096,0.012228403612971306,0.0,0.302733114361763,-0.005839971685782075,-0.02967270463705063
7230,18.28125,-0.05923460051417351,-0.03207896165549755,0.010175090096890927,0.0,0.30180283188819884,-0.011487211147323251,-0.05923460051417351
7240,22.625,-0.04050429165363312,-0.03830942958593368,0.0076616588979959484,0.0,0.30214664041996003,-0.011443527997471392,-0.04050429165363312
7250,14.9375,-0.08143049478530884,-0.03832673002034426,0.019583243504166604,0.0,0.3043971985578537,-0.017900077532976864,-0.08143049478530884
7260,16.4375,-0.03570256382226944,-0.037019070237874985,0.013497595861554145,0.0,0.30358004570007324,-0.011321358568966388,-0.03570256382226944
7270,17.34375,-0.027167877182364464,-0.036879643052816394,0.011180262640118599,0.0,0.30390951633453367,-0.01370437634177506,-0.027167877182364464
7280,19.03125,-0.044006407260894775,-0.03155967481434345,0.03745770342648029,0.0,0.30390348434448244,-0.0008670681621879339,-0.044006407260894775
7290,18.65625,-0.10968092083930969,-0.047313980758190155,0.01326637826859951,0.0,0.3057704448699951,-0.026691772509366274,-0.10968092083930969
7300,17.21875,-0.023806801065802574,-0.045194857940077784,0.017150222137570382,0.0,0.30159095823764803,-0.01548391196411103,-0.023806801065802574
7310,18.71875,-0.030128199607133865,-0.03199940677732229,0.012141508609056472,0.0,0.3014729171991348,-0.023659434518776834,-0.030128199607133865
7320,17.8125,-0.06364665925502777,-0.039481834042817354,0.015486819483339787,0.0,0.3096132785081863,-0.01781015219166875,-0.06364665925502777
7330,21.9375,-0.023297857493162155,-0.028736411407589913,0.009823783114552499,0.0,0.3053574115037918,-0.018565209675580265,-0.023297857493162155
7340,18.09375,-0.03446219116449356,-0.034307163394987586,0.019946951046586038,0.0,0.31017208397388457,-0.00962667886633426,-0.03446219116449356
7350,19.375,-0.0035149145405739546,-0.03447367921471596,0.010545377247035503,0.0,0.31343367099761965,-0.020377362007275225,-0.0035149145405739546
7360,15.8125,-0.05562107264995575,-0.03791457675397396,0.016745002940297127,0.0,0.31125328242778777,-0.018617722578346728,-0.05562107264995575
7370,19.90625,-0.048720717430114746,-0.03776485323905945,0.014881989918649197,0.0,0.3055452436208725,-0.0142733596265316,-0.048720717430114746
7380,21.375,-0.06875527650117874,-0.03651449158787727,0.009833752922713757,0.0,0.3116316169500351,-0.01680549643933773,-0.06875527650117874
7390,19.28125,-0.02845194935798645,-0.0451724449172616,0.007015168108046055,0.0,0.30690310299396517,-0.01409004065208137,-0.02845194935798645
7400,18.15625,-0.03862696886062622,-0.026205820217728614,0.03581678718328476,0.0,0.3099232852458954,-0.017069970909506082,-0.03862696886062622
7410,21.875,-0.01344358641654253,-0.03609712980687618,0.013771542906761169,0.0,0.3095963954925537,-0.005237384000793099,-0.01344358641654253
7420,20.78125,-0.04171533137559891,-0.03865130431950092,0.011663241125643254,0.0,0.3066299080848694,-0.003774128737859428,-0.04171533137559891
7430,22.53125,-0.019664021208882332,-0.037317664548754695,0.007313292752951383,0.0,0.30846600532531737,-0.010992309311404824,-0.019664021208882332
7440,17.5,-0.004654348827898502,-0.03950006477534771,0.008979394286870956,0.0,0.30443957448005676,-0.0016190423630177975,-0.004654348827898502
7450,15.28125,-0.05868588387966156,-0.03837301079183817,0.013305645249783993,0.0,0.30775509774684906,-0.00916595896705985,-0.05868588387966156
7460,24.53125,-0.031778860837221146,-0.04068245999515056,0.010064531303942203,0.0,0.30758618116378783,-0.008461171854287386,-0.031778860837221146
7470,14.1875,-0.055432870984077454,-0.04673268161714077,0.012379328161478043,0.0,0.31130545437335966,-0.019979724986478688,-0.055432870984077454
7480,15.71875,-0.06963470578193665,-0.03621521145105362,0.02992960661649704,0.0,0.3108464390039444,-0.018681130511686204,-0.06963470578193665
7490,20.25,-0.015412789769470692,-0.03868256658315659,0.007890664972364902,0.0,0.30786798894405365,-0.003615142311900854,-0.015412789769470692
7500,13.125,-0.0331314355134964,-0.03896473105996847,0.013638451881706714,0.0,0.30668366253376006,-0.01738503572996706,-0.0331314355134964
7510,17.5625,-0.021191557869315147,-0.04510793387889862,0.010560474172234536,0.0,0.307609024643898,-0.011712165689095855,-0.021191557869315147
7520,21.875,-0.03494775667786598,-0.03057856820523739,0.007137221377342939,0.0,0.30824333131313325,-0.017147170705720784,-0.03494775667786598
7530,23.5,-0.07245205342769623,-0.037554331868886945,0.020676683634519577,0.0,0.3097562849521637,-0.026729290094226598,-0.07245205342769623
7540,20.1875,-0.0696844831109047,-0.040357092022895814,0.01602142471820116,0.0,0.3123344987630844,-0.024035077658481896,-0.0696844831109047
7550,16.46875,-0.05578090623021126,-0.0363751819357276,0.025442612543702125,0.0,0.31344941854476926,-0.027942072274163364,-0.05578090623021126
7560,15.78125,-0.029747985303401947,-0.043473672866821286,0.008519870322197675,0.0,0.3130213439464569,-0.005527436174452305,-0.029747985303401947
7570,17.65625,0.0007274437230080366,-0.036061229184269905,0.004635022487491369,0.0,0.3089008778333664,-0.018189362064003945,0.0007274437230080366
7580,21.59375,-0.013933307491242886,-0.03580197915434837,0.006199473328888416,0.0,0.31293281018733976,-0.02592183006927371,-0.013933307491242886
7590,16.875,-0.05319686233997345,-0.04474657755345106,0.010282482393085957,0.0,0.30644947588443755,-0.01337605519220233,-0.05319686233997345
7600,17.0,-0.016028400510549545,-0.03978293538093567,0.01235283464193344,0.0,0.3066961854696274,0.004287777049466967,-0.016028400510549545
7610,20.53125,-0.01761426404118538,-0.038365238904953004,0.007106953021138907,0.0,0.3080316573381424,-0.011217467766255141,-0.01761426404118538
7620,20.15625,-0.02884347178041935,-0.043048040196299556,0.006026732455939055,0.0,0.310469377040863,-0.01405472969636321,-0.02884347178041935
7630,21.71875,-0.008053554221987724,-0.046191852912306784,0.009472023509442807,0.0,0.309905019402504,-0.009964650380425155,-0.008053554221987724
7640,17.125,-0.02858753874897957,-0.038915968500077724,0.01122944224625826,0.0,0.30927769243717196,-0.016441401885822417,-0.02858753874897957
7650,21.3125,-0.011099496856331825,-0.03519881628453732,0.00984289925545454,0.0,0.3135045289993286,-0.011017866712063552,-0.011099496856331825
7660,14.6875,-0.023372452706098557,-0.03401020132005215,0.012199850939214229,0.0,0.3107629746198654,-0.005251552956178784,-0.023372452706098557
7670,17.34375,-0.029309218749403954,-0.034253625012934205,0.006981289852410555,0.0,0.31112927198410034,-0.005543726496398449,-0.029309218749403954
7680,14.75,-0.020999180153012276,-0.03900569956749678,0.011260832287371158,0.0,0.3127109408378601,-0.004375135968439281,-0.020999180153012276
7690,14.75,-0.03781339153647423,-0.03436814472079277,0.009943868778645993,0.0,0.31533377468585966,-0.007445407845079899,-0.03781339153647423
7700,15.84375,-0.012619069777429104,-0.03632296547293663,0.017312154360115527,0.0,0.31329692006111143,0.0021642077714204787,-0.012619069777429104
7710,18.09375,0.007492155767977238,-0.03302498534321785,0.010440761782228946,0.0,0.30943511724472045,0.00018310621380805968,0.007492155767977238
7720,16.03125,-0.028203528374433517,-0.035657282918691635,0.010007268749177456,0.0,0.31066315770149233,-0.01635113439988345,-0.028203528374433517
7730,14.78125,-0.012934140861034393,-0.03886922933161259,0.015038914419710636,0.0,0.310712656378746,-0.00888422189746052,-0.012934140861034393
7740,19.65625,-0.005744675640016794,-0.03500729128718376,0.014320901036262513,0.0,0.3111655473709106,-0.009118688618764281,-0.005744675640016794
7750,23.34375,-0.051740385591983795,-0.039018838107585906,0.017988331615924835,0.0,0.31707329750061036,-0.016751427995041014,-0.051740385591983795
7760,19.78125,-0.015343314036726952,-0.039855658635497095,0.006634969636797905,0.0,0.3137562096118927,-0.009500733017921448,-0.015343314036726952
7770,20.40625,-0.016938064247369766,-0.03711265558376908,0.007310743723064661,0.0,0.3086105972528458,-0.015103881596587598,-0.016938064247369766
7780,15.5,-0.031850866973400116,-0.03686052411794662,0.02780032865703106,0.0,0.31311677396297455,-0.010360478330403567,-0.031850866973400116
7790,20.75,-0.024957086890935898,-0.039889511093497275,0.010954293422400951,0.0,0.3170070767402649,-0.005641352804377675,-0.024957086890935898
7800,18.84375,0.012012816034257412,-0.03840234950184822,0.006553717516362667,0.0,0.3252397119998932,-0.0030674087814986707,0.012012816034257412
7810,23.125,-0.05693311244249344,-0.04018078520894051,0.006912281084805727,0.0,0.3144760370254517,-0.006798756960779429,-0.05693311244249344
7820,20.28125,0.0024430202320218086,-0.03667024299502373,0.012682574428617954,0.0,0.31642384827136993,-0.018742016004398464,0.0024430202320218086
7830,18.875,-0.03101283125579357,-0.04142202064394951,0.011776168830692768,0.0,0.31969601213932036,-0.0076535743661224846,-0.03101283125579357
7840,19.53125,-0.0353231243789196,-0.04055209532380104,0.006651531904935837,0.0,0.3243224561214447,-0.009365790151059627,-0.0353231243789196
7850,20.15625,-0.03215666115283966,-0.03812802042812109,0.02012932151556015,0.0,0.3166592061519623,-0.01252035154029727,-0.03215666115283966
7860,18.375,-0.0022607259452342987,-0.03488745167851448,0.009284422174096108,0.0,0.3153493911027908,0.008284096932038664,-0.0022607259452342987
7870,18.21875,-0.03634773939847946,-0.04066738821566105,0.011275677196681499,0.0,0.31472185254096985,-0.013073984999209642,-0.03634773939847946
7880,22.125,-0.006180980708450079,-0.031083115190267564,0.011703244969248771,0.0,0.3260791778564453,-0.00570298726670444,-0.006180980708450079
7890,18.8125,-0.023460399359464645,-0.040692738816142084,0.010469934158027171,0.0,0.32458651065826416,0.0031946761067956687,-0.023460399359464645
7900,17.65625,-0.024275140836834908,-0.03650762811303139,0.012821562215685844,0.0,0.32438810765743253,-0.009392195614054799,-0.024275140836834908
7910,20.21875,0.007323546335101128,-0.0352417279034853,0.005897961277514696,0.0,0.32151593267917633,0.0010893580503761769,0.007323546335101128
7920,23.03125,-0.012076578103005886,-0.03869100883603096,0.00971839353442192,0.0,0.32023104429245,-0.008203255734406412,-0.012076578103005886
7930,17.40625,-0.046070389449596405,-0.03292692564427853,0.040277904272079466,0.0,0.3217474341392517,0.0007015893235802651,-0.046070389449596405
7940,20.03125,-0.011432056315243244,-0.03155452385544777,0.022567062824964523,0.0,0.32264011204242704,0.005185457365587354,-0.011432056315243244
7950,17.0625,-0.016708966344594955,-0.0396408349275589,0.015524733066558837,0.0,0.3252196252346039,0.002947434573434293,-0.016708966344594955
7960,20.34375,-0.01904027909040451,-0.040825923159718516,0.01234412007033825,0.0,0.3213222503662109,-0.015238952962681651,-0.01904027909040451
7970,22.59375,-0.013780508190393448,-0.047789734601974485,0.0038592351600527765,0.0,0.32339486181735994,0.006150742527097464,-0.013780508190393448
7980,14.65625,-0.034072183072566986,-0.041426023840904234,0.013643460720777512,0.0,0.3198868602514267,-0.005864754226058722,-0.034072183072566986
7990,20.0,-0.033192556351423264,-0.040497859567403795,0.019098755344748496,0.0,0.32191419005393984,0.00022119916975498198,-0.033192556351423264
8000,15.125,-0.03291686624288559,-0.036237713694572446,0.01634139530360699,0.0,0.31578053534030914,-0.011789510631933809,-0.03291686624288559
8010,21.0,-0.021349480375647545,-0.040580888837575914,0.008620166685432196,0.0,0.32125563621520997,-0.0021036619320511816,-0.021349480375647545
8020,18.28125,-0.03434380888938904,-0.030310409143567085,0.04148644283413887,0.0,0.3229340374469757,-0.01891879315953702,-0.03434380888938904
8030,19.96875,-0.031607486307621,-0.03101406656205654,0.02876656800508499,0.0,0.3163482338190079,-0.012303253309801221,-0.031607486307621
8040,18.4375,-0.021652942523360252,-0.03811800554394722,0.013347597420215606,0.0,0.31901919543743135,-0.014749090699478985,-0.021652942523360252
8050,17.03125,0.023786921054124832,-0.03759741187095642,0.008512347936630249,0.0,0.3165428668260574,0.0016520189121365548,0.023786921054124832
8060,16.78125,-0.024219904094934464,-0.04382490757852793,0.009535669907927513,0.0,0.31859497129917147,-0.010865785460919142,-0.024219904094934464
8070,19.875,-0.044347573071718216,-0.038877788558602334,0.00827090721577406,0.0,0.320978382229805,0.00969544011168182,-0.044347573071718216
8080,15.75,-0.00010364013724029064,-0.03153525926172733,0.025474108383059503,0.0,0.31742367446422576,-0.0019196508685126901,-0.00010364013724029064
8090,13.8125,-0.01836482062935829,-0.03466081358492375,0.019967051967978478,0.0,0.31643964946269987,-0.014639864908531308,-0.01836482062935829
8100,20.875,0.005219724494963884,-0.030873099714517592,0.008969010226428509,0.0,0.31289525628089904,0.002692527696490288,0.005219724494963884
8110,18.875,-0.016868235543370247,-0.033759357035160066,0.009111081436276435,0.0,0.322358512878418,-0.0010909181321039796,-0.016868235543370247
8120,19.53125,0.02199350669980049,-0.03696887698024511,0.013352049328386784,0.0,0.31622262895107267,-0.005363966478034854,0.02199350669980049
8130,16.5,-0.046841468662023544,-0.0372737230733037,0.014598082564771176,0.0,0.3155866861343384,-0.009083966724574566,-0.046841468662023544
8140,21.5625,-0.03681611269712448,-0.023465015552937986,0.03606635332107544,0.0,0.316467809677124,-0.00509907475207001,-0.03681611269712448
8150,20.21875,-0.013561435975134373,-0.04035903383046389,0.04489016979932785,0.0,0.31648652255535126,-0.01782238087616861,-0.013561435975134373
8160,19.875,-0.001841099699959159,-0.040787835419178006,0.015266792103648185,0.0,0.31596584618091583,-0.017093636747449636,-0.001841099699959159
8170,14.78125,-0.04487500339746475,-0.034760667756199834,0.01284086424857378,0.0,0.3166162192821503,-0.006632170500233769,-0.04487500339746475
8180,17.46875,-0.018272804096341133,-0.03887602761387825,0.016248967684805393,0.0,0.310651159286499,-0.004218888538889587,-0.018272804096341133
8190,19.34375,-0.033211592584848404,-0.030380448885262014,0.016148871555924416,0.0,0.3132962495088577,-0.016676956694573163,-0.033211592584848404
8200,20.03125,-0.019260404631495476,-0.02974412143230438,0.006787409074604511,0.0,0.31513122022151946,-0.002303983271121979,-0.019260404631495476
8210,18.34375,-0.013807700015604496,-0.03674981966614723,0.010399136692285538,0.0,0.3163960576057434,-0.010158913815394044,-0.013807700015604496
8220,16.25,-0.02199493907392025,-0.03467980045825243,0.016141480207443236,0.0,0.31563673317432406,-0.011780295008793473,-0.02199493907392025
8230,18.4375,-0.008129527792334557,-0.030807119607925416,0.01229606308043003,0.0,0.31611991226673125,0.003830243810079992,-0.008129527792334557
8240,16.6875,-0.022742483764886856,-0.04715549796819687,0.010016638971865176,0.0,0.3085115849971771,-0.018152202246710658,-0.022742483764886856
8250,16.125,-0.04175163432955742,-0.037873517349362375,0.011563383787870408,0.0,0.31085934638977053,-0.011608542362228035,-0.04175163432955742
8260,17.6875,-0.0120286475867033,-0.034643059223890306,0.019659874960780144,0.0,0.31594673693180086,-0.00488136918283999,-0.0120286475867033
8270,19.5,-0.022500399500131607,-0.04381385929882527,0.010185995325446128,0.0,0.3168946146965027,-0.015518901590257882,-0.022500399500131607
8280,17.78125,-0.03600050508975983,-0.046343110501766205,0.01760052926838398,0.0,0.3146095097064972,-0.015349844377487898,-0.03600050508975983
8290,20.25,-0.01172041054815054,-0.033506420254707334,0.01826467178761959,0.0,0.31357063055038453,-0.013909300975501537,-0.01172041054815054
8300,19.1875,-0.05664896219968796,-0.03892817851155996,0.02941618338227272,0.0,0.3154525369405746,-0.018260997254401445,-0.05664896219968796
8310,20.0625,-0.01703963428735733,-0.04402090609073639,0.009103181026875972,0.0,0.32367461621761323,-0.0041960915317758914,-0.01703963428735733
8320,18.84375,-0.023386986926198006,-0.04050188735127449,0.015702505968511103,0.0,0.31670577824115753,-0.00666026039980352,-0.023386986926198006
8330,14.40625,-0.041274361312389374,-0.03549249991774559,0.043742454051971434,0.0,0.31597319841384885,-0.014334439625963568,-0.041274361312389374
8340,15.46875,-0.022322846576571465,-0.03313952870666981,0.016478302702307702,0.0,0.3153828054666519,-0.005911275744438171,-0.022322846576571465
8350,20.65625,-0.055879779160022736,-0.05150316655635834,0.00827592182904482,0.0,0.3198089152574539,0.0009063336765393615,-0.055879779160022736
8360,19.6875,0.004342441447079182,-0.036879955977201465,0.0165606576949358,0.0,0.32148016095161436,-0.0002444003708660603,0.004342441447079182
8370,16.75,-0.011514194309711456,-0.04086963012814522,0.02345346435904503,0.0,0.312225866317749,-0.007816808065399528,-0.011514194309711456
8380,19.5625,-0.00887819193303585,-0.04228795953094959,0.010241487622261047,0.0,0.31649459302425387,-0.009352239407598972,-0.00887819193303585
8390,19.0625,-0.019537663087248802,-0.03779218234121799,0.01221874076873064,0.0,0.31700008511543276,-0.009851517272181809,-0.019537663087248802
8400,19.65625,-0.005397111177444458,-0.038842002674937245,0.018991544842720032,0.0,0.31072468161582945,-0.012353243958204984,-0.005397111177444458
8410,21.8125,-0.033393021672964096,-0.04335200674831867,0.008721897564828395,0.0,0.3106698364019394,-0.002834425074979663,-0.033393021672964096
8420,19.84375,-0.029432352632284164,-0.04084930159151554,0.01851900592446327,0.0,0.3150375097990036,-0.00869460692629218,-0.029432352632284164
8430,18.3125,-0.026178918778896332,-0.048069654032588005,0.011302921921014786,0.0,0.31178869903087614,-0.006848624208942056,-0.026178918778896332
8440,18.53125,-0.04577337205410004,-0.03851553350687027,0.009901333041489125,0.0,0.3168405771255493,-0.002526055183261633,-0.04577337205410004
8450,17.25,-0.06749158352613449,-0.035694175958633424,0.01843092106282711,0.0,0.3115877121686935,-0.017770075029693543,-0.06749158352613449
8460,19.15625,-0.006507526151835918,-0.03458828553557396,0.013431538455188274,0.0,0.3200882613658905,-0.0053992505883798,-0.006507526151835918
8470,18.625,-0.00794665515422821,-0.03960186094045639,0.007627629023045301,0.0,0.31798475086688993,-0.004556923871859908,-0.00794665515422821
8480,16.78125,-0.0048230476677417755,-0.03817868959158659,0.008079877216368913,0.0,0.3126315712928772,0.004300810070708394,-0.0048230476677417755
8490,15.5625,-0.03324340656399727,-0.03883053585886955,0.010127631947398186,0.0,0.3180997043848038,-0.0005452109966427088,-0.03324340656399727
8500,20.34375,-0.036694105714559555,-0.030844735354185103,0.03252711668610573,0.0,0.3184120088815689,-0.0097059341147542,-0.036694105714559555
8510,26.0625,-0.03575308248400688,-0.038564724288880824,0.009705916233360767,0.0,0.3166646033525467,-0.007789423852227628,-0.03575308248400688
8520,14.53125,-0.03992345184087753,-0.043323561921715735,0.014957255683839321,0.0,0.3169944941997528,-0.021895509213209152,-0.03992345184087753
8530,18.5,-0.046044640243053436,-0.03836950659751892,0.01762115750461817,0.0,0.32500435411930084,-0.010172886843793093,-0.046044640243053436
8540,22.78125,-0.014913313090801239,-0.04151923432946205,0.011943067237734795,0.0,0.32958161234855654,-0.0006923319771885872,-0.014913313090801239
8550,17.46875,-0.05685153976082802,-0.04123938716948032,0.006490909680724144,0.0,0.31950936913490297,-0.005589893367141485,-0.05685153976082802
8560,16.1875,-0.02366587147116661,-0.03603113479912281,0.018181856721639633,0.0,0.31891724467277527,-0.0065621478948742155,-0.02366587147116661
8570,20.09375,0.005992408841848373,-0.03266673088073731,0.007386515475809574,0.0,0.3203141540288925,-0.004253207519650459,0.005992408841848373
8580,22.71875,-0.015128538943827152,-0.03461187705397606,0.007400193810462951,0.0,0.32705568671226504,-0.00018039280548691748,-0.015128538943827152
8590,20.625,-0.028464950621128082,-0.04259634725749493,0.015522487834095955,0.0,0.32051053643226624,-0.007073531672358513,-0.028464950621128082
8600,20.34375,-0.013223711401224136,-0.03483634516596794,0.014062174037098885,0.0,0.3284065634012222,-0.008476196276023983,-0.013223711401224136
8610,19.59375,-0.03693937510251999,-0.039093054831027985,0.016695765405893327,0.0,0.3271744340658188,-0.009618199663236737,-0.03693937510251999
8620,14.1875,-0.035343021154403687,-0.037926727905869484,0.009954337775707246,0.0,0.31778734028339384,0.014977205428294837,-0.035343021154403687
8630,17.84375,-0.016951190307736397,-0.0436881085857749,0.009624960832297802,0.0,0.32520727515220643,0.001968937204219401,-0.016951190307736397
8640,21.5,0.006742863915860653,-0.036050223559141156,0.009441825561225414,0.0,0.32649203240871427,0.004428680357523263,0.006742863915860653
8650,22.03125,-0.005126671399921179,-0.03495602421462536,0.02132558897137642,0.0,0.3209446132183075,0.001242774585261941,-0.005126671399921179
8660,19.375,-0.028963163495063782,-0.04217967242002487,0.007918865233659745,0.0,0.32494221329689027,0.002850934467278421,-0.028963163495063782
8670,21.375,-0.0019595797639340162,-0.028901642188429832,0.007534622028470039,0.0,0.33188433945178986,-0.007467681262642145,-0.0019595797639340162
8680,20.46875,0.003820388577878475,-0.04203486032783985,0.007289482746273279,0.0,0.3232177525758743,0.009892920637503267,0.003820388577878475
8690,22.09375,-0.048341602087020874,-0.034948264434933665,0.02251325398683548,0.0,0.3252518206834793,-0.007429295894689858,-0.048341602087020874
8700,20.9375,-0.042442336678504944,-0.04070800226181746,0.013739699311554433,0.0,0.3276384800672531,0.0022841993486508727,-0.042442336678504944
8710,18.09375,0.013985494151711464,-0.03752474151551723,0.00709018912166357,0.0,0.3244388073682785,0.01112949512898922,0.013985494151711464
8720,19.3125,-0.016811659559607506,-0.03650002181529999,0.007662536948919297,0.0,0.3315126866102219,-0.00011847135610878467,-0.016811659559607506
8730,24.65625,-0.022575194016098976,-0.033027447387576105,0.022526662796735764,0.0,0.3263289272785187,-0.004780840454623103,-0.022575194016098976
8740,20.15625,-0.007926808670163155,-0.041677745059132576,0.010484275780618191,0.0,0.32789885699748994,-0.003240353940054774,-0.007926808670163155
8750,15.8125,-0.01429666392505169,-0.034671978652477266,0.03126377686858177,0.0,0.32849231362342834,4.2825471609830856e-05,-0.01429666392505169
8760,22.46875,-0.004792879801243544,-0.036236859299242495,0.015180481597781181,0.0,0.32882929742336275,0.010575299640186131,-0.004792879801243544
8770,17.28125,-0.014431195333600044,-0.036474688164889815,0.006587443873286247,0.0,0.32377876043319703,0.003717539110220969,-0.014431195333600044
8780,15.71875,-0.01636352762579918,-0.03914864435791969,0.010990786366164684,0.0,0.33248880207538606,-9.08254412934184e-05,-0.01636352762579918
8790,19.90625,0.031902190297842026,-0.04560015797615051,0.010092010907828807,0.0,0.330887770652771,0.0164126104908064,0.031902190297842026
8800,18.90625,-0.021477632224559784,-0.039901724085211754,0.0055178008042275906,0.0,0.32809221744537354,0.013186960434541106,-0.021477632224559784
8810,15.5625,-0.021389298141002655,-0.03824167512357235,0.01487886682152748,0.0,0.33045744299888613,-0.005669439304620027,-0.021389298141002655
8820,21.09375,-0.018483713269233704,-0.04369906038045883,0.005279697477817535,0.0,0.3301442891359329,0.0017352545633912086,-0.018483713269233704
8830,20.65625,-0.016047028824687004,-0.033471448346972466,0.013581593707203864,0.0,0.3273790568113327,0.003996922262012958,-0.016047028824687004
8840,23.03125,-0.01683892123401165,-0.04063927866518498,0.004394759889692068,0.0,0.33153327405452726,0.011600102996453643,-0.01683892123401165
8850,19.65625,-0.003994033671915531,-0.03218968212604523,0.011419962719082832,0.0,0.3330138772726059,0.01843011293094605,-0.003994033671915531
8860,13.25,-0.014970237389206886,-0.04268755204975605,0.006937701068818569,0.0,0.3284160763025284,0.0012877583038061857,-0.014970237389206886
8870,19.125,0.03655555844306946,-0.036784854531288144,0.008374211937189102,0.0,0.33176344335079194,0.007589606149122119,0.03655555844306946
8880,21.125,0.009231459349393845,-0.04041705206036568,0.010998561047017574,0.0,0.327413073182106,0.008806509710848332,0.009231459349393845
8890,19.53125,0.025763750076293945,-0.03892519101500511,0.007753095589578152,0.0,0.32741194367408755,-0.004601641139015555,0.025763750076293945
8900,19.6875,-0.0023518698289990425,-0.03690181411802769,0.04072808101773262,0.0,0.3306934744119644,-0.004286434664390981,-0.0023518698289990425
8910,19.53125,-0.022390803322196007,-0.033149494975805285,0.011128593236207962,0.0,0.3330955743789673,0.01966650509275496,-0.022390803322196007
8920,23.0,-0.02836974896490574,-0.040622316859662534,0.011837943457067013,0.0,0.3330731838941574,-0.01130507339257747,-0.02836974896490574
8930,17.0,0.016774224117398262,-0.043566740676760675,0.00919980052858591,0.0,0.33585027754306795,0.01478243819437921,0.016774224117398262
8940,22.4375,-0.009573234245181084,-0.04281001873314381,0.009698640368878842,0.0,0.32295113503932954,0.006246077828109264,-0.009573234245181084
8950,22.9375,-0.002036126097664237,-0.04066006168723106,0.008624005503952504,0.0,0.3309123307466507,-0.002469345182180405,-0.002036126097664237
8960,21.96875,-0.02014555037021637,-0.03611503057181835,0.014023956283926964,0.0,0.3376902163028717,-0.0010428003268316388,-0.02014555037021637
8970,19.3125,-0.03773045539855957,-0.04227815419435501,0.01585623435676098,0.0,0.331817165017128,0.0018626188626512884,-0.03773045539855957
8980,15.0625,-0.024158865213394165,-0.03815863095223904,0.006082858331501484,0.0,0.3261363357305527,-0.0039797340985387565,-0.024158865213394165
8990,21.125,-0.02070501074194908,-0.04482201710343361,0.015409574471414089,0.0,0.33236296474933624,-0.0074794073821976784,-0.02070501074194908
9000,23.03125,-0.028854675590991974,-0.04504752196371555,0.013327745348215103,0.0,0.33820748031139375,0.004840622656047344,-0.028854675590991974
9010,20.0,0.016081226989626884,-0.041371993348002435,0.00488886320963502,0.0,0.3365450769662857,0.013363728718832135,0.016081226989626884
9020,17.96875,0.009249354712665081,-0.047575756907463074,0.010361742600798607,0.0,0.33661618530750276,0.006987301632761955,0.009249354712665081
9030,21.0625,-0.005549149122089148,-0.039996537007391454,0.012084513157606124,0.0,0.34500438868999483,0.008658298081718386,-0.005549149122089148
9040,21.46875,-0.013153040781617165,-0.03621452674269676,0.01847165487706661,0.0,0.33587855100631714,-0.00504401046782732,-0.013153040781617165
9050,19.40625,-0.03176911547780037,-0.04415134750306606,0.005543749406933784,0.0,0.3374745845794678,0.004249739041551947,-0.03176911547780037
9060,18.40625,-0.02655668556690216,-0.028837674856185914,0.010335586033761501,0.0,0.33614077866077424,-0.0055416028015315534,-0.02655668556690216
9070,20.40625,0.002973425667732954,-0.044852595403790475,0.007172254379838705,0.0,0.34217189252376556,0.008989341370761395,0.002973425667732954
9080,15.5625,-0.027192335575819016,-0.04361973851919174,0.010035130381584167,0.0,0.33360269069671633,-0.007030383264645934,-0.027192335575819016
9090,15.40625,-0.06561688333749771,-0.037912268191576004,0.020514804869890213,0.0,0.33324411511421204,-0.012351540708914399,-0.06561688333749771
9100,21.375,-0.005426702089607716,-0.032888726145029065,0.008519899100065231,0.0,0.33416729867458345,0.0003101395908743143,-0.005426702089607716
9110,21.21875,-0.05510051175951958,-0.036744404956698416,0.006847833935171366,0.0,0.33492420613765717,0.007538649579510092,-0.05510051175951958
9120,22.15625,0.005884161684662104,-0.03887633178383112,0.00907309427857399,0.0,0.3373421490192413,0.006847961060702801,0.005884161684662104
9130,20.15625,-0.01981959119439125,-0.043498698621988297,0.014533588662743568,0.0,0.3433690518140793,-0.006429497431963682,-0.01981959119439125
9140,22.15625,-0.027057992294430733,-0.03726280815899372,0.02558526545763016,0.0,0.3418123245239258,-0.007011206285096705,-0.027057992294430733
9150,21.71875,-0.002041767816990614,-0.03254767972975969,0.019209329411387442,0.0,0.3347987443208694,0.0002967671491205692,-0.002041767816990614
9160,15.15625,-0.010239677503705025,-0.03549639210104942,0.005866494122892618,0.0,0.33561834394931794,0.010273273382335902,-0.010239677503705025
9170,18.6875,-0.00851008016616106,-0.03261646404862404,0.02191181927919388,0.0,0.33247494101524355,0.0009025348117575049,-0.00851008016616106
9180,19.6875,-0.030972450971603394,-0.044926725886762144,0.015457701869308949,0.0,0.33021045923233033,0.024659565230831505,-0.030972450971603394
9190,19.1875,-0.020660314708948135,-0.036991676688194274,0.006629907712340355,0.0,0.32484443485736847,0.014301193947903811,-0.020660314708948135
9200,22.46875,0.005053255241364241,-0.043212487176060674,0.009081641584634781,0.0,0.32892401814460753,0.0002746025566011667,0.005053255241364241
9210,25.78125,0.005546281114220619,-0.03871373236179352,0.010327117145061493,0.0,0.32734844982624056,0.0020692099118605257,0.005546281114220619
9220,16.125,-0.05951977148652077,-0.03315282203257084,0.009953323192894459,0.0,0.3245869964361191,-0.0059602241264656184,-0.05951977148652077
9230,20.5625,0.02005574107170105,-0.04146770536899567,0.010160803608596326,0.0,0.3309459835290909,0.01567925135605037,0.02005574107170105
9240,18.34375,-0.010767110623419285,-0.039977503940463066,0.009695403277873993,0.0,0.33488034904003144,-7.487758994102478e-05,-0.010767110623419285
9250,17.9375,0.02150389924645424,-0.03240085318684578,0.02848690077662468,0.0,0.3274837851524353,-0.0025737876538187267,0.02150389924645424
9260,17.75,-0.014347277581691742,-0.04702638760209084,0.015589488856494426,0.0,0.3304343670606613,0.007946618972346187,-0.014347277581691742
9270,20.875,-0.0034220125526189804,-0.03729907888919115,0.014354954473674297,0.0,0.3297420024871826,0.010674653644673526,-0.0034220125526189804
9280,15.5,-0.027071800082921982,-0.03617631979286671,0.01858919598162174,0.0,0.33223621249198915,0.002246035821735859,-0.027071800082921982
9290,20.21875,-0.005300955846905708,-0.03524379134178161,0.01473003886640072,0.0,0.3325407803058624,0.004026865633204579,-0.005300955846905708
9300,18.3125,0.0249641090631485,-0.04534257426857948,0.004974569380283356,0.0,0.334933865070343,0.028367350297048687,0.0249641090631485
9310,20.1875,-0.003576748538762331,-0.03897748664021492,0.01072005219757557,0.0,0.33712296187877655,0.01871998147107661,-0.003576748538762331
9320,20.03125,-0.04136142507195473,-0.04236766211688518,0.028398874402046203,0.0,0.3382086783647537,0.0019818374421447515,-0.04136142507195473
9330,21.15625,-0.03811725601553917,-0.039126531779766084,0.009088994935154915,0.0,0.33460024297237395,-0.001559817139059305,-0.03811725601553917
9340,19.34375,0.0052217766642570496,-0.043666054308414456,0.006129887234419584,0.0,0.34325489699840545,0.016490664170123636,0.0052217766642570496
9350,19.1875,0.03814999386668205,-0.02686518095433712,0.010298279486596585,0.0,0.33791408538818357,0.022671637078747153,0.03814999386668205
9360,20.59375,0.02907641977071762,-0.040970487706363204,0.005338822863996029,0.0,0.3346352607011795,0.02237734803929925,0.02907641977071762
9370,24.09375,-0.0271234642714262,-0.046786217391490935,0.008645161334425212,0.0,0.3421950817108154,0.002762538520619273,-0.0271234642714262
9380,25.375,0.0254509299993515,-0.0392578300088644,0.004725163523107767,0.0,0.3422080099582672,0.006026487518101931,0.0254509299993515
9390,22.4375,-0.01917959935963154,-0.034839502070099115,0.03094000183045864,0.0,0.3432984620332718,0.002720526605844498,-0.01917959935963154
9400,20.0,0.0005877967923879623,-0.03953195586800575,0.007177592441439629,0.0,0.34490562677383424,0.010043531795963645,0.0005877967923879623
9410,17.15625,0.020929960533976555,-0.033836744539439675,0.028535637259483337,0.0,0.3405383825302124,0.01639234945178032,0.020929960533976555
9420,20.28125,-0.04000135511159897,-0.041854606568813325,0.008026404678821564,0.0,0.34238544702529905,0.017195539129897953,-0.04000135511159897
9430,18.0,0.009237338788807392,-0.0302130576223135,0.023837827891111375,0.0,0.33959414064884186,0.019509781873784958,0.009237338788807392
9440,19.09375,0.016063984483480453,-0.04276557192206383,0.008442154061049223,0.0,0.3445484787225723,0.010699533228762447,0.016063984483480453
9450,22.1875,0.003833746537566185,-0.041620294004678725,0.019323020055890084,0.0,0.35161500573158266,0.01704017948359251,0.003833746537566185
9460,20.3125,-0.021041929721832275,-0.04043758362531662,0.011212451942265033,0.0,0.3448315918445587,-0.001633841567672789,-0.021041929721832275
9470,21.65625,0.02183372527360916,-0.042881183326244354,0.009850161708891391,0.0,0.3587780684232712,0.013274633302353322,0.02183372527360916
9480,19.90625,-0.02567472495138645,-0.04464774616062641,0.016058101132512093,0.0,0.34602582454681396,0.02532788962125778,-0.02567472495138645
9490,16.5,-0.02925637736916542,-0.03852069675922394,0.005368180386722088,0.0,0.345099601149559,0.03781455866992474,-0.02925637736916542
9500,19.8125,0.03545144572854042,-0.030138547345995904,0.03204058557748794,0.0,0.350576114654541,0.021636972762644292,0.03545144572854042
9510,18.9375,0.0024566606152802706,-0.04372232556343079,0.0065003160387277605,0.0,0.3417194962501526,0.01362681002356112,0.0024566606152802706
9520,22.5,0.0011637574061751366,-0.0388434499502182,0.012476037815213203,0.0,0.3476182609796524,0.012173411855474114,0.0011637574061751366
9530,21.375,0.004338322207331657,-0.04446500837802887,0.007280329335480928,0.0,0.35232499837875364,0.029410264734178782,0.004338322207331657
9540,22.34375,0.007211999036371708,-0.029713501781225206,0.03217526897788048,0.0,0.34543628096580503,0.011913509480655194,0.007211999036371708
9550,16.3125,-0.00553001556545496,-0.044525360129773615,0.0066753699444234375,0.0,0.34600962698459625,0.011650277115404607,-0.00553001556545496
9560,20.65625,0.003034079447388649,-0.03582682907581329,0.006060101557523012,0.0,0.35027146637439727,0.01980934590101242,0.003034079447388649
9570,21.46875,-0.02597719430923462,-0.04483151286840439,0.008495399728417397,0.0,0.3459317088127136,0.01565206255763769,-0.02597719430923462
9580,21.9375,-0.012264168821275234,-0.0392181109637022,0.02107749804854393,0.0,0.3551554620265961,0.023748625069856644,-0.012264168821275234
9590,21.5,0.008930819109082222,-0.03609834387898445,0.007069746777415275,0.0,0.3480088621377945,0.014543848438188433,0.008930819109082222
9600,21.9375,0.0033419232349842787,-0.04268879443407059,0.006068434845656156,0.0,0.35919255018234253,0.023127515520900487,0.0033419232349842787
9610,22.0,0.02340310998260975,-0.0408668652176857,0.007075629942119121,0.0,0.3481900006532669,0.015672116028144955,0.02340310998260975
9620,20.3125,0.0067125181667506695,-0.03498245850205421,0.009361972287297248,0.0,0.35729380548000333,0.004389924602583051,0.0067125181667506695
9630,23.96875,-0.02270127646625042,-0.036603864282369614,0.005237400345504284,0.0,0.36284723281860354,0.023712643096223472,-0.02270127646625042
9640,20.78125,0.05511856451630592,-0.04792041406035423,0.006797757279127836,0.0,0.35743839144706724,0.01795913395471871,0.05511856451630592
9650,19.8125,0.04200803488492966,-0.025247325748205186,0.021113551408052444,0.0,0.3599510192871094,0.03407235834747553,0.04200803488492966
9660,20.03125,0.017726266756653786,-0.04302080869674683,0.00867669451981783,0.0,0.35208687782287595,0.023022642359137535,0.017726266756653786
9670,17.90625,0.019715983420610428,-0.04359015077352524,0.009217867441475392,0.0,0.3537690341472626,0.019530066289007664,0.019715983420610428
9680,23.4375,0.013439517468214035,-0.04725893624126911,0.00817898204550147,0.0,0.3514396399259567,0.024051775876432657,0.013439517468214035
9690,17.46875,-3.955897409468889e-05,-0.04146315455436707,0.014355646818876267,0.0,0.3583357214927673,0.019778038933873178,-3.955897409468889e-05
9700,21.0,-0.019786328077316284,-0.04053226783871651,0.016628920473158358,0.0,0.35130335092544557,0.01688001472502947,-0.019786328077316284
9710,23.0,0.02929883636534214,-0.033507661893963814,0.006336991023272276,0.0,0.359599831700325,0.026462158747017385,0.02929883636534214
9720,19.65625,-0.008926565758883953,-0.02964090947061777,0.025701510533690453,0.0,0.35353749096393583,0.02463038437999785,-0.008926565758883953
9730,19.65625,0.011547808535397053,-0.040770259127020834,0.008042950369417667,0.0,0.3595889776945114,0.032508224807679655,0.011547808535397053
9740,18.5625,0.009327851235866547,-0.04038456939160824,0.010529350303113461,0.0,0.3542627364397049,0.030383088253438474,0.009327851235866547
9750,16.0625,0.015576072968542576,-0.0413904219865799,0.008822121098637581,0.0,0.3601198047399521,0.024050446413457393,0.015576072968542576
9760,21.9375,0.0016980224754661322,-0.0337809182703495,0.026510804519057275,0.0,0.35853939056396483,0.026217709691263736,0.0016980224754661322
9770,23.875,-0.022991200909018517,-0.021609718352556227,0.03618839383125305,0.0,0.35881308019161223,0.010221128584817052,-0.022991200909018517
9780,17.125,0.01357878465205431,-0.03036031797528267,0.03353644907474518,0.0,0.35845131874084474,0.015083957323804497,0.01357878465205431
9790,17.625,0.018805846571922302,-0.037188411504030225,0.00828353650867939,0.0,0.3643754690885544,0.025477794650942086,0.018805846571922302
9800,17.75,-0.00687207467854023,-0.03144395910203457,0.01787622384727001,0.0,0.35585694313049315,0.03688981989398599,-0.00687207467854023
9810,16.71875,0.008484536781907082,-0.044712192565202716,0.006297594774514437,0.0,0.3589050889015198,0.01814880045130849,0.008484536781907082
9820,19.28125,0.0015321215614676476,-0.02952822092920542,0.014426629059016705,0.0,0.36436253488063813,0.03297304329462349,0.0015321215614676476
9830,19.0625,0.020614799112081528,-0.049572413042187694,0.005124582350254059,0.0,0.3495792806148529,0.030499450000934302,0.020614799112081528
9840,21.65625,0.02399670146405697,-0.04158730730414391,0.007401431072503328,0.0,0.36099101305007936,0.024636193877086043,0.02399670146405697
9850,18.46875,-0.0030604021158069372,-0.0466888140887022,0.01094643622636795,0.0,0.3568445175886154,0.02347067652735859,-0.0030604021158069372
9860,22.21875,0.005433755926787853,-0.04094000943005085,0.007932244520634412,0.0,0.34917101860046384,0.015842724521644414,0.005433755926787853
9870,19.9375,-0.007789665833115578,-0.03873718027025461,0.034831590950489044,0.0,0.3552020609378815,0.013577831350266934,-0.007789665833115578
9880,14.5,0.010000196285545826,-0.04406200386583805,0.0060304488055408,0.0,0.35816656053066254,0.03003328072372824,0.010000196285545826
9890,18.28125,0.04090004414319992,-0.042237239331007,0.010528424754738808,0.0,0.3542171001434326,0.01694950140081346,0.04090004414319992
9900,18.40625,-0.023647548630833626,-0.04507454298436642,0.005029739905148744,0.0,0.3600836396217346,0.01968438336625695,-0.023647548630833626
9910,21.375,0.0336492657661438,-0.03251906372606754,0.021816160529851913,0.0,0.3562612056732178,0.027651723846793173,0.0336492657661438
9920,16.5625,-0.0114411236718297,-0.042173491418361665,0.007108063809573651,0.0,0.35920049250125885,0.039227194897830484,-0.0114411236718297
9930,19.65625,0.02313406579196453,-0.03848992735147476,0.006174468155950308,0.0,0.35287597477436067,0.015267458511516452,0.02313406579196453
9940,23.0,-0.025354284793138504,-0.037055200338363646,0.011547084897756577,0.0,0.36339845657348635,0.020986106432974338,-0.025354284793138504
9950,23.0,0.02823125198483467,-0.04572112271562219,0.005549387913197279,0.0,0.355306351184845,0.023093944787979125,0.02823125198483467
9960,19.34375,-0.013899483717978,-0.041986866667866704,0.006352249067276716,0.0,0.3587394505739212,0.02544547342695296,-0.013899483717978
9970,21.78125,0.01885969564318657,-0.03214023970067501,0.007883717026561498,0.0,0.36432014107704164,0.030507698748260738,0.01885969564318657
9980,21.65625,0.0011420466471463442,-0.03042108677327633,0.05474428907036781,0.0,0.3663384228944778,0.021893939073197543,0.0011420466471463442
9990,18.65625,0.023768078535795212,-0.035845575481653215,0.01860358491539955,0.0,0.3577984541654587,0.033010434522293505,0.023768078535795212
10000,22.96875,0.02409008890390396,-0.046294577233493325,0.005190260987728834,0.0,0.3558521240949631,0.029127494082786143,0.02409008890390396
10010,17.75,-0.015932386741042137,-0.042372091114521025,0.00731620779260993,0.0,0.35753331482410433,0.03806982738897204,-0.015932386741042137
10020,18.0,0.0008494931971654296,-0.04303002431988716,0.008626849390566349,0.0,0.35427865386009216,0.01843937560915947,0.0008494931971654296
10030,20.3125,0.06394405663013458,-0.04331924542784691,0.014805887080729007,0.0,0.36423241794109346,0.030023155733942986,0.06394405663013458
10040,18.0625,0.008355321362614632,-0.03723036274313927,0.02207402028143406,0.0,0.3603525280952454,0.035246981657110155,0.008355321362614632
10050,24.125,-0.03795874863862991,-0.04224037602543831,0.013751829601824283,0.0,0.36215087175369265,0.029540357273072006,-0.03795874863862991
10060,16.75,0.027856964617967606,-0.03511180654168129,0.030738073959946634,0.0,0.36114350855350497,0.02952936626970768,0.027856964617967606
10070,21.125,0.02446185238659382,-0.030075505562126636,0.017124727740883826,0.0,0.3515530496835709,0.03569413064979017,0.02446185238659382
10080,18.25,0.014376187697052956,-0.04287969134747982,0.03978837728500366,0.0,0.36026755571365354,0.025847616931423546,0.014376187697052956
10090,23.5,0.014424538239836693,-0.03830729927867651,0.007579087931662798,0.0,0.36332752406597135,0.027870980137959123,0.014424538239836693
10100,23.9375,0.01673661731183529,-0.045627332851290704,0.012738831527531146,0.0,0.36506858468055725,0.027070784382522105,0.01673661731183529
10110,17.9375,0.004296930506825447,-0.03928734324872494,0.04238635003566742,0.0,0.3613538771867752,0.0152118647005409,0.004296930506825447
10120,33.125,0.007418630179017782,-0.03885365277528763,0.06454287469387054,0.0,0.366876083612442,0.033410003501921894,0.007418630179017782
10130,21.375,0.00034582987427711487,-0.033518315851688386,0.02386328801512718,0.0,0.3651588439941406,0.021036399994045496,0.00034582987427711487
10140,17.6875,-0.0055391015484929085,-0.04385381191968918,0.025982793793082236,0.0,0.36703252494335176,0.028751659905537963,-0.0055391015484929085
10150,18.9375,0.023802699521183968,-0.0380648672580719,0.019203785806894302,0.0,0.3627846479415894,0.01311780244577676,0.023802699521183968
10160,24.8125,0.016597598791122437,-0.046014954894781114,0.010582044348120689,0.0,0.36072699427604676,0.03869997151196003,0.016597598791122437
10170,20.4375,0.04054791480302811,-0.046696745604276654,0.008920407854020596,0.0,0.363038694858551,0.02402189951390028,0.04054791480302811
10180,23.5625,0.013804002664983273,-0.044574912264943124,0.022753960639238357,0.0,0.3634563714265823,0.029931742837652563,0.013804002664983273
10190,19.25,-0.006876236759126186,-0.04683405123651028,0.01709794420748949,0.0,0.3607744246721268,0.03131554452702403,-0.006876236759126186
10200,23.0625,0.011818256229162216,-0.031493908166885375,0.0311246894299984,0.0,0.36028151512145995,0.036878249049186705,0.011818256229162216
10210,21.4375,0.027045611292123795,-0.04229534342885018,0.01289286743849516,0.0,0.36387014091014863,0.02749612706247717,0.027045611292123795
10220,19.5,-0.00950472429394722,-0.037406770139932634,0.021248073130846024,0.0,0.35906567573547366,0.017184802424162628,-0.00950472429394722
10230,21.875,0.053294260054826736,-0.04503382183611393,0.009976942464709282,0.0,0.3610343784093857,0.030071984394453466,0.053294260054826736
10240,17.25,-0.028539758175611496,-0.04507036413997412,0.02689616158604622,0.0,0.3676822245121002,0.025799403432756662,-0.028539758175611496
10250,22.0,-0.02878952957689762,-0.04224702753126621,0.01172793172299862,0.0,0.367597696185112,0.02689205757342279,-0.02878952957689762
10260,15.375,0.01997937448322773,-0.039033162593841556,0.018997248075902463,0.0,0.36343526244163515,0.03532297369092703,0.01997937448322773
10270,22.125,-0.0035176915116608143,-0.03593851923942566,0.011328130215406417,0.0,0.3623934268951416,0.02971491771750152,-0.0035176915116608143
10280,22.4375,0.00803034845739603,-0.036648178845643996,0.008446012251079082,0.0,0.3627240151166916,0.020680131763219832,0.00803034845739603
10290,23.3125,0.0014528855681419373,-0.029578030109405518,0.04302899613976478,0.0,0.36025374233722685,0.012364963814616204,0.0014528855681419373
10300,17.9375,0.028695212677121162,-0.03696781061589718,0.01743041891604662,0.0,0.36451980769634246,0.029437721846625207,0.028695212677121162
10310,27.3125,0.03477016091346741,-0.04412854947149754,0.02010958269238472,0.0,0.36827725172042847,0.02777086040005088,0.03477016091346741
10320,21.4375,0.04063527658581734,-0.04716761000454426,0.009086331166327,0.0,0.3692974388599396,0.024742122553288937,0.04063527658581734
10330,22.875,0.019829992204904556,-0.04175167344510555,0.010737177915871143,0.0,0.36871806979179383,0.03515395428985357,0.019829992204904556
10340,22.375,0.05029885098338127,-0.048536486178636554,0.010047110728919506,0.0,0.3690176248550415,0.030943369725719094,0.05029885098338127
10350,18.875,0.01856347918510437,-0.03995017409324646,0.04605868458747864,0.0,0.36634246408939364,0.03316877437755465,0.01856347918510437
10360,25.9375,0.055966734886169434,-0.04312937222421169,0.017636702954769136,0.0,0.36367653906345365,0.04511477281339467,0.055966734886169434
10370,23.6875,0.014065677300095558,-0.041933249309659006,0.015164961479604245,0.0,0.3684257209300995,0.01834968160837889,0.014065677300095558
10380,16.5625,0.015245039016008377,-0.043442579358816145,0.02183179259300232,0.0,0.36169064939022066,0.040854101465083656,0.015245039016008377
10390,19.75,0.02619524672627449,-0.033595654740929605,0.013531807996332645,0.0,0.36882014870643615,0.030389142502099276,0.02619524672627449
10400,25.375,0.053332503885030746,-0.04389035478234291,0.01338681261986494,0.0,0.36928377449512484,0.03653909051790834,0.053332503885030746
10410,13.875,-0.0035765934735536575,-0.039189959317445754,0.008813467435538768,0.0,0.369263756275177,0.0374972015619278,-0.0035765934735536575
10420,20.25,0.01631881296634674,-0.04226217903196812,0.005094636231660843,0.0,0.3696812391281128,0.03413150454871357,0.01631881296634674
10430,22.0625,0.02542564831674099,-0.04417365156114102,0.0075280977413058284,0.0,0.37494008541107177,0.03128270367160439,0.02542564831674099
10440,13.6875,0.00595328863710165,-0.04710050038993359,0.021136002615094185,0.0,0.37057708501815795,0.04225308387540281,0.00595328863710165
10450,21.1875,0.002830490469932556,-0.040174842439591886,0.02616615518927574,0.0,0.3723799139261246,0.02847050903365016,0.002830490469932556
10460,26.25,0.002281220629811287,-0.050433100387454036,0.01961802951991558,0.0,0.3719686150550842,0.030578598193824292,0.002281220629811287
10470,32.6875,0.01656896248459816,-0.03857564255595207,0.014311718568205834,0.0,0.3733410507440567,0.0344610889442265,0.01656896248459816
10480,14.625,-0.021628446877002716,-0.04443712923675776,0.01026097945868969,0.0,0.3686441868543625,0.014581486186943948,-0.021628446877002716
10490,26.0625,0.03579004853963852,-0.03742754869163036,0.015638933703303336,0.0,0.3777842015028,0.031406691088341175,0.03579004853963852
10500,25.125,0.07487346231937408,-0.03677576761692762,0.027792833372950555,0.0,0.3801206827163696,0.05155647983774543,0.07487346231937408
10510,19.6875,0.04055839776992798,-0.0447632759809494,0.01766395792365074,0.0,0.3695241242647171,0.033945669000968334,0.04055839776992798
10520,23.1875,0.0015402748249471188,-0.043409295938909055,0.015371965616941452,0.0,0.37497131824493407,0.03732835510745645,0.0015402748249471188
10530,21.5625,0.014826871454715729,-0.03796430341899395,0.011153431609272957,0.0,0.3766153365373611,0.027805582294240593,0.014826871454715729
10540,17.25,0.0448639802634716,-0.03674035221338272,0.012080695293843747,0.0,0.37438276410102844,0.030956806521862744,0.0448639802634716
10550,17.625,-0.0002304408699274063,-0.05839973390102386,0.009906788542866706,0.0,0.37164168059825897,0.04244595766067505,-0.0002304408699274063
10560,20.6875,0.05923184007406235,-0.035904423147439954,0.00995839387178421,0.0,0.3751393884420395,0.0418746342882514,0.05923184007406235
10570,26.375,0.03968128561973572,-0.04483656138181687,0.005376195814460516,0.0,0.3857851803302765,0.03589272107928991,0.03968128561973572
10580,16.3125,-0.0068601155653595924,-0.0386101245880127,0.01719322130084038,0.0,0.3698114514350891,0.02995331073179841,-0.0068601155653595924
10590,20.25,0.028088845312595367,-0.04575144881382585,0.009756116196513176,0.0,0.3734476625919342,0.048995254933834075,0.028088845312595367
10600,27.375,0.049040935933589935,-0.03605410028249025,0.01911461316049099,0.0,0.38132976591587064,0.05247266609221697,0.049040935933589935
10610,25.25,0.04527304321527481,-0.044584406074136496,0.013133856654167175,0.0,0.3809811919927597,0.03498405450955033,0.04527304321527481
10620,23.1875,0.03359362483024597,-0.0397465854883194,0.01272224672138691,0.0,0.3821886986494064,0.03521802183240652,0.03359362483024597
10630,19.875,0.05291124805808067,-0.0427046149969101,0.010468542389571667,0.0,0.3811339110136032,0.04253922577481717,0.05291124805808067
10640,25.3125,0.04555680602788925,-0.03640363253653049,0.009178005531430245,0.0,0.37987434267997744,0.03616074596066028,0.04555680602788925
10650,22.25,0.0037138154730200768,-0.048429567366838455,0.01349194347858429,0.0,0.3843877613544464,0.035047261696308854,0.0037138154730200768
10660,26.5625,0.04779103398323059,-0.026266323029994966,0.03282010406255722,0.0,0.3825824439525604,0.044761654920876026,0.04779103398323059
10670,25.9375,0.034200556576251984,-0.036718937754631045,0.007196849118918181,0.0,0.38132005035877226,0.04615698638372123,0.034200556576251984
10680,19.0,0.03027665801346302,-0.02914402335882187,0.02605168931186199,0.0,0.3805497020483017,0.07149872854351998,0.03027665801346302
10690,18.5625,0.05222325772047043,-0.044751062989234924,0.009209684655070305,0.0,0.3698406875133514,0.03731433805078268,0.05222325772047043
10700,21.0625,0.06913144141435623,-0.04381897300481796,0.006271274387836456,0.0,0.3778068870306015,0.046824592351913455,0.06913144141435623
10710,25.3125,0.03360605612397194,-0.029280290007591248,0.06195085197687149,0.0,0.3709923803806305,0.037041328637860714,0.03360605612397194
10720,23.125,0.010762391611933708,-0.03521332070231438,0.018389718607068062,0.0,0.3681150794029236,0.02805528985336423,0.010762391611933708
10730,22.3125,0.007931599393486977,-0.03692881762981415,0.01313607431948185,0.0,0.3641355633735657,0.02366414568386972,0.007931599393486977
10740,26.625,0.04021407663822174,-0.03173974454402924,0.0235365629196167,0.0,0.372591495513916,0.035348509158939126,0.04021407663822174
10750,22.1875,0.013388378545641899,-0.04933199845254421,0.012406381405889988,0.0,0.3747351229190826,0.029014819487929343,0.013388378545641899
10760,17.4375,0.022888924926519394,-0.03556276150047779,0.01676694191992283,0.0,0.36876716315746305,0.023482327442616226,0.022888924926519394
10770,17.5,0.0044791800901293755,-0.04626987650990486,0.015817624889314173,0.0,0.37298572063446045,0.037889534048736094,0.0044791800901293755
10780,19.8125,0.06728547811508179,-0.04316471721976996,0.015172707103192806,0.0,0.3836927652359009,0.0487248657271266,0.06728547811508179
10790,23.75,0.03316295146942139,-0.038541699200868605,0.02250727079808712,0.0,0.3804343849420547,0.043928788229823115,0.03316295146942139
10800,20.25,0.0034345006570219994,-0.04788391143083572,0.01961345300078392,0.0,0.384984490275383,0.031481788214296105,0.0034345006570219994
10810,24.75,0.009637911804020405,-0.037971732765436174,0.03644819185137749,0.0,0.37785281240940094,0.04558619158342481,0.009637911804020405
10820,20.0,0.06448370218276978,-0.04108507186174393,0.021203980967402457,0.0,0.38765449821949005,0.05007027182728052,0.06448370218276978
10830,21.6875,0.04714829474687576,-0.04270516708493233,0.011766773089766503,0.0,0.3771830350160599,0.051403443701565264,0.04714829474687576
10840,16.625,0.009490111842751503,-0.039874615147709846,0.03243138194084168,0.0,0.37579505145549774,0.04165793156716972,0.009490111842751503
10850,20.8125,-0.006692378781735897,-0.037032388523221015,0.0736790120601654,0.0,0.3730691969394684,0.033288484811782836,-0.006692378781735897
10860,18.625,0.06777461618185043,-0.03402484655380249,0.04927212372422218,0.0,0.37635262608528136,0.03481190893799067,0.06777461618185043
10870,25.75,0.06618809700012207,-0.04964059591293335,0.02515648156404495,0.0,0.3819518208503723,0.025621284544467927,0.06618809700012207
10880,20.625,0.04328545555472374,-0.03269922211766243,0.07436884343624114,0.0,0.3721620500087738,0.033639458427205685,0.04328545555472374
10890,21.9375,0.007935037836432457,-0.04425414688885212,0.00946162510663271,0.0,0.37620550096035005,0.04280201308429241,0.007935037836432457
10900,24.5,0.04169715568423271,-0.0407525260001421,0.051263561099767686,0.0,0.37151619493961335,0.0473077617585659,0.04169715568423271
10910,17.6875,0.039146676659584045,-0.03864078558981419,0.038316086679697034,0.0,0.3737111061811447,0.02707353588193655,0.039146676659584045
10920,22.0,0.04724873974919319,-0.0430071510374546,0.07283718883991241,0.0,0.3779070466756821,0.03141997354105115,0.04724873974919319
10930,17.0,0.029820304363965988,-0.039037099853157994,0.032470939308404924,0.0,0.37659746706485747,0.03830109620466828,0.029820304363965988
10940,24.0,0.026369160041213036,-0.029043359309434892,0.07318590879440308,0.0,0.3791162371635437,0.03808451034128666,0.026369160041213036
10950,18.875,-0.00581660121679306,-0.0454848188906908,0.01669948920607567,0.0,0.3816436558961868,0.029102020477876068,-0.00581660121679306
10960,25.375,0.038479387760162354,-0.03859815150499344,0.01297376472502947,0.0,0.37136782705783844,0.049068213813006877,0.038479387760162354
10970,18.625,0.043283987790346146,-0.04011281859129667,0.00760820358991623,0.0,0.3723816692829132,0.03561336384154856,0.043283987790346146
10980,18.9375,0.041076112538576126,-0.04214879907667637,0.00802840469405055,0.0,0.3737375050783157,0.046765164099633695,0.041076112538576126
10990,20.75,0.0030082352459430695,-0.04123464412987232,0.02176262401044369,0.0,0.3721862256526947,0.032303927838802336,0.0030082352459430695
11000,21.125,0.02851051278412342,-0.027784136496484278,0.03581628128886223,0.0,0.3728198766708374,0.04082682020962238,0.02851051278412342
11010,22.625,0.014922763220965862,-0.04005890004336834,0.01647869348526001,0.0,0.3694834589958191,0.02887402893975377,0.014922763220965862
11020,19.1875,0.009603267535567284,-0.03802011460065842,0.04499769508838654,0.0,0.3784249693155289,0.03972514420747757,0.009603267535567284
11030,23.0625,0.06859054416418076,-0.032990248687565324,0.06343446373939514,0.0,0.37009684145450594,0.04003519546240568,0.06859054416418076
11040,22.0,0.05028120428323746,-0.0464631088078022,0.013316660188138485,0.0,0.3725455582141876,0.040271293744444846,0.05028120428323746
11050,24.375,0.020322555676102638,-0.03259184826165438,0.023303130641579628,0.0,0.3725434899330139,0.033017154317349195,0.020322555676102638
11060,22.6875,0.018798740580677986,-0.04979482628405094,0.012241997197270394,0.0,0.374293452501297,0.019351523579098286,0.018798740580677986
11070,16.25,-0.010775762610137463,-0.04489512145519257,0.047142592072486875,0.0,0.3695370554924011,0.03571421271190047,-0.010775762610137463
11080,22.4375,0.025568082928657532,-0.037223367393016814,0.0111327413469553,0.0,0.37630198895931244,0.03883000994101167,0.025568082928657532
11090,19.1875,0.03363853693008423,-0.03582135457545519,0.026584412902593613,0.0,0.37489459216594695,0.03382049566134811,0.03363853693008423
11100,21.4375,0.033340465277433395,-0.030206896737217902,0.04408484920859337,0.0,0.3687842160463333,0.038021655101329085,0.033340465277433395
11110,22.5625,0.05731973797082901,-0.029758217558264733,0.03022308386862278,0.0,0.37529062032699584,0.024705267697572707,0.05731973797082901
11120,15.375,-0.026015957817435265,-0.04340929538011551,0.035344938188791274,0.0,0.36710753440856936,0.01251723759341985,-0.026015957817435265
11130,22.0,0.04221009835600853,-0.03988463059067726,0.01870979480445385,0.0,0.3693971484899521,0.03449410106986761,0.04221009835600853
11140,20.9375,0.010102765634655952,-0.04591341558843851,0.017445094883441925,0.0,0.3741433352231979,0.03305107513442636,0.010102765634655952
11150,18.5625,0.00855521485209465,-0.03820243552327156,0.06896824538707733,0.0,0.37008833289146426,0.023016478633508086,0.00855521485209465
11160,20.4375,0.012711482122540474,-0.03173506781458855,0.020459095016121864,0.0,0.3735860615968704,0.03661574237048626,0.012711482122540474
11170,26.125,0.007618793286383152,-0.04295154735445976,0.010246556811034679,0.0,0.37435083985328677,0.04102247636765242,0.007618793286383152
11180,22.875,0.04293103143572807,-0.03772256709635258,0.04316045194864273,0.0,0.37361512780189515,0.04909216202795506,0.04293103143572807
11190,18.125,0.028309356421232224,-0.03480025418102741,0.041869620233774184,0.0,0.3668175995349884,0.03256836710497737,0.028309356421232224
11200,25.125,0.0197434239089489,-0.03630713149905205,0.08725567907094955,0.0,0.36987786293029784,0.034537781961262226,0.0197434239089489
11210,21.0625,0.03487047180533409,-0.034772709384560584,0.07430192679166794,0.0,0.37247494161128997,0.02626694366335869,0.03487047180533409
11220,18.125,0.03145469352602959,-0.03807598501443863,0.02677793465554714,0.0,0.3784877747297287,0.04103952189907432,0.03145469352602959
11230,22.625,0.046667568385601044,-0.042349937558174136,0.017046503722667694,0.0,0.3770416110754013,0.03269144296646118,0.046667568385601044
11240,23.375,0.03191971778869629,-0.03978443592786789,0.052642880380153655,0.0,0.3759420305490494,0.02278049667365849,0.03191971778869629
11250,19.6875,0.017275461927056313,-0.04735218361020088,0.015501577407121658,0.0,0.36980883181095126,0.027322704531252386,0.017275461927056313
11260,26.0625,0.0466068759560585,-0.037178415432572366,0.030173004418611527,0.0,0.3749816954135895,0.030164666566997768,0.0466068759560585
11270,14.5625,0.008507022634148598,-0.03769868612289429,0.01816767230629921,0.0,0.3685144454240799,0.02750723073258996,0.008507022634148598
11280,21.0,-0.02489149384200573,-0.038704838976264,0.023295357823371887,0.0,0.372573783993721,0.03785887826234102,-0.02489149384200573
11290,20.5625,0.028332294896245003,-0.04852874670177698,0.016639958322048187,0.0,0.3731276154518127,0.0500611137598753,0.028332294896245003
11300,22.75,0.028311317786574364,-0.033133821189403535,0.01945839561522007,0.0,0.3774347573518753,0.04386905506253243,0.028311317786574364
11310,22.0625,0.02075940929353237,-0.03135266005992889,0.08355551213026047,0.0,0.37542127072811127,0.0412413745187223,0.02075940929353237
11320,23.1875,0.010147808119654655,-0.032342026755213735,0.04781164303421974,0.0,0.37843890488147736,0.03392958696931601,0.010147808119654655
11330,19.1875,-0.00633893720805645,-0.039870713278651236,0.03495419770479202,0.0,0.38172480165958406,0.04425465730018914,-0.00633893720805645
11340,21.4375,0.004657385870814323,-0.04795173015445471,0.022396356239914893,0.0,0.3809539914131165,0.03208431750535965,0.004657385870814323
11350,28.25,0.0013311540242284536,-0.03784845937043428,0.06452616602182389,0.0,0.3886568248271942,0.03229889087378979,0.0013311540242284536
11360,13.125,-0.012246428057551384,-0.04114848002791405,0.04601762220263481,0.0,0.3803174614906311,0.05248629157431424,-0.012246428057551384
11370,20.25,0.024345779791474342,-0.043915370106697084,0.028790827095508575,0.0,0.38692169487476347,0.05121517740190029,0.024345779791474342
11380,15.0625,-0.006930983159691095,-0.04498259723186493,0.01876046396791935,0.0,0.38581799566745756,0.03658034261316061,-0.006930983159691095
11390,14.875,0.013907765969634056,-0.04137830585241318,0.07251208871603013,0.0,0.38422497510910036,0.04076473228633404,0.013907765969634056
11400,20.625,0.05436057969927788,-0.041794852912425996,0.02296232432126999,0.0,0.3787775605916977,0.04614213183522224,0.05436057969927788
11410,14.4375,0.0360853374004364,-0.038236307166516784,0.12014894038438798,0.0,0.385202756524086,0.0501296142116189,0.0360853374004364
11420,22.1875,0.07488730549812317,-0.046670243889093396,0.011467738822102547,0.0,0.388362517952919,0.042651988472789525,0.07488730549812317
11430,24.8125,0.05106730759143829,-0.03383418843150139,0.06554359644651413,0.0,0.3848428577184677,0.05253891125321388,0.05106730759143829
11440,27.8125,0.04373572766780853,-0.041175176948308946,0.04613515809178352,0.0,0.3864377409219742,0.03202863819897175,0.04373572766780853
11450,24.375,0.059971313923597336,-0.040827637538313866,0.013528644479811192,0.0,0.3879736244678497,0.0404437018558383,0.059971313923597336
11460,16.6875,0.036107633262872696,-0.04735241904854774,0.010839010402560235,0.0,0.3877888560295105,0.03846713714301586,0.036107633262872696
11470,25.5,-0.0238051600754261,-0.050259601511061194,0.026303872093558313,0.0,0.38621712028980254,0.0369372530374676,-0.0238051600754261
11480,24.625,-0.01017734594643116,-0.048182712495327,0.042357738316059115,0.0,0.38199952244758606,0.033757374808192256,-0.01017734594643116
11490,20.875,-0.015571353957057,-0.04496368542313576,0.041344447433948515,0.0,0.3832220286130905,0.045632226625457406,-0.015571353957057
11500,14.625,0.015939896926283836,-0.048468117415904996,0.04693245887756348,0.0,0.3868966281414032,0.051262412965297696,0.015939896926283836
11510,21.875,0.03999358415603638,-0.03443967141211033,0.02398075945675373,0.0,0.38486323654651644,0.053889435902237895,0.03999358415603638
11520,23.875,0.024308618158102036,-0.041182185709476474,0.03331845179200173,0.0,0.38703852593898774,0.04283793403301388,0.024308618158102036
11530,17.6875,0.03316823020577431,-0.04500422850251198,0.029599940031766893,0.0,0.38601043820381165,0.053372041881084444,0.03316823020577431
11540,22.625,0.025715135037899017,-0.023764660023152827,0.0678752526640892,0.0,0.383147257566452,0.04116984745487571,0.025715135037899017
11550,19.875,0.0300303902477026,-0.037726871110498904,0.08644060492515564,0.0,0.3823006361722946,0.04668285921216011,0.0300303902477026
11560,14.5625,0.04757794737815857,-0.03945954814553261,0.012429574318230153,0.0,0.3842980802059174,0.05216844454407692,0.04757794737815857
11570,18.5625,0.035913337022066116,-0.04502487555146217,0.01218723002821207,0.0,0.38377741873264315,0.04241190841421485,0.035913337022066116
11580,25.125,0.06980901956558228,-0.03311676736921072,0.03398933112621307,0.0,0.3849227398633957,0.056318298913538456,0.06980901956558228
11590,20.8125,0.008322319015860558,-0.05199352353811264,0.014256631024181843,0.0,0.38721766173839567,0.034498372208327056,0.008322319015860558
11600,20.75,0.02910805307328701,-0.05248048081994057,0.019917310029268265,0.0,0.3851910561323166,0.04039988406002522,0.02910805307328701
11610,28.0625,0.06757979094982147,-0.04712402038276196,0.03351384624838829,0.0,0.3904994249343872,0.048861435428261754,0.06757979094982147
11620,17.4375,0.020952817052602768,-0.047585171088576315,0.012170156463980675,0.0,0.3831381142139435,0.040535001829266545,0.020952817052602768
11630,22.0,0.039526935666799545,-0.0329473078250885,0.034401577711105344,0.0,0.3858000934123993,0.05028953887522221,0.039526935666799545
11640,15.75,0.030564934015274048,-0.03341703861951828,0.035269472002983096,0.0,0.38517608046531676,0.04634288847446442,0.030564934015274048
11650,22.125,0.0171685591340065,-0.048593545332551,0.031344113498926164,0.0,0.38171629011631014,0.05118142440915108,0.0171685591340065
11660,24.6875,0.009897030889987946,-0.03326129056513309,0.06361083462834358,0.0,0.3814400374889374,0.048415168561041354,0.009897030889987946
11670,22.875,0.06718915700912476,-0.03786907503381372,0.02402012497186661,0.0,0.3883606314659119,0.050701316073536874,0.06718915700912476
11680,19.1875,-0.004706510342657566,-0.05045795999467373,0.03890362828969955,0.0,0.3835121661424637,0.045561651280149815,-0.004706510342657566
11690,25.25,0.06285339593887329,-0.045029749348759654,0.018739669770002364,0.0,0.38063434064388274,0.046450447756797075,0.06285339593887329
11700,22.3125,0.04104327782988548,-0.04482362195849419,0.021003158763051033,0.0,0.3732412576675415,0.04177609328180552,0.04104327782988548
11710,28.6875,0.06089694797992706,-0.038127195090055466,0.04802937209606171,0.0,0.3826519548892975,0.04554394539445639,0.06089694797992706
11720,25.75,0.03383947163820267,-0.039473631978034975,0.030578691512346268,0.0,0.3808372974395752,0.0541857797652483,0.03383947163820267
11730,21.1875,0.021429311484098434,-0.039998330548405646,0.011979291960597039,0.0,0.3829046249389648,0.035097720590420066,0.021429311484098434
11740,19.9375,0.05104266107082367,-0.0372347354888916,0.04779338091611862,0.0,0.3912376344203949,0.046860343962907794,0.05104266107082367
11750,16.0,0.010110415518283844,-0.04189106896519661,0.007857173308730125,0.0,0.37007116377353666,0.02696149644907564,0.010110415518283844
11760,13.25,-0.013480315916240215,-0.05259454622864723,0.01021912544965744,0.0,0.3789460062980652,0.05573375904932618,-0.013480315916240215
11770,17.1875,-0.0076898243278265,-0.034214509278535844,0.05445039197802544,0.0,0.3843049257993698,0.02762368693947792,-0.0076898243278265
11780,22.75,0.003757617436349392,-0.05222383700311184,0.05490029603242874,0.0,0.3841691672801971,0.030590922851115466,0.003757617436349392
11790,16.4375,-0.012281844392418861,-0.04173826277256012,0.06322038322687148,0.0,0.3819290727376938,0.03646159246563911,-0.012281844392418861
11800,17.0625,0.007990611717104912,-0.03336330763995647,0.07046857476234436,0.0,0.3847111314535141,0.029795323498547077,0.007990611717104912
11810,28.0,0.03832816332578659,-0.04847734980285168,0.036018166691064835,0.0,0.3784062832593918,0.04443566976115108,0.03832816332578659
11820,20.1875,0.014249558560550213,-0.04609261117875576,0.015710295550525187,0.0,0.3795011073350906,0.04024634826928377,0.014249558560550213
11830,16.1875,0.012795276939868927,-0.04036522768437863,0.009618600457906723,0.0,0.3794840395450592,0.047564636543393136,0.012795276939868927
11840,18.625,-0.001093914732336998,-0.04165741130709648,0.03891994208097458,0.0,0.37531419694423673,0.037398937810212377,-0.001093914732336998
11850,24.1875,0.03372614085674286,-0.04279005229473114,0.05486881732940674,0.0,0.3799437016248703,0.031308689760044216,0.03372614085674286
11860,19.5625,-0.05356703698635101,-0.05290093347430229,0.03730459213256836,0.0,0.3783866137266159,0.02451624032109976,-0.05356703698635101
11870,23.0,0.007762564346194267,-0.04319026172161102,0.07530036568641663,0.0,0.38043172359466554,0.03288950240239501,0.007762564346194267
11880,20.9375,0.009842559695243835,-0.04296701699495316,0.014633942395448685,0.0,0.37926618456840516,0.02621812941506505,0.009842559695243835
11890,24.25,0.07255671173334122,-0.042947403341531756,0.021783221513032913,0.0,0.381175109744072,0.04720048820599913,0.07255671173334122
11900,22.0625,0.07406453788280487,-0.041421426087617876,0.018266195058822633,0.0,0.38382969200611117,0.03550609438680112,0.07406453788280487
11910,22.25,0.020147264003753662,-0.038301119953393935,0.07824400961399078,0.0,0.38583606481552124,0.042689924128353596,0.020147264003753662
11920,19.625,0.044384345412254333,-0.03746079951524735,0.07325834780931473,0.0,0.38677977919578554,0.05624631326645613,0.044384345412254333
11930,16.9375,0.021125750616192818,-0.03805205747485161,0.08667962402105331,0.0,0.3869523614645004,0.05132305882871151,0.021125750616192818
11940,23.0,0.026996996253728867,-0.0405436672270298,0.017053651437163354,0.0,0.3931006222963333,0.04908064398914576,0.026996996253728867
11950,25.1875,0.040123626589775085,-0.043792543932795525,0.04769716560840607,0.0,0.38406674563884735,0.05003154445439577,0.040123626589775085
11960,23.125,0.026815010234713554,-0.036308451741933825,0.02406025566160679,0.0,0.3864005535840988,0.06768134087324143,0.026815010234713554
11970,24.0,0.0570688471198082,-0.04432032257318497,0.017656350508332253,0.0,0.3811786860227585,0.05163501100614667,0.0570688471198082
11980,20.5625,0.034763216972351074,-0.04510888308286667,0.021801846846938134,0.0,0.3810520231723785,0.05008962331339717,0.034763216972351074
11990,25.1875,0.03856813535094261,-0.03411809327080846,0.15307919979095458,0.0,0.3888118326663971,0.05491514354944229,0.03856813535094261
12000,17.375,0.018919358029961586,-0.051444256119430064,0.010179631039500236,0.0,0.3894034534692764,0.057502320036292076,0.018919358029961586
12010,23.375,0.03983306884765625,-0.038497014343738555,0.019327380135655402,0.0,0.3901636779308319,0.053273138031363486,0.03983306884765625
12020,24.125,0.058458276093006134,-0.040357844531536104,0.07031690329313278,0.0,0.389735022187233,0.047149776667356494,0.058458276093006134
12030,18.5,0.031622983515262604,-0.035867609456181525,0.03570109233260155,0.0,0.3864792913198471,0.06102631650865078,0.031622983515262604
12040,25.0,0.06989146023988724,-0.044255218282341954,0.006480018608272076,0.0,0.38519978523254395,0.05323822549544275,0.06989146023988724
12050,13.5,0.012150352820754051,-0.03839581198990345,0.03674598336219788,0.0,0.3779134780168533,0.04815744673833251,0.012150352820754051
12060,19.625,0.035111065953969955,-0.033000174723565576,0.08132165968418122,0.0,0.3848197370767593,0.0500776581466198,0.035111065953969955
12070,16.8125,0.03439351171255112,-0.046473932638764384,0.023714274913072587,0.0,0.38144504725933076,0.042742581106722355,0.03439351171255112
12080,18.8125,0.04488418623805046,-0.04353117011487484,0.020220239460468293,0.0,0.3856180846691132,0.0460902139544487,0.04488418623805046
12090,26.8125,0.04817536473274231,-0.045983266085386276,0.030058654397726058,0.0,0.3859171688556671,0.0390188897959888,0.04817536473274231
12100,23.0625,0.08583101630210876,-0.0405059676617384,0.025302979722619058,0.0,0.3868374913930893,0.054603098519146444,0.08583101630210876
12110,17.8125,0.029178151860833168,-0.04322939142584801,0.048749393224716185,0.0,0.39205182194709776,0.05152210108935833,0.029178151860833168
12120,22.9375,0.06823605298995972,-0.04190190248191357,0.029181547835469245,0.0,0.3864847332239151,0.05168191678822041,0.06823605298995972
12130,17.9375,0.008179489523172379,-0.04335303939878941,0.030504065006971358,0.0,0.3826077938079834,0.04692915119230747,0.008179489523172379
12140,23.6875,0.02972465381026268,-0.039707749895751474,0.047924230247735976,0.0,0.38514397144317625,0.048847535625100136,0.02972465381026268
12150,18.25,0.03011271357536316,-0.04219691678881645,0.04026559442281723,0.0,0.3826820939779282,0.04525393769145012,0.03011271357536316
12160,19.5,-0.009248374961316586,-0.042387072928249836,0.026435362920165063,0.0,0.378691366314888,0.05460628736764193,-0.009248374961316586
12170,22.625,0.05509503185749054,-0.029241719655692576,0.023050594702363016,0.0,0.3796240031719208,0.03971265014261007,0.05509503185749054
12180,20.1875,0.044228073209524155,-0.029827014170587064,0.02671266458928585,0.0,0.3761629492044449,0.04099137578159571,0.044228073209524155
12190,22.4375,0.006745840422809124,-0.03988276636227965,0.07886992543935775,0.0,0.38162975311279296,0.04034047992900014,0.006745840422809124
12200,19.375,0.020261190831661224,-0.04659696221351624,0.046567967534065245,0.0,0.38204525113105775,0.054830276593565944,0.020261190831661224
12210,23.625,0.07560798525810242,-0.04158648028969765,0.04733871519565582,0.0,0.3824216663837433,0.04921182440593839,0.07560798525810242
12220,18.0625,0.004979758523404598,-0.04059065096080303,0.018676682189106942,0.0,0.37677915394306183,0.047799679636955264,0.004979758523404598
12230,15.1875,0.052167341113090515,-0.04242599559947848,0.02559342756867409,0.0,0.37759284377098085,0.04960722327232361,0.052167341113090515
12240,16.625,0.011950534768402576,-0.041881701350212096,0.018346315249800682,0.0,0.38356677293777464,0.04289366137236357,0.011950534768402576
12250,20.5,0.044015783816576004,-0.038803756982088086,0.08732371032238007,0.0,0.38453291058540345,0.04830601196736097,0.044015783816576004
12260,29.0625,0.05542955547571182,-0.039232571888715026,0.04010536298155785,0.0,0.38567428290843964,0.05177445113658905,0.05542955547571182
12270,24.0625,0.077111154794693,-0.030365485697984695,0.03596062064170837,0.0,0.37893432974815366,0.05379735375754535,0.077111154794693
12280,20.75,0.07003699988126755,-0.039762120507657525,0.03268300294876099,0.0,0.37841306924819945,0.04447082616388798,0.07003699988126755
12290,17.5,0.05282559618353844,-0.047958828136324884,0.0321373600512743,0.0,0.37479199171066285,0.03601302932947874,0.05282559618353844
12300,25.5625,-0.0009284266270697117,-0.0513137586414814,0.015702593699097635,0.0,0.3745341360569,0.03982531726360321,-0.0009284266270697117
12310,21.0625,0.004891318269073963,-0.04156800825148821,0.019282845407724382,0.0,0.37147961258888246,0.028133220970630646,0.004891318269073963
12320,22.75,0.06975692510604858,-0.030681804940104484,0.02506493777036667,0.0,0.37530423104763033,0.04717350751161575,0.06975692510604858
12330,23.0,0.04575567692518234,-0.043022300489246844,0.02299688123166561,0.0,0.3834687829017639,0.04087998438626528,0.04575567692518234
12340,26.5625,0.056880611926317215,-0.03979524746537209,0.03275651857256889,0.0,0.38073824942111967,0.03374018333852291,0.056880611926317215
12350,19.75,0.03737553581595421,-0.0368094190955162,0.06414425671100617,0.0,0.386180055141449,0.03995030364021659,0.03737553581595421
12360,22.0625,0.057704463601112366,-0.03260263577103615,0.06016122102737427,0.0,0.3808023393154144,0.04175125025212765,0.057704463601112366
12370,22.5625,0.01241545844823122,-0.04099466055631638,0.0074173490516841415,0.0,0.38151910305023196,0.04310777951031923,0.01241545844823122
12380,17.375,0.007986517623066902,-0.038607212156057356,0.019952363148331643,0.0,0.38207127153873444,0.0371373055037111,0.007986517623066902
12390,23.875,0.0442182794213295,-0.03968616276979446,0.03320133835077286,0.0,0.3867261201143265,0.04727119952440262,0.0442182794213295
12400,18.4375,0.06500285863876343,-0.03143077045679092,0.03519166931509972,0.0,0.38266417682170867,0.055749980732798576,0.06500285863876343
12410,13.5625,0.03960183262825012,-0.041971809789538385,0.015952795371413232,0.0,0.3816284954547882,0.048639082629233596,0.03960183262825012
12420,17.375,-0.0015055956318974495,-0.0437843656167388,0.024769597873091697,0.0,0.38617012798786166,0.0519440351985395,-0.0015055956318974495
12430,21.0,0.04504978656768799,-0.04170234799385071,0.009689825959503651,0.0,0.38087277114391327,0.03611197378486395,0.04504978656768799
12440,29.8125,0.06018641218543053,-0.036477228812873366,0.026107224822044372,0.0,0.38081635534763336,0.0443840834312141,0.06018641218543053
12450,23.3125,0.0034884719643741846,-0.041186248138546946,0.033062173426151274,0.0,0.3815245807170868,0.03442575470544398,0.0034884719643741846
12460,20.0625,0.045334406197071075,-0.03855319544672966,0.013307300582528114,0.0,0.3789119631052017,0.027647225139662623,0.045334406197071075
12470,31.125,0.07847371697425842,-0.04211663939058781,0.008320922218263149,0.0,0.37824068367481234,0.0486443480476737,0.07847371697425842
12480,21.5,-0.012570900842547417,-0.044195566326379776,0.03349419683218002,0.0,0.37998846769332884,0.04784974604845047,-0.012570900842547417
12490,22.5,0.033163655549287796,-0.041686656326055525,0.017011013813316822,0.0,0.380598771572113,0.05422324426472187,0.033163655549287796
12500,23.75,0.027605194598436356,-0.04003984779119492,0.024425790086388587,0.0,0.3877297043800354,0.05533204134553671,0.027605194598436356
12510,20.375,0.08489345759153366,-0.028204091265797614,0.06489124223589897,0.0,0.3900440275669098,0.0640923861414194,0.08489345759153366
12520,22.75,0.011161964386701584,-0.04225667361170053,0.04972544312477112,0.0,0.3977568864822388,0.05894123800098896,0.011161964386701584
12530,19.625,0.06748904287815094,-0.03562071993947029,0.015838535316288472,0.0,0.3971870243549347,0.06427882788702846,0.06748904287815094
12540,15.3125,0.0004770441446453333,-0.050589187815785405,0.020164957270026207,0.0,0.3944796144962311,0.0517570286989212,0.0004770441446453333
12550,18.9375,0.04134177416563034,-0.03816137872636318,0.05000903159379959,0.0,0.39812939167022704,0.054944253712892535,0.04134177416563034
12560,26.8125,0.06749072670936584,-0.045328396186232564,0.03392016813158989,0.0,0.39386355578899385,0.04810650926083326,0.06749072670936584
12570,21.3125,-0.010925653390586376,-0.04294250980019569,0.1548013836145401,0.0,0.39621467888355255,0.06334779947064817,-0.010925653390586376
12580,16.875,0.02081860415637493,-0.045505672320723535,0.028911686316132546,0.0,0.40167132019996643,0.045216244831681254,0.02081860415637493
12590,14.25,0.024510985240340233,-0.02874882034957409,0.031219419464468955,0.0,0.4017814606428146,0.05688450299203396,0.024510985240340233
12600,23.75,0.06409535557031631,-0.03553726188838482,0.016106218472123145,0.0,0.39790707230567934,0.05882686711847782,0.06409535557031631
12610,14.6875,0.06207851320505142,-0.03393298760056496,0.048902877420186994,0.0,0.39702172875404357,0.07043848596513272,0.06207851320505142
12620,20.0,0.02190251275897026,-0.04528764821588993,0.02777247279882431,0.0,0.3929718494415283,0.06585997194051743,0.02190251275897026
12630,22.0,0.061752937734127045,-0.045705366879701614,0.017720138281583787,0.0,0.39500274062156676,0.06899058073759079,0.061752937734127045
12640,16.125,0.04648657143115997,-0.029232314974069595,0.020887985080480575,0.0,0.4071012109518051,0.07382895648479462,0.04648657143115997
12650,16.875,0.06667008996009827,-0.0414149709045887,0.10240538418292999,0.0,0.4045287102460861,0.06526501942425966,0.06667008996009827
12660,24.125,0.07284000515937805,-0.0374430313706398,0.04867412596940994,0.0,0.40363713502883913,0.0823385339230299,0.07284000515937805
12670,22.75,0.06960882246494293,-0.04430653750896454,0.044291858375072476,0.0,0.40362984538078306,0.07556998804211616,0.06960882246494293
12680,20.3125,0.07773900777101517,-0.04048747643828392,0.07629063725471497,0.0,0.4048998296260834,0.08042446002364159,0.07773900777101517
12690,16.1875,0.0604081004858017,-0.04166394881904125,0.049523696303367615,0.0,0.4043236643075943,0.06918321028351784,0.0604081004858017
12700,20.4375,0.06897781789302826,-0.037641261145472525,0.018666737526655198,0.0,0.401755565404892,0.07259184271097183,0.06897781789302826
12710,20.4375,0.030582282692193985,-0.04064191319048405,0.028963017836213113,0.0,0.4029247879981995,0.06299301031976938,0.030582282692193985
12720,24.375,0.08484891802072525,-0.03533665351569652,0.030936306342482567,0.0,0.40635470747947694,0.07885225377976894,0.08484891802072525
12730,16.9375,0.04174897074699402,-0.04010794870555401,0.06840538531541825,0.0,0.40120134353637693,0.0738692793995142,0.04174897074699402
12740,23.0625,0.07977073639631271,-0.04442276731133461,0.019731327891349792,0.0,0.39903259873390196,0.06386919338256121,0.07977073639631271
12750,22.1875,0.0321064367890358,-0.04603020939975977,0.043873440474271774,0.0,0.3947500377893448,0.06322127133607865,0.0321064367890358
12760,16.5625,0.034173913300037384,-0.04491288103163242,0.04919363707304001,0.0,0.4055585116147995,0.06625900156795979,0.034173913300037384
12770,20.5625,0.046174194663763046,-0.044501471891999246,0.01426191758364439,0.0,0.40234422981739043,0.06960069797933102,0.046174194663763046
12780,18.125,0.03598736599087715,-0.036330820992589,0.019777845218777658,0.0,0.4005472004413605,0.05889465361833572,0.03598736599087715
12790,13.9375,0.02818828821182251,-0.037968434020876886,0.041342060267925265,0.0,0.3984195291996002,0.0713412243872881,0.02818828821182251
12800,26.9375,0.10345393419265747,-0.0404852032661438,0.012320687994360924,0.0,0.3986938387155533,0.06107114441692829,0.10345393419265747
12810,16.8125,0.0067454734817147255,-0.03699239045381546,0.05839573666453361,0.0,0.4024150848388672,0.07224522456526757,0.0067454734817147255
12820,23.5,0.05952762812376022,-0.03756369538605213,0.07527493387460708,0.0,0.40709579586982725,0.07493754215538502,0.05952762812376022
12830,19.3125,0.0543157234787941,-0.04487056508660316,0.025474947318434714,0.0,0.40217029452323916,0.05839662225916982,0.0543157234787941
12840,20.4375,0.059496406465768814,-0.0504424836486578,0.024903073161840438,0.0,0.4040728539228439,0.06750515177845955,0.059496406465768814
12850,26.9375,0.06889937818050385,-0.03963934183120728,0.025807104632258417,0.0,0.40385988652706145,0.062484325654804704,0.06889937818050385
12860,29.625,0.07290797680616379,-0.04561697393655777,0.03815629929304123,0.0,0.4057797282934189,0.06641522943973541,0.07290797680616379
12870,19.9375,0.05316837131977081,-0.040982013940811156,0.02937580719590187,0.0,0.4060658305883408,0.06392106190323829,0.05316837131977081
12880,14.625,0.016641592606902122,-0.03216603565961122,0.05194593593478203,0.0,0.4003314346075058,0.06785748228430748,0.016641592606902122
12890,22.3125,0.03972279652953148,-0.041934292390942575,0.01771099790930748,0.0,0.40327218174934387,0.07086280435323715,0.03972279652953148
12900,21.8125,0.07426987588405609,-0.03687361460179091,0.02289186865091324,0.0,0.40116542875766753,0.0644569288007915,0.07426987588405609
12910,22.75,0.04075831174850464,-0.040020525455474854,0.02748023010790348,0.0,0.4019716799259186,0.05153030743822455,0.04075831174850464
12920,23.625,0.06297975778579712,-0.05180791839957237,0.016757121682167052,0.0,0.39528189301490785,0.05787327643483877,0.06297975778579712
12930,23.125,0.03808421641588211,-0.041794683411717416,0.03798746764659881,0.0,0.4017535328865051,0.05391199421137571,0.03808421641588211
12940,26.6875,0.044861406087875366,-0.035043162666261195,0.05851712226867676,0.0,0.40104398429393767,0.06227061115205288,0.044861406087875366
12950,13.9375,0.021747199818491936,-0.03551105111837387,0.06546581536531448,0.0,0.40209217071533204,0.057255092449486254,0.021747199818491936
12960,23.0,0.030793767422437668,-0.030022902227938176,0.03590780794620514,0.0,0.40770215094089507,0.056276808679103854,0.030793767422437668
12970,23.0625,0.06187589094042778,-0.03375305365771055,0.024979692697525025,0.0,0.4041167378425598,0.04741290826350451,0.06187589094042778
12980,22.375,0.0499248206615448,-0.0434320118278265,0.011348799243569374,0.0,0.4076878041028976,0.06908998433500528,0.0499248206615448
12990,24.0625,0.03686228394508362,-0.04572138451039791,0.028755366429686548,0.0,0.4082145273685455,0.06332089938223362,0.03686228394508362
13000,21.375,0.10866276919841766,-0.03778600394725799,0.04289027154445648,0.0,0.4090820163488388,0.07914953269064426,0.10866276919841766
13010,24.0625,0.11320292949676514,-0.026819010637700556,0.053863291442394254,0.0,0.41050408482551576,0.08219809532165527,0.11320292949676514
13020,18.25,0.0684104859828949,-0.04725877530872822,0.013886991888284683,0.0,0.4114622980356216,0.06731566097587346,0.0684104859828949
13030,20.6875,0.054568249732255936,-0.05330764539539814,0.009868737682700158,0.0,0.40885865688323975,0.062204592674970624,0.054568249732255936
13040,23.0625,0.03015168383717537,-0.03527228496968746,0.03537646792829037,0.0,0.4039001435041428,0.05404438115656376,0.03015168383717537
13050,17.8125,0.052912935614585876,-0.04083618298172951,0.040645965933799745,0.0,0.40044030249118806,0.04727134611457586,0.052912935614585876
13060,20.0,0.04322683811187744,-0.039967718347907064,0.012144641950726509,0.0,0.3991077184677124,0.04446299974806607,0.04322683811187744
13070,24.75,0.0720636397600174,-0.037810967117547986,0.017357245087623596,0.0,0.39684184193611144,0.03603108297102153,0.0720636397600174
13080,21.625,0.06932863593101501,-0.03962075859308243,0.012685665488243103,0.0,0.3925989240407944,0.04088068068958819,0.06932863593101501
13090,15.5625,0.03955310583114624,-0.04636758007109165,0.013752731308341027,0.0,0.3962880700826645,0.05146464873105287,0.03955310583114624
13100,20.5,0.04956969618797302,-0.037878592312335965,0.021862756833434104,0.0,0.40251232385635377,0.06517790518701076,0.04956969618797302
13110,17.9375,0.02438470348715782,-0.04147018678486347,0.027923226729035376,0.0,0.3995139718055725,0.06590509600937366,0.02438470348715782
13120,21.8125,0.0741068422794342,-0.03661256767809391,0.008887076564133168,0.0,0.4073133885860443,0.052014618366956714,0.0741068422794342
13130,18.75,0.040434882044792175,-0.03815821148455143,0.008383852802217007,0.0,0.4054679661989212,0.06012557372450829,0.040434882044792175
13140,18.6875,0.05601302906870842,-0.04447750337421894,0.01216508150100708,0.0,0.40792258977890017,0.0713183667510748,0.05601302906870842
13150,22.375,0.062837615609169,-0.05046031884849071,0.0059215291403234005,0.0,0.40681272149086,0.07174166478216648,0.062837615609169
13160,25.4375,0.05113685131072998,-0.04437524862587452,0.013260460831224919,0.0,0.4046421408653259,0.06687612347304821,0.05113685131072998
13170,16.9375,0.036637891083955765,-0.03945465348660946,0.01476149819791317,0.0,0.40765621662139895,0.05783255435526371,0.036637891083955765
13180,19.8125,0.034161556512117386,-0.027582794427871704,0.03774706721305847,0.0,0.4109956532716751,0.06701372619718313,0.034161556512117386
13190,24.625,0.06574208289384842,-0.03665837980806828,0.027064793929457664,0.0,0.41052245199680326,0.07231894433498383,0.06574208289384842
13200,23.0,0.02105780690908432,-0.04669569060206413,0.012588214315474033,0.0,0.40976381301879883,0.0643454852513969,0.02105780690908432
13210,27.25,0.07876385003328323,-0.03697404153645038,0.03446208760142326,0.0,0.41125471889972687,0.07357544377446175,0.07876385003328323
13220,25.5625,0.051007114350795746,-0.04518180936574936,0.028248262777924537,0.0,0.4104260683059692,0.06185387447476387,0.051007114350795746
13230,16.6875,0.07847730815410614,-0.04767522886395455,0.01902141384780407,0.0,0.4136724352836609,0.06271501239389181,0.07847730815410614
13240,26.375,0.06511333584785461,-0.03739384543150663,0.014392956346273422,0.0,0.4162921249866486,0.06497249510139227,0.06511333584785461
13250,28.5625,0.03956027701497078,-0.04281795546412468,0.024754946306347846,0.0,0.4111464530229568,0.06729113310575485,0.03956027701497078
13260,19.0,0.06336069107055664,-0.0422253311611712,0.04885823428630829,0.0,0.4165936052799225,0.05976095590740442,0.06336069107055664
13270,18.0625,0.07545477896928787,-0.03397222887724638,0.035441259294748305,0.0,0.4117772847414017,0.0670388862490654,0.07545477896928787
13280,19.8125,0.061706867069005966,-0.05077686933800578,0.020883062109351157,0.0,0.4140947639942169,0.06464741304516793,0.061706867069005966
13290,23.25,0.003121340647339821,-0.04248885028064251,0.020434406772255897,0.0,0.4102601081132889,0.060207157395780087,0.003121340647339821
13300,19.4375,0.045989833772182465,-0.056363048404455184,0.010796823538839817,0.0,0.41159203052520754,0.061439871042966845,0.045989833772182465
13310,23.625,0.05844227224588394,-0.04994458630681038,0.03844266533851624,0.0,0.40782941579818727,0.0563530839048326,0.05844227224588394
13320,17.875,0.041546620428562164,-0.044297265261411665,0.011006021127104759,0.0,0.40883530080318453,0.06255463380366563,0.041546620428562164
13330,21.8125,0.04477281868457794,-0.03873566761612892,0.011990883760154248,0.0,0.4047953933477402,0.05111306952312589,0.04477281868457794
13340,20.125,0.1023789569735527,-0.02525881603360176,0.026508868858218192,0.0,0.40496265292167666,0.06690033595077693,0.1023789569735527
13350,16.375,0.026736199855804443,-0.028886989504098893,0.06097837910056114,0.0,0.4092731446027756,0.06775408685207367,0.026736199855804443
13360,16.8125,0.03536287695169449,-0.04798135496675968,0.034247889369726184,0.0,0.4055422455072403,0.06472652852535248,0.03536287695169449
13370,22.8125,0.03171849995851517,-0.04726515561342239,0.02143074609339237,0.0,0.4067453533411026,0.04919423256069422,0.03171849995851517
13380,23.625,-0.01507293339818716,-0.04894560314714909,0.018770038709044458,0.0,0.4103745728731155,0.06141189108602703,-0.01507293339818716
13390,25.25,0.043579161167144775,-0.04290045090019703,0.0407372310757637,0.0,0.4102247029542923,0.059860017895698545,0.043579161167144775
13400,16.125,0.03911967575550079,-0.024863793700933456,0.039251963049173354,0.0,0.4117709964513779,0.057695543579757216,0.03911967575550079
13410,19.4375,0.04825562983751297,-0.039338888972997664,0.029727822169661522,0.0,0.41461985409259794,0.07365018166601658,0.04825562983751297
13420,23.6875,0.06597001105546951,-0.04758011810481548,0.021271785348653795,0.0,0.4145472556352615,0.06424984922632575,0.06597001105546951
13430,23.5,0.044290561228990555,-0.04277749918401241,0.018298922479152678,0.0,0.41491066217422484,0.059214739501476286,0.044290561228990555
13440,20.5625,0.06182710453867912,-0.03285660091787577,0.07245310097932815,0.0,0.4147088289260864,0.0573583833873272,0.06182710453867912
13450,20.5,0.04944203048944473,-0.0346301730722189,0.030677642673254013,0.0,0.41259623169898985,0.05916211642324924,0.04944203048944473
13460,18.0,0.024716459214687347,-0.03859803378582001,0.027452949807047843,0.0,0.416229447722435,0.06721949912607669,0.024716459214687347
13470,24.125,0.0478672981262207,-0.03299168236553669,0.03741704672574997,0.0,0.4156371682882309,0.05807576216757297,0.0478672981262207
13480,18.1875,0.03525439277291298,-0.042113598063588144,0.0178250502794981,0.0,0.4108657419681549,0.05339294392615557,0.03525439277291298
13490,17.4375,0.03296453505754471,-0.03744368255138397,0.049730832874774936,0.0,0.4172255367040634,0.057314033061265944,0.03296453505754471
13500,17.1875,0.011278463527560234,-0.043878808990120886,0.04557262882590294,0.0,0.4177857667207718,0.06065507214516401,0.011278463527560234
13510,22.1875,0.08696814626455307,-0.045124612748622894,0.015531255677342416,0.0,0.41989946365356445,0.07184675075113774,0.08696814626455307
13520,20.4375,0.025316327810287476,-0.04199207723140717,0.04998580813407898,0.0,0.41371561884880065,0.05330945365130901,0.025316327810287476
13530,25.8125,0.09331388026475906,-0.047411367669701575,0.014782794937491416,0.0,0.42367548048496245,0.07167822159826756,0.09331388026475906
13540,16.0,0.014988905750215054,-0.042575818672776225,0.021989554166793823,0.0,0.41281103193759916,0.061746735125780106,0.014988905750215054
13550,18.875,0.0626879632472992,-0.04651675559580326,0.029785570129752158,0.0,0.418573784828186,0.06727982489392162,0.0626879632472992
13560,26.5,0.08948879688978195,-0.03873601462692022,0.02517736963927746,0.0,0.4300017714500427,0.07342379428446293,0.08948879688978195
13570,17.5,0.03560091555118561,-0.046343769505620004,0.012303425185382365,0.0,0.4231103092432022,0.06495114900171757,0.03560091555118561
13580,25.3125,0.05160006880760193,-0.04206602871417999,0.02341013662517071,0.0,0.41842048466205595,0.05418699365109205,0.05160006880760193
13590,21.4375,0.07052428275346756,-0.04838843941688538,0.010233883373439312,0.0,0.42421354353427887,0.06446312591433526,0.07052428275346756
13600,13.0625,0.0626872330904007,-0.04260710394009948,0.03085417002439499,0.0,0.42674779891967773,0.05861578863114118,0.0626872330904007
13610,13.6875,0.02999795414507389,-0.043075545132160185,0.027726902812719344,0.0,0.42373150289058686,0.07647960633039474,0.02999795414507389
13620,21.3125,0.036066871136426926,-0.04373901281505823,0.021936094015836717,0.0,0.42623916566371917,0.06566830463707447,0.036066871136426926
13630,18.8125,0.04066351801156998,-0.03659763112664223,0.03224095664918423,0.0,0.42279811203479767,0.06236716378480196,0.04066351801156998
13640,17.9375,0.043670691549777985,-0.04383096620440483,0.01254147496074438,0.0,0.4230693817138672,0.07437787614762784,0.043670691549777985
13650,33.875,0.08872271329164505,-0.037765732035040855,0.03333803564310074,0.0,0.42088220417499544,0.06229959316551685,0.08872271329164505
13660,23.4375,0.05089670419692993,-0.046879641711711884,0.027823242545127868,0.0,0.4197587132453918,0.0653748370707035,0.05089670419692993
13670,17.5625,0.029558546841144562,-0.0522121824324131,0.042079360038042066,0.0,0.42182291150093076,0.065956137701869,0.029558546841144562
13680,15.125,0.049209363758563995,-0.04925635866820812,0.0061508468352258205,0.0,0.41893265545368197,0.05744206439703703,0.049209363758563995
13690,16.125,0.05795900523662567,-0.04284284710884094,0.022298116609454154,0.0,0.41722703278064727,0.07353277653455734,0.05795900523662567
13700,17.8125,0.03495559096336365,-0.04719942286610603,0.03254426568746567,0.0,0.41498382985591886,0.05927395038306713,0.03495559096336365
13710,22.4375,0.049402087926864624,-0.03418070562183857,0.032767312973737715,0.0,0.4201541095972061,0.0605570238083601,0.049402087926864624
13720,18.6875,0.042553115636110306,-0.0421113345772028,0.010936037264764309,0.0,0.41570975482463834,0.061832424625754355,0.042553115636110306
13730,20.375,0.06847947835922241,-0.04806007742881775,0.021229883655905724,0.0,0.4202482670545578,0.057797886431217194,0.06847947835922241
13740,27.4375,0.0588599294424057,-0.05282827578485012,0.02806411311030388,0.0,0.41934913396835327,0.06413283832371235,0.0588599294424057
13750,17.75,-0.010472429916262627,-0.04421457126736641,0.03664077371358872,0.0,0.41746591329574584,0.054282716335728766,-0.010472429916262627
13760,17.75,0.0646156296133995,-0.039218433946371076,0.019276876375079154,0.0,0.4190821975469589,0.06322774477303028,0.0646156296133995
13770,23.6875,0.09252896904945374,-0.04181674793362618,0.022042953595519065,0.0,0.42497266829013824,0.07019427120685577,0.09252896904945374
13780,23.0,0.0653221607208252,-0.04352684132754803,0.010253131575882434,0.0,0.4299063205718994,0.07804398499429226,0.0653221607208252
13790,21.5,0.06489763408899307,-0.0383904904127121,0.017027538642287253,0.0,0.42582245767116544,0.06807416044175625,0.06489763408899307
13800,27.0625,0.05481778457760811,-0.04034661343321204,0.017186884582042695,0.0,0.4299859404563904,0.06076995432376862,0.05481778457760811
13810,28.0625,0.02728557586669922,-0.041364195942878726,0.012322932481765747,0.0,0.4229401111602783,0.07359492965042591,0.02728557586669922
13820,23.0625,0.08681058138608932,-0.027385133504867553,0.07415308207273483,0.0,0.4247091025114059,0.07749958150088787,0.08681058138608932
13830,29.1875,0.0789986103773117,-0.04726350381970405,0.021727414056658744,0.0,0.42187674045562745,0.0687025509774685,0.0789986103773117
13840,21.6875,0.03988176956772804,-0.04468323588371277,0.02279590107500553,0.0,0.4297844409942627,0.06705244705080986,0.03988176956772804
13850,24.25,0.0516711100935936,-0.048492204397916794,0.013553024083375931,0.0,0.42046616077423093,0.07847227454185486,0.0516711100935936
13860,22.5,0.06727374345064163,-0.04094606079161167,0.01211890559643507,0.0,0.4206916749477386,0.07115367129445076,0.06727374345064163
13870,20.75,0.040050968527793884,-0.03944566808640957,0.011332247778773308,0.0,0.41892129778862,0.06812440510839224,0.040050968527793884
13880,17.5,0.03894912451505661,-0.0453269436955452,0.01598956398665905,0.0,0.4196148097515106,0.0710565235465765,0.03894912451505661
13890,27.0625,0.04938766360282898,-0.038004224002361295,0.02006576955318451,0.0,0.4124887853860855,0.06285788267850875,0.04938766360282898
13900,25.0,0.11670183390378952,-0.033610747382044795,0.03455837294459343,0.0,0.4138513445854187,0.07480340600013732,0.11670183390378952
13910,27.0,0.06297345459461212,-0.04731934145092964,0.016018323600292206,0.0,0.4200278282165527,0.06465852337423712,0.06297345459461212
13920,23.9375,0.06061901897192001,-0.049599735997617245,0.0204973004758358,0.0,0.4143897116184235,0.07100238390266896,0.06061901897192001
13930,21.25,0.05956654250621796,-0.046503619849681856,0.030681724101305007,0.0,0.41509579718112943,0.06035568676888943,0.05956654250621796
13940,16.3125,0.010867808014154434,-0.047157521545886996,0.01690165661275387,0.0,0.41670859456062315,0.06363781467080117,0.010867808014154434
13950,20.125,0.037378303706645966,-0.04088467955589294,0.10988599061965942,0.0,0.41678006052970884,0.06805298365652561,0.037378303706645966
13960,18.6875,0.054679688066244125,-0.04157068245112896,0.0385510191321373,0.0,0.41667876541614535,0.0743895921856165,0.054679688066244125
13970,16.0,0.05845542624592781,-0.03697143010795116,0.021130787581205367,0.0,0.41784503161907194,0.06279206927865744,0.05845542624592781
13980,22.125,0.07226554304361343,-0.03080306462943554,0.07608587294816971,0.0,0.41979590356349944,0.07323371432721615,0.07226554304361343
13990,25.375,0.0775553435087204,-0.0454913105815649,0.009723580628633498,0.0,0.4141515254974365,0.06942716594785452,0.0775553435087204
14000,15.9375,0.031546156853437424,-0.04930494353175163,0.007734011486172676,0.0,0.4126463919878006,0.07096931412816047,0.031546156853437424
14010,24.625,0.08231532573699951,-0.04418745897710323,0.037377317994832994,0.0,0.4149824768304825,0.06544009782373905,0.08231532573699951
14020,24.9375,0.07187226414680481,-0.043828225880861285,0.023582260683178903,0.0,0.41545222103595736,0.06595219410955906,0.07187226414680481
14030,18.6875,-0.01583242602646351,-0.04216975010931492,0.026297735795378686,0.0,0.4100018531084061,0.07151698330417275,-0.01583242602646351
14040,21.375,0.04232585430145264,-0.036504989862442015,0.016658456809818745,0.0,0.415302512049675,0.08742411583662033,0.04232585430145264
14050,28.0,0.08887207508087158,-0.03507718462496996,0.07400332689285279,0.0,0.41489251852035525,0.0831945739686489,0.08887207508087158
14060,17.1875,0.08853735029697418,-0.04455492738634348,0.041948623955249786,0.0,0.4186402767896652,0.07680920884013176,0.08853735029697418
14070,18.6875,0.048887692391872406,-0.038408604264259336,0.047402295470237735,0.0,0.4217317342758179,0.07397365383803844,0.048887692391872406
14080,18.4375,0.04854835569858551,-0.03820322901010513,0.05923768430948258,0.0,0.42222319543361664,0.07332829926162958,0.04854835569858551
14090,20.875,0.08554051071405411,-0.04379483480006456,0.042230238765478136,0.0,0.4182609230279922,0.08266043253242969,0.08554051071405411
14100,17.9375,0.061109308153390884,-0.04361787848174572,0.02010907530784607,0.0,0.42606744468212127,0.07732572928071021,0.061109308153390884
14110,22.875,0.05102454870939255,-0.04189162999391556,0.02204299308359623,0.0,0.42587297558784487,0.07952650524675846,0.05102454870939255
14120,28.1875,0.049367908388376236,-0.041207951679825786,0.026299192011356352,0.0,0.4210188269615173,0.07838184423744679,0.049367908388376236
14130,22.6875,0.0643170028924942,-0.037983665242791176,0.022589054703712464,0.0,0.4243956744670868,0.0920016348361969,0.0643170028924942
14140,15.4375,-0.0074438233859837055,-0.04367569163441658,0.1262258321046829,0.0,0.42949757277965545,0.07440854092128575,-0.0074438233859837055
14150,19.5625,0.07942187041044235,-0.041051412001252174,0.011051595211029053,0.0,0.4273656815290451,0.0801609843969345,0.07942187041044235
14160,26.5625,0.081296406686306,-0.036285612266510725,0.02696101740002632,0.0,0.42467966079711916,0.07378641273826361,0.081296406686306
14170,14.8125,-0.0021013086661696434,-0.04772447384893894,0.017610105499625207,0.0,0.4366054892539978,0.06402158625423908,-0.0021013086661696434
14180,21.6875,0.06612804532051086,-0.04567423760890961,0.026248527318239213,0.0,0.4342113107442856,0.08239310011267661,0.06612804532051086
14190,17.6875,0.08628738671541214,-0.04109133221209049,0.02611417919397354,0.0,0.42090019285678865,0.08451739065349102,0.08628738671541214
14200,20.375,0.07011482119560242,-0.05002424381673336,0.022492143511772155,0.0,0.42794062197208405,0.08684496954083443,0.07011482119560242
14210,27.1875,0.055205125361680984,-0.04526728242635727,0.01837037317454815,0.0,0.4263676404953003,0.07985194325447083,0.055205125361680984
14220,28.25,0.0710984319448471,-0.035070836544036865,0.043193639069795606,0.0,0.4291628301143646,0.08138366639614106,0.0710984319448471
14230,20.375,0.10142122209072113,-0.03950561210513115,0.03997008427977562,0.0,0.42970449328422544,0.06843287199735641,0.10142122209072113
14240,20.0,0.07072968780994415,-0.0455489469692111,0.018256263434886934,0.0,0.4299798637628555,0.0709716409444809,0.07072968780994415
14250,25.0,0.06302671879529953,-0.041021224297583106,0.04689530730247497,0.0,0.4245351582765579,0.09418160617351531,0.06302671879529953
14260,23.4375,0.0927102267742157,-0.042486222833395,0.014307938888669014,0.0,0.4346125990152359,0.07177406586706639,0.0927102267742157
14270,18.125,0.05902634561061859,-0.04418631419539452,0.041471099853515624,0.0,0.42505146861076354,0.07259319797158241,0.05902634561061859
14280,21.1875,0.052973318845033646,-0.03976843468844891,0.044771169871091844,0.0,0.4278665751218796,0.0714829970151186,0.052973318845033646
14290,14.8125,0.059387173503637314,-0.03898085355758667,0.06239047348499298,0.0,0.42403880655765536,0.076371793076396,0.059387173503637314
14300,23.25,0.07736676931381226,-0.042252277955412865,0.020513852313160896,0.0,0.4320731580257416,0.07585078999400138,0.07736676931381226
14310,18.8125,0.03910667449235916,-0.048016903921961784,0.023463269323110582,0.0,0.42951121628284455,0.07376434840261936,0.03910667449235916
14320,30.625,0.052397917956113815,-0.0464939571917057,0.024374039843678474,0.0,0.43352952897548674,0.07393782809376717,0.052397917956113815
14330,22.4375,0.0675874650478363,-0.046341529302299025,0.019932658597826957,0.0,0.4335558354854584,0.08230549413710833,0.0675874650478363
14340,27.0625,0.07662776857614517,-0.04119643419981003,0.02567524164915085,0.0,0.4344789803028107,0.07422416433691978,0.07662776857614517
14350,26.875,0.09543603658676147,-0.03763969652354717,0.011912664771080017,0.0,0.42961324453353883,0.07890271544456481,0.09543603658676147
14360,25.9375,0.07915445417165756,-0.04555144794285297,0.03356369882822037,0.0,0.4346288233995438,0.059870943613350394,0.07915445417165756
14370,23.625,0.06801390647888184,-0.045199460536241534,0.021516162902116776,0.0,0.4261053204536438,0.0793732175603509,0.06801390647888184
14380,23.625,0.03016636334359646,-0.045088513754308224,0.024957860261201857,0.0,0.4351868718862534,0.07165010459721088,0.03016636334359646
14390,20.1875,0.10085077583789825,-0.04134215600788593,0.02747032456099987,0.0,0.4374270439147949,0.07006013058125973,0.10085077583789825
14400,20.5625,0.061925195157527924,-0.03221542611718178,0.09571329057216645,0.0,0.4373913198709488,0.07216316275298595,0.061925195157527924
14410,19.0,0.0789559856057167,-0.05855709686875343,0.02463631220161915,0.0,0.4287436604499817,0.08321455419063568,0.0789559856057167
14420,24.25,0.05174512416124344,-0.03614650219678879,0.10924245268106461,0.0,0.4317234307527542,0.057381632877513765,0.05174512416124344
14430,25.5625,0.036490298807621,-0.046950182504951955,0.08531915545463561,0.0,0.43154245913028716,0.06838021613657475,0.036490298807621
14440,21.9375,0.07452531158924103,-0.043541742116212846,0.039761801809072496,0.0,0.4289739400148392,0.07125218342989684,0.07452531158924103
14450,27.875,0.043779827654361725,-0.047450502216815946,0.032476456463336946,0.0,0.42487211227416993,0.07786551928147674,0.043779827654361725
14460,19.9375,0.06356942653656006,-0.047141958773136136,0.020295576378703117,0.0,0.43412466049194337,0.07160923592746257,0.06356942653656006
14470,26.125,0.06606818735599518,-0.050221509858965875,0.018545671924948694,0.0,0.42282794415950775,0.06931699179112912,0.06606818735599518
14480,21.4375,0.036439500749111176,-0.046389414370059966,0.05451794415712356,0.0,0.4295270830392838,0.07132402770221233,0.036439500749111176
14490,17.0625,0.05414605140686035,-0.050205687806010244,0.022744355350732805,0.0,0.43301485776901244,0.0748729832470417,0.05414605140686035
14500,12.0,0.027057616040110588,-0.03880816325545311,0.053371848165988924,0.0,0.4244888097047806,0.07327574882656336,0.027057616040110588
14510,23.75,0.0764646977186203,-0.047573919594287875,0.043012619763612744,0.0,0.4315966933965683,0.0726738840341568,0.0764646977186203
14520,20.8125,0.06429485976696014,-0.04931532144546509,0.04202635809779167,0.0,0.43178721964359285,0.0747088085860014,0.06429485976696014
14530,23.0625,0.08334028720855713,-0.042549481615424156,0.028054963424801828,0.0,0.42991886138916013,0.07742256671190262,0.08334028720855713
14540,23.4375,0.04096952825784683,-0.04568545296788216,0.04624279960989952,0.0,0.4265909314155579,0.07038407251238823,0.04096952825784683
14550,24.8125,0.06877454370260239,-0.03772553876042366,0.104313163459301,0.0,0.43044770061969756,0.07754175402224064,0.06877454370260239
14560,20.625,0.0642121285200119,-0.042893921956419945,0.021285036206245424,0.0,0.4290050119161606,0.0832089513540268,0.0642121285200119
14570,20.9375,0.06750957667827606,-0.0372144814580679,0.01691701412200928,0.0,0.431186830997467,0.07893148399889469,0.06750957667827606
14580,15.9375,0.08093097805976868,-0.04309660103172064,0.046424221247434616,0.0,0.4313009202480316,0.08335451185703277,0.08093097805976868
14590,23.0,0.06666688621044159,-0.035677312314510344,0.010316724143922328,0.0,0.43204560577869416,0.08195292130112648,0.06666688621044159
14600,21.1875,0.0653553232550621,-0.03968242555856705,0.03448193296790123,0.0,0.4347513109445572,0.08309460803866386,0.0653553232550621
14610,15.875,0.06398572027683258,-0.033653237670660016,0.010841874405741692,0.0,0.4318022519350052,0.08857915364205837,0.06398572027683258
14620,25.3125,0.07734720408916473,-0.04291100241243839,0.03616451174020767,0.0,0.43174553513526914,0.08456336185336114,0.07734720408916473
14630,26.25,0.043926745653152466,-0.03962907791137695,0.06915392726659775,0.0,0.4359784871339798,0.07643115781247616,0.043926745653152466
14640,16.0,0.04551345482468605,-0.04575926773250103,0.009672009386122227,0.0,0.43406647741794585,0.08948646411299706,0.04551345482468605
14650,25.6875,0.06131420284509659,-0.03765160851180553,0.048489660769701,0.0,0.4377955734729767,0.07661129310727119,0.06131420284509659
14660,17.5,0.060797855257987976,-0.04617437496781349,0.03301811851561069,0.0,0.431239527463913,0.08154603503644467,0.060797855257987976
14670,14.0,0.013488434255123138,-0.047222040593624115,0.02604707144200802,0.0,0.43355353474617003,0.08265189826488495,0.013488434255123138
14680,19.25,0.06041890010237694,-0.047980577871203425,0.04269709587097168,0.0,0.4345439404249191,0.08005071580410003,0.06041890010237694
14690,25.9375,0.02769804745912552,-0.04647298045456409,0.034611205011606215,0.0,0.4281164765357971,0.06560023762285709,0.02769804745912552
14700,21.0625,0.06452351808547974,-0.041857069730758666,0.042119278013706206,0.0,0.4316889882087708,0.06825706027448178,0.06452351808547974
14710,20.4375,0.06140391528606415,-0.04490350633859634,0.023615637794137,0.0,0.4323226630687714,0.060362338274717334,0.06140391528606415
14720,25.1875,0.10060003399848938,-0.04417553693056107,0.013492262177169322,0.0,0.4287659555673599,0.0814658984541893,0.10060003399848938
14730,28.125,0.05594298243522644,-0.05076614879071713,0.020431477949023245,0.0,0.42688778042793274,0.06840423308312893,0.05594298243522644
14740,20.8125,0.0634724348783493,-0.04655379466712475,0.032456569373607635,0.0,0.43102324306964873,0.07031230106949807,0.0634724348783493
14750,20.25,0.07092344760894775,-0.04190544486045837,0.047521406412124635,0.0,0.4284093797206879,0.0745974725112319,0.07092344760894775
14760,23.3125,0.04874010756611824,-0.0480600830167532,0.019972729682922363,0.0,0.4352006554603577,0.08003104515373707,0.04874010756611824
14770,23.0625,0.06123311072587967,-0.052348199486732486,0.013390572555363179,0.0,0.4299874573945999,0.07721666693687439,0.06123311072587967
14780,27.0,0.07798633724451065,-0.04029095321893692,0.03838902562856674,0.0,0.43315487504005434,0.07735371626913548,0.07798633724451065
14790,24.9375,0.07925224304199219,-0.037823937460780145,0.01835232749581337,0.0,0.4362763911485672,0.08118219207972288,0.07925224304199219
14800,26.6875,0.08168891072273254,-0.03808409534394741,0.031765569001436234,0.0,0.43171548247337344,0.07320751361548901,0.08168891072273254
14810,29.75,0.09166529774665833,-0.03661825023591518,0.013609054125845432,0.0,0.4303243666887283,0.0837492685765028,0.09166529774665833
14820,26.375,0.09547944366931915,-0.04926358200609684,0.016258536279201506,0.0,0.4341410994529724,0.07329206690192222,0.09547944366931915
14830,21.5625,0.006640814244747162,-0.040950297471135856,0.08282599896192551,0.0,0.4341225892305374,0.06935567604377865,0.006640814244747162
14840,19.375,0.08984397351741791,-0.04186140298843384,0.013316328823566436,0.0,0.4259925067424774,0.06368814846500755,0.08984397351741791
14850,23.4375,0.0970710813999176,-0.03912778347730637,0.03558695763349533,0.0,0.426677006483078,0.07070835474878549,0.0970710813999176
14860,23.1875,0.07985258102416992,-0.039981530606746675,0.020148915797472,0.0,0.42863346040248873,0.07243772335350514,0.07985258102416992
14870,25.0625,0.06668493151664734,-0.03991619311273098,0.042429026961326596,0.0,0.4336558759212494,0.07493387535214424,0.06668493151664734
14880,20.3125,0.06808685511350632,-0.04196263328194618,0.017186456918716432,0.0,0.43788869976997374,0.07386931963264942,0.06808685511350632
14890,18.0,0.09932376444339752,-0.037301481887698176,0.053397186845541,0.0,0.43458672761917116,0.09587646089494228,0.09932376444339752
14900,22.1875,0.07521627843379974,-0.038628044351935384,0.04949196577072144,0.0,0.43353958427906036,0.07835127413272858,0.07521627843379974
14910,21.75,0.0712365135550499,-0.042301863059401514,0.018021415546536447,0.0,0.43201391100883485,0.08492822647094726,0.0712365135550499
14920,22.0,0.0854317769408226,-0.041401968151330945,0.017292266711592674,0.0,0.4338996946811676,0.08126886263489723,0.0854317769408226
14930,20.625,0.06371704488992691,-0.03944709189236164,0.03445276841521263,0.0,0.4272302359342575,0.06536552160978318,0.06371704488992691
14940,22.875,0.06839700043201447,-0.04536320902407169,0.018773344904184343,0.0,0.42782585620880126,0.07322962135076523,0.06839700043201447
14950,20.4375,0.07608763873577118,-0.04057256616652012,0.011842940002679825,0.0,0.42815086245536804,0.07621736377477646,0.07608763873577118
14960,22.3125,0.055194027721881866,-0.04443959780037403,0.026600348204374312,0.0,0.42405974566936494,0.06503599844872951,0.055194027721881866
14970,15.6875,0.048258401453495026,-0.04072281727567315,0.011881596222519875,0.0,0.4242022544145584,0.06610007286071777,0.048258401453495026
14980,26.3125,0.10720829665660858,-0.03342220708727837,0.08226635903120041,0.0,0.42724656462669375,0.07906955257058143,0.10720829665660858
14990,21.25,0.060367584228515625,-0.04367121681571007,0.04514065235853195,0.0,0.42514235973358155,0.07186483927071094,0.060367584228515625
15000,24.0625,0.11133043467998505,-0.04376370757818222,0.01146603785455227,0.0,0.42915029525756837,0.07760668136179447,0.11133043467998505
15010,24.8125,0.026456627994775772,-0.04154924750328064,0.03021416813135147,0.0,0.43101840019226073,0.07468894012272358,0.026456627994775772
15020,22.9375,0.062475793063640594,-0.05064670331776142,0.012601633928716183,0.0,0.42905706763267515,0.07295739874243737,0.062475793063640594
15030,22.0,0.0626727044582367,-0.04805031269788742,0.007342263776808977,0.0,0.4319718420505524,0.07626781780272722,0.0626727044582367
15040,27.5,0.06603056192398071,-0.049309133738279345,0.03254537135362625,0.0,0.43797829151153567,0.08039105385541916,0.06603056192398071
15050,20.8125,0.04457911476492882,-0.03762772716581821,0.05251664072275162,0.0,0.4380499333143234,0.07987385541200638,0.04457911476492882
15060,21.125,0.061232153326272964,-0.04509801622480154,0.032438761368393895,0.0,0.43550782203674315,0.08724191635847092,0.061232153326272964
15070,20.625,0.07774077355861664,-0.03978943899273872,0.0314454011619091,0.0,0.44088107347488403,0.08196044564247132,0.07774077355861664
15080,19.8125,0.0861658900976181,-0.04257449880242348,0.024694504961371423,0.0,0.439721816778183,0.07880708947777748,0.0861658900976181
15090,20.3125,0.07863879203796387,-0.03259172216057778,0.03769969865679741,0.0,0.44139916598796847,0.08597296923398971,0.07863879203796387
15100,29.375,0.11066150665283203,-0.037023383751511575,0.018480320274829865,0.0,0.4415172845125198,0.0932324331253767,0.11066150665283203
15110,22.3125,0.09291785210371017,-0.037559565901756284,0.032707509398460385,0.0,0.4342834323644638,0.08209118796512485,0.09291785210371017
15120,22.625,0.09724068641662598,-0.03725094497203827,0.02299317456781864,0.0,0.44240516424179077,0.10104822218418122,0.09724068641662598
15130,23.875,0.06784407794475555,-0.04818129250779748,0.02170039974153042,0.0,0.43908639848232267,0.07894219011068344,0.06784407794475555
15140,26.1875,0.10322294384241104,-0.03903738968074322,0.012779542617499829,0.0,0.4372737169265747,0.09793068319559098,0.10322294384241104
15150,19.5,0.029055632650852203,-0.04073151461780071,0.06812288761138915,0.0,0.4375395268201828,0.06913047693669797,0.029055632650852203
15160,16.0625,0.07032462954521179,-0.04639542456716299,0.033785156160593036,0.0,0.44192363917827604,0.08731126636266709,0.07032462954521179
15170,16.875,0.03689312934875488,-0.03994806688278914,0.028332171216607093,0.0,0.43413538932800294,0.08478933200240135,0.03689312934875488
15180,20.25,0.09256036579608917,-0.0310838520526886,0.05885390192270279,0.0,0.44400818943977355,0.08732760548591614,0.09256036579608917
15190,25.8125,0.06411112844944,-0.036855855491012335,0.02933482825756073,0.0,0.4417644053697586,0.07517882511019706,0.06411112844944
15200,17.375,0.044850047677755356,-0.03716283477842808,0.1765443980693817,0.0,0.43230678141117096,0.07340629734098911,0.044850047677755356
15210,22.25,0.06850697100162506,-0.04381399229168892,0.011172713711857796,0.0,0.4392120599746704,0.08767611868679523,0.06850697100162506
15220,23.5625,0.08280756324529648,-0.04246464446187019,0.035054054111242294,0.0,0.4414109766483307,0.08174140267074108,0.08280756324529648
15230,19.8125,0.05912851542234421,-0.04396507777273655,0.06195809096097946,0.0,0.43941270709037783,0.08359767757356167,0.05912851542234421
15240,21.0625,0.02148774266242981,-0.04552943874150515,0.02251387797296047,0.0,0.4414776533842087,0.0626195440068841,0.02148774266242981
15250,23.875,0.09011702239513397,-0.03630609717220068,0.046188457310199736,0.0,0.44094969630241393,0.07923429869115353,0.09011702239513397
15260,18.6875,0.04895886033773422,-0.04244856871664524,0.03474341183900833,0.0,0.44286535382270814,0.07102626115083695,0.04895886033773422
15270,24.1875,0.06462299823760986,-0.046484765410423276,0.02450151666998863,0.0,0.4506886720657349,0.07187348939478397,0.06462299823760986
15280,21.125,0.058365412056446075,-0.03914254531264305,0.010945090278983115,0.0,0.4475724846124649,0.06405324414372444,0.058365412056446075
15290,17.75,0.07799430191516876,-0.05007991790771484,0.02378352954983711,0.0,0.44867035150527956,0.07406704761087894,0.07799430191516876
15300,22.375,0.0453890897333622,-0.047083862498402594,0.03848579078912735,0.0,0.4427226632833481,0.07988984733819962,0.0453890897333622
15310,29.1875,0.08506450057029724,-0.04193087313324213,0.07262446284294129,0.0,0.4470613330602646,0.07472341023385524,0.08506450057029724
15320,11.0625,0.05224064737558365,-0.03880095556378364,0.046756474673748015,0.0,0.44774961173534394,0.08136469796299935,0.05224064737558365
15330,24.375,0.07501524686813354,-0.03882422670722008,0.03290370926260948,0.0,0.4425356924533844,0.0693469924852252,0.07501524686813354
15340,24.375,0.12295423448085785,-0.03605155423283577,0.017969726771116256,0.0,0.4505251973867416,0.09714986048638821,0.12295423448085785
15350,19.6875,0.04275067150592804,-0.047586208954453466,0.04975375384092331,0.0,0.44518751502037046,0.08500855304300785,0.04275067150592804
15360,20.875,0.05781872570514679,-0.05313247162848711,0.025135686993598937,0.0,0.4470090001821518,0.08418552242219449,0.05781872570514679
15370,24.25,0.0746278166770935,-0.03193127885460854,0.027993067726492883,0.0,0.4493546336889267,0.07401542216539383,0.0746278166770935
15380,26.4375,0.08409720659255981,-0.039521556347608566,0.010561969503760338,0.0,0.44826954007148745,0.08984156288206577,0.08409720659255981
15390,20.3125,0.046982258558273315,-0.050921854004263876,0.05184563845396042,0.0,0.4501596361398697,0.08511437699198723,0.046982258558273315
15400,20.5,0.09554155170917511,-0.05204184837639332,0.035701504349708556,0.0,0.4493999511003494,0.10279503241181373,0.09554155170917511
15410,21.625,0.058956027030944824,-0.05066896565258503,0.04272364005446434,0.0,0.44164655804634095,0.07719538807868957,0.058956027030944824
15420,22.4375,0.07016073167324066,-0.05025292076170444,0.01943301223218441,0.0,0.443446484208107,0.09786966852843762,0.07016073167324066
15430,20.375,0.028446942567825317,-0.03627445679157972,0.019679829105734827,0.0,0.44725789725780485,0.08774423450231553,0.028446942567825317
15440,23.9375,0.10820038616657257,-0.045880913734436035,0.04185069054365158,0.0,0.4548090249300003,0.0966400720179081,0.10820038616657257
15450,25.8125,0.08186289668083191,-0.04157539010047913,0.04014964401721954,0.0,0.44396171271800994,0.0705234601162374,0.08186289668083191
15460,26.5625,0.06593964248895645,-0.031018289644271134,0.04957390129566193,0.0,0.4474105179309845,0.08627932816743851,0.06593964248895645
15470,13.8125,0.05160427466034889,-0.0421471331268549,0.05012145042419434,0.0,0.4503916084766388,0.07209775596857071,0.05160427466034889
15480,17.1875,0.07760534435510635,-0.05456092171370983,0.02830650396645069,0.0,0.4473801255226135,0.07294776011258364,0.07760534435510635
15490,17.25,0.07661101222038269,-0.041817464679479596,0.05867285653948784,0.0,0.4419005662202835,0.09133813977241516,0.07661101222038269
15500,24.0,0.07079430669546127,-0.043402261659502984,0.024111683294177056,0.0,0.451230987906456,0.09048862978816033,0.07079430669546127
15510,18.5625,0.08374232053756714,-0.045549864694476125,0.02641477547585964,0.0,0.45374698042869566,0.08297411315143108,0.08374232053756714
15520,19.3125,0.06987196207046509,-0.03529152050614357,0.024404881149530412,0.0,0.4531348258256912,0.08304572328925133,0.06987196207046509
15530,22.0,0.05915539339184761,-0.05465929955244064,0.01895936541259289,0.0,0.45675791800022125,0.07935782074928284,0.05915539339184761
15540,27.125,0.06643214821815491,-0.04265841841697693,0.02029607817530632,0.0,0.4493462085723877,0.09004647806286811,0.06643214821815491
15550,25.6875,0.10356408357620239,-0.03939262516796589,0.01318473368883133,0.0,0.45679722130298617,0.08203303292393685,0.10356408357620239
15560,22.5,0.11605256795883179,-0.04302139990031719,0.015764136053621768,0.0,0.4491490930318832,0.10235182344913482,0.11605256795883179
15570,24.375,0.08051437884569168,-0.04125681631267071,0.02197689041495323,0.0,0.4504227876663208,0.0846597295254469,0.08051437884569168
15580,23.6875,0.05554056540131569,-0.03913959711790085,0.013466930575668811,0.0,0.4500889122486115,0.0850055169314146,0.05554056540131569
15590,26.375,0.04309382289648056,-0.047713487222790715,0.04021393209695816,0.0,0.4412824660539627,0.08759010247886181,0.04309382289648056
15600,16.375,0.048897869884967804,-0.041729994118213654,0.0242161575704813,0.0,0.4492074817419052,0.08346813842654228,0.048897869884967804
15610,17.6875,0.03995832800865173,-0.04912534281611443,0.022827793285250662,0.0,0.44948388636112213,0.06960223391652107,0.03995832800865173
15620,24.0625,0.12212710082530975,-0.03624513782560825,0.04117366075515747,0.0,0.44304957389831545,0.09267162308096885,0.12212710082530975
15630,18.375,0.02760515920817852,-0.04449344612658024,0.02097903788089752,0.0,0.4410881757736206,0.09003902897238732,0.02760515920817852
15640,22.25,0.08861014246940613,-0.046116932108998296,0.012773203290998935,0.0,0.44505159854888915,0.07733585052192211,0.08861014246940613
15650,20.75,0.10639773309230804,-0.04015640057623386,0.02679836079478264,0.0,0.4410275012254715,0.08519170805811882,0.10639773309230804
15660,18.0,0.04402705281972885,-0.04040245786309242,0.05583982840180397,0.0,0.4422936111688614,0.10094882845878601,0.04402705281972885
15670,26.0625,0.07341857999563217,-0.02933538630604744,0.0452983595430851,0.0,0.44180322289466856,0.08427809998393058,0.07341857999563217
15680,18.4375,0.06672884523868561,-0.042533283680677415,0.010034919902682304,0.0,0.43594473600387573,0.08057284392416478,0.06672884523868561
15690,21.4375,0.0736657977104187,-0.03908632174134254,0.014680116809904576,0.0,0.43872872889041903,0.07731377091258765,0.0736657977104187
15700,23.5625,0.06723873317241669,-0.051159807667136195,0.04042607769370079,0.0,0.43541809916496277,0.07120656035840511,0.06723873317241669
15710,18.5625,0.0494554303586483,-0.056210055574774744,0.015317907929420472,0.0,0.4387103945016861,0.08117152824997902,0.0494554303586483
15720,19.6875,0.09671282768249512,-0.042397528514266015,0.028737381100654602,0.0,0.4393883764743805,0.0886807344853878,0.09671282768249512
15730,18.375,0.05734631046652794,-0.047770765423774716,0.018193379044532776,0.0,0.4391473352909088,0.07715756446123123,0.05734631046652794
15740,22.1875,0.13821469247341156,-0.04697270616889,0.008356389496475458,0.0,0.4386822164058685,0.08104193583130836,0.13821469247341156
15750,18.625,0.02331552468240261,-0.03750195577740669,0.10921231657266617,0.0,0.44125922918319704,0.07368653565645218,0.02331552468240261
15760,20.8125,0.05013041943311691,-0.043953074514865874,0.0521120972931385,0.0,0.44418020248413087,0.08115756511688232,0.05013041943311691
15770,22.4375,0.05656777694821358,-0.03943858090788126,0.010806788876652717,0.0,0.44722082018852233,0.07826983109116555,0.05656777694821358
15780,25.0625,0.08264508843421936,-0.044126966036856174,0.019431349635124207,0.0,0.44429749846458433,0.07399765327572823,0.08264508843421936
15790,22.375,0.08844249695539474,-0.037484103068709376,0.05899507775902748,0.0,0.4428564667701721,0.08852753639221192,0.08844249695539474
15800,26.75,0.10700856149196625,-0.043834824860095975,0.023022231832146644,0.0,0.448907744884491,0.08340097889304161,0.10700856149196625
15810,21.0,0.08284115046262741,-0.04798625111579895,0.015515201911330222,0.0,0.44230981469154357,0.08646366558969021,0.08284115046262741
15820,27.1875,0.08412092924118042,-0.03962728213518858,0.013840361684560775,0.0,0.4451907962560654,0.1057224877178669,0.08412092924118042
15830,25.25,0.06425504386425018,-0.051788277179002765,0.018252893909811975,0.0,0.45578925013542176,0.09750362783670426,0.06425504386425018
15840,19.75,0.09468608349561691,-0.04531883858144283,0.024407905340194703,0.0,0.4468009978532791,0.09585084393620491,0.09468608349561691
15850,25.125,0.037506792694330215,-0.052173662930727005,0.03413737192749977,0.0,0.43896388411521914,0.07957030199468136,0.037506792694330215
15860,26.8125,0.04102426767349243,-0.04878912139683962,0.011527234874665736,0.0,0.4399943143129349,0.0829799309372902,0.04102426767349243
15870,23.5,0.08054161071777344,-0.043883614242076874,0.01160475891083479,0.0,0.4381191313266754,0.08026272170245648,0.08054161071777344
15880,26.875,0.04251595959067345,-0.05534851923584938,0.026811976730823518,0.0,0.4375448912382126,0.08467294424772262,0.04251595959067345
15890,22.125,0.10562412440776825,-0.04180044122040272,0.022838490828871728,0.0,0.44508281648159026,0.08829497396945954,0.10562412440776825
15900,22.75,0.07584048062562943,-0.03629718609154224,0.017839154228568077,0.0,0.44209671318531035,0.08906891867518425,0.07584048062562943
15910,20.875,0.10346824675798416,-0.04070202074944973,0.03824257105588913,0.0,0.4449331879615784,0.08258109427988529,0.10346824675798416
15920,21.625,0.07121187448501587,-0.0540265116840601,0.009025433287024497,0.0,0.4485785812139511,0.10297485366463661,0.07121187448501587
15930,21.375,0.09352755546569824,-0.042289762571454045,0.009974958188831807,0.0,0.4434043109416962,0.07886964511126279,0.09352755546569824
15940,25.0625,0.08223408460617065,-0.04060289226472378,0.05419515445828438,0.0,0.441873574256897,0.07592441104352474,0.08223408460617065
15950,27.1875,0.07811052352190018,-0.03782755546271801,0.01701420545578003,0.0,0.4425280332565308,0.08168864138424396,0.07811052352190018
15960,20.1875,0.07099941372871399,-0.050184041634202,0.009286349453032017,0.0,0.4412812262773514,0.07996456772089004,0.07099941372871399
15970,23.6875,0.06137576326727867,-0.054501375928521154,0.01862584911286831,0.0,0.4414649367332458,0.08062953278422355,0.06137576326727867
15980,21.625,0.05734828859567642,-0.04253692701458931,0.013425185158848763,0.0,0.44132599532604216,0.0903645645827055,0.05734828859567642
15990,30.25,0.12536115944385529,-0.03905093036592007,0.020640938729047775,0.0,0.4411640286445618,0.08406976163387299,0.12536115944385529
16000,21.0625,0.0822627916932106,-0.032365476712584496,0.030717237666249276,0.0,0.4401215136051178,0.0907996155321598,0.0822627916932106
16010,22.3125,0.09258638322353363,-0.03992685005068779,0.017289650067687033,0.0,0.4421137094497681,0.08551708236336708,0.09258638322353363
16020,18.0,0.03241562843322754,-0.041650246176868674,0.01758709903806448,0.0,0.44512405097484586,0.08751519247889519,0.03241562843322754
16030,23.25,0.08910508453845978,-0.050512900948524474,0.013943918235599994,0.0,0.44874060750007627,0.09310856014490128,0.08910508453845978
16040,24.0,0.06654229760169983,-0.043597019463777545,0.017781122028827666,0.0,0.44645352363586427,0.0900270938873291,0.06654229760169983
16050,17.4375,0.03528191149234772,-0.04544528052210808,0.03155504055321216,0.0,0.4467690080404282,0.09148816913366317,0.03528191149234772
16060,21.0,0.06226792186498642,-0.03807177543640137,0.03280097767710686,0.0,0.4447753578424454,0.08276183903217316,0.06226792186498642
16070,21.1875,0.07899319380521774,-0.0483190655708313,0.01528439912945032,0.0,0.44682118892669676,0.09333606660366059,0.07899319380521774
16080,23.5625,0.10623139142990112,-0.043544487282633784,0.045137351006269456,0.0,0.451456344127655,0.07834583353251219,0.10623139142990112
16090,23.5,0.09270576387643814,-0.04601468443870545,0.04336090236902237,0.0,0.45318144261837007,0.08885314390063286,0.09270576387643814
16100,29.625,0.10197821259498596,-0.0437453880906105,0.02664336413145065,0.0,0.4589079201221466,0.08814096972346305,0.10197821259498596
16110,22.5625,0.06148732826113701,-0.0442504983395338,0.016775520890951155,0.0,0.4561518311500549,0.10411471500992775,0.06148732826113701
16120,24.125,0.05451935529708862,-0.03463622368872166,0.04156001061201096,0.0,0.4505447417497635,0.09267905950546265,0.05451935529708862
16130,21.8125,0.09961722791194916,-0.04334866479039192,0.018228965997695922,0.0,0.45967563688755037,0.09022493250668048,0.09961722791194916
16140,20.75,0.07260408252477646,-0.045382308214902876,0.010549391619861126,0.0,0.4519591510295868,0.08578434437513352,0.07260408252477646
16150,19.125,0.08343613147735596,-0.0451466504484415,0.01715881619602442,0.0,0.45361181497573855,0.08841455690562725,0.08343613147735596
16160,17.875,0.10091576725244522,-0.043287810683250424,0.018788544088602067,0.0,0.46220943331718445,0.09255456477403641,0.10091576725244522
16170,19.8125,0.05445776879787445,-0.04347161874175072,0.025286245718598367,0.0,0.4567599296569824,0.08984109237790108,0.05445776879787445
16180,13.4375,0.06531979143619537,-0.04208044223487377,0.036678874492645265,0.0,0.4538384050130844,0.10595503896474838,0.06531979143619537
16190,25.25,0.05950379744172096,-0.048496126756072046,0.02785087674856186,0.0,0.4533472299575806,0.09432443846017122,0.05950379744172096
16200,26.5,0.08989681303501129,-0.04589094165712595,0.015628702566027643,0.0,0.4542267441749573,0.09496601447463035,0.08989681303501129
16210,15.4375,0.06940676271915436,-0.0476239874958992,0.04181867763400078,0.0,0.4477710217237473,0.091872613504529,0.06940676271915436
16220,18.5,0.06702177226543427,-0.0546199232339859,0.019146454334259034,0.0,0.45286162197589874,0.08975407481193542,0.06702177226543427
16230,18.625,0.06539856642484665,-0.047175581008195876,0.01389937698841095,0.0,0.4495245158672333,0.09835943207144737,0.06539856642484665
16240,24.75,0.08891656994819641,-0.04838059544563293,0.012598362565040589,0.0,0.4463329702615738,0.09858702570199966,0.08891656994819641
16250,26.125,0.1081172376871109,-0.048825791105628014,0.013665406778454781,0.0,0.451280215382576,0.10025925114750862,0.1081172376871109
16260,26.9375,0.115399569272995,-0.0276349987834692,0.04274089187383652,0.0,0.44506696462631223,0.10941756218671798,0.115399569272995
16270,22.4375,0.07252947986125946,-0.04939430877566338,0.00850561298429966,0.0,0.44039632081985475,0.08502872586250305,0.07252947986125946
16280,25.875,0.0866127610206604,-0.04960041642189026,0.018548004701733588,0.0,0.44378032982349397,0.09777195230126381,0.0866127610206604
16290,22.6875,0.10095307230949402,-0.034818480536341664,0.056077804416418076,0.0,0.4460634499788284,0.0897812232375145,0.10095307230949402
16300,22.5,0.09479152411222458,-0.05695179756730795,0.018176089599728586,0.0,0.44166493117809297,0.1020185187458992,0.09479152411222458
16310,26.375,0.1276302933692932,-0.04096166715025902,0.01722192019224167,0.0,0.44540261924266816,0.08854310996830464,0.1276302933692932
16320,20.8125,0.11622659862041473,-0.036952517181634906,0.06531045436859131,0.0,0.4528588056564331,0.09442746266722679,0.11622659862041473
16330,25.5,0.0966104045510292,-0.04312487877905369,0.014122828468680381,0.0,0.44729508757591246,0.08886841796338558,0.0966104045510292
16340,28.5625,0.07716310024261475,-0.0417384184896946,0.031255369260907176,0.0,0.4548847585916519,0.0892510823905468,0.07716310024261475
16350,19.0,0.1019078865647316,-0.03685886040329933,0.02755252756178379,0.0,0.4536356061697006,0.1016463004052639,0.1019078865647316
16360,23.8125,0.12294361740350723,-0.03857982419431209,0.01661864947527647,0.0,0.46012002825737,0.10180140063166618,0.12294361740350723
16370,18.9375,0.061643876135349274,-0.04564412850886583,0.015331525355577469,0.0,0.4535811901092529,0.09162850379943847,0.061643876135349274
16380,21.4375,0.08737970143556595,-0.046372457221150395,0.0356164388358593,0.0,0.46091894507408143,0.10135853812098503,0.08737970143556595
16390,25.0,0.1334359347820282,-0.05063102319836617,0.009876939281821252,0.0,0.4572135776281357,0.11068972945213318,0.1334359347820282
16400,23.9375,0.07723905146121979,-0.047432214766740796,0.02806781083345413,0.0,0.4532075017690659,0.10379312708973884,0.07723905146121979
16410,22.4375,0.07060734927654266,-0.037612461298704145,0.020301834493875504,0.0,0.45132782459259035,0.09485665671527385,0.07060734927654266
16420,22.25,0.09913945198059082,-0.03573310784995556,0.023634312301874162,0.0,0.4516951352357864,0.10006847977638245,0.09913945198059082
16430,22.1875,0.11259955167770386,-0.04560374803841114,0.009327074699103832,0.0,0.4523544907569885,0.09648822844028473,0.11259955167770386
16440,20.5625,0.07047322392463684,-0.03980198921635747,0.01191689446568489,0.0,0.44923866391181944,0.09006132334470748,0.07047322392463684
16450,23.25,0.10149858891963959,-0.0487388014793396,0.01863618418574333,0.0,0.4601549208164215,0.09229996241629124,0.10149858891963959
16460,24.875,0.12002298980951309,-0.03249077722430229,0.024048559740185736,0.0,0.4513772577047348,0.09594572857022285,0.12002298980951309
16470,19.375,0.07582753151655197,-0.040840514842420815,0.03184896185994148,0.0,0.45201853215694426,0.0983826383948326,0.07582753151655197
16480,24.0,0.09108978509902954,-0.04231859594583511,0.03218142911791801,0.0,0.45630250573158265,0.09332632124423981,0.09108978509902954
16490,15.8125,0.07085481286048889,-0.04367841351777315,0.011971654929220676,0.0,0.46057832837104795,0.10614440441131592,0.07085481286048889
16500,15.0625,0.05900225788354874,-0.0408967025578022,0.014785533770918846,0.0,0.4549343526363373,0.09985956214368344,0.05900225788354874
16510,19.9375,0.061577871441841125,-0.03686421252787113,0.031442829966545106,0.0,0.4549135208129883,0.08727802708745003,0.061577871441841125
16520,23.625,0.04181802272796631,-0.04839403852820397,0.029776592180132865,0.0,0.45728517770767213,0.09203244745731354,0.04181802272796631
16530,26.0625,0.1341385394334793,-0.026566009409725665,0.06423418745398521,0.0,0.4590363174676895,0.1071559652686119,0.1341385394334793
16540,25.9375,0.11550392210483551,-0.03808746682479978,0.023513071611523627,0.0,0.45366175174713136,0.10094155706465244,0.11550392210483551
16550,26.0,0.09140123426914215,-0.036694571003317834,0.06515219807624817,0.0,0.46131923198699953,0.09767738506197929,0.09140123426914215
16560,28.4375,0.09309656918048859,-0.04507294725626707,0.02881811335682869,0.0,0.45833025872707367,0.0965603057295084,0.09309656918048859
16570,25.375,0.10486948490142822,-0.049021622911095616,0.021284348145127297,0.0,0.461838099360466,0.09242580607533454,0.10486948490142822
16580,19.375,0.0765947699546814,-0.047360104694962504,0.04579029008746147,0.0,0.4690623193979263,0.11458683907985687,0.0765947699546814
16590,24.9375,0.11987684667110443,-0.038558299839496615,0.045805861800909044,0.0,0.45799359679222107,0.10981304049491883,0.11987684667110443
16600,22.1875,0.060001909732818604,-0.05014080684632063,0.02700415998697281,0.0,0.4521645069122314,0.10750016272068023,0.060001909732818604
16610,26.3125,0.07314644753932953,-0.04489852599799633,0.013804614171385765,0.0,0.44525531530380247,0.08486244976520538,0.07314644753932953
16620,16.6875,0.04961827024817467,-0.054321900755167005,0.019076421856880188,0.0,0.44510685503482816,0.07865392416715622,0.04961827024817467
16630,22.875,0.08915064483880997,-0.04427912011742592,0.030968954786658287,0.0,0.44761696755886077,0.09031039997935295,0.08915064483880997
16640,16.0625,0.07657204568386078,-0.03652277663350105,0.013208680413663387,0.0,0.44668827056884763,0.08607489317655563,0.07657204568386078
16650,21.125,0.1276262104511261,-0.037456685677170753,0.015582754090428353,0.0,0.4429445415735245,0.09698893129825592,0.1276262104511261
16660,21.8125,0.061894990503787994,-0.03771406933665276,0.0184054184705019,0.0,0.4473761826753616,0.08410950899124145,0.061894990503787994
16670,21.5,0.1192442923784256,-0.042425361648201945,0.013883605226874351,0.0,0.44874016642570497,0.0978384181857109,0.1192442923784256
16680,28.25,0.08155536651611328,-0.053934721276164055,0.02633310332894325,0.0,0.4520275264978409,0.1030285231769085,0.08155536651611328
16690,23.5,0.1101219654083252,-0.04719074591994286,0.041654843091964724,0.0,0.45309188961982727,0.09829254522919655,0.1101219654083252
16700,15.8125,0.09612183272838593,-0.032389307767152785,0.049032002687454224,0.0,0.4536160081624985,0.09254947900772095,0.09612183272838593
16710,22.1875,0.11810427904129028,-0.04413817524909973,0.03161508664488792,0.0,0.46237587332725527,0.1070350430905819,0.11810427904129028
16720,23.5,0.1394336074590683,-0.045124996453523636,0.016694461368024348,0.0,0.4529538869857788,0.09348228350281715,0.1394336074590683
16730,25.375,0.10080328583717346,-0.03681445270776749,0.03107244670391083,0.0,0.45169691145420077,0.09267708770930767,0.10080328583717346
16740,16.8125,0.08644838631153107,-0.04328587055206299,0.02423737607896328,0.0,0.45861685276031494,0.10741104781627656,0.08644838631153107
16750,23.5625,0.10415275394916534,-0.03206026926636696,0.054562854766845706,0.0,0.45642395615577697,0.10463365241885185,0.10415275394916534
16760,19.4375,0.11289037019014359,-0.031622333079576494,0.01893741898238659,0.0,0.4619076132774353,0.1047680765390396,0.11289037019014359
16770,19.0,0.04776986688375473,-0.04445128440856934,0.033876997977495195,0.0,0.45921467840671537,0.10008765161037445,0.04776986688375473
16780,23.0,0.05171490088105202,-0.047443521209061146,0.013849514164030552,0.0,0.4635256856679916,0.09797656759619713,0.05171490088105202
16790,18.6875,0.09636832773685455,-0.0452843364328146,0.019536568596959115,0.0,0.4636180490255356,0.11508493050932884,0.09636832773685455
16800,21.75,0.07618965208530426,-0.04339223019778728,0.02070547603070736,0.0,0.4628981947898865,0.10281234458088875,0.07618965208530426
16810,22.5,0.138241708278656,-0.03163884617388248,0.029608358070254324,0.0,0.46037737727165223,0.1113897979259491,0.138241708278656
16820,22.25,0.07039041072130203,-0.03630945570766926,0.05852995216846466,0.0,0.46053695380687715,0.09460753872990608,0.07039041072130203
16830,21.4375,0.09788613766431808,-0.04923317711800337,0.013790902309119701,0.0,0.4553781718015671,0.09175736382603646,0.09788613766431808
16840,23.9375,0.09852807223796844,-0.03286164924502373,0.029249101877212524,0.0,0.4655105471611023,0.100642279535532,0.09852807223796844
16850,17.625,0.09404496848583221,-0.037815877422690394,0.03758182153105736,0.0,0.45442394614219667,0.10299455597996712,0.09404496848583221
16860,20.25,0.07814303040504456,-0.03426653072237969,0.06342011541128159,0.0,0.45772929191589357,0.09039954263716936,0.07814303040504456
16870,23.3125,0.09294474124908447,-0.03507050182670355,0.08631725311279297,0.0,0.4609889417886734,0.09005916267633438,0.09294474124908447
16880,20.4375,0.0656391978263855,-0.05496008470654488,0.022014058381319045,0.0,0.4626631885766983,0.10200325325131417,0.0656391978263855
16890,28.4375,0.1180405542254448,-0.0506134107708931,0.03457899466156959,0.0,0.4630394458770752,0.10951927080750465,0.1180405542254448
16900,30.4375,0.09996908158063889,-0.045811259746551515,0.14904312491416932,0.0,0.46621595323085785,0.10002125948667526,0.09996908158063889
16910,16.875,0.06283067166805267,-0.055364508926868436,0.005865713395178318,0.0,0.45773574709892273,0.1042399175465107,0.06283067166805267
16920,27.5,0.13448059558868408,-0.04527259021997452,0.044832246750593184,0.0,0.46526683270931246,0.10551412478089332,0.13448059558868408
16930,23.875,0.11807462573051453,-0.039788441732525826,0.026370128244161607,0.0,0.4603110313415527,0.10148173794150353,0.11807462573051453
16940,17.9375,0.09530377388000488,-0.04232424907386303,0.03082944266498089,0.0,0.45849367380142214,0.11215123981237411,0.09530377388000488
16950,22.625,0.11407463997602463,-0.0337749782949686,0.057242824137210845,0.0,0.46709267795085907,0.11747635006904603,0.11407463997602463
16960,21.3125,0.12344276160001755,-0.030799902230501174,0.05223366916179657,0.0,0.47030953168869016,0.11077743917703628,0.12344276160001755
16970,23.25,0.07777619361877441,-0.04574465304613114,0.0364672988653183,0.0,0.4655292898416519,0.10123355463147163,0.07777619361877441
16980,18.875,0.13301417231559753,-0.03943551890552044,0.0504057914018631,0.0,0.46461215913295745,0.11937793381512166,0.13301417231559753
16990,17.875,0.11800974607467651,-0.031132224574685098,0.04120065718889236,0.0,0.4668302357196808,0.12250905930995941,0.11800974607467651
17000,25.375,0.16384971141815186,-0.037071329168975355,0.02573135867714882,0.0,0.4671653926372528,0.12414837628602982,0.16384971141815186
17010,25.875,0.11487884074449539,-0.036295317485928534,0.05340868160128594,0.0,0.4683389037847519,0.13113102987408637,0.11487884074449539
17020,27.1875,0.1379513442516327,-0.04210486635565758,0.046313945204019547,0.0,0.4639099448919296,0.11039000004529953,0.1379513442516327
17030,28.4375,0.12953758239746094,-0.04582013413310051,0.027415717020630836,0.0,0.4664001643657684,0.11624048799276351,0.12953758239746094
17040,25.875,0.1125616729259491,-0.03652757108211517,0.07524694204330444,0.0,0.4616406112909317,0.11804546192288398,0.1125616729259491
17050,21.1875,0.1175113320350647,-0.038772258535027505,0.07388747483491898,0.0,0.46392980217933655,0.11203195229172706,0.1175113320350647
17060,24.8125,0.09452077746391296,-0.034554377943277356,0.03134833239018917,0.0,0.4681207060813904,0.1159226693212986,0.09452077746391296
17070,18.625,0.10868427157402039,-0.034082095697522165,0.09501027017831802,0.0,0.4672897607088089,0.10670623257756233,0.10868427157402039
17080,21.0625,0.07473704218864441,-0.04110146313905716,0.11927159875631332,0.0,0.472886061668396,0.10697779133915901,0.07473704218864441
17090,26.3125,0.11782915890216827,-0.02924240715801716,0.019105369970202447,0.0,0.47038320899009706,0.10355286598205567,0.11782915890216827
17100,30.75,0.10493401437997818,-0.04968724548816681,0.01122002061456442,0.0,0.4735571086406708,0.1188107505440712,0.10493401437997818
17110,20.875,0.10278113931417465,-0.03388251140713692,0.03965210467576981,0.0,0.468198636174202,0.10129383802413941,0.10278113931417465
17120,24.625,0.08650907874107361,-0.04316051229834557,0.013147002831101418,0.0,0.4795264512300491,0.11607420891523361,0.08650907874107361
17130,20.25,0.08527450263500214,-0.03788983933627606,0.02207620404660702,0.0,0.47317996323108674,0.10917186439037323,0.08527450263500214
17140,19.9375,0.11697496473789215,-0.04074878133833408,0.02465459518134594,0.0,0.4739689975976944,0.10148759633302688,0.11697496473789215
17150,18.4375,0.07563573122024536,-0.03887744024395943,0.05127887576818466,0.0,0.47617359161376954,0.11497979313135147,0.07563573122024536
17160,14.5,0.05866393446922302,-0.025070052966475485,0.029925164952874183,0.0,0.474760913848877,0.10581842586398124,0.05866393446922302
17170,26.4375,0.1445150226354599,-0.0430103350430727,0.017200271785259246,0.0,0.4769757896661758,0.12650201320648194,0.1445150226354599
17180,26.5,0.11708424985408783,-0.04815610200166702,0.014434059523046017,0.0,0.4721949577331543,0.1144644133746624,0.11708424985408783
17190,31.5,0.08981966227293015,-0.03391007259488106,0.03744840621948242,0.0,0.4812869608402252,0.10917859859764575,0.08981966227293015
17200,12.375,0.09852217882871628,-0.0316124502569437,0.04447097107768059,0.0,0.4744793027639389,0.1131241649389267,0.09852217882871628
17210,23.375,0.11056419461965561,-0.0393422570079565,0.04990188553929329,0.0,0.47834535241127013,0.1078818641602993,0.11056419461965561
17220,25.875,0.07868803292512894,-0.05246388837695122,0.019309106469154357,0.0,0.47719194889068606,0.12389765083789825,0.07868803292512894
17230,21.1875,0.08887305855751038,-0.05238994136452675,0.006863457709550857,0.0,0.47350514531135557,0.12277552559971809,0.08887305855751038
17240,19.1875,0.10572205483913422,-0.05465246643871069,0.010470405220985413,0.0,0.4777357280254364,0.10977702587842941,0.10572205483913422
17250,28.5625,0.10090214759111404,-0.04713710062205791,0.015317455679178239,0.0,0.4823762744665146,0.1121489316225052,0.10090214759111404
17260,23.875,0.13510984182357788,-0.02622465118765831,0.03110765777528286,0.0,0.4780422240495682,0.12845160067081451,0.13510984182357788
17270,31.375,0.11876803636550903,-0.03007449358701706,0.05218628942966461,0.0,0.4750612199306488,0.11663209348917007,0.11876803636550903
17280,26.3125,0.08771158754825592,-0.04595305733382702,0.01323152706027031,0.0,0.47910805940628054,0.11293160319328308,0.08771158754825592
17290,18.9375,0.1187133938074112,-0.03615452274680138,0.03168176934123039,0.0,0.47941194772720336,0.11840789765119553,0.1187133938074112
17300,23.125,0.12205192446708679,-0.04873695047572255,0.006746447645127773,0.0,0.48295770585536957,0.13083219677209854,0.12205192446708679
17310,20.0,0.11919553577899933,-0.03942679651081562,0.0614583931863308,0.0,0.4836834013462067,0.12018094733357429,0.11919553577899933
17320,28.5625,0.1149185448884964,-0.04490034654736519,0.016388537548482417,0.0,0.48557178378105165,0.113797889649868,0.1149185448884964
17330,20.375,0.09887591749429703,-0.031253636628389356,0.047570503503084186,0.0,0.4807311177253723,0.1128007136285305,0.09887591749429703
17340,21.4375,0.09578213840723038,-0.026359959319233895,0.037129181623458865,0.0,0.4891217201948166,0.10457644611597061,0.09578213840723038
17350,19.5,0.08652327209711075,-0.03732684068381786,0.03749948069453239,0.0,0.48864521384239196,0.1079142764210701,0.08652327209711075
17360,26.3125,0.09025818854570389,-0.049264077097177505,0.025919393822550773,0.0,0.4868226766586304,0.10478171482682228,0.09025818854570389
17370,24.9375,0.15794385969638824,-0.05043217316269875,0.03181079737842083,0.0,0.4853819340467453,0.11756224185228348,0.15794385969638824
17380,18.5,0.07663651555776596,-0.04764744192361832,0.06123293042182922,0.0,0.4878908634185791,0.11477863043546677,0.07663651555776596
17390,21.4375,0.0904979333281517,-0.051454150676727296,0.03602474704384804,0.0,0.4851806402206421,0.11150675490498543,0.0904979333281517
17400,23.4375,0.09360118210315704,-0.03751284535974264,0.0370150625705719,0.0,0.4834087312221527,0.11453036218881607,0.09360118210315704
17410,19.0,0.11357114464044571,-0.039579115062952044,0.02606370709836483,0.0,0.48615941405296326,0.11701476573944092,0.11357114464044571
17420,29.75,0.1157594621181488,-0.033782650157809256,0.058816485852003095,0.0,0.4919947564601898,0.12472490817308426,0.1157594621181488
17430,17.875,0.1083541065454483,-0.05016561634838581,0.028645111620426177,0.0,0.47884943783283235,0.12217101007699967,0.1083541065454483
17440,16.875,0.09011390805244446,-0.040681803971529006,0.03855622783303261,0.0,0.4813221961259842,0.11980468481779098,0.09011390805244446
17450,23.6875,0.09682278335094452,-0.036783944070339206,0.017971184104681015,0.0,0.47985559403896333,0.11064864322543144,0.09682278335094452
17460,22.75,0.09431867301464081,-0.04637069366872311,0.02964952364563942,0.0,0.4798093974590302,0.10615117996931075,0.09431867301464081
17470,19.3125,0.07478882372379303,-0.050104448944330214,0.011918903701007367,0.0,0.4796977907419205,0.11063306778669357,0.07478882372379303
17480,16.75,0.10677306354045868,-0.03895368054509163,0.03141965717077255,0.0,0.48026661574840546,0.11592215448617935,0.10677306354045868
17490,21.375,0.08941881358623505,-0.04610221236944199,0.014215705543756485,0.0,0.4811495035886765,0.11990033984184265,0.08941881358623505
17500,17.5625,0.12404576689004898,-0.032903748005628584,0.019198371469974516,0.0,0.4745819985866547,0.12199625968933106,0.12404576689004898
17510,24.125,0.06925319135189056,-0.038853404298424724,0.10848482549190522,0.0,0.4735661655664444,0.1034353606402874,0.06925319135189056
17520,26.3125,0.11487407982349396,-0.05207658857107163,0.022565701231360435,0.0,0.4751830518245697,0.10888625681400299,0.11487407982349396
17530,29.0625,0.11170102655887604,-0.03353968262672424,0.056253644078969954,0.0,0.4821342408657074,0.10850319564342499,0.11170102655887604
17540,24.4375,0.11525949835777283,-0.055365695338696244,0.012919402867555618,0.0,0.4829662173986435,0.11484762206673622,0.11525949835777283
17550,20.4375,0.12362846732139587,-0.04485817067325115,0.0993687704205513,0.0,0.48276919424533843,0.12571271508932114,0.12362846732139587
17560,23.6875,0.11182676255702972,-0.04350192360579967,0.06695745810866356,0.0,0.483495357632637,0.11128794848918915,0.11182676255702972
17570,27.5,0.11137858033180237,-0.018297727406024932,0.09585851728916168,0.0,0.4867358714342117,0.10959147289395332,0.11137858033180237
17580,23.625,0.09413838386535645,-0.04640606269240379,0.031225154176354408,0.0,0.4889879047870636,0.12362529933452607,0.09413838386535645
17590,23.5625,0.16196967661380768,-0.03403443470597267,0.05590580180287361,0.0,0.4938326895236969,0.1291814014315605,0.16196967661380768
17600,25.0625,0.09143601357936859,-0.04411287419497967,0.07557796388864517,0.0,0.4860658049583435,0.11114355698227882,0.09143601357936859
17610,15.3125,0.0774001032114029,-0.037383973598480225,0.03192243501543999,0.0,0.490159410238266,0.12375936135649682,0.0774001032114029
17620,19.8125,0.04759544879198074,-0.04166903756558895,0.09898708909749984,0.0,0.4854241102933884,0.1146695252507925,0.04759544879198074
17630,18.5,0.12740331888198853,-0.037801983021199706,0.04247509092092514,0.0,0.4907007783651352,0.12557293176651002,0.12740331888198853
17640,20.625,0.12547069787979126,-0.02818620465695858,0.05058175995945931,0.0,0.49120526015758514,0.11097402349114419,0.12547069787979126
17650,16.125,0.0847262591123581,-0.037846806831657885,0.04720010906457901,0.0,0.48617965579032896,0.11296097561717033,0.0847262591123581
17660,19.25,0.1342550665140152,-0.032651330903172494,0.02199626974761486,0.0,0.4880775481462479,0.13054604455828667,0.1342550665140152
17670,16.3125,0.10860512405633926,-0.04859782159328461,0.013825349882245064,0.0,0.4825637489557266,0.11127525344491004,0.10860512405633926
17680,20.9375,0.10295545309782028,-0.03630631715059281,0.02638051025569439,0.0,0.48070120215415957,0.09825501888990402,0.10295545309782028
17690,21.1875,0.09421108663082123,-0.04750234633684158,0.015685489028692247,0.0,0.4840989619493484,0.10539405345916748,0.09421108663082123
17700,19.25,0.07762197405099869,-0.06099461019039154,0.01982780210673809,0.0,0.48484004735946656,0.11203403361141681,0.07762197405099869
17710,16.125,0.07934539020061493,-0.043323902413249016,0.05133574455976486,0.0,0.48458698987960813,0.1181793138384819,0.07934539020061493
17720,22.5,0.09660708159208298,-0.05359182432293892,0.0404742419719696,0.0,0.4909160017967224,0.12038474380970002,0.09660708159208298
17730,14.9375,0.05744773894548416,-0.04067203663289547,0.02581063285470009,0.0,0.49163094758987425,0.12190554663538933,0.05744773894548416
17740,15.75,0.08739811182022095,-0.04262512158602476,0.13885256350040437,0.0,0.48358269929885866,0.12029832527041436,0.08739811182022095
17750,24.875,0.09101669490337372,-0.04475017972290516,0.018427693471312522,0.0,0.4918167173862457,0.11672822535037994,0.09101669490337372
17760,28.25,0.134750634431839,-0.03213302791118622,0.03894863724708557,0.0,0.4850561559200287,0.12888916954398155,0.134750634431839
17770,23.625,0.11465134471654892,-0.03940104506909847,0.026454906538128854,0.0,0.4876860201358795,0.13721990063786507,0.11465134471654892
17780,20.1875,0.12498979270458221,-0.05124507211148739,0.02049410343170166,0.0,0.49178876280784606,0.12331209555268288,0.12498979270458221
17790,23.125,0.10358788073062897,-0.04092004932463169,0.1095355823636055,0.0,0.49126283526420594,0.12508484870195388,0.10358788073062897
17800,25.0,0.14005807042121887,-0.03842505253851414,0.030782466381788255,0.0,0.48645959198474886,0.11512586548924446,0.14005807042121887
17810,22.5,0.12453893572092056,-0.04764833301305771,0.027657711505889894,0.0,0.4924566686153412,0.11986803561449051,0.12453893572092056
17820,26.875,0.1287427693605423,-0.04038609340786934,0.015550347231328487,0.0,0.49432975649833677,0.12427465468645096,0.1287427693605423
17830,22.625,0.12070030719041824,-0.034532157331705095,0.07452027648687362,0.0,0.494287770986557,0.12460303381085396,0.12070030719041824
17840,28.9375,0.13620996475219727,-0.048625043034553526,0.025487865135073662,0.0,0.4847111880779266,0.1336357392370701,0.13620996475219727
17850,22.5,0.08882051706314087,-0.04034707248210907,0.04746989384293556,0.0,0.4884242832660675,0.1295881301164627,0.08882051706314087
17860,25.875,0.11849386245012283,-0.03790796622633934,0.07194052636623383,0.0,0.49241949915885924,0.11752023994922638,0.11849386245012283
17870,24.1875,0.12510648369789124,-0.044001360237598416,0.020224440842866898,0.0,0.4878998279571533,0.11041756123304367,0.12510648369789124
17880,21.625,0.10567747056484222,-0.05192832611501217,0.009024956449866294,0.0,0.48903028666973114,0.11506987065076828,0.10567747056484222
17890,29.3125,0.14546889066696167,-0.03970091864466667,0.029861584678292273,0.0,0.4874538451433182,0.10684799402952194,0.14546889066696167
17900,18.8125,0.07377085834741592,-0.04407000672072172,0.027394812554121017,0.0,0.4909446507692337,0.10324436202645301,0.07377085834741592
17910,21.4375,0.10450808703899384,-0.043896837159991264,0.05014803633093834,0.0,0.4921803683042526,0.10389826595783233,0.10450808703899384
17920,24.8125,0.09359154105186462,-0.0464432530105114,0.02951626665890217,0.0,0.48961205780506134,0.10865872204303742,0.09359154105186462
17930,23.4375,0.13901424407958984,-0.041193416342139244,0.11767667829990387,0.0,0.4965376824140549,0.10893238931894303,0.13901424407958984
17940,25.625,0.12171123921871185,-0.04793336736038327,0.0240456972271204,0.0,0.49148007333278654,0.1086740180850029,0.12171123921871185
17950,28.4375,0.09122221171855927,-0.04406860210001469,0.021048717945814133,0.0,0.49840183556079865,0.11226187907159328,0.09122221171855927
17960,19.875,0.15858149528503418,-0.03319856971502304,0.011323277279734612,0.0,0.49148182272911073,0.11850116401910782,0.15858149528503418
17970,26.6875,0.07828198373317719,-0.04753270149230957,0.01637815162539482,0.0,0.49659806191921235,0.12375863119959832,0.07828198373317719
17980,20.0,0.09967398643493652,-0.046309398487210274,0.05594531744718552,0.0,0.4953695207834244,0.11640082448720931,0.09967398643493652
17990,21.4375,0.11793714016675949,-0.040378247201442716,0.04330808445811272,0.0,0.5050210624933242,0.11949414387345314,0.11793714016675949
18000,25.75,0.1321176290512085,-0.03935822322964668,0.021442529186606406,0.0,0.5006352186203002,0.1342102251946926,0.1321176290512085
18010,21.0625,0.14527858793735504,-0.03765209838747978,0.03775351122021675,0.0,0.4990351915359497,0.12109638676047325,0.14527858793735504
18020,21.5625,0.14556345343589783,-0.03398060705512762,0.0634839192032814,0.0,0.49495862126350404,0.13309649080038072,0.14556345343589783
18030,24.4375,0.13863030076026917,-0.04519232138991356,0.03583313748240471,0.0,0.49992887675762177,0.13616975024342537,0.13863030076026917
18040,18.625,0.10980568826198578,-0.03377167880535126,0.038410109281539914,0.0,0.5015987008810043,0.11951735019683837,0.10980568826198578
18050,21.6875,0.15612751245498657,-0.04162859469652176,0.07456955015659332,0.0,0.50389164686203,0.1177509032189846,0.15612751245498657
18060,26.375,0.13989406824111938,-0.04031694605946541,0.018889455124735832,0.0,0.4982481777667999,0.1272074207663536,0.13989406824111938
18070,24.1875,0.10757391899824142,-0.042292923852801326,0.10210292786359787,0.0,0.5009745925664901,0.11911621317267418,0.10757391899824142
18080,21.0625,0.1351206749677658,-0.03064381256699562,0.09866867512464524,0.0,0.5018915176391602,0.13191267028450965,0.1351206749677658
18090,22.5625,0.08802960067987442,-0.045318267308175564,0.036741582304239274,0.0,0.502905797958374,0.11491388082504272,0.08802960067987442
18100,23.25,0.15017101168632507,-0.04362309500575066,0.020960982516407968,0.0,0.5016185075044632,0.12467069700360298,0.15017101168632507
18110,20.75,0.13137869536876678,-0.03273096233606339,0.093626768887043,0.0,0.5030046999454498,0.1412760592997074,0.13137869536876678
18120,25.375,0.11312320828437805,-0.04856054466217756,0.012032097019255162,0.0,0.5018454641103745,0.12390741184353829,0.11312320828437805
18130,18.875,0.11021231859922409,-0.039303098991513255,0.047632258385419846,0.0,0.4962941467761993,0.12464057877659798,0.11021231859922409
18140,21.4375,0.1094626933336258,-0.03688251338899136,0.018913711234927178,0.0,0.49273268282413485,0.13814245238900186,0.1094626933336258
18150,23.5,0.11990827322006226,-0.037709427624940874,0.03538249209523201,0.0,0.4970779836177826,0.14093105494976044,0.11990827322006226
18160,19.625,0.10679282248020172,-0.04682145603001118,0.15884465277194976,0.0,0.5010366916656495,0.12963240295648576,0.10679282248020172
18170,26.5,0.1352097988128662,-0.030822567641735077,0.04296842813491821,0.0,0.5032463282346725,0.1376690000295639,0.1352097988128662
18180,25.5625,0.1477198302745819,-0.030076706781983376,0.09106201827526092,0.0,0.5004258245229721,0.14340916648507118,0.1477198302745819
18190,24.375,0.13897424936294556,-0.047045329585671425,0.06772905588150024,0.0,0.4967451274394989,0.13863109201192855,0.13897424936294556
18200,27.875,0.14509853720664978,-0.04239353910088539,0.052944973856210706,0.0,0.5033453613519668,0.13775914460420607,0.14509853720664978
18210,22.9375,0.13423946499824524,-0.044168277829885486,0.03293922394514084,0.0,0.5030654847621918,0.1342247821390629,0.13423946499824524
18220,25.25,0.1304149180650711,-0.03427430205047131,0.0594499833881855,0.0,0.5029095947742462,0.14282244443893433,0.1304149180650711
18230,23.3125,0.11598490178585052,-0.05367630124092102,0.021675021201372147,0.0,0.5064765870571136,0.13801453560590743,0.11598490178585052
18240,24.25,0.12822487950325012,-0.04662475734949112,0.07376413196325302,0.0,0.5049720138311387,0.1336722269654274,0.12822487950325012
18250,25.9375,0.17229512333869934,-0.03684506826102733,0.04705190286040306,0.0,0.5089541912078858,0.14345288947224616,0.17229512333869934
18260,22.625,0.14277690649032593,-0.049661371111869815,0.18544570207595826,0.0,0.5099325895309448,0.13033823370933534,0.14277690649032593
18270,27.1875,0.185747429728508,-0.037358933687210084,0.01969148628413677,0.0,0.5080617278814316,0.15606725141406058,0.185747429728508
18280,19.75,0.09147222340106964,-0.050010727159678935,0.06347049474716186,0.0,0.5039212614297867,0.14151621907949447,0.09147222340106964
18290,24.125,0.1481439471244812,-0.04095025192946196,0.07026668637990952,0.0,0.5051281571388244,0.1323996067047119,0.1481439471244812
18300,19.75,0.12609459459781647,-0.0418718196451664,0.04005988240242005,0.0,0.5104081690311432,0.13806896209716796,0.12609459459781647
18310,22.625,0.1291159987449646,-0.038346261531114575,0.08675050735473633,0.0,0.508869332075119,0.1378469206392765,0.1291159987449646
18320,20.9375,0.1268497258424759,-0.04792911894619465,0.01101121325045824,0.0,0.5072535246610641,0.1402939684689045,0.1268497258424759
18330,24.625,0.14151786267757416,-0.04225711524486542,0.039211945980787276,0.0,0.5061356037855148,0.13902427032589912,0.14151786267757416
18340,20.3125,0.13184033334255219,-0.05753323286771774,0.010009603947401047,0.0,0.5084875226020813,0.13765449672937394,0.13184033334255219
18350,20.0625,0.12019649147987366,-0.04216570630669594,0.012945599667727948,0.0,0.5070100575685501,0.13283907994627953,0.12019649147987366
18360,16.5625,0.10144753754138947,-0.03601124733686447,0.024086856096982957,0.0,0.5108787715435028,0.14299739077687262,0.10144753754138947
18370,29.5,0.14838331937789917,-0.04382450114935636,0.01068539172410965,0.0,0.5091321647167206,0.14701459258794786,0.14838331937789917
18380,21.1875,0.11011647433042526,-0.03614755980670452,0.0984877809882164,0.0,0.5122323840856552,0.1386427104473114,0.11011647433042526
18390,23.625,0.12214381992816925,-0.044244293868541715,0.028155824542045592,0.0,0.5093337416648864,0.1420750305056572,0.12214381992816925
18400,19.3125,0.12555019557476044,-0.034925781562924384,0.0239272378385067,0.0,0.5111504465341568,0.14881905317306518,0.12555019557476044
18410,15.75,0.10993769764900208,-0.03823826014995575,0.039863694459199905,0.0,0.5090016841888427,0.15688327103853225,0.10993769764900208
18420,22.9375,0.11504476517438889,-0.05506320968270302,0.015486827492713929,0.0,0.5043339312076569,0.14604374170303344,0.11504476517438889
18430,20.25,0.09416289627552032,-0.03703448474407196,0.04439641907811165,0.0,0.505372753739357,0.13840751126408576,0.09416289627552032
18440,22.25,0.14502063393592834,-0.04084801822900772,0.017084366455674172,0.0,0.509359461069107,0.1475125879049301,0.14502063393592834
18450,24.6875,0.14124736189842224,-0.03216753341257572,0.06949939578771591,0.0,0.5057376831769943,0.13952421098947526,0.14124736189842224
18460,21.8125,0.09013628959655762,-0.04183113686740399,0.02736594043672085,0.0,0.5004025399684906,0.13409727588295936,0.09013628959655762
18470,11.3125,0.09578768908977509,-0.04088560342788696,0.02155238501727581,0.0,0.4975600838661194,0.13299779817461968,0.09578768908977509
18480,22.375,0.13439826667308807,-0.045595109835267066,0.01326580010354519,0.0,0.49903674721717833,0.13631566762924194,0.13439826667308807
18490,25.8125,0.14580395817756653,-0.03838370218873024,0.01747693754732609,0.0,0.5015478312969208,0.13963916674256324,0.14580395817756653
18500,25.75,0.16190782189369202,-0.03876328803598881,0.039733771979808805,0.0,0.4975400984287262,0.1419519305229187,0.16190782189369202
18510,18.5625,0.1291148066520691,-0.03650001734495163,0.016912180185317992,0.0,0.5048793673515319,0.14175874292850493,0.1291148066520691
18520,18.9375,0.1261363923549652,-0.03347335495054722,0.021345891430974005,0.0,0.5016343176364899,0.14065900593996047,0.1261363923549652
18530,25.5,0.1617617905139923,-0.03240614272654056,0.024449189007282258,0.0,0.5035617530345917,0.14769909679889678,0.1617617905139923
18540,21.5625,0.1455461084842682,-0.03996772095561028,0.03779459372162819,0.0,0.5000132322311401,0.14403515607118605,0.1455461084842682
18550,16.8125,0.10757017135620117,-0.04870602134615183,0.0237934697419405,0.0,0.5046186059713363,0.14549821242690086,0.10757017135620117
18560,32.25,0.16408582031726837,-0.03837629705667496,0.016111945360898973,0.0,0.5030410468578339,0.14952120780944825,0.16408582031726837
18570,18.0625,0.11442359536886215,-0.04226376190781593,0.048181154578924176,0.0,0.5030527383089065,0.1427672438323498,0.11442359536886215
18580,22.3125,0.16141340136528015,-0.03763383179903031,0.016244891472160815,0.0,0.505759733915329,0.13862577676773072,0.16141340136528015
18590,24.1875,0.1370932012796402,-0.041603201627731325,0.03468687534332275,0.0,0.5027991265058518,0.1388586774468422,0.1370932012796402
18600,21.5625,0.1337561309337616,-0.03136823922395706,0.06424632892012597,0.0,0.5047949492931366,0.1438493013381958,0.1337561309337616
18610,20.125,0.1345377117395401,-0.041828567162156105,0.012551276199519634,0.0,0.5039236426353455,0.14464951753616334,0.1345377117395401
18620,17.375,0.09926573932170868,-0.04444719217717648,0.010905386507511139,0.0,0.4940421164035797,0.13160618618130684,0.09926573932170868
18630,23.875,0.1408984512090683,-0.02467644736170769,0.05310078859329224,0.0,0.5015226244926453,0.1370661698281765,0.1408984512090683
18640,23.4375,0.1277894377708435,-0.0322278905659914,0.0451726071536541,0.0,0.49799268543720243,0.14144196063280107,0.1277894377708435
18650,22.6875,0.11826761066913605,-0.04077409729361534,0.03496408984065056,0.0,0.4973941743373871,0.13004824817180632,0.11826761066913605
18660,21.625,0.1401621699333191,-0.0250843308866024,0.03980061486363411,0.0,0.501373428106308,0.12017719745635987,0.1401621699333191
18670,28.75,0.1052325963973999,-0.04440924227237701,0.07483302950859069,0.0,0.5070168644189834,0.13725926578044892,0.1052325963973999
18680,18.8125,0.13014686107635498,-0.0381724514067173,0.03834432661533356,0.0,0.499715456366539,0.1384357690811157,0.13014686107635498
18690,23.75,0.12317958474159241,-0.045182842388749124,0.017824798077344894,0.0,0.5052114069461823,0.12409613728523254,0.12317958474159241
18700,23.5,0.13186541199684143,-0.0517012644559145,0.012713490426540375,0.0,0.5025934398174285,0.13885616213083268,0.13186541199684143
18710,26.125,0.1259465217590332,-0.04852689430117607,0.0158585112541914,0.0,0.5070815265178681,0.12648813650012017,0.1259465217590332
18720,26.0,0.14660954475402832,-0.023349928855895995,0.029957907274365425,0.0,0.5023485213518143,0.1452339507639408,0.14660954475402832
18730,25.875,0.1415984332561493,-0.037702325358986856,0.08210586160421371,0.0,0.503554168343544,0.13926125168800355,0.1415984332561493
18740,26.4375,0.14469528198242188,-0.05385612454265356,0.013467782363295554,0.0,0.506486228108406,0.1426612839102745,0.14469528198242188
18750,21.0625,0.13055217266082764,-0.03418811485171318,0.08773066699504853,0.0,0.503246933221817,0.1399918496608734,0.13055217266082764
18760,21.5625,0.09680769592523575,-0.046428123489022255,0.01545923613011837,0.0,0.5042747974395752,0.13252347707748413,0.09680769592523575
18770,20.9375,0.13164269924163818,-0.03855196926742792,0.0762719064950943,0.0,0.509441339969635,0.13725317269563675,0.13164269924163818
18780,20.0625,0.137746199965477,-0.04898571670055389,0.008260316401720046,0.0,0.5043292343616486,0.13988831639289856,0.137746199965477
18790,21.0,0.10640035569667816,-0.04394118338823318,0.025143130868673324,0.0,0.5012117803096772,0.13025320544838906,0.10640035569667816
18800,18.875,0.10493704676628113,-0.04744534492492676,0.019336214289069176,0.0,0.49981159865856173,0.1394688107073307,0.10493704676628113
18810,23.75,0.10139631479978561,-0.05004838667809963,0.0318246990442276,0.0,0.501073744893074,0.1291087046265602,0.10139631479978561
18820,20.8125,0.10347217321395874,-0.05140259861946106,0.016769431345164777,0.0,0.4969149589538574,0.1353851117193699,0.10347217321395874
18830,15.8125,0.040700532495975494,-0.05276666693389416,0.006398997642099858,0.0,0.49621593952178955,0.10934360027313232,0.040700532495975494
18840,25.25,0.0989147275686264,-0.05228910818696022,0.008873586356639863,0.0,0.4965509206056595,0.12573533356189728,0.0989147275686264
18850,19.1875,0.08548764884471893,-0.04143858691677451,0.06429541110992432,0.0,0.49794516563415525,0.13108481839299202,0.08548764884471893
18860,27.5,0.14891603589057922,-0.04363242574036121,0.014420085027813912,0.0,0.49754747152328493,0.12318975925445556,0.14891603589057922
18870,18.3125,0.08666206896305084,-0.0375188834965229,0.062075525522232056,0.0,0.49493029713630676,0.13504180312156677,0.08666206896305084
18880,23.6875,0.13506343960762024,-0.03991571068763733,0.0746348574757576,0.0,0.5031469583511352,0.15006449371576308,0.13506343960762024
18890,19.5625,0.15140196681022644,-0.03645258126780391,0.11672729402780532,0.0,0.5022814840078353,0.13719077184796333,0.15140196681022644
18900,21.8125,0.12086393684148788,-0.04477075710892677,0.01744413636624813,0.0,0.5023829817771912,0.13055962696671486,0.12086393684148788
18910,21.1875,0.10189616680145264,-0.035561034083366395,0.0458031952381134,0.0,0.5064022660255432,0.13700049221515656,0.10189616680145264
18920,16.1875,0.07964683324098587,-0.0549970380961895,0.019809197261929513,0.0,0.5092080593109131,0.13664695546030997,0.07964683324098587
18930,26.9375,0.14358696341514587,-0.035166488774120805,0.023086947947740556,0.0,0.509898567199707,0.14702308923006058,0.14358696341514587
18940,19.375,0.11005052179098129,-0.038208397850394246,0.046734247356653214,0.0,0.5124956011772156,0.14511847347021103,0.11005052179098129
18950,16.1875,0.11285030841827393,-0.035833214223384854,0.056340860575437544,0.0,0.5128683000802994,0.13703636825084686,0.11285030841827393
18960,17.875,0.1499495804309845,-0.03836549762636423,0.07867898792028427,0.0,0.5143601894378662,0.14998478665947915,0.1499495804309845
18970,29.875,0.16390171647071838,-0.052111481130123136,0.032541016861796376,0.0,0.5127270579338074,0.1474598154425621,0.16390171647071838
18980,22.6875,0.14829543232917786,-0.050864411145448686,0.01358006577938795,0.0,0.5121580123901367,0.13971759080886842,0.14829543232917786
18990,24.3125,0.1622176319360733,-0.028341763094067572,0.059933402389287946,0.0,0.5157259166240692,0.14762767553329467,0.1622176319360733
19000,23.5,0.142594575881958,-0.043518229573965075,0.03334457725286484,0.0,0.5135450541973114,0.14871586337685586,0.142594575881958
19010,18.5,0.12541720271110535,-0.035411642491817476,0.04576511904597282,0.0,0.5147969603538514,0.13161249607801437,0.12541720271110535
19020,21.3125,0.14918792247772217,-0.046246396750211714,0.015272416360676288,0.0,0.5112695097923279,0.1490281343460083,0.14918792247772217
19030,27.0625,0.16185292601585388,-0.03207734208554029,0.0344680305570364,0.0,0.5168253958225251,0.14305572509765624,0.16185292601585388
19040,22.0625,0.10148171335458755,-0.04303718283772469,0.028893227875232696,0.0,0.5200153291225433,0.1436940312385559,0.10148171335458755
19050,29.1875,0.1431848406791687,-0.03245823793113232,0.031961701437830926,0.0,0.5199875056743621,0.14984898865222931,0.1431848406791687
19060,23.0,0.138790100812912,-0.042787072528153655,0.025898854807019235,0.0,0.5144914746284485,0.14900187999010087,0.138790100812912
19070,27.0625,0.1536014825105667,-0.04310457855463028,0.019554295390844346,0.0,0.5157147109508514,0.15709173157811165,0.1536014825105667
19080,22.5625,0.16335949301719666,-0.05070761889219284,0.013574073277413844,0.0,0.5216868221759796,0.1484728530049324,0.16335949301719666
19090,23.125,0.16596120595932007,-0.038510756194591524,0.02197181209921837,0.0,0.5199549973011017,0.15658925026655196,0.16596120595932007
19100,21.125,0.17677028477191925,-0.03141247108578682,0.07673114091157913,0.0,0.5122121870517731,0.1462976723909378,0.17677028477191925
19110,14.375,0.08212555944919586,-0.049764718115329745,0.014662947691977023,0.0,0.5171734094619751,0.1376838780939579,0.08212555944919586
19120,22.375,0.14215031266212463,-0.03872934393584728,0.041618849337100985,0.0,0.5138477742671966,0.14773349314928055,0.14215031266212463
19130,22.1875,0.1557665467262268,-0.05254543274641037,0.013481455110013484,0.0,0.5124822705984116,0.1501018300652504,0.1557665467262268
19140,23.75,0.1538802981376648,-0.04994000755250454,0.010729648172855377,0.0,0.5131841897964478,0.14758461713790894,0.1538802981376648
19150,22.125,0.13688254356384277,-0.054556332901120184,0.01359645016491413,0.0,0.5135376155376434,0.13700464591383935,0.13688254356384277
19160,23.0,0.12213112413883209,-0.029082635045051576,0.019233529269695283,0.0,0.509693831205368,0.1292908288538456,0.12213112413883209
19170,22.875,0.16197086870670319,-0.04229630641639233,0.06650036573410034,0.0,0.5065237492322922,0.13937709480524063,0.16197086870670319
19180,27.4375,0.1258677840232849,-0.05042772218585014,0.010651016421616078,0.0,0.5085721433162689,0.14179359376430511,0.1258677840232849
19190,19.125,0.13059043884277344,-0.04484561197459698,0.01841871440410614,0.0,0.5044765084981918,0.13463549315929413,0.13059043884277344
19200,20.75,0.11959803104400635,-0.03648105561733246,0.08023455739021301,0.0,0.5065920293331146,0.14497778713703155,0.11959803104400635
19210,18.0,0.14148646593093872,-0.04135689847171307,0.014744995534420014,0.0,0.5106178462505341,0.13727778792381287,0.14148646593093872
19220,17.6875,0.152920201420784,-0.004252593219280243,0.022261692956089974,0.0,0.5139924466609955,0.15483204573392867,0.152920201420784
19230,22.1875,0.12531256675720215,-0.028650681674480438,0.04003232568502426,0.0,0.5174920320510864,0.1457851693034172,0.12531256675720215
19240,26.0625,0.13831090927124023,-0.03219841606914997,0.030773983895778657,0.0,0.5150676012039185,0.14447667077183723,0.13831090927124023
19250,30.0625,0.15881118178367615,-0.047191503643989566,0.01391939800232649,0.0,0.5120096862316131,0.14744972884655,0.15881118178367615
19260,20.0,0.14497670531272888,-0.03773322068154812,0.009884291514754295,0.0,0.5094200015068054,0.11591572761535644,0.14497670531272888
19270,22.1875,0.15545697510242462,-0.03697621282190085,0.031669487804174425,0.0,0.5111431360244751,0.14233745336532594,0.15545697510242462
19280,27.3125,0.12230725586414337,-0.044922422245144845,0.02643699161708355,0.0,0.5105002880096435,0.14495779052376748,0.12230725586414337
19290,19.375,0.12460203468799591,-0.04415443874895573,0.01026251632720232,0.0,0.5098929971456527,0.14410760253667831,0.12460203468799591
19300,18.125,0.11767864227294922,-0.046295180916786194,0.012504291161894799,0.0,0.5089351385831833,0.14751994162797927,0.11767864227294922
19310,25.3125,0.16387349367141724,-0.044178194366395473,0.015756191127002238,0.0,0.5102719187736511,0.1439089670777321,0.16387349367141724
19320,21.75,0.11182919889688492,-0.05062768943607807,0.018504228815436362,0.0,0.5129020065069199,0.14039759784936906,0.11182919889688492
19330,21.875,0.17145170271396637,-0.03403864689171314,0.02596438638865948,0.0,0.5133509516716004,0.14845736548304558,0.17145170271396637
19340,18.0,0.10063456743955612,-0.04919275008141995,0.016546595469117166,0.0,0.517507016658783,0.14524428844451903,0.10063456743955612
19350,19.75,0.12353651225566864,-0.05491941571235657,0.02577100247144699,0.0,0.5183141469955445,0.1488608419895172,0.12353651225566864
19360,19.0,0.10964740812778473,-0.04754457734525204,0.010482646524906158,0.0,0.5170289754867554,0.1450355425477028,0.10964740812778473
19370,25.8125,0.15122613310813904,-0.05083554089069366,0.019005174934864043,0.0,0.5181526839733124,0.15281204432249068,0.15122613310813904
19380,20.25,0.13393908739089966,-0.04097994230687618,0.016522031649947165,0.0,0.5203672349452972,0.15206167101860046,0.13393908739089966
19390,24.3125,0.18263909220695496,-0.034071770310401914,0.008032628055661916,0.0,0.5204646468162537,0.1628239169716835,0.18263909220695496
19400,29.1875,0.1387448012828827,-0.04241548292338848,0.07676034420728683,0.0,0.5231527209281921,0.15271433144807817,0.1387448012828827
19410,24.375,0.1319727599620819,-0.04981803297996521,0.020856613665819167,0.0,0.5201136946678162,0.1598334029316902,0.1319727599620819
19420,23.9375,0.1464732587337494,-0.03768579475581646,0.05358543768525124,0.0,0.5201687157154083,0.15442826449871064,0.1464732587337494
19430,28.0625,0.14528611302375793,-0.035944218188524245,0.035732351988554,0.0,0.5193517744541168,0.15376551896333696,0.14528611302375793
19440,19.1875,0.16956102848052979,-0.03560965657234192,0.034395162016153336,0.0,0.5192927479743957,0.13940071538090706,0.16956102848052979
19450,18.8125,0.12409144639968872,-0.04368258528411388,0.06709428951144218,0.0,0.5210958123207092,0.1598629340529442,0.12409144639968872
19460,19.375,0.14224055409431458,-0.04660142958164215,0.01857130192220211,0.0,0.517208582162857,0.1501365803182125,0.14224055409431458
19470,19.625,0.14383643865585327,-0.041406867839396,0.008968204632401467,0.0,0.525009685754776,0.16457900851964952,0.14383643865585327
19480,21.8125,0.14413762092590332,-0.0399726502597332,0.08089812248945236,0.0,0.5215096712112427,0.1580001763999462,0.14413762092590332
19490,19.9375,0.15368184447288513,-0.035377797484397885,0.019476551190018655,0.0,0.5242512404918671,0.16522619426250457,0.15368184447288513
19500,21.125,0.15133002400398254,-0.033685576543211936,0.033047765493392944,0.0,0.5323400616645813,0.16781751364469527,0.15133002400398254
19510,29.3125,0.1604079008102417,-0.05147804878652096,0.017219648137688635,0.0,0.5316253423690795,0.17411090135574342,0.1604079008102417
19520,17.875,0.12275232374668121,-0.049869604595005515,0.014367092959582805,0.0,0.5266197025775909,0.15606530159711837,0.12275232374668121
19530,25.25,0.15707527101039886,-0.03873981535434723,0.011913396418094635,0.0,0.5259675085544586,0.16521195322275162,0.15707527101039886
19540,25.125,0.13779090344905853,-0.03965239375829697,0.02045084275305271,0.0,0.5260831654071808,0.17124319970607757,0.13779090344905853
19550,13.0625,0.13263186812400818,-0.0495294202119112,0.008873727917671204,0.0,0.5179288446903229,0.16929893642663957,0.13263186812400818
19560,19.75,0.11366941034793854,-0.04443966280668974,0.027039076387882232,0.0,0.5289935886859893,0.16507049202919005,0.11366941034793854
19570,24.4375,0.1426914632320404,-0.03473079260438681,0.044258635491132736,0.0,0.5289740204811096,0.16744466722011567,0.1426914632320404
19580,19.4375,0.11776864528656006,-0.04497014582157135,0.014505048841238022,0.0,0.5315560400485992,0.1637812077999115,0.11776864528656006
19590,29.75,0.1811273694038391,-0.0463626429438591,0.027691366150975227,0.0,0.5300133287906647,0.16396695077419282,0.1811273694038391
19600,19.25,0.16438710689544678,-0.035822751373052596,0.011728685535490512,0.0,0.5326900482177734,0.17378625869750977,0.16438710689544678
19610,18.8125,0.13414590060710907,-0.041251692175865176,0.050360976904630664,0.0,0.5311854422092438,0.17386519461870192,0.13414590060710907
19620,19.6875,0.1344098448753357,-0.04215918146073818,0.013562429323792457,0.0,0.5285153687000275,0.17618915885686875,0.1344098448753357
19630,23.5625,0.17217674851417542,-0.035926958173513414,0.020297051593661308,0.0,0.5348260700702667,0.1778174251317978,0.17217674851417542
19640,24.0625,0.16140252351760864,-0.041975766979157926,0.013466907106339932,0.0,0.5352459371089935,0.16863895952701569,0.16140252351760864
19650,19.1875,0.17889374494552612,-0.03300059363245964,0.05748841166496277,0.0,0.525313425064087,0.1724422886967659,0.17889374494552612
19660,18.6875,0.1465267688035965,-0.03598912991583347,0.0351709172129631,0.0,0.5293733239173889,0.16969040185213088,0.1465267688035965
19670,15.5625,0.09867061674594879,-0.045370898023247716,0.04601776301860809,0.0,0.5296643733978271,0.17209841012954713,0.09867061674594879
19680,22.6875,0.1818021684885025,-0.03410935029387474,0.04583209231495857,0.0,0.5351280927658081,0.17624403834342955,0.1818021684885025
19690,24.75,0.19001267850399017,-0.031229409016668798,0.03321955166757107,0.0,0.5424135267734528,0.1723484493792057,0.19001267850399017
19700,17.1875,0.11400654911994934,-0.04367613876238465,0.058287513256072995,0.0,0.531534081697464,0.17633493095636368,0.11400654911994934
19710,17.875,0.13230279088020325,-0.02187167890369892,0.03224179744720459,0.0,0.5323896288871766,0.174858857691288,0.13230279088020325
19720,26.125,0.18510809540748596,-0.04595385175198317,0.0210825864225626,0.0,0.5384430229663849,0.18766576796770096,0.18510809540748596
19730,28.3125,0.18494997918605804,-0.048387260735034944,0.019045418500900267,0.0,0.5406086444854736,0.1726847469806671,0.18494997918605804
19740,24.0625,0.17513775825500488,-0.04330650046467781,0.025228966772556306,0.0,0.54396493434906,0.18202561587095262,0.17513775825500488
19750,23.1875,0.18558411300182343,-0.046187260560691355,0.0251484464854002,0.0,0.530914980173111,0.18488817363977433,0.18558411300182343
19760,22.5,0.14412921667099,-0.03855509608983994,0.01335348915308714,0.0,0.5352765202522278,0.16661365777254106,0.14412921667099
19770,14.0,0.12598779797554016,-0.030118244886398315,0.04195583984255791,0.0,0.5309651970863343,0.16876590251922607,0.12598779797554016
19780,26.0,0.16100850701332092,-0.03188967183232307,0.01232039500027895,0.0,0.5386263132095337,0.17476552873849868,0.16100850701332092
19790,28.5,0.18111228942871094,-0.052713026851415636,0.01455264464020729,0.0,0.5383740663528442,0.16734541207551956,0.18111228942871094
19800,23.25,0.15300674736499786,-0.044434750080108644,0.010178852640092374,0.0,0.5336467802524567,0.1716716080904007,0.15300674736499786
19810,23.9375,0.14943519234657288,-0.05154604166746139,0.01211651973426342,0.0,0.5332535743713379,0.16649263352155685,0.14943519234657288
19820,19.25,0.15432307124137878,-0.04654593840241432,0.018159572780132294,0.0,0.5313373684883118,0.17311700880527497,0.15432307124137878
19830,24.9375,0.15439972281455994,-0.050922806933522226,0.007298235595226288,0.0,0.5324719667434692,0.175287064909935,0.15439972281455994
19840,21.3125,0.17745962738990784,-0.03636829797178507,0.02017800323665142,0.0,0.5299489796161652,0.18045420050621033,0.17745962738990784
19850,24.0625,0.1603025496006012,-0.03882439211010933,0.04579947888851166,0.0,0.5347707509994507,0.1724525511264801,0.1603025496006012
19860,20.0625,0.14926603436470032,-0.031247397791594266,0.029205140843987464,0.0,0.536052280664444,0.1803560733795166,0.14926603436470032
19870,16.75,0.13213007152080536,-0.04199476316571236,0.03924704641103745,0.0,0.5341773569583893,0.18222049474716187,0.13213007152080536
19880,26.125,0.18457484245300293,-0.04049959369003773,0.026049241423606873,0.0,0.5413357198238373,0.18056918680667877,0.18457484245300293
19890,24.75,0.17855729162693024,-0.03897183090448379,0.022035065665841104,0.0,0.5392342507839203,0.171028733253479,0.17855729162693024
19900,23.5625,0.19261902570724487,-0.04151545688509941,0.02241029217839241,0.0,0.5380171298980713,0.17823059856891632,0.19261902570724487
19910,24.25,0.1382599174976349,-0.04375524912029505,0.030797554552555083,0.0,0.5350924849510192,0.16827887147665024,0.1382599174976349
19920,18.75,0.18377652764320374,-0.03588366312906146,0.07176881581544876,0.0,0.5391501665115357,0.17577338814735413,0.18377652764320374
19930,15.625,0.1169523298740387,-0.04709869250655174,0.10187208950519562,0.0,0.5427278518676758,0.17809467762708664,0.1169523298740387
19940,23.0,0.17925713956356049,-0.03438575379550457,0.048582105338573454,0.0,0.5347581148147583,0.17559972256422043,0.17925713956356049
19950,26.125,0.1636098325252533,-0.0362855315208435,0.01916172280907631,0.0,0.5443546414375305,0.17842747420072555,0.1636098325252533
19960,18.75,0.16254964470863342,-0.03377765212208032,0.05367467701435089,0.0,0.5408360242843628,0.1843593090772629,0.16254964470863342
19970,17.75,0.14686107635498047,-0.04011697582900524,0.053522920608520506,0.0,0.5354067862033844,0.17604458928108216,0.14686107635498047
19980,15.25,0.13662844896316528,-0.03558150380849838,0.0332152284681797,0.0,0.5341665387153626,0.19103711247444152,0.13662844896316528
19990,21.375,0.1807113140821457,-0.02460576333105564,0.01801263764500618,0.0,0.5387341380119324,0.17405273914337158,0.1807113140821457
20000,24.875,0.1612907201051712,-0.03803001120686531,0.06819382011890411,0.0,0.531919640302658,0.17610769122838973,0.1612907201051712
