epoch,lifetime,reward_mean,policy_loss,value_loss,sym_loss,score_real__/full,score_fake__/full,disc_reward__/full
1,16.0,-0.007997537031769753,0.31153560876846315,0.5589535176753998,0.0,0.03511012904345989,-0.007183088455349207,-0.007997537031769753
10,20.96875,-0.03929778188467026,-0.03151073046028614,0.30772721469402314,0.0,0.038790996082954936,-0.008254607932435142,-0.03929778188467026
20,22.6875,-0.030971501022577286,-0.03458163123577833,0.09891174808144569,0.0,0.04371423050761223,-0.007834093063138425,-0.030971501022577286
30,20.5625,-0.03978538513183594,-0.03422606633976102,0.03880214616656304,0.0,0.0509144077077508,-0.010075443726964294,-0.03978538513183594
40,21.1875,-0.04230712726712227,-0.031048976257443427,0.03509061690419912,0.0,0.06103785149753094,-0.015422877855598927,-0.04230712726712227
50,22.4375,-0.047177039086818695,-0.031156168691813944,0.08744169883430004,0.0,0.07130058072507381,-0.02172051277011633,-0.047177039086818695
60,24.5,-0.05911536514759064,-0.03250952521339059,0.08416981920599938,0.0,0.08099119067192077,-0.03143860958516598,-0.05911536514759064
70,23.34375,-0.06148810312151909,-0.03018416278064251,0.06063193492591381,0.0,0.09189990721642971,-0.04167831540107727,-0.06148810312151909
80,27.625,-0.07413658499717712,-0.031572448555380106,0.04745930545032025,0.0,0.10235177129507064,-0.05083159487694502,-0.07413658499717712
90,22.15625,-0.09275524318218231,-0.03569441698491573,0.04002122618257999,0.0,0.1108944583684206,-0.061761546321213244,-0.09275524318218231
100,21.53125,-0.09175896644592285,-0.03475630413740873,0.032780783623456954,0.0,0.11936883889138698,-0.06873829197138548,-0.09175896644592285
110,22.65625,-0.10446009784936905,-0.03181981453672052,0.05145668163895607,0.0,0.1256166286766529,-0.07853731624782086,-0.10446009784936905
120,23.8125,-0.10896728932857513,-0.0342831177636981,0.03285501766949892,0.0,0.13303188048303127,-0.08354423008859158,-0.10896728932857513
130,22.65625,-0.11465083062648773,-0.03525462169200182,0.016158025804907085,0.0,0.13948753476142883,-0.08851845599710942,-0.11465083062648773
140,24.28125,-0.12097111344337463,-0.03263272289186716,0.019544542953372,0.0,0.14456966146826744,-0.09417840912938118,-0.12097111344337463
150,22.65625,-0.12364742159843445,-0.035890054889023304,0.01587330149486661,0.0,0.14805222004652024,-0.09952452518045903,-0.12364742159843445
160,26.25,-0.12422196567058563,-0.03649687394499779,0.024813164584338666,0.0,0.1549390509724617,-0.10591260567307473,-0.12422196567058563
170,19.125,-0.13169534504413605,-0.03968697600066662,0.033878568932414053,0.0,0.1593688763678074,-0.10983256362378598,-0.13169534504413605
180,26.125,-0.13310417532920837,-0.03073657173663378,0.020856766402721404,0.0,0.16497327089309693,-0.11265553534030914,-0.13310417532920837
190,20.71875,-0.1266593635082245,-0.03218050263822079,0.03780059926211834,0.0,0.16846901550889015,-0.11548254713416099,-0.1266593635082245
200,21.59375,-0.1507740318775177,-0.038533265516161916,0.020211962796747685,0.0,0.1721484623849392,-0.12121931277215481,-0.1507740318775177
210,23.71875,-0.1407465636730194,-0.033600909542292355,0.020290874876081944,0.0,0.17627980411052704,-0.12224029265344143,-0.1407465636730194
220,28.59375,-0.16341891884803772,-0.03825351912528276,0.022891466878354548,0.0,0.17954455614089965,-0.13105819039046765,-0.16341891884803772
230,23.78125,-0.14568528532981873,-0.04039906430989504,0.02489937450736761,0.0,0.18192527145147325,-0.13371940702199936,-0.14568528532981873
240,26.09375,-0.1471664309501648,-0.035217299684882165,0.05035089217126369,0.0,0.18604124784469606,-0.13377314954996108,-0.1471664309501648
250,24.65625,-0.14361967146396637,-0.031604335829615596,0.03281304519623518,0.0,0.1876567631959915,-0.13498203903436662,-0.14361967146396637
260,22.84375,-0.15624266862869263,-0.03400436379015446,0.06448429338634014,0.0,0.19041559100151062,-0.14013582244515418,-0.15624266862869263
270,22.5,-0.15630492568016052,-0.04120094920508564,0.04971501976251602,0.0,0.19160593152046204,-0.14169733896851539,-0.15630492568016052
280,18.90625,-0.1779065877199173,-0.04105051895603538,0.04803075566887856,0.0,0.1950187899172306,-0.1447724513709545,-0.1779065877199173
290,25.71875,-0.15987102687358856,-0.03894191235303879,0.04352975338697433,0.0,0.19645930603146552,-0.14181725829839706,-0.15987102687358856
300,21.09375,-0.15608972311019897,-0.04039141722023487,0.0373794861137867,0.0,0.19905333817005158,-0.14515143185853957,-0.15608972311019897
310,19.0,-0.18514332175254822,-0.03970811516046524,0.03348914664238691,0.0,0.1991770811378956,-0.14993045032024382,-0.18514332175254822
320,20.90625,-0.16206222772598267,-0.04395859194919467,0.032311647199094296,0.0,0.19901072680950166,-0.15142456963658332,-0.16206222772598267
330,21.875,-0.15982340276241302,-0.03632732182741165,0.04416762627661228,0.0,0.2029356949031353,-0.15221889093518257,-0.15982340276241302
340,23.5,-0.16959112882614136,-0.04031159710139036,0.04139692299067974,0.0,0.204341384768486,-0.15457223281264304,-0.16959112882614136
350,24.21875,-0.1679907888174057,-0.03741158591583371,0.05277010761201382,0.0,0.2028888739645481,-0.1539018213748932,-0.1679907888174057
360,21.25,-0.1661221832036972,-0.039433151856064795,0.041694539785385135,0.0,0.20430687740445136,-0.15022380873560906,-0.1661221832036972
370,17.375,-0.18763408064842224,-0.04367379117757082,0.0405648659914732,0.0,0.20567945688962935,-0.15425896942615508,-0.18763408064842224
380,18.6875,-0.1513604372739792,-0.041488252393901345,0.028136308677494525,0.0,0.20662059783935546,-0.15484816282987596,-0.1513604372739792
390,23.34375,-0.19408273696899414,-0.03983638752251863,0.030307647585868836,0.0,0.20917197763919831,-0.15724746733903885,-0.19408273696899414
400,27.40625,-0.14723937213420868,-0.03627619296312332,0.03514648862183094,0.0,0.2073298953473568,-0.15296520441770553,-0.14723937213420868
410,18.59375,-0.17135268449783325,-0.04180737817659974,0.03348973169922829,0.0,0.2067075103521347,-0.160181488096714,-0.17135268449783325
420,20.71875,-0.18254725635051727,-0.03647605758160353,0.030228282511234283,0.0,0.20715680867433547,-0.15830886363983154,-0.18254725635051727
430,21.5625,-0.15960463881492615,-0.03749630469828844,0.026053034141659735,0.0,0.2054855518043041,-0.16012321412563324,-0.15960463881492615
440,25.5,-0.15557587146759033,-0.03770345635712147,0.025766864791512488,0.0,0.20745895132422448,-0.15866135358810424,-0.15557587146759033
450,22.125,-0.15078489482402802,-0.03645020592957735,0.026115407422184943,0.0,0.20387013107538224,-0.165564439445734,-0.15078489482402802
460,25.71875,-0.15326473116874695,-0.035576268844306466,0.03249152768403292,0.0,0.2058520346879959,-0.16283901333808898,-0.15326473116874695
470,19.21875,-0.15663132071495056,-0.03679199069738388,0.015315543673932553,0.0,0.2032027192413807,-0.16713573336601256,-0.15663132071495056
480,24.34375,-0.18351873755455017,-0.041069791093468665,0.02992355041205883,0.0,0.20427362844347954,-0.16593787595629692,-0.18351873755455017
490,23.15625,-0.17853547632694244,-0.03533797906711698,0.034697866067290306,0.0,0.2005968987941742,-0.1691334769129753,-0.17853547632694244
500,27.71875,-0.2049308568239212,-0.03381589334458113,0.01667928760871291,0.0,0.19791897535324096,-0.17384403198957443,-0.2049308568239212
510,20.5625,-0.1854678988456726,-0.03844522926956415,0.020999950356781483,0.0,0.19325344562530516,-0.17417706921696663,-0.1854678988456726
520,18.53125,-0.1774587482213974,-0.03762478781864047,0.01531692985445261,0.0,0.19106840267777442,-0.17610738053917885,-0.1774587482213974
530,33.21875,-0.17624789476394653,-0.03536288179457188,0.018355829827487468,0.0,0.18739840909838676,-0.17070419117808341,-0.17624789476394653
540,26.09375,-0.1801588535308838,-0.0374351087026298,0.018219533655792475,0.0,0.18501126766204834,-0.17483750134706497,-0.1801588535308838
550,24.5,-0.19228196144104004,-0.03143701925873756,0.05416475310921669,0.0,0.18359885215759278,-0.1687166079878807,-0.19228196144104004
560,28.125,-0.18870392441749573,-0.03959645936265588,0.017190851271152496,0.0,0.1823554202914238,-0.16653199568390847,-0.18870392441749573
570,28.65625,-0.1913994997739792,-0.03767663473263383,0.021935917250812054,0.0,0.1787415474653244,-0.16651156023144723,-0.1913994997739792
580,19.65625,-0.16665811836719513,-0.03876942414790392,0.016122930310666563,0.0,0.18332377895712854,-0.16482177674770354,-0.16665811836719513
590,20.6875,-0.1822715550661087,-0.03741370495408773,0.02571531031280756,0.0,0.18587110862135886,-0.16359698995947838,-0.1822715550661087
600,24.4375,-0.17563191056251526,-0.035692475363612176,0.04004317969083786,0.0,0.18591628968715668,-0.16570813506841658,-0.17563191056251526
610,20.625,-0.16262489557266235,-0.03489240724593401,0.025668321736156942,0.0,0.19101858213543893,-0.1615875244140625,-0.16262489557266235
620,24.25,-0.17668119072914124,-0.03846551701426506,0.03244800735265017,0.0,0.19141869992017746,-0.161168921738863,-0.17668119072914124
630,19.625,-0.19082006812095642,-0.03893640311434865,0.027901540510356426,0.0,0.19296533688902856,-0.16364754885435104,-0.19082006812095642
640,24.4375,-0.16154836118221283,-0.0332484170794487,0.020509352162480354,0.0,0.19227846413850785,-0.15912123918533325,-0.16154836118221283
650,29.15625,-0.15553396940231323,-0.03664500517770648,0.021927606873214246,0.0,0.1961122177541256,-0.15369064435362817,-0.15553396940231323
660,20.28125,-0.1790955811738968,-0.04399693384766579,0.03429831825196743,0.0,0.19753264933824538,-0.15469683706760406,-0.1790955811738968
670,22.5625,-0.14001202583312988,-0.03774788109585643,0.026054426841437817,0.0,0.19961495250463485,-0.14118052758276461,-0.14001202583312988
680,20.15625,-0.14923003315925598,-0.035052486881613734,0.03067135959863663,0.0,0.2032545179128647,-0.13993544019758702,-0.14923003315925598
690,22.4375,-0.13770350813865662,-0.041932163294404745,0.02142203487455845,0.0,0.2061436280608177,-0.1414312280714512,-0.13770350813865662
700,23.25,-0.15662354230880737,-0.036494548246264455,0.023932337202131747,0.0,0.20678045451641083,-0.13420621454715728,-0.15662354230880737
710,26.3125,-0.13751162588596344,-0.033998210728168485,0.016499641351401806,0.0,0.20815157592296601,-0.12852753438055514,-0.13751162588596344
720,21.5,-0.14417970180511475,-0.03631733749061823,0.025115240924060346,0.0,0.2069026254117489,-0.13354019410908222,-0.14417970180511475
730,24.84375,-0.11601509898900986,-0.03339812513440847,0.01790705258026719,0.0,0.20878619328141212,-0.12277529910206794,-0.11601509898900986
740,19.5625,-0.13814100623130798,-0.03454206408932805,0.02630539834499359,0.0,0.20885180532932282,-0.126277194917202,-0.13814100623130798
750,19.84375,-0.1554018259048462,-0.03177076913416386,0.020547900535166263,0.0,0.2096770577132702,-0.12544584684073926,-0.1554018259048462
760,21.96875,-0.13197071850299835,-0.03907155450433493,0.022612613439559937,0.0,0.2073836147785187,-0.12283783070743085,-0.13197071850299835
770,20.78125,-0.12546703219413757,-0.038732147216796874,0.018264025263488293,0.0,0.20847058892250062,-0.12218166589736938,-0.12546703219413757
780,16.625,-0.133718341588974,-0.034047996439039704,0.03227781783789396,0.0,0.20864597260951995,-0.11656824015080929,-0.133718341588974
790,22.3125,-0.12740953266620636,-0.03835485288873315,0.019178588036447765,0.0,0.20708016455173492,-0.11390772126615048,-0.12740953266620636
800,21.5625,-0.1317092478275299,-0.03681542742997408,0.045330831035971644,0.0,0.2067820720374584,-0.11081972643733025,-0.1317092478275299
810,25.3125,-0.10660198330879211,-0.038911137450486424,0.035983257181942466,0.0,0.20533348023891448,-0.1104283582419157,-0.10660198330879211
820,27.28125,-0.10019358992576599,-0.04012839375063777,0.02677775323390961,0.0,0.20499234199523925,-0.10653661042451859,-0.10019358992576599
830,25.71875,-0.12525758147239685,-0.0345754474401474,0.031052346900105478,0.0,0.20458992049098015,-0.10606632493436337,-0.12525758147239685
840,21.59375,-0.08896461129188538,-0.039687610883265736,0.019009119644761086,0.0,0.2017353020608425,-0.10689024291932583,-0.08896461129188538
850,28.625,-0.14070934057235718,-0.04543228168040514,0.01688666557893157,0.0,0.19987963438034057,-0.10216854326426983,-0.14070934057235718
860,29.84375,-0.10215765237808228,-0.03748522410169244,0.015520906262099742,0.0,0.19276529550552368,-0.09998054541647435,-0.10215765237808228
870,25.09375,-0.14496585726737976,-0.03485340448096395,0.018644665367901325,0.0,0.18860071823000907,-0.11067886203527451,-0.14496585726737976
880,21.25,-0.12256243079900742,-0.04057853855192661,0.014461236260831355,0.0,0.18472522273659706,-0.11682724989950657,-0.12256243079900742
890,22.125,-0.13649296760559082,-0.03977852324023843,0.02268012836575508,0.0,0.18326338157057762,-0.12616593204438686,-0.13649296760559082
900,19.5,-0.1400841772556305,-0.04126878567039967,0.02515086382627487,0.0,0.17922024801373482,-0.12329177521169185,-0.1400841772556305
910,20.65625,-0.13936254382133484,-0.037386775389313696,0.033427930623292926,0.0,0.17458705529570578,-0.13176917023956775,-0.13936254382133484
920,27.875,-0.12340578436851501,-0.039017495978623626,0.036654531955718994,0.0,0.1711830422282219,-0.12894956022500992,-0.12340578436851501
930,22.71875,-0.160446897149086,-0.04062614869326353,0.03335967492312193,0.0,0.16859467476606368,-0.1347635343670845,-0.160446897149086
940,23.75,-0.12746939063072205,-0.03378302156925202,0.04278475269675255,0.0,0.16554315015673637,-0.13572816960513592,-0.12746939063072205
950,26.46875,-0.1373312920331955,-0.04260910768061876,0.025191209465265273,0.0,0.1646506182849407,-0.1389964647591114,-0.1373312920331955
960,18.21875,-0.17169713973999023,-0.04852277487516403,0.016665779054164886,0.0,0.1608916215598583,-0.15356002375483513,-0.17169713973999023
970,22.71875,-0.15713468194007874,-0.03878043163567781,0.03167131245136261,0.0,0.15951332300901414,-0.14171623513102533,-0.15713468194007874
980,17.0,-0.17914900183677673,-0.045005219988524914,0.025342553667724133,0.0,0.16200515031814575,-0.1563860185444355,-0.17914900183677673
990,20.78125,-0.15878254175186157,-0.03967708554118872,0.025494827702641488,0.0,0.16128672063350677,-0.14808791540563107,-0.15878254175186157
1000,18.0,-0.157395601272583,-0.04221225753426552,0.018830260261893272,0.0,0.1587500512599945,-0.15459492802619934,-0.157395601272583
1010,23.15625,-0.17689679563045502,-0.04017652794718742,0.045967857167124745,0.0,0.1583498813211918,-0.1468198463320732,-0.17689679563045502
1020,20.4375,-0.1498609036207199,-0.0335084998048842,0.047181001678109166,0.0,0.15389632284641266,-0.15323588028550147,-0.1498609036207199
1030,22.9375,-0.15660303831100464,-0.03931991197168827,0.02931226659566164,0.0,0.15327635556459426,-0.15616724118590355,-0.15660303831100464
1040,20.5625,-0.1581629514694214,-0.039908905327320096,0.019387536495923997,0.0,0.15281292647123337,-0.15331976674497128,-0.1581629514694214
1050,20.90625,-0.186191588640213,-0.042403060384094714,0.027884050086140633,0.0,0.15460821539163588,-0.14984387196600438,-0.186191588640213
1060,19.0625,-0.15475478768348694,-0.03361809384077787,0.023396352492272853,0.0,0.15515924394130706,-0.1457374319434166,-0.15475478768348694
1070,21.625,-0.14693930745124817,-0.03687016945332289,0.028339944407343866,0.0,0.15616082549095153,-0.1467813801020384,-0.14693930745124817
1080,24.625,-0.16201582551002502,-0.03861003797501326,0.03358632940798998,0.0,0.1549963302910328,-0.13915345221757888,-0.16201582551002502
1090,19.5625,-0.18542276322841644,-0.04222174920141697,0.04096802454441786,0.0,0.15369311198592187,-0.14501312375068665,-0.18542276322841644
1100,25.21875,-0.13796691596508026,-0.03533746786415577,0.02071443237364292,0.0,0.15233078077435494,-0.15436533614993095,-0.13796691596508026
1110,22.4375,-0.1342046558856964,-0.034592175111174586,0.02609021048992872,0.0,0.15321476384997368,-0.15068164579570292,-0.1342046558856964
1120,21.0625,-0.16436028480529785,-0.04171139784157276,0.029270729050040245,0.0,0.15497705042362214,-0.15212778821587564,-0.16436028480529785
1130,20.71875,-0.162863090634346,-0.037613102979958055,0.029956509917974473,0.0,0.15729111060500145,-0.13947258181869984,-0.162863090634346
1140,26.3125,-0.14130927622318268,-0.040235810168087485,0.012078935652971268,0.0,0.15701645687222482,-0.13811679892241954,-0.14130927622318268
1150,26.5625,-0.15957555174827576,-0.03797453418374062,0.023924926482141017,0.0,0.1565752424299717,-0.13647783771157265,-0.15957555174827576
1160,21.65625,-0.1631486415863037,-0.03923549586907029,0.012008530646562576,0.0,0.15450612604618072,-0.15131315626204014,-0.1631486415863037
1170,26.90625,-0.17910829186439514,-0.04491189979016781,0.015848297532647847,0.0,0.15354292318224907,-0.1412210263311863,-0.17910829186439514
1180,23.21875,-0.16712835431098938,-0.03757644910365343,0.026016813702881336,0.0,0.15183393955230712,-0.14545223936438562,-0.16712835431098938
1190,27.5625,-0.1500708907842636,-0.03966785417869687,0.013388116285204888,0.0,0.15094236955046653,-0.1460856631398201,-0.1500708907842636
1200,27.875,-0.153569757938385,-0.04364236993715167,0.01856829123571515,0.0,0.15247725024819375,-0.14838681668043135,-0.153569757938385
1210,23.1875,-0.14769762754440308,-0.03986174091696739,0.02119280556216836,0.0,0.15103003680706023,-0.15305452942848205,-0.14769762754440308
1220,28.375,-0.15332388877868652,-0.0370608227327466,0.023469540104269982,0.0,0.15131111964583396,-0.1493470035493374,-0.15332388877868652
1230,20.3125,-0.18108028173446655,-0.03868908751755953,0.022692468017339706,0.0,0.14946294054389,-0.16394884437322615,-0.18108028173446655
1240,28.40625,-0.14049433171749115,-0.03602761812508106,0.036747339181602,0.0,0.14822240993380548,-0.15932175442576407,-0.14049433171749115
1250,23.59375,-0.1637101173400879,-0.04165580179542303,0.01847372353076935,0.0,0.14845579415559768,-0.1625647783279419,-0.1637101173400879
1260,22.59375,-0.15820524096488953,-0.03235068023204803,0.021472749672830103,0.0,0.15022753328084945,-0.15996578559279442,-0.15820524096488953
1270,21.21875,-0.19547758996486664,-0.040341641567647454,0.029249721579253672,0.0,0.15141816511750222,-0.1684318497776985,-0.19547758996486664
1280,23.25,-0.17825749516487122,-0.04365483820438385,0.023773761279881,0.0,0.15481305345892907,-0.1569415271282196,-0.17825749516487122
1290,24.6875,-0.15545351803302765,-0.04170940481126308,0.018905896134674548,0.0,0.15354201644659043,-0.1561889760196209,-0.15545351803302765
1300,20.75,-0.15114474296569824,-0.034734780341386794,0.022433849424123763,0.0,0.15178364515304565,-0.1626369945704937,-0.15114474296569824
1310,24.40625,-0.15552613139152527,-0.04124480783939362,0.01481106337159872,0.0,0.14922040402889253,-0.16833012774586678,-0.15552613139152527
1320,26.09375,-0.14059601724147797,-0.03612942583858967,0.009747509006410837,0.0,0.15087309256196021,-0.16135877519845962,-0.14059601724147797
1330,31.5625,-0.1634727567434311,-0.038605956360697746,0.019529119506478308,0.0,0.1542862504720688,-0.16049003824591637,-0.1634727567434311
1340,33.625,-0.15713748335838318,-0.03550159279257059,0.019970150850713252,0.0,0.15899186059832573,-0.1600562773644924,-0.15713748335838318
1350,17.5625,-0.17929109930992126,-0.041045859735459087,0.018636170029640197,0.0,0.16067955791950225,-0.15835473388433458,-0.17929109930992126
1360,23.46875,-0.16185618937015533,-0.035420764703303576,0.021611311100423337,0.0,0.16119918078184128,-0.14831055477261543,-0.16185618937015533
1370,26.625,-0.1377381831407547,-0.03833160139620304,0.026794064044952392,0.0,0.15832491889595984,-0.1547814942896366,-0.1377381831407547
1380,29.8125,-0.14901795983314514,-0.0389974232763052,0.013781920075416565,0.0,0.1582714393734932,-0.15580940172076224,-0.14901795983314514
1390,33.1875,-0.1649530678987503,-0.039322614297270776,0.02157871089875698,0.0,0.1572768472135067,-0.154979732260108,-0.1649530678987503
1400,24.53125,-0.16928234696388245,-0.04281331468373537,0.01917608119547367,0.0,0.15943345576524734,-0.15672403313219546,-0.16928234696388245
1410,29.21875,-0.13764332234859467,-0.03677594233304262,0.017928744666278362,0.0,0.16224815919995308,-0.14662637934088707,-0.13764332234859467
1420,23.90625,-0.15490379929542542,-0.039607821591198446,0.01836394164711237,0.0,0.16311529278755188,-0.15126589238643645,-0.15490379929542542
1430,28.375,-0.18166807293891907,-0.0409113347530365,0.01967437081038952,0.0,0.16326736137270928,-0.1579394146800041,-0.18166807293891907
1440,21.0,-0.1738187074661255,-0.039331819489598276,0.0283801419660449,0.0,0.16187875270843505,-0.16504615247249604,-0.1738187074661255
1450,32.96875,-0.14375513792037964,-0.039246208127588035,0.02162747234106064,0.0,0.16169368475675583,-0.15291583351790905,-0.14375513792037964
1460,26.40625,-0.14564001560211182,-0.035182422026991844,0.01266377568244934,0.0,0.16498211473226548,-0.1503013126552105,-0.14564001560211182
1470,32.1875,-0.15648537874221802,-0.04227290283888578,0.01784211965277791,0.0,0.1742307648062706,-0.14319350235164166,-0.15648537874221802
1480,31.6875,-0.13985827565193176,-0.03704244904220104,0.021315753646194934,0.0,0.178960732370615,-0.14226979538798332,-0.13985827565193176
1490,32.09375,-0.15672390162944794,-0.03738735392689705,0.019870285503566266,0.0,0.17789508923888206,-0.13640222623944281,-0.15672390162944794
1500,31.6875,-0.14851978421211243,-0.03375478871166706,0.05642155203968287,0.0,0.17366982772946357,-0.13879434764385223,-0.14851978421211243
1510,38.25,-0.16669046878814697,-0.031084250006824733,0.05998262874782086,0.0,0.16994528993964195,-0.14235077947378158,-0.16669046878814697
1520,31.9375,-0.14769873023033142,-0.042048580944538116,0.018675467185676097,0.0,0.16791632026433945,-0.15565275251865388,-0.14769873023033142
1530,39.8125,-0.12925532460212708,-0.041478697769343854,0.01273930724710226,0.0,0.1677083045244217,-0.1511219371110201,-0.12925532460212708
1540,29.46875,-0.15180563926696777,-0.04033618476241827,0.01339569715783,0.0,0.16685279831290245,-0.15274568051099777,-0.15180563926696777
1550,36.3125,-0.13333582878112793,-0.04013691246509552,0.01033033598214388,0.0,0.1632182590663433,-0.14856905974447726,-0.13333582878112793
1560,27.0,-0.16878986358642578,-0.041935448348522184,0.018642728310078384,0.0,0.16505405455827712,-0.155778344348073,-0.16878986358642578
1570,30.3125,-0.15699072182178497,-0.042848441004753116,0.014050054550170898,0.0,0.17364320904016495,-0.14947103038430215,-0.15699072182178497
1580,24.4375,-0.1420726776123047,-0.040974438190460205,0.027821900509297847,0.0,0.17981078326702118,-0.14593954794108868,-0.1420726776123047
1590,24.21875,-0.15383993089199066,-0.03547478578984738,0.03764179851859808,0.0,0.1811375141143799,-0.145072340965271,-0.15383993089199066
1600,32.21875,-0.1496632695198059,-0.034076123125851156,0.01153904153034091,0.0,0.1785236492753029,-0.13783357813954353,-0.1496632695198059
1610,27.3125,-0.15478157997131348,-0.04296790603548288,0.024343412183225156,0.0,0.17466860115528107,-0.15061494782567025,-0.15478157997131348
1620,34.4375,-0.15509825944900513,-0.040947643853724,0.016133105009794237,0.0,0.1733088880777359,-0.14947417974472046,-0.15509825944900513
1630,24.59375,-0.14509743452072144,-0.038201352953910826,0.014707410242408514,0.0,0.17529583722352982,-0.14581854678690434,-0.14509743452072144
1640,29.40625,-0.15874552726745605,-0.03700691852718592,0.021351507119834422,0.0,0.17918063178658486,-0.15335328876972198,-0.15874552726745605
1650,25.09375,-0.13530941307544708,-0.038614981807768345,0.03350041396915913,0.0,0.18404268696904183,-0.14211202710866927,-0.13530941307544708
1660,33.15625,-0.15879158675670624,-0.04068789659067988,0.026143773831427096,0.0,0.18384888023138046,-0.13961816914379596,-0.15879158675670624
1670,32.28125,-0.15483659505844116,-0.04203727208077908,0.02059959452599287,0.0,0.18198331594467163,-0.13805992379784585,-0.15483659505844116
1680,28.78125,-0.14880964159965515,-0.04242702480405569,0.014337422326207161,0.0,0.17925474494695665,-0.14709932133555412,-0.14880964159965515
1690,22.15625,-0.16944542527198792,-0.04483514688909054,0.02120099328458309,0.0,0.17731315419077873,-0.15095441043376923,-0.16944542527198792
1700,28.90625,-0.1516798436641693,-0.03965554470196366,0.021096444875001907,0.0,0.17500971779227256,-0.13887769132852554,-0.1516798436641693
1710,41.625,-0.1365824043750763,-0.04013070203363896,0.024812101572751998,0.0,0.17893806472420692,-0.13994188904762267,-0.1365824043750763
1720,26.375,-0.13265429437160492,-0.038288126792758705,0.01629129219800234,0.0,0.1790667824447155,-0.1374440986663103,-0.13265429437160492
1730,27.125,-0.1485859453678131,-0.039822247438132764,0.03224051166325807,0.0,0.1784362256526947,-0.14338287934660912,-0.1485859453678131
1740,40.5,-0.14343586564064026,-0.044072076212614775,0.015757343918085098,0.0,0.17522979155182838,-0.14255672246217727,-0.14343586564064026
1750,41.8125,-0.17186373472213745,-0.04009891264140606,0.010251032654196024,0.0,0.175053209066391,-0.1440883655101061,-0.17186373472213745
1760,34.84375,-0.13883911073207855,-0.036310692224651574,0.016009682323783636,0.0,0.17779397517442702,-0.14452706798911094,-0.13883911073207855
1770,25.6875,-0.17462299764156342,-0.038111249729990956,0.022639799676835538,0.0,0.1799959883093834,-0.141684977337718,-0.17462299764156342
1780,34.46875,-0.12119682133197784,-0.03290448226034641,0.017933781258761883,0.0,0.17809585258364677,-0.14118983298540116,-0.12119682133197784
1790,31.375,-0.18623515963554382,-0.040204009599983694,0.019671605061739685,0.0,0.17655656710267068,-0.15026499405503274,-0.18623515963554382
1800,40.53125,-0.13273906707763672,-0.03559988643974066,0.012293479964137077,0.0,0.1748260051012039,-0.15094499960541724,-0.13273906707763672
1810,29.84375,-0.12707176804542542,-0.035278717242181304,0.012164091039448977,0.0,0.1768108606338501,-0.1586813312023878,-0.12707176804542542
1820,34.125,-0.16711542010307312,-0.03653043694794178,0.020698265079408883,0.0,0.18181772977113725,-0.14279681481420994,-0.16711542010307312
1830,42.375,-0.13968448340892792,-0.03861875841394067,0.011752408649772405,0.0,0.18334113731980323,-0.14099002964794635,-0.13968448340892792
1840,50.21875,-0.13730140030384064,-0.03837767569348216,0.013319089263677596,0.0,0.18420664668083192,-0.14446971565485,-0.13730140030384064
1850,39.40625,-0.15070870518684387,-0.03659384287893772,0.025929751805961132,0.0,0.18117896616458892,-0.145572991669178,-0.15070870518684387
1860,43.71875,-0.1635132133960724,-0.03855945859104395,0.021476603299379348,0.0,0.17561577260494232,-0.14242862202227116,-0.1635132133960724
1870,41.75,-0.18751901388168335,-0.04639680702239275,0.014059910364449025,0.0,0.16853636130690575,-0.1650530457496643,-0.18751901388168335
1880,49.53125,-0.15357771515846252,-0.03653731588274241,0.008869148138910533,0.0,0.1675135724246502,-0.15827134177088736,-0.15357771515846252
1890,42.53125,-0.1739118993282318,-0.04025852456688881,0.02324363710358739,0.0,0.17025289237499236,-0.15458855964243412,-0.1739118993282318
1900,45.40625,-0.1310736984014511,-0.0365511741489172,0.018555810023099185,0.0,0.17152275815606116,-0.15385563634335994,-0.1310736984014511
1910,33.9375,-0.15451818704605103,-0.04142795633524656,0.03475305959582329,0.0,0.16688730120658873,-0.1546584188938141,-0.15451818704605103
1920,28.3125,-0.1785201132297516,-0.04311561267822981,0.02584851421415806,0.0,0.168488609790802,-0.16537258625030518,-0.1785201132297516
1930,27.375,-0.16028673946857452,-0.04151430781930685,0.030072274245321752,0.0,0.16897129863500596,-0.16903527751564978,-0.16028673946857452
1940,35.78125,-0.11679963022470474,-0.03420782312750816,0.022002464812248945,0.0,0.18101686760783195,-0.1411155816167593,-0.11679963022470474
1950,44.71875,-0.1253306269645691,-0.036516832560300826,0.02235447382554412,0.0,0.19108587950468064,-0.13177020251750945,-0.1253306269645691
1960,45.71875,-0.1943332552909851,-0.03317415583878756,0.025695494655519725,0.0,0.19520205408334732,-0.15800896808505058,-0.1943332552909851
1970,34.125,-0.1384069323539734,-0.03589314538985491,0.026631085947155953,0.0,0.19301415234804153,-0.15142708718776704,-0.1384069323539734
1980,24.0625,-0.13261999189853668,-0.043344239704310894,0.025865674950182438,0.0,0.19606274366378784,-0.12307174019515514,-0.13261999189853668
1990,27.46875,-0.19198299944400787,-0.04176510944962501,0.026513751409947873,0.0,0.19275294840335847,-0.14515128135681152,-0.19198299944400787
2000,30.5,-0.20103465020656586,-0.04583420231938362,0.025281469337642193,0.0,0.18217150792479514,-0.19253129959106446,-0.20103465020656586
2010,30.34375,-0.16429926455020905,-0.04035641122609377,0.026485381275415422,0.0,0.18035172075033187,-0.1729140944778919,-0.16429926455020905
2020,36.84375,-0.11774991452693939,-0.04032398797571659,0.019350103940814732,0.0,0.19494888335466384,-0.12387832924723625,-0.11774991452693939
2030,33.4375,-0.1486467719078064,-0.04250038899481297,0.01894591487944126,0.0,0.2023937538266182,-0.1372940368950367,-0.1486467719078064
2040,48.40625,-0.18013323843479156,-0.038780075311660764,0.024949142895638942,0.0,0.20541411638259888,-0.1555929809808731,-0.18013323843479156
2050,34.59375,-0.16482770442962646,-0.0436906298622489,0.021449178736656905,0.0,0.20168941393494605,-0.16357771381735803,-0.16482770442962646
2060,32.15625,-0.09104470908641815,-0.03940314594656229,0.02610797472298145,0.0,0.20366066470742225,-0.12981425710022448,-0.09104470908641815
2070,28.625,-0.11393234133720398,-0.03330424027517438,0.03076869510114193,0.0,0.2030373200774193,-0.11116492711007595,-0.11393234133720398
2080,32.5,-0.18690894544124603,-0.04171536518260836,0.030116726644337177,0.0,0.19755538702011108,-0.15509793050587178,-0.18690894544124603
2090,35.8125,-0.16763412952423096,-0.0395358145236969,0.02581137139350176,0.0,0.18298052325844766,-0.18608264103531838,-0.16763412952423096
2100,33.09375,-0.12746059894561768,-0.042241507489234206,0.031671852059662345,0.0,0.18627685233950614,-0.15511038079857825,-0.12746059894561768
2110,49.71875,-0.13314872980117798,-0.03878395892679691,0.01635850965976715,0.0,0.20009057223796844,-0.10946369003504515,-0.13314872980117798
2120,52.375,-0.19065427780151367,-0.04056998398154974,0.019179083220660687,0.0,0.2023663692176342,-0.15002730675041676,-0.19065427780151367
2130,39.03125,-0.14828309416770935,-0.03418992795050144,0.018078147806227206,0.0,0.20140027850866318,-0.17453315258026122,-0.14828309416770935
2140,23.75,-0.1329609453678131,-0.04248123504221439,0.03499713465571404,0.0,0.2038620389997959,-0.13993483334779738,-0.1329609453678131
2150,31.09375,-0.12812155485153198,-0.04133677743375301,0.022834299691021444,0.0,0.20619307532906533,-0.10493023693561554,-0.12812155485153198
2160,29.3125,-0.18220855295658112,-0.039704850595444444,0.026661874353885652,0.0,0.20265085473656655,-0.1514852438122034,-0.18220855295658112
2170,43.0,-0.18692076206207275,-0.040052732452750206,0.013394449558109044,0.0,0.1968452274799347,-0.16709179282188416,-0.18692076206207275
2180,42.75,-0.17621704936027527,-0.03848669044673443,0.015380119066685438,0.0,0.19172662273049354,-0.1791042596101761,-0.17621704936027527
2190,47.25,-0.08297272771596909,-0.036563238804228605,0.016714092809706926,0.0,0.19813259020447732,-0.12260869555175305,-0.08297272771596909
2200,61.71875,-0.11922735720872879,-0.034784627892076966,0.020875926408916713,0.0,0.20936012119054795,-0.10440678894519806,-0.11922735720872879
2210,50.3125,-0.15788184106349945,-0.039711648039519785,0.018662985228002072,0.0,0.2058393992483616,-0.14980663321912288,-0.15788184106349945
2220,50.46875,-0.18139784038066864,-0.03804109860211611,0.03430373594164848,0.0,0.20377252176403998,-0.17376493737101556,-0.18139784038066864
2230,32.09375,-0.0980195477604866,-0.042545893043279645,0.03203434050083161,0.0,0.20407270565629004,-0.1435429085046053,-0.0980195477604866
2240,32.8125,-0.08897325396537781,-0.0341916672885418,0.024105771165341138,0.0,0.20849583372473718,-0.10255070067942143,-0.08897325396537781
2250,36.25,-0.16397282481193542,-0.030910218227654697,0.06230242811143398,0.0,0.20493930503726004,-0.14332628659904004,-0.16397282481193542
2260,29.125,-0.21125811338424683,-0.05019462518393993,0.017345261108130217,0.0,0.19188086092472076,-0.18150810971856118,-0.21125811338424683
2270,48.03125,-0.18197542428970337,-0.03736667959019542,0.021478739008307456,0.0,0.18522576987743378,-0.19569794237613677,-0.18197542428970337
2280,37.03125,-0.1556704044342041,-0.04470958560705185,0.028219007328152655,0.0,0.1850837893784046,-0.17586757019162177,-0.1556704044342041
2290,31.71875,-0.10701824724674225,-0.03404545783996582,0.013595000747591257,0.0,0.19412540793418884,-0.1231378510594368,-0.10701824724674225
2300,30.78125,-0.1561550796031952,-0.043481995724141596,0.020631896704435347,0.0,0.2037482813000679,-0.13596379682421683,-0.1561550796031952
2310,54.03125,-0.16693848371505737,-0.04116274397820234,0.021498420089483262,0.0,0.20446082279086114,-0.1480390250682831,-0.16693848371505737
2320,78.40625,-0.16394083201885223,-0.037207563500851394,0.025226091966032982,0.0,0.2012346252799034,-0.16953910812735556,-0.16394083201885223
2330,41.5625,-0.14588578045368195,-0.037092534452676774,0.05751622430980206,0.0,0.20009440407156945,-0.18062939643859863,-0.14588578045368195
2340,43.25,-0.0728101134300232,-0.03499932251870632,0.019287188164889814,0.0,0.20183926671743393,-0.09359994232654571,-0.0728101134300232
2350,30.65625,-0.11437948048114777,-0.034144280664622786,0.02014787858352065,0.0,0.20224468261003495,-0.11031963489949703,-0.11437948048114777
2360,36.625,-0.20762699842453003,-0.039262544363737106,0.02099417904391885,0.0,0.1918188989162445,-0.182588854432106,-0.20762699842453003
2370,40.6875,-0.23469795286655426,-0.04573836252093315,0.023023594170808792,0.0,0.17850959822535514,-0.21607149615883828,-0.23469795286655426
2380,42.34375,-0.16120819747447968,-0.045023764669895175,0.016948756016790866,0.0,0.17564868554472923,-0.20145835876464843,-0.16120819747447968
2390,27.125,-0.10472791641950607,-0.039310219883918765,0.019339900370687245,0.0,0.18332708701491357,-0.1374070130288601,-0.10472791641950607
2400,69.53125,-0.0784420371055603,-0.03302509104833007,0.01515094367787242,0.0,0.19750895723700523,-0.08779597878456116,-0.0784420371055603
2410,70.96875,-0.17466653883457184,-0.034097570925951004,0.016023591067641972,0.0,0.2021679997444153,-0.13465277589857577,-0.17466653883457184
2420,54.1875,-0.20267683267593384,-0.032266225479543206,0.029283913411200048,0.0,0.19674050360918044,-0.17999506816267968,-0.20267683267593384
2430,36.96875,-0.18891924619674683,-0.04616611711680889,0.016171623859554528,0.0,0.1944075770676136,-0.2009500816464424,-0.18891924619674683
2440,25.75,-0.15279054641723633,-0.046423157770186664,0.03069481663405895,0.0,0.19641617238521575,-0.16290058121085166,-0.15279054641723633
2450,23.59375,-0.11465615034103394,-0.04676450714468956,0.03236790504306555,0.0,0.20352460071444511,-0.12467834018170834,-0.11465615034103394
2460,34.1875,-0.12597808241844177,-0.040308001451194286,0.015636657178401948,0.0,0.20530574917793273,-0.11287054233253002,-0.12597808241844177
2470,38.53125,-0.20188573002815247,-0.037763277813792226,0.026359620317816735,0.0,0.19844993203878403,-0.15216938517987727,-0.20188573002815247
2480,46.4375,-0.2155441790819168,-0.04520365037024021,0.019424579851329327,0.0,0.188411795347929,-0.1947830908000469,-0.2155441790819168
2490,56.09375,-0.23222512006759644,-0.04686710555106401,0.022004727832973005,0.0,0.1802288442850113,-0.22043414339423179,-0.23222512006759644
2500,32.8125,-0.13491295278072357,-0.04340083077549935,0.022616472281515598,0.0,0.17937645465135574,-0.1873610533773899,-0.13491295278072357
2510,20.65625,-0.14846986532211304,-0.04419765956699848,0.015418347716331483,0.0,0.18964331075549126,-0.12984022535383702,-0.14846986532211304
2520,21.6875,-0.1733255833387375,-0.04561320785433054,0.0373058658093214,0.0,0.2011201985180378,-0.14173957593739034,-0.1733255833387375
2530,30.65625,-0.16928651928901672,-0.0433942249044776,0.020593236759305,0.0,0.20660152807831764,-0.15217466205358504,-0.16928651928901672
2540,32.5625,-0.1700306087732315,-0.03873474039137363,0.022832619212567806,0.0,0.2084948681294918,-0.1682858720421791,-0.1700306087732315
2550,28.1875,-0.17744846642017365,-0.0354827867820859,0.16581116542220115,0.0,0.20730655640363693,-0.16570404917001724,-0.17744846642017365
2560,34.96875,-0.1470503956079483,-0.043384571373462674,0.029491242952644825,0.0,0.21268720775842667,-0.1335995577275753,-0.1470503956079483
2570,43.375,-0.11453375220298767,-0.03982595019042492,0.0171770678833127,0.0,0.2158755160868168,-0.10711352489888668,-0.11453375220298767
2580,40.09375,-0.16546103358268738,-0.03401792794466019,0.022184274904429913,0.0,0.2104033425450325,-0.14467002786695957,-0.16546103358268738
2590,35.8125,-0.19464626908302307,-0.04417688399553299,0.028435008227825166,0.0,0.19540531784296036,-0.19017250016331672,-0.19464626908302307
2600,42.9375,-0.1432351917028427,-0.03777526989579201,0.03703172206878662,0.0,0.18832138329744338,-0.19293576702475548,-0.1432351917028427
2610,41.71875,-0.08047197759151459,-0.038513393886387345,0.0158044989220798,0.0,0.19273565337061882,-0.11863899044692516,-0.08047197759151459
2620,66.25,-0.09039972722530365,-0.03514313735067844,0.010480271279811859,0.0,0.20541997253894806,-0.08723271787166595,-0.09039972722530365
2630,89.96875,-0.1444653868675232,-0.03596427068114281,0.014509107824414969,0.0,0.20384131744503975,-0.1191216230392456,-0.1444653868675232
2640,51.25,-0.17416390776634216,-0.03376827910542488,0.01788601027801633,0.0,0.1963307850062847,-0.1815137319266796,-0.17416390776634216
2650,55.375,-0.1992964893579483,-0.04362874366343021,0.0380776010453701,0.0,0.19077313616871833,-0.1961466610431671,-0.1992964893579483
2660,25.96875,-0.14679113030433655,-0.04086229782551527,0.04077190309762955,0.0,0.18970973417162895,-0.16373964175581932,-0.14679113030433655
2670,30.0625,-0.12557031214237213,-0.04320983402431011,0.019432799890637398,0.0,0.19345300495624543,-0.11490038819611073,-0.12557031214237213
2680,25.25,-0.16135773062705994,-0.04761234819889069,0.017590759694576262,0.0,0.19851970225572585,-0.1272913072258234,-0.16135773062705994
2690,25.03125,-0.19310620427131653,-0.03755241185426712,0.0230743994936347,0.0,0.19378583058714866,-0.1800355739891529,-0.19310620427131653
2700,31.0625,-0.20440194010734558,-0.046867189928889275,0.02865521889179945,0.0,0.18797981962561608,-0.19137123227119446,-0.20440194010734558
2710,27.4375,-0.15228603780269623,-0.04589500706642866,0.028283545188605784,0.0,0.19121879562735558,-0.15448983795940877,-0.15228603780269623
2720,22.75,-0.1426207423210144,-0.03577411714941263,0.03189672101289034,0.0,0.19938118904829025,-0.1372673161327839,-0.1426207423210144
2730,42.21875,-0.15324227511882782,-0.04525664281100035,0.021777310222387315,0.0,0.2069082885980606,-0.12923877090215682,-0.15324227511882782
2740,68.59375,-0.20112664997577667,-0.04198693251237273,0.02121766544878483,0.0,0.2095977172255516,-0.15424199365079402,-0.20112664997577667
2750,60.90625,-0.17657619714736938,-0.04053024780005217,0.019842359982430936,0.0,0.20401185378432274,-0.18539826646447183,-0.17657619714736938
2760,35.78125,-0.165007084608078,-0.04093995504081249,0.05383824221789837,0.0,0.20118955597281457,-0.17999257147312164,-0.165007084608078
2770,36.25,-0.12369973957538605,-0.0405343571677804,0.02751283664256334,0.0,0.2007922723889351,-0.11922025568783283,-0.12369973957538605
2780,31.09375,-0.13044527173042297,-0.037896248325705525,0.01852479288354516,0.0,0.20574957728385926,-0.10726477392017841,-0.13044527173042297
2790,34.71875,-0.20814034342765808,-0.03696123026311397,0.03541590925306082,0.0,0.20390421003103257,-0.13687316998839377,-0.20814034342765808
2800,35.28125,-0.1942167580127716,-0.0349001451395452,0.016986927017569542,0.0,0.19403862729668617,-0.1965434581041336,-0.1942167580127716
2810,45.71875,-0.13161607086658478,-0.041391309536993506,0.022772248089313506,0.0,0.1874678172171116,-0.19445627704262733,-0.13161607086658478
2820,26.84375,-0.12783877551555634,-0.04343890137970448,0.024438129737973213,0.0,0.18734818920493126,-0.15486027337610722,-0.12783877551555634
2830,28.125,-0.14677563309669495,-0.046128686238080266,0.02238023653626442,0.0,0.19821201264858246,-0.12402884960174561,-0.14677563309669495
2840,39.3125,-0.1275121420621872,-0.039601169899106024,0.03646694719791412,0.0,0.20672742947936057,-0.1315563630312681,-0.1275121420621872
2850,63.9375,-0.17873838543891907,-0.04718802236020565,0.03047502674162388,0.0,0.21241192817687987,-0.15085836574435235,-0.17873838543891907
2860,39.59375,-0.1781662404537201,-0.04336277786642313,0.04124805629253388,0.0,0.21055882498621942,-0.17180524319410323,-0.1781662404537201
2870,24.25,-0.15842655301094055,-0.04965237770229578,0.05257238671183586,0.0,0.20998181477189065,-0.17030181512236595,-0.15842655301094055
2880,25.0625,-0.13564300537109375,-0.046942003071308136,0.04494147077202797,0.0,0.2132299728691578,-0.14159546755254268,-0.13564300537109375
2890,43.09375,-0.1117711067199707,-0.03668011724948883,0.0227708725258708,0.0,0.21931326612830163,-0.11895306967198849,-0.1117711067199707
2900,50.21875,-0.10034939646720886,-0.03136665001511574,0.02810729816555977,0.0,0.21759683787822723,-0.1177184384316206,-0.10034939646720886
2910,51.0625,-0.19878073036670685,-0.039535433426499365,0.034410022757947446,0.0,0.20994262173771858,-0.15467918440699577,-0.19878073036670685
2920,53.34375,-0.2230081856250763,-0.040027397125959395,0.0270608339458704,0.0,0.19630624428391458,-0.1984704963862896,-0.2230081856250763
2930,32.8125,-0.204813152551651,-0.03976921765133738,0.06318238489329815,0.0,0.1906193107366562,-0.19086730778217315,-0.204813152551651
2940,28.6875,-0.14510679244995117,-0.04380226358771324,0.022817000560462476,0.0,0.19752250164747237,-0.11977463252842427,-0.14510679244995117
2950,42.75,-0.1256811022758484,-0.040861783642321826,0.018785956781357527,0.0,0.21012050285935402,-0.10693319067358971,-0.1256811022758484
2960,53.6875,-0.1456075757741928,-0.032787971384823325,0.012642753589898349,0.0,0.21463412791490555,-0.12809869647026062,-0.1456075757741928
2970,69.1875,-0.17213264107704163,-0.04056844413280487,0.016955702751874923,0.0,0.212993835657835,-0.15796654000878335,-0.17213264107704163
2980,45.1875,-0.19470566511154175,-0.036145023070275784,0.014303302858024836,0.0,0.20871437713503838,-0.17698998004198074,-0.19470566511154175
2990,37.0,-0.16896496713161469,-0.03969774423167109,0.03603434655815363,0.0,0.20838229060173036,-0.17371261045336722,-0.16896496713161469
3000,25.15625,-0.14056068658828735,-0.04874653611332178,0.029323715530335904,0.0,0.21172601133584976,-0.1383000548928976,-0.14056068658828735
3010,36.0625,-0.10023616254329681,-0.03498727269470692,0.01952583100646734,0.0,0.21465015709400176,-0.11549967490136623,-0.10023616254329681
3020,27.5625,-0.13533470034599304,-0.034759238734841345,0.02832015622407198,0.0,0.21491889879107476,-0.11998476684093476,-0.13533470034599304
3030,41.25,-0.13774007558822632,-0.03468395564705133,0.023779113218188284,0.0,0.21158720403909684,-0.15004128739237785,-0.13774007558822632
3040,59.4375,-0.197759211063385,-0.03552597854286432,0.03918120581656694,0.0,0.20196620151400566,-0.17963419184088708,-0.197759211063385
3050,26.5625,-0.17196352779865265,-0.04805016815662384,0.018920470401644705,0.0,0.19752458110451698,-0.16974640637636185,-0.17196352779865265
3060,51.25,-0.08178731799125671,-0.0371841752436012,0.012346452567726374,0.0,0.20815419554710388,-0.10158832296729088,-0.08178731799125671
3070,99.25,-0.0915546864271164,-0.03558723200112581,0.015936922375112773,0.0,0.21748655587434768,-0.09209779016673565,-0.0915546864271164
3080,84.625,-0.1754186749458313,-0.04375102333724499,0.027171754650771617,0.0,0.21557431817054748,-0.1348180390894413,-0.1754186749458313
3090,102.9375,-0.16603581607341766,-0.03595389146357775,0.014606193080544472,0.0,0.2124845303595066,-0.16653837412595748,-0.16603581607341766
3100,109.75,-0.15144133567810059,-0.03364453101530671,0.02889927364885807,0.0,0.2140044800937176,-0.17766149193048478,-0.15144133567810059
3110,31.53125,-0.06281030923128128,-0.04378825891762972,0.02758207805454731,0.0,0.20899785310029984,-0.1220191428437829,-0.06281030923128128
3120,35.53125,-0.06902754306793213,-0.03549772389233112,0.013159407023340463,0.0,0.21418003365397453,-0.06597527083940805,-0.06902754306793213
3130,40.25,-0.15983951091766357,-0.03798332363367081,0.01540775615721941,0.0,0.21162192523479462,-0.1134602777659893,-0.15983951091766357
3140,31.90625,-0.2147386372089386,-0.044654212333261965,0.01760566094890237,0.0,0.19787332862615586,-0.18491026610136033,-0.2147386372089386
3150,42.875,-0.18793885409832,-0.04187259450554848,0.016560910176485776,0.0,0.18996322974562646,-0.20465462729334832,-0.18793885409832
3160,28.21875,-0.11538174748420715,-0.042164374329149726,0.018594546336680652,0.0,0.18701717853546143,-0.15858722142875195,-0.11538174748420715
3170,44.4375,-0.10542728006839752,-0.032081837952136996,0.038555408269166945,0.0,0.19506229162216188,-0.11935036666691304,-0.10542728006839752
3180,88.15625,-0.08036108314990997,-0.036815186217427256,0.012920303270220757,0.0,0.20931059792637824,-0.1078275416046381,-0.08036108314990997
3190,98.9375,-0.12745815515518188,-0.032213687617331746,0.010985070001333952,0.0,0.21584736555814743,-0.13514926172792913,-0.12745815515518188
3200,88.03125,-0.15057998895645142,-0.03259507846087217,0.01155040916055441,0.0,0.2200089141726494,-0.14941825792193414,-0.15057998895645142
3210,95.875,-0.1614961326122284,-0.043350516259670256,0.028232370130717756,0.0,0.21851519495248795,-0.15761284828186034,-0.1614961326122284
3220,32.15625,-0.15490689873695374,-0.04884545244276524,0.02717184480279684,0.0,0.2217012196779251,-0.15732878744602202,-0.15490689873695374
3230,46.34375,-0.07066132873296738,-0.03467299733310938,0.01693110018968582,0.0,0.22148205637931823,-0.10291665289551019,-0.07066132873296738
3240,57.59375,-0.10676964372396469,-0.04054126907140017,0.015246058255434037,0.0,0.223971951007843,-0.09122765548527241,-0.10676964372396469
3250,40.375,-0.1973271667957306,-0.039876705035567284,0.025024579465389253,0.0,0.21283172816038132,-0.15583555586636066,-0.1973271667957306
3260,39.3125,-0.2035265862941742,-0.03521577250212431,0.009833851410076023,0.0,0.19944944083690644,-0.21484257653355598,-0.2035265862941742
3270,62.625,-0.18803972005844116,-0.043067630380392075,0.020208850502967834,0.0,0.19227389097213746,-0.2096072882413864,-0.18803972005844116
3280,28.5,-0.14242640137672424,-0.04214859781786799,0.02997606061398983,0.0,0.19374400675296782,-0.14144708439707757,-0.14242640137672424
3290,53.25,-0.09025134891271591,-0.04305395688861609,0.014531475957483053,0.0,0.20373503714799882,-0.10721858404576778,-0.09025134891271591
3300,114.1875,-0.07846881449222565,-0.03445617882534861,0.009856550954282284,0.0,0.21348317712545395,-0.08123557101935149,-0.07846881449222565
3310,123.625,-0.145000159740448,-0.0413357101380825,0.02164795147255063,0.0,0.2197490654885769,-0.10361754409968853,-0.145000159740448
3320,82.25,-0.14902083575725555,-0.03953578174114227,0.02376798801124096,0.0,0.22006090879440307,-0.15982358530163765,-0.14902083575725555
3330,46.21875,-0.17410068213939667,-0.04752975963056087,0.029328214563429357,0.0,0.2224383346736431,-0.16731140911579132,-0.17410068213939667
3340,27.03125,-0.12386532872915268,-0.03939689043909311,0.028966462053358556,0.0,0.22071683183312416,-0.13566883243620395,-0.12386532872915268
3350,25.90625,-0.09496919065713882,-0.034840138535946606,0.012172372732311487,0.0,0.2276103250682354,-0.11347526013851165,-0.09496919065713882
3360,32.9375,-0.1268373727798462,-0.04352218313142657,0.013754728436470031,0.0,0.22742148712277413,-0.10938536673784256,-0.1268373727798462
3370,30.21875,-0.19162201881408691,-0.04427527561783791,0.019420856982469557,0.0,0.22280187234282495,-0.13651103377342225,-0.19162201881408691
3380,42.3125,-0.17882055044174194,-0.04424586277455091,0.019348465651273728,0.0,0.21451042518019675,-0.1678539328277111,-0.17882055044174194
3390,56.0,-0.19987589120864868,-0.0426799476146698,0.015615066140890121,0.0,0.20770303830504416,-0.19509775340557098,-0.19987589120864868
3400,86.5625,-0.14194223284721375,-0.04304209165275097,0.02583310715854168,0.0,0.1997698277235031,-0.16763270013034343,-0.14194223284721375
3410,21.65625,-0.11745104193687439,-0.0489023694768548,0.01675490653142333,0.0,0.20663111954927443,-0.13310118727385997,-0.11745104193687439
3420,27.1875,-0.13433638215065002,-0.04230949338525534,0.018425151705741882,0.0,0.21597447693347932,-0.1262927394360304,-0.13433638215065002
3430,33.625,-0.12546364963054657,-0.040532545931637284,0.03693130388855934,0.0,0.22243449762463569,-0.12558164671063424,-0.12546364963054657
3440,69.21875,-0.13540735840797424,-0.036639336962252855,0.013144880812615157,0.0,0.2294768676161766,-0.12028324604034424,-0.13540735840797424
3450,83.5625,-0.14899569749832153,-0.031623505614697935,0.023089783173054455,0.0,0.2289284996688366,-0.14088868945837021,-0.14899569749832153
3460,113.21875,-0.17090579867362976,-0.03672283962368965,0.01721137808635831,0.0,0.22622677385807038,-0.1632047787308693,-0.17090579867362976
3470,42.3125,-0.12845447659492493,-0.04374875947833061,0.03861021064221859,0.0,0.22413114234805107,-0.15821935683488847,-0.12845447659492493
3480,40.34375,-0.0916125476360321,-0.04688837490975857,0.03755944762378931,0.0,0.22686656638979913,-0.1219003651291132,-0.0916125476360321
3490,40.90625,-0.102574422955513,-0.04043498849496245,0.03213954959064722,0.0,0.23580648079514505,-0.0980027548968792,-0.102574422955513
3500,54.8125,-0.09719191491603851,-0.035374541208148,0.016371672693639993,0.0,0.234116530418396,-0.08004068285226822,-0.09719191491603851
3510,48.21875,-0.19182822108268738,-0.03766407258808613,0.01840022811666131,0.0,0.2245509497821331,-0.14182900115847588,-0.19182822108268738
3520,44.3125,-0.23073044419288635,-0.04448101352900267,0.022413442935794593,0.0,0.21372510269284248,-0.19608559161424638,-0.23073044419288635
3530,40.34375,-0.1800653338432312,-0.039786274265497926,0.021810138784348964,0.0,0.19918975830078126,-0.22476479187607765,-0.1800653338432312
3540,42.4375,-0.1182888001203537,-0.045110708009451626,0.017428388260304926,0.0,0.19644891619682311,-0.1643848277628422,-0.1182888001203537
3550,38.84375,-0.12354619801044464,-0.0416982039809227,0.02074361089617014,0.0,0.20604870915412904,-0.11809897087514401,-0.12354619801044464
3560,75.0,-0.10094426572322845,-0.04509308245033026,0.018100965488702058,0.0,0.21784778982400893,-0.09480529967695475,-0.10094426572322845
3570,65.3125,-0.13425907492637634,-0.04206092618405819,0.015896903350949287,0.0,0.2291001446545124,-0.09910476747900247,-0.13425907492637634
3580,84.40625,-0.1546933650970459,-0.04618889261037111,0.013521424867212773,0.0,0.22854475826025009,-0.137758344784379,-0.1546933650970459
3590,44.75,-0.15469148755073547,-0.04594011940062046,0.03513465728610754,0.0,0.2199007600545883,-0.1648107275366783,-0.15469148755073547
3600,28.53125,-0.17911450564861298,-0.04942703992128372,0.033654388040304184,0.0,0.2180648475885391,-0.15322706177830697,-0.17911450564861298
3610,29.75,-0.14966073632240295,-0.05143154915422201,0.03960714805871248,0.0,0.21616763100028039,-0.13960259333252906,-0.14966073632240295
3620,37.15625,-0.12587809562683105,-0.04104129197075963,0.017280504014343022,0.0,0.22640734165906906,-0.11605173870921134,-0.12587809562683105
3630,39.5625,-0.13332176208496094,-0.040180652402341366,0.027002794668078423,0.0,0.22643692046403885,-0.11382822878658772,-0.13332176208496094
3640,28.65625,-0.18108204007148743,-0.041934984270483255,0.040399862080812456,0.0,0.22161049395799637,-0.14554331228137016,-0.18108204007148743
3650,45.71875,-0.19376122951507568,-0.038257337361574176,0.02981403414160013,0.0,0.21602193117141724,-0.18027887865900993,-0.19376122951507568
3660,71.75,-0.16128605604171753,-0.04345032423734665,0.01687985975295305,0.0,0.21305254921317102,-0.18531447723507882,-0.16128605604171753
3670,32.1875,-0.14780229330062866,-0.051881290320307014,0.024258031323552132,0.0,0.21412004232406617,-0.13341643288731575,-0.14780229330062866
3680,28.28125,-0.16668415069580078,-0.04954946655780077,0.04351443648338318,0.0,0.2219300873577595,-0.12421868443489074,-0.16668415069580078
3690,51.25,-0.12641751766204834,-0.042135071754455564,0.021281395200639965,0.0,0.22858773693442344,-0.11545538790524006,-0.12641751766204834
3700,54.09375,-0.13139548897743225,-0.040275590308010575,0.016332076489925386,0.0,0.231960716098547,-0.13759513050317765,-0.13139548897743225
3710,106.125,-0.16873526573181152,-0.041850756481289865,0.023997622169554235,0.0,0.234196225553751,-0.1499767813831568,-0.16873526573181152
3720,114.28125,-0.16650091111660004,-0.03804582580924034,0.016784766037017108,0.0,0.2239875853061676,-0.18012508898973464,-0.16650091111660004
3730,46.28125,-0.13120137155056,-0.04659363031387329,0.03416112307459116,0.0,0.22254897207021712,-0.14585292600095273,-0.13120137155056
3740,55.75,-0.06914664804935455,-0.04011430311948061,0.01290542958304286,0.0,0.2301572896540165,-0.07837095158174634,-0.06914664804935455
3750,49.46875,-0.08339617401361465,-0.03820824977010488,0.014614904392510652,0.0,0.23687711879611015,-0.06112249782308936,-0.08339617401361465
3760,36.0,-0.1974191665649414,-0.034373261593282224,0.01616288973018527,0.0,0.23104342594742774,-0.12585137002170085,-0.1974191665649414
3770,34.5625,-0.1776103675365448,-0.04493516683578491,0.016084397211670876,0.0,0.21688162311911582,-0.18076893389225007,-0.1776103675365448
3780,41.25,-0.16664935648441315,-0.047438495233654975,0.025459703430533408,0.0,0.21125433146953582,-0.18211755007505417,-0.16664935648441315
3790,49.5625,-0.12056267261505127,-0.04582307990640402,0.0263909500092268,0.0,0.21529509127140045,-0.12171778045594692,-0.12056267261505127
3800,48.3125,-0.09053424000740051,-0.03931273315101862,0.01949204197153449,0.0,0.2238219492137432,-0.09540853984653949,-0.09053424000740051
3810,86.3125,-0.085630863904953,-0.03859994374215603,0.012628508172929287,0.0,0.23658681511878968,-0.09047224745154381,-0.085630863904953
3820,139.40625,-0.13850578665733337,-0.03786512827500701,0.018897075299173595,0.0,0.23962565436959266,-0.12487620078027248,-0.13850578665733337
3830,76.59375,-0.16289523243904114,-0.04084464693441987,0.042517559789121154,0.0,0.23833977058529854,-0.1514448679983616,-0.16289523243904114
3840,42.71875,-0.12276876717805862,-0.043355466425418855,0.027408808842301367,0.0,0.23869231566786767,-0.12817841731011867,-0.12276876717805862
3850,53.5625,-0.07893170416355133,-0.03987078322097659,0.023256728425621986,0.0,0.24451545849442483,-0.1021199520677328,-0.07893170416355133
3860,91.03125,-0.019338209182024002,-0.03211352918297052,0.00926239900290966,0.0,0.24855351448059082,-0.05163053898140788,-0.019338209182024002
3870,33.4375,-0.12635433673858643,-0.04241755325347185,0.021150000020861627,0.0,0.2486531674861908,-0.08116889316588641,-0.12635433673858643
3880,44.46875,-0.19921301305294037,-0.03987227203324437,0.022283578757196665,0.0,0.2356568954885006,-0.1492449264973402,-0.19921301305294037
3890,45.125,-0.1977699100971222,-0.04511688966304064,0.0172974718734622,0.0,0.22294922396540642,-0.19038049057126044,-0.1977699100971222
3900,53.90625,-0.14735573530197144,-0.04257031511515379,0.03380719032138586,0.0,0.21433394253253937,-0.16702036559581757,-0.14735573530197144
3910,44.25,-0.12029799818992615,-0.0402107042260468,0.025599158182740212,0.0,0.2239767238497734,-0.12674595937132835,-0.12029799818992615
3920,40.40625,-0.12449397891759872,-0.04325352469459176,0.017410965729504825,0.0,0.23312439173460006,-0.11869284324347973,-0.12449397891759872
3930,33.5,-0.10981300473213196,-0.03959472980350256,0.021949575282633305,0.0,0.23881593868136405,-0.12007210291922092,-0.10981300473213196
3940,54.96875,-0.10207957029342651,-0.0344032758846879,0.01344999298453331,0.0,0.24292905107140542,-0.11514056362211704,-0.10207957029342651
3950,79.71875,-0.14666196703910828,-0.04145636633038521,0.015748218260705472,0.0,0.2428544282913208,-0.12309659719467163,-0.14666196703910828
3960,86.96875,-0.15100494027137756,-0.04379958249628544,0.02311240220442414,0.0,0.23853664621710777,-0.14618715941905974,-0.15100494027137756
3970,76.1875,-0.1825646460056305,-0.041360873356461526,0.015126987639814616,0.0,0.2359613336622715,-0.17953042313456535,-0.1825646460056305
3980,52.3125,-0.15281018614768982,-0.04531208211556077,0.036028632521629335,0.0,0.23015424013137817,-0.16762860640883445,-0.15281018614768982
3990,38.09375,-0.14827339351177216,-0.043287393264472486,0.05377406701445579,0.0,0.23252394050359726,-0.14375388883054258,-0.14827339351177216
4000,37.1875,-0.13415929675102234,-0.04181132698431611,0.06407511159777642,0.0,0.24089992195367813,-0.13485176488757133,-0.13415929675102234
4010,29.34375,-0.15279395878314972,-0.04823833415284753,0.0317878631874919,0.0,0.2440648153424263,-0.11710390485823155,-0.15279395878314972
4020,37.03125,-0.0926247090101242,-0.04198293462395668,0.024624016135931015,0.0,0.2483759604394436,-0.10647955425083637,-0.0926247090101242
4030,35.15625,-0.15937481820583344,-0.04994834857061505,0.03169483318924904,0.0,0.24703640937805177,-0.12097016945481301,-0.15937481820583344
4040,39.03125,-0.12157964706420898,-0.037227867543697356,0.017888219840824605,0.0,0.24156767576932908,-0.1395495656877756,-0.12157964706420898
4050,43.1875,-0.1707003116607666,-0.03793483525514603,0.017179193161427974,0.0,0.23536376729607583,-0.16772825866937638,-0.1707003116607666
4060,61.4375,-0.20393745601177216,-0.03973136823624372,0.0704738849774003,0.0,0.22599800452589988,-0.1829232729971409,-0.20393745601177216
4070,89.78125,-0.12807597219944,-0.03681749124079943,0.03269814420491457,0.0,0.22509460300207138,-0.15684815607964991,-0.12807597219944
4080,92.34375,-0.06795337051153183,-0.044694496877491476,0.010225729178637266,0.0,0.22876816242933273,-0.083818400464952,-0.06795337051153183
4090,145.125,-0.09324827790260315,-0.03965229466557503,0.011950594466179609,0.0,0.23914688676595688,-0.045251572085544464,-0.09324827790260315
4100,170.4375,-0.16481955349445343,-0.036555913463234904,0.029933955427259205,0.0,0.24158059284090996,-0.1123135644942522,-0.16481955349445343
4110,153.03125,-0.1889774203300476,-0.03980416133999824,0.02496343906968832,0.0,0.237858410179615,-0.15433960855007173,-0.1889774203300476
4120,57.90625,-0.14103828370571136,-0.041279679909348485,0.04139738865196705,0.0,0.2443585440516472,-0.12135365083813668,-0.14103828370571136
4130,51.28125,-0.07576196640729904,-0.04657271318137646,0.01811309102922678,0.0,0.2466721549630165,-0.09683758988976479,-0.07576196640729904
4140,38.8125,-0.12279678136110306,-0.04395906589925289,0.02217997834086418,0.0,0.25113179311156275,-0.0826032929122448,-0.12279678136110306
4150,40.84375,-0.14730098843574524,-0.04720175340771675,0.03256147373467684,0.0,0.244112216681242,-0.11822708956897258,-0.14730098843574524
4160,39.625,-0.17850440740585327,-0.041096394695341584,0.0213150835596025,0.0,0.23056065216660498,-0.18146416395902634,-0.17850440740585327
4170,35.75,-0.18919247388839722,-0.04318007417023182,0.0172731664031744,0.0,0.22018286287784578,-0.20766275003552437,-0.18919247388839722
4180,39.96875,-0.11319997906684875,-0.03868952775374055,0.03089670054614544,0.0,0.21366449892520906,-0.16729951985180377,-0.11319997906684875
4190,51.90625,-0.1287791132926941,-0.03774256985634565,0.05445997267961502,0.0,0.22422343418002127,-0.1070303875952959,-0.1287791132926941
4200,86.125,-0.060818180441856384,-0.04222667515277863,0.025643990747630595,0.0,0.24045608639717103,-0.08802890442311764,-0.060818180441856384
4210,130.53125,-0.09926252067089081,-0.03386030187830329,0.013738135155290366,0.0,0.24775530025362968,-0.0864429023116827,-0.09926252067089081
4220,126.75,-0.13215944170951843,-0.0336401148699224,0.024789390340447425,0.0,0.24752987250685693,-0.11411544866859913,-0.13215944170951843
4230,46.375,-0.14717352390289307,-0.04604885643348098,0.06624132804572583,0.0,0.23957703411579132,-0.1590028889477253,-0.14717352390289307
4240,51.21875,-0.143235981464386,-0.04192209606990218,0.0382662583142519,0.0,0.23428263515233994,-0.1612616501748562,-0.143235981464386
4250,47.03125,-0.14733217656612396,-0.04202517345547676,0.029742827638983727,0.0,0.23452090695500374,-0.14169289357960224,-0.14733217656612396
4260,42.3125,-0.1405346542596817,-0.04769492596387863,0.02311198990792036,0.0,0.23907227739691733,-0.11328005157411099,-0.1405346542596817
4270,35.46875,-0.13125021755695343,-0.042669817246496676,0.019387121126055718,0.0,0.24011074975132943,-0.11204890757799149,-0.13125021755695343
4280,25.15625,-0.1423899531364441,-0.04484437257051468,0.021058496553450823,0.0,0.24000264555215836,-0.1041953455656767,-0.1423899531364441
4290,39.25,-0.17222252488136292,-0.043016155064105985,0.017787035554647446,0.0,0.23567233979701996,-0.14742384739220143,-0.17222252488136292
4300,52.625,-0.1517200767993927,-0.04240257097408175,0.013696803897619247,0.0,0.2312790147960186,-0.16446036398410796,-0.1517200767993927
4310,108.90625,-0.09735947847366333,-0.0395281782373786,0.023704797215759753,0.0,0.2275971733033657,-0.12131802998483181,-0.09735947847366333
4320,106.25,-0.06792093813419342,-0.03864925503730774,0.02346918098628521,0.0,0.23422776833176612,-0.07593364231288433,-0.06792093813419342
4330,184.375,-0.04512014240026474,-0.030220645107328893,0.01316408347338438,0.0,0.2462743826210499,-0.04652069928124547,-0.04512014240026474
4340,196.8125,-0.13951414823532104,-0.03679938670247793,0.04069144539535045,0.0,0.24908215180039406,-0.09900674503296614,-0.13951414823532104
4350,140.46875,-0.1794072389602661,-0.03070700792595744,0.0465698380023241,0.0,0.24296385273337365,-0.16396577060222625,-0.1794072389602661
4360,103.125,-0.10438018292188644,-0.03915138058364391,0.03885621782392264,0.0,0.23291110321879388,-0.16526961363852025,-0.10438018292188644
4370,47.46875,-0.027880685403943062,-0.041213350184261796,0.0118187022395432,0.0,0.23543090969324112,-0.0745921459980309,-0.027880685403943062
4380,38.125,-0.08540554344654083,-0.04469399619847536,0.012071551568806172,0.0,0.24060219302773475,-0.040442089550197124,-0.08540554344654083
4390,37.03125,-0.147700235247612,-0.04762778803706169,0.014522772654891014,0.0,0.24072545841336251,-0.10043098721653224,-0.147700235247612
4400,37.75,-0.18504367768764496,-0.04257803838700056,0.02205909276381135,0.0,0.23702480047941207,-0.14160544127225877,-0.18504367768764496
4410,39.875,-0.1724788248538971,-0.04828988714143634,0.021289824787527323,0.0,0.22975966557860375,-0.16805201768875122,-0.1724788248538971
4420,78.34375,-0.10126284509897232,-0.04298944510519505,0.014618425630033016,0.0,0.225098317861557,-0.13997473269701005,-0.10126284509897232
4430,58.03125,-0.07903073728084564,-0.038873557560145856,0.014786796737462282,0.0,0.234927299618721,-0.09865064583718777,-0.07903073728084564
4440,143.59375,-0.07924956828355789,-0.0313453234732151,0.11445599831640721,0.0,0.2458024375140667,-0.06659622397273779,-0.07924956828355789
4450,192.15625,-0.10583169013261795,-0.033346567396074535,0.031075733341276647,0.0,0.2546134352684021,-0.07451443485915661,-0.10583169013261795
4460,119.375,-0.13219401240348816,-0.030798160005360842,0.05520272180438042,0.0,0.25450412556529045,-0.11976664997637272,-0.13219401240348816
4470,150.65625,-0.11267112195491791,-0.030910136736929418,0.049449062719941136,0.0,0.2549629360437393,-0.13465267568826675,-0.11267112195491791
4480,32.71875,-0.15172380208969116,-0.04468830870464444,0.0533211775124073,0.0,0.25430523082613943,-0.11748043932020664,-0.15172380208969116
4490,29.53125,-0.10150311887264252,-0.04198149861767888,0.021913024224340917,0.0,0.2585305511951447,-0.09634409286081791,-0.10150311887264252
4500,36.3125,-0.09011868387460709,-0.03784486735239625,0.012723045703023673,0.0,0.2627229019999504,-0.08291516620665788,-0.09011868387460709
4510,33.46875,-0.0958421528339386,-0.04587133079767227,0.008803824475035072,0.0,0.25980082154273987,-0.10211168434470892,-0.0958421528339386
4520,26.25,-0.14418035745620728,-0.045719676092267035,0.015697169676423074,0.0,0.250626215338707,-0.14936602711677552,-0.14418035745620728
4530,38.0,-0.1448182314634323,-0.03748639281839132,0.015327904745936394,0.0,0.24554480016231536,-0.15390882417559623,-0.1448182314634323
4540,78.78125,-0.13429585099220276,-0.043348423391580584,0.015370333660393953,0.0,0.24414848536252975,-0.15756651163101196,-0.13429585099220276
4550,171.59375,-0.053808555006980896,-0.039129523932933806,0.02981552816927433,0.0,0.24743332713842392,-0.08771114330738783,-0.053808555006980896
4560,139.0625,-0.0208156555891037,-0.034053117781877515,0.038368736207485196,0.0,0.25739968940615654,-0.0457816194742918,-0.0208156555891037
4570,127.96875,-0.036835264414548874,-0.03384450227022171,0.01648546028882265,0.0,0.2699986442923546,-0.03881044797599316,-0.036835264414548874
4580,148.375,-0.08308661729097366,-0.028638287633657455,0.09916592314839363,0.0,0.2726314544677734,-0.05838722577318549,-0.08308661729097366
4590,166.03125,-0.11969868093729019,-0.033169162832200526,0.023863871302455663,0.0,0.26947088688611986,-0.11339977234601975,-0.11969868093729019
4600,154.8125,-0.14169538021087646,-0.03963425010442734,0.061379630118608475,0.0,0.26090767458081243,-0.1361068334430456,-0.14169538021087646
4610,102.75,-0.09068241715431213,-0.03799691647291183,0.04533008970320225,0.0,0.2543831542134285,-0.10865057334303856,-0.09068241715431213
4620,32.25,-0.09839434921741486,-0.04529020488262177,0.020525434985756874,0.0,0.2592734158039093,-0.07695579510182142,-0.09839434921741486
4630,54.875,-0.06871040165424347,-0.03603503443300724,0.014033021219074727,0.0,0.2663945898413658,-0.07566673289984464,-0.06871040165424347
4640,74.0625,-0.06366415321826935,-0.04118322730064392,0.01129050487652421,0.0,0.2738264694809914,-0.06095181386917829,-0.06366415321826935
4650,54.21875,-0.13638457655906677,-0.026588793843984604,0.07117988411337137,0.0,0.269633349776268,-0.08801587829366327,-0.13638457655906677
4660,47.40625,-0.21255134046077728,-0.04668276226148009,0.029785181768238543,0.0,0.25160518661141396,-0.15773566551506518,-0.21255134046077728
4670,50.34375,-0.20719178020954132,-0.04216863866895437,0.018072116188704967,0.0,0.23225218951702117,-0.22004233822226524,-0.20719178020954132
4680,78.9375,-0.16256164014339447,-0.03775976374745369,0.01513287415727973,0.0,0.22358931973576546,-0.2046516105532646,-0.16256164014339447
4690,63.4375,-0.09229341149330139,-0.039325395599007607,0.015523893106728793,0.0,0.22934403046965599,-0.10661364458501339,-0.09229341149330139
4700,81.3125,-0.0688784047961235,-0.044113482162356374,0.01338481679558754,0.0,0.23736676201224327,-0.07546637859195471,-0.0688784047961235
4710,122.875,-0.07882712036371231,-0.043897992745041844,0.020965478010475637,0.0,0.24552313461899758,-0.065141087397933,-0.07882712036371231
4720,140.53125,-0.1173768937587738,-0.04022964797914028,0.013938097469508647,0.0,0.25075681060552596,-0.08560518734157085,-0.1173768937587738
4730,144.09375,-0.14839184284210205,-0.0387226726859808,0.04251342117786407,0.0,0.24770803824067117,-0.1252119816839695,-0.14839184284210205
4740,120.84375,-0.13937854766845703,-0.037634295597672465,0.05934586226940155,0.0,0.24493010491132736,-0.14566637761890888,-0.13937854766845703
4750,65.96875,-0.12154741585254669,-0.04547509020194411,0.027141176722943784,0.0,0.2468288481235504,-0.13778128772974013,-0.12154741585254669
4760,40.03125,-0.08002322167158127,-0.04635294871404767,0.025030320137739183,0.0,0.2569277763366699,-0.10062222070991993,-0.08002322167158127
4770,69.9375,-0.03549540042877197,-0.0445361627265811,0.013133400306105613,0.0,0.2624860018491745,-0.061049173772335055,-0.03549540042877197
4780,72.96875,-0.0837077796459198,-0.038142403587698936,0.011595142725855111,0.0,0.26482363492250444,-0.056878599850460884,-0.0837077796459198
4790,68.59375,-0.18254812061786652,-0.04620516281574964,0.029571187868714332,0.0,0.25821096301078794,-0.12852493301033974,-0.18254812061786652
4800,51.5625,-0.23500996828079224,-0.04641781523823738,0.01610512174665928,0.0,0.2429393708705902,-0.19720850586891175,-0.23500996828079224
4810,82.0625,-0.22085154056549072,-0.04126578010618687,0.013844403391703963,0.0,0.23098992854356765,-0.21605222597718238,-0.22085154056549072
4820,111.15625,-0.11107832938432693,-0.039120154827833174,0.02629197221249342,0.0,0.22546607106924058,-0.16056067943573,-0.11107832938432693
4830,68.375,-0.07655680179595947,-0.03779830727726221,0.013933700416237116,0.0,0.2372192494571209,-0.09182141125202178,-0.07655680179595947
4840,87.125,-0.09355707466602325,-0.04188365526497364,0.008616893831640483,0.0,0.2480895049870014,-0.07660708744078874,-0.09355707466602325
4850,103.71875,-0.09063439071178436,-0.03650341704487801,0.012969286181032658,0.0,0.2513276465237141,-0.09648206178098917,-0.09063439071178436
4860,99.5625,-0.11689335107803345,-0.038902259338647126,0.015693765599280596,0.0,0.2505799114704132,-0.11231019310653209,-0.11689335107803345
4870,152.1875,-0.1663011759519577,-0.038670867681503296,0.02937113996595144,0.0,0.25376557260751725,-0.13489371351897717,-0.1663011759519577
4880,150.28125,-0.12500259280204773,-0.03556118886917829,0.0461962953209877,0.0,0.24990686774253845,-0.13668589480221272,-0.12500259280204773
4890,33.84375,-0.11020828783512115,-0.03155218283645809,0.07405515182763338,0.0,0.24923417940735818,-0.10998578295111656,-0.11020828783512115
4900,43.375,-0.11862869560718536,-0.04684681124053895,0.018113396503031252,0.0,0.25494532734155656,-0.0980450114235282,-0.11862869560718536
4910,53.40625,-0.08511203527450562,-0.04481485690921545,0.01128159761428833,0.0,0.2604719251394272,-0.0931040782481432,-0.08511203527450562
4920,41.40625,-0.13281278312206268,-0.0466998060233891,0.017157178558409213,0.0,0.2582421749830246,-0.10870920978486538,-0.13281278312206268
4930,55.9375,-0.15800175070762634,-0.04084704080596566,0.017241860181093215,0.0,0.25386751517653466,-0.15130762234330178,-0.15800175070762634
4940,61.0625,-0.1826753318309784,-0.04408655753359199,0.030104412604123353,0.0,0.24949462413787843,-0.18694209232926368,-0.1826753318309784
4950,91.71875,-0.1298377364873886,-0.04522539051249623,0.01569996327161789,0.0,0.24215988144278527,-0.16569857597351073,-0.1298377364873886
4960,48.4375,-0.07541380822658539,-0.04091732343658805,0.02318397518247366,0.0,0.24800272285938263,-0.10660017095506191,-0.07541380822658539
4970,74.28125,-0.07226962596178055,-0.04673254080116749,0.014617872890084982,0.0,0.2585683152079582,-0.07901969123631716,-0.07226962596178055
4980,71.5,-0.0842098817229271,-0.04600516073405743,0.0158692860044539,0.0,0.26882099360227585,-0.06831012014299631,-0.0842098817229271
4990,85.96875,-0.09597989916801453,-0.04305042857304216,0.011137290857732296,0.0,0.2707966327667236,-0.079223976098001,-0.09597989916801453
5000,141.0,-0.1471291482448578,-0.03551766835153103,0.02062157616019249,0.0,0.26830754727125167,-0.11056606248021125,-0.1471291482448578
5010,179.125,-0.15265026688575745,-0.03409932749345899,0.03463546223938465,0.0,0.25551208183169366,-0.1372046660631895,-0.15265026688575745
5020,138.375,-0.07544484734535217,-0.04175259098410607,0.04922944810241461,0.0,0.24861274734139444,-0.12783188559114933,-0.07544484734535217
5030,143.0625,-0.02288697101175785,-0.03944742577150464,0.0391689432784915,0.0,0.2583177462220192,-0.02592380376299843,-0.02288697101175785
5040,85.71875,-0.019445572048425674,-0.029741365648806094,0.02443221481516957,0.0,0.2649181231856346,-0.029135508299805223,-0.019445572048425674
5050,42.40625,-0.13030195236206055,-0.038772646151483056,0.02186414087191224,0.0,0.26089435517787934,-0.08691782746464013,-0.13030195236206055
5060,61.375,-0.17132696509361267,-0.04476541578769684,0.020700573921203613,0.0,0.2525414630770683,-0.15826595313847064,-0.17132696509361267
5070,54.25,-0.1950862556695938,-0.044943655794486406,0.014552221447229386,0.0,0.24346805661916732,-0.19483765512704848,-0.1950862556695938
5080,112.625,-0.12765997648239136,-0.04720965083688498,0.0179167571477592,0.0,0.24104499593377113,-0.1669981971383095,-0.12765997648239136
5090,45.90625,-0.06892555207014084,-0.042631646431982514,0.030362899415194988,0.0,0.24602303877472878,-0.09075904749333859,-0.06892555207014084
5100,56.6875,-0.08508484065532684,-0.04260186273604631,0.021852513030171394,0.0,0.2557369574904442,-0.07896733041852713,-0.08508484065532684
5110,109.4375,-0.04157404974102974,-0.04184064231812954,0.018438420630991458,0.0,0.26583708375692366,-0.06866275742650033,-0.04157404974102974
5120,142.90625,-0.0658205896615982,-0.03646315634250641,0.016454808600246906,0.0,0.2668468251824379,-0.0537163257598877,-0.0658205896615982
5130,151.8125,-0.12226030230522156,-0.044553605001419784,0.020216314867138863,0.0,0.26321091279387476,-0.09711702596396207,-0.12226030230522156
5140,147.78125,-0.13218659162521362,-0.029234318248927593,0.039288077130913736,0.0,0.2523289456963539,-0.14023403450846672,-0.13218659162521362
5150,186.40625,-0.13150355219841003,-0.03353591300547123,0.06021856591105461,0.0,0.2600398615002632,-0.13568887263536453,-0.13150355219841003
5160,88.46875,-0.05954085662961006,-0.04406800186261535,0.03137174714356661,0.0,0.26482448279857634,-0.08112459667026997,-0.05954085662961006
5170,70.875,-0.042809464037418365,-0.046735113859176634,0.013045462593436242,0.0,0.2708115875720978,-0.07438417114317417,-0.042809464037418365
5180,100.84375,-0.08994456380605698,-0.0441838376224041,0.014006100688129663,0.0,0.2810428023338318,-0.044612884242087605,-0.08994456380605698
5190,43.0625,-0.11603683233261108,-0.03999273329973221,0.012734512146562339,0.0,0.2746056467294693,-0.11178469471633434,-0.11603683233261108
5200,55.5625,-0.19235962629318237,-0.037901486922055486,0.018537035211920738,0.0,0.2658573180437088,-0.1543651282787323,-0.19235962629318237
5210,157.1875,-0.12106114625930786,-0.025055482052266598,0.05297560766339302,0.0,0.2618611857295036,-0.151196301355958,-0.12106114625930786
5220,139.28125,-0.08661101013422012,-0.04609879218041897,0.048267649859189986,0.0,0.26283153221011163,-0.0746913212351501,-0.08661101013422012
5230,53.46875,-0.06278533488512039,-0.04227789491415024,0.028590231388807296,0.0,0.26590144708752633,-0.07390212323516607,-0.06278533488512039
5240,41.40625,-0.0851907879114151,-0.052542854007333516,0.0369601733982563,0.0,0.27357280999422073,-0.08438773788511753,-0.0851907879114151
5250,41.78125,-0.07411505281925201,-0.04768346343189478,0.020167155377566814,0.0,0.27786721736192704,-0.09011711832135916,-0.07411505281925201
5260,48.1875,-0.10084399580955505,-0.04260042514652014,0.020110559463500977,0.0,0.2765937879681587,-0.10572213605046273,-0.10084399580955505
5270,72.53125,-0.0996672660112381,-0.04058197401463985,0.01761819776147604,0.0,0.27502368241548536,-0.10865702889859677,-0.0996672660112381
5280,162.15625,-0.14995837211608887,-0.03962976410984993,0.03300553970038891,0.0,0.26865159124135973,-0.1272759113460779,-0.14995837211608887
5290,147.15625,-0.12626953423023224,-0.039522095769643786,0.16356805413961412,0.0,0.259397304803133,-0.1434244193136692,-0.12626953423023224
5300,107.71875,-0.06313952803611755,-0.04390788152813911,0.042708265408873555,0.0,0.2618944987654686,-0.10518998876214028,-0.06313952803611755
5310,76.8125,-0.04119870811700821,-0.04228563862852752,0.03546787742525339,0.0,0.26724337190389635,-0.06391585227102041,-0.04119870811700821
5320,60.5,-0.0942806527018547,-0.04466854613274336,0.024668576754629613,0.0,0.2735546097159386,-0.06523457076400518,-0.0942806527018547
5330,57.0,-0.09566473960876465,-0.04054275825619698,0.025523115508258344,0.0,0.28097842186689376,-0.08202313669025899,-0.09566473960876465
5340,91.78125,-0.10456620156764984,-0.03773293178528547,0.01719801789149642,0.0,0.28101901412010194,-0.09236451648175717,-0.10456620156764984
5350,123.65625,-0.15173304080963135,-0.042266306839883326,0.042284473031759265,0.0,0.2775110125541687,-0.11772020496428012,-0.15173304080963135
5360,152.78125,-0.1513332724571228,-0.02810810077935457,0.09691415727138519,0.0,0.26940961331129076,-0.14277015700936319,-0.1513332724571228
5370,129.125,-0.15350577235221863,-0.04777086116373539,0.04729165248572827,0.0,0.2719768986105919,-0.13207432217895984,-0.15350577235221863
5380,114.84375,-0.09063635766506195,-0.04871657975018025,0.05612534806132317,0.0,0.2757610738277435,-0.10143918134272098,-0.09063635766506195
5390,67.78125,-0.09721420705318451,-0.04277828857302666,0.04769330862909556,0.0,0.28492396920919416,-0.10895254500210286,-0.09721420705318451
5400,99.09375,-0.024332396686077118,-0.04831584664061665,0.039600114524364474,0.0,0.2885992616415024,-0.05163687188178301,-0.024332396686077118
5410,138.125,-0.04716435819864273,-0.03665418326854706,0.050483839586377144,0.0,0.2964142680168152,-0.01894754183012992,-0.04716435819864273
5420,150.40625,-0.0954705998301506,-0.04492327272891998,0.018093021772801875,0.0,0.2947136253118515,-0.07212882060557604,-0.0954705998301506
5430,140.4375,-0.13288456201553345,-0.04140337128192186,0.026961332745850088,0.0,0.28403370678424833,-0.11782331503927708,-0.13288456201553345
5440,131.96875,-0.11287325620651245,-0.04561871588230133,0.02789978887885809,0.0,0.2741312444210052,-0.12704488970339298,-0.11287325620651245
5450,71.46875,-0.09180262684822083,-0.04735822509974241,0.03770256005227566,0.0,0.2700832262635231,-0.12006284072995185,-0.09180262684822083
5460,76.34375,-0.08492298424243927,-0.04735046625137329,0.03972402047365904,0.0,0.27465741634368895,-0.09938189722597598,-0.08492298424243927
5470,51.625,-0.08127355575561523,-0.042683484591543676,0.036408619955182076,0.0,0.2779107436537743,-0.09111564792692661,-0.08127355575561523
5480,26.96875,-0.10989886522293091,-0.04880978083238006,0.02528241090476513,0.0,0.2820504426956177,-0.09009016994386912,-0.10989886522293091
5490,43.78125,-0.11616599559783936,-0.04184653759002686,0.03485303558409214,0.0,0.2791470378637314,-0.10548265278339386,-0.11616599559783936
5500,47.21875,-0.13367676734924316,-0.03869932759553194,0.03395709618926048,0.0,0.27718103528022764,-0.12226394899189472,-0.13367676734924316
5510,70.84375,-0.13156434893608093,-0.03667261190712452,0.04145763143897056,0.0,0.2732774347066879,-0.13353420086205006,-0.13156434893608093
5520,143.78125,-0.10379484295845032,-0.032525022886693476,0.032029171846807,0.0,0.2725484549999237,-0.12487351745367051,-0.10379484295845032
5530,109.84375,-0.11021077632904053,-0.04030439611524343,0.05775718688964844,0.0,0.279092937707901,-0.10764697790145875,-0.11021077632904053
5540,66.40625,-0.12921574711799622,-0.04314806871116161,0.04867734126746655,0.0,0.2873411104083061,-0.11586639024317265,-0.12921574711799622
5550,62.21875,-0.10785484313964844,-0.038284064084291455,0.045910314470529553,0.0,0.2939013600349426,-0.11057306192815304,-0.10785484313964844
5560,62.71875,-0.10220685601234436,-0.05104765091091394,0.026678119041025638,0.0,0.29983951151371,-0.08765343800187111,-0.10220685601234436
5570,53.9375,-0.08998849242925644,-0.05175598412752151,0.021595695428550242,0.0,0.30268392264842986,-0.06757081598043442,-0.08998849242925644
5580,69.8125,-0.06548208743333817,-0.04664372224360704,0.018360818549990655,0.0,0.30082799345254896,-0.07293036635965108,-0.06548208743333817
5590,68.34375,-0.11473062634468079,-0.04506575642153621,0.010844250582158566,0.0,0.29745241105556486,-0.0954396478831768,-0.11473062634468079
5600,77.9375,-0.12303607910871506,-0.047501038387417795,0.01584634045138955,0.0,0.2848851293325424,-0.11530359275639057,-0.12303607910871506
5610,88.0,-0.0886964425444603,-0.04323420859873295,0.03097999785095453,0.0,0.28005351573228837,-0.11485430449247361,-0.0886964425444603
5620,68.5,-0.09341006726026535,-0.04534253478050232,0.05147474892437458,0.0,0.2773360386490822,-0.09014868438243866,-0.09341006726026535
5630,101.46875,-0.050566479563713074,-0.04131889436393976,0.008344055479392409,0.0,0.2840920612215996,-0.0501217688433826,-0.050566479563713074
5640,131.71875,-0.1241430938243866,-0.0382305946201086,0.03207318196073174,0.0,0.2858273133635521,-0.05929163265973329,-0.1241430938243866
5650,88.125,-0.2584085464477539,-0.03199755093082786,0.056269514560699466,0.0,0.273461090028286,-0.18180862590670585,-0.2584085464477539
5660,65.5,-0.2643875479698181,-0.04092058334499597,0.01587185524404049,0.0,0.24690730199217797,-0.2620881229639053,-0.2643875479698181
5670,126.5,-0.1322382539510727,-0.04596212636679411,0.04033586531877518,0.0,0.23441685885190963,-0.1936238795518875,-0.1322382539510727
5680,116.96875,-0.025657564401626587,-0.03323152158409357,0.03511661067605019,0.0,0.24696841165423394,-0.0563542558811605,-0.025657564401626587
5690,55.75,-0.04331529513001442,-0.038650191761553286,0.015300040971487761,0.0,0.25886325985193254,-0.06896423418074846,-0.04331529513001442
5700,107.15625,-0.051824819296598434,-0.037606163509190084,0.009209909988567234,0.0,0.2664396271109581,-0.052999854739755395,-0.051824819296598434
5710,188.03125,-0.10830075293779373,-0.037988534569740294,0.014529201202094555,0.0,0.26439675986766814,-0.08394597321748734,-0.10830075293779373
5720,143.125,-0.11268725246191025,-0.04323765393346548,0.0463385384529829,0.0,0.26064263135194776,-0.112657081335783,-0.11268725246191025
5730,92.90625,-0.10516256839036942,-0.03924447149038315,0.04692129492759704,0.0,0.2605895884335041,-0.10017537474632263,-0.10516256839036942
5740,92.09375,-0.05708345025777817,-0.04520303662866354,0.027160926535725594,0.0,0.2681296244263649,-0.06650281865149736,-0.05708345025777817
5750,85.0,-0.10591012239456177,-0.043777800351381305,0.017945783399045467,0.0,0.2745550975203514,-0.08024554885923862,-0.10591012239456177
5760,101.9375,-0.12086418271064758,-0.04579468611627817,0.016409159731119873,0.0,0.2785467267036438,-0.10346534475684166,-0.12086418271064758
5770,150.53125,-0.10800404101610184,-0.04054540432989597,0.05853333100676537,0.0,0.27913770973682406,-0.11497418917715549,-0.10800404101610184
5780,102.71875,-0.0809590071439743,-0.0379348486661911,0.08379123732447624,0.0,0.2817528069019318,-0.09858735017478466,-0.0809590071439743
5790,112.78125,-0.03709425777196884,-0.040502509102225304,0.014029155764728785,0.0,0.28546058386564255,-0.04165526069700718,-0.03709425777196884
5800,166.78125,-0.07988300174474716,-0.03734130561351776,0.019051861949265003,0.0,0.28909400254487994,-0.040994695480912925,-0.07988300174474716
5810,161.75,-0.12152230739593506,-0.034571617096662524,0.030085660889744757,0.0,0.2826891362667084,-0.09827501606196165,-0.12152230739593506
5820,80.34375,-0.11168718338012695,-0.04213983211666346,0.0367107592523098,0.0,0.27389165610074995,-0.11573990024626254,-0.11168718338012695
5830,40.84375,-0.08582039177417755,-0.042512590810656545,0.053559199720621106,0.0,0.27128439098596574,-0.10517664551734925,-0.08582039177417755
5840,63.375,-0.12278079986572266,-0.04666036665439606,0.033574212528765204,0.0,0.2757228121161461,-0.09260167237371206,-0.12278079986572266
5850,57.875,-0.11021213978528976,-0.051198475249111655,0.01997681725770235,0.0,0.2808405548334122,-0.10107249394059181,-0.11021213978528976
5860,71.34375,-0.08816008269786835,-0.04140129778534174,0.009385729487985373,0.0,0.28396654427051543,-0.09975248128175736,-0.08816008269786835
5870,82.65625,-0.10817724466323853,-0.04247337616980076,0.018606382235884667,0.0,0.28279595971107485,-0.10842089019715787,-0.10817724466323853
5880,120.78125,-0.14999239146709442,-0.038852020539343356,0.04466071594506502,0.0,0.2770819991827011,-0.136966847255826,-0.14999239146709442
5890,115.5625,-0.12740489840507507,-0.044573653116822244,0.04942601099610329,0.0,0.2755001500248909,-0.1426359310746193,-0.12740489840507507
5900,70.46875,-0.11612176895141602,-0.042731900978833434,0.02950472179800272,0.0,0.2738384917378426,-0.13901221714913845,-0.11612176895141602
5910,90.625,-0.06302972882986069,-0.0465221207588911,0.017790995724499225,0.0,0.2773746639490128,-0.09113937392830848,-0.06302972882986069
5920,100.625,-0.02230956219136715,-0.04252549093216658,0.013012762647122145,0.0,0.28842778205871583,-0.0601864711381495,-0.02230956219136715
5930,150.78125,-0.04251071810722351,-0.0208281209692359,0.016246951185166836,0.0,0.29540642350912094,-0.03428730648010969,-0.04251071810722351
5940,163.375,-0.12072744220495224,-0.03735765088349581,0.015977397467941044,0.0,0.29099478125572203,-0.07161773797124624,-0.12072744220495224
5950,136.21875,-0.13292738795280457,-0.032934777438640594,0.020296869799494743,0.0,0.2857651114463806,-0.12460005655884743,-0.13292738795280457
5960,193.875,-0.04110768437385559,-0.04258919283747673,0.03251524567604065,0.0,0.28546850234270094,-0.08949849884957076,-0.04110768437385559
5970,84.21875,-0.0342964231967926,-0.04824794717133045,0.03233180344104767,0.0,0.2893480911850929,-0.043075970374047756,-0.0342964231967926
5980,93.3125,-0.0003141243942081928,-0.03336702957749367,0.02416231920942664,0.0,0.2955558359622955,-0.03362310768570751,-0.0003141243942081928
5990,121.25,-0.09450274705886841,-0.04425091855227947,0.017422209866344927,0.0,0.2961199149489403,-0.03256904296576977,-0.09450274705886841
6000,85.09375,-0.1871192455291748,-0.0395636186003685,0.02287917919456959,0.0,0.2756210952997208,-0.1551157169044018,-0.1871192455291748
6010,60.53125,-0.19782516360282898,-0.04676184374839067,0.012202063295990228,0.0,0.2536858096718788,-0.21321383714675904,-0.19782516360282898
6020,54.53125,-0.17908108234405518,-0.04553110618144274,0.03815643060952425,0.0,0.24540490433573722,-0.18901500329375268,-0.17908108234405518
6030,45.875,-0.1431926190853119,-0.05192142492160201,0.03100356925278902,0.0,0.24710724055767058,-0.15182887986302376,-0.1431926190853119
6040,61.96875,-0.07585757970809937,-0.054997336305677894,0.018446943908929824,0.0,0.2532788947224617,-0.12725998871028424,-0.07585757970809937
6050,105.0,-0.03194407373666763,-0.04213164374232292,0.015814674831926823,0.0,0.2658350259065628,-0.0686017831787467,-0.03194407373666763
6060,132.25,-0.040383584797382355,-0.03306807577610016,0.01356480410322547,0.0,0.28049519658088684,-0.034263969003222886,-0.040383584797382355
6070,180.34375,-0.10808336734771729,-0.036067903786897657,0.022371011227369307,0.0,0.28787160366773606,-0.06510871639475227,-0.10808336734771729
6080,158.40625,-0.1107013076543808,-0.041684392094612124,0.025768410600721835,0.0,0.2810800075531006,-0.11958725526928901,-0.1107013076543808
6090,107.96875,-0.07975496351718903,-0.05502365306019783,0.04117154125124216,0.0,0.2766475349664688,-0.1034588124603033,-0.07975496351718903
6100,90.875,-0.11689906567335129,-0.05329722296446562,0.04554180409759283,0.0,0.2796136364340782,-0.09360758289694786,-0.11689906567335129
6110,66.96875,-0.1398707926273346,-0.054113012924790385,0.045281284302473065,0.0,0.28096640557050706,-0.10414235927164554,-0.1398707926273346
6120,48.96875,-0.132613867521286,-0.05089227594435215,0.02902223393321037,0.0,0.2764385551214218,-0.1196803517639637,-0.132613867521286
6130,45.0625,-0.143122598528862,-0.04985150340944529,0.022586170956492423,0.0,0.2774308994412422,-0.1415554765611887,-0.143122598528862
6140,52.78125,-0.14648181200027466,-0.0488854119554162,0.013020072877407075,0.0,0.27782339602708817,-0.14090514853596686,-0.14648181200027466
6150,58.09375,-0.10263706743717194,-0.04380923518911004,0.05081375129520893,0.0,0.28125524520874023,-0.12294782884418964,-0.10263706743717194
6160,67.21875,-0.09965783357620239,-0.045174599066376685,0.024036464281380177,0.0,0.28469902873039243,-0.11779836267232895,-0.09965783357620239
6170,101.75,-0.05643205717206001,-0.0407701151445508,0.01658405242487788,0.0,0.2955258145928383,-0.07672263234853745,-0.05643205717206001
6180,134.0625,-0.04420160502195358,-0.04073044583201409,0.01428465424105525,0.0,0.307327039539814,-0.04849700853228569,-0.04420160502195358
6190,128.09375,-0.08279770612716675,-0.03805654253810644,0.020894770324230195,0.0,0.30760008096694946,-0.06366824936121702,-0.08279770612716675
6200,161.84375,-0.11602223664522171,-0.039633193612098695,0.0359242295846343,0.0,0.305080471932888,-0.09738486744463444,-0.11602223664522171
6210,136.625,-0.07910625636577606,-0.04416095819324255,0.048945050686597824,0.0,0.2936614274978638,-0.10117318592965603,-0.07910625636577606
6220,168.84375,0.048055250197649,-0.040130171179771426,0.01300546694546938,0.0,0.2898987278342247,-0.03380125903058797,0.048055250197649
6230,51.5,-0.09782078862190247,-0.047185455169528726,0.017298004869371653,0.0,0.296621797978878,-0.028950432618148624,-0.09782078862190247
6240,66.5,-0.15447378158569336,-0.04474515188485384,0.014818045869469642,0.0,0.28592934310436247,-0.13386627472937107,-0.15447378158569336
6250,95.71875,-0.21452376246452332,-0.0418847031891346,0.013877488858997821,0.0,0.2666363403201103,-0.19627267718315125,-0.21452376246452332
6260,72.9375,-0.1367557793855667,-0.04563981089740991,0.027551853843033314,0.0,0.25023558661341666,-0.15999031998217106,-0.1367557793855667
6270,163.6875,-0.01746811345219612,-0.025978460256010295,0.010328845120966434,0.0,0.2567734122276306,-0.03496796325780451,-0.01746811345219612
6280,177.8125,-0.03849198669195175,-0.036085272766649724,0.004569305223412812,0.0,0.26273342967033386,-0.011323925387114287,-0.03849198669195175
6290,132.625,-0.12105980515480042,-0.0350600827485323,0.011904612276703119,0.0,0.2643440455198288,-0.08718309048563241,-0.12105980515480042
6300,197.65625,-0.1328279972076416,-0.04064042363315821,0.01699888277798891,0.0,0.2599629871547222,-0.14263353906571866,-0.1328279972076416
6310,119.75,-0.07157264649868011,-0.04301272574812174,0.03116233553737402,0.0,0.25925123393535615,-0.09614286795258523,-0.07157264649868011
6320,162.96875,-0.02471264824271202,-0.04537361841648817,0.03773005176335573,0.0,0.27613242268562316,-0.04030382139608264,-0.02471264824271202
6330,84.9375,-0.04068422690033913,-0.04641940733417869,0.038786134123802184,0.0,0.28585529774427415,-0.047386137302964926,-0.04068422690033913
6340,84.125,-0.06483562290668488,-0.04871690170839429,0.013793104328215122,0.0,0.2897770583629608,-0.06071868594735861,-0.06483562290668488
6350,61.59375,-0.14324499666690826,-0.05057554207742214,0.018336197547614574,0.0,0.2913810685276985,-0.10306170303374529,-0.14324499666690826
6360,74.03125,-0.12931054830551147,-0.043550040759146216,0.01965145329013467,0.0,0.2868537664413452,-0.13063493221998215,-0.12931054830551147
6370,87.5625,-0.12012302875518799,-0.04969322308897972,0.01946864016354084,0.0,0.2825224071741104,-0.14042493812739848,-0.12012302875518799
6380,200.125,-0.018795274198055267,-0.035957813169807194,0.01702251601964235,0.0,0.28008813560009005,-0.07901965286582709,-0.018795274198055267
6390,174.90625,0.012310249730944633,-0.04103603046387434,0.011628774646669626,0.0,0.2916257008910179,-0.006194715946912765,0.012310249730944633
6400,154.96875,-0.041165173053741455,-0.03464447744190693,0.009221669379621744,0.0,0.2973769441246986,-0.018529865937307478,-0.041165173053741455
6410,174.25,-0.11861808598041534,-0.042523880302906034,0.045954986847937106,0.0,0.2880682319402695,-0.07974677160382271,-0.11861808598041534
6420,96.875,-0.11447983980178833,-0.045918370969593524,0.02411221358925104,0.0,0.27461325824260713,-0.12011039219796657,-0.11447983980178833
6430,78.3125,-0.10580575466156006,-0.04286657087504864,0.029909641295671464,0.0,0.28014314770698545,-0.11728744618594647,-0.10580575466156006
6440,67.6875,-0.10030260682106018,-0.02529028505086899,0.1212259478867054,0.0,0.285914434492588,-0.10636842623353004,-0.10030260682106018
6450,64.0625,-0.10904652625322342,-0.04666169099509716,0.027494057081639767,0.0,0.2901352301239967,-0.08884205464273691,-0.10904652625322342
6460,105.21875,-0.0681656002998352,-0.044356122799217704,0.011623603664338589,0.0,0.2941660821437836,-0.07351478338241577,-0.0681656002998352
6470,121.6875,-0.052370332181453705,-0.04311784766614437,0.039584073796868326,0.0,0.30001208633184434,-0.06665715407580138,-0.052370332181453705
6480,124.625,-0.04644545540213585,-0.025862392410635947,0.04964153841137886,0.0,0.30323240756988523,-0.04841308686882258,-0.04644545540213585
6490,115.34375,-0.1530316174030304,-0.046529710106551644,0.032115955278277396,0.0,0.29626974314451215,-0.09012873731553554,-0.1530316174030304
6500,66.21875,-0.192745178937912,-0.04525711517781019,0.020593928545713423,0.0,0.2768013715744019,-0.17566012889146804,-0.192745178937912
6510,53.65625,-0.18283477425575256,-0.049284933041781186,0.020411559753119944,0.0,0.26735649853944776,-0.18700771108269693,-0.18283477425575256
6520,70.03125,-0.15398964285850525,-0.05461137052625418,0.037609458342194556,0.0,0.26111899092793467,-0.1307819377630949,-0.15398964285850525
6530,136.21875,-0.011605667881667614,-0.034264533594250676,0.05244954712688923,0.0,0.2728590741753578,-0.0706634861882776,-0.011605667881667614
6540,116.90625,-0.06529583036899567,-0.045678516291081904,0.02515745386481285,0.0,0.28434324711561204,-0.03945845107082278,-0.06529583036899567
6550,120.8125,-0.0449557825922966,-0.029876817390322684,0.015374804567545652,0.0,0.29215843677520753,-0.03903477820567787,-0.0449557825922966
6560,164.875,-0.07660987228155136,-0.039539278112351896,0.024814710766077042,0.0,0.293258872628212,-0.04708817042410374,-0.07660987228155136
6570,131.71875,-0.12738916277885437,-0.04699910432100296,0.02973837535828352,0.0,0.2802911624312401,-0.11643966846168041,-0.12738916277885437
6580,93.46875,-0.1530274748802185,-0.03755363579839468,0.019014246109873057,0.0,0.27045064717531203,-0.15346944332122803,-0.1530274748802185
6590,92.5625,-0.11265502870082855,-0.051847918145358565,0.027106915041804312,0.0,0.27462400794029235,-0.1380807425826788,-0.11265502870082855
6600,117.96875,-0.10460912436246872,-0.04761419855058193,0.02426690123975277,0.0,0.2783592388033867,-0.1211545504629612,-0.10460912436246872
6610,115.125,-0.0572192408144474,-0.04667766951024532,0.023757634870707988,0.0,0.28284834176301954,-0.10038767699152232,-0.0572192408144474
6620,102.8125,-0.07016833126544952,-0.052149174734950066,0.028021488338708878,0.0,0.286421462893486,-0.0853902654722333,-0.07016833126544952
6630,73.28125,-0.08843661844730377,-0.0495694343931973,0.037017589434981346,0.0,0.29358491450548174,-0.08196909576654435,-0.08843661844730377
6640,71.3125,-0.08882372826337814,-0.04991692379117012,0.020089362002909183,0.0,0.2930599257349968,-0.08115222174674272,-0.08882372826337814
6650,71.28125,-0.08994802832603455,-0.046758704772219065,0.015698955114930867,0.0,0.28996058702468874,-0.09142403025180101,-0.08994802832603455
6660,59.25,-0.19145512580871582,-0.042274787276983264,0.04212619923055172,0.0,0.2860669270157814,-0.12794576324522494,-0.19145512580871582
6670,54.625,-0.20922434329986572,-0.041478021442890166,0.017402402963489293,0.0,0.275183679163456,-0.18113360181450844,-0.20922434329986572
6680,82.34375,-0.1866045743227005,-0.03996212333440781,0.013437427859753371,0.0,0.2641292899847031,-0.2051357261836529,-0.1866045743227005
6690,152.875,-0.03333647921681404,-0.04493829384446144,0.023570217192173004,0.0,0.26054986119270324,-0.116968647018075,-0.03333647921681404
6700,47.875,-0.08302434533834457,-0.05091785304248333,0.02250345628708601,0.0,0.2752568006515503,-0.06510461382567882,-0.08302434533834457
6710,108.40625,-0.020516730844974518,-0.03912613075226545,0.013123736809939146,0.0,0.2850921630859375,-0.03576260609552264,-0.020516730844974518
6720,136.90625,-0.043285876512527466,-0.048656569048762324,0.01536119356751442,0.0,0.30074151158332824,-0.025865306169725953,-0.043285876512527466
6730,108.5,-0.058751076459884644,-0.04060677532106638,0.014805990550667048,0.0,0.30022594779729844,-0.04876500386744738,-0.058751076459884644
6740,105.625,-0.10700811445713043,-0.045269448217004536,0.026013494096696378,0.0,0.29354841113090513,-0.09587284810841083,-0.10700811445713043
6750,95.25,-0.1069856658577919,-0.04679374722763896,0.017984944675117732,0.0,0.2837875112891197,-0.11348634287714958,-0.1069856658577919
6760,57.84375,-0.10198289155960083,-0.03033103528432548,0.10668741390109063,0.0,0.28534862101078035,-0.0970696471631527,-0.10198289155960083
6770,49.4375,-0.1023719385266304,-0.04859821572899818,0.03400134388357401,0.0,0.28919988721609113,-0.0923878638073802,-0.1023719385266304
6780,52.9375,-0.08913637697696686,-0.04880946706980467,0.02226299550384283,0.0,0.2939834475517273,-0.09498856589198112,-0.08913637697696686
6790,66.96875,-0.07265157997608185,-0.041563454922288655,0.010275974124670028,0.0,0.29981825649738314,-0.07911550123244523,-0.07265157997608185
6800,117.09375,-0.06750191003084183,-0.04686386119574308,0.008223431231454015,0.0,0.3057887002825737,-0.056903770100325345,-0.06750191003084183
6810,109.0625,-0.08111947774887085,-0.03626145422458649,0.028897583484649658,0.0,0.3057713761925697,-0.05277875680476427,-0.08111947774887085
6820,150.0,-0.19584175944328308,-0.030336149409413336,0.047679696790874006,0.0,0.2948720619082451,-0.14509759061038494,-0.19584175944328308
6830,134.875,-0.207597553730011,-0.04165050331503153,0.01546836569905281,0.0,0.27525885254144666,-0.19573970660567283,-0.207597553730011
6840,127.3125,-0.09536322951316833,-0.03848875779658556,0.030879664421081542,0.0,0.26683101803064346,-0.16739551872015,-0.09536322951316833
6850,138.78125,-9.157927706837654e-05,-0.04070126311853528,0.033505131490528584,0.0,0.273631289601326,-0.02377951075322926,-9.157927706837654e-05
6860,152.9375,0.01180773600935936,-0.038026973232626916,0.006646692845970392,0.0,0.2842672377824783,0.027227405877783894,0.01180773600935936
6870,176.625,-0.07837483286857605,-0.02977724317461252,0.015954308677464724,0.0,0.28743929266929624,-0.019835110823623835,-0.07837483286857605
6880,125.625,-0.13520261645317078,-0.04306929307058453,0.03131569158285856,0.0,0.27989849746227263,-0.10944888927042484,-0.13520261645317078
6890,170.0625,-0.16990157961845398,-0.04186906889081001,0.04817058555781841,0.0,0.26856512725353243,-0.1523278161883354,-0.16990157961845398
6900,148.09375,-0.13284891843795776,-0.04266494102776051,0.06384244356304407,0.0,0.26916162520647047,-0.13214386254549026,-0.13284891843795776
6910,76.53125,-0.09124786406755447,-0.04831356396898627,0.039342235773801804,0.0,0.277738219499588,-0.10708855204284191,-0.09124786406755447
6920,129.46875,-0.002349289832636714,-0.045902741700410844,0.010093671921640634,0.0,0.29086555987596513,-0.03592126622097567,-0.002349289832636714
6930,89.21875,-0.05713602900505066,-0.04835217725485563,0.01337322648614645,0.0,0.2999343827366829,-0.03023043762659654,-0.05713602900505066
6940,83.6875,-0.059473488479852676,-0.03951894585043192,0.014670419786125422,0.0,0.30592618584632875,-0.0451475870446302,-0.059473488479852676
6950,120.46875,-0.1239536851644516,-0.03615998048335314,0.012825891468673944,0.0,0.29912450462579726,-0.09997899010777474,-0.1239536851644516
6960,118.6875,-0.15492552518844604,-0.05149206044152379,0.02509340923279524,0.0,0.2913284614682198,-0.1269568122923374,-0.15492552518844604
6970,74.09375,-0.09646965563297272,-0.03448616210371256,0.04961254857480526,0.0,0.2831106141209602,-0.12610387802124023,-0.09646965563297272
6980,76.0625,-0.07945830374956131,-0.05075608566403389,0.03338733203709125,0.0,0.2865534991025925,-0.10810833908617497,-0.07945830374956131
6990,96.0625,-0.09255512058734894,-0.04673097524791956,0.017251158505678175,0.0,0.2957704722881317,-0.06411544382572174,-0.09255512058734894
7000,124.0,-0.08002655953168869,-0.04116764403879643,0.012030862178653479,0.0,0.30098735094070433,-0.06382030546665192,-0.08002655953168869
7010,184.5,-0.03390283137559891,-0.02630629437044263,0.025555672030895947,0.0,0.3063599199056625,-0.04408494057133794,-0.03390283137559891
7020,159.1875,-0.12412665039300919,-0.041986776702106,0.02063015615567565,0.0,0.299841533601284,-0.07098524291068316,-0.12412665039300919
7030,215.15625,-0.17708247900009155,-0.02591434521600604,0.013958892598748208,0.0,0.2866126045584679,-0.14142490550875664,-0.17708247900009155
7040,173.75,-0.14597342908382416,-0.04602815648540855,0.027568063326179983,0.0,0.2693480014801025,-0.17533091828227043,-0.14597342908382416
7050,109.71875,-0.12411611527204514,-0.0506102429702878,0.04959874637424946,0.0,0.26124024763703346,-0.1411413788795471,-0.12411611527204514
7060,68.9375,-0.08359289169311523,-0.04633040614426136,0.034230219572782515,0.0,0.2700920641422272,-0.11437715403735638,-0.08359289169311523
7070,62.96875,-0.10273094475269318,-0.046073995903134345,0.017559864185750486,0.0,0.2770437926054001,-0.0842015651986003,-0.10273094475269318
7080,48.5,-0.10749979317188263,-0.04108738573268056,0.04745269455015659,0.0,0.28522859662771227,-0.08517746217548847,-0.10749979317188263
7090,33.40625,-0.11482454091310501,-0.05133561342954636,0.018763494119048117,0.0,0.29029457867145536,-0.09425757378339768,-0.11482454091310501
7100,44.75,-0.10733654350042343,-0.04800491211935878,0.010261201299726963,0.0,0.29070740193128586,-0.09724080488085747,-0.10733654350042343
7110,88.65625,-0.10864678025245667,-0.0427074602805078,0.016175809688866137,0.0,0.2934099316596985,-0.10084055997431278,-0.10864678025245667
7120,179.21875,-0.14581111073493958,-0.04298221170902252,0.026056051440536975,0.0,0.29097798466682434,-0.12276247665286064,-0.14581111073493958
7130,143.6875,-0.13331979513168335,-0.032412010431289676,0.040052256733179095,0.0,0.29071779996156694,-0.12478310242295265,-0.13331979513168335
7140,83.71875,-0.06070515885949135,-0.05021258722990751,0.02957803998142481,0.0,0.29077166467905047,-0.08627530224621296,-0.06070515885949135
7150,84.6875,-0.07435017079114914,-0.04144992073997855,0.05217007827013731,0.0,0.292784771323204,-0.08499944359064102,-0.07435017079114914
7160,74.75,-0.08300019800662994,-0.04158957004547119,0.020982456021010877,0.0,0.296742245554924,-0.07798443604260683,-0.08300019800662994
7170,116.21875,-0.07615205645561218,-0.040734884794801474,0.025739086978137492,0.0,0.2994912311434746,-0.07831171303987502,-0.07615205645561218
7180,123.75,-0.08063127845525742,-0.030107051506638526,0.031897414661943915,0.0,0.2994028180837631,-0.07649716231971979,-0.08063127845525742
7190,159.1875,-0.11499790102243423,-0.04219260811805725,0.024911208543926477,0.0,0.2925005242228508,-0.09689462073147297,-0.11499790102243423
7200,171.90625,-0.15249446034431458,-0.0434853938408196,0.04461014177650213,0.0,0.2834061771631241,-0.12957303337752818,-0.15249446034431458
7210,161.5,-0.10832478106021881,-0.04146891050040722,0.06523998118937016,0.0,0.2761382147669792,-0.11917795315384865,-0.10832478106021881
7220,213.125,-0.010327741503715515,-0.03361495847348124,0.014017763640731573,0.0,0.28486985713243484,-0.0624163459520787,-0.010327741503715515
7230,117.40625,-0.033094197511672974,-0.033413133956491946,0.09290730506181717,0.0,0.29726825952529906,-0.01358743942109868,-0.033094197511672974
7240,171.46875,-0.07575439661741257,-0.024586766399443148,0.027253951877355576,0.0,0.31429272294044497,-0.040908742044121024,-0.07575439661741257
7250,173.875,-0.1321532279253006,-0.037469960190355776,0.0175383192487061,0.0,0.3068061038851738,-0.10293711796402931,-0.1321532279253006
7260,136.0625,-0.14059576392173767,-0.04063786510378122,0.020778497308492662,0.0,0.29413876980543135,-0.13847539722919464,-0.14059576392173767
7270,138.09375,-0.10964538902044296,-0.03989829085767269,0.04783422444015741,0.0,0.2880160167813301,-0.12903761751949788,-0.10964538902044296
7280,105.875,-0.06453226506710052,-0.04402667749673128,0.029024187102913858,0.0,0.28772844821214677,-0.10495618022978306,-0.06453226506710052
7290,142.9375,-0.07635339349508286,-0.050635574571788314,0.053814098984003064,0.0,0.28932466357946396,-0.06629335284233093,-0.07635339349508286
7300,134.65625,-0.02546103484928608,-0.04660402722656727,0.03906894996762276,0.0,0.293981659412384,-0.04397249510511756,-0.02546103484928608
7310,106.3125,-0.07965794205665588,-0.03916046619415283,0.04543981235474348,0.0,0.30073084980249404,-0.06176819028332829,-0.07965794205665588
7320,193.34375,-0.04241105914115906,-0.03960241288878023,0.010095288092270494,0.0,0.30514618158340456,-0.040035159420222045,-0.04241105914115906
7330,213.46875,-0.11641094088554382,-0.036387423425912856,0.021758366376161575,0.0,0.299733567237854,-0.07372503560036421,-0.11641094088554382
7340,144.5,-0.12162166833877563,-0.04561987146735191,0.03887862004339695,0.0,0.2880455031991005,-0.11775176823139191,-0.12162166833877563
7350,186.75,-0.07881070673465729,-0.038868997059762475,0.04696256779134274,0.0,0.2898085728287697,-0.0911267202347517,-0.07881070673465729
7360,134.4375,-0.04327663034200668,-0.038797386921942234,0.13160621151328086,0.0,0.2972546502947807,-0.04637722773477435,-0.04327663034200668
7370,107.15625,-0.051350656896829605,-0.038114707358181475,0.06437720097601414,0.0,0.3121350288391113,-0.031163201108574866,-0.051350656896829605
7380,91.375,-0.0489685982465744,-0.03815564215183258,0.012195764109492302,0.0,0.3158168360590935,-0.05757264140993357,-0.0489685982465744
7390,116.71875,-0.07678306847810745,-0.036193710006773475,0.0187258985824883,0.0,0.3138396516442299,-0.07541208937764168,-0.07678306847810745
7400,128.78125,-0.13413408398628235,-0.044655564799904825,0.021852698363363742,0.0,0.3101484075188637,-0.1108916811645031,-0.13413408398628235
7410,96.25,-0.14387422800064087,-0.05195065326988697,0.031329316832125184,0.0,0.3007156401872635,-0.13149701692163945,-0.14387422800064087
7420,150.375,-0.08411672711372375,-0.04044027137570083,0.0413468960672617,0.0,0.30266509056091306,-0.10219683721661568,-0.08411672711372375
7430,211.15625,-0.030464831739664078,-0.043832392618060115,0.03625792469829321,0.0,0.3008817553520203,-0.06535193175077439,-0.030464831739664078
7440,105.53125,0.0035203485749661922,-0.04327939301729202,0.0252077279612422,0.0,0.30974619537591935,-0.015546876424923538,0.0035203485749661922
7450,137.71875,-0.010374359786510468,-0.032332058250904086,0.04535778611898422,0.0,0.32056608945131304,-0.008869096101261676,-0.010374359786510468
7460,100.21875,-0.10628968477249146,-0.04773215018212795,0.02653766293078661,0.0,0.3148502841591835,-0.06414741789922118,-0.10628968477249146
7470,102.46875,-0.13508668541908264,-0.04400607217103243,0.01323795598000288,0.0,0.3012867346405983,-0.11694251000881195,-0.13508668541908264
7480,199.625,-0.10731320083141327,-0.041458433121442796,0.033657928556203844,0.0,0.294750539958477,-0.12751994840800762,-0.10731320083141327
7490,119.1875,-0.04947388172149658,-0.050358580378815535,0.041241854429244995,0.0,0.2948338478803635,-0.07123088464140892,-0.04947388172149658
7500,134.8125,-0.02163323014974594,-0.04778819587081671,0.01721185315400362,0.0,0.30117443203926086,-0.04831529236398637,-0.02163323014974594
7510,94.5,-0.08786923438310623,-0.04712272835895419,0.03303479608148337,0.0,0.30791515558958055,-0.046140446420758964,-0.08786923438310623
7520,83.59375,-0.0952768325805664,-0.04340754267759621,0.013535393308848143,0.0,0.3068777322769165,-0.061930686328560115,-0.0952768325805664
7530,126.28125,-0.10648782551288605,-0.04368795398622751,0.015399029105901718,0.0,0.30512397885322573,-0.08991866074502468,-0.10648782551288605
7540,113.71875,-0.1446944773197174,-0.04801613111048937,0.019203798659145833,0.0,0.302867716550827,-0.12913052961230279,-0.1446944773197174
7550,108.8125,-0.15636304020881653,-0.030926467664539815,0.05034445310011506,0.0,0.29632001668214797,-0.14654671847820283,-0.15636304020881653
7560,109.71875,-0.13227921724319458,-0.04665739834308624,0.023540323972702025,0.0,0.28853037059307096,-0.15500313192605972,-0.13227921724319458
7570,172.875,-0.10115448385477066,-0.04245203286409378,0.05821389853954315,0.0,0.2935253605246544,-0.11877975538372994,-0.10115448385477066
7580,82.875,-0.09504785388708115,-0.04951840192079544,0.04979855231940746,0.0,0.2962603777647018,-0.0860546313226223,-0.09504785388708115
7590,131.65625,0.006879182532429695,-0.03878522487357259,0.020184736885130405,0.0,0.3061039179563522,-0.010403770837001503,0.006879182532429695
7600,94.03125,-0.054001204669475555,-0.04544338714331388,0.025320078991353513,0.0,0.3148912340402603,-0.018604386202059685,-0.054001204669475555
7610,153.875,-0.08130478113889694,-0.03985563367605209,0.018406273797154427,0.0,0.3134506031870842,-0.05466594435274601,-0.08130478113889694
7620,182.375,-0.13032011687755585,-0.04592881985008716,0.01847341898828745,0.0,0.30027478337287905,-0.1134586613625288,-0.13032011687755585
7630,129.59375,-0.1614910513162613,-0.04185234736651182,0.02418101578950882,0.0,0.28809518218040464,-0.14745658077299595,-0.1614910513162613
7640,175.125,-0.1372302919626236,-0.0466234527528286,0.034213678911328316,0.0,0.27650140821933744,-0.16268153339624405,-0.1372302919626236
7650,92.0625,-0.04659140482544899,-0.05417963415384293,0.033705224841833116,0.0,0.27699262648820877,-0.08705853000283241,-0.04659140482544899
7660,58.40625,-0.0539703406393528,-0.05429818592965603,0.02801738101989031,0.0,0.28403731137514115,-0.06659859903156758,-0.0539703406393528
7670,53.53125,-0.09776394069194794,-0.053258320316672325,0.023518727254122497,0.0,0.2914822414517403,-0.08983584567904472,-0.09776394069194794
7680,42.875,-0.11982712894678116,-0.046590400859713554,0.03235930427908897,0.0,0.2928761124610901,-0.10632233843207359,-0.11982712894678116
7690,67.5625,-0.13335248827934265,-0.04278169702738523,0.03234382998198271,0.0,0.2958962321281433,-0.11954792402684689,-0.13335248827934265
7700,103.0,-0.13074596226215363,-0.04966183206997812,0.013419156894087791,0.0,0.2924446061253548,-0.1300258543342352,-0.13074596226215363
7710,114.25,-0.13757845759391785,-0.05052736047655344,0.016920021548867226,0.0,0.29652438759803773,-0.12368187829852104,-0.13757845759391785
7720,139.71875,-0.09172319620847702,-0.04890881003811955,0.02089755330234766,0.0,0.2995948165655136,-0.10667420141398906,-0.09172319620847702
7730,105.5625,-0.04679201543331146,-0.038154011126607656,0.06590619124472141,0.0,0.30687322467565536,-0.07090771682560444,-0.04679201543331146
7740,136.40625,-0.010552013292908669,-0.03659154679626227,0.01917315796017647,0.0,0.3142072394490242,-0.02894631449598819,-0.010552013292908669
7750,202.21875,-0.07102709263563156,-0.024703008681535722,0.07102809362113476,0.0,0.3179542675614357,-0.02792632868513465,-0.07102709263563156
7760,166.1875,-0.1541127860546112,-0.03291946798563004,0.016905868239700795,0.0,0.3019972309470177,-0.1131053876131773,-0.1541127860546112
7770,179.21875,-0.12037725001573563,-0.04836643971502781,0.05411708541214466,0.0,0.284680163860321,-0.14054414816200733,-0.12037725001573563
7780,95.625,-0.06323108077049255,-0.04527265690267086,0.05235912464559078,0.0,0.28333484679460524,-0.08158699609339237,-0.06323108077049255
7790,41.25,-0.08836698532104492,-0.04655629517510533,0.028427286259829997,0.0,0.2887178689241409,-0.06827564910054207,-0.08836698532104492
7800,33.875,-0.07177609205245972,-0.05228059152141214,0.01861985232681036,0.0,0.2965927869081497,-0.08063105847686529,-0.07177609205245972
7810,36.75,-0.11290282756090164,-0.053499461710453035,0.024496007338166238,0.0,0.2974535584449768,-0.10310038141906261,-0.11290282756090164
7820,55.0,-0.11592979729175568,-0.04207483977079392,0.01618322916328907,0.0,0.2993105188012123,-0.11183452159166336,-0.11592979729175568
7830,94.03125,-0.1203848272562027,-0.037009801529347894,0.02429177826270461,0.0,0.3032685056328773,-0.11306020468473435,-0.1203848272562027
7840,177.8125,-0.06828382611274719,-0.04323979993350804,0.03797305654734373,0.0,0.3035498857498169,-0.09276575073599816,-0.06828382611274719
7850,146.78125,-0.03494774177670479,-0.040498288720846175,0.05194964557886124,0.0,0.3093805551528931,-0.033583151665516196,-0.03494774177670479
7860,145.90625,-0.020630216225981712,-0.03432087674736976,0.021096515562385322,0.0,0.3173346742987633,-0.02118992975447327,-0.020630216225981712
7870,217.1875,-0.07746598869562149,-0.027383032068610192,0.047037601470947266,0.0,0.32217938303947447,-0.04556783689185977,-0.07746598869562149
7880,142.53125,-0.1151287630200386,-0.03811129350215196,0.02459190580993891,0.0,0.3119126781821251,-0.10324792005121708,-0.1151287630200386
7890,176.65625,-0.10389307141304016,-0.03761461172252893,0.06210216134786606,0.0,0.3042883396148682,-0.11236631870269775,-0.10389307141304016
7900,96.15625,-0.022255267947912216,-0.054215542133897544,0.04269037693738938,0.0,0.3061977535486221,-0.05913531496189535,-0.022255267947912216
7910,58.78125,-0.07555621862411499,-0.05310065140947699,0.026701358333230018,0.0,0.3124649167060852,-0.03668839957099408,-0.07555621862411499
7920,84.6875,-0.05270642414689064,-0.047873436100780965,0.014253624714910984,0.0,0.3171819195151329,-0.05308694764971733,-0.05270642414689064
7930,127.21875,-0.09842509031295776,-0.04132675919681787,0.03291441854089498,0.0,0.3160498484969139,-0.07184139359742403,-0.09842509031295776
7940,100.5,-0.1736592948436737,-0.035668584331870076,0.03742305152118206,0.0,0.3116273820400238,-0.12421277463436127,-0.1736592948436737
7950,171.34375,-0.1638367474079132,-0.04320157524198294,0.014977070037275553,0.0,0.29970538765192034,-0.14961873814463617,-0.1638367474079132
7960,179.28125,-0.05526617541909218,-0.040598899126052856,0.07710442170500756,0.0,0.2940700024366379,-0.12111160699278116,-0.05526617541909218
7970,149.78125,-0.014721320942044258,-0.04262025542557239,0.023500653542578222,0.0,0.29899290204048157,-0.02488654376938939,-0.014721320942044258
7980,172.65625,-0.025178756564855576,-0.04303220175206661,0.020455926097929476,0.0,0.30436090677976607,-0.029230427602306007,-0.025178756564855576
7990,146.0625,-0.03649051487445831,-0.04138778168708086,0.011118254391476512,0.0,0.30956385731697084,-0.024271467584185302,-0.03649051487445831
8000,174.0,-0.10098744928836823,-0.035076039656996724,0.018218613415956496,0.0,0.3132807299494743,-0.06851585749536752,-0.10098744928836823
8010,147.9375,-0.1072649285197258,-0.04256167206913233,0.060070427134633064,0.0,0.30542962700128556,-0.11819674111902714,-0.1072649285197258
8020,153.4375,-0.09423990547657013,-0.03870226517319679,0.03362998738884926,0.0,0.2962040901184082,-0.109473118185997,-0.09423990547657013
8030,123.28125,-0.04864078760147095,-0.0538806077092886,0.026002552732825278,0.0,0.2945137947797775,-0.07459481414407491,-0.04864078760147095
8040,130.46875,-0.037209346890449524,-0.03961312714964151,0.01988582368940115,0.0,0.3008938252925873,-0.053213789127767086,-0.037209346890449524
8050,114.9375,-0.06301018595695496,-0.047803258150815965,0.019891641288995742,0.0,0.3048084020614624,-0.04091230574995279,-0.06301018595695496
8060,63.3125,-0.14847800135612488,-0.051189834624528883,0.02150771152228117,0.0,0.301427099108696,-0.10715881623327732,-0.14847800135612488
8070,91.4375,-0.18071290850639343,-0.04324590191245079,0.009692165441811085,0.0,0.2963880136609077,-0.15806147903203965,-0.18071290850639343
8080,150.3125,-0.08708927035331726,-0.04540104418992996,0.0551372867077589,0.0,0.29083364009857177,-0.1422452498227358,-0.08708927035331726
8090,93.8125,-0.05902773514389992,-0.0442608124576509,0.07304626181721688,0.0,0.2853246971964836,-0.08480406869202853,-0.05902773514389992
8100,134.8125,-0.032508887350559235,-0.03827458489686251,0.04217646904289722,0.0,0.29742294549942017,-0.047723323851823804,-0.032508887350559235
8110,173.15625,-0.03647030144929886,-0.04073667526245117,0.018238949589431286,0.0,0.30726621150970457,-0.033161011058837175,-0.03647030144929886
8120,191.0,-0.06589783728122711,-0.03525051660835743,0.02444303557276726,0.0,0.30922735929489137,-0.056080475263297555,-0.06589783728122711
8130,174.03125,-0.0840255618095398,-0.0437976285815239,0.02557276152074337,0.0,0.3134392037987709,-0.08613981604576111,-0.0840255618095398
8140,146.46875,-0.08977511525154114,-0.04415467157959938,0.0244581526145339,0.0,0.3103939279913902,-0.08362720459699631,-0.08977511525154114
8150,158.3125,-0.06078188866376877,-0.04663024917244911,0.05305904038250446,0.0,0.3093168303370476,-0.07149571143090724,-0.06078188866376877
8160,132.09375,-0.01700226217508316,-0.04335761442780495,0.041013163328170774,0.0,0.3127142369747162,-0.0372485302388668,-0.01700226217508316
8170,140.5625,-0.03507816791534424,-0.04435103870928288,0.013714175298810005,0.0,0.31533707678318024,-0.02208543298766017,-0.03507816791534424
8180,101.40625,-0.1280684918165207,-0.04653123244643211,0.021373330242931844,0.0,0.3099785879254341,-0.0987860381603241,-0.1280684918165207
8190,103.09375,-0.17744803428649902,-0.04837106056511402,0.019604269601404666,0.0,0.2935232281684875,-0.15470120087265968,-0.17744803428649902
8200,125.65625,-0.09450805187225342,-0.04490872398018837,0.04033285938203335,0.0,0.28953353613615035,-0.1359629426151514,-0.09450805187225342
8210,162.34375,-0.034277670085430145,-0.040850873291492465,0.06269623823463917,0.0,0.28587641566991806,-0.06162127610296011,-0.034277670085430145
8220,147.6875,-0.010312093421816826,-0.04144606422632933,0.03040258400142193,0.0,0.29934023320674896,-0.03178899525664747,-0.010312093421816826
8230,162.71875,-0.013290750794112682,-0.028329515270888804,0.016007704846560954,0.0,0.3063258364796638,-0.003939386270940304,-0.013290750794112682
8240,191.21875,-0.10400740057229996,-0.03923491081222892,0.020747770741581916,0.0,0.3080327346920967,-0.052883462118916216,-0.10400740057229996
8250,163.65625,-0.14790162444114685,-0.041467285435646775,0.03143791034817696,0.0,0.29907181710004804,-0.11771034635603428,-0.14790162444114685
8260,183.625,-0.13428907096385956,-0.049774746783077715,0.02682144530117512,0.0,0.2939108654856682,-0.1388962160795927,-0.13428907096385956
8270,122.3125,-0.09700901806354523,-0.0515842704102397,0.04339519627392292,0.0,0.2935957908630371,-0.10640955567359925,-0.09700901806354523
8280,101.125,-0.08859890699386597,-0.0495632947422564,0.025035745464265347,0.0,0.2985519751906395,-0.05632187621667981,-0.08859890699386597
8290,78.15625,-0.04877906292676926,-0.039054497703909875,0.014803498052060604,0.0,0.2999277487397194,-0.057780252490192655,-0.04877906292676926
8300,127.71875,-0.07802046835422516,-0.041633696667850016,0.011151398811489344,0.0,0.30620516985654833,-0.06364696258679033,-0.07802046835422516
8310,146.9375,-0.12704569101333618,-0.038123149611055854,0.007601785659790039,0.0,0.30630856901407244,-0.11179884746670724,-0.12704569101333618
8320,163.28125,-0.14422091841697693,-0.048735547065734866,0.035288949497044086,0.0,0.30002488046884535,-0.13277482539415358,-0.14422091841697693
8330,131.0,-0.10276784002780914,-0.04636137569323182,0.05410814136266708,0.0,0.2935814097523689,-0.11530565321445466,-0.10276784002780914
8340,124.875,-0.048590488731861115,-0.04755342397838831,0.0398559782654047,0.0,0.29443900287151337,-0.08108606729656458,-0.048590488731861115
8350,133.96875,-0.02090880274772644,-0.04536252375692129,0.020992695819586515,0.0,0.3027746260166168,-0.02173486996907741,-0.02090880274772644
8360,185.34375,-0.06031616032123566,-0.03153642546385527,0.0445646371692419,0.0,0.3087740197777748,-0.01684837550856173,-0.06031616032123566
8370,122.5,-0.09011335670948029,-0.046988916397094724,0.02431097999215126,0.0,0.3089395061135292,-0.0683853393420577,-0.09011335670948029
8380,120.03125,-0.10577277839183807,-0.04311592392623424,0.022107517905533315,0.0,0.3029639974236488,-0.09907151125371456,-0.10577277839183807
8390,107.0625,-0.08836283534765244,-0.05113057903945446,0.027367817424237727,0.0,0.29709111750125883,-0.09375212527811527,-0.08836283534765244
8400,62.8125,-0.10571283847093582,-0.04752559494227171,0.051707102358341216,0.0,0.29879443198442457,-0.07043557949364185,-0.10571283847093582
8410,56.90625,-0.06579843908548355,-0.03729718402028084,0.060744361579418184,0.0,0.3016733154654503,-0.0791652638465166,-0.06579843908548355
8420,74.53125,-0.09194797277450562,-0.04471738245338201,0.021480648778378963,0.0,0.3078414469957352,-0.08286096844822169,-0.09194797277450562
8430,65.0625,-0.090352863073349,-0.05055867750197649,0.012510566972196102,0.0,0.3100541576743126,-0.09699430391192436,-0.090352863073349
8440,115.875,-0.11724188923835754,-0.046291005611419675,0.03666102960705757,0.0,0.3079260975122452,-0.10259882658720017,-0.11724188923835754
8450,113.125,-0.07871292531490326,-0.03954883329570293,0.055916403979063035,0.0,0.31049536615610124,-0.09126346223056317,-0.07871292531490326
8460,84.125,-0.09537631273269653,-0.04976930990815163,0.036814868450164795,0.0,0.30939986407756803,-0.08874154165387153,-0.09537631273269653
8470,87.65625,-0.09133919328451157,-0.05018628183752298,0.017278780974447728,0.0,0.31360514760017394,-0.07255468126386404,-0.09133919328451157
8480,86.9375,-0.04101619869470596,-0.04967686589807272,0.015146409906446934,0.0,0.31522672027349474,-0.06335021257400512,-0.04101619869470596
8490,97.875,-0.06510531157255173,-0.035345342755317685,0.04905241075903177,0.0,0.3175071269273758,-0.06515006143599748,-0.06510531157255173
8500,163.96875,-0.0769900307059288,-0.04086938202381134,0.02762986160814762,0.0,0.31173391193151473,-0.05529909878969193,-0.0769900307059288
8510,157.125,-0.12387075275182724,-0.04642608296126127,0.02077521989122033,0.0,0.3068706586956978,-0.10195491835474968,-0.12387075275182724
8520,171.9375,-0.13068898022174835,-0.04840621650218964,0.015046164859086275,0.0,0.3013069570064545,-0.12422986701130867,-0.13068898022174835
8530,165.125,-0.005783013068139553,-0.037871821969747546,0.020515870489180087,0.0,0.3008886069059372,-0.05988392420113087,-0.005783013068139553
8540,127.40625,-0.0008529678452759981,-0.04020133800804615,0.005686532985419035,0.0,0.3082434073090553,-0.009793556132353842,-0.0008529678452759981
8550,219.28125,-0.06620369851589203,-0.027256753668189047,0.02029018001630902,0.0,0.3114250600337982,-0.022453321889042855,-0.06620369851589203
8560,131.0,-0.11830955743789673,-0.04566870164126158,0.021826049964874982,0.0,0.30228458493947985,-0.09975851923227311,-0.11830955743789673
8570,79.5,-0.15518835186958313,-0.048010924085974696,0.011415495257824659,0.0,0.2926095202565193,-0.14119225069880487,-0.15518835186958313
8580,72.28125,-0.1301216185092926,-0.047648816369473934,0.02937502581626177,0.0,0.288248772919178,-0.13843670673668385,-0.1301216185092926
8590,151.8125,-0.017369600012898445,-0.05284588374197483,0.02223079316318035,0.0,0.2888430133461952,-0.0608698177151382,-0.017369600012898445
8600,142.78125,-0.030954454094171524,-0.03894322998821735,0.02258298359811306,0.0,0.29596101939678193,-0.024369575176388027,-0.030954454094171524
8610,147.125,-0.05839720368385315,-0.03416698891669512,0.030155000649392603,0.0,0.29884321093559263,-0.03512266962788999,-0.05839720368385315
8620,161.0625,-0.1123480275273323,-0.04242601618170738,0.030014110170304774,0.0,0.29468310475349424,-0.08795338552445173,-0.1123480275273323
8630,125.03125,-0.1003887802362442,-0.043844811618328094,0.049061504378914836,0.0,0.2868224009871483,-0.11684999130666256,-0.1003887802362442
8640,123.8125,-0.08664793521165848,-0.04337882846593857,0.04370966106653214,0.0,0.2827303737401962,-0.10882155895233155,-0.08664793521165848
8650,118.625,-0.0957924872636795,-0.04719901159405708,0.03649174924939871,0.0,0.2883357420563698,-0.09344835430383683,-0.0957924872636795
8660,107.9375,-0.018428612500429153,-0.0414292698726058,0.011000265926122665,0.0,0.29732451736927035,-0.038517034519463776,-0.018428612500429153
8670,93.0625,-0.04709911718964577,-0.032579456875100735,0.03055203929543495,0.0,0.30441083014011383,-0.04086242318153381,-0.04709911718964577
8680,113.65625,-0.09475260972976685,-0.042606715299189094,0.011478642094880342,0.0,0.30539888739585874,-0.07326780669391156,-0.09475260972976685
8690,195.21875,-0.13187213242053986,-0.04034815914928913,0.015767006762325765,0.0,0.304857537150383,-0.12081493884325027,-0.13187213242053986
8700,133.71875,-0.1514754593372345,-0.04702286832034588,0.03167125806212425,0.0,0.2929336249828339,-0.15128594487905503,-0.1514754593372345
8710,119.59375,-0.07737666368484497,-0.05060550216585398,0.04665470607578755,0.0,0.29094649106264114,-0.12125514931976795,-0.07737666368484497
8720,86.46875,-0.037706974893808365,-0.05325182639062405,0.04704947955906391,0.0,0.29604573249816896,-0.07128984350711107,-0.037706974893808365
8730,92.59375,-0.0348651222884655,-0.046172266453504564,0.020717030204832555,0.0,0.30184306055307386,-0.03452531367074698,-0.0348651222884655
8740,107.15625,-0.02531738579273224,-0.040389901213347915,0.02167300842702389,0.0,0.3101363018155098,-0.031865470390766856,-0.02531738579273224
8750,156.125,-0.07293759286403656,-0.03833269998431206,0.01093991994857788,0.0,0.3100357800722122,-0.05830313181504607,-0.07293759286403656
8760,181.34375,-0.14982406795024872,-0.03799035828560591,0.02246065540239215,0.0,0.30288195312023164,-0.11549794301390648,-0.14982406795024872
8770,184.15625,-0.13918817043304443,-0.04108955282717943,0.04323600754141808,0.0,0.28842032253742217,-0.15535648688673973,-0.13918817043304443
8780,119.0625,-0.10603071749210358,-0.05067584607750177,0.04496060386300087,0.0,0.28558100014925003,-0.11724693849682807,-0.10603071749210358
8790,103.65625,-0.03387071564793587,-0.04533739322796464,0.03249581828713417,0.0,0.292103585600853,-0.05336163304746151,-0.03387071564793587
8800,70.0,-0.013514306396245956,-0.05186938419938088,0.020056172832846643,0.0,0.3032299801707268,-0.048754072096198794,-0.013514306396245956
8810,69.84375,-0.058231450617313385,-0.045993643905967475,0.01278195772320032,0.0,0.3126758962869644,-0.048225156776607034,-0.058231450617313385
8820,139.75,-0.08445993810892105,-0.03837936148047447,0.013980570994317532,0.0,0.32251659482717515,-0.06151136364787817,-0.08445993810892105
8830,183.25,-0.11542066931724548,-0.04220101125538349,0.011264953855425119,0.0,0.31703400015830996,-0.10788142457604408,-0.11542066931724548
8840,158.4375,-0.12736362218856812,-0.04560101684182882,0.027401935681700705,0.0,0.31184990853071215,-0.1255684744566679,-0.12736362218856812
8850,91.90625,-0.09629076719284058,-0.047656652703881267,0.04313169680535793,0.0,0.308490152657032,-0.10710867568850517,-0.09629076719284058
8860,119.875,-0.08569470047950745,-0.05269455863162875,0.03414085153490305,0.0,0.30925746262073517,-0.07361988164484501,-0.08569470047950745
8870,151.53125,-0.013453369960188866,-0.044967463333159687,0.0314399691298604,0.0,0.3136099293828011,-0.03393569174222648,-0.013453369960188866
8880,107.3125,-0.11359016597270966,-0.05536049995571375,0.013245530426502228,0.0,0.317152301967144,-0.044155526882968844,-0.11359016597270966
8890,115.46875,-0.09733860194683075,-0.047423506435006854,0.038113219849765304,0.0,0.31573677211999895,-0.06871976796537638,-0.09733860194683075
8900,125.625,-0.12515707314014435,-0.04408696880564093,0.022477767802774905,0.0,0.3078532949090004,-0.11040030606091022,-0.12515707314014435
8910,83.0625,-0.13328716158866882,-0.038323473371565345,0.12417048588395119,0.0,0.29978370666503906,-0.11980702057480812,-0.13328716158866882
8920,71.0,-0.10229061543941498,-0.048234234750270846,0.06029464118182659,0.0,0.30002465695142744,-0.11453485377132892,-0.10229061543941498
8930,67.4375,-0.14216473698616028,-0.03804170829243958,0.061694993264973165,0.0,0.30061218440532683,-0.10535440854728222,-0.14216473698616028
8940,58.25,-0.11373169720172882,-0.050474674068391324,0.0441279262304306,0.0,0.3085319995880127,-0.10219365283846855,-0.11373169720172882
8950,67.5,-0.05983944982290268,-0.04696486182510853,0.041985257714986804,0.0,0.3143747508525848,-0.0788479870185256,-0.05983944982290268
8960,78.125,-0.06181148439645767,-0.04684058539569378,0.03839655928313732,0.0,0.32250064611434937,-0.07676558960229159,-0.06181148439645767
8970,93.59375,-0.09504090249538422,-0.043133034370839596,0.015019599813967943,0.0,0.32461775541305543,-0.08924522958695888,-0.09504090249538422
8980,148.71875,-0.08995144814252853,-0.03955528298392892,0.03221349716186524,0.0,0.3272192358970642,-0.08973350338637828,-0.08995144814252853
8990,160.96875,-0.13687171041965485,-0.03875489411875606,0.039108017832040785,0.0,0.323482346534729,-0.12004318162798881,-0.13687171041965485
9000,116.375,-0.1348893791437149,-0.043332896288484336,0.053330058231949806,0.0,0.3194597825407982,-0.13744796738028525,-0.1348893791437149
9010,138.6875,-0.09907352179288864,-0.0448987640440464,0.05624314807355404,0.0,0.3149949386715889,-0.140355059877038,-0.09907352179288864
9020,76.1875,-0.017572103068232536,-0.045433001965284346,0.0513969786465168,0.0,0.3125373676419258,-0.09433861942961812,-0.017572103068232536
9030,120.21875,-0.001451452262699604,-0.04461200963705778,0.0394810289144516,0.0,0.319675412774086,-0.01650612012017518,-0.001451452262699604
9040,121.5625,-0.02895289473235607,-0.046185364946722984,0.00833025579340756,0.0,0.32244387567043303,-0.017898225272074342,-0.02895289473235607
9050,116.125,-0.07753413915634155,-0.05002840775996446,0.014941863529384137,0.0,0.32324502170085906,-0.0441624641418457,-0.07753413915634155
9060,146.8125,-0.13379007577896118,-0.0471783509477973,0.020055180322378872,0.0,0.3113513633608818,-0.10089725777506828,-0.13379007577896118
9070,155.8125,-0.18413642048835754,-0.0548367059789598,0.017418552190065384,0.0,0.29568837881088256,-0.14612131640315057,-0.18413642048835754
9080,113.9375,-0.1331697553396225,-0.047441555000841615,0.03820102158933878,0.0,0.2859287947416306,-0.15057556405663491,-0.1331697553396225
9090,90.84375,-0.04785027727484703,-0.044749851897358896,0.027344300225377084,0.0,0.2871222198009491,-0.09088838398456574,-0.04785027727484703
9100,94.5625,-0.02029375731945038,-0.04473036741837859,0.014537008199840783,0.0,0.30634207725524903,-0.043683551158756016,-0.02029375731945038
9110,106.875,-0.04319649934768677,-0.04639651942998171,0.012694393750280142,0.0,0.3181799665093422,-0.022097651183139534,-0.04319649934768677
9120,158.1875,-0.04620344936847687,-0.044674130342900756,0.0394767152145505,0.0,0.33045862019062044,-0.021261621289886533,-0.04620344936847687
9130,88.5,-0.13158106803894043,-0.04729762766510248,0.0179693222977221,0.0,0.32422263771295545,-0.09508844818919897,-0.13158106803894043
9140,161.53125,-0.16107429563999176,-0.04295695926994085,0.014560507470741868,0.0,0.3173197597265244,-0.13513934426009655,-0.16107429563999176
9150,182.0625,-0.12735196948051453,-0.04788979068398476,0.03233187049627304,0.0,0.31396623849868777,-0.12366082966327667,-0.12735196948051453
9160,77.78125,-0.05521700531244278,-0.049771996773779394,0.044115877524018285,0.0,0.3086777120828629,-0.09210748169571162,-0.05521700531244278
9170,123.34375,-0.010615650564432144,-0.03237488642334938,0.03999816942960024,0.0,0.3184421926736832,-0.04292423902079463,-0.010615650564432144
9180,150.8125,-0.04086269438266754,-0.03541218526661396,0.029261472634971142,0.0,0.3244656264781952,0.022502325766254216,-0.04086269438266754
9190,121.03125,-0.10935308784246445,-0.05022527314722538,0.010964271891862155,0.0,0.32308691591024397,-0.07168695582076907,-0.10935308784246445
9200,145.34375,-0.128408744931221,-0.04727907478809357,0.011572044901549816,0.0,0.3140114098787308,-0.11301045566797256,-0.128408744931221
9210,102.5625,-0.16469037532806396,-0.049304643832147124,0.03347079344093799,0.0,0.30509544163942337,-0.12870847024023532,-0.16469037532806396
9220,104.78125,-0.10161159932613373,-0.05262115579098463,0.025117364898324012,0.0,0.30346800982952116,-0.12080257721245288,-0.10161159932613373
9230,97.9375,-0.05274585634469986,-0.04947337899357081,0.02114339992403984,0.0,0.3051607012748718,-0.09149587731808424,-0.05274585634469986
9240,104.15625,-0.0647868737578392,-0.047854965273290875,0.054732894711196425,0.0,0.3198168247938156,-0.061839869059622285,-0.0647868737578392
9250,63.5,-0.08679468929767609,-0.05379468481987715,0.04408589657396078,0.0,0.3291649505496025,-0.06874962374567986,-0.08679468929767609
9260,89.5625,-0.06230907887220383,-0.04913111999630928,0.037024899199604985,0.0,0.33883155435323714,-0.07004198515787721,-0.06230907887220383
9270,100.0625,-0.09109078347682953,-0.044733438082039355,0.014678564574569463,0.0,0.34130261838436127,-0.07295016814023256,-0.09109078347682953
9280,113.09375,-0.1098203957080841,-0.045133430138230325,0.024350332003086804,0.0,0.34235114604234695,-0.092522756382823,-0.1098203957080841
9290,107.65625,-0.10306438058614731,-0.044690086878836154,0.01060329363681376,0.0,0.3359259143471718,-0.11413680650293827,-0.10306438058614731
9300,120.84375,-0.1312025487422943,-0.03480282817035914,0.10063595101237297,0.0,0.3334067925810814,-0.11858977265655994,-0.1312025487422943
9310,93.90625,-0.11211654543876648,-0.04685713285580277,0.030780438892543317,0.0,0.331705716252327,-0.13024635426700115,-0.11211654543876648
9320,103.0,-0.10262936353683472,-0.04632267765700817,0.019785339757800103,0.0,0.33865403980016706,-0.11553890928626061,-0.10262936353683472
9330,111.28125,-0.08833681792020798,-0.0505466291680932,0.02924294024705887,0.0,0.3381771147251129,-0.10113717205822467,-0.08833681792020798
9340,86.46875,-0.06343156099319458,-0.04731753431260586,0.019657241366803645,0.0,0.3432130992412567,-0.08786447159945965,-0.06343156099319458
9350,70.4375,-0.08595463633537292,-0.049779095500707624,0.018773278687149286,0.0,0.35002042800188066,-0.05660510589368641,-0.08595463633537292
9360,120.5,-0.015098975040018559,-0.04894265793263912,0.012370872590690852,0.0,0.3513657256960869,-0.029910964064765722,-0.015098975040018559
9370,166.875,-0.08877241611480713,-0.043030626885592935,0.022644432540982962,0.0,0.3461697846651077,-0.035219089686870576,-0.08877241611480713
9380,126.71875,-0.1417050063610077,-0.04459570208564401,0.02467343658208847,0.0,0.33222580701112747,-0.11498384959995747,-0.1417050063610077
9390,143.875,-0.12798482179641724,-0.04607149176299572,0.03819242771714926,0.0,0.31897412091493604,-0.1278401914983988,-0.12798482179641724
9400,125.40625,-0.008924378082156181,-0.038973904028534886,0.058483665063977244,0.0,0.31873869150877,-0.04928329407703132,-0.008924378082156181
9410,103.15625,0.023681428283452988,-0.0480894266627729,0.013248268608003854,0.0,0.3315636157989502,0.012654722412116825,0.023681428283452988
9420,196.125,-0.0010026127565652132,-0.04460102394223213,0.012384053133428097,0.0,0.3409453809261322,0.017005054163746536,-0.0010026127565652132
9430,123.34375,-0.08422410488128662,-0.05002678707242012,0.011659868899732828,0.0,0.343870984017849,-0.03336951595265418,-0.08422410488128662
9440,148.9375,-0.14993923902511597,-0.031349734403193,0.04413879029452801,0.0,0.330093552172184,-0.12480506338179112,-0.14993923902511597
9450,165.6875,-0.16914503276348114,-0.04029433224350214,0.017069421708583832,0.0,0.31442243307828904,-0.17450415194034577,-0.16914503276348114
9460,138.46875,-0.1308813989162445,-0.04247040171176195,0.0421453058719635,0.0,0.3065475165843964,-0.15166594609618186,-0.1308813989162445
9470,152.375,-0.07293064147233963,-0.051874221116304395,0.04099694490432739,0.0,0.30414884984493257,-0.09487115368247032,-0.07293064147233963
9480,79.71875,0.0021980181336402893,-0.04611557377502322,0.022516966238617896,0.0,0.3159345522522926,-0.021424442855641247,0.0021980181336402893
9490,153.8125,0.0461709126830101,-0.04778184816241264,0.005039163678884506,0.0,0.32953308522701263,0.02938147245440632,0.0461709126830101
9500,161.09375,-0.015802763402462006,-0.041508629359304904,0.0049867101712152365,0.0,0.337350632250309,0.015472010034136474,-0.015802763402462006
9510,178.9375,-0.08018384873867035,-0.04379354687407613,0.01338378330692649,0.0,0.3306632339954376,-0.05308062024414539,-0.08018384873867035
9520,121.53125,-0.10760457068681717,-0.053402668237686156,0.022301097214221955,0.0,0.3225003659725189,-0.09420705921947956,-0.10760457068681717
9530,147.09375,-0.04883905127644539,-0.04595957323908806,0.03008635211735964,0.0,0.32149740010499955,-0.0749094506725669,-0.04883905127644539
9540,101.59375,-0.04178110510110855,-0.0517210029065609,0.029401815310120583,0.0,0.3282856151461601,-0.03848137091845274,-0.04178110510110855
9550,119.25,-0.009212788194417953,-0.03960475288331509,0.02610695417970419,0.0,0.3380148231983185,-0.018799524358473717,-0.009212788194417953
9560,146.375,-0.03893730044364929,-0.03662390224635601,0.03748341742902994,0.0,0.34177089780569075,-0.02034330719616264,-0.03893730044364929
9570,156.46875,-0.10736703872680664,-0.04514287151396275,0.018009836692363022,0.0,0.3427273318171501,-0.06452691555023193,-0.10736703872680664
9580,145.0625,-0.1141195148229599,-0.05174542320892215,0.024753738939762116,0.0,0.32805569022893905,-0.10140836536884308,-0.1141195148229599
9590,119.875,-0.09971076250076294,-0.051463833265006545,0.01940632816404104,0.0,0.3236246228218079,-0.09522143229842187,-0.09971076250076294
9600,142.125,-0.08082036674022675,-0.055548927001655105,0.03492886386811733,0.0,0.3281439557671547,-0.08364973235875368,-0.08082036674022675
9610,96.09375,-0.04433942958712578,-0.04769901446998119,0.02649076972156763,0.0,0.3332666575908661,-0.06949478648602962,-0.04433942958712578
9620,97.9375,-0.014848947525024414,-0.046011957339942455,0.016594215016812085,0.0,0.34378595650196075,-0.012284158100374042,-0.014848947525024414
9630,106.25,-0.034987520426511765,-0.05124158039689064,0.022144707292318343,0.0,0.3508933991193771,-0.011751317349262536,-0.034987520426511765
9640,108.4375,-0.07953064143657684,-0.05431146994233131,0.032774423249065876,0.0,0.3458725199103355,-0.05397343598306179,-0.07953064143657684
9650,145.875,-0.09579159319400787,-0.04409756343811751,0.019784175883978607,0.0,0.3374320551753044,-0.0920938353985548,-0.09579159319400787
9660,164.25,-0.14419400691986084,-0.045150062441825865,0.022778881154954432,0.0,0.33021132051944735,-0.12163757346570492,-0.14419400691986084
9670,148.90625,-0.12239034473896027,-0.04006616435945034,0.04646208081394434,0.0,0.320028592646122,-0.1311727125197649,-0.12239034473896027
9680,142.875,-0.020172005519270897,-0.04736357871443033,0.036171933822333815,0.0,0.3229592502117157,-0.057327237096615136,-0.020172005519270897
9690,121.875,-0.01043928787112236,-0.03634274872019887,0.04242955222725868,0.0,0.3322601854801178,-0.008003205968998372,-0.01043928787112236
9700,124.8125,-0.020657919347286224,-0.04834648445248604,0.03356188330799341,0.0,0.3411942020058632,-0.01337946173734963,-0.020657919347286224
9710,110.59375,-0.042967118322849274,-0.02880641259253025,0.05877809897065163,0.0,0.34545270800590516,-0.03393205017782748,-0.042967118322849274
9720,157.78125,-0.09927675873041153,-0.056495286896824835,0.028608567640185358,0.0,0.34290355145931245,-0.06643377691507339,-0.09927675873041153
9730,136.75,-0.13283854722976685,-0.04749995321035385,0.02144874129444361,0.0,0.3301105722784996,-0.11817140243947506,-0.13283854722976685
9740,120.6875,-0.15596339106559753,-0.04849713630974293,0.018278439715504646,0.0,0.31878358870744705,-0.1581135533750057,-0.15596339106559753
9750,132.75,-0.1628148853778839,-0.052027924358844756,0.03797517847269773,0.0,0.3099654257297516,-0.15043939724564553,-0.1628148853778839
9760,68.875,-0.12787657976150513,-0.05535185597836971,0.02603604970499873,0.0,0.3188129335641861,-0.13398030251264573,-0.12787657976150513
9770,116.375,-0.06107303127646446,-0.04390302821993828,0.02281692773103714,0.0,0.3206740885972977,-0.08961995728313923,-0.06107303127646446
9780,172.0,0.023122616112232208,-0.04601724427193403,0.026071595214307308,0.0,0.33647598773241044,-0.023689761629793794,0.023122616112232208
9790,162.34375,0.031472042202949524,-0.04354306291788816,0.007667151000350714,0.0,0.34673279225826265,0.025954380421899258,0.031472042202949524
9800,168.75,-0.028975822031497955,-0.031069249846041203,0.022286442387849093,0.0,0.3536863774061203,0.009087632794398814,-0.028975822031497955
9810,129.84375,-0.12788216769695282,-0.04090275429189205,0.01339503526687622,0.0,0.34308064430952073,-0.08375478908419609,-0.12788216769695282
9820,160.75,-0.1466081738471985,-0.0371328666806221,0.019581221509724855,0.0,0.32892075181007385,-0.13201101385056974,-0.1466081738471985
9830,150.9375,-0.0950918048620224,-0.04368571769446135,0.028766567632555962,0.0,0.31722668558359146,-0.11967462785542012,-0.0950918048620224
9840,127.1875,-0.01387838739901781,-0.047644265741109845,0.038761216402053836,0.0,0.32571054846048353,-0.059341155411675575,-0.01387838739901781
9850,146.09375,-0.0029676733538508415,-0.045962502248585224,0.04798516482114792,0.0,0.3358898937702179,-0.008854390145279467,-0.0029676733538508415
9860,121.53125,0.00917530246078968,-0.03139531696215272,0.04660285338759422,0.0,0.34877923876047134,-0.000710212835110724,0.00917530246078968
9870,192.3125,-0.011704309843480587,-0.03906015530228615,0.03531042207032442,0.0,0.35890073627233504,0.00900113129755482,-0.011704309843480587
9880,127.84375,-0.08180965483188629,-0.0453948812559247,0.023787365294992924,0.0,0.3533817037940025,-0.04663616833277047,-0.08180965483188629
9890,156.46875,-0.10982514917850494,-0.03989215791225433,0.021751296799629928,0.0,0.34321458637714386,-0.10493698939681054,-0.10982514917850494
9900,162.40625,-0.12430807948112488,-0.04249140005558729,0.051935314387083056,0.0,0.33248082399368284,-0.1268101315945387,-0.12430807948112488
9910,125.78125,-0.03721798583865166,-0.04736296460032463,0.04272551871836185,0.0,0.33188091665506364,-0.09915123442187905,-0.03721798583865166
9920,169.375,-0.013898352161049843,-0.05283899810165167,0.027880606427788734,0.0,0.3356331005692482,-0.044368133321404456,-0.013898352161049843
9930,170.25,0.015421864576637745,-0.04552475120872259,0.017185094766318798,0.0,0.3481979414820671,0.005389674450270832,0.015421864576637745
9940,132.15625,0.010081038810312748,-0.047804347984492776,0.02237364836037159,0.0,0.3609255477786064,0.02184011812787503,0.010081038810312748
9950,83.90625,-0.048826541751623154,-0.05662140194326639,0.015607590600848199,0.0,0.36285263299942017,-0.02004575226455927,-0.048826541751623154
9960,144.375,-0.09742455929517746,-0.04552933610975742,0.02289721043780446,0.0,0.349651138484478,-0.07508401330560446,-0.09742455929517746
9970,223.78125,-0.12969687581062317,-0.04160737283527851,0.02582364045083523,0.0,0.33782835602760314,-0.11814711727201939,-0.12969687581062317
9980,141.59375,-0.06767375767230988,-0.04915808103978634,0.047245900705456735,0.0,0.32605490237474444,-0.09399271085858345,-0.06767375767230988
9990,170.8125,-0.05193740501999855,-0.05471515227109194,0.03616800010204315,0.0,0.3310534507036209,-0.052206233888864514,-0.05193740501999855
10000,145.90625,0.004204811528325081,-0.048655621614307164,0.05957970954477787,0.0,0.3430053174495697,9.054214460775256e-05,0.004204811528325081
