epoch,lifetime,reward_mean,policy_loss,value_loss,sym_loss,score_real__/full,score_fake__/full,disc_reward__/full
1,16.0,0.010113732889294624,0.22200613021850585,0.9060260057449341,0.0,0.022683696821331978,0.0105363754555583,0.010113732889294624
10,19.5625,-0.02922874689102173,-0.03586363149806857,0.36323327124118804,0.0,0.025532300273577373,0.009095874459793171,-0.02922874689102173
20,21.125,-0.02361215092241764,-0.030194156616926194,0.08651771992444993,0.0,0.03169012982398271,0.004596777239930816,-0.02361215092241764
30,19.3125,-0.03201833367347717,-0.03602247890084982,0.04961520507931709,0.0,0.04008915200829506,-0.0019673464092193173,-0.03201833367347717
40,18.6875,-0.038197778165340424,-0.032415622286498545,0.04882684350013733,0.0,0.04990072045475245,-0.011631987639702857,-0.038197778165340424
50,17.78125,-0.05562635138630867,-0.03563921805471182,0.0419428899884224,0.0,0.05948632545769215,-0.022712773457169533,-0.05562635138630867
60,21.34375,-0.056130748242139816,-0.03574934527277947,0.05643034875392914,0.0,0.06914039887487888,-0.033403553254902366,-0.056130748242139816
70,20.15625,-0.08171777427196503,-0.03842647355049848,0.05809777081012726,0.0,0.07861470356583596,-0.04520906712859869,-0.08171777427196503
80,16.1875,-0.09532788395881653,-0.03439216203987598,0.05011216849088669,0.0,0.08666986636817456,-0.056735003180801866,-0.09532788395881653
90,16.71875,-0.09156829118728638,-0.03761343732476234,0.05090936571359635,0.0,0.09490163587033748,-0.06614751312881709,-0.09156829118728638
100,14.4375,-0.1141616553068161,-0.03745398335158825,0.049159768223762515,0.0,0.10289889611303807,-0.07865149118006229,-0.1141616553068161
110,19.0,-0.11288996785879135,-0.033583971112966536,0.04792192131280899,0.0,0.10984402522444725,-0.08861811980605125,-0.11288996785879135
120,17.71875,-0.13525697588920593,-0.03335985317826271,0.039078934118151665,0.0,0.11528116427361965,-0.099883396551013,-0.13525697588920593
130,21.5625,-0.13580584526062012,-0.03716656547039747,0.04317825548350811,0.0,0.12021751217544079,-0.10674799680709839,-0.13580584526062012
140,16.59375,-0.1520809829235077,-0.036702735163271424,0.041429404728114606,0.0,0.12684548161923886,-0.11675653755664825,-0.1520809829235077
150,18.21875,-0.1432269662618637,-0.036551084741950034,0.036904049664735795,0.0,0.13084624223411084,-0.12059016674757003,-0.1432269662618637
160,21.9375,-0.1670214831829071,-0.034019186766818164,0.037685585021972653,0.0,0.13504300117492676,-0.12646543495357038,-0.1670214831829071
170,23.71875,-0.14622579514980316,-0.03490124586969614,0.03040871024131775,0.0,0.139503413438797,-0.12817819230258465,-0.14622579514980316
180,26.90625,-0.16011106967926025,-0.03396450821310282,0.026017389446496963,0.0,0.14277665838599204,-0.13346188366413117,-0.16011106967926025
190,19.0,-0.15646977722644806,-0.04066366143524647,0.022783412039279936,0.0,0.1458241671323776,-0.13507841303944587,-0.15646977722644806
200,22.125,-0.15102989971637726,-0.040381549298763274,0.028775136359035967,0.0,0.15048457831144332,-0.1368606436997652,-0.15102989971637726
210,19.9375,-0.17920446395874023,-0.03638658374547958,0.025629074685275553,0.0,0.1522371843457222,-0.1412946440279484,-0.17920446395874023
220,18.4375,-0.1771828830242157,-0.03866786472499371,0.017022184655070306,0.0,0.1536239877343178,-0.14977269470691681,-0.1771828830242157
230,21.5,-0.18019235134124756,-0.03365195505321026,0.01657255059108138,0.0,0.15439239665865898,-0.1597072184085846,-0.18019235134124756
240,24.9375,-0.18059754371643066,-0.03929167101159692,0.020383867993950845,0.0,0.15614302307367325,-0.15749272629618644,-0.18059754371643066
250,22.03125,-0.18027722835540771,-0.03926325775682926,0.023969671316444875,0.0,0.15644388049840927,-0.1567814566195011,-0.18027722835540771
260,16.90625,-0.16887959837913513,-0.039027833752334117,0.028442586399614812,0.0,0.1581576243042946,-0.1571946695446968,-0.16887959837913513
270,18.90625,-0.1623709797859192,-0.037825565040111545,0.03299426753073931,0.0,0.15872974470257759,-0.15193212330341338,-0.1623709797859192
280,18.40625,-0.17392638325691223,-0.03524322966113687,0.042892150208354,0.0,0.16096015125513077,-0.15328684374690055,-0.17392638325691223
290,20.59375,-0.18306395411491394,-0.03369332402944565,0.03910577371716499,0.0,0.16226710453629495,-0.157466571778059,-0.18306395411491394
300,22.59375,-0.16002660989761353,-0.03554405681788921,0.033879691176116465,0.0,0.16235476285219191,-0.1583031065762043,-0.16002660989761353
310,22.34375,-0.17912641167640686,-0.03691289145499468,0.039304358139634135,0.0,0.16123343780636787,-0.16579306572675706,-0.17912641167640686
320,24.875,-0.19004639983177185,-0.03598918654024601,0.04688373319804669,0.0,0.16173304319381715,-0.16591101810336112,-0.19004639983177185
330,21.0,-0.18598099052906036,-0.038605394400656225,0.030200035125017167,0.0,0.1626569725573063,-0.16346626728773117,-0.18598099052906036
340,20.6875,-0.17335112392902374,-0.03782631643116474,0.02409631051123142,0.0,0.16155110150575638,-0.1668843388557434,-0.17335112392902374
350,18.75,-0.1747627854347229,-0.03811296746134758,0.036905768886208536,0.0,0.16145368069410324,-0.1674127124249935,-0.1747627854347229
360,24.5625,-0.17932967841625214,-0.039008507132530214,0.033544017001986504,0.0,0.16147448495030403,-0.16644900664687157,-0.17932967841625214
370,16.59375,-0.18379732966423035,-0.035747930966317655,0.032045329362154006,0.0,0.16265011355280876,-0.17199474424123765,-0.18379732966423035
380,22.1875,-0.18419432640075684,-0.038392626121640204,0.037568282708525656,0.0,0.16078299805521964,-0.17085440307855607,-0.18419432640075684
390,23.65625,-0.1703157126903534,-0.03907827604562044,0.035979903675615786,0.0,0.16097407415509224,-0.16938531920313835,-0.1703157126903534
400,18.1875,-0.18440236151218414,-0.03578324764966965,0.05678481757640839,0.0,0.16016856729984283,-0.17520105019211768,-0.18440236151218414
410,19.78125,-0.19425258040428162,-0.04124336875975132,0.041067174077033995,0.0,0.15970151051878928,-0.17400785833597182,-0.19425258040428162
420,19.4375,-0.20592178404331207,-0.03402325897477567,0.08128342479467392,0.0,0.1579201936721802,-0.17906496673822403,-0.20592178404331207
430,18.09375,-0.19449150562286377,-0.040454911068081856,0.0343751085922122,0.0,0.15427648276090622,-0.18234633803367614,-0.19449150562286377
440,16.96875,-0.20659270882606506,-0.040039130672812465,0.05476878546178341,0.0,0.15504301711916924,-0.18167073056101798,-0.20659270882606506
450,17.8125,-0.20977561175823212,-0.040113390795886515,0.03465250041335821,0.0,0.15291444808244706,-0.18248286917805673,-0.20977561175823212
460,22.90625,-0.19544479250907898,-0.0365934994071722,0.06095188297331333,0.0,0.15556065514683723,-0.17814622595906257,-0.19544479250907898
470,22.625,-0.16684779524803162,-0.03952300325036049,0.06062697730958462,0.0,0.15341569483280182,-0.17562951669096946,-0.16684779524803162
480,19.21875,-0.18947193026542664,-0.03814713675528765,0.0474861316382885,0.0,0.15316708385944366,-0.18109483569860457,-0.18947193026542664
490,23.6875,-0.17347869277000427,-0.03641985002905131,0.043040016666054726,0.0,0.15345361530780793,-0.17991538494825363,-0.17347869277000427
500,18.75,-0.19981417059898376,-0.042088705487549304,0.03418964371085167,0.0,0.15292589366436005,-0.1800816461443901,-0.19981417059898376
510,22.375,-0.17513255774974823,-0.03733257846906781,0.04609948471188545,0.0,0.15238840952515603,-0.17935507968068123,-0.17513255774974823
520,24.4375,-0.2282150685787201,-0.045205417834222314,0.04657173734158278,0.0,0.1529155433177948,-0.18227726891636847,-0.2282150685787201
530,16.90625,-0.1824275255203247,-0.03982126247137785,0.03312730360776186,0.0,0.15303427577018738,-0.1777306742966175,-0.1824275255203247
540,17.3125,-0.20645678043365479,-0.04355528764426708,0.03335217554122209,0.0,0.1524003528058529,-0.18125353679060935,-0.20645678043365479
550,16.375,-0.18747800588607788,-0.034499389491975306,0.03669837843626737,0.0,0.15174371525645255,-0.1779678337275982,-0.18747800588607788
560,15.75,-0.19930647313594818,-0.04428547415882349,0.032131919823586944,0.0,0.15208626985549928,-0.17907639294862748,-0.19930647313594818
570,16.8125,-0.1942448914051056,-0.04074482619762421,0.03624849319458008,0.0,0.15247160717844963,-0.18089401200413704,-0.1942448914051056
580,18.28125,-0.18286651372909546,-0.03864023592323065,0.04396801926195622,0.0,0.1531163513660431,-0.1727795422077179,-0.18286651372909546
590,20.8125,-0.17721307277679443,-0.03642289489507675,0.04060760177671909,0.0,0.15202538371086122,-0.17510514557361603,-0.17721307277679443
600,20.3125,-0.16454806923866272,-0.03532367432489991,0.02926380727440119,0.0,0.14996933043003083,-0.17162910625338554,-0.16454806923866272
610,18.59375,-0.20182836055755615,-0.03974951067939401,0.032492774352431295,0.0,0.1496870204806328,-0.17671876400709152,-0.20182836055755615
620,16.71875,-0.19570544362068176,-0.03719411604106426,0.04664769172668457,0.0,0.14874767884612083,-0.18054192811250686,-0.19570544362068176
630,15.34375,-0.19118699431419373,-0.041493489593267444,0.037691927142441274,0.0,0.148967195302248,-0.18401155322790147,-0.19118699431419373
640,19.34375,-0.19120708107948303,-0.040160367265343666,0.030915868654847144,0.0,0.15001085624098778,-0.18189146369695663,-0.19120708107948303
650,19.65625,-0.20658132433891296,-0.0423006784170866,0.0373589713126421,0.0,0.14897335097193717,-0.17665618732571603,-0.20658132433891296
660,17.03125,-0.19536638259887695,-0.04030612297356129,0.033565348386764525,0.0,0.14797342494130133,-0.18283121436834335,-0.19536638259887695
670,18.28125,-0.2246677577495575,-0.0373917069286108,0.0455591332167387,0.0,0.14773509204387664,-0.18076504692435263,-0.2246677577495575
680,22.28125,-0.20464366674423218,-0.04163228441029787,0.0551447581499815,0.0,0.15015849620103836,-0.18877683728933334,-0.20464366674423218
690,20.65625,-0.20611676573753357,-0.038617510721087454,0.06114221215248108,0.0,0.1505366437137127,-0.1867118127644062,-0.20611676573753357
700,18.875,-0.22169604897499084,-0.04437375571578741,0.04199462458491325,0.0,0.14921387434005737,-0.18951642885804176,-0.22169604897499084
710,18.8125,-0.20671209692955017,-0.03755768444389105,0.029291442409157754,0.0,0.14810083732008933,-0.18363821357488633,-0.20671209692955017
720,20.40625,-0.20069345831871033,-0.0412877656519413,0.030224491097033023,0.0,0.1480995535850525,-0.18191672042012214,-0.20069345831871033
730,18.46875,-0.21745622158050537,-0.043096328340470794,0.03177576698362827,0.0,0.14800866097211837,-0.18892348408699036,-0.21745622158050537
740,23.21875,-0.21259228885173798,-0.039002094976603986,0.03640244733542204,0.0,0.1485108070075512,-0.1881499744951725,-0.21259228885173798
750,25.1875,-0.21011841297149658,-0.03903824193403125,0.07348829172551632,0.0,0.14911769106984138,-0.1844850115478039,-0.21011841297149658
760,21.625,-0.1870562732219696,-0.0403993546962738,0.02827705182135105,0.0,0.15103162750601767,-0.1850370593369007,-0.1870562732219696
770,15.34375,-0.20549684762954712,-0.03811484258621931,0.03517239447683096,0.0,0.1505563423037529,-0.18880651220679284,-0.20549684762954712
780,17.78125,-0.22867324948310852,-0.03792144767940044,0.09087256267666817,0.0,0.1516215369105339,-0.1829579658806324,-0.22867324948310852
790,19.8125,-0.1951744556427002,-0.03499703835695982,0.032046745903789996,0.0,0.1513065718114376,-0.1834879420697689,-0.1951744556427002
800,17.6875,-0.20806187391281128,-0.03697331044822931,0.029252679087221622,0.0,0.15224063396453857,-0.1899230048060417,-0.20806187391281128
810,23.75,-0.18426236510276794,-0.04045430347323418,0.04543159957975149,0.0,0.15191229730844497,-0.18453281819820405,-0.18426236510276794
820,19.03125,-0.19565409421920776,-0.03396969847381115,0.06502075716853142,0.0,0.1529618412256241,-0.19112065881490709,-0.19565409421920776
830,20.65625,-0.19816143810749054,-0.0412376195192337,0.0319654043763876,0.0,0.15316852629184724,-0.185710596293211,-0.19816143810749054
840,18.8125,-0.2111595869064331,-0.04025719650089741,0.06435941644012928,0.0,0.15280417650938033,-0.19432695731520652,-0.2111595869064331
850,20.59375,-0.21782484650611877,-0.03860179139301181,0.038695255666971205,0.0,0.15093386098742484,-0.19239655062556266,-0.21782484650611877
860,19.03125,-0.1914660930633545,-0.04329771148040891,0.03234297037124634,0.0,0.15193297564983368,-0.18891948387026786,-0.1914660930633545
870,21.90625,-0.21103224158287048,-0.04387186365202069,0.04050363749265671,0.0,0.15168939754366875,-0.18972783610224725,-0.21103224158287048
880,22.34375,-0.21398299932479858,-0.033945394307374956,0.062710502743721,0.0,0.1528613045811653,-0.18878655433654784,-0.21398299932479858
890,19.71875,-0.20125678181648254,-0.03948428090661764,0.05274987295269966,0.0,0.15267834067344666,-0.19051493629813193,-0.20125678181648254
900,18.0,-0.20050306618213654,-0.03727749101817608,0.026227687112987043,0.0,0.15190383270382882,-0.19554570317268372,-0.20050306618213654
910,17.4375,-0.18701478838920593,-0.03697540545836091,0.03932369146496058,0.0,0.15212172716856004,-0.1862986169755459,-0.18701478838920593
920,21.03125,-0.21012352406978607,-0.04280417691916227,0.020756017230451108,0.0,0.1529839552938938,-0.19381767138838768,-0.21012352406978607
930,17.78125,-0.1914050281047821,-0.03752020560204983,0.04894969873130321,0.0,0.15424432680010797,-0.19336842969059945,-0.1914050281047821
940,15.375,-0.21822665631771088,-0.041303320601582524,0.08773897588253021,0.0,0.15412234887480736,-0.19417337849736213,-0.21822665631771088
950,16.96875,-0.2078285664319992,-0.03754026368260384,0.02961861751973629,0.0,0.15351326763629913,-0.19599333629012108,-0.2078285664319992
960,17.6875,-0.23220983147621155,-0.040470073372125624,0.03694495130330324,0.0,0.15229404643177985,-0.19347956404089928,-0.23220983147621155
970,16.71875,-0.21801288425922394,-0.0403095331043005,0.05193443857133388,0.0,0.15143406465649606,-0.1905096471309662,-0.21801288425922394
980,17.1875,-0.19541960954666138,-0.04327723570168018,0.03895742446184158,0.0,0.1523248679935932,-0.1967058412730694,-0.19541960954666138
990,18.9375,-0.22334741055965424,-0.0386969119310379,0.07852553501725197,0.0,0.15388906076550485,-0.19281517267227172,-0.22334741055965424
1000,19.46875,-0.21031060814857483,-0.04391411021351814,0.042709384486079215,0.0,0.15361910909414292,-0.19285063520073892,-0.21031060814857483
1010,20.71875,-0.20291823148727417,-0.04066212233155966,0.037894494459033014,0.0,0.1546418160200119,-0.19522413164377211,-0.20291823148727417
1020,24.875,-0.18346357345581055,-0.03616286441683769,0.04646024666726589,0.0,0.15335298627614974,-0.19641197174787522,-0.18346357345581055
1030,18.71875,-0.18263158202171326,-0.042361047491431235,0.062448742985725406,0.0,0.1543586105108261,-0.19538552016019822,-0.18263158202171326
1040,21.1875,-0.1960216611623764,-0.04193282993510365,0.03793150093406439,0.0,0.1531143717467785,-0.2027481496334076,-0.1960216611623764
1050,15.125,-0.22259633243083954,-0.040553827211260794,0.04228928107768297,0.0,0.1533617965877056,-0.19379014521837234,-0.22259633243083954
1060,16.875,-0.23019592463970184,-0.0433358633890748,0.03445745427161455,0.0,0.1549970932304859,-0.19827038198709487,-0.23019592463970184
1070,18.78125,-0.22239592671394348,-0.04311997443437576,0.023625310510396957,0.0,0.1539732351899147,-0.19696892127394677,-0.22239592671394348
1080,17.0,-0.23450638353824615,-0.039785028994083406,0.0763802170753479,0.0,0.15491148084402084,-0.20525462329387664,-0.23450638353824615
1090,14.46875,-0.21638187766075134,-0.04327364359050989,0.0448783241212368,0.0,0.15483300015330315,-0.1990620456635952,-0.21638187766075134
1100,19.1875,-0.22497545182704926,-0.03392257131636143,0.06935367230325937,0.0,0.15243477672338485,-0.20065683722496033,-0.22497545182704926
1110,16.5625,-0.2074565589427948,-0.03278903104364872,0.11562425345182419,0.0,0.15249715000391006,-0.2012149602174759,-0.2074565589427948
1120,15.5,-0.22130244970321655,-0.04461612701416016,0.043384574353694916,0.0,0.15404242798686027,-0.20270499661564828,-0.22130244970321655
1130,15.0625,-0.21653175354003906,-0.042002126947045325,0.04039824977517128,0.0,0.15305727124214172,-0.20701870173215867,-0.21653175354003906
1140,20.125,-0.20959258079528809,-0.04144447110593319,0.02754998244345188,0.0,0.1535424768924713,-0.20334627330303193,-0.20959258079528809
1150,18.5,-0.20151320099830627,-0.03452805727720261,0.03774864301085472,0.0,0.1550009362399578,-0.2019099473953247,-0.20151320099830627
1160,22.34375,-0.22931069135665894,-0.04555484177544713,0.028729621879756452,0.0,0.15583439767360688,-0.207689218968153,-0.22931069135665894
1170,15.3125,-0.2262324094772339,-0.040291904285550115,0.045939482003450396,0.0,0.15364121794700622,-0.2015704020857811,-0.2262324094772339
1180,14.71875,-0.22487933933734894,-0.04339338596910238,0.02564133461564779,0.0,0.15507727712392808,-0.21150626093149186,-0.22487933933734894
1190,20.875,-0.23540621995925903,-0.03639586139470339,0.04048764724284411,0.0,0.15472225472331047,-0.2144875168800354,-0.23540621995925903
1200,17.65625,-0.24617435038089752,-0.042039846815168855,0.031274184212088586,0.0,0.15553006827831267,-0.20316963717341424,-0.24617435038089752
1210,17.90625,-0.22278277575969696,-0.03782009985297918,0.04048664420843125,0.0,0.15856437385082245,-0.19976217225193976,-0.22278277575969696
1220,20.8125,-0.20779815316200256,-0.041479244641959664,0.02872613538056612,0.0,0.1589989997446537,-0.19752633571624756,-0.20779815316200256
1230,16.40625,-0.22593757510185242,-0.036203878745436666,0.054968657717108724,0.0,0.15940800607204436,-0.20209185555577278,-0.22593757510185242
1240,20.84375,-0.2443850189447403,-0.046372647024691106,0.025408022850751878,0.0,0.1597704581916332,-0.19716222137212752,-0.2443850189447403
1250,13.375,-0.20714962482452393,-0.03997793272137642,0.025551640801131724,0.0,0.15989677980542183,-0.20255457684397699,-0.20714962482452393
1260,16.34375,-0.2082236111164093,-0.037499990314245224,0.022793792746961118,0.0,0.1594296932220459,-0.2088486835360527,-0.2082236111164093
1270,17.15625,-0.22156313061714172,-0.042963739950209856,0.039888218976557255,0.0,0.15877175629138945,-0.2046937771141529,-0.22156313061714172
1280,16.0625,-0.21931391954421997,-0.037999116256833075,0.03399223554879427,0.0,0.15940277725458146,-0.20492073744535447,-0.21931391954421997
1290,18.59375,-0.20336227118968964,-0.04019967596977949,0.0246258357539773,0.0,0.15934860557317734,-0.21163771748542787,-0.20336227118968964
1300,19.125,-0.22684337198734283,-0.03833505101501942,0.024856575578451157,0.0,0.15946753025054933,-0.20244785770773888,-0.22684337198734283
1310,15.65625,-0.2156631201505661,-0.040663425251841544,0.03143461048603058,0.0,0.1601847790181637,-0.2136973835527897,-0.2156631201505661
1320,14.125,-0.21799245476722717,-0.04070213381201029,0.03267913069576025,0.0,0.1600317232310772,-0.20218362286686897,-0.21799245476722717
1330,24.4375,-0.2285122573375702,-0.04512705858796835,0.018719181045889856,0.0,0.1616804152727127,-0.20922834053635597,-0.2285122573375702
1340,16.90625,-0.1970609426498413,-0.04009530320763588,0.02243854645639658,0.0,0.15929306522011757,-0.19843954890966414,-0.1970609426498413
1350,19.65625,-0.2112857699394226,-0.04004285018891096,0.028765251114964484,0.0,0.16221707165241242,-0.20150115266442298,-0.2112857699394226
1360,22.03125,-0.2103867083787918,-0.03889846941456199,0.03316686972975731,0.0,0.16148251295089722,-0.2066708452999592,-0.2103867083787918
1370,20.09375,-0.201491579413414,-0.03905977634713054,0.019893507845699786,0.0,0.16249663680791854,-0.20149476900696756,-0.201491579413414
1380,21.53125,-0.20729371905326843,-0.03540577981621027,0.03520205225795507,0.0,0.16315852478146553,-0.2063615307211876,-0.20729371905326843
1390,19.71875,-0.19185680150985718,-0.04306277129799128,0.029656974039971827,0.0,0.1627286694943905,-0.20596578866243362,-0.19185680150985718
1400,17.1875,-0.2283298820257187,-0.04388209152966738,0.023959088884294034,0.0,0.16262963488698007,-0.20706004574894904,-0.2283298820257187
1410,23.25,-0.20690174400806427,-0.03564872555434704,0.027626796811819076,0.0,0.1637209728360176,-0.1994508348405361,-0.20690174400806427
1420,23.0,-0.21354183554649353,-0.03937496775761247,0.023503253236413002,0.0,0.16540359184145928,-0.20456595718860626,-0.21354183554649353
1430,18.21875,-0.20194855332374573,-0.041195179149508473,0.013187779113650322,0.0,0.1645999938249588,-0.20061000660061837,-0.20194855332374573
1440,14.625,-0.22585119307041168,-0.042561222799122334,0.07638463973999024,0.0,0.16543683409690857,-0.2066424898803234,-0.22585119307041168
1450,18.78125,-0.21314334869384766,-0.04268894800916314,0.029516883194446564,0.0,0.16694831550121308,-0.19973874762654303,-0.21314334869384766
1460,21.21875,-0.2156347930431366,-0.033733708783984184,0.041843016631901264,0.0,0.16637504622340202,-0.20160306990146637,-0.2156347930431366
1470,20.4375,-0.21226482093334198,-0.0409148070961237,0.035393177159130575,0.0,0.16836951300501823,-0.2090604305267334,-0.21226482093334198
1480,20.0,-0.17555129528045654,-0.041799876093864444,0.03145589157938957,0.0,0.16726420894265176,-0.2062706880271435,-0.17555129528045654
1490,20.25,-0.2043199986219406,-0.043895511887967587,0.02334805689752102,0.0,0.1668474942445755,-0.2099331758916378,-0.2043199986219406
1500,18.375,-0.2181542068719864,-0.03647623397409916,0.0419693011790514,0.0,0.1679412007331848,-0.19916904494166374,-0.2181542068719864
1510,19.28125,-0.22654157876968384,-0.03997678328305483,0.01802123533561826,0.0,0.16988684460520745,-0.20180597826838492,-0.22654157876968384
1520,18.78125,-0.20787768065929413,-0.04174433331936598,0.02929391749203205,0.0,0.17032933458685875,-0.20481913089752196,-0.20787768065929413
1530,17.4375,-0.22202222049236298,-0.035917021334171295,0.07326180376112461,0.0,0.17067434415221214,-0.19612510204315187,-0.22202222049236298
1540,20.40625,-0.19543148577213287,-0.0382568009197712,0.03648819252848625,0.0,0.17158487811684608,-0.21146825551986695,-0.19543148577213287
1550,15.5625,-0.2586517930030823,-0.04061832204461098,0.05265810191631317,0.0,0.17140494510531426,-0.21163851618766785,-0.2586517930030823
1560,17.15625,-0.21587714552879333,-0.04327091313898564,0.02765092272311449,0.0,0.17275233194231987,-0.20147002786397933,-0.21587714552879333
1570,20.125,-0.21029359102249146,-0.04229499250650406,0.024215041473507882,0.0,0.1734986923635006,-0.19784659743309022,-0.21029359102249146
1580,16.53125,-0.22117166221141815,-0.03721128338947892,0.035906321927905084,0.0,0.17517724856734276,-0.20656750574707985,-0.22117166221141815
1590,21.25,-0.20396918058395386,-0.03645454412326217,0.02629764974117279,0.0,0.17503149062395096,-0.2052966870367527,-0.20396918058395386
1600,16.78125,-0.202722430229187,-0.033862872421741484,0.04659863989800215,0.0,0.17486911490559578,-0.19593187496066095,-0.202722430229187
1610,16.4375,-0.20355279743671417,-0.038013330474495885,0.03511993642896414,0.0,0.17650551870465278,-0.1990858420729637,-0.20355279743671417
1620,20.96875,-0.17112964391708374,-0.04142440240830183,0.020476739015430213,0.0,0.1779983550310135,-0.19568023458123207,-0.17112964391708374
1630,22.03125,-0.20016708970069885,-0.04102559424936771,0.023122350871562957,0.0,0.17854210883378982,-0.19217183887958528,-0.20016708970069885
1640,20.09375,-0.21623444557189941,-0.041176880989223716,0.01934844786301255,0.0,0.17989219576120377,-0.18911715522408484,-0.21623444557189941
1650,19.40625,-0.2040313333272934,-0.03989315275102854,0.024804248474538326,0.0,0.1810995377600193,-0.18357181400060654,-0.2040313333272934
1660,21.125,-0.17669668793678284,-0.030946833826601506,0.024890222772955894,0.0,0.18388254940509796,-0.1856612265110016,-0.17669668793678284
1670,20.46875,-0.1958099603652954,-0.04551928797736764,0.020533086732029915,0.0,0.18423433527350425,-0.17853000685572623,-0.1958099603652954
1680,20.46875,-0.18238310515880585,-0.038851899839937684,0.023898769356310367,0.0,0.18472543358802795,-0.18386488780379295,-0.18238310515880585
1690,19.71875,-0.17527170479297638,-0.03716404549777508,0.04393597953021526,0.0,0.18615299314260483,-0.18251791894435881,-0.17527170479297638
1700,21.6875,-0.19972902536392212,-0.02728831134736538,0.09871242791414261,0.0,0.1886608876287937,-0.18459350615739822,-0.19972902536392212
1710,20.71875,-0.157958984375,-0.032912977039813995,0.018682584259659053,0.0,0.18985676988959313,-0.17766876593232156,-0.157958984375
1720,18.34375,-0.19244438409805298,-0.04335219101049006,0.02421824838966131,0.0,0.192045845836401,-0.18014842867851258,-0.19244438409805298
1730,23.5,-0.19118627905845642,-0.027219463791698217,0.035127605125308034,0.0,0.19025492668151855,-0.18094457015395166,-0.19118627905845642
1740,20.0,-0.17921823263168335,-0.04037781022489071,0.015864642802625895,0.0,0.1917127102613449,-0.1781729616224766,-0.17921823263168335
1750,18.3125,-0.18309608101844788,-0.0365106001496315,0.012737663928419352,0.0,0.19214329198002816,-0.1771928258240223,-0.18309608101844788
1760,20.3125,-0.18884721398353577,-0.037397086666896937,0.014386150054633617,0.0,0.19414333999156952,-0.1738927662372589,-0.18884721398353577
1770,19.28125,-0.19385181367397308,-0.03850080613046884,0.0244913836941123,0.0,0.19558658301830292,-0.1785229191184044,-0.19385181367397308
1780,19.1875,-0.18138334155082703,-0.03799757100641728,0.041889779083430764,0.0,0.19736211821436883,-0.16789021268486976,-0.18138334155082703
1790,18.9375,-0.19747334718704224,-0.03929284284822643,0.030259547382593156,0.0,0.19617289155721665,-0.17506340146064758,-0.19747334718704224
1800,22.25,-0.22347664833068848,-0.042442748602479693,0.035553181543946266,0.0,0.19666387438774108,-0.1697510927915573,-0.22347664833068848
1810,20.75,-0.16801433265209198,-0.03692693132907152,0.021777024120092393,0.0,0.19645620360970498,-0.1739912822842598,-0.16801433265209198
1820,23.90625,-0.19192180037498474,-0.03896703515201807,0.06460350044071675,0.0,0.19805818498134614,-0.18072104677557946,-0.19192180037498474
1830,20.6875,-0.1686355173587799,-0.027451308630406856,0.1705498334020376,0.0,0.20075458139181138,-0.17679689154028894,-0.1686355173587799
1840,17.0625,-0.23358382284641266,-0.03965918854810298,0.026619367860257627,0.0,0.19940416738390923,-0.176707773655653,-0.23358382284641266
1850,24.46875,-0.18300974369049072,-0.035227452591061595,0.028610171377658845,0.0,0.20140101462602616,-0.16476791352033615,-0.18300974369049072
1860,23.3125,-0.15595294535160065,-0.034901338443160054,0.023969949036836625,0.0,0.20087586268782615,-0.16779028102755547,-0.15595294535160065
1870,26.28125,-0.1775898039340973,-0.04272588901221752,0.031005694530904293,0.0,0.20214045345783233,-0.16778945028781891,-0.1775898039340973
1880,23.3125,-0.1512531191110611,-0.03057502321898937,0.04355889409780502,0.0,0.20404838547110557,-0.16640504449605942,-0.1512531191110611
1890,20.1875,-0.17969724535942078,-0.03513007424771786,0.02856256328523159,0.0,0.20431245639920234,-0.1629095606505871,-0.17969724535942078
1900,21.8125,-0.1472163200378418,-0.04037851933389902,0.02071175230666995,0.0,0.20651001557707788,-0.16436751782894135,-0.1472163200378418
1910,18.9375,-0.16974571347236633,-0.03723712526261806,0.02405979745090008,0.0,0.2063116453588009,-0.15839777290821075,-0.16974571347236633
1920,20.78125,-0.16696062684059143,-0.040840972773730756,0.031882349587976935,0.0,0.20847371593117714,-0.15790874361991883,-0.16696062684059143
1930,21.53125,-0.1673092544078827,-0.04518304225057364,0.041765009984374046,0.0,0.2096918746829033,-0.15185618363320827,-0.1673092544078827
1940,18.25,-0.18216194212436676,-0.03899714481085539,0.04629337191581726,0.0,0.21134267523884773,-0.16472870893776417,-0.18216194212436676
1950,21.3125,-0.15651589632034302,-0.03717393670231104,0.03529300317168236,0.0,0.2115842431783676,-0.15655765868723392,-0.15651589632034302
1960,25.46875,-0.12176734209060669,-0.03601987957954407,0.020508084259927273,0.0,0.20924892276525497,-0.1526565607637167,-0.12176734209060669
1970,24.84375,-0.15003395080566406,-0.033307074941694735,0.04610950276255608,0.0,0.21011424139142038,-0.15769899487495423,-0.15003395080566406
1980,20.875,-0.15585525333881378,-0.03688674923032522,0.033580885455012324,0.0,0.21241529136896134,-0.15899116694927215,-0.15585525333881378
1990,25.90625,-0.1216406300663948,-0.03754820954054594,0.018789812549948694,0.0,0.21197018548846244,-0.15593448840081692,-0.1216406300663948
2000,21.46875,-0.17982026934623718,-0.039780343323946,0.03266612645238638,0.0,0.21605510413646697,-0.1515198327600956,-0.17982026934623718
2010,26.09375,-0.16021627187728882,-0.03422933639958501,0.037088532000780106,0.0,0.21588072627782823,-0.15273003950715064,-0.16021627187728882
2020,13.78125,-0.1688762903213501,-0.047219477314502004,0.01632314398884773,0.0,0.21584163680672647,-0.15517784357070924,-0.1688762903213501
2030,15.53125,-0.1733173429965973,-0.03708503358066082,0.0920353464782238,0.0,0.21652769222855567,-0.1545229021459818,-0.1733173429965973
2040,22.03125,-0.19156578183174133,-0.03536387253552675,0.061223029717803,0.0,0.2175162725150585,-0.1478145055472851,-0.19156578183174133
2050,18.0,-0.16564154624938965,-0.04024740485474467,0.02140357531607151,0.0,0.21736176908016205,-0.15951823107898236,-0.16564154624938965
2060,29.40625,-0.16502028703689575,-0.03814392127096653,0.03210977166891098,0.0,0.2205348379909992,-0.15353137254714966,-0.16502028703689575
2070,27.6875,-0.15531855821609497,-0.040484369546175,0.028363848477602004,0.0,0.21959162950515748,-0.1458971153944731,-0.15531855821609497
2080,20.78125,-0.15182772278785706,-0.031802848726511,0.03388145975768566,0.0,0.22155269160866736,-0.1449550546705723,-0.15182772278785706
2090,19.5625,-0.16229309141635895,-0.04116790816187858,0.07352439537644387,0.0,0.22050797939300537,-0.15297116339206696,-0.16229309141635895
2100,29.78125,-0.14725635945796967,-0.038574374513700604,0.040994531475007534,0.0,0.22118233665823936,-0.15179456397891045,-0.14725635945796967
2110,23.0,-0.15778543055057526,-0.03869640976190567,0.05380444414913654,0.0,0.22141503691673278,-0.14457029066979885,-0.15778543055057526
2120,23.40625,-0.1635635495185852,-0.043419156968593595,0.05815945789217949,0.0,0.22303061708807945,-0.15166142098605634,-0.1635635495185852
2130,16.125,-0.17930927872657776,-0.03808596730232239,0.06786022167652846,0.0,0.22201869115233422,-0.1495166540145874,-0.17930927872657776
2140,19.1875,-0.16015450656414032,-0.03960057497024536,0.026853219047188757,0.0,0.22251146659255028,-0.1509914793074131,-0.16015450656414032
2150,26.84375,-0.15488116443157196,-0.04063455648720264,0.03646757490932941,0.0,0.22291582748293876,-0.14849208071827888,-0.15488116443157196
2160,24.5,-0.16946448385715485,-0.03121486809104681,0.09046585410833359,0.0,0.22347395420074462,-0.14883523993194103,-0.16946448385715485
2170,22.875,-0.13970831036567688,-0.03534078048542142,0.02634192109107971,0.0,0.22368647381663323,-0.1456040196120739,-0.13970831036567688
2180,20.09375,-0.1438230276107788,-0.031091369362547992,0.0462696198374033,0.0,0.22408636957406997,-0.14764039181172847,-0.1438230276107788
2190,26.28125,-0.15160667896270752,-0.028816345054656266,0.09556093774735927,0.0,0.22472261339426042,-0.1527651757001877,-0.15160667896270752
2200,18.40625,-0.1644660234451294,-0.04459224361926317,0.026378357224166392,0.0,0.2260121800005436,-0.14777011796832085,-0.1644660234451294
2210,27.40625,-0.15809762477874756,-0.030328230187296867,0.0628286812454462,0.0,0.22678555846214293,-0.14924295321106912,-0.15809762477874756
2220,21.28125,-0.14824941754341125,-0.035526443645358084,0.02672523744404316,0.0,0.22529840394854544,-0.14450276009738444,-0.14824941754341125
2230,21.59375,-0.17292699217796326,-0.03992420434951782,0.054509224742650984,0.0,0.224100574105978,-0.15663665756583214,-0.17292699217796326
2240,32.40625,-0.14832329750061035,-0.037982326745986936,0.05331553407013416,0.0,0.2255115158855915,-0.15000496804714203,-0.14832329750061035
2250,23.0625,-0.1701250523328781,-0.036487638391554354,0.07999137900769711,0.0,0.2243572935461998,-0.15503691732883454,-0.1701250523328781
2260,18.84375,-0.16319718956947327,-0.04345344016328454,0.04823479317128658,0.0,0.22566372603178025,-0.14998610131442547,-0.16319718956947327
2270,20.125,-0.16786444187164307,-0.043580340873450044,0.028595510683953763,0.0,0.22590842172503472,-0.14716072008013725,-0.16786444187164307
2280,23.53125,-0.1710798442363739,-0.02780782151967287,0.16774827092885972,0.0,0.22633736804127694,-0.142826796323061,-0.1710798442363739
2290,24.78125,-0.14934971928596497,-0.04040828812867403,0.027215922251343727,0.0,0.22700646594166757,-0.1441990315914154,-0.14934971928596497
2300,25.9375,-0.1677306890487671,-0.04234501188620925,0.06497593894600869,0.0,0.2254914090037346,-0.15259776152670385,-0.1677306890487671
2310,20.6875,-0.1843448281288147,-0.04315692707896233,0.029279344156384467,0.0,0.22719017788767815,-0.15385658852756023,-0.1843448281288147
2320,20.375,-0.1739557534456253,-0.039919907692819834,0.03678483199328184,0.0,0.2283790022134781,-0.14644312784075736,-0.1739557534456253
2330,27.75,-0.1776001900434494,-0.03335123490542173,0.1121409110724926,0.0,0.22647301182150842,-0.14946496561169625,-0.1776001900434494
2340,27.9375,-0.16326114535331726,-0.034752157889306544,0.04573418684303761,0.0,0.2305014468729496,-0.14836990162730218,-0.16326114535331726
2350,20.71875,-0.15796485543251038,-0.04066867213696242,0.02816918194293976,0.0,0.23050463572144508,-0.14967195838689804,-0.15796485543251038
2360,22.96875,-0.1530667543411255,-0.036555962171405554,0.04400655217468739,0.0,0.23080644980072976,-0.1395005274564028,-0.1530667543411255
2370,26.71875,-0.16097058355808258,-0.033739873208105564,0.06402743645012379,0.0,0.2314632683992386,-0.1323301147669554,-0.16097058355808258
2380,26.40625,-0.1519365906715393,-0.04230460738763213,0.022097656689584255,0.0,0.23205940127372743,-0.1352587640285492,-0.1519365906715393
2390,17.65625,-0.161457821726799,-0.0362742368131876,0.02996889967471361,0.0,0.2331946685910225,-0.14132284224033356,-0.161457821726799
2400,20.5,-0.1578529179096222,-0.0381126201711595,0.05149722993373871,0.0,0.2336941845715046,-0.14062132835388183,-0.1578529179096222
2410,17.15625,-0.1569659560918808,-0.037811634317040446,0.03417534772306681,0.0,0.233735042065382,-0.1407107323408127,-0.1569659560918808
2420,22.625,-0.17259681224822998,-0.043208842445164916,0.03284613434225321,0.0,0.23631880879402162,-0.14904374890029431,-0.17259681224822998
2430,26.4375,-0.1509174108505249,-0.04286417616531253,0.03010784164071083,0.0,0.23628003224730493,-0.13473895490169524,-0.1509174108505249
2440,21.3125,-0.14530299603939056,-0.03401674618944526,0.040192953497171405,0.0,0.23514580205082894,-0.13639649711549282,-0.14530299603939056
2450,20.84375,-0.14238356053829193,-0.040008371043950317,0.04607385620474815,0.0,0.23514610901474953,-0.14013720080256462,-0.14238356053829193
2460,15.34375,-0.1732095181941986,-0.03942228350788355,0.03095627948641777,0.0,0.23686942905187608,-0.1400448977947235,-0.1732095181941986
2470,22.375,-0.1375240683555603,-0.040367323253303763,0.032714993506669995,0.0,0.23894592076539994,-0.1441168814897537,-0.1375240683555603
2480,20.65625,-0.15841171145439148,-0.03137855259701609,0.12599577009677887,0.0,0.238778193295002,-0.1373668197542429,-0.15841171145439148
2490,24.96875,-0.1654365062713623,-0.04008418172597885,0.03336330726742744,0.0,0.24009961113333703,-0.14064491614699365,-0.1654365062713623
2500,26.78125,-0.12697088718414307,-0.035910597629845144,0.03358940109610557,0.0,0.23935698047280313,-0.13637061417102814,-0.12697088718414307
2510,25.09375,-0.14349444210529327,-0.037248614616692065,0.047148356586694716,0.0,0.23937876001000405,-0.13905154801905156,-0.14349444210529327
2520,15.34375,-0.15470166504383087,-0.04556842017918825,0.06418900787830353,0.0,0.24196962192654609,-0.13391183726489544,-0.15470166504383087
2530,20.4375,-0.13848744332790375,-0.042843309417366984,0.02222380116581917,0.0,0.24253222420811654,-0.13601366616785526,-0.13848744332790375
2540,17.875,-0.13207440078258514,-0.03866261038929224,0.03302414454519749,0.0,0.24264783561229705,-0.13237444311380386,-0.13207440078258514
2550,25.3125,-0.13344161212444305,-0.029737220192328096,0.07217524573206902,0.0,0.2417836792767048,-0.12946135438978673,-0.13344161212444305
2560,23.84375,-0.12608912587165833,-0.039781460212543605,0.026528185606002806,0.0,0.24417759031057357,-0.13723856955766678,-0.12608912587165833
2570,17.625,-0.14892765879631042,-0.03857485335320234,0.048609555885195735,0.0,0.24720111340284348,-0.12927900515496732,-0.14892765879631042
2580,22.0,-0.13723492622375488,-0.03939587790518999,0.06690136939287186,0.0,0.24346641078591347,-0.1295741457492113,-0.13723492622375488
2590,22.21875,-0.14086124300956726,-0.04034488201141358,0.022003975138068198,0.0,0.24397244974970816,-0.13889782056212424,-0.14086124300956726
2600,24.28125,-0.152067631483078,-0.03207746581174433,0.05575464367866516,0.0,0.24473057687282562,-0.13499978482723235,-0.152067631483078
2610,20.46875,-0.14280954003334045,-0.04241484124213457,0.04180049747228622,0.0,0.24954506233334542,-0.13016009628772734,-0.14280954003334045
2620,23.15625,-0.14235083758831024,-0.03958010710775852,0.10172603763639927,0.0,0.25111844539642336,-0.12248694524168968,-0.14235083758831024
2630,23.75,-0.13211143016815186,-0.04234942849725485,0.030585292167961596,0.0,0.25190175995230674,-0.1193631786853075,-0.13211143016815186
2640,27.59375,-0.12771448493003845,-0.044042753893882035,0.02731837835162878,0.0,0.2533704832196236,-0.11888049244880676,-0.12771448493003845
2650,22.125,-0.1427249014377594,-0.037694471143186095,0.07311711870133877,0.0,0.2525343134999275,-0.11811346784234047,-0.1427249014377594
2660,23.15625,-0.13072513043880463,-0.04377258773893118,0.042818115279078486,0.0,0.2566804513335228,-0.1198158584535122,-0.13072513043880463
2670,26.03125,-0.11801496893167496,-0.040525158494710924,0.0259837843477726,0.0,0.2578155919909477,-0.11650309711694717,-0.11801496893167496
2680,22.4375,-0.1428770273923874,-0.03605266492813826,0.12921905890107155,0.0,0.2582799106836319,-0.11452603563666344,-0.1428770273923874
2690,16.4375,-0.1511552631855011,-0.04325746288523078,0.15675330460071563,0.0,0.25863662660121917,-0.1179186686873436,-0.1511552631855011
2700,22.4375,-0.12224143743515015,-0.03488848973065615,0.013566265162080527,0.0,0.25858205556869507,-0.12442513555288315,-0.12224143743515015
2710,22.5625,-0.15445321798324585,-0.04295933526009321,0.04961075261235237,0.0,0.2573878511786461,-0.11716329045593739,-0.15445321798324585
2720,17.5625,-0.12920179963111877,-0.04013381106778979,0.03603952676057816,0.0,0.25641862004995347,-0.12352550029754639,-0.12920179963111877
2730,18.15625,-0.15701961517333984,-0.04099423941224813,0.06282452195882797,0.0,0.2561490789055824,-0.1265204820781946,-0.15701961517333984
2740,22.0625,-0.11500250548124313,-0.0363687040284276,0.017316148709505798,0.0,0.25497094765305517,-0.12262790873646737,-0.11500250548124313
2750,21.84375,-0.1417892426252365,-0.038995246216654775,0.04791784547269344,0.0,0.25687185525894163,-0.12269464768469333,-0.1417892426252365
2760,22.53125,-0.1449577808380127,-0.02908799294382334,0.07065828833729029,0.0,0.25808943063020706,-0.12632075510919094,-0.1449577808380127
2770,19.34375,-0.13956546783447266,-0.03497214522212744,0.06613730192184449,0.0,0.2615311652421951,-0.11836331263184548,-0.13956546783447266
2780,26.96875,-0.1470087170600891,-0.033680119551718235,0.09089953936636448,0.0,0.2599316775798798,-0.11491334401071071,-0.1470087170600891
2790,18.625,-0.12784188985824585,-0.04318349417299032,0.016498978622257708,0.0,0.2591977193951607,-0.11512819156050683,-0.12784188985824585
2800,19.9375,-0.12141377478837967,-0.03949931673705578,0.013160638557747007,0.0,0.25915982127189635,-0.11791802793741227,-0.12141377478837967
2810,20.875,-0.12958361208438873,-0.0386919429525733,0.047869003191590306,0.0,0.26223102062940595,-0.11774197518825531,-0.12958361208438873
2820,19.25,-0.10557490587234497,-0.038518902659416196,0.025126957893371583,0.0,0.26286014169454575,-0.11540657170116901,-0.10557490587234497
2830,23.375,-0.10086378455162048,-0.041606112010777,0.021569130569696428,0.0,0.2632013037800789,-0.1166194338351488,-0.10086378455162048
2840,25.9375,-0.12678401172161102,-0.0371482209302485,0.04016494993120432,0.0,0.26183164715766905,-0.10873576477169991,-0.12678401172161102
2850,28.28125,-0.11236065626144409,-0.03685709666460753,0.055070390179753306,0.0,0.2626604989171028,-0.1084819633513689,-0.11236065626144409
2860,21.75,-0.12402470409870148,-0.03619684316217899,0.030507110990583897,0.0,0.2644473150372505,-0.11017803847789764,-0.12402470409870148
2870,25.59375,-0.1269311010837555,-0.03870117571204901,0.04523097835481167,0.0,0.26435281336307526,-0.10429258234798908,-0.1269311010837555
2880,24.3125,-0.11321678757667542,-0.04372647115960717,0.037098865024745464,0.0,0.2607389137148857,-0.11126175597310066,-0.11321678757667542
2890,17.5,-0.1418289840221405,-0.043722592387348415,0.06383608505129815,0.0,0.2627149671316147,-0.11731733046472073,-0.1418289840221405
2900,16.59375,-0.14649033546447754,-0.038900977745652196,0.03266422785818577,0.0,0.2627574563026428,-0.12074538692831993,-0.14649033546447754
2910,21.75,-0.1260465681552887,-0.03712713625282049,0.060442668944597246,0.0,0.2612331286072731,-0.11545492559671403,-0.1260465681552887
2920,18.625,-0.13442659378051758,-0.04236269798129797,0.03005795758217573,0.0,0.2616522639989853,-0.11478627622127532,-0.13442659378051758
2930,20.9375,-0.14153103530406952,-0.03632120583206415,0.07434131652116775,0.0,0.2608691930770874,-0.12164076790213585,-0.14153103530406952
2940,27.375,-0.11516556143760681,-0.03454388156533241,0.03593814559280872,0.0,0.260221266746521,-0.11859004944562912,-0.11516556143760681
2950,20.46875,-0.13515707850456238,-0.03244798555970192,0.058542963303625586,0.0,0.2619188353419304,-0.11808340586721897,-0.13515707850456238
2960,26.46875,-0.12494473904371262,-0.04252885188907385,0.03808900080621243,0.0,0.261774642765522,-0.10785286240279675,-0.12494473904371262
2970,24.71875,-0.12975823879241943,-0.0356900873593986,0.054961413890123365,0.0,0.2613695189356804,-0.11306447573006154,-0.12975823879241943
2980,17.71875,-0.121133953332901,-0.04450934724882245,0.028232234716415405,0.0,0.2636557728052139,-0.11890742368996143,-0.121133953332901
2990,22.46875,-0.1319250464439392,-0.039476250484585765,0.03053889945149422,0.0,0.26500399857759477,-0.11503777839243412,-0.1319250464439392
3000,16.03125,-0.14261671900749207,-0.04188155150040984,0.05206908844411373,0.0,0.2661085411906242,-0.11233414858579635,-0.14261671900749207
3010,12.03125,-0.14219129085540771,-0.041193267703056334,0.031016698107123375,0.0,0.26648973375558854,-0.11313161961734294,-0.14219129085540771
3020,21.5625,-0.12777376174926758,-0.04241864169016481,0.06415259875357152,0.0,0.2668644905090332,-0.11273141615092755,-0.12777376174926758
3030,29.5,-0.12495356798171997,-0.03503742786124349,0.12389961481094361,0.0,0.26665868908166884,-0.10995624400675297,-0.12495356798171997
3040,21.5625,-0.12382570654153824,-0.038070425391197205,0.08408602587878704,0.0,0.2685109719634056,-0.11388028934597969,-0.12382570654153824
3050,24.8125,-0.10635590553283691,-0.04154536202549934,0.02611924484372139,0.0,0.26774091869592664,-0.1092793807387352,-0.10635590553283691
3060,30.28125,-0.11130595207214355,-0.04172940943390131,0.035781971924006936,0.0,0.27093326300382614,-0.10351023860275746,-0.11130595207214355
3070,21.5,-0.11903063952922821,-0.03604808524250984,0.06474117152392864,0.0,0.26965567767620086,-0.10903541073203087,-0.11903063952922821
3080,17.84375,-0.15705084800720215,-0.041832666285336016,0.11263440400362015,0.0,0.2696679472923279,-0.10835134796798229,-0.15705084800720215
3090,26.71875,-0.12085210531949997,-0.030915114283561706,0.18864878714084626,0.0,0.26699611395597456,-0.11024833880364895,-0.12085210531949997
3100,32.78125,-0.11921323835849762,-0.04372554570436478,0.022009076550602913,0.0,0.26977668702602386,-0.10192722864449025,-0.11921323835849762
3110,19.78125,-0.12060472369194031,-0.040866436809301375,0.041173913329839704,0.0,0.26971954107284546,-0.11253581941127777,-0.12060472369194031
3120,25.09375,-0.10837200284004211,-0.038883830048143865,0.053165557235479353,0.0,0.27151905596256254,-0.11099816597998143,-0.10837200284004211
3130,29.8125,-0.12131576240062714,-0.033926389552652834,0.04096540864557028,0.0,0.27134481966495516,-0.10302904322743416,-0.12131576240062714
3140,24.1875,-0.126385897397995,-0.03560889009386301,0.024574844911694527,0.0,0.270062617957592,-0.1090006873011589,-0.126385897397995
3150,22.75,-0.1195594072341919,-0.03878994099795818,0.06573336683213711,0.0,0.26936848908662797,-0.10847289748489856,-0.1195594072341919
3160,21.71875,-0.127238929271698,-0.034996858797967434,0.09694701880216598,0.0,0.26939729750156405,-0.1089040108025074,-0.127238929271698
3170,19.4375,-0.10551854968070984,-0.03621044494211674,0.07551181837916374,0.0,0.26986688524484637,-0.10833267010748386,-0.10551854968070984
3180,20.34375,-0.14794594049453735,-0.04361914079636335,0.03418856710195541,0.0,0.27229569256305697,-0.10420491583645344,-0.14794594049453735
3190,25.34375,-0.11044277250766754,-0.041830682475119826,0.03874047473073006,0.0,0.27201674580574037,-0.10227880664169789,-0.11044277250766754
3200,24.46875,-0.14263014495372772,-0.03812468331307173,0.21263054087758065,0.0,0.27313082218170165,-0.10376867949962616,-0.14263014495372772
3210,21.75,-0.1769578754901886,-0.03823513397946954,0.0912027969956398,0.0,0.27631558775901793,-0.11788437664508819,-0.1769578754901886
3220,19.84375,-0.12652447819709778,-0.04007364865392447,0.02948265876621008,0.0,0.27458507269620896,-0.10726451389491558,-0.12652447819709778
3230,26.0625,-0.10504065454006195,-0.04218954890966416,0.029878132231533527,0.0,0.2755150213837624,-0.10295513942837715,-0.10504065454006195
3240,29.375,-0.09122294187545776,-0.03936547767370939,0.023409427050501107,0.0,0.275672422349453,-0.10196922421455383,-0.09122294187545776
3250,21.375,-0.10773704200983047,-0.03835413362830877,0.0721739713102579,0.0,0.2759188488125801,-0.10116766132414341,-0.10773704200983047
3260,25.875,-0.11083751916885376,-0.04114680141210556,0.03984454702585936,0.0,0.2769538089632988,-0.1031776461750269,-0.11083751916885376
3270,20.625,-0.10154461860656738,-0.035503174643963575,0.11762445643544198,0.0,0.2772072866559029,-0.10522646680474282,-0.10154461860656738
3280,21.40625,-0.13258785009384155,-0.04235507044941187,0.06407493129372596,0.0,0.27880355417728425,-0.10170851312577725,-0.13258785009384155
3290,25.65625,-0.09935864806175232,-0.03782475544139743,0.02181160356849432,0.0,0.2769824415445328,-0.09752808324992657,-0.09935864806175232
3300,22.90625,-0.1077347993850708,-0.03647158797830343,0.08566757887601853,0.0,0.2777382045984268,-0.09932528398931026,-0.1077347993850708
3310,23.375,-0.0975189283490181,-0.03937001735903323,0.04322343952953815,0.0,0.2759269952774048,-0.10105991140007972,-0.0975189283490181
3320,29.65625,-0.10544225573539734,-0.0440672860480845,0.021915302239358427,0.0,0.2779312148690224,-0.097329630702734,-0.10544225573539734
3330,23.25,-0.11969597637653351,-0.04502467922866345,0.05120969004929066,0.0,0.27632050961256027,-0.10130568407475948,-0.11969597637653351
3340,18.65625,-0.1367163062095642,-0.0335435951128602,0.09658169336616992,0.0,0.2776705339550972,-0.10226489193737506,-0.1367163062095642
3350,19.1875,-0.13279367983341217,-0.039370354078710076,0.07024788372218609,0.0,0.2756451264023781,-0.10696046240627766,-0.13279367983341217
3360,25.40625,-0.12249583750963211,-0.03576360754668713,0.08387615196406842,0.0,0.27541195005178454,-0.10797325521707535,-0.12249583750963211
3370,22.4375,-0.1351763755083084,-0.03902724161744118,0.03498395085334778,0.0,0.2756861671805382,-0.1027481023222208,-0.1351763755083084
3380,19.5,-0.12111696600914001,-0.04205058552324772,0.03229945804923773,0.0,0.27673530429601667,-0.09929244816303254,-0.12111696600914001
3390,23.53125,-0.0988570898771286,-0.03948179669678211,0.022146869264543057,0.0,0.276481930911541,-0.10168775878846645,-0.0988570898771286
3400,19.96875,-0.14027464389801025,-0.03878702651709318,0.05830786190927029,0.0,0.2748926028609276,-0.1105395346879959,-0.14027464389801025
3410,30.90625,-0.11524619907140732,-0.03851661179214716,0.03443508744239807,0.0,0.2761038914322853,-0.0996316734701395,-0.11524619907140732
3420,25.28125,-0.1009003147482872,-0.0379555756226182,0.03025581408292055,0.0,0.27584231495857237,-0.10575702562928199,-0.1009003147482872
3430,30.84375,-0.10883686691522598,-0.03381909504532814,0.0418805543333292,0.0,0.27825709581375124,-0.10156765058636666,-0.10883686691522598
3440,26.65625,-0.13286197185516357,-0.03732439391314983,0.11623594276607037,0.0,0.2783506795763969,-0.1050152238458395,-0.13286197185516357
3450,21.0,-0.11898553371429443,-0.04197350926697254,0.05329112410545349,0.0,0.2756395474076271,-0.09761384651064872,-0.11898553371429443
3460,23.96875,-0.12297695130109787,-0.043557343259453776,0.03914175890386105,0.0,0.27755440175533297,-0.10254808180034161,-0.12297695130109787
3470,21.25,-0.11525357514619827,-0.038360586017370225,0.05808053985238075,0.0,0.2789483904838562,-0.103642912581563,-0.11525357514619827
3480,19.0625,-0.11376570910215378,-0.04371832432225346,0.025143699534237385,0.0,0.28008871972560884,-0.09968912452459336,-0.11376570910215378
3490,22.40625,-0.13036853075027466,-0.03764686584472656,0.050422757118940356,0.0,0.28157863616943357,-0.10186628513038158,-0.13036853075027466
3500,25.5,-0.10552084445953369,-0.03403134401887655,0.03941317237913609,0.0,0.28052590489387513,-0.10348239913582802,-0.10552084445953369
3510,23.375,-0.11347538232803345,-0.03379942774772644,0.038393794745206836,0.0,0.2802082121372223,-0.09640832990407944,-0.11347538232803345
3520,22.28125,-0.12210415303707123,-0.03562849070876837,0.061299627646803856,0.0,0.2822898209095001,-0.10305172055959702,-0.12210415303707123
3530,24.0,-0.11272744834423065,-0.03601919440552592,0.06811884976923466,0.0,0.282357020676136,-0.10185614600777626,-0.11272744834423065
3540,26.125,-0.10846983641386032,-0.03764089308679104,0.018109625112265347,0.0,0.2809382572770119,-0.10400198996067048,-0.10846983641386032
3550,22.34375,-0.10956022143363953,-0.04292636252939701,0.018145964853465556,0.0,0.27988221049308776,-0.10213765762746334,-0.10956022143363953
3560,19.9375,-0.11527489125728607,-0.03655976913869381,0.08912855088710785,0.0,0.2796673148870468,-0.10153458081185818,-0.11527489125728607
3570,28.375,-0.10979689657688141,-0.04199720043689013,0.037182757444679734,0.0,0.2802755609154701,-0.10251590721309185,-0.10979689657688141
3580,30.59375,-0.11436870694160461,-0.031392086017876866,0.05527211092412472,0.0,0.27952242344617845,-0.10407177917659283,-0.11436870694160461
3590,29.28125,-0.11367139965295792,-0.033011576253920795,0.07603059317916631,0.0,0.2821226045489311,-0.10363296456634999,-0.11367139965295792
3600,25.03125,-0.09249159693717957,-0.040252610296010974,0.01929324772208929,0.0,0.28516685515642165,-0.09815176837146282,-0.09249159693717957
3610,23.71875,-0.12449687719345093,-0.038807494658976795,0.058576753735542296,0.0,0.28414194881916044,-0.09789260029792786,-0.12449687719345093
3620,24.53125,-0.12083445489406586,-0.038418542593717575,0.07613586522638797,0.0,0.28586533665657043,-0.09805137850344181,-0.12083445489406586
3630,27.0,-0.0962250754237175,-0.043040779419243336,0.03549786936491728,0.0,0.28597860485315324,-0.09058964438736439,-0.0962250754237175
3640,17.375,-0.11495192348957062,-0.03785315379500389,0.18826766163110734,0.0,0.2841802448034286,-0.09404339902102947,-0.11495192348957062
3650,23.84375,-0.10328461974859238,-0.025642585195600986,0.08308013211935758,0.0,0.2851512894034386,-0.09340036362409591,-0.10328461974859238
3660,26.34375,-0.09038407355546951,-0.03916755714453757,0.061841440945863725,0.0,0.284599794447422,-0.08610334880650043,-0.09038407355546951
3670,20.875,-0.103347048163414,-0.03784066904336214,0.10469812676310539,0.0,0.2833770364522934,-0.10115778371691704,-0.103347048163414
3680,24.65625,-0.1059066578745842,-0.039086290262639524,0.10116364061832428,0.0,0.2861435040831566,-0.09598138481378556,-0.1059066578745842
3690,26.34375,-0.10058100521564484,-0.0404652826488018,0.03538931403309107,0.0,0.28659154027700423,-0.09942702800035477,-0.10058100521564484
3700,16.65625,-0.09703946113586426,-0.03650763891637325,0.03884002305567265,0.0,0.2842548757791519,-0.09549689516425133,-0.09703946113586426
3710,20.96875,-0.09969524294137955,-0.043800022639334205,0.03940003775060177,0.0,0.2846292182803154,-0.0996594239026308,-0.09969524294137955
3720,24.8125,-0.09378272294998169,-0.03890693858265877,0.06584128737449646,0.0,0.28357277512550355,-0.09701035469770432,-0.09378272294998169
3730,21.21875,-0.10680016875267029,-0.039335453882813454,0.0430927574634552,0.0,0.2829765498638153,-0.10088874362409114,-0.10680016875267029
3740,17.625,-0.11464573442935944,-0.04414432868361473,0.04449225086718798,0.0,0.28247929364442825,-0.09825293719768524,-0.11464573442935944
3750,18.40625,-0.11013007909059525,-0.040169937163591386,0.04826628193259239,0.0,0.2828439697623253,-0.09423284083604813,-0.11013007909059525
3760,22.53125,-0.09802897274494171,-0.043620449304580686,0.02535532210022211,0.0,0.2855464965105057,-0.09471184052526951,-0.09802897274494171
3770,25.125,-0.09947694092988968,-0.042161026410758494,0.02784136850386858,0.0,0.28641887605190275,-0.09203260317444802,-0.09947694092988968
3780,19.59375,-0.1103384718298912,-0.03662845883518458,0.06928806304931641,0.0,0.2847564369440079,-0.10213297605514526,-0.1103384718298912
3790,33.90625,-0.10796108096837997,-0.0439912686124444,0.039814623259007934,0.0,0.2843295902013779,-0.09383623376488685,-0.10796108096837997
3800,19.46875,-0.11198088526725769,-0.044871124997735025,0.0465747781097889,0.0,0.28412809520959853,-0.09786475002765656,-0.11198088526725769
3810,28.75,-0.1065705418586731,-0.04484732458367944,0.025460486114025117,0.0,0.2824777290225029,-0.09941929541528224,-0.1065705418586731
3820,21.875,-0.10273461043834686,-0.03970166426151991,0.027709030359983445,0.0,0.28211220949888227,-0.09709103591740131,-0.10273461043834686
3830,31.1875,-0.1236812174320221,-0.03946400601416826,0.049139565974473956,0.0,0.2822035804390907,-0.09934632629156112,-0.1236812174320221
3840,31.96875,-0.11157102882862091,-0.0284205824136734,0.596626016497612,0.0,0.2849514871835709,-0.09199207983911037,-0.11157102882862091
3850,20.3125,-0.09775890409946442,-0.04030102882534266,0.059856685996055606,0.0,0.28700208365917207,-0.098121128231287,-0.09775890409946442
3860,23.8125,-0.08820787072181702,-0.03934307182207704,0.03943059928715229,0.0,0.2857965543866158,-0.09023160189390182,-0.08820787072181702
3870,26.6875,-0.09299389272928238,-0.04150594910606742,0.02954248022288084,0.0,0.28645526617765427,-0.09956685230135917,-0.09299389272928238
3880,31.3125,-0.13223659992218018,-0.032015668042004106,0.7176742047071457,0.0,0.2871094703674316,-0.09589690119028091,-0.13223659992218018
3890,16.59375,-0.11407743394374847,-0.041962731070816515,0.08289937004446983,0.0,0.2871397018432617,-0.09364295564591885,-0.11407743394374847
3900,32.90625,-0.08880965411663055,-0.040578806214034556,0.03701239079236984,0.0,0.28773437440395355,-0.0905668254941702,-0.08880965411663055
3910,29.5625,-0.0906529501080513,-0.03946732170879841,0.025187704898416995,0.0,0.2875920534133911,-0.08801634386181831,-0.0906529501080513
3920,27.4375,-0.10421934723854065,-0.04357947520911694,0.04851841852068901,0.0,0.2892346978187561,-0.09264667965471744,-0.10421934723854065
3930,16.9375,-0.11135168373584747,-0.04186436403542757,0.0602167334407568,0.0,0.28979101330041884,-0.08933171257376671,-0.11135168373584747
3940,30.53125,-0.09742240607738495,-0.04170071734115481,0.029255822859704496,0.0,0.28983445912599565,-0.09034537002444268,-0.09742240607738495
3950,15.4375,-0.10727451741695404,-0.0442386974580586,0.02449993882328272,0.0,0.2911369040608406,-0.08818085864186287,-0.10727451741695404
3960,24.75,-0.0958203673362732,-0.043650883436203006,0.021186006255447865,0.0,0.291161473095417,-0.08884911127388477,-0.0958203673362732
3970,20.65625,-0.09426455944776535,-0.03981156777590513,0.032537443190813066,0.0,0.290723891556263,-0.08490016087889671,-0.09426455944776535
3980,13.78125,-0.10819430649280548,-0.0452774946577847,0.024834957160055637,0.0,0.2882271885871887,-0.09760718122124672,-0.10819430649280548
3990,23.4375,-0.13772448897361755,-0.041494895704090595,0.074340433254838,0.0,0.2888393342494965,-0.09452901780605316,-0.13772448897361755
4000,22.46875,-0.12381225824356079,-0.03219078108668327,0.22899342179298401,0.0,0.29004095792770385,-0.09854823611676693,-0.12381225824356079
4010,21.5,-0.11729937791824341,-0.043492417130619285,0.025809992849826813,0.0,0.2890984207391739,-0.08800282441079617,-0.11729937791824341
4020,23.28125,-0.11682064831256866,-0.041983735375106336,0.06386186555027962,0.0,0.290755558013916,-0.09098098799586296,-0.11682064831256866
4030,21.0,-0.09628012776374817,-0.03765361960977316,0.03994305785745382,0.0,0.28864367455244067,-0.09156516641378402,-0.09628012776374817
4040,14.53125,-0.10250541567802429,-0.045345610566437246,0.018483067769557236,0.0,0.28978856801986697,-0.09196163453161717,-0.10250541567802429
4050,26.5625,-0.09580660611391068,-0.04314088448882103,0.03183896597474813,0.0,0.29094287008047104,-0.08831621780991554,-0.09580660611391068
4060,25.90625,-0.10898268967866898,-0.04662910737097263,0.0374559186398983,0.0,0.2934316202998161,-0.08768937028944493,-0.10898268967866898
4070,28.0625,-0.09045585989952087,-0.044513908587396143,0.02468507718294859,0.0,0.2940486252307892,-0.08357489109039307,-0.09045585989952087
4080,26.0625,-0.10317821800708771,-0.04081285335123539,0.11156236231327057,0.0,0.2950041890144348,-0.08754514791071415,-0.10317821800708771
4090,22.75,-0.10968595743179321,-0.044085394311696294,0.03469783570617437,0.0,0.29308542162179946,-0.09313639551401139,-0.10968595743179321
4100,22.90625,-0.11289604008197784,-0.04438898991793394,0.03374246787279844,0.0,0.29432114511728286,-0.09459181725978852,-0.11289604008197784
4110,26.59375,-0.10082483291625977,-0.04840491730719805,0.016486901603639127,0.0,0.29477355182170867,-0.09461602047085763,-0.10082483291625977
4120,23.21875,-0.09745380282402039,-0.04507109727710486,0.029463876597583295,0.0,0.29789011031389234,-0.08056172057986259,-0.09745380282402039
4130,32.78125,-0.06846499443054199,-0.03653980419039726,0.07604280933737755,0.0,0.2987720414996147,-0.0806679816916585,-0.06846499443054199
4140,22.09375,-0.10192248970270157,-0.040827327966690065,0.03458720855414867,0.0,0.2974531203508377,-0.08424912728369235,-0.10192248970270157
4150,28.25,-0.09943263232707977,-0.035048214998096225,0.06563964746892452,0.0,0.29539824426174166,-0.08393372949212789,-0.09943263232707977
4160,22.90625,-0.11242252588272095,-0.03380454108119011,0.09860920533537865,0.0,0.2959229499101639,-0.08521295078098774,-0.11242252588272095
4170,18.90625,-0.13556526601314545,-0.035646467842161654,0.17256253212690353,0.0,0.2959405079483986,-0.08879083320498467,-0.13556526601314545
4180,19.1875,-0.09683133661746979,-0.03410610426217318,0.09710230752825737,0.0,0.2955917909741402,-0.08861032985150814,-0.09683133661746979
4190,20.75,-0.09679856896400452,-0.036846517398953435,0.05990366581827402,0.0,0.29753585904836655,-0.08336077742278576,-0.09679856896400452
4200,30.28125,-0.08907489478588104,-0.044759467244148254,0.02828368153423071,0.0,0.299184562265873,-0.08424988724291324,-0.08907489478588104
4210,24.375,-0.09064528346061707,-0.04080051146447659,0.047052692621946335,0.0,0.301123708486557,-0.08137644939124584,-0.09064528346061707
4220,16.59375,-0.10579903423786163,-0.04932240527123213,0.029706730507314205,0.0,0.30083117485046384,-0.08002496510744095,-0.10579903423786163
4230,23.15625,-0.09219948947429657,-0.04180947151035071,0.035248732194304466,0.0,0.2981601133942604,-0.07941531389951706,-0.09219948947429657
4240,28.0625,-0.0920366570353508,-0.045812935940921305,0.02545024175196886,0.0,0.2971659317612648,-0.08108972236514092,-0.0920366570353508
4250,33.3125,-0.06688037514686584,-0.041638804227113725,0.030805583856999875,0.0,0.29977618157863617,-0.07613134197890759,-0.06688037514686584
4260,24.125,-0.08308961987495422,-0.03929800502955914,0.04522883184254169,0.0,0.30251731127500536,-0.07671581599861384,-0.08308961987495422
4270,25.96875,-0.11005441099405289,-0.039559833332896234,0.062435920163989064,0.0,0.3005384787917137,-0.07783829104155301,-0.11005441099405289
4280,20.75,-0.1052108108997345,-0.04599554743617773,0.03607937898486853,0.0,0.29707068353891375,-0.08659486100077629,-0.1052108108997345
4290,24.125,-0.09899920225143433,-0.04608862921595573,0.03513989690691233,0.0,0.29757114201784135,-0.08657764233648776,-0.09899920225143433
4300,23.21875,-0.09603918343782425,-0.04635561145842075,0.04712777659296989,0.0,0.29545066356658933,-0.08367832861840725,-0.09603918343782425
4310,20.5625,-0.11665467917919159,-0.0466262798756361,0.0353798683732748,0.0,0.2970081627368927,-0.083802873454988,-0.11665467917919159
4320,28.65625,-0.10751849412918091,-0.04826966598629952,0.04890531413257122,0.0,0.29586864560842513,-0.08711189404129982,-0.10751849412918091
4330,15.15625,-0.13293683528900146,-0.052795374486595395,0.030665257014334202,0.0,0.29774763286113737,-0.08519864417612552,-0.13293683528900146
4340,26.28125,-0.11428308486938477,-0.03771331496536732,0.07642708234488964,0.0,0.29796050786972045,-0.08533083479851485,-0.11428308486938477
4350,20.5625,-0.10306084156036377,-0.0421450762078166,0.03135896008461714,0.0,0.2960443407297134,-0.09115360677242279,-0.10306084156036377
4360,18.625,-0.10859360545873642,-0.0470353901386261,0.027105299197137354,0.0,0.2939137265086174,-0.09287213869392871,-0.10859360545873642
4370,19.75,-0.10133800655603409,-0.04490453330799937,0.045615102536976336,0.0,0.2940064385533333,-0.08916971869766713,-0.10133800655603409
4380,21.71875,-0.09322656691074371,-0.031293191388249396,0.07782148160040378,0.0,0.29443604201078416,-0.09022501669824123,-0.09322656691074371
4390,21.28125,-0.10179629921913147,-0.043203810974955556,0.029735780879855157,0.0,0.2947972849011421,-0.09480618163943291,-0.10179629921913147
4400,18.53125,-0.10946029424667358,-0.047599328123033045,0.02716432772576809,0.0,0.29430955946445464,-0.09128063209354878,-0.10946029424667358
4410,21.9375,-0.10298091173171997,-0.029700983315706253,0.16960746347904204,0.0,0.29326818585395814,-0.0950184877961874,-0.10298091173171997
4420,24.8125,-0.08920542895793915,-0.044651166163384916,0.023763357661664486,0.0,0.2960814833641052,-0.08641301169991493,-0.08920542895793915
4430,16.28125,-0.11343846470117569,-0.044120645895600316,0.03285530880093575,0.0,0.294882544875145,-0.0927992831915617,-0.11343846470117569
4440,19.71875,-0.10517138242721558,-0.049025573674589394,0.0554924163967371,0.0,0.29289195239543914,-0.08752200081944465,-0.10517138242721558
4450,23.75,-0.10870890319347382,-0.04341098954901099,0.12324544563889503,0.0,0.2917511388659477,-0.09954354539513588,-0.10870890319347382
4460,20.28125,-0.10352747142314911,-0.044965093955397606,0.02612710166722536,0.0,0.29318899661302567,-0.08936487697064877,-0.10352747142314911
4470,21.125,-0.09278949350118637,-0.045460487715899944,0.03332211207598448,0.0,0.2947370171546936,-0.09304678961634635,-0.09278949350118637
4480,16.28125,-0.11642470955848694,-0.04074246846139431,0.0378337224945426,0.0,0.2934269532561302,-0.09347185231745243,-0.11642470955848694
4490,21.96875,-0.09374018013477325,-0.04129641782492399,0.05290978141129017,0.0,0.2932362794876099,-0.08797853887081146,-0.09374018013477325
4500,25.125,-0.10703083872795105,-0.04161136317998171,0.03037237245589495,0.0,0.29439398646354675,-0.0880330666899681,-0.10703083872795105
4510,18.375,-0.11162985861301422,-0.03798936381936073,0.0729005854576826,0.0,0.2954882949590683,-0.09576811790466308,-0.11162985861301422
4520,19.40625,-0.10924644768238068,-0.04387149158865213,0.0383911095559597,0.0,0.29498556107282636,-0.09146603606641293,-0.10924644768238068
4530,28.0,-0.09453339874744415,-0.0461434843018651,0.022786922939121722,0.0,0.2979723811149597,-0.09106218442320824,-0.09453339874744415
4540,21.09375,-0.09683375060558319,-0.04075202271342278,0.03279460035264492,0.0,0.29660381078720094,-0.09384609311819077,-0.09683375060558319
4550,29.84375,-0.09695523232221603,-0.0361517621204257,0.03449687585234642,0.0,0.3006313845515251,-0.08318887166678905,-0.09695523232221603
4560,18.65625,-0.10658656060695648,-0.046487867226824166,0.0287856163457036,0.0,0.3023940846323967,-0.08441357463598251,-0.10658656060695648
4570,18.5625,-0.09056642651557922,-0.046370768919587135,0.031611029990017414,0.0,0.30287071615457534,-0.08874279893934726,-0.09056642651557922
4580,29.21875,-0.09347549080848694,-0.03828767295926809,0.06014808788895607,0.0,0.3034375846385956,-0.08611895330250263,-0.09347549080848694
4590,23.8125,-0.10914317518472672,-0.028344288282096387,0.3028330743312836,0.0,0.30717064440250397,-0.08490122444927692,-0.10914317518472672
4600,28.3125,-0.10647498071193695,-0.03583438247442246,0.06522677950561047,0.0,0.306974296271801,-0.08535227533429861,-0.10647498071193695
4610,23.21875,-0.08113272488117218,-0.0411339670419693,0.04059494640678167,0.0,0.3103734254837036,-0.0758510909974575,-0.08113272488117218
4620,22.09375,-0.08312168717384338,-0.03985613565891981,0.031356663443148136,0.0,0.3067849472165108,-0.07793554067611694,-0.08312168717384338
4630,15.40625,-0.09402881562709808,-0.047716352995485066,0.023369664512574672,0.0,0.3058132708072662,-0.08712299186736346,-0.09402881562709808
4640,18.1875,-0.10574253648519516,-0.04776853919029236,0.027609342895448207,0.0,0.3052417352795601,-0.0825689509510994,-0.10574253648519516
4650,20.15625,-0.09165504574775696,-0.03872705195099115,0.05540473200380802,0.0,0.3048969998955727,-0.08399522006511688,-0.09165504574775696
4660,20.6875,-0.0832766741514206,-0.04315770193934441,0.03458416815847158,0.0,0.30439543426036836,-0.07976379375904799,-0.0832766741514206
4670,25.0,-0.1113479882478714,-0.034358672052621844,0.1853121191263199,0.0,0.3062253549695015,-0.0857695285230875,-0.1113479882478714
4680,22.625,-0.09543193876743317,-0.045527934283018115,0.036913051083683965,0.0,0.3084445059299469,-0.07572753448039293,-0.09543193876743317
4690,24.875,-0.09587489068508148,-0.03868118897080421,0.04129369333386421,0.0,0.30771877616643906,-0.07832428086549044,-0.09587489068508148
4700,23.59375,-0.10302810370922089,-0.04352841302752495,0.11456344351172447,0.0,0.30514928698539734,-0.08195578120648861,-0.10302810370922089
4710,20.78125,-0.10437265783548355,-0.02955760443583131,0.20134396888315678,0.0,0.30498644709587097,-0.08294711150228977,-0.10437265783548355
4720,22.28125,-0.07980440557003021,-0.04399832673370838,0.03045865725725889,0.0,0.305747988820076,-0.08201481960713863,-0.07980440557003021
4730,18.53125,-0.0990389734506607,-0.0506114736199379,0.028189883381128312,0.0,0.3079794019460678,-0.07880780138075352,-0.0990389734506607
4740,23.71875,-0.07734881341457367,-0.03692819382995367,0.03061518594622612,0.0,0.30934910029172896,-0.08200477063655853,-0.07734881341457367
4750,23.5,-0.07846616208553314,-0.04371256716549397,0.030012033879756927,0.0,0.3084862187504768,-0.08094844520092011,-0.07846616208553314
4760,23.03125,-0.10850916057825089,-0.03403165503405035,0.13304109796881675,0.0,0.30819520354270935,-0.08592732734978199,-0.10850916057825089
4770,24.0,-0.09207406640052795,-0.03340288856998086,0.2616663873195648,0.0,0.3070274978876114,-0.08800698332488537,-0.09207406640052795
4780,23.1875,-0.10170315206050873,-0.045359267853200436,0.08039959520101547,0.0,0.30669403076171875,-0.07875733934342861,-0.10170315206050873
4790,22.78125,-0.08958269655704498,-0.04448948260396719,0.04397840034216642,0.0,0.3066083550453186,-0.0789539759978652,-0.08958269655704498
4800,25.34375,-0.09939154237508774,-0.045859009772539136,0.026782373525202276,0.0,0.3054245516657829,-0.08419828061014414,-0.09939154237508774
4810,26.6875,-0.10256630182266235,-0.04609594959765673,0.032299930788576604,0.0,0.30621029138565065,-0.08247646354138852,-0.10256630182266235
4820,18.125,-0.09892073273658752,-0.04306016368791461,0.037204581685364245,0.0,0.306089985370636,-0.08033700920641422,-0.09892073273658752
4830,16.28125,-0.11627568304538727,-0.03741266056895256,0.17609650492668152,0.0,0.30521176010370255,-0.08594544008374214,-0.11627568304538727
4840,19.34375,-0.09768420457839966,-0.043207033351063726,0.0376395957544446,0.0,0.30475943386554716,-0.08366500288248062,-0.09768420457839966
4850,22.78125,-0.08266430348157883,-0.04856700263917446,0.02672108802944422,0.0,0.3070234790444374,-0.07657578326761723,-0.08266430348157883
4860,17.78125,-0.09357696771621704,-0.04313369588926434,0.06206087805330753,0.0,0.30629304200410845,-0.0828974248841405,-0.09357696771621704
4870,30.75,-0.08846746385097504,-0.05044266674667597,0.027873628959059715,0.0,0.30715708434581757,-0.08429707270115613,-0.08846746385097504
4880,30.46875,-0.07414912432432175,-0.046814304776489735,0.02220618613064289,0.0,0.30285018533468244,-0.08640351556241513,-0.07414912432432175
4890,17.21875,-0.08027736842632294,-0.04343800600618124,0.025510221533477307,0.0,0.3063430801033974,-0.07946283221244813,-0.08027736842632294
4900,23.8125,-0.09020103514194489,-0.036487978883087635,0.08655791394412518,0.0,0.30624528527259826,-0.08139800615608692,-0.09020103514194489
4910,26.71875,-0.10527214407920837,-0.0415798582136631,0.07303451597690583,0.0,0.30280310809612276,-0.0841732945293188,-0.10527214407920837
4920,26.75,-0.10364606976509094,-0.04183798246085644,0.16928968727588653,0.0,0.3031711235642433,-0.08171368148177863,-0.10364606976509094
4930,24.03125,-0.09931119531393051,-0.04444605284370482,0.03902810290455818,0.0,0.3024535536766052,-0.0899132190272212,-0.09931119531393051
4940,16.59375,-0.11981111764907837,-0.04775619748979807,0.03448093794286251,0.0,0.30147266387939453,-0.08986347801983356,-0.11981111764907837
4950,18.375,-0.08878659456968307,-0.03691531717777252,0.07845351956784725,0.0,0.3023299276828766,-0.09203841686248779,-0.08878659456968307
4960,27.84375,-0.09606791287660599,-0.03485876750200987,0.09476164653897286,0.0,0.3036090791225433,-0.09218297526240349,-0.09606791287660599
4970,21.96875,-0.10941436886787415,-0.03906653644517064,0.04851583130657673,0.0,0.30542090982198716,-0.08700021356344223,-0.10941436886787415
4980,16.375,-0.09469778835773468,-0.04053820073604584,0.05217830799520016,0.0,0.30492782294750215,-0.08522955477237701,-0.09469778835773468
4990,27.90625,-0.0862981304526329,-0.03015140499919653,0.23790040761232376,0.0,0.30465236902236936,-0.08632409162819385,-0.0862981304526329
5000,23.34375,-0.10836213827133179,-0.04518646877259016,0.05880446396768093,0.0,0.3028317913413048,-0.08892185650765896,-0.10836213827133179
5010,23.28125,-0.1121065691113472,-0.04661035127937794,0.03781832903623581,0.0,0.30433754771947863,-0.08669637925922871,-0.1121065691113472
5020,19.0,-0.10840120911598206,-0.039921147748827934,0.16050352156162262,0.0,0.30645384192466735,-0.08402487449347973,-0.10840120911598206
5030,20.59375,-0.09848567843437195,-0.04608737574890256,0.05140128917992115,0.0,0.3049207806587219,-0.08227476291358471,-0.09848567843437195
5040,15.34375,-0.10962171107530594,-0.0487458324059844,0.05574232265353203,0.0,0.3017518475651741,-0.09219288751482964,-0.10962171107530594
5050,24.25,-0.09600052982568741,-0.035807608347386125,0.05773438345640898,0.0,0.3047958672046661,-0.0886695671826601,-0.09600052982568741
5060,24.125,-0.07948527485132217,-0.043513260409235956,0.025148716196417807,0.0,0.30395093709230425,-0.0813371766358614,-0.07948527485132217
5070,23.125,-0.08884332329034805,-0.03565365094691515,0.2673092484474182,0.0,0.3052389442920685,-0.08759247325360775,-0.08884332329034805
5080,19.0,-0.09417431056499481,-0.046027257293462756,0.03847609497606754,0.0,0.3049507558345795,-0.08783158659934998,-0.09417431056499481
5090,20.4375,-0.09066875278949738,-0.030982290208339692,0.07464014273136854,0.0,0.3058774501085281,-0.08130733948200941,-0.09066875278949738
5100,21.125,-0.08697278797626495,-0.043464349769055846,0.03522917330265045,0.0,0.3052446752786636,-0.08261529169976711,-0.08697278797626495
5110,22.1875,-0.09669433534145355,-0.04460930032655597,0.03913397137075662,0.0,0.30629020035266874,-0.08576298002153634,-0.09669433534145355
5120,26.0,-0.07985194027423859,-0.042076758295297625,0.05265480130910873,0.0,0.3086881756782532,-0.07601117677986621,-0.07985194027423859
5130,20.53125,-0.09826363623142242,-0.03704614993184805,0.09008656293153763,0.0,0.3086584061384201,-0.0837419494986534,-0.09826363623142242
5140,19.9375,-0.08622177690267563,-0.0359954196959734,0.055541283637285235,0.0,0.30766510516405104,-0.07813274525105954,-0.08622177690267563
5150,19.125,-0.06998506188392639,-0.049919668771326545,0.036228605546057224,0.0,0.310383340716362,-0.07925304360687732,-0.06998506188392639
5160,19.90625,-0.08154590427875519,-0.039343473874032496,0.05973333790898323,0.0,0.31307347416877745,-0.07556434068828821,-0.08154590427875519
5170,21.78125,-0.09757035970687866,-0.03827146105468273,0.0529731972143054,0.0,0.3115962490439415,-0.08080590888857841,-0.09757035970687866
5180,23.78125,-0.08854499459266663,-0.0289448413066566,0.06887580752372742,0.0,0.3132282868027687,-0.07341383881866932,-0.08854499459266663
5190,20.53125,-0.07322188466787338,-0.03786314912140369,0.04888203572481871,0.0,0.31312289386987685,-0.07570632696151733,-0.07322188466787338
5200,25.0,-0.07182636111974716,-0.048080621659755705,0.02513304688036442,0.0,0.3116446241736412,-0.07654539849609136,-0.07182636111974716
5210,29.03125,-0.08720564842224121,-0.03978316118009388,0.035397352650761604,0.0,0.3104971408843994,-0.0785580413416028,-0.08720564842224121
5220,32.75,-0.09205017238855362,-0.02931255428120494,0.094906385242939,0.0,0.31031250655651094,-0.08442160636186599,-0.09205017238855362
5230,28.78125,-0.08262129873037338,-0.03512913363520056,0.05396239683032036,0.0,0.3084224358201027,-0.07518684137612582,-0.08262129873037338
5240,28.09375,-0.08895877003669739,-0.043151961639523506,0.020292853564023973,0.0,0.3131637334823608,-0.08023070022463799,-0.08895877003669739
5250,32.75,-0.07694852352142334,-0.0457195577211678,0.046320998668670656,0.0,0.3138128012418747,-0.07154851034283638,-0.07694852352142334
5260,37.3125,-0.0832955613732338,-0.04006201596930623,0.02559607345610857,0.0,0.31589866429567337,-0.07535232342779637,-0.0832955613732338
5270,16.625,-0.08514033257961273,-0.042695862241089344,0.04190576300024986,0.0,0.3131853833794594,-0.07743900679051877,-0.08514033257961273
5280,25.46875,-0.0794706866145134,-0.04698331691324711,0.025542540848255156,0.0,0.3139823377132416,-0.0727504437789321,-0.0794706866145134
5290,26.9375,-0.08095354586839676,-0.04557160641998052,0.03915712665766478,0.0,0.31475879848003385,-0.07342006284743548,-0.08095354586839676
5300,33.21875,-0.08810815215110779,-0.041800223477184775,0.040743999741971494,0.0,0.314324252307415,-0.07606079392135143,-0.08810815215110779
5310,28.1875,-0.07425905019044876,-0.04447216149419546,0.04127897806465626,0.0,0.3155829876661301,-0.07015358470380306,-0.07425905019044876
5320,23.03125,-0.09511074423789978,-0.03351715840399265,0.10325084924697876,0.0,0.31882776170969007,-0.0796668753027916,-0.09511074423789978
5330,20.5,-0.0976506844162941,-0.044938073679804805,0.021270419098436834,0.0,0.3186184838414192,-0.07202994674444199,-0.0976506844162941
5340,30.15625,-0.06538032740354538,-0.043460439145565036,0.01770290406420827,0.0,0.31345091164112093,-0.07848895397037267,-0.06538032740354538
5350,30.28125,-0.08897959440946579,-0.0405540557578206,0.20061097145080567,0.0,0.31436641961336137,-0.07687498424202203,-0.08897959440946579
5360,22.78125,-0.10189107805490494,-0.02997654937207699,0.22037340104579925,0.0,0.31518322676420213,-0.07884003203362226,-0.10189107805490494
5370,25.3125,-0.08612968027591705,-0.042905581183731556,0.03348825108259916,0.0,0.31582226008176806,-0.07329965978860856,-0.08612968027591705
5380,25.71875,-0.08853116631507874,-0.049075658246874806,0.01389531111344695,0.0,0.3144799038767815,-0.07828866764903068,-0.08853116631507874
5390,23.5,-0.08104798942804337,-0.03942880406975746,0.037932530231773856,0.0,0.31415350139141085,-0.0824110008776188,-0.08104798942804337
5400,24.875,-0.09242568910121918,-0.033257460594177245,0.04592184834182263,0.0,0.31736556589603426,-0.07537532523274422,-0.09242568910121918
5410,24.6875,-0.07225048542022705,-0.043989847088232635,0.031424290128052236,0.0,0.317838953435421,-0.07047533914446831,-0.07225048542022705
5420,18.0,-0.08469308912754059,-0.04761510509997606,0.04802023246884346,0.0,0.3202948302030563,-0.07108639404177666,-0.08469308912754059
5430,34.8125,-0.08563734591007233,-0.04629605710506439,0.02898792698979378,0.0,0.32089613378047943,-0.06481264252215624,-0.08563734591007233
5440,21.75,-0.07162155210971832,-0.04750351756811142,0.04726099856197834,0.0,0.3199750244617462,-0.06563571337610483,-0.07162155210971832
5450,26.59375,-0.0909419059753418,-0.04759742598980665,0.03635030798614025,0.0,0.3185485079884529,-0.06922861915081739,-0.0909419059753418
5460,36.0625,-0.06725789606571198,-0.04606600888073444,0.02904247473925352,0.0,0.3175304740667343,-0.07279830612242222,-0.06725789606571198
5470,26.40625,-0.09424233436584473,-0.04398613721132279,0.03531049638986587,0.0,0.3168481633067131,-0.07363403607159853,-0.09424233436584473
5480,29.3125,-0.07312121987342834,-0.04344616271555424,0.03657541982829571,0.0,0.3163635477423668,-0.07321875113993884,-0.07312121987342834
5490,34.4375,-0.0721108615398407,-0.04540701895020902,0.020726173743605615,0.0,0.31813435554504393,-0.07033365927636623,-0.0721108615398407
5500,42.3125,-0.06935839354991913,-0.04002723805606365,0.030145812779664993,0.0,0.3201620280742645,-0.0685710847377777,-0.06935839354991913
5510,21.6875,-0.09063123166561127,-0.04439924536272884,0.034505410864949224,0.0,0.3200666144490242,-0.07279273997992278,-0.09063123166561127
5520,29.9375,-0.09031222760677338,-0.05039165038615465,0.0257650051265955,0.0,0.31940114200115205,-0.08035006411373616,-0.09031222760677338
5530,35.75,-0.08590416610240936,-0.04188301973044872,0.020281182415783406,0.0,0.31802754253149035,-0.07223877273499965,-0.08590416610240936
5540,32.75,-0.10775789618492126,-0.03658538553863764,0.0902430310845375,0.0,0.3161711901426315,-0.07396104875952006,-0.10775789618492126
5550,30.84375,-0.09839669615030289,-0.03797751739621162,0.07315432764589787,0.0,0.31512930393218996,-0.08494130037724971,-0.09839669615030289
5560,65.125,-0.0925864726305008,-0.039184869080781934,0.03653051145374775,0.0,0.3152859449386597,-0.07290322221815586,-0.0925864726305008
5570,38.5,-0.07460565865039825,-0.049288558587431905,0.03317117039114237,0.0,0.3169578954577446,-0.07070026006549597,-0.07460565865039825
5580,21.46875,-0.08497632294893265,-0.04612075313925743,0.06505623571574688,0.0,0.31857333779335023,-0.08251250572502614,-0.08497632294893265
5590,26.375,-0.07493080943822861,-0.04523635562509298,0.02591059133410454,0.0,0.312873001396656,-0.08565786350518464,-0.07493080943822861
5600,32.125,-0.08851293474435806,-0.03237046599388123,0.06698400937020779,0.0,0.3152818694710732,-0.07898954898118973,-0.08851293474435806
5610,24.84375,-0.0981699675321579,-0.04666313081979752,0.024133528396487237,0.0,0.3165542960166931,-0.07742044609040022,-0.0981699675321579
5620,32.90625,-0.09622811526060104,-0.03130504740402103,0.11083922758698464,0.0,0.3180831760168076,-0.06845331955701113,-0.09622811526060104
5630,30.75,-0.07362663745880127,-0.04363932963460684,0.027813356555998325,0.0,0.3176175609230995,-0.07312710881233216,-0.07362663745880127
5640,32.59375,-0.07891197502613068,-0.03236765414476395,0.10533778443932533,0.0,0.3179121822118759,-0.0724611146375537,-0.07891197502613068
5650,52.0,-0.06742256879806519,-0.04305987162515521,0.015470227971673012,0.0,0.31657708436250687,-0.07625697758048773,-0.06742256879806519
5660,31.9375,-0.09002867341041565,-0.036769985873252156,0.10587739534676074,0.0,0.3177801564335823,-0.07889138869941234,-0.09002867341041565
5670,33.59375,-0.09788225591182709,-0.04818565212190151,0.050295738503336906,0.0,0.3177742585539818,-0.07686446569859981,-0.09788225591182709
5680,28.75,-0.09046632796525955,-0.03315745890140533,0.31549194157123567,0.0,0.31747133284807205,-0.07755031213164329,-0.09046632796525955
5690,31.0625,-0.11045940220355988,-0.04350904989987612,0.04772575125098229,0.0,0.31741505563259126,-0.07877993062138558,-0.11045940220355988
5700,27.21875,-0.09077547490596771,-0.04476437512785196,0.0663801919668913,0.0,0.31431510150432584,-0.07629359792917967,-0.09077547490596771
5710,37.5625,-0.09009215235710144,-0.046116077527403834,0.03205256368964911,0.0,0.31529674530029295,-0.07273816987872124,-0.09009215235710144
5720,22.78125,-0.07905156910419464,-0.0410744771361351,0.061882412433624266,0.0,0.314570939540863,-0.07897715140134096,-0.07905156910419464
5730,29.28125,-0.08687499165534973,-0.03160273320972919,0.1813016228377819,0.0,0.3146073162555695,-0.07721714451909065,-0.08687499165534973
5740,22.65625,-0.10664196312427521,-0.046947498759254816,0.04132178165018559,0.0,0.3132579937577248,-0.08116747196763754,-0.10664196312427521
5750,40.53125,-0.09841736406087875,-0.030785977374762297,0.3121388040482998,0.0,0.31292305439710616,-0.08001326620578766,-0.09841736406087875
5760,33.21875,-0.09228354692459106,-0.0492632545530796,0.03505062162876129,0.0,0.3111364796757698,-0.0791548766195774,-0.09228354692459106
5770,37.96875,-0.10224165767431259,-0.04204569179564714,0.03401836045086384,0.0,0.31228675991296767,-0.08351422809064388,-0.10224165767431259
5780,25.25,-0.1178126335144043,-0.037488195858895776,0.1586166463792324,0.0,0.31401866525411604,-0.08629466034471989,-0.1178126335144043
5790,27.8125,-0.09499315172433853,-0.05456099547445774,0.030852966383099555,0.0,0.3113251283764839,-0.0791106179356575,-0.09499315172433853
5800,37.09375,-0.09384587407112122,-0.051496518217027186,0.02403974961489439,0.0,0.31284830123186114,-0.08204337619245053,-0.09384587407112122
5810,29.0625,-0.08862358331680298,-0.047259686328470704,0.04038457348942757,0.0,0.31465489119291307,-0.0775257408618927,-0.08862358331680298
5820,27.3125,-0.09369093179702759,-0.04728174535557628,0.04950909577310085,0.0,0.31354762315750123,-0.08194210585206747,-0.09369093179702759
5830,28.96875,-0.07728399336338043,-0.04045754140242934,0.034846894443035126,0.0,0.312653386592865,-0.08445812985301018,-0.07728399336338043
5840,20.53125,-0.1166141927242279,-0.03669431805610657,0.22493438869714738,0.0,0.3166819244623184,-0.08091980312019587,-0.1166141927242279
5850,24.3125,-0.09433816373348236,-0.04624527841806412,0.028954542987048627,0.0,0.31753098517656325,-0.08391140475869178,-0.09433816373348236
5860,28.28125,-0.08716453611850739,-0.03321539973840117,0.08087718784809113,0.0,0.3180074363946915,-0.08589742258191109,-0.08716453611850739
5870,23.375,-0.07884413748979568,-0.04098608400672674,0.03101881630718708,0.0,0.319258251786232,-0.07812808081507683,-0.07884413748979568
5880,18.6875,-0.07821875810623169,-0.04505773056298494,0.034148269705474375,0.0,0.3186015337705612,-0.07622528690844774,-0.07821875810623169
5890,30.53125,-0.12062374502420425,-0.03579365462064743,0.33942692577838895,0.0,0.3172889664769173,-0.0883797500282526,-0.12062374502420425
5900,26.53125,-0.09518895298242569,-0.03702505715191364,0.12581783682107925,0.0,0.31656047999858855,-0.07482934035360814,-0.09518895298242569
5910,24.71875,-0.09770619869232178,-0.045328757353127004,0.04975214637815952,0.0,0.31741431802511216,-0.07835409790277481,-0.09770619869232178
5920,27.96875,-0.09259052574634552,-0.04169595520943403,0.04813455268740654,0.0,0.31724417954683304,-0.07757241223007441,-0.09259052574634552
5930,20.1875,-0.08785468339920044,-0.04366884157061577,0.04278802648186684,0.0,0.31844998598098756,-0.07570604179054499,-0.08785468339920044
5940,26.15625,-0.08103972673416138,-0.0352534357458353,0.05784035064280033,0.0,0.31930756121873854,-0.07579511739313602,-0.08103972673416138
5950,19.90625,-0.09214374423027039,-0.036593294609338044,0.16110235527157785,0.0,0.3188124135136604,-0.08131868913769721,-0.09214374423027039
5960,33.21875,-0.07520976662635803,-0.04639340583235026,0.040737127885222435,0.0,0.32078442722558975,-0.07177608981728553,-0.07520976662635803
5970,30.46875,-0.0783858448266983,-0.041370023787021634,0.06197014003992081,0.0,0.32088230103254317,-0.07387608047574759,-0.0783858448266983
5980,30.09375,-0.11415309458971024,-0.040051527228206395,0.16295527368783952,0.0,0.3217075988650322,-0.07294413950294257,-0.11415309458971024
5990,27.03125,-0.09387411177158356,-0.046412091702222824,0.03220566511154175,0.0,0.32000689655542375,-0.07905289884656667,-0.09387411177158356
6000,23.75,-0.0903572216629982,-0.0342835895717144,0.11750610768795014,0.0,0.3195785254240036,-0.07783740367740392,-0.0903572216629982
6010,29.625,-0.07536742091178894,-0.04730933988466859,0.06613188460469246,0.0,0.31991576999425886,-0.07639509215950965,-0.07536742091178894
6020,22.65625,-0.09864950180053711,-0.03834790205582976,0.08422866016626358,0.0,0.321352955698967,-0.07797331772744656,-0.09864950180053711
6030,42.625,-0.07719909399747849,-0.040229066461324695,0.06517639346420764,0.0,0.3231752723455429,-0.06939725745469331,-0.07719909399747849
6040,39.59375,-0.06569021195173264,-0.04946922566741705,0.03291775081306696,0.0,0.3242303177714348,-0.06856413204222918,-0.06569021195173264
6050,41.8125,-0.1054563969373703,-0.03663421678356826,0.3155831351876259,0.0,0.3246774211525917,-0.0787226740270853,-0.1054563969373703
6060,37.21875,-0.0919051468372345,-0.0370100487023592,0.17183997333049775,0.0,0.323564900457859,-0.06944702006876469,-0.0919051468372345
6070,39.125,-0.07869388163089752,-0.041356541216373444,0.031865844316780564,0.0,0.32461695224046705,-0.07144118864089251,-0.07869388163089752
6080,29.03125,-0.06759563088417053,-0.03544055074453354,0.10712263211607934,0.0,0.32599254250526427,-0.07119239829480647,-0.06759563088417053
6090,34.5,-0.0697634145617485,-0.04291255995631218,0.038405572064220905,0.0,0.3287990286946297,-0.06370876990258693,-0.0697634145617485
6100,52.6875,-0.08132615685462952,-0.04529494578018785,0.04094743560999632,0.0,0.3276310473680496,-0.07135285288095475,-0.08132615685462952
6110,26.375,-0.08205106854438782,-0.04599827043712139,0.04117809906601906,0.0,0.3268211856484413,-0.06242781691253185,-0.08205106854438782
6120,34.0,-0.08382812142372131,-0.05189303606748581,0.040519049018621446,0.0,0.32763063758611677,-0.0663789225742221,-0.08382812142372131
6130,34.6875,-0.07522429525852203,-0.04071795269846916,0.0726501066237688,0.0,0.32512233406305313,-0.07009075786918402,-0.07522429525852203
6140,30.46875,-0.08578220009803772,-0.03242798075079918,0.13076843917369843,0.0,0.3234119176864624,-0.06770571265369654,-0.08578220009803772
6150,22.84375,-0.084901362657547,-0.04571553347632289,0.04209274630993605,0.0,0.321966777741909,-0.07446476574987174,-0.084901362657547
6160,22.40625,-0.08655872941017151,-0.049112226255238055,0.04486169777810574,0.0,0.32114153653383254,-0.07658502496778966,-0.08655872941017151
6170,36.875,-0.07452918589115143,-0.04651415981352329,0.03337016180157661,0.0,0.32504461258649825,-0.07598927915096283,-0.07452918589115143
6180,19.71875,-0.09417608380317688,-0.030958563927561043,0.14647352322936058,0.0,0.32222322523593905,-0.07681777440011502,-0.09417608380317688
6190,34.84375,-0.07378414273262024,-0.047674284968525174,0.023540867678821086,0.0,0.3220549747347832,-0.07324444837868213,-0.07378414273262024
6200,31.21875,-0.06777969747781754,-0.04563346728682518,0.0349858483299613,0.0,0.3212905153632164,-0.0766040675342083,-0.06777969747781754
6210,35.75,-0.09409800171852112,-0.04428369924426079,0.047207966819405554,0.0,0.3222816824913025,-0.07146234009414912,-0.09409800171852112
6220,42.6875,-0.07924607396125793,-0.04549745246767998,0.02637817244976759,0.0,0.32204961478710176,-0.07545368392020464,-0.07924607396125793
6230,21.03125,-0.07701399177312851,-0.03255061581730843,0.05601564738899469,0.0,0.31894252449274063,-0.07672408930957317,-0.07701399177312851
6240,44.0625,-0.08302155882120132,-0.05231733210384846,0.024698519334197044,0.0,0.3223531126976013,-0.07407162245362997,-0.08302155882120132
6250,14.3125,-0.08292853832244873,-0.04990643113851547,0.056566528230905536,0.0,0.32035346925258634,-0.07733303736895322,-0.08292853832244873
6260,36.09375,-0.10244525223970413,-0.045916999131441115,0.05628247782588005,0.0,0.3217089056968689,-0.07489381283521652,-0.10244525223970413
6270,29.0,-0.08786475658416748,-0.04643075186759234,0.0722157247364521,0.0,0.3205366894602776,-0.07829465717077255,-0.08786475658416748
6280,27.9375,-0.07633188366889954,-0.046152427699416874,0.041116416454315186,0.0,0.3235475018620491,-0.07847097553312779,-0.07633188366889954
6290,20.3125,-0.09227516502141953,-0.03842066712677479,0.12022345364093781,0.0,0.3223791092634201,-0.0816066263243556,-0.09227516502141953
6300,24.40625,-0.09109004586935043,-0.04834538884460926,0.03446923438459635,0.0,0.3242710903286934,-0.07654352821409702,-0.09109004586935043
6310,25.5,-0.10133140534162521,-0.04663731586188078,0.06616713441908359,0.0,0.3247209846973419,-0.07708828505128622,-0.10133140534162521
6320,26.875,-0.08444385230541229,-0.041831166576594116,0.044300413504242894,0.0,0.3219500005245209,-0.072555036470294,-0.08444385230541229
6330,31.09375,-0.08952841907739639,-0.04319720510393381,0.05458375159651041,0.0,0.3240127101540565,-0.0792488433420658,-0.08952841907739639
6340,27.15625,-0.07993299514055252,-0.029672444425523282,0.2545399725437164,0.0,0.323270308971405,-0.0745022300630808,-0.07993299514055252
6350,27.0,-0.09811055660247803,-0.04923568265512586,0.0327831644564867,0.0,0.32463284879922866,-0.07584979236125947,-0.09811055660247803
6360,30.84375,-0.08349014818668365,-0.04969348423182964,0.03676735423505306,0.0,0.3260138794779778,-0.0737164681777358,-0.08349014818668365
6370,36.625,-0.07873797416687012,-0.04361514411866665,0.06081688776612282,0.0,0.3250193178653717,-0.07363023888319731,-0.07873797416687012
6380,26.78125,-0.10079863667488098,-0.035648470744490623,0.2799171507358551,0.0,0.3243733897805214,-0.08235185928642749,-0.10079863667488098
6390,43.0,-0.08614105731248856,-0.04312338610179722,0.0662823636084795,0.0,0.3236908093094826,-0.07508802823722363,-0.08614105731248856
6400,28.0,-0.08239126205444336,-0.03521921001374721,0.10314282812178135,0.0,0.3257563680410385,-0.0758793942630291,-0.08239126205444336
6410,30.28125,-0.08639112114906311,-0.0356505093164742,0.11038393899798393,0.0,0.3261693507432938,-0.07838054932653904,-0.08639112114906311
6420,21.25,-0.0981697142124176,-0.03568467544391751,0.04294539485126734,0.0,0.326712840795517,-0.0794368639588356,-0.0981697142124176
6430,25.1875,-0.08371776342391968,-0.03998409267514944,0.11945107430219651,0.0,0.32470133900642395,-0.07385578006505966,-0.08371776342391968
6440,31.5625,-0.07615537941455841,-0.04638440981507301,0.0590092733502388,0.0,0.3262766316533089,-0.07030497565865516,-0.07615537941455841
6450,28.96875,-0.07983355969190598,-0.04174758158624172,0.04867526888847351,0.0,0.3292467832565308,-0.07224398385733366,-0.07983355969190598
6460,31.34375,-0.06728115677833557,-0.04618850648403168,0.024787273816764356,0.0,0.3270144686102867,-0.07160713616758585,-0.06728115677833557
6470,24.46875,-0.0770416110754013,-0.04799714386463165,0.024608038179576398,0.0,0.3305333435535431,-0.06686637550592422,-0.0770416110754013
6480,34.25,-0.08430348336696625,-0.04497104324400425,0.031061205081641674,0.0,0.3306936681270599,-0.07226461470127106,-0.08430348336696625
6490,28.625,-0.07146814465522766,-0.04223619718104601,0.041192226111888885,0.0,0.33011220544576647,-0.0712537944316864,-0.07146814465522766
6500,27.5625,-0.08840642124414444,-0.05050696730613709,0.04114488959312439,0.0,0.329984912276268,-0.06557484678924083,-0.08840642124414444
6510,34.90625,-0.0757424533367157,-0.03629380762577057,0.05470842700451613,0.0,0.33099130988121034,-0.06745241936296224,-0.0757424533367157
6520,36.1875,-0.08296256512403488,-0.05054942974820733,0.028350452706217767,0.0,0.3304965510964394,-0.07234433609992266,-0.08296256512403488
6530,42.0625,-0.07247883826494217,-0.04580928534269333,0.03342845290899277,0.0,0.3327779233455658,-0.06481747515499592,-0.07247883826494217
6540,38.125,-0.08498778194189072,-0.04021379090845585,0.08550141900777816,0.0,0.33397120982408524,-0.06967051979154348,-0.08498778194189072
6550,39.0,-0.08683770149946213,-0.04221914801746607,0.02903474438935518,0.0,0.3358931034803391,-0.06471554189920425,-0.08683770149946213
6560,38.09375,-0.07518887519836426,-0.05031716302037239,0.02699953094124794,0.0,0.3334352418780327,-0.06680653411895036,-0.07518887519836426
6570,35.125,-0.08003072440624237,-0.046060338616371155,0.03805794548243284,0.0,0.33178892731666565,-0.07431917246431112,-0.08003072440624237
6580,47.25,-0.08256854116916656,-0.03536486234515905,0.08587475717067719,0.0,0.3317600443959236,-0.06698722802102566,-0.08256854116916656
6590,30.53125,-0.08135741949081421,-0.04594978941604495,0.022195896506309508,0.0,0.33385161608457564,-0.06636869236826896,-0.08135741949081421
6600,28.03125,-0.0762808620929718,-0.05261739231646061,0.03319803606718778,0.0,0.3327893078327179,-0.06473168693482875,-0.0762808620929718
6610,21.71875,-0.08931226283311844,-0.04343334538862109,0.05265891514718533,0.0,0.33229578733444215,-0.07622206695377827,-0.08931226283311844
6620,22.4375,-0.06974884122610092,-0.03764856141060591,0.15782327353954315,0.0,0.33203677237033846,-0.06796062868088484,-0.06974884122610092
6630,32.5,-0.07980850338935852,-0.030449960567057132,0.2287741880863905,0.0,0.3316435441374779,-0.07304897867143154,-0.07980850338935852
6640,31.125,-0.07421261072158813,-0.047510596457868814,0.029500060714781284,0.0,0.3315920665860176,-0.07190953232347966,-0.07421261072158813
6650,25.21875,-0.08432234823703766,-0.04490935411304235,0.04523914754390716,0.0,0.3309409558773041,-0.07117613814771176,-0.08432234823703766
6660,20.25,-0.08845169097185135,-0.03551933439448476,0.20433327853679656,0.0,0.3315973162651062,-0.07246427852660417,-0.08845169097185135
6670,35.03125,-0.085022933781147,-0.04755052123218775,0.033037279918789866,0.0,0.33057813048362733,-0.0717963682487607,-0.085022933781147
6680,27.0625,-0.08232787251472473,-0.04542775526642799,0.029615898616611958,0.0,0.3295360267162323,-0.06895960066467524,-0.08232787251472473
6690,31.5625,-0.07397507131099701,-0.048493248783051966,0.05129432342946529,0.0,0.33001469671726225,-0.06814297214150429,-0.07397507131099701
6700,21.375,-0.08618396520614624,-0.04587909746915102,0.033066594041883945,0.0,0.328582626581192,-0.07402489259839058,-0.08618396520614624
6710,31.09375,-0.09666299819946289,-0.03144495701417327,0.27956318855285645,0.0,0.3296212270855904,-0.07078673187643289,-0.09666299819946289
6720,15.34375,-0.12576454877853394,-0.0378382614813745,0.44218666702508924,0.0,0.3289824590086937,-0.07779610883444547,-0.12576454877853394
6730,29.875,-0.08605113625526428,-0.03050678428262472,0.20571602284908294,0.0,0.3293569505214691,-0.07276936508715152,-0.08605113625526428
6740,20.5625,-0.09263849258422852,-0.04914882425218821,0.051637358218431476,0.0,0.3300133466720581,-0.0756171965971589,-0.09263849258422852
6750,31.3125,-0.09995508193969727,-0.03605077089741826,0.13820067197084426,0.0,0.33273611068725584,-0.07048484403640032,-0.09995508193969727
6760,35.0625,-0.07893220335245132,-0.035280144214630126,0.08995640873908997,0.0,0.32997236400842667,-0.06831800807267427,-0.07893220335245132
6770,36.96875,-0.07347314804792404,-0.048250120226293804,0.031057389080524446,0.0,0.33253159672021865,-0.06657226886600257,-0.07347314804792404
6780,34.3125,-0.07130377739667892,-0.04176197536289692,0.07201709114015102,0.0,0.3348525851964951,-0.06413266789168119,-0.07130377739667892
6790,41.8125,-0.07595234364271164,-0.03542301063425839,0.18025208488106728,0.0,0.3332107424736023,-0.07044024486094713,-0.07595234364271164
6800,28.65625,-0.06059688329696655,-0.044629497453570366,0.01675216490402818,0.0,0.33603010326623917,-0.06870597284287214,-0.06059688329696655
6810,22.28125,-0.0936538353562355,-0.04657431114464998,0.07484689727425575,0.0,0.3388805463910103,-0.06259527076035738,-0.0936538353562355
6820,19.59375,-0.0920180007815361,-0.04756998606026173,0.028143922612071038,0.0,0.3367693454027176,-0.06746141370385886,-0.0920180007815361
6830,37.25,-0.07403354346752167,-0.05329077802598477,0.037752995267510414,0.0,0.33967709839344024,-0.06448160596191883,-0.07403354346752167
6840,22.8125,-0.07654503732919693,-0.04044274557381868,0.0763543751090765,0.0,0.33789422661066054,-0.06687230318784713,-0.07654503732919693
6850,29.09375,-0.08351932466030121,-0.040053739212453365,0.047744470089673995,0.0,0.33973027020692825,-0.07018592059612275,-0.08351932466030121
6860,26.09375,-0.0911782905459404,-0.03589663980528712,0.197954261302948,0.0,0.3395773857831955,-0.06856285873800516,-0.0911782905459404
6870,22.53125,-0.06824737787246704,-0.04707794263958931,0.04593129716813564,0.0,0.3392022714018822,-0.0709539033472538,-0.06824737787246704
6880,29.625,-0.07411938905715942,-0.04761164542287588,0.022744018584489822,0.0,0.33884655088186266,-0.06476885098963976,-0.07411938905715942
6890,28.34375,-0.08568328619003296,-0.029866822995245457,0.1341339021921158,0.0,0.34073335230350493,-0.0649981141090393,-0.08568328619003296
6900,26.25,-0.048804618418216705,-0.039492749236524106,0.033945651911199096,0.0,0.34080023914575575,-0.062317431531846525,-0.048804618418216705
6910,20.875,-0.10653597116470337,-0.028483737260103226,0.341577285528183,0.0,0.3395157977938652,-0.06547746993601322,-0.10653597116470337
6920,31.25,-0.07796825468540192,-0.04432930266484618,0.03399649895727634,0.0,0.33885135501623154,-0.06210588496178389,-0.07796825468540192
6930,21.34375,-0.0691312700510025,-0.04976347843185067,0.03279174510389567,0.0,0.33710867911577225,-0.06876039169728757,-0.0691312700510025
6940,28.875,-0.088577039539814,-0.04448631405830383,0.07278401739895343,0.0,0.3367970511317253,-0.06614327616989613,-0.088577039539814
6950,26.4375,-0.07040521502494812,-0.03747774288058281,0.06396824233233929,0.0,0.3384955167770386,-0.05910119954496622,-0.07040521502494812
6960,31.71875,-0.08002139627933502,-0.049657156132161616,0.037990768998861314,0.0,0.3424306079745293,-0.05945513136684895,-0.08002139627933502
6970,49.125,-0.06893149763345718,-0.04087216854095459,0.0630162850022316,0.0,0.3409373238682747,-0.06222730092704296,-0.06893149763345718
6980,62.125,-0.09253808110952377,-0.0485028650611639,0.03927966021001339,0.0,0.3421142384409904,-0.06687303241342306,-0.09253808110952377
6990,31.21875,-0.06187739223241806,-0.0462441036477685,0.04041733928024769,0.0,0.34248091131448744,-0.0559001998975873,-0.06187739223241806
7000,22.25,-0.08389988541603088,-0.04443702325224876,0.06835361830890178,0.0,0.3402581363916397,-0.060014262609183786,-0.08389988541603088
7010,29.875,-0.07941779494285583,-0.03122268235310912,0.10749428533017635,0.0,0.33883621990680696,-0.0677340453490615,-0.07941779494285583
7020,32.25,-0.0843343511223793,-0.036393882147967814,0.09414416886866092,0.0,0.33953185826539994,-0.06427206415683032,-0.0843343511223793
7030,25.0,-0.096824049949646,-0.030876326747238635,0.24936256557703018,0.0,0.33895314633846285,-0.06977222133427859,-0.096824049949646
7040,40.3125,-0.07992648333311081,-0.04508261978626251,0.032818062230944633,0.0,0.33878704309463503,-0.06507893726229667,-0.07992648333311081
7050,27.625,-0.07588601112365723,-0.053009241446852685,0.03725011721253395,0.0,0.3402887374162674,-0.060109169222414494,-0.07588601112365723
7060,36.03125,-0.08210837841033936,-0.028723128698766233,0.1190581388771534,0.0,0.341922165453434,-0.06540574487298727,-0.08210837841033936
7070,32.03125,-0.06987771391868591,-0.046030625328421594,0.04144133236259222,0.0,0.3445890977978706,-0.05450647361576557,-0.06987771391868591
7080,43.15625,-0.05499333143234253,-0.04282258581370115,0.07070535346865654,0.0,0.34679496586322783,-0.0545311015099287,-0.05499333143234253
7090,53.5625,-0.0701780766248703,-0.04611924681812525,0.04902375116944313,0.0,0.34560085237026217,-0.05919602587819099,-0.0701780766248703
7100,49.6875,-0.07211526483297348,-0.04167449325323105,0.07670445553958416,0.0,0.34822939336299896,-0.05937069896608591,-0.07211526483297348
7110,37.0,-0.08035381138324738,-0.0451396806165576,0.07285179793834687,0.0,0.344882994890213,-0.060606070794165134,-0.08035381138324738
7120,26.34375,-0.08178102970123291,-0.051637574285268786,0.031055162847042083,0.0,0.34100168794393537,-0.06482982691377401,-0.08178102970123291
7130,29.5,-0.07545396685600281,-0.04905857155099511,0.03232096899300814,0.0,0.3404498115181923,-0.07301650978624821,-0.07545396685600281
7140,33.90625,-0.08411428332328796,-0.050899286195635794,0.03355530183762312,0.0,0.33999482095241546,-0.06523121017962694,-0.08411428332328796
7150,33.96875,-0.0743841826915741,-0.04707610420882702,0.026609697565436363,0.0,0.33861520141363144,-0.07307550460100173,-0.0743841826915741
7160,53.25,-0.09088312089443207,-0.04871084429323673,0.03970088306814432,0.0,0.33921472877264025,-0.06517742611467839,-0.09088312089443207
7170,27.78125,-0.08265024423599243,-0.03395812008529901,0.14117892161011697,0.0,0.3378937989473343,-0.06991585660725833,-0.08265024423599243
7180,35.46875,-0.06118221580982208,-0.04098624205216765,0.09876319169998168,0.0,0.33954492062330244,-0.06381290517747402,-0.06118221580982208
7190,34.15625,-0.06721422076225281,-0.0440970603376627,0.031146852672100066,0.0,0.3397701919078827,-0.06981111112982034,-0.06721422076225281
7200,36.59375,-0.08268783241510391,-0.049798605218529704,0.025017347186803818,0.0,0.3416441708803177,-0.0660819673910737,-0.08268783241510391
7210,33.8125,-0.10160946846008301,-0.035381908528506756,0.31372927129268646,0.0,0.33884500712156296,-0.0686229532584548,-0.10160946846008301
7220,58.25,-0.08638666570186615,-0.04166524652391672,0.05001569017767906,0.0,0.33749920278787615,-0.07698588036000728,-0.08638666570186615
7230,32.15625,-0.06912887841463089,-0.048112228885293006,0.034159883856773376,0.0,0.3356233432888985,-0.0691456601023674,-0.06912887841463089
7240,35.125,-0.07257877290248871,-0.04576681107282639,0.04043645579367876,0.0,0.34043512493371964,-0.06100164838135243,-0.07257877290248871
7250,60.9375,-0.06045173853635788,-0.04572769589722157,0.019450447149574758,0.0,0.34158882647752764,-0.06480705253779888,-0.06045173853635788
7260,47.21875,-0.07025294005870819,-0.0389773104339838,0.09659888483583927,0.0,0.34034195393323896,-0.059949942491948606,-0.07025294005870819
7270,73.375,-0.06887337565422058,-0.0420445092022419,0.031713473983108996,0.0,0.3430314242839813,-0.0626520749181509,-0.06887337565422058
7280,55.875,-0.07266838848590851,-0.039867389015853405,0.11862138211727143,0.0,0.34360262751579285,-0.05980863980948925,-0.07266838848590851
7290,58.6875,-0.06029145419597626,-0.048058625869452955,0.015474202204495668,0.0,0.3449427232146263,-0.06174479182809591,-0.06029145419597626
7300,49.5625,-0.0710236206650734,-0.04191295132040977,0.0524037079885602,0.0,0.34596791714429853,-0.05836429111659527,-0.0710236206650734
7310,66.21875,-0.0951862633228302,-0.042882949113845825,0.05006716623902321,0.0,0.3447879359126091,-0.06467364951968194,-0.0951862633228302
7320,46.15625,-0.07047687470912933,-0.04430813454091549,0.05370113216340542,0.0,0.34061840623617173,-0.06416902262717486,-0.07047687470912933
7330,20.25,-0.08517059683799744,-0.04396754167973995,0.048501436784863475,0.0,0.34407354444265364,-0.06718359105288982,-0.08517059683799744
7340,22.5625,-0.07734191417694092,-0.04727378115057945,0.02989236619323492,0.0,0.34353006035089495,-0.06460661459714175,-0.07734191417694092
7350,26.625,-0.08458352833986282,-0.037392891570925714,0.11078941524028778,0.0,0.34137305021286013,-0.07396533600986004,-0.08458352833986282
7360,22.9375,-0.08949444442987442,-0.03266592472791672,0.1191787987947464,0.0,0.33926506638526915,-0.07444999963045121,-0.08949444442987442
7370,36.90625,-0.06367804110050201,-0.050996589846909045,0.02067848276346922,0.0,0.3389163315296173,-0.06510678734630346,-0.06367804110050201
7380,29.5625,-0.07284551858901978,-0.04020239599049091,0.12056882455945014,0.0,0.3400129333138466,-0.06844843532890081,-0.07284551858901978
7390,31.34375,-0.09465852379798889,-0.048799687437713145,0.027860725298523903,0.0,0.33835489153862,-0.07432097997516393,-0.09465852379798889
7400,39.3125,-0.07283681631088257,-0.04304277487099171,0.05292714238166809,0.0,0.33707770705223083,-0.07683534026145936,-0.07283681631088257
7410,36.84375,-0.08166897296905518,-0.03221238106489181,0.0933223556727171,0.0,0.33642939776182174,-0.07164193112403154,-0.08166897296905518
7420,28.0,-0.08072787523269653,-0.05002973936498165,0.04824185706675053,0.0,0.33829898089170457,-0.06772962957620621,-0.08072787523269653
7430,50.65625,-0.10053437203168869,-0.026754503417760134,0.9825574278831481,0.0,0.3384701803326607,-0.07169618085026741,-0.10053437203168869
7440,40.46875,-0.07717567682266235,-0.03282457198947668,0.11418689042329788,0.0,0.3396408200263977,-0.06764168925583362,-0.07717567682266235
7450,45.71875,-0.07533080130815506,-0.05112507604062557,0.031471718847751615,0.0,0.337309131026268,-0.07236796040087938,-0.07533080130815506
7460,23.3125,-0.09067338705062866,-0.04958994742482901,0.05003046877682209,0.0,0.33532112240791323,-0.07101149968802929,-0.09067338705062866
7470,32.84375,-0.08033811300992966,-0.048831785283982757,0.03443863242864609,0.0,0.3358283430337906,-0.06569963973015547,-0.08033811300992966
7480,35.1875,-0.06941774487495422,-0.05194069826975465,0.03535175025463104,0.0,0.33798616379499435,-0.06931930165737868,-0.06941774487495422
7490,26.5,-0.07048910856246948,-0.0354539574123919,0.0999806821346283,0.0,0.3380931630730629,-0.06614902690052986,-0.07048910856246948
7500,27.09375,-0.07922136038541794,-0.055805526301264764,0.022959324158728124,0.0,0.33973603397607804,-0.06741168778389692,-0.07922136038541794
7510,32.5,-0.0741213858127594,-0.04030964430421591,0.15888608619570732,0.0,0.3401259779930115,-0.06769124697893858,-0.0741213858127594
7520,35.03125,-0.070259690284729,-0.05018348284065723,0.04460987970232964,0.0,0.3391021266579628,-0.06666076891124248,-0.070259690284729
7530,49.09375,-0.06597825884819031,-0.04493964472785592,0.019077623076736928,0.0,0.3411052539944649,-0.060695063136518,-0.06597825884819031
7540,41.25,-0.06294047087430954,-0.050376052781939504,0.05917903818190098,0.0,0.34069577902555465,-0.06424313690513372,-0.06294047087430954
7550,35.15625,-0.06813368201255798,-0.04665747527033091,0.06523901559412479,0.0,0.3392191708087921,-0.06886210683733225,-0.06813368201255798
7560,30.84375,-0.07892860472202301,-0.04812295138835907,0.058074212074279784,0.0,0.339508618414402,-0.06103594191372395,-0.07892860472202301
7570,40.9375,-0.057214293628931046,-0.045363541878759864,0.031607449613511564,0.0,0.34308208227157594,-0.06203036606311798,-0.057214293628931046
7580,58.28125,-0.07180000096559525,-0.030703070946037768,0.10198507830500603,0.0,0.342929245531559,-0.06203967072069645,-0.07180000096559525
7590,48.625,-0.06237609684467316,-0.047225702088326216,0.04661523532122373,0.0,0.3447301387786865,-0.060635685361921786,-0.06237609684467316
7600,51.0625,-0.06903615593910217,-0.04901232812553644,0.027777931466698647,0.0,0.34345710426568987,-0.06874246671795844,-0.06903615593910217
7610,66.875,-0.07555779069662094,-0.05283684898167849,0.024118338525295258,0.0,0.3425138100981712,-0.06745745502412319,-0.07555779069662094
7620,42.28125,-0.06935618817806244,-0.028600948117673396,0.1666579268872738,0.0,0.3446254849433899,-0.06531085763126612,-0.06935618817806244
7630,49.28125,-0.07245175540447235,-0.046735442243516445,0.032161928713321686,0.0,0.3415893197059631,-0.07386390175670385,-0.07245175540447235
7640,70.3125,-0.07013378292322159,-0.04196265833452344,0.04869454242289066,0.0,0.3423368319869041,-0.0648017805069685,-0.07013378292322159
7650,67.3125,-0.06911609321832657,-0.04948927089571953,0.029606894589960575,0.0,0.3461960002779961,-0.06507851406931878,-0.06911609321832657
7660,34.3125,-0.08096984028816223,-0.047853784449398515,0.07807120718061925,0.0,0.3487307071685791,-0.058937981352210046,-0.08096984028816223
7670,41.90625,-0.06481011211872101,-0.04835821595042944,0.04299418777227402,0.0,0.345290932059288,-0.060973779670894145,-0.06481011211872101
7680,35.03125,-0.060943491756916046,-0.03541288916021586,0.04648487642407417,0.0,0.3476022303104401,-0.06350892260670662,-0.060943491756916046
7690,32.53125,-0.07355742156505585,-0.033873920794576406,0.05520327426493168,0.0,0.34580666571855545,-0.057783817127346995,-0.07355742156505585
7700,43.59375,-0.06489930301904678,-0.04399215318262577,0.03239447623491287,0.0,0.34875893890857695,-0.06336211916059256,-0.06489930301904678
7710,48.90625,-0.06525129079818726,-0.04853048659861088,0.024186898581683637,0.0,0.3452400967478752,-0.06064212191849947,-0.06525129079818726
7720,34.875,-0.06773775070905685,-0.05113987009972334,0.0318561976775527,0.0,0.34480240792036054,-0.05954317301511765,-0.06773775070905685
7730,37.28125,-0.06471262127161026,-0.05129957534372807,0.041648921370506284,0.0,0.3443032130599022,-0.061135622300207616,-0.06471262127161026
7740,64.46875,-0.05777883529663086,-0.043396944925189015,0.15512405037879945,0.0,0.3476824820041656,-0.05854168683290482,-0.05777883529663086
7750,52.5,-0.06679193675518036,-0.052462660055607555,0.02536364458501339,0.0,0.347351136803627,-0.06108290478587151,-0.06679193675518036
7760,41.40625,-0.08942883461713791,-0.03457591226324439,0.0943903136998415,0.0,0.3476616933941841,-0.06707752887159586,-0.08942883461713791
7770,33.875,-0.07275140285491943,-0.04584728591144085,0.05842598080635071,0.0,0.3458762258291245,-0.05806993283331394,-0.07275140285491943
7780,39.75,-0.08452610671520233,-0.0473573992960155,0.03675316628068685,0.0,0.34760689586400983,-0.06531308144330979,-0.08452610671520233
7790,27.3125,-0.07208973169326782,-0.03654876369982958,0.04777654111385345,0.0,0.34445029944181443,-0.0757115239277482,-0.07208973169326782
7800,32.6875,-0.08633735775947571,-0.03952695857733488,0.09435443542897701,0.0,0.3492793902754784,-0.06331436261534691,-0.08633735775947571
7810,42.5,-0.04819725081324577,-0.04646010147407651,0.025109790079295636,0.0,0.3491334140300751,-0.058476224355399606,-0.04819725081324577
7820,37.65625,-0.07755777984857559,-0.04819198083132505,0.023706125281751155,0.0,0.3495840758085251,-0.06565228998661041,-0.07755777984857559
7830,25.4375,-0.06662943214178085,-0.049412557668983934,0.038301320560276506,0.0,0.35015208274126053,-0.06605171896517277,-0.06662943214178085
7840,29.6875,-0.06463120877742767,-0.048363601230084895,0.022378285229206086,0.0,0.34732815623283386,-0.0624179745092988,-0.06463120877742767
7850,28.65625,-0.08248025178909302,-0.04538796646520495,0.05529522113502026,0.0,0.34466988891363143,-0.07119622770696879,-0.08248025178909302
7860,29.03125,-0.07323336601257324,-0.045120423659682274,0.0511894766241312,0.0,0.34618846476078036,-0.0629816958680749,-0.07323336601257324
7870,27.78125,-0.06003517284989357,-0.04637848567217588,0.035012627579271795,0.0,0.3452336832880974,-0.060166768915951255,-0.06003517284989357
7880,28.03125,-0.0674314945936203,-0.04860822558403015,0.037574103474617,0.0,0.34418701827526094,-0.07303401511162519,-0.0674314945936203
7890,33.90625,-0.05152316763997078,-0.046312534250319004,0.024173559807240962,0.0,0.34645369052886965,-0.06780901663005352,-0.05152316763997078
7900,30.65625,-0.06398014724254608,-0.05154803302139044,0.03321603611111641,0.0,0.3473036661744118,-0.06276999432593584,-0.06398014724254608
7910,22.40625,-0.0731521025300026,-0.050095274671912195,0.03587915562093258,0.0,0.3443067416548729,-0.06795115228742361,-0.0731521025300026
7920,27.5,-0.08792456984519958,-0.03974688332527876,0.04812929071485996,0.0,0.3449926093220711,-0.07377608940005302,-0.08792456984519958
7930,25.75,-0.07505111396312714,-0.050037569366395473,0.04266299270093441,0.0,0.3455289304256439,-0.06575519051402808,-0.07505111396312714
7940,43.84375,-0.06889542937278748,-0.051330986246466634,0.01918852888047695,0.0,0.3502142995595932,-0.06416631583124399,-0.06889542937278748
7950,40.65625,-0.056716643273830414,-0.03461191896349192,0.08950889706611634,0.0,0.35172117203474046,-0.05725705102086067,-0.056716643273830414
7960,45.0,-0.05917414650321007,-0.03664139742031693,0.04502760767936707,0.0,0.3544170007109642,-0.05809030998498201,-0.05917414650321007
7970,44.28125,-0.08281771093606949,-0.038547202944755554,0.11140374466776848,0.0,0.3539506748318672,-0.0601881692185998,-0.08281771093606949
7980,32.0,-0.06151258200407028,-0.049025840032845734,0.029662861302495003,0.0,0.3550563305616379,-0.051754898950457574,-0.06151258200407028
7990,33.0,-0.07724091410636902,-0.0461498411372304,0.06218651793897152,0.0,0.3522305190563202,-0.05572502091526985,-0.07724091410636902
8000,29.125,-0.056758370250463486,-0.04953908063471317,0.025656033866107465,0.0,0.35042748153209685,-0.06424287240952253,-0.056758370250463486
8010,30.96875,-0.09082741290330887,-0.027462609857320786,0.16326483190059662,0.0,0.35240498185157776,-0.06861247364431619,-0.09082741290330887
8020,38.125,-0.05600957199931145,-0.05130703607574105,0.02253578305244446,0.0,0.351859875023365,-0.05618820805102587,-0.05600957199931145
8030,57.25,-0.06091424077749252,-0.050645736977458,0.04177003372460604,0.0,0.3587086141109467,-0.04978987630456686,-0.06091424077749252
8040,31.90625,-0.07455520331859589,-0.04546865206211805,0.050640277191996576,0.0,0.35821189284324645,-0.05725393034517765,-0.07455520331859589
8050,36.4375,-0.06188156083226204,-0.05319511815905571,0.021852390095591544,0.0,0.35875578969717026,-0.06090552806854248,-0.06188156083226204
8060,30.1875,-0.05896444246172905,-0.04992451816797257,0.028435011208057404,0.0,0.35940074622631074,-0.05135176684707403,-0.05896444246172905
8070,46.40625,-0.06958892941474915,-0.04787223637104034,0.039749492332339285,0.0,0.35858754962682726,-0.05245908759534359,-0.06958892941474915
8080,50.09375,-0.05370856821537018,-0.026566215977072715,0.3383617699146271,0.0,0.35629402846097946,-0.052188171073794365,-0.05370856821537018
8090,50.53125,-0.09652579575777054,-0.026478759851306675,0.8024902939796448,0.0,0.35906968265771866,-0.0585316683165729,-0.09652579575777054
8100,36.9375,-0.043635785579681396,-0.050355462729930876,0.02804755624383688,0.0,0.3620022177696228,-0.047329577058553694,-0.043635785579681396
8110,36.6875,-0.06383205950260162,-0.049999413453042506,0.023186562396585942,0.0,0.35995541214942933,-0.05177825838327408,-0.06383205950260162
8120,33.0,-0.0651862770318985,-0.03345784661360085,0.15833739712834358,0.0,0.35921132266521455,-0.047190502658486365,-0.0651862770318985
8130,43.84375,-0.05716866999864578,-0.0453540213406086,0.02779575977474451,0.0,0.3589086547493935,-0.045766367204487325,-0.05716866999864578
8140,30.40625,-0.0672377347946167,-0.04444094775244593,0.09078011512756348,0.0,0.3542024701833725,-0.055901934206485746,-0.0672377347946167
8150,31.375,-0.06560441851615906,-0.04366050865501166,0.04622437749058008,0.0,0.35570563971996305,-0.05744258146733046,-0.06560441851615906
8160,56.8125,-0.058835454285144806,-0.04669910557568073,0.01534983590245247,0.0,0.3550214633345604,-0.05450057089328766,-0.058835454285144806
8170,49.21875,-0.07057417929172516,-0.05135725159198046,0.025693661533296108,0.0,0.35443811416625975,-0.056226946972310544,-0.07057417929172516
8180,55.75,-0.06609577685594559,-0.03826967803761363,0.10507027134299278,0.0,0.35122506469488146,-0.05700940415263176,-0.06609577685594559
8190,45.40625,-0.05854606255888939,-0.05395991513505578,0.020763899199664593,0.0,0.35370805859565735,-0.06521234810352325,-0.05854606255888939
8200,41.71875,-0.06742818653583527,-0.05164566729217768,0.01960173584520817,0.0,0.3565896227955818,-0.06170216929167509,-0.06742818653583527
8210,43.375,-0.06392042338848114,-0.04657037612050772,0.01942602079361677,0.0,0.3542721316218376,-0.05875455550849438,-0.06392042338848114
8220,35.4375,-0.07284016907215118,-0.05218142438679933,0.038063039816915986,0.0,0.3529361769556999,-0.062051056139171126,-0.07284016907215118
8230,53.90625,-0.06642583757638931,-0.051937324553728105,0.027934829331934453,0.0,0.3524035006761551,-0.060160652920603755,-0.06642583757638931
8240,31.375,-0.09385637193918228,-0.03683948386460543,0.17216990441083907,0.0,0.35319955497980116,-0.05922096595168114,-0.09385637193918228
8250,43.28125,-0.07262448966503143,-0.056065010651946065,0.03887213487178087,0.0,0.3514221101999283,-0.06217170096933842,-0.07262448966503143
8260,33.28125,-0.07841537892818451,-0.04729932341724634,0.03841358944773674,0.0,0.35196054726839066,-0.05817207545042038,-0.07841537892818451
8270,37.84375,-0.06748490035533905,-0.042144874855875966,0.061156851798295976,0.0,0.353678934276104,-0.059607405588030814,-0.06748490035533905
8280,39.75,-0.07201375812292099,-0.050663139671087265,0.06259893886744976,0.0,0.35375998020172117,-0.06287003885954619,-0.07201375812292099
8290,29.03125,-0.060872092843055725,-0.05083234291523695,0.039956274628639224,0.0,0.35610771030187605,-0.05441792402416468,-0.060872092843055725
8300,28.71875,-0.07360030710697174,-0.04088018834590912,0.1516543559730053,0.0,0.3586501836776733,-0.0586194921284914,-0.07360030710697174
8310,41.125,-0.05744808912277222,-0.05416580531746149,0.028944395296275616,0.0,0.35957114696502684,-0.05255525875836611,-0.05744808912277222
8320,25.375,-0.06379911303520203,-0.04948636246845126,0.03243105299770832,0.0,0.3583109527826309,-0.05266581084579229,-0.06379911303520203
8330,34.3125,-0.06204843893647194,-0.05031398572027683,0.03077351599931717,0.0,0.3575371980667114,-0.058132439851760864,-0.06204843893647194
8340,39.84375,-0.07366470992565155,-0.049846327491104604,0.05825400911271572,0.0,0.35702122896909716,-0.05638029873371124,-0.07366470992565155
8350,48.625,-0.0468081571161747,-0.04473571702837944,0.04418604075908661,0.0,0.3599048390984535,-0.05077576152980327,-0.0468081571161747
8360,35.90625,-0.06652478873729706,-0.043213576171547176,0.07151679508388042,0.0,0.36020402908325194,-0.054583168029785155,-0.06652478873729706
8370,39.6875,-0.06261107325553894,-0.04271910460665822,0.034292453713715074,0.0,0.35612585991621015,-0.0587132815271616,-0.06261107325553894
8380,34.0625,-0.07279688119888306,-0.04060252215713263,0.03789874315261841,0.0,0.35731691122055054,-0.058259391225874424,-0.07279688119888306
8390,21.21875,-0.07301204651594162,-0.051952180452644825,0.028001418337225914,0.0,0.3552660346031189,-0.058969108201563356,-0.07301204651594162
8400,38.40625,-0.05719922482967377,-0.04246406862512231,0.08770512416958809,0.0,0.35311959534883497,-0.05706275664269924,-0.05719922482967377
8410,36.34375,-0.056137584149837494,-0.04245341755449772,0.031100477464497088,0.0,0.3545305132865906,-0.06236855834722519,-0.056137584149837494
8420,17.3125,-0.07415220141410828,-0.053291802667081355,0.04315229132771492,0.0,0.3568670660257339,-0.05196041446179152,-0.07415220141410828
8430,29.03125,-0.07626227289438248,-0.04736018106341362,0.055273798294365406,0.0,0.3550020903348923,-0.05864259302616119,-0.07626227289438248
8440,34.75,-0.06699490547180176,-0.05450111576355994,0.044816916435956956,0.0,0.3551140263676643,-0.05635082237422466,-0.06699490547180176
8450,31.5625,-0.07235485315322876,-0.0551550280302763,0.03281601518392563,0.0,0.3526910737156868,-0.051692239567637445,-0.07235485315322876
8460,26.46875,-0.06269543617963791,-0.047753975912928584,0.06014360710978508,0.0,0.35345434248447416,-0.056440991908311845,-0.06269543617963791
8470,33.40625,-0.07430131733417511,-0.04827913511544466,0.05177055075764656,0.0,0.3552776977419853,-0.05100553948432207,-0.07430131733417511
8480,35.25,-0.054543592035770416,-0.04855222199112177,0.024364592880010603,0.0,0.35711115002632143,-0.056277868896722795,-0.054543592035770416
8490,26.84375,-0.08514120429754257,-0.04413323439657688,0.03813764490187168,0.0,0.35694666802883146,-0.059029019065201284,-0.08514120429754257
8500,27.28125,-0.04254906252026558,-0.0458546225912869,0.029676897637546062,0.0,0.354267892241478,-0.05664148470386863,-0.04254906252026558
8510,33.28125,-0.05707814544439316,-0.058820941112935544,0.03434663359075785,0.0,0.35541742742061616,-0.05774072296917439,-0.05707814544439316
8520,26.53125,-0.06645537912845612,-0.049647978506982327,0.03466902170330286,0.0,0.35473261773586273,-0.0586970517411828,-0.06645537912845612
8530,40.3125,-0.06573309004306793,-0.04600931406021118,0.039805625565350056,0.0,0.35750340968370437,-0.05527874641120434,-0.06573309004306793
8540,42.375,-0.062123045325279236,-0.04392307782545686,0.04063521362841129,0.0,0.35596462339162827,-0.06020375695079565,-0.062123045325279236
8550,34.625,-0.07915318012237549,-0.04046586956828833,0.08964399211108684,0.0,0.3583577528595924,-0.05688386093825102,-0.07915318012237549
8560,32.28125,-0.068743996322155,-0.027529953606426717,0.19760107696056367,0.0,0.3564170241355896,-0.05842785071581602,-0.068743996322155
8570,24.21875,-0.07141879200935364,-0.050156707689166066,0.033173791132867336,0.0,0.3551155745983124,-0.055329646728932855,-0.07141879200935364
8580,34.6875,-0.05937720090150833,-0.04709831550717354,0.03581276461482048,0.0,0.35886735320091245,-0.056605507619678974,-0.05937720090150833
8590,51.8125,-0.05319499596953392,-0.045232792012393476,0.030803956277668475,0.0,0.36044770032167434,-0.0510116608813405,-0.05319499596953392
8600,27.5625,-0.07814281433820724,-0.048183091543614866,0.0596625991165638,0.0,0.36115395128726957,-0.05176962595432997,-0.07814281433820724
8610,39.875,-0.06225576996803284,-0.04769345726817846,0.059786084294319156,0.0,0.3620024248957634,-0.04901978503912687,-0.06225576996803284
8620,37.53125,-0.10616910457611084,-0.03251644186675549,0.25301343500614165,0.0,0.36007285565137864,-0.05344809219241142,-0.10616910457611084
8630,24.46875,-0.07024674117565155,-0.030686790822073817,0.3035538628697395,0.0,0.3598937809467316,-0.04686456248164177,-0.07024674117565155
8640,34.59375,-0.05363703519105911,-0.05017444295808673,0.030074232444167136,0.0,0.3606370225548744,-0.04997313283383846,-0.05363703519105911
8650,43.59375,-0.04829021543264389,-0.04892413001507521,0.024463523738086225,0.0,0.36201070696115495,-0.050183589570224285,-0.04829021543264389
8660,39.34375,-0.05686987563967705,-0.04949207119643688,0.022017722949385643,0.0,0.36054974645376203,-0.04877577079460025,-0.05686987563967705
8670,29.90625,-0.0673060491681099,-0.050462544336915015,0.026011415757238865,0.0,0.3587545782327652,-0.05628095176070928,-0.0673060491681099
8680,40.1875,-0.07220186293125153,-0.04538225764408708,0.06792901903390884,0.0,0.3584727108478546,-0.05181215349584818,-0.07220186293125153
8690,38.03125,-0.07507093995809555,-0.05295248087495565,0.03899625688791275,0.0,0.3601828560233116,-0.05393609218299389,-0.07507093995809555
8700,49.90625,-0.0536937490105629,-0.04971744678914547,0.03269749172031879,0.0,0.357182078063488,-0.059693066962063314,-0.0536937490105629
8710,65.4375,-0.056105613708496094,-0.04016660675406456,0.0361217362806201,0.0,0.3600169450044632,-0.055674117244780066,-0.056105613708496094
8720,74.6875,-0.07778339087963104,-0.035939760878682135,0.17500321567058563,0.0,0.35652400851249694,-0.056634253077209,-0.07778339087963104
8730,65.90625,-0.04923151060938835,-0.045514106005430224,0.04771790727972984,0.0,0.3596067324280739,-0.053026153706014156,-0.04923151060938835
8740,72.1875,-0.08003051578998566,-0.02563842888921499,0.6463527321815491,0.0,0.3628963202238083,-0.05248330403119326,-0.08003051578998566
8750,40.84375,-0.07812444865703583,-0.03891544919461012,0.08956354595720768,0.0,0.361619608104229,-0.055841926112771036,-0.07812444865703583
8760,37.4375,-0.07269678264856339,-0.05523234540596604,0.035706603154540065,0.0,0.3594658121466637,-0.057400029711425306,-0.07269678264856339
8770,33.9375,-0.07900112122297287,-0.046862202882766726,0.07603768110275269,0.0,0.3606558248400688,-0.06174027435481548,-0.07900112122297287
8780,41.71875,-0.05735759437084198,-0.04874807009473443,0.03746405430138111,0.0,0.3573629766702652,-0.06297378912568093,-0.05735759437084198
8790,80.09375,-0.07008461654186249,-0.04663702249526978,0.02422347031533718,0.0,0.35674960613250734,-0.055225135013461116,-0.07008461654186249
8800,56.15625,-0.06444725394248962,-0.04435167368501425,0.059548094123601916,0.0,0.3589485391974449,-0.052095902338624,-0.06444725394248962
8810,60.15625,-0.0649561956524849,-0.047714163549244404,0.08344014771282673,0.0,0.3602060541510582,-0.05080299898982048,-0.0649561956524849
8820,61.84375,-0.0631418526172638,-0.032109576463699344,0.0817185528576374,0.0,0.3615740031003952,-0.054592314548790453,-0.0631418526172638
8830,61.25,-0.06434738636016846,-0.038489734102040526,0.14720426239073275,0.0,0.3603143721818924,-0.0505951264873147,-0.06434738636016846
8840,57.875,-0.07676199078559875,-0.04314924385398626,0.10448986440896987,0.0,0.3613429665565491,-0.05456731487065554,-0.07676199078559875
8850,39.625,-0.06575222313404083,-0.04827029751613736,0.04398417733609676,0.0,0.3606889396905899,-0.05486357007175684,-0.06575222313404083
8860,71.6875,-0.05100104957818985,-0.052896882966160776,0.041683721169829366,0.0,0.3608913168311119,-0.05368582177907229,-0.05100104957818985
8870,56.0625,-0.05658181011676788,-0.04014585092663765,0.19663295596837999,0.0,0.36223818361759186,-0.055378973670303824,-0.05658181011676788
8880,35.84375,-0.06762948632240295,-0.0515081774443388,0.06873945780098438,0.0,0.3635731518268585,-0.04801236446946859,-0.06762948632240295
8890,53.84375,-0.06053577736020088,-0.044371552765369415,0.052983532473444936,0.0,0.36432170271873476,-0.05132995201274752,-0.06053577736020088
8900,31.625,-0.05761323869228363,-0.046969852223992345,0.0504157692193985,0.0,0.3623581603169441,-0.05637080986052752,-0.05761323869228363
8910,34.84375,-0.06166291981935501,-0.047625267319381236,0.05619077794253826,0.0,0.3638609007000923,-0.05283611491322517,-0.06166291981935501
8920,35.71875,-0.06995272636413574,-0.04890059158205986,0.05860554948449135,0.0,0.36272064298391343,-0.05941044222563505,-0.06995272636413574
8930,42.59375,-0.06161092221736908,-0.047179007343947886,0.043398560211062434,0.0,0.3627264410257339,-0.055325284413993356,-0.06161092221736908
8940,44.25,-0.07464616000652313,-0.04856523219496012,0.029725783690810203,0.0,0.3596097558736801,-0.058106354996562005,-0.07464616000652313
8950,27.9375,-0.05654040724039078,-0.03968148604035378,0.06253709569573403,0.0,0.3575102373957634,-0.06186425536870956,-0.05654040724039078
8960,29.3125,-0.09328019618988037,-0.03477529734373093,0.17123967185616493,0.0,0.35533096045255663,-0.05781728271394968,-0.09328019618988037
8970,41.53125,-0.05983538180589676,-0.04152017682790756,0.08421676866710186,0.0,0.3578577503561974,-0.06081034988164902,-0.05983538180589676
8980,35.5,-0.05685950815677643,-0.04920188598334789,0.05437898188829422,0.0,0.3556171029806137,-0.06950532533228397,-0.05685950815677643
8990,40.40625,-0.06982201337814331,-0.049966296181082726,0.02729618288576603,0.0,0.35906744599342344,-0.06363605931401253,-0.06982201337814331
9000,36.4375,-0.08206531405448914,-0.04528137650340795,0.07000142782926559,0.0,0.3564761832356453,-0.06404275111854077,-0.08206531405448914
9010,33.53125,-0.07883191108703613,-0.03972464883700013,0.035305851697921754,0.0,0.3582944929599762,-0.057530326582491395,-0.07883191108703613
9020,32.625,-0.07812894880771637,-0.04842232083901763,0.047412313893437384,0.0,0.35471090525388715,-0.06585362367331982,-0.07812894880771637
9030,37.90625,-0.07208181917667389,-0.04653165135532618,0.026612718775868415,0.0,0.3545175090432167,-0.06493505034595728,-0.07208181917667389
9040,38.6875,-0.08944618701934814,-0.03660076558589935,0.05222087893635034,0.0,0.356160806119442,-0.0666891023516655,-0.08944618701934814
9050,37.84375,-0.07156281918287277,-0.030479796789586545,0.7551703661680221,0.0,0.3580952763557434,-0.05898588392883539,-0.07156281918287277
9060,32.5,-0.06911595165729523,-0.04398574698716402,0.032212613895535466,0.0,0.3569666564464569,-0.06296297647058964,-0.06911595165729523
9070,36.59375,-0.07776045799255371,-0.05783068295568228,0.024834966100752354,0.0,0.35310947746038435,-0.06427188217639923,-0.07776045799255371
9080,34.375,-0.08030185103416443,-0.029803227819502353,0.46223888397216795,0.0,0.3544809401035309,-0.06669468246400356,-0.08030185103416443
9090,26.34375,-0.07854504883289337,-0.05428610295057297,0.04881404973566532,0.0,0.3570228010416031,-0.06291589457541705,-0.07854504883289337
9100,40.21875,-0.062431950122117996,-0.0519332405179739,0.05606021694839001,0.0,0.3607492119073868,-0.056329173035919666,-0.062431950122117996
9110,43.4375,-0.06100735440850258,-0.05661167083308101,0.03875729776918888,0.0,0.3612379848957062,-0.05710583291947842,-0.06100735440850258
9120,30.4375,-0.07113518565893173,-0.041690319590270516,0.06906885206699372,0.0,0.36100261807441714,-0.05794693659991026,-0.07113518565893173
9130,38.65625,-0.07718515396118164,-0.04271940877661109,0.1132252998650074,0.0,0.36136399656534196,-0.058269231021404265,-0.07718515396118164
9140,30.65625,-0.06471008062362671,-0.0429334606975317,0.07131087761372328,0.0,0.3596584916114807,-0.05710113570094109,-0.06471008062362671
9150,50.15625,-0.06976110488176346,-0.05080459900200367,0.020765699073672296,0.0,0.36192979365587236,-0.05492006074637175,-0.06976110488176346
9160,27.1875,-0.06804518401622772,-0.04899123217910528,0.03535555489361286,0.0,0.3609942391514778,-0.06118151620030403,-0.06804518401622772
9170,37.40625,-0.05520641803741455,-0.048048059456050396,0.04853035509586334,0.0,0.36398218423128126,-0.051676970347762106,-0.05520641803741455
9180,42.46875,-0.0646052435040474,-0.0527549147605896,0.030831795930862427,0.0,0.3643685460090637,-0.05413254695013166,-0.0646052435040474
9190,31.90625,-0.03587675839662552,-0.05354083999991417,0.051761865988373755,0.0,0.3606125056743622,-0.057928270939737556,-0.03587675839662552
9200,41.21875,-0.06775963306427002,-0.04702466279268265,0.05500327832996845,0.0,0.36407689601182935,-0.053243767097592355,-0.06775963306427002
9210,51.21875,-0.07606327533721924,-0.04037025850266218,0.07054082304239273,0.0,0.3621578857302666,-0.057632825523614886,-0.07606327533721924
9220,43.8125,-0.05620381236076355,-0.047512160055339335,0.040115068480372426,0.0,0.36360861659049987,-0.05248198863118887,-0.05620381236076355
9230,31.78125,-0.037112846970558167,-0.054736367613077166,0.030442243069410325,0.0,0.3639527142047882,-0.05049778474494815,-0.037112846970558167
9240,36.46875,-0.058587685227394104,-0.025925875455141068,0.42919883131980896,0.0,0.3649781733751297,-0.05788414496928453,-0.058587685227394104
9250,52.59375,-0.05572644621133804,-0.049282490834593774,0.03127131536602974,0.0,0.36951315850019456,-0.04884660998359323,-0.05572644621133804
9260,43.09375,-0.05324535816907883,-0.05016052573919296,0.03971940241754055,0.0,0.3655561536550522,-0.05002050269395113,-0.05324535816907883
9270,45.6875,-0.07133368402719498,-0.04523852020502091,0.16593767404556276,0.0,0.36614612191915513,-0.053812646120786664,-0.07133368402719498
9280,52.4375,-0.056862082332372665,-0.04771429747343063,0.05779363363981247,0.0,0.36696513891220095,-0.050297950580716136,-0.056862082332372665
9290,42.625,-0.054186541587114334,-0.050057489238679406,0.0420496005564928,0.0,0.3661059394478798,-0.0494541710242629,-0.054186541587114334
9300,38.0,-0.06359156966209412,-0.050717557407915594,0.041792364045977595,0.0,0.36465614289045334,-0.05078656189143658,-0.06359156966209412
9310,44.8125,-0.051378220319747925,-0.049708880856633185,0.03004877995699644,0.0,0.3660439759492874,-0.047407081443816425,-0.051378220319747925
9320,40.9375,-0.06322002410888672,-0.03408242724835873,0.3545732326805592,0.0,0.3657967925071716,-0.04733598716557026,-0.06322002410888672
9330,35.84375,-0.05378568917512894,-0.05479414705187082,0.0392034862190485,0.0,0.36451162695884703,-0.04836723022162914,-0.05378568917512894
9340,33.1875,-0.07243494689464569,-0.04371292311698198,0.03915396463125944,0.0,0.36488617211580276,-0.05171382240951061,-0.07243494689464569
9350,35.71875,-0.08639855682849884,-0.04406405296176672,0.08635681942105293,0.0,0.36593317687511445,-0.0597709896042943,-0.08639855682849884
9360,41.15625,-0.07137171924114227,-0.05124397613108158,0.03823231980204582,0.0,0.36224766820669174,-0.0564138500019908,-0.07137171924114227
9370,23.28125,-0.07567057758569717,-0.05071230875328183,0.050214531272649764,0.0,0.3579110518097878,-0.06197738070040941,-0.07567057758569717
9380,29.875,-0.06320570409297943,-0.052678998373448846,0.023152654990553856,0.0,0.35704302936792376,-0.06927713118493557,-0.06320570409297943
9390,28.5,-0.07206761837005615,-0.049173982627689836,0.04832327887415886,0.0,0.3578749194741249,-0.06189653445035219,-0.07206761837005615
9400,30.6875,-0.06917671114206314,-0.0499925784766674,0.028007641434669495,0.0,0.35703391283750535,-0.06111058760434389,-0.06917671114206314
9410,27.0625,-0.07661235332489014,-0.04996461551636457,0.04481650777161121,0.0,0.35709920674562456,-0.05886470805853605,-0.07661235332489014
9420,28.21875,-0.07048000395298004,-0.050266309082508086,0.029169135354459287,0.0,0.35633318275213244,-0.06555996425449848,-0.07048000395298004
9430,29.625,-0.09918059408664703,-0.04892465583980084,0.047050217539072035,0.0,0.3574394389986992,-0.06314182579517365,-0.09918059408664703
9440,30.03125,-0.06359732151031494,-0.03536490313708782,0.1164100393652916,0.0,0.35821084678173065,-0.06171127390116453,-0.06359732151031494
9450,29.40625,-0.06862874329090118,-0.04561648592352867,0.04978299923241138,0.0,0.3588560834527016,-0.061596713960170746,-0.06862874329090118
9460,25.125,-0.06281639635562897,-0.03934283331036568,0.10971386805176735,0.0,0.35720801204442976,-0.06505570486187935,-0.06281639635562897
9470,39.03125,-0.07904554903507233,-0.04364639669656754,0.061551473662257196,0.0,0.360867914557457,-0.06809558477252722,-0.07904554903507233
9480,36.875,-0.0908249244093895,-0.03190784882754087,0.25761479437351226,0.0,0.36013045608997346,-0.06249998304992914,-0.0908249244093895
9490,33.3125,-0.06418006122112274,-0.04293105844408274,0.05059756189584732,0.0,0.36193244010210035,-0.05994358453899622,-0.06418006122112274
9500,41.0,-0.05556201562285423,-0.051912528462707996,0.03354550320655107,0.0,0.3615283742547035,-0.06099686399102211,-0.05556201562285423
9510,50.78125,-0.043878212571144104,-0.045777872949838636,0.044365841150283816,0.0,0.36204302310943604,-0.050072364136576654,-0.043878212571144104
9520,43.125,-0.07027383893728256,-0.05693023856729269,0.03195829503238201,0.0,0.36247489005327227,-0.056505775079131126,-0.07027383893728256
9530,47.09375,-0.055019669234752655,-0.04493772331625223,0.028832842595875263,0.0,0.36298808008432387,-0.05883171074092388,-0.055019669234752655
9540,42.9375,-0.06132715940475464,-0.05122398566454649,0.04537780024111271,0.0,0.3636209338903427,-0.05791636165231466,-0.06132715940475464
9550,31.6875,-0.08960983157157898,-0.04943765159696341,0.04972227029502392,0.0,0.3649520561099052,-0.05899020191282034,-0.08960983157157898
9560,32.59375,-0.07116113603115082,-0.04904428953304887,0.05497087799012661,0.0,0.3637371718883514,-0.05761099029332399,-0.07116113603115082
9570,35.21875,-0.06937403976917267,-0.05285775624215603,0.017036390956491232,0.0,0.36425504088401794,-0.06012264508754015,-0.06937403976917267
9580,33.09375,-0.0759401023387909,-0.04373525772243738,0.07768706902861595,0.0,0.36466974914073946,-0.05664275586605072,-0.0759401023387909
9590,39.40625,-0.07121478766202927,-0.05262693613767624,0.025641614198684694,0.0,0.3631995901465416,-0.056734696961939335,-0.07121478766202927
9600,31.59375,-0.0770091861486435,-0.04394610179588199,0.07250432148575783,0.0,0.36483809649944304,-0.05647788448259235,-0.0770091861486435
9610,41.625,-0.06797200441360474,-0.032794144190847876,0.053019114024937156,0.0,0.3645647391676903,-0.05169754726812244,-0.06797200441360474
9620,38.15625,-0.08096957206726074,-0.05422053188085556,0.04006584919989109,0.0,0.36480570435523985,-0.05632327925413847,-0.08096957206726074
9630,33.71875,-0.047532819211483,-0.04304214548319578,0.051424428820610046,0.0,0.3645044654607773,-0.046925608068704605,-0.047532819211483
9640,38.21875,-0.054609231650829315,-0.0515502555295825,0.043205220997333524,0.0,0.3639932781457901,-0.05120039479807019,-0.054609231650829315
9650,36.71875,-0.06015976518392563,-0.04745021122507751,0.04122571814805269,0.0,0.36526848673820494,-0.0497675210237503,-0.06015976518392563
9660,42.6875,-0.05154164880514145,-0.054305427521467206,0.051479068398475644,0.0,0.3626077398657799,-0.048697829525917766,-0.05154164880514145
9670,52.875,-0.05840094015002251,-0.032902040705084803,0.147076765447855,0.0,0.3616456434130669,-0.05519667379558087,-0.05840094015002251
9680,30.625,-0.06160062551498413,-0.04529955005273223,0.03303168248385191,0.0,0.3604862779378891,-0.05486488752067089,-0.06160062551498413
9690,38.90625,-0.06440646946430206,-0.05426887534558773,0.041329242289066315,0.0,0.3638765811920166,-0.04960183091461658,-0.06440646946430206
9700,31.5625,-0.08582441508769989,-0.04618946425616741,0.14785927906632423,0.0,0.36290542483329774,-0.059124145470559594,-0.08582441508769989
9710,38.75,-0.05931151658296585,-0.05248170364648104,0.03227031994611025,0.0,0.36507581919431686,-0.053598763141781094,-0.05931151658296585
9720,35.9375,-0.06986789405345917,-0.05287785865366459,0.03342626634985209,0.0,0.36167803704738616,-0.05336389802396298,-0.06986789405345917
9730,40.34375,-0.07842862606048584,-0.02658029180020094,0.21432582139968873,0.0,0.3621693029999733,-0.0563694866374135,-0.07842862606048584
9740,32.8125,-0.05611647665500641,-0.03927080612629652,0.036654056422412394,0.0,0.3639827623963356,-0.04889336433261633,-0.05611647665500641
9750,40.09375,-0.09045476466417313,-0.034739070339128375,0.17693838849663734,0.0,0.3615903675556183,-0.05985346119850874,-0.09045476466417313
9760,38.1875,-0.06394433975219727,-0.04478913769125938,0.03442724905908108,0.0,0.36096805036067964,-0.054097100347280505,-0.06394433975219727
9770,59.3125,-0.06279490888118744,-0.0496166868135333,0.028122550062835216,0.0,0.3628362476825714,-0.05218665879219771,-0.06279490888118744
9780,53.8125,-0.05269087105989456,-0.05123794637620449,0.024368796683847904,0.0,0.36440513879060743,-0.052109448984265325,-0.05269087105989456
9790,36.5625,-0.07501345872879028,-0.041011935099959373,0.11016911827027798,0.0,0.3624090328812599,-0.05745628233999014,-0.07501345872879028
9800,46.59375,-0.07157699763774872,-0.04473015777766705,0.047291775979101655,0.0,0.3627236321568489,-0.054480853118002416,-0.07157699763774872
9810,44.21875,-0.06110728532075882,-0.04290310200303793,0.05784695185720921,0.0,0.3616864368319511,-0.054142897576093675,-0.06110728532075882
9820,39.40625,-0.06774742156267166,-0.05185399223119021,0.03897551000118256,0.0,0.36594368517398834,-0.055094704031944275,-0.06774742156267166
9830,34.09375,-0.06387577950954437,-0.0529138901270926,0.040140189602971076,0.0,0.36405917406082156,-0.05065683014690876,-0.06387577950954437
9840,48.3125,-0.06648671627044678,-0.04785725940018892,0.043122601322829725,0.0,0.36730678379535675,-0.050317086093127725,-0.06648671627044678
9850,54.8125,-0.06022436544299126,-0.05069481898099184,0.020789477787911893,0.0,0.3686108157038689,-0.051580403186380866,-0.06022436544299126
9860,46.875,-0.08411850780248642,-0.042490764148533346,0.059701939672231676,0.0,0.36407892107963563,-0.05213193465024233,-0.08411850780248642
9870,52.03125,-0.04441080242395401,-0.04677921682596207,0.07497733272612095,0.0,0.3687537178397179,-0.04939605910331011,-0.04441080242395401
9880,43.59375,-0.06350084394216537,-0.054273636732250455,0.03173721451312304,0.0,0.3671491011977196,-0.0457971915602684,-0.06350084394216537
9890,70.25,-0.05175834894180298,-0.04834506884217262,0.05287073627114296,0.0,0.36688586622476577,-0.05624030530452728,-0.05175834894180298
9900,51.3125,-0.05049356818199158,-0.053463660459965465,0.08537444062530994,0.0,0.36727924197912215,-0.04746949803084135,-0.05049356818199158
9910,47.1875,-0.050092630088329315,-0.05350859146565199,0.05381889380514622,0.0,0.36618046164512635,-0.04560784548521042,-0.050092630088329315
9920,40.34375,-0.055144086480140686,-0.04025338850915432,0.08421163856983185,0.0,0.36974201947450636,-0.046162073500454426,-0.055144086480140686
9930,51.625,-0.05899041146039963,-0.05056543704122305,0.03907294161617756,0.0,0.3714099034667015,-0.04521073838695884,-0.05899041146039963
9940,45.78125,-0.07120434939861298,-0.03148452676832676,0.09991517402231694,0.0,0.3694147810339928,-0.04736628588289023,-0.07120434939861298
9950,41.21875,-0.06479255855083466,-0.04877813011407852,0.0840469777584076,0.0,0.3693239390850067,-0.04887561555951834,-0.06479255855083466
9960,41.15625,-0.05343025550246239,-0.04489846248179674,0.051670297235250476,0.0,0.3687769711017609,-0.05083609819412231,-0.05343025550246239
9970,50.15625,-0.056718435138463974,-0.04840575885027647,0.03515557087957859,0.0,0.37060205489397047,-0.04731156527996063,-0.056718435138463974
9980,29.3125,-0.07225023210048676,-0.04749602191150189,0.05084049478173256,0.0,0.365650101006031,-0.048652162030339244,-0.07225023210048676
9990,33.78125,-0.06725066900253296,-0.050455471687018874,0.03184818997979164,0.0,0.36888679414987563,-0.052313894219696525,-0.06725066900253296
10000,47.09375,-0.06966914236545563,-0.04974402990192175,0.037876888923346994,0.0,0.3702925845980644,-0.045746815577149394,-0.06966914236545563
10010,60.15625,-0.0445072278380394,-0.04717277493327856,0.04439372643828392,0.0,0.3546296149492264,-0.04055416006594896,-0.0445072278380394
10020,51.15625,-0.053639963269233704,-0.03746574055403471,0.0662366185337305,0.0,0.360778334736824,-0.042138160485774276,-0.053639963269233704
10030,81.9375,-0.037083256989717484,-0.04072857890278101,0.04652496986091137,0.0,0.3619635865092278,-0.04083670005202293,-0.037083256989717484
10040,65.03125,-0.04489486664533615,-0.04897601995617151,0.021786925103515386,0.0,0.3615224942564964,-0.03599627735093236,-0.04489486664533615
10050,57.4375,-0.05007478594779968,-0.04644496235996485,0.025719806738197803,0.0,0.3634239137172699,-0.032572630979120734,-0.05007478594779968
10060,110.03125,-0.048187173902988434,-0.03459474835544825,0.19121005088090898,0.0,0.3617446407675743,-0.044974942691624165,-0.048187173902988434
10070,51.90625,-0.050372544676065445,-0.04667458739131689,0.051359524577856065,0.0,0.3624734491109848,-0.039627954456955196,-0.050372544676065445
10080,52.4375,-0.04446376860141754,-0.051428071316331626,0.05787028893828392,0.0,0.36867240965366366,-0.03123446023091674,-0.04446376860141754
10090,68.6875,-0.0345325767993927,-0.042841427586972715,0.06722370237112045,0.0,0.37226960211992266,-0.03388450555503368,-0.0345325767993927
10100,62.34375,-0.028203507885336876,-0.03368046786636114,0.12205633595585823,0.0,0.37259423136711123,-0.021299960324540734,-0.028203507885336876
10110,67.375,-0.04409098997712135,-0.041209565475583076,0.07343352995812893,0.0,0.36871763318777084,-0.028370898868888616,-0.04409098997712135
10120,85.3125,-0.05562335252761841,-0.043063698802143335,0.042384422570467,0.0,0.36645389199256895,-0.041647462826222184,-0.05562335252761841
10130,49.28125,-0.04569340497255325,-0.04920424874871969,0.03617666605859995,0.0,0.36350178718566895,-0.040951892361044885,-0.04569340497255325
10140,86.46875,-0.04688245803117752,-0.0474676001816988,0.03530964348465204,0.0,0.3662592232227325,-0.04478576853871345,-0.04688245803117752
10150,62.5,-0.03688709810376167,-0.04959515668451786,0.032036077417433265,0.0,0.3664749816060066,-0.03674122644588351,-0.03688709810376167
10160,61.9375,-0.02896510250866413,-0.041700462624430654,0.10385633558034897,0.0,0.3720596358180046,-0.02955550919286907,-0.02896510250866413
10170,64.21875,-0.04025842249393463,-0.04381255172193051,0.02938940804451704,0.0,0.37153340578079225,-0.032009866926819085,-0.04025842249393463
10180,49.53125,-0.0496504120528698,-0.05301075913012028,0.07534800618886947,0.0,0.3721538484096527,-0.034703644644469026,-0.0496504120528698
10190,45.875,-0.04717680811882019,-0.051171647664159534,0.053885722905397414,0.0,0.37411306649446485,-0.030440656561404468,-0.04717680811882019
10200,50.25,-0.03931950032711029,-0.04239408969879151,0.08179994076490402,0.0,0.37489590495824815,-0.030950075015425682,-0.03931950032711029
10210,42.5625,-0.04531566798686981,-0.04842353034764528,0.03309312779456377,0.0,0.37823912054300307,-0.02802226906642318,-0.04531566798686981
10220,53.03125,-0.0393807590007782,-0.037344200536608696,0.07349990494549274,0.0,0.3769360050559044,-0.029400890041142703,-0.0393807590007782
10230,47.5,-0.04394917190074921,-0.04707690328359604,0.023187458142638208,0.0,0.3764061853289604,-0.026459440868347884,-0.04394917190074921
10240,61.40625,-0.04580587148666382,-0.038568093255162236,0.07111411020159722,0.0,0.3777704745531082,-0.02797687933780253,-0.04580587148666382
10250,61.15625,-0.027487248182296753,-0.05154610965400934,0.02617239411920309,0.0,0.3760461896657944,-0.03205806212499738,-0.027487248182296753
10260,37.21875,-0.05006338283419609,-0.05333692450076342,0.04114239681512118,0.0,0.37127282172441484,-0.037968492973595856,-0.05006338283419609
10270,52.8125,-0.05436501279473305,-0.04969451501965523,0.05404760353267193,0.0,0.3724973231554031,-0.030098641756922007,-0.05436501279473305
10280,46.84375,-0.05777452513575554,-0.05523387957364321,0.032616733387112615,0.0,0.3676619648933411,-0.04706648923456669,-0.05777452513575554
10290,51.03125,-0.04477505385875702,-0.05049837380647659,0.04174609109759331,0.0,0.366907574236393,-0.04322835709899664,-0.04477505385875702
10300,58.53125,-0.0396338552236557,-0.040733877941966055,0.030498820915818216,0.0,0.3663894489407539,-0.038636258151382205,-0.0396338552236557
10310,71.40625,-0.03666267544031143,-0.04768315590918064,0.022219102084636688,0.0,0.368053974211216,-0.034115536510944365,-0.03666267544031143
10320,51.9375,-0.045931775122880936,-0.04827471580356359,0.02244933769106865,0.0,0.3702564910054207,-0.03889573430642486,-0.045931775122880936
10330,46.0625,-0.0477714017033577,-0.05312876813113689,0.02421631067991257,0.0,0.36874393224716184,-0.03966145794838667,-0.0477714017033577
10340,37.40625,-0.02999275177717209,-0.044806418009102345,0.031558642350137237,0.0,0.3714489921927452,-0.03449661117047072,-0.02999275177717209
10350,46.75,-0.045389916747808456,-0.049789479747414586,0.023857788369059562,0.0,0.37189488410949706,-0.03234186479821801,-0.045389916747808456
10360,36.15625,-0.05659610033035278,-0.04419505195692182,0.06687587182968854,0.0,0.3705643072724342,-0.0398511515930295,-0.05659610033035278
10370,41.21875,-0.051225923001766205,-0.04794404786080122,0.02733455542474985,0.0,0.36760375946760177,-0.04659761535003781,-0.051225923001766205
10380,48.34375,-0.03479572385549545,-0.04663584772497416,0.03338763657957315,0.0,0.36885958462953566,-0.04317744383588433,-0.03479572385549545
10390,50.84375,-0.04725048691034317,-0.051340468041598794,0.021847718767821787,0.0,0.3712042674422264,-0.043872029054909945,-0.04725048691034317
10400,59.375,-0.0318574532866478,-0.035031904093921186,0.06986983232200146,0.0,0.37102997601032256,-0.040768205747008325,-0.0318574532866478
10410,54.90625,-0.05125008150935173,-0.03685923032462597,0.05942166093736887,0.0,0.36991259455680847,-0.040955398231744766,-0.05125008150935173
10420,82.03125,-0.03802522271871567,-0.04775140294805169,0.020387765485793352,0.0,0.37393016666173934,-0.0414260427467525,-0.03802522271871567
10430,63.09375,-0.055303506553173065,-0.03768717125058174,0.04400611687451601,0.0,0.3756069019436836,-0.03352130297571421,-0.055303506553173065
10440,82.59375,-0.04039376229047775,-0.04043242987245321,0.02899650689214468,0.0,0.37927471846342087,-0.027701900992542505,-0.04039376229047775
10450,55.59375,-0.022519852966070175,-0.036986470222473145,0.03926695436239243,0.0,0.3821349605917931,-0.026963831251487137,-0.022519852966070175
10460,85.6875,-0.013013683259487152,-0.04001184217631817,0.1018977414816618,0.0,0.38342849612236024,-0.02758509647101164,-0.013013683259487152
10470,76.375,-0.038392215967178345,-0.04249605815857649,0.026679580099880695,0.0,0.38354517221450807,-0.02765010907314718,-0.038392215967178345
10480,61.96875,-0.01495910994708538,-0.04945745011791587,0.04216618463397026,0.0,0.3810494109988213,-0.031143223110120744,-0.01495910994708538
10490,85.96875,-0.021890759468078613,-0.05306412111967802,0.01846804115921259,0.0,0.3849992394447327,-0.019869024259969593,-0.021890759468078613
10500,69.25,-0.022180095314979553,-0.044509635865688325,0.07111149579286576,0.0,0.38684354573488233,-0.024503907840698957,-0.022180095314979553
10510,71.3125,-0.011054572649300098,-0.04267164440825581,0.036840485967695714,0.0,0.3889959990978241,-0.024703043908812106,-0.011054572649300098
10520,67.71875,-0.011740182526409626,-0.03866834784857929,0.04602521471679211,0.0,0.38504039496183395,-0.020051333238370717,-0.011740182526409626
10530,64.15625,-0.03954465687274933,-0.05398507434874773,0.03184769917279482,0.0,0.38401299715042114,-0.029726416897028686,-0.03954465687274933
10540,68.96875,-0.043017417192459106,-0.04754786863923073,0.032752261683344844,0.0,0.38195765018463135,-0.03504956979304552,-0.043017417192459106
10550,52.15625,-0.03876464068889618,-0.04552253037691116,0.04416720345616341,0.0,0.3801655203104019,-0.031238296907395123,-0.03876464068889618
10560,59.09375,-0.04133772477507591,-0.04288613628596068,0.02437523789703846,0.0,0.3793518230319023,-0.03547187270596623,-0.04133772477507591
10570,34.71875,-0.033202581107616425,-0.049969025515019895,0.03035435136407614,0.0,0.3804412126541138,-0.024090738408267497,-0.033202581107616425
10580,55.125,-0.03726784884929657,-0.051020676456391814,0.02310421969741583,0.0,0.38311924040317535,-0.03116325861774385,-0.03726784884929657
10590,40.125,-0.04991195723414421,-0.0373543705791235,0.041570014972239736,0.0,0.3806167259812355,-0.03348823329433799,-0.04991195723414421
10600,67.65625,-0.01770852878689766,-0.05150830298662186,0.019822068698704242,0.0,0.38448960334062576,-0.021145850163884462,-0.01770852878689766
10610,49.4375,-0.03663407266139984,-0.04752553626894951,0.027357682585716248,0.0,0.3847642123699188,-0.022911156993359327,-0.03663407266139984
10620,54.6875,-0.02180221676826477,-0.044041501358151436,0.035167092271149156,0.0,0.38828009068965913,-0.021972412965260445,-0.02180221676826477
10630,65.4375,-0.03926907479763031,-0.045410971716046335,0.04288470521569252,0.0,0.38776771277189254,-0.025247351545840502,-0.03926907479763031
10640,54.0625,-0.029927672818303108,-0.04729343433864415,0.020613656286150216,0.0,0.38626169711351394,-0.01933367057936266,-0.029927672818303108
10650,55.84375,-0.0488152839243412,-0.04474926814436912,0.05044408179819584,0.0,0.3815152898430824,-0.034392289072275165,-0.0488152839243412
10660,65.84375,-0.02057410404086113,-0.0484519911929965,0.029897984117269516,0.0,0.380195190012455,-0.027239511744119226,-0.02057410404086113
10670,53.84375,-0.024355409666895866,-0.04734276384115219,0.027290685474872588,0.0,0.38389027714729307,-0.02669200780801475,-0.024355409666895866
10680,54.0625,-0.04370345547795296,-0.058142656832933425,0.04486786387860775,0.0,0.386465011537075,-0.023117995797656478,-0.04370345547795296
10690,60.09375,-0.04795689508318901,-0.05885484777390957,0.04144141860306263,0.0,0.38645810037851336,-0.0246154265711084,-0.04795689508318901
10700,66.375,-0.028981830924749374,-0.04789933990687132,0.026941592618823052,0.0,0.3821652323007584,-0.028583501186221837,-0.028981830924749374
10710,75.1875,-0.04457986727356911,-0.04945584200322628,0.0318113150075078,0.0,0.3862475693225861,-0.02414501297753304,-0.04457986727356911
10720,79.9375,-0.024019958451390266,-0.04365498460829258,0.03413329720497131,0.0,0.3878724634647369,-0.02887522233650088,-0.024019958451390266
10730,70.46875,-0.01820090040564537,-0.03396554943174124,0.046928916871547696,0.0,0.3902203544974327,-0.019724038313142955,-0.01820090040564537
10740,54.65625,-0.03140456601977348,-0.038362765591591595,0.06059800460934639,0.0,0.38720571547746657,-0.0262237575603649,-0.03140456601977348
10750,49.71875,-0.04093088582158089,-0.03382227476686239,0.060831891000270845,0.0,0.38703326880931854,-0.02916775532066822,-0.04093088582158089
10760,53.3125,-0.03179456293582916,-0.048824590537697075,0.028742003813385965,0.0,0.384989932179451,-0.028459971025586128,-0.03179456293582916
10770,75.46875,-0.04126591235399246,-0.045044419541955,0.022999413870275022,0.0,0.3898708239197731,-0.02091601467691362,-0.04126591235399246
10780,83.96875,-0.024932168424129486,-0.05485797598958016,0.014089903328567743,0.0,0.3913156270980835,-0.020029615913517772,-0.024932168424129486
10790,77.96875,-0.010981573723256588,-0.03148124935105443,0.09815311580896377,0.0,0.3943634256720543,-0.0167485918616876,-0.010981573723256588
10800,71.625,-0.04563433676958084,-0.041556377150118354,0.05725216008722782,0.0,0.39568144977092745,-0.02248250609263778,-0.04563433676958084
10810,64.6875,-0.024884309619665146,-0.0476247597951442,0.022675617691129447,0.0,0.394669346511364,-0.01824276989791542,-0.024884309619665146
10820,61.40625,-0.014620723202824593,-0.04334024023264647,0.04430779032409191,0.0,0.39274862408638,-0.023223455995321274,-0.014620723202824593
10830,93.53125,-0.027262933552265167,-0.04159701867029071,0.05175704285502434,0.0,0.39375733137130736,-0.026080666575580835,-0.027262933552265167
10840,76.59375,-0.02166556566953659,-0.03895492237061262,0.06935076713562012,0.0,0.3918291762471199,-0.02512153796851635,-0.02166556566953659
10850,72.8125,-0.02963162213563919,-0.038406102918088436,0.13391762152314185,0.0,0.3964363396167755,-0.02566908779554069,-0.02963162213563919
10860,89.5,-0.011482281610369682,-0.05302799995988607,0.029335748217999936,0.0,0.3974666729569435,-0.016951533884275706,-0.011482281610369682
10870,75.78125,-0.03935127332806587,-0.05691378153860569,0.05364186316728592,0.0,0.39870803207159045,-0.02080495299305767,-0.03935127332806587
10880,70.375,-0.014851266518235207,-0.05388437230139971,0.022928745299577714,0.0,0.4010128602385521,-0.018213896051747724,-0.014851266518235207
10890,90.5625,-0.007376495748758316,-0.05044169910252094,0.029395317658782005,0.0,0.40593599528074265,-0.006550095288548619,-0.007376495748758316
10900,78.75,-0.016881022602319717,-0.049762680754065515,0.019828751869499683,0.0,0.4031861498951912,-0.012097259610891342,-0.016881022602319717
10910,80.9375,-0.009299453347921371,-0.04348027277737856,0.07537486888468266,0.0,0.39796529412269593,-0.023431428731419145,-0.009299453347921371
10920,75.96875,-0.016414429992437363,-0.05314331632107496,0.030113865062594412,0.0,0.3994271904230118,-0.018117678636917843,-0.016414429992437363
10930,89.5,-0.008191486820578575,-0.04854664392769337,0.04201687760651111,0.0,0.40174686163663864,-0.009818613610696048,-0.008191486820578575
10940,54.46875,-0.015740416944026947,-0.042407911457121375,0.09701734110713005,0.0,0.4029357746243477,-0.010840679018292576,-0.015740416944026947
10950,54.25,-0.024282213300466537,-0.0359360596165061,0.12816034853458405,0.0,0.40633528381586076,-0.011849396117031574,-0.024282213300466537
10960,59.78125,-0.04181421548128128,-0.030592678207904102,0.10660232938826084,0.0,0.4062013000249863,-0.011918732308549807,-0.04181421548128128
10970,68.78125,-0.019156157970428467,-0.04823012677952647,0.025147508736699818,0.0,0.40186804383993147,-0.012162986292969436,-0.019156157970428467
10980,48.53125,-0.023628313094377518,-0.05839669555425644,0.018412150163203477,0.0,0.396468822658062,-0.02532582255080342,-0.023628313094377518
10990,49.15625,-0.02225305140018463,-0.039016461744904515,0.058339526504278184,0.0,0.39546629339456557,-0.022778811864554882,-0.02225305140018463
11000,53.71875,-0.036361515522003174,-0.0515197079628706,0.028320559300482273,0.0,0.39598392248153685,-0.0208859755191952,-0.036361515522003174
11010,55.84375,-0.0323142409324646,-0.056351898983120915,0.020892147533595563,0.0,0.39632574170827867,-0.017876273952424526,-0.0323142409324646
11020,65.71875,-0.024416884407401085,-0.04413303676992655,0.017972931638360022,0.0,0.3972096905112267,-0.0169851120444946,-0.024416884407401085
11030,56.625,-0.03324461728334427,-0.05001807305961847,0.0199126860126853,0.0,0.39834792613983155,-0.02060134762432426,-0.03324461728334427
11040,73.8125,-0.02070213481783867,-0.050918267108500004,0.022339755948632956,0.0,0.398330020904541,-0.018998896516859532,-0.02070213481783867
11050,56.46875,-0.01855780929327011,-0.036278216354548934,0.14176535978913307,0.0,0.4004748612642288,-0.017236436437815427,-0.01855780929327011
11060,70.40625,-0.013003897853195667,-0.04600503649562597,0.020336783770471812,0.0,0.40541000217199324,-0.010408611450111493,-0.013003897853195667
11070,96.5625,-0.008217032998800278,-0.04566093813627958,0.022724541649222375,0.0,0.4064106345176697,-0.009000587998889387,-0.008217032998800278
11080,83.375,-0.000616326229646802,-0.030557220429182054,0.09857089295983315,0.0,0.4083074003458023,-0.004061880067456514,-0.000616326229646802
11090,82.34375,-0.012247767299413681,-0.031150416098535062,0.11507098190486431,0.0,0.41018940359354017,-0.005934563628397882,-0.012247767299413681
11100,59.21875,-0.0028767134062945843,-0.029429437965154646,0.10532619208097457,0.0,0.4078622981905937,-0.00502720489166677,-0.0028767134062945843
11110,112.71875,-0.0004230821505188942,-0.02471539070829749,0.12049016430974006,0.0,0.4109636753797531,-0.0042315429658629,-0.0004230821505188942
11120,64.21875,0.0025697853416204453,-0.03457354661077261,0.08772437535226345,0.0,0.41151589900255203,-0.005159715516492724,0.0025697853416204453
11130,68.375,-0.018048468977212906,-0.036975583992898464,0.12222658023238182,0.0,0.41396441906690595,0.0032610338646918537,-0.018048468977212906
11140,89.1875,0.0024932255037128925,-0.046509302034974095,0.026930667273700238,0.0,0.41426085084676745,-0.0018572958651930094,0.0024932255037128925
11150,72.84375,-0.00796313676983118,-0.03150210212916136,0.08464881964027882,0.0,0.41236948370933535,-0.0011209056945517659,-0.00796313676983118
11160,73.65625,-0.003538031131029129,-0.032063554227352145,0.1311373807489872,0.0,0.4132582888007164,-0.0009212021657731384,-0.003538031131029129
11170,81.6875,-0.02747105248272419,-0.029709240421652794,0.10047776848077775,0.0,0.4158335909247398,-0.0036711700435262174,-0.02747105248272419
11180,70.21875,0.002280687913298607,-0.036286011710762976,0.1005680575966835,0.0,0.4182659715414047,0.004567693779245019,0.002280687913298607
11190,75.71875,-0.0006223940290510654,-0.026520751975476743,0.14269214794039725,0.0,0.4176446944475174,0.004434865107759834,-0.0006223940290510654
11200,79.0,-0.015903428196907043,-0.04419925659894943,0.060293016582727434,0.0,0.4168437227606773,-0.002624867419945076,-0.015903428196907043
11210,81.96875,0.0014902687398716807,-0.043251737020909786,0.03352803997695446,0.0,0.41354475617408754,-0.0013130441482644528,0.0014902687398716807
11220,76.03125,-0.010935083031654358,-0.03178736958652735,0.17205079048871993,0.0,0.4104001924395561,-0.0055167546612210575,-0.010935083031654358
11230,73.09375,-0.010433793067932129,-0.04677166845649481,0.032983582280576226,0.0,0.40814066380262376,-0.010266224900260568,-0.010433793067932129
11240,57.4375,-0.022306308150291443,-0.04449219666421413,0.02440423723310232,0.0,0.40631500333547593,-0.010205272148596123,-0.022306308150291443
11250,74.125,-0.014433890581130981,-0.043171133287250994,0.03816128522157669,0.0,0.40627689063549044,-0.011030337878037245,-0.014433890581130981
11260,89.53125,-0.004200473427772522,-0.04609711784869432,0.02184607908129692,0.0,0.41029260605573653,-0.006846120615955442,-0.004200473427772522
11270,82.78125,-0.0014315731823444366,-0.051769628282636405,0.015060952957719564,0.0,0.41262861639261245,-0.002537300024414435,-0.0014315731823444366
11280,68.78125,-0.0024755257181823254,-0.04724023058079183,0.059295599907636644,0.0,0.4151769056916237,-0.0011598223820328713,-0.0024755257181823254
11290,69.9375,-0.017751213163137436,-0.04355945847928524,0.028407386504113674,0.0,0.4099126115441322,-0.010914560162927956,-0.017751213163137436
11300,74.96875,-0.016453079879283905,-0.03298736698925495,0.16259248182177544,0.0,0.411531475186348,-0.006405084574362263,-0.016453079879283905
11310,60.9375,-0.029755281284451485,-0.05081034041941166,0.032824222557246686,0.0,0.4096340984106064,-0.016817448777146637,-0.029755281284451485
11320,55.71875,-0.0028467606753110886,-0.04964722711592913,0.013631519302725792,0.0,0.4075922295451164,-0.01827523685642518,-0.0028467606753110886
11330,75.3125,-0.010026078671216965,-0.049069834873080254,0.013233059830963612,0.0,0.4082591965794563,-0.005398009845521301,-0.010026078671216965
11340,90.8125,-0.008665509521961212,-0.04426386840641498,0.044846009090542795,0.0,0.40985005646944045,-0.010440278821624816,-0.008665509521961212
11350,67.8125,-0.007863661274313927,-0.05332187935709953,0.02844470851123333,0.0,0.409586974978447,-0.009671680524479597,-0.007863661274313927
11360,72.03125,-0.004328677896410227,-0.049488262832164766,0.04004511460661888,0.0,0.4123147681355476,-0.004729129222687334,-0.004328677896410227
11370,85.1875,-0.023453768342733383,-0.035882007144391534,0.06044640149921179,0.0,0.41080077439546586,-0.008618188404943794,-0.023453768342733383
11380,93.34375,-0.008190350607037544,-0.04914218038320541,0.030982174165546893,0.0,0.4121683850884438,-0.0071047255420126024,-0.008190350607037544
11390,81.625,-0.0012858813861384988,-0.045760499965399506,0.022999192401766778,0.0,0.4125621601939201,-0.0027667831513099373,-0.0012858813861384988
11400,85.71875,-0.003141932189464569,-0.03192771933972836,0.08350937329232692,0.0,0.41516890525817873,0.0017162767820991577,-0.003141932189464569
11410,78.3125,-0.005724143236875534,-0.045167813636362554,0.024585778452456,0.0,0.41843983680009844,0.0018814402690622955,-0.005724143236875534
11420,67.0,-0.013578006997704506,-0.05109397564083338,0.04380845539271831,0.0,0.41967118680477145,-0.006733257399173453,-0.013578006997704506
11430,57.96875,-0.02163616567850113,-0.03187280129641294,0.09933652803301811,0.0,0.41855383962392806,-0.003231667121872306,-0.02163616567850113
11440,78.28125,-0.017475314438343048,-0.047047142125666144,0.01956885028630495,0.0,0.41261236518621447,-0.00789082192350179,-0.017475314438343048
11450,64.65625,-0.03629875183105469,-0.05122581087052822,0.0245429702103138,0.0,0.4089079350233078,-0.014796082943212241,-0.03629875183105469
11460,48.3125,-0.02451155334711075,-0.051040609180927274,0.015321107301861047,0.0,0.4053231343626976,-0.02136675692163408,-0.02451155334711075
11470,75.78125,-0.016338417306542397,-0.04618015307933092,0.024299169331789015,0.0,0.40984885543584826,-0.011695573828183115,-0.016338417306542397
11480,59.28125,-0.01284067053347826,-0.05613666623830795,0.03244452048093081,0.0,0.4098236531019211,-0.010812599142082036,-0.01284067053347826
11490,52.59375,-0.020579442381858826,-0.052015571482479574,0.026951478980481624,0.0,0.4144470602273941,-0.007192203638260253,-0.020579442381858826
11500,55.0,-0.012871179729700089,-0.05019617527723312,0.0209579199552536,0.0,0.41534841656684873,-0.010658850194886327,-0.012871179729700089
11510,76.5,-0.00376879028044641,-0.046680974494665864,0.04544344507157803,0.0,0.41655945777893066,-0.009598544443724677,-0.00376879028044641
11520,49.5625,-0.024183601140975952,-0.06026636334136128,0.018772554583847523,0.0,0.41694231480360033,-0.010018832015339285,-0.024183601140975952
11530,61.9375,-0.012347831390798092,-0.03988625640049577,0.027216721419245006,0.0,0.4166542589664459,-0.011539655883098021,-0.012347831390798092
11540,57.28125,-0.018181538209319115,-0.053701671026647094,0.028914056718349457,0.0,0.4147498369216919,-0.02061244777869433,-0.018181538209319115
11550,64.75,-0.024159636348485947,-0.05434346757829189,0.016125316359102727,0.0,0.4154490277171135,-0.003473988501355052,-0.024159636348485947
11560,55.875,-0.02555481344461441,-0.057594924606382845,0.014271660894155502,0.0,0.41006155759096147,-0.018801497982349247,-0.02555481344461441
11570,80.09375,-0.00784978922456503,-0.04072085190564394,0.029717008396983147,0.0,0.4118860766291618,-0.008369453577324748,-0.00784978922456503
11580,51.9375,-0.02973305806517601,-0.04480477906763554,0.02455346714705229,0.0,0.411912228167057,-0.018570492835715414,-0.02973305806517601
11590,64.03125,-0.008527594618499279,-0.04305557403713465,0.018535744957625867,0.0,0.409106519818306,-0.01256339996762108,-0.008527594618499279
11600,58.96875,-0.004168191459029913,-0.028868415765464304,0.0664176419377327,0.0,0.40974742770195005,-0.014686799817718565,-0.004168191459029913
11610,45.71875,-0.021788625046610832,-0.04780007740482688,0.02471966166049242,0.0,0.4116515815258026,-0.019924422528129072,-0.021788625046610832
11620,50.15625,-0.02946193888783455,-0.04801172129809857,0.022708355262875558,0.0,0.4139772579073906,-0.014223103947006165,-0.02946193888783455
11630,65.375,-0.013960866257548332,-0.04854373764246702,0.019186284579336643,0.0,0.4119954645633698,-0.01925358425360173,-0.013960866257548332
11640,54.40625,-0.010826122015714645,-0.04820050830021501,0.016356508992612363,0.0,0.4137719064950943,-0.009336561488453299,-0.010826122015714645
11650,65.8125,-0.03046332485973835,-0.045464578457176684,0.02778064291924238,0.0,0.4123730927705765,-0.011911372782196849,-0.03046332485973835
11660,68.53125,-0.009129108861088753,-0.048457647860050204,0.025915166549384593,0.0,0.41295160800218583,-0.016157411108724772,-0.009129108861088753
11670,72.90625,-0.021153001114726067,-0.03279313733801246,0.11798976138234138,0.0,0.41298354119062425,-0.008968034863937647,-0.021153001114726067
11680,86.4375,-0.006926435511559248,-0.057731255516409875,0.020747762359678745,0.0,0.4169396132230759,-0.004373425105586648,-0.006926435511559248
11690,63.78125,-0.0029677553102374077,-0.0473002327606082,0.03053958211094141,0.0,0.422899167239666,-0.004950408090371639,-0.0029677553102374077
11700,76.0,0.006707323249429464,-0.03330328054726124,0.24335118681192397,0.0,0.429152250289917,0.014083662955090403,0.006707323249429464
11710,71.4375,-0.0019169560400769114,-0.03212204109877348,0.0855284433811903,0.0,0.429898639023304,0.007847622351255268,-0.0019169560400769114
11720,72.375,0.0020131915807724,-0.0350354041904211,0.08000050336122513,0.0,0.43072727918624876,0.008149342361139133,0.0020131915807724
11730,85.28125,0.019459974020719528,-0.030481760669499636,0.21963269412517547,0.0,0.43419523984193803,0.0126948170713149,0.019459974020719528
11740,70.0625,0.011460431851446629,-0.03584360582754016,0.1298133537173271,0.0,0.43537615835666654,0.013743899943074211,0.011460431851446629
11750,88.5625,0.01163986325263977,-0.04111892767250538,0.029792904667556287,0.0,0.4373288959264755,0.017627920641098173,0.01163986325263977
11760,83.84375,0.01405678316950798,-0.040441776625812054,0.042252483777701855,0.0,0.44153077751398084,0.018369520595297218,0.01405678316950798
11770,70.0625,0.0023370208218693733,-0.029782498814165594,0.17746792137622833,0.0,0.43941352516412735,0.017203253973275424,0.0023370208218693733
11780,100.1875,-0.0020339740440249443,-0.05412113759666681,0.01614175345748663,0.0,0.4375342130661011,0.007637205737410113,-0.0020339740440249443
11790,36.34375,-0.004536694847047329,-0.05545295421034098,0.02850707545876503,0.0,0.4340792804956436,0.008559648448135703,-0.004536694847047329
11800,70.875,0.012955586425960064,-0.05114085152745247,0.022455541789531706,0.0,0.4369832694530487,0.01271431358763948,0.012955586425960064
11810,67.375,0.012570112012326717,-0.05232970071956515,0.022533783130347727,0.0,0.44278052896261216,0.015739296609535814,0.012570112012326717
11820,97.15625,0.022305047139525414,-0.02955595999956131,0.10077200867235661,0.0,0.4462884157896042,0.023847443982958794,0.022305047139525414
11830,80.21875,0.012383992783725262,-0.031374721229076384,0.12655918896198273,0.0,0.4417733386158943,0.01916613755747676,0.012383992783725262
11840,99.15625,0.01573048159480095,-0.044757201336324215,0.02950486056506634,0.0,0.44032647758722304,0.018028490990400315,0.01573048159480095
11850,96.40625,0.024677742272615433,-0.024729568045586348,0.1330605585128069,0.0,0.4393004894256592,0.020183253102004528,0.024677742272615433
11860,71.6875,0.015204793773591518,-0.04901191517710686,0.02687230911105871,0.0,0.43193833380937574,0.013669342547655106,0.015204793773591518
11870,89.65625,-0.0010716697433963418,-0.05364642962813378,0.026291934959590434,0.0,0.4336703956127167,0.008411950478330255,-0.0010716697433963418
11880,67.0,0.003898423630744219,-0.02858048602938652,0.07996489778161049,0.0,0.4357029229402542,0.015074272686615587,0.003898423630744219
11890,74.9375,-0.010365254245698452,-0.03453717231750488,0.08087299428880215,0.0,0.43347558975219724,0.0061067550326697525,-0.010365254245698452
11900,72.9375,0.010449135676026344,-0.028708433918654918,0.10121068693697452,0.0,0.4324605047702789,0.0073720822052564475,0.010449135676026344
11910,55.4375,0.005483041983097792,-0.02697978261858225,0.08920530341565609,0.0,0.4308652862906456,-0.001193887263070792,0.005483041983097792
11920,90.09375,0.01685621775686741,-0.04950300874188542,0.03239474315196276,0.0,0.4341090381145477,0.008549479476641864,0.01685621775686741
11930,93.40625,0.010616048239171505,-0.038856560550630095,0.015349410660564899,0.0,0.43766030073165896,0.017168252266128548,0.010616048239171505
11940,87.75,0.014799910597503185,-0.03326692581176758,0.26966161131858823,0.0,0.4407737269997597,0.017312145745381712,0.014799910597503185
11950,81.4375,0.01632649265229702,-0.030601972341537477,0.3010395273566246,0.0,0.438630984723568,0.01602586207445711,0.01632649265229702
11960,94.28125,0.011617850512266159,-0.03732238244265318,0.10370813012123108,0.0,0.44016468375921247,0.014255634846631438,0.011617850512266159
11970,79.65625,0.003085518255829811,-0.033386029209941624,0.15457926839590072,0.0,0.4392707899212837,0.011168076103786007,0.003085518255829811
11980,79.4375,0.028888819739222527,-0.03481045849621296,0.051647016406059267,0.0,0.43781425058841705,0.011080513743218034,0.028888819739222527
11990,77.84375,0.02780594304203987,-0.04121753498911858,0.08250174019485712,0.0,0.4443455547094345,0.021093025244772433,0.02780594304203987
12000,89.34375,0.005561207886785269,-0.03325230199843645,0.1027925495058298,0.0,0.44622347950935365,0.01879408941604197,0.005561207886785269
12010,92.65625,0.02240813337266445,-0.032184421364217994,0.2472268208861351,0.0,0.44700686931610106,0.01572955191368237,0.02240813337266445
12020,65.3125,0.028534140437841415,-0.027637379057705403,0.0971257895231247,0.0,0.4499077215790749,0.029163771029561757,0.028534140437841415
12030,83.71875,0.028894931077957153,-0.04998630695044994,0.03115059994161129,0.0,0.4492363706231117,0.024107109289616346,0.028894931077957153
12040,57.09375,0.010824132710695267,-0.03654949441552162,0.09594171680510044,0.0,0.4456023842096329,0.023625239520333706,0.010824132710695267
12050,71.09375,0.008367715403437614,-0.039500767923891546,0.03605839377269149,0.0,0.443351112306118,0.018024614080786705,0.008367715403437614
12060,90.59375,0.023655414581298828,-0.027798856049776076,0.06813007146120072,0.0,0.44101574271917343,0.02540310542099178,0.023655414581298828
12070,62.625,0.014511771500110626,-0.02961497288197279,0.062407729029655454,0.0,0.4369936570525169,0.014356263517402112,0.014511771500110626
12080,54.375,0.021284472197294235,-0.03122529946267605,0.05308920536190272,0.0,0.4352377727627754,0.009840215067379176,0.021284472197294235
12090,57.59375,-0.011089296080172062,-0.05599111383780837,0.02002522274851799,0.0,0.43367128968238833,0.004074001172557473,-0.011089296080172062
12100,76.21875,0.0105690136551857,-0.04806806929409504,0.028872933238744736,0.0,0.43294586390256884,0.00673097723047249,0.0105690136551857
12110,75.9375,0.0006445553153753281,-0.0513061735779047,0.014865876268595457,0.0,0.4332253962755203,0.007656937427236698,0.0006445553153753281
12120,69.84375,0.0075035421177744865,-0.05326635558158159,0.025907891616225243,0.0,0.4323111981153488,0.00311317736050114,0.0075035421177744865
12130,56.78125,0.0036823349073529243,-0.05497401133179665,0.020940488763153554,0.0,0.43409364521503446,-0.0012049312004819511,0.0036823349073529243
12140,71.0,-0.006197205279022455,-0.04666211046278477,0.023059855960309506,0.0,0.43358260244131086,0.008022405387600883,-0.006197205279022455
12150,74.71875,-0.007082668133080006,-0.04852232336997986,0.015846932586282492,0.0,0.43248935639858244,0.006377236690605059,-0.007082668133080006
12160,67.96875,-0.0006176126189529896,-0.04144313205033541,0.0912640243768692,0.0,0.43105132728815077,0.003099233680404723,-0.0006176126189529896
12170,77.0,0.002203722484409809,-0.04435925129801035,0.028022699244320392,0.0,0.42516901195049284,-0.006967582728248089,0.002203722484409809
12180,99.84375,0.005984465591609478,-0.03343151919543743,0.14695485159754754,0.0,0.43003093600273135,0.014096360135590657,0.005984465591609478
12190,78.78125,0.005524725653231144,-0.05187179334461689,0.04021511897444725,0.0,0.4322658196091652,0.0020792455645278094,0.005524725653231144
12200,57.0,0.0005763391964137554,-0.034085192158818244,0.06605007201433181,0.0,0.4322613954544067,0.006268951480160467,0.0005763391964137554
12210,74.96875,-0.0069658514112234116,-0.03351629045791924,0.05884420722723007,0.0,0.43899028599262235,0.015094245213549583,-0.0069658514112234116
12220,66.84375,0.02151564508676529,-0.048660548590123656,0.014878542255610227,0.0,0.4411751300096512,0.015960334287956356,0.02151564508676529
12230,84.375,0.01229116041213274,-0.04422342171892524,0.03870166186243296,0.0,0.44508542865514755,0.021691919886507094,0.01229116041213274
12240,90.9375,0.03311094641685486,-0.046199267543852326,0.027710523456335068,0.0,0.4478572100400925,0.02137627135962248,0.03311094641685486
12250,94.0,0.029366403818130493,-0.03187550976872444,0.1930396229028702,0.0,0.45304994732141496,0.027183603309094907,0.029366403818130493
12260,87.46875,0.017309844493865967,-0.033573813177645205,0.16725033223629,0.0,0.4523992821574211,0.02682895022444427,0.017309844493865967
12270,81.4375,0.01810571178793907,-0.046737336181104185,0.016896116174757482,0.0,0.45268799662590026,0.026877415319904684,0.01810571178793907
12280,103.0625,0.026768533512949944,-0.021211738325655462,0.18003852777183055,0.0,0.45234391540288926,0.025734995352104308,0.026768533512949944
12290,80.625,0.01715412177145481,-0.029848670586943626,0.10433233305811881,0.0,0.4532409608364105,0.02700295194517821,0.01715412177145481
12300,90.0,0.023918554186820984,-0.02896551340818405,0.11543164402246475,0.0,0.45531063377857206,0.029556315392255783,0.023918554186820984
12310,69.1875,0.027056997641921043,-0.048940758034586904,0.02557789031416178,0.0,0.4558650553226471,0.025648978911340235,0.027056997641921043
12320,90.125,0.01100323535501957,-0.03642062582075596,0.1134249709546566,0.0,0.4566251039505005,0.023580579983536153,0.01100323535501957
12330,55.65625,-0.012456372380256653,-0.06024716645479202,0.025029689818620682,0.0,0.45201701670885086,0.014732751238625497,-0.012456372380256653
12340,78.46875,-0.0015250546857714653,-0.033859368320554493,0.09718760773539543,0.0,0.450990329682827,0.01562848751200363,-0.0015250546857714653
12350,85.6875,0.043319765478372574,-0.05015540402382612,0.019120120257139207,0.0,0.451785059273243,0.022541429940611125,0.043319765478372574
12360,88.75,0.018473168835043907,-0.05228376872837544,0.023679017089307308,0.0,0.4552274063229561,0.02943232739344239,0.018473168835043907
12370,99.75,0.025447681546211243,-0.027406310476362706,0.05835696756839752,0.0,0.45700358897447585,0.029529692325741052,0.025447681546211243
12380,77.0625,0.025756031274795532,-0.03368542343378067,0.177937750518322,0.0,0.45678434818983077,0.028344106581062078,0.025756031274795532
12390,74.09375,0.0234464630484581,-0.04579113479703665,0.022840934060513973,0.0,0.45697225630283356,0.027841829974204303,0.0234464630484581
12400,79.15625,0.01859135925769806,-0.03578657554462552,0.09595489613711834,0.0,0.4548946335911751,0.02208130485378206,0.01859135925769806
12410,78.125,0.020716572180390358,-0.03479150519706309,0.08732441253960133,0.0,0.45384797602891924,0.024348374176770448,0.020716572180390358
12420,81.28125,0.0261881984770298,-0.03373155100271106,0.09569888189435005,0.0,0.45336281359195707,0.02282230365090072,0.0261881984770298
12430,72.75,0.02676841802895069,-0.034572072140872476,0.11178045198321343,0.0,0.4518259659409523,0.021864213841035963,0.02676841802895069
12440,85.15625,0.025007687509059906,-0.04970919732004404,0.02614091318100691,0.0,0.4536942780017853,0.0280527017544955,0.025007687509059906
12450,77.09375,0.02715790644288063,-0.054677489958703515,0.01968345195055008,0.0,0.4522227019071579,0.027758085820823907,0.02715790644288063
12460,84.0625,0.025934942066669464,-0.029117811191827058,0.11006704419851303,0.0,0.4520588889718056,0.02153535494580865,0.025934942066669464
12470,78.65625,0.019462548196315765,-0.02530250521376729,0.19005611836910247,0.0,0.4543394908308983,0.023978087701834738,0.019462548196315765
12480,104.0,0.018989793956279755,-0.05273694982752204,0.02282309830188751,0.0,0.4557020828127861,0.02593214754015207,0.018989793956279755
12490,85.28125,0.008393310010433197,-0.04687714916653931,0.029563752934336662,0.0,0.45657391250133517,0.025200454168953,0.008393310010433197
12500,102.25,0.027060627937316895,-0.028984684124588968,0.13014934137463569,0.0,0.45751840323209764,0.026614890852943062,0.027060627937316895
12510,96.78125,0.02386517822742462,-0.04363194978795946,0.03538009561598301,0.0,0.46231023520231246,0.03065751218236983,0.02386517822742462
12520,111.6875,0.007214565761387348,-0.04466294087469578,0.03203378655016422,0.0,0.46038911044597625,0.028579047275707127,0.007214565761387348
12530,96.5,0.01892312802374363,-0.036489023454487325,0.050459237024188044,0.0,0.45861264914274213,0.020900405361317098,0.01892312802374363
12540,74.09375,0.01332119945436716,-0.033955959230661394,0.1842149630188942,0.0,0.45948339253664017,0.027645772555842996,0.01332119945436716
12550,89.65625,0.007301068864762783,-0.03646746352314949,0.3108657389879227,0.0,0.4611328989267349,0.03253510332433507,0.007301068864762783
12560,102.96875,0.010122062638401985,-0.053488388564437626,0.021029472164809705,0.0,0.4604482248425484,0.026866630464792252,0.010122062638401985
12570,66.40625,0.010013504885137081,-0.03853924423456192,0.10802147164940834,0.0,0.45608828514814376,0.01617227013921365,0.010013504885137081
12580,104.65625,-0.003943227231502533,-0.04704772997647524,0.01487605581060052,0.0,0.4531644910573959,0.006480744830332697,-0.003943227231502533
12590,87.375,0.013605768792331219,-0.03897084631025791,0.11808785870671272,0.0,0.45015650540590285,0.013282568519935012,0.013605768792331219
12600,94.375,0.015420902520418167,-0.03266701553948224,0.16884126365184784,0.0,0.4513304114341736,0.01990905813872814,0.015420902520418167
12610,79.125,0.02789332903921604,-0.03467430416494608,0.05964049603790045,0.0,0.44783220142126084,0.014878035825677215,0.02789332903921604
12620,87.15625,0.02260158769786358,-0.029431353323161602,0.10183108560740947,0.0,0.4511184722185135,0.024608832970261573,0.02260158769786358
12630,72.53125,0.02672683820128441,-0.04343463145196438,0.03874871823936701,0.0,0.45413758754730227,0.02594349654391408,0.02672683820128441
12640,84.90625,0.02973911538720131,-0.05743978787213564,0.01837621247395873,0.0,0.4554188191890717,0.025302262837067248,0.02973911538720131
12650,66.53125,0.020406614989042282,-0.03918209671974182,0.34457277655601504,0.0,0.45532520264387133,0.023143501253798604,0.020406614989042282
12660,94.875,0.01463179662823677,-0.05532207041978836,0.016730332747101784,0.0,0.45449539124965666,0.025231999158859254,0.01463179662823677
12670,71.65625,-0.0015185459051281214,-0.05534409303218126,0.01801068875938654,0.0,0.45238998979330064,0.021585707343183456,-0.0015185459051281214
12680,82.84375,0.017492827028036118,-0.03264570208266378,0.15958064422011375,0.0,0.4527920112013817,0.017043517762795092,0.017492827028036118
12690,82.25,0.019423704594373703,-0.0387462523765862,0.08947892412543297,0.0,0.45479963421821595,0.018825397116597743,0.019423704594373703
12700,83.75,0.014626276679337025,-0.043663973733782765,0.08212370797991753,0.0,0.4530575782060623,0.025697917118668555,0.014626276679337025
12710,79.0625,0.006161865778267384,-0.045639621838927266,0.06350674834102392,0.0,0.45118921548128127,0.020491883950307967,0.006161865778267384
12720,89.9375,0.011134294793009758,-0.03416412388905883,0.09871566146612168,0.0,0.4522788509726524,0.019635067461058496,0.011134294793009758
12730,91.15625,0.02484910935163498,-0.04861864289268851,0.0113037065602839,0.0,0.45157134234905244,0.024066608818247914,0.02484910935163498
12740,79.625,0.023583585396409035,-0.05382964238524437,0.023595318011939526,0.0,0.45261742919683456,0.01716261433903128,0.023583585396409035
12750,74.5,0.015350695699453354,-0.05230141817592084,0.020663782395422457,0.0,0.4524478554725647,0.014304207637906075,0.015350695699453354
12760,73.3125,0.01335312332957983,-0.051528718881309034,0.01692030355334282,0.0,0.4545686647295952,0.020268236473202705,0.01335312332957983
12770,81.40625,0.03525013476610184,-0.028201892226934432,0.14222726076841355,0.0,0.4561492681503296,0.024188232561573385,0.03525013476610184
12780,64.3125,0.02179321087896824,-0.057437014579772946,0.026102434657514096,0.0,0.45938948839902877,0.02845181031152606,0.02179321087896824
12790,75.125,0.028547149151563644,-0.06029972769320011,0.01672934219241142,0.0,0.4605663925409317,0.02840880462899804,0.028547149151563644
12800,75.9375,0.023676596581935883,-0.05363000025972724,0.01603331360965967,0.0,0.4580961585044861,0.03131790654733777,0.023676596581935883
12810,71.4375,0.016729161143302917,-0.030529576633125544,0.1647162064909935,0.0,0.45919867902994155,0.034232356352731586,0.016729161143302917
12820,98.59375,0.03372739255428314,-0.03154632188379765,0.07838154621422291,0.0,0.45617191344499586,0.02971626501530409,0.03372739255428314
12830,81.0625,0.0278354249894619,-0.04027051609009504,0.02204013280570507,0.0,0.46013564318418504,0.035568439215421674,0.0278354249894619
12840,78.1875,0.026749126613140106,-0.05390904042869806,0.02131095193326473,0.0,0.4577627569437027,0.02672953885048628,0.026749126613140106
12850,55.875,0.012835083529353142,-0.058641872555017474,0.01631232937797904,0.0,0.45736303329467776,0.023977760993875562,0.012835083529353142
12860,72.9375,0.013555899262428284,-0.038066429644823076,0.05601820256561041,0.0,0.45750313103199003,0.025046000652946532,0.013555899262428284
12870,59.8125,-0.0010132694151252508,-0.057742418348789216,0.016320421267300843,0.0,0.4528539881110191,0.018467499664984642,-0.0010132694151252508
12880,69.5,0.0009085502242669463,-0.04132146891206503,0.08555657640099526,0.0,0.45616757273674013,0.022554714838042854,0.0009085502242669463
12890,95.5625,0.017720449715852737,-0.05008233394473791,0.013417148124426603,0.0,0.45850052535533903,0.027500202320516108,0.017720449715852737
12900,66.28125,0.014154215343296528,-0.05119167398661375,0.017241246439516543,0.0,0.4547693356871605,0.023059035092592238,0.014154215343296528
12910,60.65625,0.01180417463183403,-0.04428007686510682,0.021024991758167744,0.0,0.4570836141705513,0.025706575997173787,0.01180417463183403
12920,83.4375,0.016611911356449127,-0.03721534069627523,0.018988604843616485,0.0,0.45684774219989777,0.026594538567587735,0.016611911356449127
12930,89.4375,0.020268380641937256,-0.0314716275781393,0.061694074794650076,0.0,0.45626097172498703,0.029176056571304797,0.020268380641937256
12940,64.75,0.02002628892660141,-0.0386826453730464,0.03034865725785494,0.0,0.4553937241435051,0.018243063834961503,0.02002628892660141
12950,59.625,0.01807752624154091,-0.05136805828660727,0.013938232325017452,0.0,0.45433190613985064,0.017164140427485108,0.01807752624154091
12960,65.03125,0.024829236790537834,-0.04830895625054836,0.02199157513678074,0.0,0.4577532887458801,0.025185430143028497,0.024829236790537834
12970,81.4375,0.02988148108124733,-0.04719194415956736,0.011923201382160187,0.0,0.4592530831694603,0.026430737832561134,0.02988148108124733
12980,103.1875,0.02091749757528305,-0.043038736144080755,0.010127956327050925,0.0,0.4590176597237587,0.03177154613658786,0.02091749757528305
12990,89.9375,0.03627415746450424,-0.02846149168908596,0.05651393160223961,0.0,0.4603190943598747,0.03038323475047946,0.03627415746450424
13000,85.15625,0.021326567977666855,-0.0317761080339551,0.06001281701028347,0.0,0.4597406148910522,0.029464428406208755,0.021326567977666855
13010,75.03125,0.0240956861525774,-0.045785147324204446,0.08590993843972683,0.0,0.4610226958990097,0.027843240788206457,0.0240956861525774
13020,85.28125,0.03957122936844826,-0.03904757853597403,0.09192604199051857,0.0,0.46355907022953036,0.035197576694190505,0.03957122936844826
13030,79.5,0.020711392164230347,-0.04977177586406469,0.023183465749025346,0.0,0.46720546931028367,0.034730580262839796,0.020711392164230347
13040,107.65625,0.042623184621334076,-0.02509747529402375,0.10289478972554207,0.0,0.46978984624147413,0.041933823749423026,0.042623184621334076
13050,84.8125,0.03522462025284767,-0.04078382942825556,0.15724844634532928,0.0,0.4761496737599373,0.04386278633028269,0.03522462025284767
13060,94.0625,0.04661576822400093,-0.030707118287682533,0.21897525787353517,0.0,0.47694027721881865,0.04598272778093815,0.04661576822400093
13070,87.71875,0.037623561918735504,-0.035072185657918455,0.3085843712091446,0.0,0.47503245919942855,0.040129553992301226,0.037623561918735504
13080,89.34375,0.050079092383384705,-0.03166371732950211,0.12391181364655494,0.0,0.47539273649454117,0.048726354539394376,0.050079092383384705
13090,94.25,0.034686796367168427,-0.05987481344491243,0.013940524309873581,0.0,0.4745739161968231,0.04227352384477854,0.034686796367168427
13100,94.34375,0.04350699111819267,-0.028390975296497346,0.19189711213111876,0.0,0.4758271902799606,0.04826158136129379,0.04350699111819267
13110,87.25,0.05437461659312248,-0.05045752096921206,0.042004255950450896,0.0,0.4807833477854729,0.052052156254649165,0.05437461659312248
13120,84.4375,0.04507122561335564,-0.032207007706165316,0.05934342974796891,0.0,0.4776109024882317,0.04540102537721395,0.04507122561335564
13130,81.53125,0.03328251093626022,-0.036883081775158644,0.08410464562475681,0.0,0.4752622440457344,0.03907353039830923,0.03328251093626022
13140,98.96875,0.044508010149002075,-0.034030518122017385,0.1397613286972046,0.0,0.478337062895298,0.04832085790112615,0.044508010149002075
13150,81.03125,0.04006516933441162,-0.035633265320211646,0.086727175116539,0.0,0.47963330149650574,0.049219197034835814,0.04006516933441162
13160,88.40625,0.03680926561355591,-0.03354774005711079,0.05292945168912411,0.0,0.47703828364610673,0.042874000314623115,0.03680926561355591
13170,68.21875,0.03226306289434433,-0.03987712115049362,0.0959019523113966,0.0,0.4754351481795311,0.044621283654123545,0.03226306289434433
13180,124.53125,0.05624694377183914,-0.029341798275709152,0.07972880974411964,0.0,0.4772193357348442,0.0504202438518405,0.05624694377183914
13190,63.96875,0.027252323925495148,-0.05153893353417516,0.02719889711588621,0.0,0.47359488606452943,0.04349162895232439,0.027252323925495148
13200,93.25,0.054996006190776825,-0.03689100779592991,0.056699289754033086,0.0,0.4726568698883057,0.043661325424909594,0.054996006190776825
13210,83.40625,0.04526548087596893,-0.0388936223462224,0.17384051159024239,0.0,0.4758422955870628,0.04812906105071306,0.04526548087596893
13220,69.53125,0.03589479625225067,-0.03406345546245575,0.08207458294928074,0.0,0.47839984148740766,0.047656474635005,0.03589479625225067
13230,85.34375,0.04122608155012131,-0.05107616186141968,0.01803364120423794,0.0,0.4801488846540451,0.04726423118263483,0.04122608155012131
13240,71.59375,0.038939282298088074,-0.05398166459053755,0.01815137006342411,0.0,0.4797763004899025,0.0438561737537384,0.038939282298088074
13250,74.21875,0.03449268266558647,-0.052925380412489176,0.02355877049267292,0.0,0.4757567882537842,0.041758155822753905,0.03449268266558647
13260,73.625,0.054390113800764084,-0.052993384189903736,0.01738480105996132,0.0,0.4738049805164337,0.03868890684098005,0.054390113800764084
13270,89.625,0.04743710160255432,-0.045549562107771634,0.029218272492289542,0.0,0.47741357535123824,0.044886471796780826,0.04743710160255432
13280,61.34375,0.02454880066215992,-0.03810088820755482,0.12404755651950836,0.0,0.4774850994348526,0.046206488739699125,0.02454880066215992
13290,88.9375,0.04521144926548004,-0.04486168809235096,0.03343893066048622,0.0,0.47838169932365415,0.04462315635755658,0.04521144926548004
13300,106.75,0.05473177880048752,-0.029737882502377033,0.09114298671483993,0.0,0.4802323549985886,0.05447465498000383,0.05473177880048752
13310,61.40625,0.028149545192718506,-0.038179096207022666,0.14414860308170319,0.0,0.47498665004968643,0.043270106241106984,0.028149545192718506
13320,73.21875,0.03057682514190674,-0.029761321470141412,0.09833482280373573,0.0,0.47375640869140623,0.03899260712787509,0.03057682514190674
13330,88.1875,0.03787101060152054,-0.041250298451632264,0.059345752000808716,0.0,0.4734022244811058,0.04366265488788486,0.03787101060152054
13340,73.15625,0.03337932378053665,-0.05051551694050431,0.031163734197616578,0.0,0.47157900482416154,0.03609625245444477,0.03337932378053665
13350,77.0625,0.04245145618915558,-0.03493309859186411,0.07249125652015209,0.0,0.47617524266242983,0.043058213870972396,0.04245145618915558
13360,74.59375,0.04449997469782829,-0.03069406058639288,0.04986164253205061,0.0,0.4765194997191429,0.04167104884982109,0.04449997469782829
13370,49.34375,0.026205990463495255,-0.05075688436627388,0.010854027327150106,0.0,0.4736506924033165,0.03629718739539385,0.026205990463495255
13380,81.625,0.04399269074201584,-0.05439839456230402,0.014954531006515026,0.0,0.47504268288612367,0.04395052595064044,0.04399269074201584
13390,58.5625,0.03366415575146675,-0.04846421629190445,0.022129603009670974,0.0,0.4748169556260109,0.037673679459840057,0.03366415575146675
13400,57.34375,0.03296275436878204,-0.041516098007559774,0.028433457016944885,0.0,0.47276689261198046,0.03568260371685028,0.03296275436878204
13410,69.0625,0.0318511538207531,-0.048231377825140954,0.013532978855073452,0.0,0.4712475001811981,0.03370221108198166,0.0318511538207531
13420,71.5,0.05105505883693695,-0.0552543081343174,0.011595581378787755,0.0,0.47385838627815247,0.03944456684403121,0.05105505883693695
13430,73.28125,0.02235395461320877,-0.04882639199495316,0.017571318335831164,0.0,0.47272462248802183,0.034416030254215,0.02235395461320877
13440,72.46875,0.03744449466466904,-0.05153094381093979,0.02885433342307806,0.0,0.4705560430884361,0.03658897178247571,0.03744449466466904
13450,59.90625,-0.001531168818473816,-0.05215390436351299,0.03093444388359785,0.0,0.4701960444450378,0.018317822855897246,-0.001531168818473816
13460,51.125,0.035251278430223465,-0.0527311734855175,0.01935860002413392,0.0,0.4686707600951195,0.022814683651085944,0.035251278430223465
13470,91.09375,0.046995822340250015,-0.052690467704087494,0.014203150384128093,0.0,0.4725484475493431,0.03317088389303535,0.046995822340250015
13480,75.5,0.03188857063651085,-0.05696405488997698,0.013688259199261666,0.0,0.4723041504621506,0.0323923506308347,0.03188857063651085
13490,84.40625,0.019820895045995712,-0.04022165462374687,0.023153109662234782,0.0,0.4712181329727173,0.03344440143555403,0.019820895045995712
13500,83.78125,0.03742121160030365,-0.04802306527271867,0.01075142240151763,0.0,0.4704247906804085,0.03335736677981913,0.03742121160030365
13510,91.96875,0.042085155844688416,-0.03972465433180332,0.026816082932054997,0.0,0.4744681820273399,0.04156825682148337,0.042085155844688416
13520,80.90625,0.03884607553482056,-0.05230322908610106,0.028833536244928838,0.0,0.4743256404995918,0.032866566255688665,0.03884607553482056
13530,52.03125,0.0401330441236496,-0.03829288091510534,0.02908458625897765,0.0,0.47625851184129714,0.03753662691451609,0.0401330441236496
13540,89.5,0.05749662220478058,-0.03661748562008142,0.05563530251383782,0.0,0.48106435537338255,0.047971187718212606,0.05749662220478058
13550,94.71875,0.03488336130976677,-0.0453885049559176,0.03930483348667622,0.0,0.48142658919095993,0.04638637453317642,0.03488336130976677
13560,69.9375,0.04430932551622391,-0.061882327869534494,0.020516587980091573,0.0,0.48322067558765414,0.05440493933856487,0.04430932551622391
13570,70.46875,0.05226811766624451,-0.04403797425329685,0.022042765840888025,0.0,0.484454382956028,0.04829901400953531,0.05226811766624451
13580,58.59375,0.047814756631851196,-0.046837206929922104,0.01838992740958929,0.0,0.4828617572784424,0.04597353124991059,0.047814756631851196
13590,73.34375,0.04687443748116493,-0.04597647171467543,0.024741051159799098,0.0,0.4864727288484573,0.05206262581050396,0.04687443748116493
13600,84.03125,0.04030168056488037,-0.05183922741562128,0.010445665940642357,0.0,0.4844578951597214,0.046452574990689756,0.04030168056488037
13610,64.59375,0.05110923945903778,-0.028531093057245015,0.05831885011866689,0.0,0.48790563344955445,0.05315046180039644,0.05110923945903778
13620,76.84375,0.04343213140964508,-0.05018725879490375,0.015248181205242873,0.0,0.4877338245511055,0.05037386175245047,0.04343213140964508
13630,83.28125,0.046764545142650604,-0.04478312805294991,0.030111220292747022,0.0,0.48867368549108503,0.05208561345934868,0.046764545142650604
13640,83.4375,0.05928432196378708,-0.03347717011347413,0.07762332074344158,0.0,0.4904190763831139,0.05877879112958908,0.05928432196378708
13650,110.125,0.04912771284580231,-0.051783645804971454,0.014330138359218836,0.0,0.4901676788926125,0.05222838763147593,0.04912771284580231
13660,80.125,0.06309668719768524,-0.04019889589399099,0.037463645078241826,0.0,0.4873222678899765,0.04950938755646348,0.06309668719768524
13670,94.65625,0.032701242715120316,-0.028117520548403264,0.06702791936695576,0.0,0.48966232538223264,0.052882380038499835,0.032701242715120316
13680,100.53125,0.0361236073076725,-0.05512825101613998,0.0234816150739789,0.0,0.48983024507761,0.05205228216946125,0.0361236073076725
13690,87.5,0.057799942791461945,-0.03374144895933569,0.1250516913831234,0.0,0.48603644371032717,0.03803879152983427,0.057799942791461945
13700,98.0,0.062339186668395996,-0.03116064891219139,0.07630441561341286,0.0,0.4872982233762741,0.058886170387268066,0.062339186668395996
13710,104.78125,0.05514420568943024,-0.051835561729967596,0.020112395100295544,0.0,0.4945982336997986,0.06660347208380699,0.05514420568943024
13720,80.75,0.06127576529979706,-0.041623974312096836,0.02274404149502516,0.0,0.49677388966083524,0.059020170010626316,0.06127576529979706
13730,65.21875,0.06808718293905258,-0.02310790978372097,0.16289041042327881,0.0,0.4993936687707901,0.06421944834291934,0.06808718293905258
13740,91.5625,0.06610526889562607,-0.05125500001013279,0.017151873372495175,0.0,0.4987439766526222,0.06606943421065807,0.06610526889562607
13750,93.84375,0.05786900594830513,-0.03658903986215591,0.12959777265787126,0.0,0.4978827998042107,0.06667598038911819,0.05786900594830513
13760,58.9375,0.0537576824426651,-0.034772144816815856,0.1906137764453888,0.0,0.49847896993160246,0.059786373004317286,0.0537576824426651
13770,102.28125,0.06099506467580795,-0.027328390441834927,0.13079358041286468,0.0,0.49900954514741896,0.06163840107619763,0.06099506467580795
13780,91.6875,0.07175909727811813,-0.040951128397136924,0.026365939155220987,0.0,0.49737822264432907,0.06608485095202923,0.07175909727811813
13790,73.03125,0.05421876534819603,-0.030778409726917744,0.10006195828318595,0.0,0.49873449057340624,0.06392168700695038,0.05421876534819603
13800,109.40625,0.05843215435743332,-0.033254080824553965,0.1269870102405548,0.0,0.4968579947948456,0.0636679431423545,0.05843215435743332
13810,77.9375,0.056506261229515076,-0.02610551156103611,0.1544804498553276,0.0,0.49520392119884493,0.05589163172990084,0.056506261229515076
13820,113.8125,0.04903538525104523,-0.023676562309265136,0.20138820856809617,0.0,0.4950828567147255,0.05593091957271099,0.04903538525104523
13830,98.8125,0.05571957305073738,-0.031134270783513784,0.09390449151396751,0.0,0.49187109917402266,0.05176301188766956,0.05571957305073738
13840,92.34375,0.05517292022705078,-0.03513574982061982,0.23089003711938857,0.0,0.4922718435525894,0.05501190759241581,0.05517292022705078
13850,96.5625,0.049867331981658936,-0.051343867741525176,0.014765983913093805,0.0,0.49365196079015733,0.057511081174016,0.049867331981658936
13860,103.4375,0.03957846388220787,-0.03908343855291605,0.02865614853799343,0.0,0.49223876297473906,0.05230589173734188,0.03957846388220787
13870,82.65625,0.03584016114473343,-0.03408552706241608,0.07639457881450654,0.0,0.490094767510891,0.04365988085046411,0.03584016114473343
13880,119.6875,0.06359170377254486,-0.02630090359598398,0.04979091826826334,0.0,0.49323118180036546,0.058645387552678584,0.06359170377254486
13890,93.53125,0.07638439536094666,-0.05063723437488079,0.020442330092191697,0.0,0.4939756810665131,0.06345870178192854,0.07638439536094666
13900,94.71875,0.06266205757856369,-0.03304895544424653,0.16812485530972482,0.0,0.49722742587327956,0.05901996213942766,0.06266205757856369
13910,91.75,0.0623331293463707,-0.039414399210363625,0.04748958237469196,0.0,0.49830131977796555,0.06313259340822697,0.0623331293463707
13920,98.09375,0.07132717221975327,-0.02962673455476761,0.2735729992389679,0.0,0.4970840036869049,0.05991517491638661,0.07132717221975327
13930,96.5,0.06065114587545395,-0.02977905236184597,0.053329136408865455,0.0,0.4997568503022194,0.06382991801947355,0.06065114587545395
13940,105.625,0.06190108880400658,-0.0477996801957488,0.058827952668070796,0.0,0.49950510561466216,0.06140236705541611,0.06190108880400658
13950,110.625,0.07611996680498123,-0.045692143775522706,0.018479793239384888,0.0,0.5014691069722176,0.0647538535296917,0.07611996680498123
13960,97.5625,0.06347272545099258,-0.056366360560059545,0.01920956838876009,0.0,0.5020333886146545,0.06847641486674547,0.06347272545099258
13970,105.3125,0.0648798942565918,-0.030265715159475803,0.13023447170853614,0.0,0.5025008767843246,0.06568627245724201,0.0648798942565918
13980,87.28125,0.052934177219867706,-0.03191420454531908,0.1020477756857872,0.0,0.500947143137455,0.05864613763988018,0.052934177219867706
13990,72.9375,0.04025290906429291,-0.03555139591917396,0.19948782175779342,0.0,0.5012841627001763,0.052397442236542704,0.04025290906429291
14000,76.6875,0.05397406592965126,-0.05193395242094993,0.04544628448784351,0.0,0.5016472935676575,0.04804074540734291,0.05397406592965126
14010,85.46875,0.06248469650745392,-0.03997709732502699,0.164572561532259,0.0,0.5056024730205536,0.05403216108679772,0.06248469650745392
14020,80.59375,0.05321377515792847,-0.054173688590526584,0.03316733054816723,0.0,0.5068883180618287,0.05786971710622311,0.05321377515792847
14030,75.53125,0.050479426980018616,-0.04715287163853645,0.10575772821903229,0.0,0.5033783167600632,0.05909411925822496,0.050479426980018616
14040,75.28125,0.06168550252914429,-0.04490986503660679,0.021767439041286706,0.0,0.502658361196518,0.0559669952839613,0.06168550252914429
14050,105.21875,0.044712651520967484,-0.04397931396961212,0.010365331033244728,0.0,0.5038019031286239,0.06523973103612661,0.044712651520967484
14060,89.9375,0.061135780066251755,-0.05252595767378807,0.028971217386424542,0.0,0.5039263933897018,0.06530204098671674,0.061135780066251755
14070,95.46875,0.06823374330997467,-0.026813999563455582,0.09544792734086513,0.0,0.5031427502632141,0.0693746715784073,0.06823374330997467
14080,97.34375,0.051852211356163025,-0.03199541848152876,0.122964745759964,0.0,0.5077287092804909,0.0709289077669382,0.051852211356163025
14090,81.15625,0.07166236639022827,-0.03686226950958371,0.10902301371097564,0.0,0.5054601207375526,0.06177883129566908,0.07166236639022827
14100,106.65625,0.08383812010288239,-0.04468277599662542,0.02057035844773054,0.0,0.50827556848526,0.07287715878337622,0.08383812010288239
14110,74.09375,0.05315548926591873,-0.052906826697289945,0.023482242599129677,0.0,0.5059683501720429,0.0647238964214921,0.05315548926591873
14120,80.375,0.059392523020505905,-0.03741937596350908,0.12932581081986427,0.0,0.5025344401597976,0.05929329488426447,0.059392523020505905
14130,81.28125,0.06071684509515762,-0.032327137887477875,0.2577802315354347,0.0,0.5022184669971466,0.06130146663635969,0.06071684509515762
14140,98.4375,0.06768225133419037,-0.05198182314634323,0.021140474639832974,0.0,0.5014536544680596,0.061706109903752804,0.06768225133419037
14150,64.4375,0.05367128551006317,-0.04282483961433172,0.07530230078846216,0.0,0.5023429274559021,0.06497367937117815,0.05367128551006317
14160,101.125,0.059815242886543274,-0.036143246293067935,0.1785114273428917,0.0,0.5019926011562348,0.06279990151524543,0.059815242886543274
14170,85.84375,0.07642064988613129,-0.04438919248059392,0.018974767066538334,0.0,0.5023568838834762,0.0613835820928216,0.07642064988613129
14180,95.5,0.06404854357242584,-0.048434717766940596,0.021934342570602894,0.0,0.5017741248011589,0.05843785870820284,0.06404854357242584
14190,86.96875,0.06153229996562004,-0.03798027280718088,0.05609067566692829,0.0,0.5010017663240433,0.0648645270615816,0.06153229996562004
14200,92.625,0.0657331794500351,-0.0570295643992722,0.014253373350948095,0.0,0.5023203700780868,0.06400640942156315,0.0657331794500351
14210,74.0625,0.051468655467033386,-0.029824601858854292,0.07734260857105255,0.0,0.5025392293930053,0.06314391698688268,0.051468655467033386
14220,77.8125,0.04586714878678322,-0.03731442727148533,0.07187543958425521,0.0,0.5016078069806099,0.060272219404578206,0.04586714878678322
14230,57.375,0.05472104996442795,-0.03935894798487425,0.06562341190874577,0.0,0.5008882567286491,0.0566263347864151,0.05472104996442795
14240,81.90625,0.05105935037136078,-0.04119774610735476,0.037870865873992444,0.0,0.49975877851247785,0.05823736321181059,0.05105935037136078
14250,74.125,0.053903572261333466,-0.05031761899590492,0.015953261777758597,0.0,0.4976101994514465,0.05622370839118958,0.053903572261333466
14260,56.5,0.03951198607683182,-0.04228194896131754,0.03505703080445528,0.0,0.49611426442861556,0.049549843929708,0.03951198607683182
14270,76.21875,0.044994741678237915,-0.039023807644844054,0.11809820011258125,0.0,0.49779458791017533,0.051045181788504125,0.044994741678237915
14280,71.625,0.059579066932201385,-0.04134317040443421,0.027740715071558952,0.0,0.4983104467391968,0.06030560396611691,0.059579066932201385
14290,87.75,0.05327973514795303,-0.02923997212201357,0.14552997425198555,0.0,0.5016206264495849,0.060971657186746596,0.05327973514795303
14300,58.78125,0.04603546857833862,-0.043814314715564254,0.02581871785223484,0.0,0.5020080521702767,0.05434028590098024,0.04603546857833862
14310,97.59375,0.06553173065185547,-0.037945672124624255,0.056799677386879924,0.0,0.5041106417775154,0.06529441345483064,0.06553173065185547
14320,77.9375,0.053953565657138824,-0.04239875581115484,0.03693675827234984,0.0,0.5023346796631813,0.06271259989589453,0.053953565657138824
14330,88.1875,0.07019757479429245,-0.05324870087206364,0.029098241403698922,0.0,0.504152262210846,0.06738677509129047,0.07019757479429245
14340,63.53125,0.043369099497795105,-0.05374293718487024,0.020835458301007748,0.0,0.5028307810425758,0.06079381555318832,0.043369099497795105
14350,91.59375,0.05300240218639374,-0.047817200608551505,0.018853073939681053,0.0,0.5037692055106163,0.05832023657858372,0.05300240218639374
14360,62.15625,0.0512310266494751,-0.04760131482034922,0.014705815352499485,0.0,0.5019027814269066,0.05893475860357285,0.0512310266494751
14370,82.0625,0.0323791578412056,-0.0446205860003829,0.04196622893214226,0.0,0.505891564488411,0.05458866516128182,0.0323791578412056
14380,76.5625,0.05316603183746338,-0.05359278116375208,0.013381925970315933,0.0,0.5039190426468849,0.05808016806840897,0.05316603183746338
14390,88.5625,0.05649890750646591,-0.037692650221288204,0.052903549000620845,0.0,0.5064105063676834,0.06263259891420603,0.05649890750646591
14400,84.34375,0.04929611086845398,-0.04086141511797905,0.04178448747843504,0.0,0.50570550262928,0.05972829349339008,0.04929611086845398
14410,90.34375,0.060621969401836395,-0.033476393390446904,0.09859001077711582,0.0,0.503865584731102,0.05970272496342659,0.060621969401836395
14420,68.03125,0.04638077691197395,-0.03885324280709028,0.1917290672659874,0.0,0.5045887619256973,0.07058820184320211,0.04638077691197395
14430,83.625,0.06265440583229065,-0.051685247011482714,0.026846615597605705,0.0,0.5053097873926162,0.058564366586506364,0.06265440583229065
14440,80.75,0.07943225651979446,-0.022085790522396564,0.10356243178248406,0.0,0.5041424036026001,0.06316728331148624,0.07943225651979446
14450,89.53125,0.05108283460140228,-0.04746024115011096,0.03759701568633318,0.0,0.505303430557251,0.06383059490472079,0.05108283460140228
14460,89.8125,0.0591023713350296,-0.0454700643196702,0.04168952442705631,0.0,0.5079634010791778,0.06250326186418534,0.0591023713350296
14470,78.71875,0.06021467596292496,-0.03176716323941946,0.16098036319017411,0.0,0.5089114904403687,0.06943067982792854,0.06021467596292496
14480,95.96875,0.07657316327095032,-0.049060605280101297,0.015373799670487642,0.0,0.5123031675815582,0.07326411791145801,0.07657316327095032
14490,81.46875,0.0722169578075409,-0.05590513134375215,0.024796338006854057,0.0,0.5110891371965408,0.06979621574282646,0.0722169578075409
14500,116.5625,0.06457512080669403,-0.03837435878813267,0.03083845730870962,0.0,0.5146499603986741,0.07315195873379707,0.06457512080669403
14510,76.875,0.07623489946126938,-0.052034414187073705,0.024672448076307772,0.0,0.5150449633598327,0.0756093729287386,0.07623489946126938
14520,91.40625,0.07157468795776367,-0.026658098585903643,0.08452665135264396,0.0,0.51434326171875,0.07086065243929625,0.07157468795776367
14530,94.25,0.07336503267288208,-0.03087509870529175,0.08397430554032326,0.0,0.5135833978652954,0.07331657111644745,0.07336503267288208
14540,107.65625,0.08288678526878357,-0.04019913673400879,0.019318705517798664,0.0,0.5161655604839325,0.07448306232690811,0.08288678526878357
14550,92.96875,0.05541832745075226,-0.03406227137893438,0.20055005997419356,0.0,0.5143190622329712,0.0722369436174631,0.05541832745075226
14560,112.375,0.07833050191402435,-0.024859185703098773,0.07036651819944381,0.0,0.515064588189125,0.07584114130586386,0.07833050191402435
14570,89.78125,0.07565784454345703,-0.04133815765380859,0.07060937210917473,0.0,0.5149512708187103,0.0718107957392931,0.07565784454345703
14580,94.5,0.07286049425601959,-0.03814148921519518,0.3692921012639999,0.0,0.5172610998153686,0.07103356793522835,0.07286049425601959
14590,96.15625,0.06521722674369812,-0.05392289459705353,0.023864216916263104,0.0,0.5175496727228165,0.07177110388875008,0.06521722674369812
14600,94.3125,0.07477209717035294,-0.046383831091225146,0.03878016099333763,0.0,0.5145839482545853,0.06941613219678403,0.07477209717035294
14610,57.21875,0.0377935916185379,-0.03694161660969257,0.08687015175819397,0.0,0.5133029788732528,0.0656474986113608,0.0377935916185379
14620,103.15625,0.07150693237781525,-0.026077712699770928,0.10701314359903336,0.0,0.5145296335220337,0.07250233348459005,0.07150693237781525
14630,72.96875,0.04866428300738335,-0.048614021949470045,0.026074979081749917,0.0,0.509908527135849,0.06279104948043823,0.04866428300738335
14640,76.0625,0.04977596551179886,-0.042732545733451845,0.1427330642938614,0.0,0.511731818318367,0.06520422492176295,0.04977596551179886
14650,69.96875,0.04743219539523125,-0.030848148744553328,0.13873385563492774,0.0,0.5085194110870361,0.0610367089509964,0.04743219539523125
14660,84.40625,0.06385485827922821,-0.03494235035032034,0.11638551652431488,0.0,0.5071858480572701,0.06721335873007775,0.06385485827922821
14670,88.625,0.06084359064698219,-0.03479294814169407,0.08216395005583763,0.0,0.5075019925832749,0.0642083641141653,0.06084359064698219
14680,83.15625,0.07529543340206146,-0.04942242000252008,0.01405852921307087,0.0,0.5084874629974365,0.06284246109426021,0.07529543340206146
14690,108.65625,0.05492541939020157,-0.025902026053518056,0.14499472975730895,0.0,0.5123608261346817,0.06548658069223165,0.05492541939020157
14700,82.09375,0.06238286942243576,-0.044477800466120244,0.04504367094486952,0.0,0.5111339211463928,0.06533747427165508,0.06238286942243576
14710,77.28125,0.05890645459294319,-0.04213563427329063,0.08571261167526245,0.0,0.5114705085754394,0.06637771036475897,0.05890645459294319
14720,66.875,0.06480397284030914,-0.0368385043926537,0.0899752739816904,0.0,0.5115264534950257,0.06454330272972583,0.06480397284030914
14730,68.875,0.044728197157382965,-0.04950117338448763,0.026658829860389234,0.0,0.5111447632312774,0.06115364450961351,0.044728197157382965
14740,76.8125,0.04968935251235962,-0.046582957915961745,0.027189219370484352,0.0,0.511329835653305,0.06458050161600112,0.04968935251235962
14750,99.03125,0.06785719096660614,-0.04902818780392408,0.015342237241566182,0.0,0.5135765373706818,0.07178053446114063,0.06785719096660614
14760,73.71875,0.060473065823316574,-0.0332657421939075,0.07926655635237694,0.0,0.5146479189395905,0.0729141416028142,0.060473065823316574
14770,87.59375,0.0688735842704773,-0.05486692637205124,0.016700492706149817,0.0,0.5146777629852295,0.07215325348079205,0.0688735842704773
14780,79.5625,0.06560492515563965,-0.0339950742200017,0.10142958909273148,0.0,0.5150186687707901,0.0711372660472989,0.06560492515563965
14790,93.46875,0.06620478630065918,-0.051195516251027584,0.0177724520675838,0.0,0.5151928454637528,0.0676453348249197,0.06620478630065918
14800,78.8125,0.06256496906280518,-0.040187648870050906,0.01709938021376729,0.0,0.515132588148117,0.06466582678258419,0.06256496906280518
14810,92.875,0.07406625151634216,-0.03916371613740921,0.24795327186584473,0.0,0.5204571783542633,0.07706184443086386,0.07406625151634216
14820,82.9375,0.046077486127614975,-0.044478706922382115,0.029262986034154892,0.0,0.5196625322103501,0.08050301019102335,0.046077486127614975
14830,64.28125,0.06647412478923798,-0.0358449462801218,0.16885478794574738,0.0,0.5179690897464753,0.06892849747091531,0.06647412478923798
14840,92.59375,0.08740369975566864,-0.04075180292129517,0.022233564220368863,0.0,0.5175138205289841,0.07232893276959658,0.08740369975566864
14850,71.1875,0.06596965342760086,-0.035509169846773145,0.09955722168087959,0.0,0.5188342571258545,0.07441355679184199,0.06596965342760086
14860,77.5625,0.07119163870811462,-0.04027429474517703,0.04133084667846561,0.0,0.5197617769241333,0.08146136738359928,0.07119163870811462
14870,90.65625,0.0776614397764206,-0.05501833837479353,0.019199593085795642,0.0,0.5199828565120697,0.08034945167601108,0.0776614397764206
14880,86.46875,0.052247680723667145,-0.02673944868147373,0.08731593750417233,0.0,0.5217827141284943,0.0801231013610959,0.052247680723667145
14890,86.1875,0.07698662579059601,-0.04746700674295425,0.021280477941036224,0.0,0.5165873438119888,0.07105718087404966,0.07698662579059601
14900,76.6875,0.04934870824217796,-0.03684236388653517,0.07152993269264699,0.0,0.5151993304491043,0.06726862415671349,0.04934870824217796
14910,92.40625,0.07287288457155228,-0.0405379269272089,0.023384877108037473,0.0,0.5171162337064743,0.07818343043327332,0.07287288457155228
14920,89.90625,0.07424773275852203,-0.04973345063626766,0.01631842302158475,0.0,0.5168021768331528,0.07113203275948762,0.07424773275852203
14930,61.40625,0.06724917143583298,-0.03275601882487535,0.0688008826225996,0.0,0.5152852982282639,0.07330366745591163,0.06724917143583298
14940,100.9375,0.07255858182907104,-0.04892488969489932,0.03451852649450302,0.0,0.5158441603183747,0.07300274819135666,0.07255858182907104
14950,75.78125,0.06957030296325684,-0.03127738256007433,0.11242994628846645,0.0,0.5177033960819244,0.07274802774190903,0.06957030296325684
14960,87.03125,0.06422276794910431,-0.03691445123404265,0.11122393980622292,0.0,0.51766939163208,0.07264282666146755,0.06422276794910431
14970,80.65625,0.06026863306760788,-0.03382946578785777,0.09049396850168705,0.0,0.5165640145540238,0.06750303711742163,0.06026863306760788
14980,83.71875,0.07936203479766846,-0.04992020949721336,0.0152925712056458,0.0,0.5166241228580475,0.06777320802211761,0.07936203479766846
14990,71.1875,0.06348733603954315,-0.028692368324846028,0.13707826286554337,0.0,0.5180067867040634,0.07351988069713115,0.06348733603954315
15000,75.03125,0.060545556247234344,-0.030476359790191053,0.16519520208239555,0.0,0.5180797189474106,0.07327470500022173,0.060545556247234344
15010,84.53125,0.06897678226232529,-0.04177869353443384,0.042411888018250465,0.0,0.5178156942129135,0.06944532096385955,0.06897678226232529
15020,59.84375,0.05994627624750137,-0.048984756134450434,0.11775423213839531,0.0,0.5178825229406356,0.06674999892711639,0.05994627624750137
15030,91.96875,0.08018839359283447,-0.047177151590585706,0.025856278464198114,0.0,0.5194677382707595,0.06861908044666051,0.08018839359283447
15040,72.1875,0.05559644103050232,-0.05936158951371908,0.019338706508278847,0.0,0.5177113950252533,0.06205560620874166,0.05559644103050232
15050,77.625,0.03780581057071686,-0.05588412694633007,0.016167281847447156,0.0,0.516212722659111,0.06656944043934346,0.03780581057071686
15060,83.125,0.0760078951716423,-0.031037758383899928,0.01384116681292653,0.0,0.5149023711681366,0.06961963325738907,0.0760078951716423
15070,77.96875,0.07208940386772156,-0.03268923070281744,0.0870379239320755,0.0,0.5144794344902038,0.0692156309261918,0.07208940386772156
15080,76.75,0.0729513019323349,-0.034932822827249764,0.07988479621708393,0.0,0.5171353965997696,0.06309602772817016,0.0729513019323349
15090,55.5,0.06560245156288147,-0.045013044215738776,0.01705279890447855,0.0,0.5184490859508515,0.06530947163701058,0.06560245156288147
15100,56.9375,0.04078049585223198,-0.02279137000441551,0.08744374215602875,0.0,0.5184887856245041,0.0693738030269742,0.04078049585223198
15110,70.1875,0.05221741273999214,-0.05707056242972612,0.01784197725355625,0.0,0.5194868892431259,0.06975960433483124,0.05221741273999214
15120,70.21875,0.04501088708639145,-0.039698750525712964,0.06232521608471871,0.0,0.5210939109325409,0.06452714633196592,0.04501088708639145
15130,79.8125,0.07783502340316772,-0.04208813197910786,0.03714360725134611,0.0,0.5230502992868423,0.07337581347674131,0.07783502340316772
15140,93.375,0.06150472164154053,-0.03927548285573721,0.03257958963513374,0.0,0.5203755378723145,0.07063983771950007,0.06150472164154053
15150,83.28125,0.08600132912397385,-0.060460596717894076,0.017347861640155317,0.0,0.5220075637102127,0.07618590537458658,0.08600132912397385
15160,78.65625,0.07326038181781769,-0.04879481112584472,0.02333983276039362,0.0,0.5237681776285171,0.0738356176763773,0.07326038181781769
15170,97.0,0.07622583210468292,-0.04149584621191025,0.02496399600058794,0.0,0.5239500999450684,0.07698054742068053,0.07622583210468292
15180,85.75,0.07894165813922882,-0.02924402579665184,0.18077805861830712,0.0,0.5255846679210663,0.07460079658776522,0.07894165813922882
15190,82.25,0.07834211736917496,-0.030142529495060445,0.1326198771595955,0.0,0.5241635501384735,0.07917017228901387,0.07834211736917496
15200,78.34375,0.09269843995571136,-0.028029957413673402,0.23733208030462266,0.0,0.5242234349250794,0.0795176325365901,0.09269843995571136
15210,76.1875,0.05329745635390282,-0.028802107740193605,0.2065644972026348,0.0,0.5250647485256195,0.07981137298047543,0.05329745635390282
15220,67.6875,0.07204389572143555,-0.05133286360651255,0.040487507544457915,0.0,0.5252869039773941,0.06987190824002028,0.07204389572143555
15230,69.96875,0.0641816258430481,-0.05240428587421775,0.027362882532179354,0.0,0.5237037748098373,0.06725882198661566,0.0641816258430481
15240,77.96875,0.06835033744573593,-0.042957112099975346,0.02456068806350231,0.0,0.5239246040582657,0.07192488498985768,0.06835033744573593
15250,73.75,0.07815597206354141,-0.04025849755853415,0.08645209483802319,0.0,0.5224189817905426,0.06705698166042566,0.07815597206354141
15260,78.90625,0.07328525185585022,-0.04374718721956015,0.020072159916162492,0.0,0.5228419363498688,0.06813056133687496,0.07328525185585022
15270,85.625,0.04982750117778778,-0.04900747891515493,0.013211190607398749,0.0,0.5219727128744125,0.06931993924081326,0.04982750117778778
15280,85.78125,0.06686677783727646,-0.04097316525876522,0.031014947034418584,0.0,0.5168066948652268,0.06537122279405594,0.06686677783727646
15290,86.4375,0.05374516174197197,-0.049224472045898436,0.017409630492329596,0.0,0.5172496795654297,0.06582573857158422,0.05374516174197197
15300,56.65625,0.04970388114452362,-0.05696725342422724,0.021371753700077534,0.0,0.5175189167261124,0.06773113906383514,0.04970388114452362
15310,100.25,0.06672492623329163,-0.040774288680404426,0.023802565038204195,0.0,0.5204040169715881,0.06719903573393822,0.06672492623329163
15320,89.09375,0.0722004622220993,-0.030756435915827753,0.18840974420309067,0.0,0.5224840044975281,0.07558120731264353,0.0722004622220993
15330,72.46875,0.05332774668931961,-0.046595171978697184,0.06215452365577221,0.0,0.5246911853551864,0.07243323717266321,0.05332774668931961
15340,74.78125,0.06951700896024704,-0.05700291097164154,0.011497419979423284,0.0,0.5246671736240387,0.06676215995103121,0.06951700896024704
15350,84.1875,0.07712996751070023,-0.029063924588263033,0.10603957921266556,0.0,0.5248421221971512,0.07055121790617705,0.07712996751070023
15360,100.0625,0.06008155643939972,-0.04989751502871513,0.017550949193537235,0.0,0.5259725034236908,0.07464535348117352,0.06008155643939972
15370,88.28125,0.08620752394199371,-0.04843195900321007,0.026199538819491865,0.0,0.5285423010587692,0.07442165240645408,0.08620752394199371
15380,87.5,0.07905612140893936,-0.03154543302953243,0.1285907246172428,0.0,0.5280135482549667,0.07488031312823296,0.07905612140893936
15390,65.5625,0.07682943344116211,-0.030854895897209644,0.08617661371827126,0.0,0.5269920468330384,0.07635516449809074,0.07682943344116211
15400,73.6875,0.04493546858429909,-0.03016219474375248,0.12308838367462158,0.0,0.526287379860878,0.0737203536555171,0.04493546858429909
15410,76.28125,0.059200115501880646,-0.026724021043628456,0.07948096524924039,0.0,0.5226432263851166,0.07154303193092346,0.059200115501880646
15420,76.96875,0.054894961416721344,-0.042068120837211606,0.07103094588965178,0.0,0.5230274856090545,0.07262600511312485,0.054894961416721344
15430,73.84375,0.06838537752628326,-0.023782972432672977,0.022686694748699665,0.0,0.5232475936412812,0.06394124645739793,0.06838537752628326
15440,52.34375,0.04626648500561714,-0.034580681566149,0.03917757738381624,0.0,0.5246661901473999,0.06547908205538988,0.04626648500561714
15450,83.90625,0.08333101123571396,-0.047902983520179986,0.015536421351134777,0.0,0.5244214206933975,0.06831089742481708,0.08333101123571396
15460,86.34375,0.07158619165420532,-0.02518977113068104,0.07685367092490196,0.0,0.5252956688404083,0.06627219524234533,0.07158619165420532
15470,68.03125,0.04702530801296234,-0.04970206543803215,0.025745908729732037,0.0,0.5235399961471557,0.06665267068892718,0.04702530801296234
15480,70.75,0.07745146751403809,-0.031460363790392874,0.08221439011394978,0.0,0.5222156882286072,0.06697164289653301,0.07745146751403809
15490,100.5,0.06918558478355408,-0.04056996144354343,0.025610517151653765,0.0,0.5230911612510681,0.07125351838767528,0.06918558478355408
15500,89.0625,0.06141715496778488,-0.04454251658171415,0.04961942210793495,0.0,0.5243656784296036,0.06337741659954191,0.06141715496778488
15510,63.90625,0.07590887695550919,-0.024824436753988266,0.0648651210591197,0.0,0.5271781086921692,0.06694467514753341,0.07590887695550919
15520,73.9375,0.04586413875222206,-0.02774188667535782,0.18325849771499633,0.0,0.5244976699352264,0.06452912725508213,0.04586413875222206
15530,82.0625,0.05632345378398895,-0.05541141787543893,0.016967227682471275,0.0,0.5200125187635422,0.06240305583924055,0.05632345378398895
15540,73.125,0.024048397317528725,-0.028626166842877866,0.08655407708138227,0.0,0.5200528979301453,0.05998211642727256,0.024048397317528725
15550,63.875,0.0644143670797348,-0.051949966698884964,0.024192382581532,0.0,0.5208920300006866,0.05778641942888498,0.0644143670797348
15560,75.375,0.06215587258338928,-0.047062328830361363,0.0165051463060081,0.0,0.5213638782501221,0.06389853209257126,0.06215587258338928
15570,81.5,0.08780321478843689,-0.03660166077315807,0.011739992816001178,0.0,0.5218286484479904,0.06897734981030226,0.08780321478843689
15580,74.1875,0.07967126369476318,-0.03396128825843334,0.040431037358939645,0.0,0.523257040977478,0.07313453145325184,0.07967126369476318
15590,92.96875,0.05857578665018082,-0.034352947305887935,0.07808110192418098,0.0,0.5230553150177002,0.07349782288074494,0.05857578665018082
15600,89.125,0.054368190467357635,-0.04270609002560377,0.028513254038989543,0.0,0.5221179008483887,0.06733682937920094,0.054368190467357635
15610,100.3125,0.06053011119365692,-0.04485696144402027,0.03476361632347107,0.0,0.5229789316654205,0.0698022359982133,0.06053011119365692
15620,71.9375,0.06131897121667862,-0.04666893123649061,0.015574068203568459,0.0,0.5230914264917373,0.0628157677128911,0.06131897121667862
15630,98.5,0.07343046367168427,-0.027610559947788715,0.06696226373314858,0.0,0.5237770110368729,0.06986757460981607,0.07343046367168427
15640,79.46875,0.05266653746366501,-0.05357713960111141,0.01382578033953905,0.0,0.5235154956579209,0.06691555734723806,0.05266653746366501
15650,90.0625,0.07948106527328491,-0.033767394907772544,0.08168120943009853,0.0,0.5260960936546326,0.07960125245153904,0.07948106527328491
15660,91.59375,0.08220222592353821,-0.047287844493985175,0.023090809211134912,0.0,0.5272488385438919,0.07664223518222571,0.08220222592353821
15670,97.34375,0.08223927021026611,-0.029448083974421023,0.10489577874541282,0.0,0.5257935702800751,0.07660336270928383,0.08223927021026611
15680,104.0,0.07580825686454773,-0.04610681813210249,0.018501511588692666,0.0,0.5266685128211975,0.07860344350337982,0.07580825686454773
15690,77.0625,0.04900665953755379,-0.02720824722200632,0.0916270837187767,0.0,0.5276326537132263,0.07485040854662657,0.04900665953755379
15700,107.28125,0.08766204118728638,-0.0431199686601758,0.02596803121268749,0.0,0.5280865669250489,0.08008169941604137,0.08766204118728638
15710,87.1875,0.08014191687107086,-0.030858036875724793,0.10159990414977074,0.0,0.5285376578569412,0.07948414031416177,0.08014191687107086
15720,79.59375,0.07705369591712952,-0.024699902348220348,0.17286577969789504,0.0,0.5281317710876465,0.07410513814538718,0.07705369591712952
15730,66.46875,0.08310157060623169,-0.05317414365708828,0.015125152375549077,0.0,0.5271882623434067,0.07252357471734286,0.08310157060623169
15740,92.46875,0.07158641517162323,-0.027767885103821756,0.08645037189126015,0.0,0.5300096362829209,0.07658881768584251,0.07158641517162323
15750,70.15625,0.06681066751480103,-0.03671003151685,0.10445700436830521,0.0,0.5304081052541733,0.07764760237187147,0.06681066751480103
15760,83.71875,0.05276097357273102,-0.050813054852187636,0.01584126502275467,0.0,0.5322896122932435,0.07463706471025944,0.05276097357273102
15770,93.0625,0.09334148466587067,-0.027551410160958766,0.11190902218222618,0.0,0.5291761875152587,0.07631911281496287,0.09334148466587067
15780,78.125,0.06357309222221375,-0.023802912048995494,0.09359074607491494,0.0,0.5301007211208344,0.07808051593601703,0.06357309222221375
15790,79.875,0.0721876472234726,-0.05182378413155675,0.016684047318994998,0.0,0.5326408237218857,0.08119071386754513,0.0721876472234726
15800,94.59375,0.07378546893596649,-0.027935184724628925,0.10027047097682953,0.0,0.5315330535173416,0.08187673315405845,0.07378546893596649
15810,103.34375,0.08067752420902252,-0.046665040962398055,0.02246285546571016,0.0,0.5308401167392731,0.07770036812871695,0.08067752420902252
15820,99.4375,0.08183330297470093,-0.04644199907779693,0.023705345392227174,0.0,0.5313561648130417,0.0822891764342785,0.08183330297470093
15830,81.28125,0.07500475645065308,-0.058999596163630486,0.01526918327435851,0.0,0.5305237412452698,0.07474194448441267,0.07500475645065308
15840,95.0625,0.08364833146333694,-0.028997231833636762,0.0671230711042881,0.0,0.5339215427637101,0.08312278985977173,0.08364833146333694
15850,99.53125,0.0953160971403122,-0.046866292506456374,0.010899029951542617,0.0,0.5329111993312836,0.0796161737293005,0.0953160971403122
15860,96.28125,0.08254565298557281,-0.032136593386530875,0.14630615711212158,0.0,0.5356394648551941,0.08447646982967853,0.08254565298557281
15870,88.53125,0.08782467246055603,-0.05134194679558277,0.01969066858291626,0.0,0.5317250072956086,0.08027965407818556,0.08782467246055603
15880,104.40625,0.07703536748886108,-0.04000291433185339,0.04427950624376535,0.0,0.5339042961597442,0.08195557221770286,0.07703536748886108
15890,89.59375,0.07432801276445389,-0.04591166190803051,0.01931778620928526,0.0,0.5325405091047287,0.0810805220156908,0.07432801276445389
15900,96.1875,0.09079977124929428,-0.04468234945088625,0.022479849122464656,0.0,0.5335859328508377,0.08612813837826253,0.09079977124929428
15910,83.875,0.07774734497070312,-0.02990890424698591,0.11984975785017013,0.0,0.5333720952272415,0.08454419784247875,0.07774734497070312
15920,103.25,0.07012658566236496,-0.025708471611142158,0.08431205935776234,0.0,0.5338501691818237,0.08156133145093918,0.07012658566236496
15930,86.71875,0.08854593336582184,-0.04391420548781753,0.022357348166406155,0.0,0.5323679357767105,0.0773593034595251,0.08854593336582184
15940,83.6875,0.08349928259849548,-0.02470480613410473,0.06454463750123977,0.0,0.5378220617771149,0.08428501971065998,0.08349928259849548
15950,114.78125,0.08623437583446503,-0.026516250520944595,0.03284737728536129,0.0,0.5401136666536331,0.09474777020514011,0.08623437583446503
15960,85.75,0.07764477282762527,-0.055478332191705705,0.01943125631660223,0.0,0.5387298166751862,0.08806815557181835,0.07764477282762527
15970,89.4375,0.08050256967544556,-0.022633085027337074,0.11888424158096314,0.0,0.538801446557045,0.08627556748688221,0.08050256967544556
15980,72.75,0.0820096880197525,-0.016329111810773612,0.08263289369642735,0.0,0.5380985170602799,0.08381612524390221,0.0820096880197525
15990,83.25,0.10869617015123367,-0.0466652886942029,0.008944781916216015,0.0,0.5364353030920028,0.0835353083908558,0.10869617015123367
16000,87.375,0.08170915395021439,-0.03302347753196955,0.1300809361040592,0.0,0.5356642842292786,0.08222608715295791,0.08170915395021439
16010,100.96875,0.08683067560195923,-0.030569305177778006,0.1073512475937605,0.0,0.5327797412872315,0.0867722637951374,0.08683067560195923
16020,82.96875,0.08033288270235062,-0.037867596372962,0.11813167631626129,0.0,0.5324701189994812,0.08476203158497811,0.08033288270235062
16030,69.5,0.08038483560085297,-0.047551268339157106,0.027911317348480225,0.0,0.5328639179468155,0.07917427793145179,0.08038483560085297
16040,81.15625,0.0660819485783577,-0.0644066957756877,0.013682637363672256,0.0,0.5321643084287644,0.08058482334017754,0.0660819485783577
16050,61.3125,0.0786505863070488,-0.051613949239254,0.02297719568014145,0.0,0.5307847619056701,0.07838976550847292,0.0786505863070488
16060,108.40625,0.09158147126436234,-0.04802760556340217,0.011197062116116286,0.0,0.5333660006523132,0.08371365517377853,0.09158147126436234
16070,58.71875,0.060282185673713684,-0.029471833910793065,0.10283564887940884,0.0,0.5337164878845215,0.07773142755031585,0.060282185673713684
16080,89.25,0.07096648961305618,-0.030312596820294857,0.10252521373331547,0.0,0.5350815683603287,0.08450310789048672,0.07096648961305618
16090,67.34375,0.05643423646688461,-0.057812664285302164,0.0286678034812212,0.0,0.5320560514926911,0.07121684849262237,0.05643423646688461
16100,80.59375,0.07371968030929565,-0.021053793653845788,0.086073287576437,0.0,0.5314422965049743,0.07886052802205086,0.07371968030929565
16110,60.34375,0.06479223072528839,-0.05954942405223847,0.012774133868515492,0.0,0.529630821943283,0.07368595786392688,0.06479223072528839
16120,96.875,0.0834462121129036,-0.04488970935344696,0.01720533035695553,0.0,0.5324898302555084,0.07819401267915964,0.0834462121129036
16130,85.46875,0.07081153988838196,-0.046750194020569326,0.02884040679782629,0.0,0.5324894070625306,0.07956259548664094,0.07081153988838196
16140,83.40625,0.06458597630262375,-0.03762210831046105,0.017379264812916517,0.0,0.5303893476724625,0.07307342384010554,0.06458597630262375
16150,73.5,0.07734908163547516,-0.04557937392964959,0.042223375663161276,0.0,0.5305794060230256,0.07007054891437292,0.07734908163547516
16160,71.53125,0.07354949414730072,-0.038688011839985846,0.016368602216243745,0.0,0.5307301133871078,0.07607851382344961,0.07354949414730072
16170,83.125,0.08885855227708817,-0.051740466710180046,0.014403225295245648,0.0,0.5337747305631637,0.07571408655494452,0.08885855227708817
16180,109.25,0.0962345153093338,-0.03384648282080889,0.038282785937190054,0.0,0.5384481817483902,0.08626746907830238,0.0962345153093338
16190,72.90625,0.07302645593881607,-0.017652231827378274,0.08470037318766117,0.0,0.5361728936433792,0.08408994860947132,0.07302645593881607
16200,68.71875,0.07434350252151489,-0.034126197919249535,0.06703794002532959,0.0,0.5337399333715439,0.07723411656916142,0.07434350252151489
16210,93.46875,0.08541395515203476,-0.02838512323796749,0.03950495980679989,0.0,0.5358863979578018,0.08309336528182029,0.08541395515203476
16220,64.0,0.0843234658241272,-0.051703821029514076,0.028583686240017413,0.0,0.5339975118637085,0.08049317337572574,0.0843234658241272
16230,78.34375,0.08717741072177887,-0.0334973955526948,0.09262413270771504,0.0,0.5353030949831009,0.07688081413507461,0.08717741072177887
16240,69.0,0.08476603031158447,-0.053026846051216124,0.014432310406118632,0.0,0.5347398489713668,0.07990057673305273,0.08476603031158447
16250,79.6875,0.07817120850086212,-0.037923019379377365,0.11448819935321808,0.0,0.5344959229230881,0.0822510864585638,0.07817120850086212
16260,89.5,0.08181679248809814,-0.04851389583200216,0.023213147185742855,0.0,0.5349409818649292,0.08274187073111534,0.08181679248809814
16270,76.84375,0.09566070139408112,-0.03622858840972185,0.02740709837526083,0.0,0.5366009593009948,0.0840182799845934,0.09566070139408112
16280,71.71875,0.05973472073674202,-0.04517641048878431,0.014658620115369558,0.0,0.536891633272171,0.07961717583239078,0.05973472073674202
16290,74.5625,0.060789600014686584,-0.03283210592344403,0.15827985629439353,0.0,0.5346791982650757,0.07658023573458195,0.060789600014686584
16300,81.0,0.09241172671318054,-0.016597343608736992,0.13790604546666146,0.0,0.5336488783359528,0.08030287753790617,0.09241172671318054
16310,72.0,0.07609974592924118,-0.03146912045776844,0.09948377460241317,0.0,0.531610956788063,0.07732335012406111,0.07609974592924118
16320,104.28125,0.07120472192764282,-0.04575940351933241,0.019978374522179366,0.0,0.5329766541719436,0.08094040490686893,0.07120472192764282
16330,79.3125,0.07746320962905884,-0.0405426524579525,0.017296485416591168,0.0,0.5327289998531342,0.07651203274726867,0.07746320962905884
16340,95.90625,0.08394937217235565,-0.030906777083873748,0.167940554022789,0.0,0.5340929538011551,0.0762440899387002,0.08394937217235565
16350,99.875,0.09041859209537506,-0.032881451584398744,0.03687033634632826,0.0,0.5336384475231171,0.0723876254633069,0.09041859209537506
16360,90.46875,0.08852977305650711,-0.03227656111121178,0.1392488121986389,0.0,0.5301104813814164,0.07156400196254253,0.08852977305650711
16370,71.65625,0.0726960301399231,-0.028588634543120862,0.22389858365058898,0.0,0.5338160425424576,0.07498072516173124,0.0726960301399231
16380,78.5,0.07402652502059937,-0.02616432048380375,0.08874233812093735,0.0,0.536019480228424,0.08177194111049176,0.07402652502059937
16390,73.5,0.0632779449224472,-0.03695378825068474,0.0368653766810894,0.0,0.5379914432764054,0.07966722398996354,0.0632779449224472
16400,84.625,0.07158949971199036,-0.04766609687358141,0.04883913435041905,0.0,0.5380171209573745,0.08236519657075406,0.07158949971199036
16410,85.40625,0.08810937404632568,-0.051981323212385175,0.01870966348797083,0.0,0.537519446015358,0.08116433452814817,0.08810937404632568
16420,95.3125,0.07886998355388641,-0.019559856271371245,0.10491045489907265,0.0,0.5389786422252655,0.08436572179198265,0.07886998355388641
16430,96.0625,0.08370427787303925,-0.03103579543530941,0.08433268293738365,0.0,0.5376781731843948,0.08113751746714115,0.08370427787303925
16440,87.625,0.06688059121370316,-0.04511129092425108,0.06231201477348804,0.0,0.5373882353305817,0.08686342462897301,0.06688059121370316
16450,86.875,0.09763895720243454,-0.02945065274834633,0.12018160223960876,0.0,0.5367917805910111,0.08567117899656296,0.09763895720243454
16460,78.0625,0.07883591204881668,-0.022532831132411956,0.1723112367093563,0.0,0.5410785466432572,0.08941553346812725,0.07883591204881668
16470,81.3125,0.05312363803386688,-0.02228641714900732,0.1104101300239563,0.0,0.540191850066185,0.08237648457288742,0.05312363803386688
16480,100.625,0.08573247492313385,-0.03142265137284994,0.09959468990564346,0.0,0.5423504739999772,0.08357832245528699,0.08573247492313385
16490,83.0,0.09784494340419769,-0.030323846638202666,0.09079181179404258,0.0,0.542452609539032,0.08904494605958461,0.09784494340419769
16500,84.71875,0.09466300904750824,-0.028682821616530418,0.1993847981095314,0.0,0.5429093629121781,0.08462059311568737,0.09466300904750824
16510,72.15625,0.0877462774515152,-0.034286629408597946,0.19220635443925857,0.0,0.5437937766313553,0.09160273745656014,0.0877462774515152
16520,94.09375,0.07380122691392899,-0.041361693292856216,0.04799394384026527,0.0,0.5463256388902664,0.09031642861664295,0.07380122691392899
16530,81.53125,0.06395702064037323,-0.036308142729103564,0.0352633198723197,0.0,0.5436581373214722,0.08398887924849988,0.06395702064037323
16540,64.21875,0.06665723025798798,-0.03852872643619776,0.15384568497538567,0.0,0.5425377458333969,0.0806005761027336,0.06665723025798798
16550,88.5,0.0873623937368393,-0.031111797504127025,0.06932646557688713,0.0,0.544335526227951,0.0815120905637741,0.0873623937368393
16560,70.53125,0.08306554704904556,-0.028188215382397176,0.12183506041765213,0.0,0.5426083117723465,0.08709606137126684,0.08306554704904556
16570,74.84375,0.0657007098197937,-0.034184489771723746,0.13264695182442665,0.0,0.5411585152149201,0.08132364228367805,0.0657007098197937
16580,86.40625,0.09631361067295074,-0.03331581223756075,0.020368832163512707,0.0,0.5394803345203399,0.08069235570728779,0.09631361067295074
16590,86.6875,0.07891996204853058,-0.03091914402320981,0.06621750146150589,0.0,0.5399075388908386,0.0809793334454298,0.07891996204853058
16600,89.46875,0.10211464762687683,-0.04998201560229063,0.016163752321153878,0.0,0.5402440786361694,0.08632190376520157,0.10211464762687683
16610,71.8125,0.08745697885751724,-0.05270850006490946,0.015571445599198342,0.0,0.5396241873502732,0.0778219923377037,0.08745697885751724
16620,68.8125,0.06676557660102844,-0.028884859941899776,0.05711093582212925,0.0,0.5397625118494034,0.07709224671125411,0.06676557660102844
16630,62.5625,0.07259030640125275,-0.06154281869530678,0.012191691156476735,0.0,0.5400368481874466,0.07677379846572877,0.07259030640125275
16640,77.78125,0.05472668632864952,-0.046382647939026356,0.014768144953995943,0.0,0.5411410748958587,0.08445821534842253,0.05472668632864952
16650,74.75,0.06423596292734146,-0.05873697530478239,0.01275651790201664,0.0,0.5395776957273484,0.07733819112181664,0.06423596292734146
16660,55.46875,0.06256236135959625,-0.03378007160499692,0.13950706422328948,0.0,0.538324436545372,0.07247008588165045,0.06256236135959625
16670,73.40625,0.07179651409387589,-0.028672219906002282,0.09269906729459762,0.0,0.5401654571294785,0.07519421353936195,0.07179651409387589
16680,62.09375,0.07400122284889221,-0.021924930065870284,0.07366801127791404,0.0,0.5409944087266922,0.08198260143399239,0.07400122284889221
16690,97.9375,0.07842671871185303,-0.02535057347267866,0.08903775252401828,0.0,0.5447811841964721,0.08904947191476822,0.07842671871185303
16700,70.09375,0.09970059990882874,-0.05151377562433481,0.014945785515010357,0.0,0.5455910384654998,0.09050660766661167,0.09970059990882874
16710,80.375,0.0791991576552391,-0.04257003702223301,0.03789889719337225,0.0,0.547540882229805,0.09351832158863545,0.0791991576552391
16720,64.75,0.0901869460940361,-0.047120196558535096,0.0236050957813859,0.0,0.5452811568975449,0.08292680196464061,0.0901869460940361
16730,76.28125,0.08155031502246857,-0.015144327096641064,0.03848542664200068,0.0,0.5466311752796174,0.0899082051590085,0.08155031502246857
16740,73.78125,0.08087726682424545,-0.04103353871032596,0.025468854047358037,0.0,0.5443812072277069,0.08153252489864826,0.08087726682424545
16750,75.125,0.09824496507644653,-0.036841464787721635,0.01685667559504509,0.0,0.5452057898044587,0.08724432326853275,0.09824496507644653
16760,60.03125,0.05179283022880554,-0.030666429083794355,0.09832011573016644,0.0,0.5463587790727615,0.08120382130146027,0.05179283022880554
16770,65.40625,0.09405517578125,-0.052287346124649046,0.02269492894411087,0.0,0.5457433849573136,0.08539810553193092,0.09405517578125
16780,86.40625,0.09589274972677231,-0.022865734063088894,0.12608982771635055,0.0,0.5479001104831696,0.09045087993144989,0.09589274972677231
16790,64.09375,0.0707814171910286,-0.042044692859053615,0.041415808349847795,0.0,0.54655621945858,0.0861960906535387,0.0707814171910286
16800,88.8125,0.08388979732990265,-0.023773937486112118,0.17934662848711014,0.0,0.5487991392612457,0.08855712227523327,0.08388979732990265
16810,72.59375,0.05273347720503807,-0.03325743656605482,0.07910290621221065,0.0,0.5472677856683731,0.08746210783720017,0.05273347720503807
16820,82.75,0.09428351372480392,-0.04795446507632732,0.024382731039077045,0.0,0.5452173858880996,0.08547231554985046,0.09428351372480392
16830,97.90625,0.10695410519838333,-0.03786110868677497,0.0330540856346488,0.0,0.5476302236318589,0.09377497993409634,0.10695410519838333
16840,81.90625,0.07572858035564423,-0.049187973514199256,0.01200529672205448,0.0,0.5464410543441772,0.08762899301946163,0.07572858035564423
16850,83.8125,0.09477220475673676,-0.035482491552829745,0.06651604175567627,0.0,0.543781116604805,0.0809460449963808,0.09477220475673676
16860,113.03125,0.08576946705579758,-0.03241281611844897,0.033521661162376405,0.0,0.5466304361820221,0.09081006720662117,0.08576946705579758
16870,59.03125,0.09582552313804626,-0.03262152820825577,0.09124421775341034,0.0,0.5477760881185532,0.08733003586530685,0.09582552313804626
16880,69.9375,0.045358479022979736,-0.04672764502465725,0.026664469204843045,0.0,0.5501118689775467,0.0835979089140892,0.045358479022979736
16890,87.46875,0.08831742405891418,-0.05147733446210623,0.012921086791902781,0.0,0.5524379283189773,0.0938154436647892,0.08831742405891418
16900,76.59375,0.0952850803732872,-0.047989415004849434,0.017537659872323273,0.0,0.5525791823863984,0.0889322005212307,0.0952850803732872
16910,67.34375,0.08389142900705338,-0.028414235450327396,0.0783614233136177,0.0,0.5516258269548416,0.08604137934744358,0.08389142900705338
16920,78.96875,0.08534596115350723,-0.04106339318677783,0.03917024172842502,0.0,0.5508487284183502,0.09554850831627845,0.08534596115350723
16930,76.0,0.07384680211544037,-0.039617533423006536,0.020852710492908953,0.0,0.5514542520046234,0.08733784891664982,0.07384680211544037
16940,88.59375,0.10507012903690338,-0.04586317930370569,0.027620221301913262,0.0,0.5516954243183136,0.08870754949748516,0.10507012903690338
16950,61.0625,0.07857085764408112,-0.04691366627812386,0.03202644065022468,0.0,0.5504608958959579,0.08701999559998512,0.07857085764408112
16960,78.9375,0.07905635982751846,-0.04007432330399752,0.024848706647753717,0.0,0.5483098417520523,0.08400108627974986,0.07905635982751846
16970,76.625,0.08601425588130951,-0.033951417077332735,0.09849385619163513,0.0,0.5478112637996674,0.08367353342473507,0.08601425588130951
16980,78.5625,0.08302322030067444,-0.041256772633641955,0.02608185075223446,0.0,0.5488300114870072,0.08589879106730222,0.08302322030067444
16990,74.6875,0.0703769326210022,-0.023146661557257177,0.10294634066522121,0.0,0.5466845899820327,0.08262382242828607,0.0703769326210022
17000,69.3125,0.05743089318275452,-0.03026802958920598,0.00942525346763432,0.0,0.5486934810876847,0.08357188310474158,0.05743089318275452
17010,83.09375,0.08847422897815704,-0.051610398665070535,0.014257606770843267,0.0,0.5521373182535172,0.08937534689903259,0.08847422897815704
17020,81.0,0.09377502650022507,-0.04367507062852383,0.026636546477675438,0.0,0.549805948138237,0.08823254741728306,0.09377502650022507
17030,73.53125,0.10458335280418396,-0.02828003391623497,0.053928951174020766,0.0,0.5499272882938385,0.08496102280914783,0.10458335280418396
17040,72.875,0.07738357037305832,-0.024075340293347836,0.09307021163403988,0.0,0.5492101579904556,0.0797673087567091,0.07738357037305832
17050,80.0,0.08256146311759949,-0.028636668995022773,0.13577364012598991,0.0,0.5507061034440994,0.08371075913310051,0.08256146311759949
17060,74.0,0.06890285760164261,-0.04384983563795686,0.025988827086985113,0.0,0.5464077532291413,0.0730836745351553,0.06890285760164261
17070,73.34375,0.08792786300182343,-0.03477916531264782,0.030103274807333946,0.0,0.5480620622634887,0.07129698973149061,0.08792786300182343
17080,55.59375,0.06729727238416672,-0.04539648126810789,0.01411897772923112,0.0,0.5484373986721038,0.07503247912973166,0.06729727238416672
17090,89.0625,0.07059434801340103,-0.03296563792973757,0.08307130895555019,0.0,0.5481512159109115,0.08067003674805165,0.07059434801340103
17100,59.5,0.06465195119380951,-0.03142627645283937,0.027816533483564852,0.0,0.5492055773735046,0.08214292675256729,0.06465195119380951
17110,74.40625,0.09135663509368896,-0.03887819107621908,0.014013365469872951,0.0,0.55117447078228,0.08141532987356186,0.09135663509368896
17120,76.75,0.09402196109294891,-0.04650488495826721,0.01987738683819771,0.0,0.5500180304050446,0.0872661542147398,0.09402196109294891
17130,72.96875,0.07821665704250336,-0.05312052527442575,0.027537562884390354,0.0,0.5503115266561508,0.08644496649503708,0.07821665704250336
17140,60.15625,0.09079506993293762,-0.03060277234762907,0.07685867175459862,0.0,0.5487493097782135,0.07925503700971603,0.09079506993293762
17150,64.34375,0.08826452493667603,-0.055023424327373505,0.01569607825949788,0.0,0.5476536124944686,0.080326372012496,0.08826452493667603
17160,90.0625,0.07950589060783386,-0.0378748657181859,0.029997360333800314,0.0,0.5517094880342484,0.08777659628540277,0.07950589060783386
17170,66.34375,0.08638707548379898,-0.037443882785737514,0.033653071895241735,0.0,0.5503796219825745,0.09154238179326057,0.08638707548379898
17180,89.5,0.08704523742198944,-0.033779447246342895,0.10614090710878372,0.0,0.5533329278230668,0.09099526070058346,0.08704523742198944
17190,92.4375,0.09651875495910645,-0.022423386201262475,0.08074974939227104,0.0,0.5535213232040406,0.09306339398026467,0.09651875495910645
17200,74.78125,0.06800033897161484,-0.02391885071992874,0.04019954986870289,0.0,0.5533181130886078,0.08348130695521831,0.06800033897161484
17210,82.09375,0.09754529595375061,-0.04686117134988308,0.010771233541890978,0.0,0.5501598417758942,0.08324939254671335,0.09754529595375061
17220,86.46875,0.09457530826330185,-0.030480590369552373,0.0791993249207735,0.0,0.5512287020683289,0.08969567753374577,0.09457530826330185
17230,85.46875,0.08273641020059586,-0.024502002261579038,0.2350820168852806,0.0,0.5496794283390045,0.08492998778820038,0.08273641020059586
17240,80.59375,0.08452015370130539,-0.04514939878135919,0.027800303511321546,0.0,0.5531601518392563,0.0912152275443077,0.08452015370130539
17250,84.15625,0.08798779547214508,-0.031692917551845314,0.07942251041531563,0.0,0.5497183680534363,0.08133303895592689,0.08798779547214508
17260,108.125,0.08567492663860321,-0.047084986418485644,0.02655149195343256,0.0,0.549557888507843,0.08837477155029774,0.08567492663860321
17270,96.1875,0.1037624180316925,-0.0464746531099081,0.02399749793112278,0.0,0.5496120482683182,0.08930438868701458,0.1037624180316925
17280,70.09375,0.08790669590234756,-0.046417686901986596,0.027564906887710093,0.0,0.5492784053087234,0.08275519777089357,0.08790669590234756
17290,82.5,0.07625435292720795,-0.02850057538598776,0.028013941086828708,0.0,0.5519388824701309,0.08083717804402113,0.07625435292720795
17300,80.4375,0.0906699076294899,-0.04733964204788208,0.02026423141360283,0.0,0.5512511670589447,0.0798717562109232,0.0906699076294899
17310,97.0,0.07009480893611908,-0.030156969372183085,0.018450644239783286,0.0,0.5502433210611344,0.08339810483157635,0.07009480893611908
17320,90.8125,0.0851050317287445,-0.04630596525967121,0.017538680136203764,0.0,0.5511567324399949,0.0773109458386898,0.0851050317287445
17330,87.84375,0.0769503265619278,-0.03204683531075716,0.16501688212156296,0.0,0.5510946810245514,0.08599845021963119,0.0769503265619278
17340,78.125,0.07659149169921875,-0.03460579924285412,0.0915479950606823,0.0,0.5502420246601105,0.08383731991052627,0.07659149169921875
17350,96.65625,0.09428529441356659,-0.03279562387615442,0.014434533193707466,0.0,0.5537587076425552,0.08893832936882973,0.09428529441356659
17360,98.0,0.0852404236793518,-0.02718795705586672,0.05642462857067585,0.0,0.554704612493515,0.09534781016409397,0.0852404236793518
17370,83.53125,0.0938713550567627,-0.015707254782319068,0.01902375612407923,0.0,0.5522362947463989,0.08682070299983025,0.0938713550567627
17380,86.0,0.07922857254743576,-0.0390327163040638,0.03104730471968651,0.0,0.5516168922185898,0.09009390063583851,0.07922857254743576
17390,93.75,0.09382665157318115,-0.016522714123129844,0.043753891810774805,0.0,0.5538831859827041,0.09248252362012863,0.09382665157318115
17400,68.625,0.0746111199259758,-0.04900833973661065,0.017960513290017844,0.0,0.5514102667570114,0.07987770028412342,0.0746111199259758
17410,95.6875,0.07955028116703033,-0.030085879005491735,0.02497204439714551,0.0,0.5542652755975723,0.08890747390687466,0.07955028116703033
17420,85.65625,0.10025762021541595,-0.04893777091056108,0.016919676307588817,0.0,0.5542549729347229,0.09115210548043251,0.10025762021541595
17430,82.6875,0.06669485569000244,-0.04252388402819633,0.03546210899949074,0.0,0.5536827594041824,0.08430037908256054,0.06669485569000244
17440,86.96875,0.0872792899608612,-0.02611061669886112,0.09849869720637798,0.0,0.5549940735101699,0.09076212197542191,0.0872792899608612
17450,55.84375,0.05424368381500244,-0.03792218533344567,0.016580135375261307,0.0,0.5550041317939758,0.08607365973293782,0.05424368381500244
17460,54.09375,0.0650654137134552,-0.029851664509624242,0.0115064250305295,0.0,0.5551072597503662,0.07746936697512866,0.0650654137134552
17470,61.625,0.08655115962028503,-0.03112870119512081,0.06024168357253075,0.0,0.554443359375,0.07923119459301234,0.08655115962028503
17480,80.03125,0.06453166902065277,-0.02541586272418499,0.0743670948781073,0.0,0.5577349841594696,0.08954650685191154,0.06453166902065277
17490,78.65625,0.09605436027050018,-0.029325003363192083,0.01648131860420108,0.0,0.5553479939699173,0.08992318846285344,0.09605436027050018
17500,91.46875,0.10186251997947693,-0.025679266639053823,0.13551574498414992,0.0,0.5560506820678711,0.09452650733292103,0.10186251997947693
17510,91.84375,0.09767726808786392,-0.04902836391702294,0.02149245273321867,0.0,0.5595855385065078,0.09842624776065349,0.09767726808786392
17520,101.125,0.10976267606019974,-0.03529758509248495,0.013420087285339832,0.0,0.5592437535524368,0.09598854724317789,0.10976267606019974
17530,71.96875,0.08691897988319397,-0.022328668646514414,0.11935216896235942,0.0,0.5628066778182983,0.10026259273290634,0.08691897988319397
17540,101.25,0.09826642274856567,-0.03843806535005569,0.01513833859935403,0.0,0.5626851260662079,0.0992432065308094,0.09826642274856567
17550,56.65625,0.0800413191318512,-0.029440444707870484,0.22545122355222702,0.0,0.56109738945961,0.09924367778003215,0.0800413191318512
17560,88.25,0.09128668159246445,-0.04713551951572299,0.025429661944508554,0.0,0.5620408415794372,0.1002445675432682,0.09128668159246445
17570,70.75,0.0821879580616951,-0.024385540280491114,0.0983271598815918,0.0,0.5608424723148346,0.09085327684879303,0.0821879580616951
17580,88.34375,0.07498828321695328,-0.024599154852330683,0.2061223305761814,0.0,0.5608350276947022,0.08509882874786853,0.07498828321695328
17590,65.6875,0.08694097399711609,-0.028888720367103816,0.09106334894895554,0.0,0.5592811465263366,0.09152652248740197,0.08694097399711609
17600,70.28125,0.08685335516929626,-0.0517203189432621,0.016545015387237072,0.0,0.5585320860147476,0.08794022649526596,0.08685335516929626
17610,69.65625,0.08239106833934784,-0.0337578259408474,0.06155342385172844,0.0,0.5600045174360275,0.08782289773225785,0.08239106833934784
17620,86.28125,0.0755840614438057,-0.023505235090851784,0.1285916708409786,0.0,0.5617553263902664,0.09653931856155396,0.0755840614438057
17630,89.03125,0.06585495918989182,-0.05493401885032654,0.015965052973479034,0.0,0.5584791243076325,0.08277312219142914,0.06585495918989182
17640,96.28125,0.08571478724479675,-0.0541827246081084,0.018782080337405204,0.0,0.5554260551929474,0.08090984895825386,0.08571478724479675
17650,122.125,0.08215592801570892,-0.021044143289327622,0.1010791651904583,0.0,0.5554181277751923,0.086173090711236,0.08215592801570892
17660,90.53125,0.08361993730068207,-0.024377864412963392,0.13889700248837472,0.0,0.5558242440223694,0.08577500320971013,0.08361993730068207
17670,74.75,0.07803796231746674,-0.03186964830383658,0.20931887850165368,0.0,0.5561537355184555,0.09067053981125354,0.07803796231746674
17680,103.125,0.10542258620262146,-0.020618134178221226,0.0664839175529778,0.0,0.5575470685958862,0.09380283802747727,0.10542258620262146
17690,92.09375,0.1028144508600235,-0.02191978357732296,0.14368468299508094,0.0,0.5593349665403367,0.09823273345828057,0.1028144508600235
17700,70.0,0.0800430104136467,-0.02928769141435623,0.22092155888676643,0.0,0.5630478352308274,0.09753375574946403,0.0800430104136467
17710,94.5,0.10799184441566467,-0.02208083625882864,0.02508777379989624,0.0,0.5653288751840592,0.1028839822858572,0.10799184441566467
17720,78.5,0.10115652531385422,-0.04026011805981398,0.021422603540122508,0.0,0.5638459175825119,0.0970321349799633,0.10115652531385422
17730,94.28125,0.10062772035598755,-0.022581332828849554,0.08991111405193805,0.0,0.5636031359434128,0.09804807305335998,0.10062772035598755
17740,99.125,0.10136958211660385,-0.03272036630660295,0.028876197151839735,0.0,0.5639969915151596,0.09706754498183727,0.10136958211660385
17750,65.625,0.09361051768064499,-0.03603233657777309,0.025888799503445626,0.0,0.563717782497406,0.09422645792365074,0.09361051768064499
17760,107.3125,0.09069393575191498,-0.035199221409857276,0.18833192735910415,0.0,0.5649987518787384,0.10370737425982952,0.09069393575191498
17770,92.5625,0.09434455633163452,-0.023757509887218475,0.10170994624495507,0.0,0.564964947104454,0.10044578798115253,0.09434455633163452
17780,102.40625,0.11259293556213379,-0.05634353682398796,0.016251529939472674,0.0,0.5663510382175445,0.10503024756908416,0.11259293556213379
17790,62.96875,0.09457133710384369,-0.03038026634603739,0.25191146284341814,0.0,0.5684388816356659,0.0973695743829012,0.09457133710384369
17800,94.8125,0.10803821682929993,-0.04020974449813366,0.021893408335745334,0.0,0.5695738077163697,0.10762329548597335,0.10803821682929993
17810,101.3125,0.09216804802417755,-0.04440137278288603,0.026163680106401445,0.0,0.5675297379493713,0.10290996357798576,0.09216804802417755
17820,91.46875,0.08888409286737442,-0.04360280260443687,0.020864817779511213,0.0,0.5679002970457077,0.10028165057301522,0.08888409286737442
17830,79.46875,0.09148217737674713,-0.030705785565078258,0.022870197892189026,0.0,0.5666579395532608,0.09864501617848873,0.09148217737674713
17840,99.5625,0.08072973787784576,-0.044120028242468835,0.01245161732658744,0.0,0.5681865870952606,0.10585606396198273,0.08072973787784576
17850,72.125,0.09474754333496094,-0.02182934433221817,0.0775524064898491,0.0,0.5686858385801316,0.10282747372984886,0.09474754333496094
17860,87.59375,0.10096821933984756,-0.024792926013469697,0.0660614624619484,0.0,0.5672705352306366,0.10332240723073483,0.10096821933984756
17870,84.75,0.09310959279537201,-0.055966821126639844,0.012749300338327885,0.0,0.5692246109247208,0.10360509417951107,0.09310959279537201
17880,85.0625,0.10761387646198273,-0.028060380183160306,0.15145747885107994,0.0,0.5673650532960892,0.10550524555146694,0.10761387646198273
17890,78.5625,0.10915422439575195,-0.0337939715012908,0.0402413111180067,0.0,0.5694027066230773,0.10649533160030841,0.10915422439575195
17900,82.0625,0.10092674195766449,-0.022611148841679096,0.07737192995846272,0.0,0.5664077997207642,0.09603973627090454,0.10092674195766449
17910,84.75,0.10551579296588898,-0.031112438626587392,0.07262489013373852,0.0,0.5640464782714844,0.09862582571804523,0.10551579296588898
17920,81.78125,0.09686288237571716,-0.050360404141247275,0.013547610491514206,0.0,0.5634663999080658,0.08995512202382087,0.09686288237571716
17930,112.28125,0.10524923354387283,-0.02763590281829238,0.013917308952659368,0.0,0.567688038945198,0.10296531803905964,0.10524923354387283
17940,85.28125,0.09114845842123032,-0.027909598313272,0.12685101255774497,0.0,0.5694458544254303,0.10225309170782566,0.09114845842123032
17950,93.21875,0.09596697986125946,-0.023789739422500133,0.14415955170989037,0.0,0.570178484916687,0.1083405714482069,0.09596697986125946
17960,93.40625,0.10401485860347748,-0.053870826959609985,0.019531768374145032,0.0,0.5666162759065628,0.10845452211797238,0.10401485860347748
17970,89.0,0.09646081924438477,-0.04598587416112423,0.04543002508580685,0.0,0.5663421601057053,0.09712332338094712,0.09646081924438477
17980,83.1875,0.10034450143575668,-0.03176077678799629,0.11808334812521934,0.0,0.5676812916994095,0.104141241684556,0.10034450143575668
17990,91.75,0.11417686939239502,-0.04777375403791666,0.023599499091506004,0.0,0.5678769767284393,0.09465792886912823,0.11417686939239502
18000,99.25,0.10977528989315033,-0.019298242032527925,0.07275552153587342,0.0,0.5689805030822754,0.10551890358328819,0.10977528989315033
18010,101.0625,0.1091284230351448,-0.04120896253734827,0.018338435981422662,0.0,0.5697014391422272,0.10884602442383766,0.1091284230351448
18020,78.78125,0.09854632616043091,-0.020269264467060566,0.09065883494913578,0.0,0.5694297254085541,0.10607621856033803,0.09854632616043091
18030,84.6875,0.10843206197023392,-0.020280490908771754,0.05039205700159073,0.0,0.5720526546239852,0.10752179473638535,0.10843206197023392
18040,93.90625,0.11244925856590271,-0.03269145730882883,0.12844853103160858,0.0,0.5727962166070938,0.11033827364444733,0.11244925856590271
18050,97.8125,0.11283962428569794,-0.04391140639781952,0.01850778479129076,0.0,0.5730497688055038,0.11080720201134682,0.11283962428569794
18060,85.71875,0.11081163585186005,-0.05602411013096571,0.012512275204062461,0.0,0.5728874295949936,0.11246258430182934,0.11081163585186005
18070,104.25,0.11751051992177963,-0.018846634775400162,0.24650778621435165,0.0,0.573451840877533,0.11244921758770943,0.11751051992177963
18080,79.0625,0.11815690994262695,-0.031679024733603,0.2301974415779114,0.0,0.5763984978199005,0.11324191391468048,0.11815690994262695
18090,91.0,0.09235122799873352,-0.026563186105340718,0.13007287085056304,0.0,0.5742638409137726,0.1088463842868805,0.09235122799873352
18100,93.4375,0.12209607660770416,-0.04982035979628563,0.011524414271116256,0.0,0.5740395158529281,0.10929028466343879,0.12209607660770416
18110,78.84375,0.09493593871593475,-0.023907994478940965,0.10538120716810226,0.0,0.5737034440040588,0.10905266627669334,0.09493593871593475
18120,85.8125,0.1002429872751236,-0.02326977364718914,0.10593738406896591,0.0,0.5737174808979034,0.10967211835086346,0.1002429872751236
18130,83.53125,0.08765499293804169,-0.037899067625403404,0.015795325487852098,0.0,0.5723717123270035,0.10495716743171216,0.08765499293804169
18140,97.03125,0.09349698573350906,-0.029264807514846326,0.017044633533805607,0.0,0.5712213516235352,0.10291221365332603,0.09349698573350906
18150,74.59375,0.0962083488702774,-0.03455751975998282,0.10753398537635803,0.0,0.5709825992584229,0.1088795430958271,0.0962083488702774
18160,85.28125,0.10049696266651154,-0.031430788710713385,0.2821277379989624,0.0,0.5738429307937623,0.10764158703386784,0.10049696266651154
18170,110.15625,0.1175055131316185,-0.028450471512041987,0.09420115798711777,0.0,0.5724717199802398,0.10884376540780068,0.1175055131316185
18180,103.6875,0.10843843221664429,-0.0269039330072701,0.22499223798513412,0.0,0.5706210941076278,0.10568603910505772,0.10843843221664429
18190,106.40625,0.10467995703220367,-0.02456811722368002,0.11821478493511677,0.0,0.5733760714530944,0.10864431224763393,0.10467995703220367
18200,88.375,0.10117511451244354,-0.036020793579518796,0.02494588606059551,0.0,0.5741426795721054,0.10910430140793323,0.10117511451244354
18210,98.5625,0.11650526523590088,-0.034191121347248554,0.016296041011810303,0.0,0.5769769936800003,0.11254815049469472,0.11650526523590088
18220,123.53125,0.11543269455432892,-0.03052354734390974,0.16630122810602188,0.0,0.5788388431072236,0.11445027962327003,0.11543269455432892
18230,88.78125,0.08610081672668457,-0.03489233255386352,0.04263081327080727,0.0,0.574244299530983,0.09940917231142521,0.08610081672668457
18240,112.40625,0.10714210569858551,-0.025625301338732243,0.03125353362411261,0.0,0.5764892876148224,0.10780820399522781,0.10714210569858551
18250,87.875,0.08278074860572815,-0.03801986016333103,0.029724840261042117,0.0,0.5720830976963043,0.0987207431346178,0.08278074860572815
18260,100.4375,0.08627195656299591,-0.014060546178370714,0.05259472839534283,0.0,0.5728874206542969,0.10334574915468693,0.08627195656299591
18270,97.34375,0.11051170527935028,-0.026731798052787782,0.14860130250453948,0.0,0.5712953835725785,0.10175417251884937,0.11051170527935028
18280,119.1875,0.11183764040470123,-0.025916948169469833,0.2641529023647308,0.0,0.5745863527059555,0.10902264155447483,0.11183764040470123
18290,81.21875,0.11183636635541916,-0.0273411117028445,0.17335275337100028,0.0,0.5766817569732666,0.11076211556792259,0.11183636635541916
18300,108.0625,0.10913743078708649,-0.005650456435978413,0.20336836576461792,0.0,0.5776351422071457,0.10780182406306267,0.10913743078708649
18310,102.65625,0.11321240663528442,-0.017960537783801557,0.08158464394509793,0.0,0.5784920901060104,0.1124351054430008,0.11321240663528442
18320,89.25,0.1054377555847168,-0.02563010398298502,0.12225102633237839,0.0,0.5790625303983689,0.1067116018384695,0.1054377555847168
18330,92.59375,0.11163134127855301,-0.023470150725916027,0.16609184667468072,0.0,0.5782806515693665,0.10651096031069755,0.11163134127855301
18340,97.0625,0.118116095662117,-0.018077348358929157,0.1450833760201931,0.0,0.579352644085884,0.11300907582044602,0.118116095662117
18350,114.59375,0.12053020298480988,-0.023827240243554114,0.14718689620494843,0.0,0.5805180668830872,0.11989863887429238,0.12053020298480988
18360,61.28125,0.09956519305706024,-0.02727716164663434,0.17577047646045685,0.0,0.5780928730964661,0.10947248339653015,0.09956519305706024
18370,86.25,0.10417261719703674,-0.048411368392407894,0.014062411058694125,0.0,0.5782706141471863,0.10752370953559875,0.10417261719703674
18380,96.5625,0.1044999212026596,-0.04143271464854479,0.014531876612454652,0.0,0.5769275903701783,0.10935028903186321,0.1044999212026596
18390,106.21875,0.12264697253704071,-0.030965978838503362,0.014181055407971144,0.0,0.5784752786159515,0.11312464810907841,0.12264697253704071
18400,94.3125,0.12130843102931976,-0.02603296600282192,0.13350604362785817,0.0,0.5784466147422791,0.11418013535439968,0.12130843102931976
18410,94.40625,0.12055365741252899,-0.03517167000100017,0.015425037313252687,0.0,0.5776785135269165,0.10798910409212112,0.12055365741252899
18420,79.8125,0.1040545105934143,-0.02124453354626894,0.09558704793453217,0.0,0.5760836124420166,0.10349941179156304,0.1040545105934143
18430,82.40625,0.10881692171096802,-0.04502178467810154,0.026434039510786534,0.0,0.5760294497013092,0.102918566390872,0.10881692171096802
18440,103.0,0.10696414113044739,-0.0307192824780941,0.0191803902387619,0.0,0.5774743676185607,0.10771444961428642,0.10696414113044739
18450,87.46875,0.12518194317817688,-0.014333681389689445,0.08929296396672726,0.0,0.5765148788690567,0.11250516325235367,0.12518194317817688
18460,90.46875,0.10369645804166794,-0.0336330983787775,0.06750934422016144,0.0,0.5775416880846024,0.10418673940002918,0.10369645804166794
18470,81.8125,0.11319375038146973,-0.03399213571101427,0.03782648090273142,0.0,0.5741284877061844,0.09800269268453121,0.11319375038146973
18480,98.03125,0.11053138971328735,-0.022160755190998315,0.06146624758839607,0.0,0.5752829551696778,0.108699382096529,0.11053138971328735
18490,89.96875,0.09010058641433716,-0.030383204482495783,0.16984952241182327,0.0,0.5747435957193374,0.10157311521470547,0.09010058641433716
18500,89.0625,0.11006145179271698,-0.026859591156244277,0.22997575700283052,0.0,0.5756467908620835,0.11209592781960964,0.11006145179271698
18510,68.8125,0.08163262903690338,-0.024432872608304023,0.10322679281234741,0.0,0.5713901162147522,0.09854859709739686,0.08163262903690338
18520,115.6875,0.10886192321777344,-0.037503303168341516,0.012512253411114217,0.0,0.5733459144830704,0.10567916035652161,0.10886192321777344
18530,103.25,0.10665738582611084,-0.036488591320812704,0.013086386770009995,0.0,0.5752949357032776,0.107674128562212,0.10665738582611084
18540,102.5,0.09657677263021469,-0.029216264095157384,0.18811919540166855,0.0,0.5715601295232773,0.10124484784901142,0.09657677263021469
18550,98.75,0.1197199672460556,-0.0242108803242445,0.12209969833493232,0.0,0.5750245928764344,0.10913617312908172,0.1197199672460556
18560,64.9375,0.10080176591873169,-0.013901273906230926,0.1387099489569664,0.0,0.5760278522968292,0.10590096861124039,0.10080176591873169
18570,94.71875,0.1110420674085617,-0.023771551437675953,0.03036745311692357,0.0,0.5787821143865586,0.11131988391280175,0.1110420674085617
18580,105.0625,0.10084907710552216,-0.04387048175558448,0.02554940413683653,0.0,0.5787810951471328,0.1094961516559124,0.10084907710552216
18590,91.59375,0.10936321318149567,-0.029086041636765002,0.059021658077836034,0.0,0.5777708232402802,0.10329179205000401,0.10936321318149567
18600,75.71875,0.10539086908102036,-0.03798340521752834,0.04280754365026951,0.0,0.5789480537176133,0.10938525535166263,0.10539086908102036
18610,72.5625,0.08874070644378662,-0.052988285664469004,0.016660419385880233,0.0,0.5771690756082535,0.10102646984159946,0.08874070644378662
18620,91.28125,0.10168642550706863,-0.03131978586316109,0.11556631550192834,0.0,0.5790652632713318,0.10378418862819672,0.10168642550706863
18630,77.34375,0.10320957005023956,-0.030293749272823335,0.08939511924982071,0.0,0.5792784243822098,0.10457730703055859,0.10320957005023956
18640,77.03125,0.07852323353290558,-0.04782683290541172,0.013817900232970715,0.0,0.5794987082481384,0.10050905384123325,0.07852323353290558
18650,66.40625,0.09340247511863708,-0.029130668751895426,0.03262527529150248,0.0,0.5778624773025512,0.09978862181305885,0.09340247511863708
18660,77.90625,0.11090373992919922,-0.022912100702524186,0.02057689372450113,0.0,0.5781581044197083,0.10319142565131187,0.11090373992919922
18670,84.0625,0.11239819973707199,-0.030507964733988046,0.06382010616362095,0.0,0.5788366824388504,0.10180961154401302,0.11239819973707199
18680,76.875,0.10735970735549927,-0.029740330949425697,0.0307800997979939,0.0,0.5800256043672561,0.10370741002261638,0.10735970735549927
18690,73.34375,0.07601200044155121,-0.027948013320565224,0.048674794659018514,0.0,0.5778683096170425,0.10026701800525188,0.07601200044155121
18700,84.09375,0.09088575094938278,-0.03672096282243729,0.017819699924439193,0.0,0.5755013138055801,0.09244043380022049,0.09088575094938278
18710,81.90625,0.10496976971626282,-0.04350252989679575,0.017077849619090556,0.0,0.5792572677135468,0.09575249515473842,0.10496976971626282
18720,98.5625,0.08059906959533691,-0.028696249052882195,0.05327220670878887,0.0,0.5776252985000611,0.10076203308999539,0.08059906959533691
18730,114.78125,0.10315583646297455,-0.024639148265123367,0.0338097132742405,0.0,0.5761922508478164,0.11131769306957721,0.10315583646297455
18740,76.875,0.10535430908203125,-0.049076526612043384,0.015865390561521052,0.0,0.5765416890382766,0.10716299004852772,0.10535430908203125
18750,97.90625,0.08803447335958481,-0.014767210371792317,0.02468731999397278,0.0,0.5783597022294998,0.10350123830139638,0.08803447335958481
18760,96.25,0.1177634745836258,-0.05524765597656369,0.030206380225718022,0.0,0.5761135518550873,0.10951152592897415,0.1177634745836258
18770,112.09375,0.09623128175735474,-0.024040584871545433,0.048494080826640126,0.0,0.5791020601987839,0.11340665332973003,0.09623128175735474
18780,124.3125,0.1178193986415863,-0.04801418576389551,0.01320003615692258,0.0,0.5812257051467895,0.11816673502326011,0.1178193986415863
18790,93.6875,0.1028967946767807,-0.030032988265156747,0.11881444901227951,0.0,0.5792568624019623,0.11079259216785431,0.1028967946767807
18800,84.375,0.09434724599123001,-0.023185250535607337,0.27605812549591063,0.0,0.5815253764390945,0.11471153013408183,0.09434724599123001
18810,84.6875,0.10619106888771057,-0.02970902929082513,0.17235081866383553,0.0,0.5820512682199478,0.11452544070780277,0.10619106888771057
18820,97.9375,0.11579563468694687,-0.015199472475796939,0.09236594438552856,0.0,0.5826078712940216,0.11133051030337811,0.11579563468694687
18830,85.78125,0.11211332678794861,-0.025030810758471488,0.1839841291308403,0.0,0.5804682075977325,0.11105240397155285,0.11211332678794861
18840,111.78125,0.1064290702342987,-0.02467437945306301,0.22690128684043884,0.0,0.5824057340621949,0.11270685233175755,0.1064290702342987
18850,111.3125,0.11197616904973984,-0.017817925103008746,0.19024111405014993,0.0,0.5827831417322159,0.11662159413099289,0.11197616904973984
18860,99.1875,0.10993179678916931,-0.023335683904588223,0.1787736415863037,0.0,0.5829370528459549,0.11788004264235497,0.10993179678916931
18870,97.40625,0.11230261623859406,-0.018304317817091943,0.10246408507227897,0.0,0.5816321521997452,0.10616439878940583,0.11230261623859406
18880,75.0625,0.10396893322467804,-0.025474259722977878,0.1432354584336281,0.0,0.5802344560623169,0.10857311300933362,0.10396893322467804
18890,109.6875,0.10230722278356552,-0.03161413930356503,0.015706896129995585,0.0,0.5814464658498764,0.11062870137393474,0.10230722278356552
18900,88.28125,0.10641702264547348,-0.042633621394634245,0.014006253145635129,0.0,0.5824215620756149,0.10986822880804539,0.10641702264547348
18910,85.3125,0.11301207542419434,-0.017033940739929677,0.055427996441721916,0.0,0.5823162615299224,0.10024842582643032,0.11301207542419434
18920,103.96875,0.1074952781200409,-0.04675583690404892,0.0075631198938936,0.0,0.5853616565465927,0.11107889078557491,0.1074952781200409
18930,95.9375,0.10310336202383041,-0.0361333929002285,0.08632735423743725,0.0,0.5835196822881699,0.11025638543069363,0.10310336202383041
18940,85.59375,0.10764655470848083,-0.02832956612110138,0.08053176403045655,0.0,0.5856084376573563,0.11443163715302944,0.10764655470848083
18950,92.6875,0.11677980422973633,-0.018957547657191754,0.0860098235309124,0.0,0.583910471200943,0.10859239771962166,0.11677980422973633
18960,97.375,0.10019568353891373,-0.011121046729385853,0.16287611275911332,0.0,0.5837524443864822,0.10779305770993233,0.10019568353891373
18970,78.625,0.10055205971002579,-0.03503801543265581,0.05320331864058971,0.0,0.5812334835529327,0.10942965969443322,0.10055205971002579
18980,88.5625,0.10089471936225891,-0.028498808294534682,0.12019071727991104,0.0,0.5836141318082809,0.11070179678499699,0.10089471936225891
18990,101.8125,0.11744752526283264,-0.04009625744074583,0.014479111693799496,0.0,0.5834601163864136,0.11229755319654941,0.11744752526283264
19000,83.65625,0.10644948482513428,-0.013325969874858856,0.18957847356796265,0.0,0.5840638399124145,0.10528020709753036,0.10644948482513428
19010,93.28125,0.11674106121063232,-0.027362297661602496,0.11382748559117317,0.0,0.5852089524269104,0.11261880062520505,0.11674106121063232
19020,98.125,0.12141148746013641,-0.025063446816056968,0.05165335088968277,0.0,0.5858073204755783,0.11308140642940998,0.12141148746013641
19030,79.84375,0.1136532872915268,-0.025162332504987717,0.14797859862446786,0.0,0.5876223862171173,0.1189601480960846,0.1136532872915268
19040,78.9375,0.11769763380289078,-0.04222203819081187,0.017520501092076302,0.0,0.5874450385570527,0.10406724251806736,0.11769763380289078
19050,81.75,0.11582913994789124,-0.03002459928393364,0.3412229746580124,0.0,0.5875141888856887,0.11500126272439956,0.11582913994789124
19060,101.4375,0.1073901429772377,-0.018323478661477564,0.1535035103559494,0.0,0.5901029944419861,0.11815384849905967,0.1073901429772377
19070,85.6875,0.11378803104162216,-0.05555214453488588,0.012799066957086325,0.0,0.5880576193332672,0.11468578912317753,0.11378803104162216
19080,82.75,0.1282711774110794,-0.034509219229221344,0.07079074904322624,0.0,0.5921897262334823,0.11067663989961148,0.1282711774110794
19090,81.625,0.09452253580093384,-0.03122387994080782,0.17403270602226256,0.0,0.5920332551002503,0.11516882814466953,0.09452253580093384
19100,103.625,0.12677790224552155,-0.02367215184494853,0.06976226046681404,0.0,0.5912782639265061,0.11645153388381005,0.12677790224552155
19110,103.71875,0.12633708119392395,-0.02446707021445036,0.09228569865226746,0.0,0.5920795023441314,0.11956619322299958,0.12633708119392395
19120,94.8125,0.1091039627790451,-0.028840025328099726,0.2591241255402565,0.0,0.5905998677015305,0.11529776677489281,0.1091039627790451
19130,95.96875,0.11596916615962982,-0.02841558577492833,0.08051741011440754,0.0,0.593002799153328,0.11444227024912834,0.11596916615962982
19140,100.78125,0.12275207042694092,-0.0013949909247457982,0.0993894349783659,0.0,0.5923185735940933,0.11761515215039253,0.12275207042694092
19150,91.5625,0.1285373717546463,-0.019181493669748306,0.1038486696779728,0.0,0.5918107360601426,0.11848564520478248,0.1285373717546463
19160,80.1875,0.09444104135036469,-0.013649707566946745,0.10472122505307198,0.0,0.591870304942131,0.11442409083247185,0.09444104135036469
19170,99.0625,0.13123100996017456,-0.02299080230295658,0.05623151920735836,0.0,0.592209079861641,0.11839734055101872,0.13123100996017456
19180,79.96875,0.12101028114557266,-0.018666150420904158,0.16004880964756013,0.0,0.5930484056472778,0.11701242476701737,0.12101028114557266
19190,105.40625,0.10067412257194519,-0.023043813183903694,0.18274609744548798,0.0,0.5925701946020127,0.11700654588639736,0.10067412257194519
19200,78.125,0.12123668193817139,-0.0027989808470010756,0.08512208200991153,0.0,0.5924255698919296,0.11795487329363823,0.12123668193817139
19210,98.0,0.11460146307945251,-0.029024794790893794,0.10190897025167941,0.0,0.592477747797966,0.11812184676527977,0.11460146307945251
19220,90.96875,0.0938953161239624,-0.026680893171578644,0.1788385644555092,0.0,0.5920215606689453,0.11413232572376728,0.0938953161239624
19230,70.15625,0.11117751896381378,-0.02334737600758672,0.12589919082820417,0.0,0.5911115288734436,0.11847475878894329,0.11117751896381378
19240,106.78125,0.11569012701511383,-0.019927400536835192,0.07886643297970294,0.0,0.5932373940944672,0.11659997440874577,0.11569012701511383
19250,109.71875,0.11814416944980621,-0.028773321956396102,0.13347855284810067,0.0,0.5910898208618164,0.10973242558538913,0.11814416944980621
19260,86.0,0.10383820533752441,-0.035237232223153114,0.05675847120583057,0.0,0.5937993496656417,0.11866765506565571,0.10383820533752441
19270,84.6875,0.11006097495555878,-0.039011963410303,0.0569983433932066,0.0,0.5901135683059693,0.11044476628303528,0.11006097495555878
19280,79.09375,0.09127803891897202,-0.027224059123545884,0.01426582345739007,0.0,0.5918222695589066,0.10875712931156159,0.09127803891897202
19290,98.8125,0.13333019614219666,-0.04027896020561457,0.010820820834487677,0.0,0.5941289633512497,0.12135890983045101,0.13333019614219666
19300,82.3125,0.11016634851694107,-0.025779366306960583,0.02950514778494835,0.0,0.5945196360349655,0.12110542617738247,0.11016634851694107
19310,92.96875,0.1293160319328308,-0.027674520574510097,0.1847948670387268,0.0,0.5949758350849151,0.12177556939423084,0.1293160319328308
19320,90.28125,0.12210164964199066,-0.035676900576800105,0.03519083876162767,0.0,0.5955704003572464,0.12085333317518235,0.12210164964199066
19330,95.09375,0.1160292774438858,-0.022655522637069225,0.052292659692466256,0.0,0.5975738555192948,0.11768718212842941,0.1160292774438858
19340,75.25,0.12022662162780762,-0.018989823013544082,0.06164396144449711,0.0,0.5959231227636337,0.11963870450854301,0.12022662162780762
19350,121.53125,0.12305166572332382,-0.024218637868762015,0.10822899118065835,0.0,0.5957022428512573,0.12347838431596755,0.12305166572332382
19360,97.15625,0.13701391220092773,-0.03318743063136935,0.08648309409618378,0.0,0.5941426783800126,0.11879044957458973,0.13701391220092773
19370,104.3125,0.1225961446762085,-0.005721525102853775,0.14672092571854592,0.0,0.5924793601036071,0.11509662456810474,0.1225961446762085
19380,90.125,0.1139962300658226,-0.025665240548551082,0.09260478094220162,0.0,0.5923662394285202,0.12239977605640888,0.1139962300658226
19390,109.34375,0.12298673391342163,-0.01874867994338274,0.11436761319637298,0.0,0.5975297898054123,0.12586284428834915,0.12298673391342163
19400,96.0,0.09726279973983765,-0.03142549134790897,0.15341520980000495,0.0,0.5935608267784118,0.12060731463134289,0.09726279973983765
19410,92.0625,0.1149991825222969,-0.042565150558948515,0.019273259211331606,0.0,0.5941612422466278,0.11988108344376087,0.1149991825222969
19420,87.78125,0.12250015884637833,-0.022188734821975233,0.08046936690807342,0.0,0.5967138290405274,0.1271103847771883,0.12250015884637833
19430,95.28125,0.11366700381040573,-0.0191439013928175,0.02443299051374197,0.0,0.5984569936990738,0.12622686214745044,0.11366700381040573
19440,76.71875,0.11300400644540787,-0.03954470343887806,0.03648037109524012,0.0,0.5947666078805923,0.11280154548585415,0.11300400644540787
19450,90.875,0.11731864511966705,-0.0284433800727129,0.041204536147415635,0.0,0.5947530090808868,0.12500846423208714,0.11731864511966705
19460,73.84375,0.09660542011260986,-0.02774133961647749,0.1070706695318222,0.0,0.5958511978387833,0.11071155071258545,0.09660542011260986
19470,76.53125,0.1347063034772873,-0.024523038417100906,0.057264386862516406,0.0,0.5940341025590896,0.12038984075188637,0.1347063034772873
19480,86.375,0.1403386890888214,-0.04301970303058624,0.012279331870377063,0.0,0.5962497383356095,0.12381621301174164,0.1403386890888214
19490,83.03125,0.11818376183509827,-0.03134211115539074,0.08746449276804924,0.0,0.5968700796365738,0.12119557857513427,0.11818376183509827
19500,87.75,0.11401437222957611,-0.04568206835538149,0.01818620478734374,0.0,0.5979806840419769,0.1231796894222498,0.11401437222957611
19510,68.25,0.11645592749118805,-0.04626146014779806,0.018037068843841552,0.0,0.5966430902481079,0.12143608704209327,0.11645592749118805
19520,110.0625,0.1286543607711792,-0.019977892003953456,0.09430098980665207,0.0,0.6007095456123352,0.12915329076349735,0.1286543607711792
19530,81.4375,0.13736891746520996,-0.02728751292452216,0.016827112715691327,0.0,0.5990137398242951,0.12974964305758477,0.13736891746520996
19540,75.1875,0.10628935694694519,-0.02644504262134433,0.11018129214644432,0.0,0.5991040229797363,0.1235109020024538,0.10628935694694519
19550,70.96875,0.12149718403816223,-0.052062035724520686,0.0075047608930617574,0.0,0.5955633789300918,0.10846971087157727,0.12149718403816223
19560,99.34375,0.12858587503433228,-0.02846589554101229,0.009001739649102091,0.0,0.5985288619995117,0.12396789491176605,0.12858587503433228
19570,94.78125,0.12759612500667572,-0.02753168102353811,0.06055149268358946,0.0,0.5966401427984238,0.12283330895006657,0.12759612500667572
19580,72.5,0.11943970620632172,-0.044318204559385774,0.017411448154598476,0.0,0.5977529287338257,0.12328616343438625,0.11943970620632172
19590,96.3125,0.10077719390392303,-0.017636831663548947,0.06457720920443535,0.0,0.5972499817609787,0.11421115882694721,0.10077719390392303
19600,57.9375,0.11385414749383926,-0.02224544547498226,0.1630438171327114,0.0,0.595228910446167,0.11761508844792842,0.11385414749383926
19610,68.21875,0.11723124980926514,-0.04969413690268994,0.012567684706300496,0.0,0.5979852825403214,0.11974372416734695,0.11723124980926514
19620,73.65625,0.12501786649227142,-0.029007458593696356,0.059602726623415946,0.0,0.5996176332235337,0.12615553252398967,0.12501786649227142
19630,102.25,0.13062778115272522,-0.050020819343626496,0.011152381915599108,0.0,0.600555282831192,0.12591088227927685,0.13062778115272522
19640,82.03125,0.09210017323493958,-0.032212982699275014,0.0641713261604309,0.0,0.5994151264429093,0.12069618329405785,0.09210017323493958
19650,82.21875,0.14677059650421143,-0.04419918274506927,0.01507709315046668,0.0,0.5997870922088623,0.123605976998806,0.14677059650421143
19660,79.15625,0.1330091953277588,-0.03019947251304984,0.02253389535471797,0.0,0.5997573524713516,0.12723224833607674,0.1330091953277588
19670,96.71875,0.11506925523281097,-0.010935610346496105,0.03985391948372126,0.0,0.6011327624320983,0.12418846487998962,0.11506925523281097
19680,60.5625,0.11893817782402039,-0.04662724491208792,0.02451239600777626,0.0,0.6012279003858566,0.1257986780256033,0.11893817782402039
19690,84.1875,0.14486998319625854,-0.025551384128630162,0.06462597651407123,0.0,0.6032520920038223,0.1246732760220766,0.14486998319625854
19700,83.90625,0.13421589136123657,-0.030297582037746906,0.0851725086569786,0.0,0.6036965489387512,0.13222991451621055,0.13421589136123657
19710,76.46875,0.12499448657035828,-0.023034875839948656,0.034050363674759866,0.0,0.605208158493042,0.12610579133033753,0.12499448657035828
19720,67.65625,0.12371822446584702,-0.04795486647635698,0.011544566042721272,0.0,0.6052860230207443,0.12913235872983933,0.12371822446584702
19730,97.59375,0.14006371796131134,-0.03067648122087121,0.094273641705513,0.0,0.6060780346393585,0.13200502693653107,0.14006371796131134
19740,97.28125,0.13455021381378174,-0.019643939472734927,0.11208597049117089,0.0,0.605222436785698,0.13636542446911334,0.13455021381378174
19750,91.78125,0.13960759341716766,-0.013465989194810391,0.10281928777694702,0.0,0.6035067468881607,0.13229861222207545,0.13960759341716766
19760,69.75,0.11438845098018646,-0.03526985235512257,0.01299900347366929,0.0,0.6020351052284241,0.12455594800412655,0.11438845098018646
19770,78.4375,0.13305073976516724,-0.02869329387322068,0.0701432466506958,0.0,0.6048885673284531,0.13078617714345456,0.13305073976516724
19780,85.90625,0.11945921182632446,-0.039593806210905316,0.018982749525457622,0.0,0.6049200415611267,0.13150586597621441,0.11945921182632446
19790,76.59375,0.11091595143079758,-0.03708137609064579,0.020886495150625704,0.0,0.6051671832799912,0.12475720643997193,0.11091595143079758
19800,92.8125,0.10928979516029358,-0.03354304861277342,0.1017457127571106,0.0,0.605909663438797,0.12549758031964303,0.10928979516029358
19810,79.3125,0.11827266961336136,-0.03705734256654978,0.041455686837434766,0.0,0.6073902308940887,0.12755805514752866,0.11827266961336136
19820,62.34375,0.12017113715410233,-0.03132093073800206,0.08671964406967163,0.0,0.6054480671882629,0.11646857820451259,0.12017113715410233
19830,92.28125,0.13350015878677368,-0.02727581299841404,0.03122834349051118,0.0,0.610813170671463,0.13512505553662776,0.13350015878677368
19840,88.09375,0.12557151913642883,-0.025258273538202047,0.03671434000134468,0.0,0.6093936324119568,0.13366516903042794,0.12557151913642883
19850,89.40625,0.15181207656860352,-0.04846579246222973,0.0161084471270442,0.0,0.6108213365077972,0.13766209557652473,0.15181207656860352
19860,79.25,0.1508777141571045,-0.04501585606485605,0.01909588985145092,0.0,0.6148059278726578,0.13952470123767852,0.1508777141571045
19870,84.21875,0.12738707661628723,-0.0323395767249167,0.05227857753634453,0.0,0.6170617878437042,0.14206161051988603,0.12738707661628723
19880,104.8125,0.1455182135105133,-0.027203837037086488,0.10251475907862187,0.0,0.6139237761497498,0.14491354897618294,0.1455182135105133
19890,88.375,0.14197096228599548,-0.024494202714413403,0.0903770400211215,0.0,0.6133822977542878,0.14479098841547966,0.14197096228599548
19900,120.84375,0.1445688158273697,-0.013082972168922425,0.13862866759300232,0.0,0.6158722847700119,0.14764515012502671,0.1445688158273697
19910,92.6875,0.12375804781913757,-0.014968521986156702,0.21728501170873643,0.0,0.6153102725744247,0.1365789942443371,0.12375804781913757
19920,82.03125,0.14330248534679413,-0.025178179237991573,0.15586549043655396,0.0,0.6140353500843048,0.13673120327293872,0.14330248534679413
19930,115.84375,0.13517983257770538,-0.02404000926762819,0.12018592059612274,0.0,0.6120005458593368,0.1367708034813404,0.13517983257770538
19940,104.46875,0.13874810934066772,-0.02110033929347992,0.09972610175609589,0.0,0.6154908746480942,0.1439037464559078,0.13874810934066772
19950,95.28125,0.14208059012889862,-0.02711670082062483,0.1343151055276394,0.0,0.6138930231332779,0.14156961292028428,0.14208059012889862
19960,86.15625,0.12719804048538208,-0.013546679262071848,0.06883161514997482,0.0,0.613772627711296,0.1359834749251604,0.12719804048538208
19970,98.9375,0.10007268190383911,-0.009095138683915139,0.15359044671058655,0.0,0.6145515859127044,0.12755588963627815,0.10007268190383911
19980,118.25,0.14060857892036438,-0.035052460804581645,0.22962551862001418,0.0,0.6159292757511139,0.14007011689245702,0.14060857892036438
19990,96.71875,0.1425948441028595,-0.021774331852793694,0.1299588344991207,0.0,0.6155013173818589,0.13762958608567716,0.1425948441028595
20000,96.375,0.12778687477111816,-0.01580324936658144,0.08301595225930214,0.0,0.6188766360282898,0.1410078912973404,0.12778687477111816
20010,105.3125,0.15114383399486542,-0.047785321995615956,0.01147406715899706,0.0,0.6148633003234864,0.13904332481324672,0.15114383399486542
20020,88.1875,0.13605332374572754,-0.027418810315430163,0.12247050851583481,0.0,0.6179064124822616,0.14385073333978654,0.13605332374572754
20030,83.40625,0.13015195727348328,-0.020733473263680934,0.10400168597698212,0.0,0.6174746692180634,0.13698126822710038,0.13015195727348328
20040,97.75,0.14915680885314941,-0.027741459757089616,0.14546480476856233,0.0,0.6177549749612808,0.14513772279024123,0.14915680885314941
20050,81.71875,0.1469060480594635,-0.031658305507153275,0.10707239769399166,0.0,0.6191632956266403,0.14418651834130286,0.1469060480594635
20060,88.28125,0.13692639768123627,-0.021902074664831163,0.08802262097597122,0.0,0.6168976277112961,0.13286640867590904,0.13692639768123627
20070,101.9375,0.11571642756462097,-0.02347573433071375,0.18865803703665734,0.0,0.618316850066185,0.138016052916646,0.11571642756462097
20080,89.3125,0.11814174056053162,-0.03934195255860686,0.02688371017575264,0.0,0.620609673857689,0.14268102832138538,0.11814174056053162
20090,90.0625,0.14248794317245483,-0.028958624787628652,0.03990095444023609,0.0,0.6219459712505341,0.13955027647316456,0.14248794317245483
20100,86.4375,0.10624784976243973,-0.017204785160720347,0.06787915714085102,0.0,0.6226380348205567,0.13898442946374417,0.10624784976243973
20110,117.5625,0.1538178026676178,-0.025921085476875307,0.20669237077236174,0.0,0.6254258990287781,0.1490224003791809,0.1538178026676178
20120,77.21875,0.10929311811923981,-0.03142667096108198,0.1827648863196373,0.0,0.6216099232435226,0.12263160012662411,0.10929311811923981
20130,118.28125,0.15274766087532043,-0.03450336679816246,0.07458939105272293,0.0,0.6237138509750366,0.14358205050230027,0.15274766087532043
20140,87.5625,0.1373298168182373,-0.05755260158330202,0.0180900227278471,0.0,0.6209404915571213,0.1412719778716564,0.1373298168182373
20150,92.4375,0.13858160376548767,-0.028156385570764542,0.0889742098748684,0.0,0.6218342691659927,0.1376144103705883,0.13858160376548767
20160,77.5625,0.11790455132722855,-0.019752569496631622,0.06091891322284937,0.0,0.6203566014766693,0.13605321533977985,0.11790455132722855
20170,111.75,0.13637153804302216,-0.029456302896142005,0.15311562418937683,0.0,0.6235022395849228,0.14375005550682546,0.13637153804302216
20180,80.03125,0.14464156329631805,-0.02375283055007458,0.15430579334497452,0.0,0.6195871621370316,0.1369407158344984,0.14464156329631805
20190,71.03125,0.14043337106704712,-0.006733841635286808,0.05284970849752426,0.0,0.6205768257379531,0.13870354928076267,0.14043337106704712
20200,81.21875,0.13094717264175415,-0.028223987296223642,0.07051190175116062,0.0,0.6182296067476273,0.13216584026813508,0.13094717264175415
20210,91.09375,0.13794130086898804,-0.026942910626530647,0.01521385395899415,0.0,0.6235401690006256,0.14137537814676762,0.13794130086898804
20220,89.9375,0.1503455638885498,-0.014747845567762851,0.07116237804293632,0.0,0.6224662125110626,0.13897634595632552,0.1503455638885498
20230,94.78125,0.15007850527763367,-0.022162215039134025,0.08205884024500847,0.0,0.621031966805458,0.13037480190396308,0.15007850527763367
20240,91.90625,0.14588916301727295,-0.021118576265871526,0.0790121030062437,0.0,0.6229921489953995,0.14040492177009584,0.14588916301727295
20250,79.71875,0.13766132295131683,-0.03289634045213461,0.03106861189007759,0.0,0.6227676570415497,0.13071897998452187,0.13766132295131683
20260,121.21875,0.14599747955799103,-0.036382507206872104,0.0353134848177433,0.0,0.6266551673412323,0.14635222852230073,0.14599747955799103
20270,88.1875,0.1508641391992569,-0.0235291238874197,0.02711844714358449,0.0,0.6265355765819549,0.1474120307713747,0.1508641391992569
20280,86.1875,0.12224853038787842,-0.012024213280528783,0.049524106457829474,0.0,0.6252014905214309,0.1408766157925129,0.12224853038787842
20290,99.0625,0.15428978204727173,-0.022284159902483225,0.14587169885635376,0.0,0.6249446958303452,0.14328586608171462,0.15428978204727173
20300,70.15625,0.13935843110084534,-0.01699768044054508,0.11833785027265549,0.0,0.6248155951499939,0.13972483202815056,0.13935843110084534
20310,105.46875,0.13656577467918396,-0.01794759090989828,0.031695674173533916,0.0,0.6270025461912155,0.14482112005352973,0.13656577467918396
20320,90.125,0.1303345263004303,-0.030079658050090073,0.08859393075108528,0.0,0.6230076879262925,0.13493555895984172,0.1303345263004303
20330,89.40625,0.1557621955871582,-0.047733815759420394,0.014418733585625888,0.0,0.624907499551773,0.1407508697360754,0.1557621955871582
20340,91.4375,0.14738504588603973,-0.02863383600488305,0.10341460779309272,0.0,0.6268426269292832,0.15359540283679962,0.14738504588603973
20350,74.8125,0.15856364369392395,-0.025905638094991447,0.0579539492726326,0.0,0.6265794068574906,0.14491368494927884,0.15856364369392395
20360,81.625,0.1360984593629837,-0.03958073295652866,0.09532160013914108,0.0,0.6260679304599762,0.14775266423821448,0.1360984593629837
20370,73.71875,0.1369335651397705,-0.0348184933885932,0.23353962302207948,0.0,0.624809804558754,0.1412111282348633,0.1369335651397705
20380,54.78125,0.09227699041366577,-0.03402791973203421,0.235213939845562,0.0,0.6228794068098068,0.13492048531770706,0.09227699041366577
20390,110.75,0.15650850534439087,-0.02363598346710205,0.10006741471588612,0.0,0.626972833275795,0.14987875819206237,0.15650850534439087
20400,93.28125,0.14963141083717346,-0.02548171877861023,0.1908009573817253,0.0,0.6258928894996643,0.14049054495990276,0.14963141083717346
20410,74.09375,0.12034222483634949,-0.028726958483457566,0.12528087943792343,0.0,0.6237139195203781,0.13809129521250724,0.12034222483634949
20420,88.0625,0.13957184553146362,-0.049378587119281295,0.016755650285631418,0.0,0.6233648002147675,0.1432731755077839,0.13957184553146362
20430,82.3125,0.11685764789581299,-0.040149496495723726,0.14833455085754393,0.0,0.6227581262588501,0.1381625585258007,0.11685764789581299
20440,110.875,0.14666353166103363,-0.02569760289043188,0.10250324010848999,0.0,0.6228263169527054,0.1446019910275936,0.14666353166103363
20450,66.125,0.15316760540008545,-0.03201941456645727,0.028493052721023558,0.0,0.6234410971403122,0.14258178621530532,0.15316760540008545
20460,70.4375,0.13318568468093872,-0.05247981958091259,0.01901435162872076,0.0,0.6254841089248657,0.14356584623456,0.13318568468093872
20470,83.09375,0.14470632374286652,-0.025510314106941222,0.20723272264003753,0.0,0.6249752968549729,0.14311330132186412,0.14470632374286652
20480,100.90625,0.14080972969532013,-0.022771979123353957,0.038173101097345355,0.0,0.6260077208280563,0.13830521292984485,0.14080972969532013
20490,93.28125,0.1377304494380951,-0.02527073286473751,0.2244749739766121,0.0,0.623323118686676,0.13361803852021695,0.1377304494380951
20500,68.65625,0.1326616108417511,-0.023828384000808,0.06065796371549368,0.0,0.6241304486989975,0.14183245077729226,0.1326616108417511
20510,98.15625,0.13216625154018402,-0.05502002444118261,0.014505541697144509,0.0,0.6259437561035156,0.1393610503524542,0.13216625154018402
20520,103.03125,0.13825049996376038,-0.05222076699137688,0.03408462535589933,0.0,0.621375423669815,0.13810546584427358,0.13825049996376038
20530,88.90625,0.13159999251365662,-0.030345863662660122,0.1194654680788517,0.0,0.6223292618989944,0.13932095728814603,0.13159999251365662
20540,93.1875,0.12408731132745743,-0.006992197874933481,0.11942117884755135,0.0,0.6232621639966964,0.13005411252379417,0.12408731132745743
20550,97.15625,0.11710697412490845,-0.0402290778234601,0.036016765609383584,0.0,0.622070175409317,0.1362871889024973,0.11710697412490845
20560,77.25,0.12294541299343109,-0.01974459644407034,0.07972703650593757,0.0,0.6201525062322617,0.12495176605880261,0.12294541299343109
20570,77.15625,0.1316489726305008,-0.029002082720398902,0.021031032688915728,0.0,0.6217044472694397,0.1339160345494747,0.1316489726305008
20580,94.03125,0.13573960959911346,-0.03461399544030428,0.13740511387586593,0.0,0.6254817694425583,0.13451550751924515,0.13573960959911346
20590,71.15625,0.11217731237411499,-0.03856249637901783,0.06106235273182392,0.0,0.6238345503807068,0.12156511172652244,0.11217731237411499
20600,74.28125,0.1323113739490509,-0.03493453599512577,0.02631364781409502,0.0,0.6238971322774887,0.12856843434274196,0.1323113739490509
20610,99.0625,0.14858978986740112,-0.031137353926897048,0.11379436552524566,0.0,0.6243677973747254,0.14036734253168107,0.14858978986740112
20620,85.28125,0.14792729914188385,-0.015079839713871479,0.0302503302693367,0.0,0.6212855219841004,0.1277834761887789,0.14792729914188385
20630,68.8125,0.11904563009738922,-0.02447750736027956,0.056119301915168764,0.0,0.6194766342639924,0.12216929458081723,0.11904563009738922
20640,80.65625,0.14235740900039673,-0.03164658090099692,0.02067385073751211,0.0,0.6244116455316544,0.14235227778553963,0.14235740900039673
20650,98.125,0.1375536024570465,-0.05147177651524544,0.04923173077404499,0.0,0.6248878985643387,0.14026617147028447,0.1375536024570465
20660,78.84375,0.14719527959823608,-0.041213159263134,0.015786369889974596,0.0,0.6243564903736114,0.13431455455720426,0.14719527959823608
20670,84.4375,0.12256624549627304,-0.031672552973031995,0.04620727859437466,0.0,0.6253938734531402,0.13083273470401763,0.12256624549627304
20680,107.78125,0.12137392908334732,-0.011761129647493363,0.03992002084851265,0.0,0.6229092627763748,0.13898120187222957,0.12137392908334732
20690,89.3125,0.15386570990085602,-0.03894992880523205,0.024645512737333775,0.0,0.6237751185894013,0.14313654005527496,0.15386570990085602
20700,73.40625,0.13093000650405884,-0.026102218125015498,0.08181098401546479,0.0,0.6221710264682769,0.13058848008513452,0.13093000650405884
20710,88.1875,0.13513903319835663,-0.016181747894734144,0.07924053370952606,0.0,0.621339601278305,0.13269282318651676,0.13513903319835663
20720,65.65625,0.12326423078775406,-0.029291943460702897,0.04955748543143272,0.0,0.6213546723127366,0.13145979903638363,0.12326423078775406
20730,82.84375,0.1336522400379181,-0.017468880489468576,0.10773206949234009,0.0,0.6210985571146012,0.13489207550883292,0.1336522400379181
20740,77.96875,0.10584186762571335,-0.036464776191860435,0.02082125823944807,0.0,0.6176839679479599,0.12811528891324997,0.10584186762571335
20750,87.6875,0.13027891516685486,-0.022716856747865676,0.02209195466712117,0.0,0.6218721687793731,0.13592034690082072,0.13027891516685486
20760,99.6875,0.13609930872917175,-0.01769488472491503,0.043518862873315814,0.0,0.6242983996868133,0.13772620409727096,0.13609930872917175
20770,92.4375,0.11088700592517853,-0.011149129271507264,0.1436280958354473,0.0,0.6240211427211761,0.13142834417521954,0.11088700592517853
20780,92.53125,0.13314343988895416,-0.03262989455834031,0.11708299964666366,0.0,0.6206628024578095,0.12146320827305317,0.13314343988895416
20790,89.46875,0.1407235562801361,-0.04164606472477317,0.025425684824585914,0.0,0.6224117279052734,0.1300381626933813,0.1407235562801361
20800,80.8125,0.13403558731079102,-0.004192055948078632,0.11042654737830163,0.0,0.6216660410165786,0.12884938009083272,0.13403558731079102
20810,95.46875,0.12400034815073013,-0.026224638987332582,0.0888647586107254,0.0,0.6200288593769073,0.1282295271754265,0.12400034815073013
20820,79.53125,0.11465705186128616,-0.02574471030384302,0.09883223697543145,0.0,0.6206321626901626,0.1255564447492361,0.11465705186128616
20830,94.8125,0.141336128115654,-0.03486778410151601,0.03316743019968271,0.0,0.6209030359983444,0.12871839627623557,0.141336128115654
20840,87.15625,0.10340368747711182,-0.014289651624858379,0.11566959097981452,0.0,0.6205259323120117,0.1374913152307272,0.10340368747711182
20850,90.125,0.12784318625926971,-0.04449159735813737,0.019002164993435145,0.0,0.6191726475954056,0.13283050023019313,0.12784318625926971
20860,99.875,0.1287463754415512,-0.05034447032958269,0.01325150541961193,0.0,0.6214355885982513,0.13363425247371197,0.1287463754415512
20870,93.90625,0.13131456077098846,-0.03719296660274267,0.039187196642160416,0.0,0.6226057440042496,0.1319936230778694,0.13131456077098846
20880,90.0625,0.11812397092580795,-0.003369337506592274,0.19757734537124633,0.0,0.6222018122673034,0.13228070065379144,0.11812397092580795
20890,117.59375,0.13394078612327576,-0.007949353754520416,0.049131828173995015,0.0,0.6237471580505372,0.1351173434406519,0.13394078612327576
20900,89.28125,0.13855797052383423,-0.032839030027389526,0.01737081930041313,0.0,0.6229205340147018,0.1337625715881586,0.13855797052383423
20910,104.4375,0.1292620599269867,-0.018675467651337384,0.12071043401956558,0.0,0.6230208218097687,0.13329229950904847,0.1292620599269867
20920,106.90625,0.13011598587036133,-0.04476289264857769,0.009392972849309445,0.0,0.6210662245750427,0.12893081754446029,0.13011598587036133
20930,88.5625,0.11227366328239441,-0.021547932736575605,0.04306807918474078,0.0,0.6231712341308594,0.1295021079480648,0.11227366328239441
20940,78.75,0.12849628925323486,-0.04302613735198975,0.033926935866475105,0.0,0.6218344151973725,0.1253391683101654,0.12849628925323486
20950,84.28125,0.12877261638641357,-0.03381622079759836,0.010382797103375196,0.0,0.620679396390915,0.11926006227731704,0.12877261638641357
20960,84.6875,0.12518145143985748,-0.018407702818512915,0.20965421870350837,0.0,0.6213727623224259,0.12770103439688682,0.12518145143985748
20970,78.46875,0.12069018185138702,-0.017436887603253126,0.07412217408418656,0.0,0.6214151233434677,0.12524503991007804,0.12069018185138702
20980,92.15625,0.12748616933822632,-0.021610478218644858,0.07708098888397216,0.0,0.6233978241682052,0.1308832246810198,0.12748616933822632
20990,107.0,0.12482444196939468,-0.0356623575091362,0.016592063009738922,0.0,0.6242095649242401,0.13488438501954078,0.12482444196939468
21000,76.15625,0.11274350434541702,-0.027468654979020356,0.21647759079933165,0.0,0.6199523240327836,0.12353485822677612,0.11274350434541702
21010,103.46875,0.10343292355537415,-0.028577312454581262,0.11588871031999588,0.0,0.621886670589447,0.1190584909170866,0.10343292355537415
21020,93.9375,0.13296188414096832,-0.020550107955932616,0.10385263040661812,0.0,0.6213694483041763,0.1200191080570221,0.13296188414096832
21030,74.65625,0.1270899474620819,-0.029922985658049583,0.06100638061761856,0.0,0.6222094058990478,0.13187469802796842,0.1270899474620819
21040,90.84375,0.12245003879070282,-0.026363393105566502,0.09738510623574256,0.0,0.623176383972168,0.12831739261746405,0.12245003879070282
21050,59.40625,0.11753039062023163,-0.03390326201915741,0.024756434746086596,0.0,0.6221987843513489,0.12779651023447514,0.11753039062023163
21060,89.3125,0.11302763223648071,-0.02904295176267624,0.10690184608101845,0.0,0.6215095043182373,0.13237637467682362,0.11302763223648071
21070,71.78125,0.14267387986183167,-0.028561192005872725,0.10547057092189789,0.0,0.6231400221586227,0.1351901564747095,0.14267387986183167
21080,67.5,0.12220713496208191,-0.023192490637302398,0.1608823359012604,0.0,0.6222657263278961,0.1250047329813242,0.12220713496208191
21090,93.46875,0.12004486471414566,-0.02646644376218319,0.01031007021665573,0.0,0.6235295921564102,0.13138788752257824,0.12004486471414566
21100,80.25,0.1302855908870697,-0.01645647585391998,0.03851135019212961,0.0,0.6206043124198913,0.12804421745240688,0.1302855908870697
21110,76.28125,0.12059103697538376,-0.02584840003401041,0.07582713775336743,0.0,0.6214079260826111,0.12630259208381175,0.12059103697538376
21120,70.25,0.12148874253034592,-0.038002252019941805,0.011338838376104832,0.0,0.6225747734308242,0.12455749958753586,0.12148874253034592
21130,87.28125,0.1326729953289032,-0.03808182999491692,0.021611140109598637,0.0,0.6237528204917908,0.13787270411849023,0.1326729953289032
21140,97.375,0.12444587796926498,-0.03430713694542646,0.10759776383638382,0.0,0.6257245272397995,0.138952661678195,0.12444587796926498
21150,90.1875,0.1352699100971222,-0.019804595224559306,0.10157504603266716,0.0,0.6257779240608216,0.13196822442114353,0.1352699100971222
21160,99.09375,0.15872400999069214,-0.015781044028699398,0.1452302888035774,0.0,0.6289132446050644,0.1472846321761608,0.15872400999069214
21170,68.5,0.1325378119945526,-0.012575965281575919,0.03559714686125517,0.0,0.6266787558794021,0.1405029982328415,0.1325378119945526
21180,83.6875,0.14144739508628845,-0.05741000836715102,0.016872059926390647,0.0,0.6266488403081893,0.1389433640986681,0.14144739508628845
21190,67.65625,0.13237763941287994,-0.023100842162966727,0.07479827627539634,0.0,0.6273862451314927,0.13322547785937786,0.13237763941287994
21200,80.0,0.13162952661514282,-0.023365134745836257,0.14354171827435494,0.0,0.6277099788188935,0.1355656821280718,0.13162952661514282
21210,79.28125,0.13192759454250336,-0.020391071029007436,0.00941779869608581,0.0,0.6267731785774231,0.13589493483304976,0.13192759454250336
21220,96.25,0.1386253535747528,-0.018725676648318767,0.13614427596330642,0.0,0.6282077878713608,0.14390347339212894,0.1386253535747528
21230,86.5,0.15001949667930603,-0.06057100817561149,0.010078503005206584,0.0,0.6306409478187561,0.14620028920471667,0.15001949667930603
21240,81.78125,0.1548497974872589,-0.005641564168035984,0.26438121050596236,0.0,0.6318856775760651,0.15496253967285156,0.1548497974872589
21250,104.09375,0.15339672565460205,-0.02040127757936716,0.059839018061757086,0.0,0.6312270730733871,0.1492198370397091,0.15339672565460205
21260,94.875,0.14747491478919983,-0.0206576575525105,0.043332971073687075,0.0,0.6301734894514084,0.14667569622397422,0.14747491478919983
21270,81.34375,0.14056852459907532,-0.02251449543982744,0.12553606182336807,0.0,0.6301078498363495,0.15033062994480134,0.14056852459907532
21280,133.0,0.1655578911304474,-0.01519175823777914,0.08579202964901925,0.0,0.6277022659778595,0.14783242121338844,0.1655578911304474
21290,78.625,0.13741043210029602,-0.03441850570961833,0.06510180924087763,0.0,0.6271884948015213,0.14253396540880203,0.13741043210029602
21300,114.09375,0.14933553338050842,-0.009877052530646325,0.4789398550987244,0.0,0.6317280054092407,0.15640150234103203,0.14933553338050842
21310,89.1875,0.14640915393829346,-0.027497727889567614,0.11953990906476974,0.0,0.6309848099946975,0.14728269949555398,0.14640915393829346
21320,85.375,0.15139709413051605,-0.03138999221846461,0.02733020707964897,0.0,0.6316601634025574,0.1446341224014759,0.15139709413051605
21330,117.21875,0.16016265749931335,-0.011328395642340183,0.11832905299961567,0.0,0.6348986506462098,0.15491195544600486,0.16016265749931335
21340,88.875,0.13700923323631287,-0.021654022485017778,0.04039251394569874,0.0,0.6327369838953019,0.14925414621829985,0.13700923323631287
21350,94.5625,0.14371830224990845,-0.012591136526316405,0.15339283123612404,0.0,0.632420563697815,0.1532023459672928,0.14371830224990845
21360,86.0,0.1540948897600174,-0.056481083296239375,0.012788452673703432,0.0,0.6320546388626098,0.14539022669196128,0.1540948897600174
21370,127.78125,0.15348617732524872,-0.01956794476136565,0.14996301755309105,0.0,0.6327302545309067,0.15129704624414445,0.15348617732524872
21380,72.84375,0.1513015776872635,-0.0259981082752347,0.1047835849225521,0.0,0.6312046408653259,0.1450578235089779,0.1513015776872635
21390,116.78125,0.1601727455854416,-0.018920618761330842,0.2708364948630333,0.0,0.6341209799051285,0.15555936023592948,0.1601727455854416
21400,104.125,0.15816780924797058,-0.022132347524166106,0.10325352028012276,0.0,0.6336257010698318,0.14227239675819875,0.15816780924797058
21410,105.9375,0.13797341287136078,-0.02779524140059948,0.15187603905797004,0.0,0.634876760840416,0.15477098301053047,0.13797341287136078
21420,71.96875,0.148452490568161,-0.009891071915626526,0.0965894728899002,0.0,0.6323439329862595,0.1390513125807047,0.148452490568161
21430,98.625,0.15599682927131653,-0.019879622291773556,0.06998062133789062,0.0,0.6318860143423081,0.1410268045961857,0.15599682927131653
21440,106.78125,0.1535080224275589,-0.011644981242716313,0.09424348399043084,0.0,0.635493004322052,0.15142727121710778,0.1535080224275589
21450,100.6875,0.135929137468338,-0.0319072313606739,0.03178107179701328,0.0,0.6346333950757981,0.14213944599032402,0.135929137468338
21460,90.125,0.16328051686286926,-0.03503651265054941,0.014547605626285076,0.0,0.6372233211994172,0.15281613394618035,0.16328051686286926
21470,88.96875,0.1462962031364441,-0.018327885121107102,0.10564887970685959,0.0,0.6369162261486053,0.1493073545396328,0.1462962031364441
21480,78.4375,0.16099503636360168,-0.016243807319551707,0.12709474414587021,0.0,0.637281084060669,0.15192167162895204,0.16099503636360168
21490,110.65625,0.1672067791223526,-0.03132755309343338,0.02084433976560831,0.0,0.6388456791639328,0.16134466901421546,0.1672067791223526
21500,96.34375,0.16301043331623077,-0.023349837213754655,0.11216266304254532,0.0,0.6376939177513122,0.1548369124531746,0.16301043331623077
21510,86.34375,0.15772001445293427,-0.0262062419205904,0.02540845237672329,0.0,0.6363260954618454,0.1508293617516756,0.15772001445293427
21520,70.4375,0.15509499609470367,-0.031205081194639207,0.017687924206256866,0.0,0.6358822464942933,0.14488182738423347,0.15509499609470367
21530,79.40625,0.14857615530490875,-0.022811512742191554,0.14731342121958732,0.0,0.6359488397836686,0.1491894420236349,0.14857615530490875
21540,77.875,0.1337302327156067,-0.04095069672912359,0.011764687485992908,0.0,0.6330069214105606,0.14368245750665665,0.1337302327156067
21550,60.375,0.14283990859985352,-0.05592612568289042,0.009451360069215297,0.0,0.6319650828838348,0.1342527788132429,0.14283990859985352
21560,79.34375,0.13163703680038452,-0.049336688779294494,0.014553730096668004,0.0,0.6317739903926849,0.13941008262336255,0.13163703680038452
21570,71.96875,0.1191997230052948,-0.03158380668610335,0.04263151548802853,0.0,0.6311998486518859,0.13728989884257317,0.1191997230052948
21580,78.5,0.1543915718793869,-0.040626132115721705,0.02285607494413853,0.0,0.6331428796052933,0.14119610004127026,0.1543915718793869
21590,79.4375,0.16346031427383423,-0.022701359167695046,0.0985999807715416,0.0,0.6317761421203614,0.14245191775262356,0.16346031427383423
21600,67.8125,0.14151842892169952,-0.04401726480573416,0.009776784013956786,0.0,0.6321438491344452,0.13946484848856927,0.14151842892169952
21610,89.0625,0.13208453357219696,-0.02660967279225588,0.136477043479681,0.0,0.6322848409414291,0.14060464426875113,0.13208453357219696
21620,69.15625,0.14028584957122803,-0.009923757333308459,0.021986258774995805,0.0,0.6326076239347458,0.1421793818473816,0.14028584957122803
21630,72.84375,0.12072791904211044,0.02975636813789606,0.02720240633934736,0.0,0.632048586010933,0.13026618920266628,0.12072791904211044
21640,54.28125,0.13886409997940063,-0.034295279532670975,0.028715040534734726,0.0,0.6295263320207596,0.1303644385188818,0.13886409997940063
21650,88.0625,0.13486164808273315,-0.026348598953336477,0.02777782641351223,0.0,0.6297449320554733,0.13384150192141533,0.13486164808273315
21660,46.46875,0.14256131649017334,-0.04654178898781538,0.008273667749017477,0.0,0.6316771686077118,0.12686331383883953,0.14256131649017334
21670,76.71875,0.14470848441123962,-0.03784228079020977,0.011656867526471614,0.0,0.633445006608963,0.14307756684720516,0.14470848441123962
21680,74.90625,0.12886106967926025,-0.04873501025140285,0.018291264586150647,0.0,0.6326271563768386,0.1346590768545866,0.12886106967926025
21690,75.59375,0.13206550478935242,-0.01609240733087063,0.043468058295547965,0.0,0.6294163316488266,0.1363628026098013,0.13206550478935242
21700,63.875,0.1376228630542755,-0.03152282144874334,0.0561986718326807,0.0,0.6299272865056992,0.13600524365901948,0.1376228630542755
21710,84.59375,0.12791064381599426,-0.021032839734107255,0.01467324336990714,0.0,0.6343765318393707,0.1440289705991745,0.12791064381599426
21720,80.0,0.1437181830406189,-0.03859888864681125,0.019195250421762466,0.0,0.6309619754552841,0.13834186606109142,0.1437181830406189
21730,68.78125,0.12587453424930573,-0.02618254944682121,0.013610428757965564,0.0,0.6297291040420532,0.13583616875112056,0.12587453424930573
21740,85.625,0.14109522104263306,-0.0075100517831742765,0.021393321081995965,0.0,0.6309107512235641,0.13077228292822837,0.14109522104263306
21750,92.0,0.14756478369235992,-0.033955331332981585,0.16303832307457924,0.0,0.6328329920768738,0.1457666326314211,0.14756478369235992
21760,86.15625,0.13259103894233704,-0.025747310556471347,0.026030770875513552,0.0,0.6329466044902802,0.14533862248063087,0.13259103894233704
21770,73.875,0.15044552087783813,-0.0441072903573513,0.018313008453696968,0.0,0.6337259441614151,0.14373603835701942,0.15044552087783813
21780,86.46875,0.13464832305908203,-0.03354719299823046,0.012750657461583614,0.0,0.6329958200454712,0.14759573712944984,0.13464832305908203
21790,91.875,0.14693103730678558,-0.023853379487991332,0.10121210366487503,0.0,0.6342463999986648,0.1484953448176384,0.14693103730678558
21800,75.15625,0.13342933356761932,-0.03798179160803557,0.017990622762590648,0.0,0.6355866134166718,0.14847322925925255,0.13342933356761932
21810,78.9375,0.1628342866897583,-0.03638605996966362,0.03287212941795588,0.0,0.6368925482034683,0.15183627977967262,0.1628342866897583
21820,76.6875,0.1496463418006897,-0.023282812535762788,0.1987779051065445,0.0,0.635274025797844,0.1494905523955822,0.1496463418006897
21830,80.9375,0.13366654515266418,-0.04860481573268771,0.018275366444140673,0.0,0.634376385807991,0.1424958325922489,0.13366654515266418
21840,67.84375,0.15819983184337616,-0.02438903320580721,0.015672870445996523,0.0,0.6361625045537949,0.14599811434745788,0.15819983184337616
21850,93.84375,0.1372719407081604,-0.026368690095841883,0.06649347878992558,0.0,0.6361647576093674,0.15338414162397385,0.1372719407081604
21860,75.875,0.13397040963172913,-0.05015223231166601,0.009815120045095682,0.0,0.633400022983551,0.14601672515273095,0.13397040963172913
21870,101.03125,0.15106266736984253,-0.029967714194208385,0.016856502555310727,0.0,0.6385488212108612,0.15741939097642899,0.15106266736984253
21880,85.15625,0.1492825597524643,-0.04553774744272232,0.009161161538213492,0.0,0.6366089284420013,0.1469970650970936,0.1492825597524643
21890,73.75,0.15334877371788025,-0.01982646882534027,0.03670096229761839,0.0,0.6382055222988129,0.15127814784646035,0.15334877371788025
21900,114.65625,0.14985816180706024,-0.035985902138054374,0.014941878151148558,0.0,0.6393453389406204,0.15690682716667653,0.14985816180706024
21910,81.625,0.1075478121638298,-0.0465399133041501,0.009285173751413823,0.0,0.6368881523609161,0.14694516323506832,0.1075478121638298
21920,88.375,0.15960845351219177,-0.019807976903393865,0.10800464898347854,0.0,0.637087807059288,0.15924480482935904,0.15960845351219177
21930,83.125,0.1684970259666443,-0.014595352672040462,0.10117629878222942,0.0,0.6364980190992355,0.14928109645843507,0.1684970259666443
21940,87.4375,0.15901663899421692,0.0541297223418951,0.025282173231244088,0.0,0.6362830877304078,0.14394047744572164,0.15901663899421692
21950,86.78125,0.13594943284988403,-0.026218755822628736,0.18761596083641052,0.0,0.638868996500969,0.15784169659018515,0.13594943284988403
21960,95.53125,0.16902145743370056,-0.01617901651188731,0.03256938755512238,0.0,0.6407447397708893,0.15725569427013397,0.16902145743370056
21970,80.59375,0.15139830112457275,-0.02224713806062937,0.09493641145527362,0.0,0.6409418284893036,0.1585857905447483,0.15139830112457275
21980,70.75,0.10604098439216614,-0.008796407654881478,0.05266802422702312,0.0,0.6398237586021424,0.14945516511797904,0.10604098439216614
21990,88.4375,0.16184009611606598,-0.029110883176326752,0.016524557303637267,0.0,0.6395938098430634,0.15504976063966752,0.16184009611606598
22000,100.625,0.142122283577919,-0.039462557435035704,0.028562251664698123,0.0,0.6415691196918487,0.1531756766140461,0.142122283577919
22010,88.125,0.16082704067230225,-0.03609242001548409,0.017335367016494276,0.0,0.6427417546510696,0.1590048372745514,0.16082704067230225
22020,66.0,0.13464760780334473,-0.017469949275255203,0.026289244275540115,0.0,0.6413838148117066,0.15505605340003967,0.13464760780334473
22030,97.71875,0.1698911488056183,-0.024990902934223413,0.006281471624970436,0.0,0.6438426494598388,0.15656137019395827,0.1698911488056183
22040,92.0625,0.150696262717247,-0.013851757906377316,0.04999436335638165,0.0,0.6446973383426666,0.1561696708202362,0.150696262717247
22050,77.03125,0.16366687417030334,-0.01187694538384676,0.08046458959579468,0.0,0.6416495114564895,0.15372993797063828,0.16366687417030334
22060,54.34375,0.12270008027553558,-0.02817943226546049,0.08727852925658226,0.0,0.6400672733783722,0.1436619210988283,0.12270008027553558
22070,69.90625,0.15616074204444885,-0.029783955588936806,0.01709304079413414,0.0,0.6403079390525818,0.14411004781723022,0.15616074204444885
22080,94.78125,0.1724896878004074,-0.02129343245178461,0.06960191987454892,0.0,0.6410807132720947,0.15236700028181077,0.1724896878004074
22090,72.125,0.15890668332576752,-0.046671456284821035,0.012077824212610722,0.0,0.6429893910884857,0.15637727007269858,0.15890668332576752
22100,77.65625,0.13854902982711792,-0.021843372005969287,0.02471552975475788,0.0,0.6427354097366333,0.15200406610965728,0.13854902982711792
22110,76.0,0.13219097256660461,-0.03639530129730702,0.022156814485788344,0.0,0.6433706462383271,0.1478270310908556,0.13219097256660461
22120,82.34375,0.14190879464149475,-0.019826057925820352,0.04248110605403781,0.0,0.6434161722660064,0.15097595676779746,0.14190879464149475
22130,66.0625,0.13926692306995392,-0.0006065456196665764,0.03851460814476013,0.0,0.6420444905757904,0.1474559985101223,0.13926692306995392
22140,91.28125,0.15785014629364014,-0.023475136421620846,0.1421828642487526,0.0,0.6413530737161637,0.14632565155625343,0.15785014629364014
22150,66.25,0.13886822760105133,-0.019741542264819147,0.10434364825487137,0.0,0.6434839040040969,0.14547370597720147,0.13886822760105133
22160,83.84375,0.16794100403785706,-0.045005050115287305,0.008335802471265197,0.0,0.6432226419448852,0.1476122297346592,0.16794100403785706
22170,84.0625,0.16787412762641907,-0.04006684869527817,0.018585824780166148,0.0,0.6454343229532242,0.15556884780526162,0.16787412762641907
22180,72.03125,0.153364896774292,-0.01061586569994688,0.16077480241656303,0.0,0.6452186286449433,0.15169069841504096,0.153364896774292
22190,99.9375,0.13939529657363892,-0.039938776008784774,0.01582939736545086,0.0,0.6426540285348892,0.14800508841872215,0.13939529657363892
22200,80.0,0.1125982403755188,-0.01043518614023924,0.02760342862457037,0.0,0.6413980513811112,0.13959530256688596,0.1125982403755188
22210,95.59375,0.1531161218881607,-0.024549833871424197,0.03796991854906082,0.0,0.6426692962646484,0.14958814680576324,0.1531161218881607
22220,69.15625,0.16089367866516113,0.02280516382306814,0.10294933877885341,0.0,0.6414248138666153,0.138625892996788,0.16089367866516113
22230,119.53125,0.14356407523155212,-0.024144512694329025,0.11872418522834778,0.0,0.6424220353364944,0.15529518872499465,0.14356407523155212
22240,87.28125,0.14784321188926697,-0.0022858075797557833,0.06445503272116185,0.0,0.6415143996477127,0.15018177181482315,0.14784321188926697
22250,60.5625,0.14378434419631958,-0.022091294080018996,0.26293361335992815,0.0,0.6440957963466645,0.14355375468730927,0.14378434419631958
22260,105.15625,0.17190641164779663,-0.004798071645200253,0.033416719920933244,0.0,0.6451600730419159,0.1536262534558773,0.17190641164779663
22270,74.21875,0.14475691318511963,-0.017761186882853507,0.13097288981080055,0.0,0.6444408684968949,0.14784920513629912,0.14475691318511963
22280,92.34375,0.11678415536880493,-0.008088447432965041,0.07518732883036136,0.0,0.645204895734787,0.15223131477832794,0.11678415536880493
22290,71.375,0.15119996666908264,-0.04412578549236059,0.019127212185412645,0.0,0.6445964008569718,0.14778163097798824,0.15119996666908264
22300,83.09375,0.15624579787254333,-0.031612174585461617,0.035721267014741896,0.0,0.6481848120689392,0.15140546038746833,0.15624579787254333
22310,79.375,0.15256187319755554,-0.02603312972933054,0.1727686956524849,0.0,0.6487857073545455,0.16032523214817046,0.15256187319755554
22320,84.5,0.15653473138809204,-0.019390236027538775,0.08124218694865704,0.0,0.64861279129982,0.156504512578249,0.15653473138809204
22330,92.40625,0.1576472669839859,-0.02253126446157694,0.07360503450036049,0.0,0.6490011721849441,0.16000738143920898,0.1576472669839859
22340,95.4375,0.17205700278282166,-0.03706525228917599,0.015940294694155456,0.0,0.6519200026988983,0.16608498841524125,0.17205700278282166
22350,112.125,0.1674945205450058,-0.035461400356143716,0.14280727431178092,0.0,0.6520615577697754,0.17037977054715156,0.1674945205450058
22360,100.1875,0.16868279874324799,-0.009991556219756604,0.03658950217068195,0.0,0.6507157683372498,0.1591156542301178,0.16868279874324799
22370,101.0625,0.16135454177856445,-0.03501917440444231,0.024745388701558114,0.0,0.6519402742385865,0.16472409889101983,0.16135454177856445
22380,98.65625,0.14983892440795898,-0.021234203595668077,0.18692968636751175,0.0,0.6498491674661636,0.15909598544239997,0.14983892440795898
22390,80.125,0.1659262776374817,-0.02695463551208377,0.08014082312583923,0.0,0.6474909812211991,0.15874422043561937,0.1659262776374817
22400,110.8125,0.15173426270484924,-0.013779649883508683,0.19509850293397904,0.0,0.646360456943512,0.15356954894959926,0.15173426270484924
22410,98.90625,0.15736518800258636,-0.02205621972680092,0.10252515375614166,0.0,0.6501032143831253,0.15873015969991683,0.15736518800258636
22420,83.71875,0.13949444890022278,-0.019076529517769815,0.1120744775980711,0.0,0.6439435690641403,0.13968780040740966,0.13949444890022278
22430,101.59375,0.1556597203016281,0.005371741391718388,0.26161603480577467,0.0,0.6486378341913224,0.16670129597187042,0.1556597203016281
22440,97.9375,0.14737239480018616,-0.01729408036917448,0.06452432721853256,0.0,0.6452536642551422,0.14465445280075073,0.14737239480018616
22450,98.8125,0.14862105250358582,-0.04462722940370441,0.024338402692228554,0.0,0.6489295870065689,0.1515224650502205,0.14862105250358582
22460,94.9375,0.14159107208251953,-0.045303632505238056,0.026650248654186727,0.0,0.6490773320198059,0.14552460946142673,0.14159107208251953
22470,82.78125,0.14491908252239227,-0.027226232923567295,0.12341972663998604,0.0,0.646249508857727,0.13596255593001844,0.14491908252239227
22480,92.09375,0.14108917117118835,0.0068485671654343605,0.027792755886912344,0.0,0.6450097173452377,0.14473329596221446,0.14108917117118835
22490,97.375,0.164780855178833,-0.0016129283234477044,0.12774707674980162,0.0,0.6478523790836335,0.15135722011327743,0.164780855178833
22500,118.09375,0.15027005970478058,-0.0349503755569458,0.03391491807997227,0.0,0.6489099651575089,0.15652226731181146,0.15027005970478058
22510,87.46875,0.15195561945438385,-0.019007529690861703,0.11342495679855347,0.0,0.6494339555501938,0.15267458260059358,0.15195561945438385
22520,93.28125,0.14528495073318481,-0.013419860787689687,0.1456204816699028,0.0,0.647507831454277,0.1522518776357174,0.14528495073318481
22530,91.09375,0.13368985056877136,-0.024732176400721072,0.21577789038419723,0.0,0.6476798802614212,0.14557704962790013,0.13368985056877136
22540,86.3125,0.1590350866317749,-0.026243059150874614,0.17195520401000977,0.0,0.6492418676614762,0.14724469259381295,0.1590350866317749
22550,90.15625,0.13119930028915405,-0.02237100675702095,0.057973357290029524,0.0,0.6477789342403412,0.1481884926557541,0.13119930028915405
22560,73.875,0.12490297853946686,-0.011255913134664296,0.022064575366675852,0.0,0.6467754572629929,0.14084714725613595,0.12490297853946686
22570,78.65625,0.15560247004032135,-0.021345114707946776,0.12085965275764465,0.0,0.6462587088346481,0.1514155499637127,0.15560247004032135
22580,91.84375,0.15498381853103638,-0.02458340460434556,0.010797092225402594,0.0,0.6433368176221848,0.13801015242934228,0.15498381853103638
22590,89.25,0.1486433446407318,-0.010125294886529445,0.08439471945166588,0.0,0.6438233137130738,0.1486482188105583,0.1486433446407318
22600,88.71875,0.1438409388065338,-0.022767957858741285,0.017645790334790946,0.0,0.6435936033725739,0.1440955001860857,0.1438409388065338
22610,94.875,0.1445896476507187,-0.04034034702926874,0.021597591415047645,0.0,0.6458871930837631,0.14922721982002257,0.1445896476507187
22620,72.28125,0.15155386924743652,0.002997251972556114,0.1165449745953083,0.0,0.6452110916376114,0.13580273389816283,0.15155386924743652
22630,96.5,0.1388935148715973,-0.024892225209623576,0.23076674044132234,0.0,0.6455178767442703,0.14932575076818466,0.1388935148715973
22640,87.1875,0.14192521572113037,-0.035317751299589875,0.035504575818777084,0.0,0.6423754811286926,0.14185908995568752,0.14192521572113037
22650,94.375,0.14105761051177979,-0.03295366205275059,0.024515474028885365,0.0,0.6470226109027862,0.14393981881439685,0.14105761051177979
22660,83.6875,0.14791615307331085,-0.016069474071264266,0.20786721557378768,0.0,0.6493599534034729,0.1531162016093731,0.14791615307331085
22670,93.78125,0.14331084489822388,-0.021933155320584773,0.13370461612939835,0.0,0.6514120429754258,0.14745526090264321,0.14331084489822388
22680,93.125,0.15996421873569489,-0.01290568932890892,0.2469243660569191,0.0,0.6487614750862122,0.15669327601790428,0.15996421873569489
22690,74.34375,0.134553462266922,-0.01928266230970621,0.14605197161436081,0.0,0.6477527767419815,0.14587500616908072,0.134553462266922
22700,102.125,0.15425783395767212,-0.0027382415253669025,0.16694147661328315,0.0,0.6484861135482788,0.1561001159250736,0.15425783395767212
22710,93.8125,0.12341028451919556,-0.024251932743936777,0.04183355923742056,0.0,0.650322949886322,0.14996518343687057,0.12341028451919556
22720,72.875,0.12572124600410461,-0.02770676277577877,0.20889972895383835,0.0,0.6475027203559875,0.1443144142627716,0.12572124600410461
22730,69.375,0.15050575137138367,-0.0004669849760830402,0.07678939662873745,0.0,0.6460120499134063,0.1438807412981987,0.15050575137138367
22740,86.4375,0.14871570467948914,-0.0167231404222548,0.0934983290731907,0.0,0.6487042635679245,0.1479934725910425,0.14871570467948914
22750,106.28125,0.15492554008960724,-0.01667094025760889,0.012092402391135692,0.0,0.6494297564029694,0.14806968569755555,0.15492554008960724
22760,112.3125,0.1543344259262085,-0.03219817420467734,0.02300363890826702,0.0,0.6502165734767914,0.15985082015395163,0.1543344259262085
22770,102.25,0.1601242870092392,-0.027031017653644084,0.048929283209145066,0.0,0.6481758654117584,0.15093851312994958,0.1601242870092392
22780,86.59375,0.1476404070854187,-0.01352963987737894,0.02969785947352648,0.0,0.6473974257707595,0.1456740576773882,0.1476404070854187
22790,114.1875,0.14911508560180664,-0.015613939240574836,0.12693381756544114,0.0,0.6517874896526337,0.15690558329224585,0.14911508560180664
22800,88.90625,0.1411304473876953,-0.019078859686851503,0.11414197944104672,0.0,0.6508669346570969,0.15038422122597694,0.1411304473876953
22810,83.375,0.12592244148254395,-0.025800622534006834,0.07194229885935784,0.0,0.6470222145318985,0.14077152758836747,0.12592244148254395
22820,110.78125,0.12534919381141663,-0.02461512815207243,0.04077442605048418,0.0,0.6502668499946594,0.1548082284629345,0.12534919381141663
22830,95.875,0.15997450053691864,-0.02298815958201885,0.03139342814683914,0.0,0.6506531298160553,0.15113291144371033,0.15997450053691864
22840,94.25,0.15823110938072205,-0.02384105995297432,0.12658309414982796,0.0,0.6491559177637101,0.14634815305471421,0.15823110938072205
22850,90.15625,0.1481790542602539,-0.04120036978274584,0.020263608172535898,0.0,0.6468622535467148,0.13397682309150696,0.1481790542602539
22860,117.75,0.15831029415130615,-0.015350557584315538,0.1388501174747944,0.0,0.6482714414596558,0.15321752838790417,0.15831029415130615
22870,85.9375,0.14769035577774048,-0.015962264500558376,0.1823446646332741,0.0,0.649533411860466,0.15604694858193396,0.14769035577774048
22880,102.75,0.14804379642009735,-0.03792221210896969,0.031790160574018955,0.0,0.6496692627668381,0.1508385568857193,0.14804379642009735
22890,93.65625,0.165048286318779,-0.020428592897951604,0.2709815248847008,0.0,0.6507901102304459,0.15343489982187747,0.165048286318779
22900,112.59375,0.13218726217746735,0.0066866673529148105,0.051337065547704695,0.0,0.6525765508413315,0.1542427498847246,0.13218726217746735
22910,92.78125,0.15762200951576233,0.006598800979554653,0.051394034177064896,0.0,0.650187873840332,0.14889508709311486,0.15762200951576233
22920,98.15625,0.15359744429588318,-0.011573424749076366,0.05268130134791136,0.0,0.6512730121612549,0.1603723645210266,0.15359744429588318
22930,90.21875,0.14903245866298676,-0.03533269581384957,0.011883758753538132,0.0,0.6512237399816513,0.15019176676869392,0.14903245866298676
22940,115.6875,0.1774660050868988,-0.01839239653199911,0.17905604243278503,0.0,0.6534886479377746,0.16178170293569566,0.1774660050868988
22950,86.71875,0.1434960663318634,-0.022756610810756684,0.12678609788417816,0.0,0.6518165320158005,0.15897083282470703,0.1434960663318634
22960,92.5,0.15997764468193054,-0.022486868500709533,0.13969108387827872,0.0,0.652958407998085,0.15976285710930824,0.15997764468193054
22970,97.6875,0.15522268414497375,-0.02678009159862995,0.3680339455604553,0.0,0.6529434412717819,0.1571503087878227,0.15522268414497375
22980,90.9375,0.1534748375415802,-0.017640065960586072,0.1637679234147072,0.0,0.6527167946100235,0.15293983593583108,0.1534748375415802
22990,82.25,0.13929113745689392,-0.017799758818000555,0.08807205371558666,0.0,0.6521561861038208,0.14620830118656158,0.13929113745689392
23000,103.125,0.1529703140258789,-0.014077524468302727,0.023158084601163864,0.0,0.6523948639631272,0.15424363538622857,0.1529703140258789
23010,91.65625,0.14435410499572754,-0.030336393043398857,0.0783654261380434,0.0,0.6522484719753265,0.15156232863664626,0.14435410499572754
23020,111.40625,0.1535492241382599,-0.041239044070243834,0.01797000030055642,0.0,0.6542767077684403,0.1538380540907383,0.1535492241382599
23030,78.625,0.13693323731422424,-0.01904449537396431,0.0305861784145236,0.0,0.6523990780115128,0.15152839981019497,0.13693323731422424
23040,97.71875,0.17067021131515503,-0.022085395641624928,0.14896854013204575,0.0,0.6532171487808227,0.15884481742978096,0.17067021131515503
23050,84.40625,0.1444283276796341,-0.030499939620494843,0.13179909586906433,0.0,0.649471965432167,0.14929786920547486,0.1444283276796341
23060,95.6875,0.1613713949918747,-0.02138115307316184,0.08105081915855408,0.0,0.6544043779373169,0.15669840350747108,0.1613713949918747
23070,87.90625,0.15267744660377502,-0.036342700570821763,0.01084752893075347,0.0,0.6563417822122574,0.15949909314513205,0.15267744660377502
23080,95.375,0.15844860672950745,-0.03348979763686657,0.025702189095318316,0.0,0.6543674528598785,0.1526935525238514,0.15844860672950745
23090,103.0,0.15834343433380127,-0.019055282324552537,0.09447415303438902,0.0,0.6539223194122314,0.15970960333943368,0.15834343433380127
23100,83.59375,0.181166410446167,-0.017275100573897362,0.0991911381483078,0.0,0.6552837818861008,0.16280404403805732,0.181166410446167
23110,77.34375,0.14585036039352417,-0.014843875262886285,0.18390301764011383,0.0,0.6545178055763244,0.1582210697233677,0.14585036039352417
23120,86.4375,0.14894652366638184,-0.03003840669989586,0.1860980287194252,0.0,0.6560335248708725,0.15233540758490563,0.14894652366638184
23130,92.6875,0.16452893614768982,-0.013137985952198505,0.14585041850805283,0.0,0.6542977333068848,0.15478213727474213,0.16452893614768982
23140,100.03125,0.1729547679424286,-0.02727915532886982,0.028852445445954798,0.0,0.6588068783283234,0.16517573818564416,0.1729547679424286
23150,84.21875,0.1713619977235794,-0.0350012032315135,0.01359845083206892,0.0,0.658336129784584,0.15982644632458687,0.1713619977235794
23160,108.03125,0.15422113239765167,-0.020564253441989422,0.16227535605430604,0.0,0.658084300160408,0.1673274002969265,0.15422113239765167
23170,80.90625,0.17828160524368286,-0.004985714331269264,0.0840552531182766,0.0,0.6558611899614334,0.15860480815172195,0.17828160524368286
23180,89.96875,0.15162219107151031,-0.020773149095475674,0.12947991043329238,0.0,0.6567488461732864,0.15711444690823556,0.15162219107151031
23190,83.0625,0.12493276596069336,0.1487678663805127,0.07330263778567314,0.0,0.6524269193410873,0.14762147888541222,0.12493276596069336
23200,76.4375,0.1681772917509079,-0.014606322487816214,0.049210669472813606,0.0,0.650381737947464,0.14656715840101242,0.1681772917509079
23210,82.78125,0.10989776253700256,-0.027256456203758717,0.07851468399167061,0.0,0.6530793964862823,0.1447357326745987,0.10989776253700256
23220,98.3125,0.15967491269111633,-0.0018024560064077376,0.014574970398098231,0.0,0.6543963313102722,0.1555341936647892,0.15967491269111633
23230,77.6875,0.14739376306533813,-0.009743160009384156,0.054129297658801076,0.0,0.6535944163799285,0.1514715388417244,0.14739376306533813
23240,108.21875,0.15128174424171448,-0.016605061292648316,0.010556856263428926,0.0,0.6556866884231567,0.15334062352776529,0.15128174424171448
23250,97.09375,0.150823712348938,-0.018839473184198142,0.058342982083559036,0.0,0.6540206909179688,0.15531916506588458,0.150823712348938
23260,101.09375,0.1556984931230545,-0.024095498863607644,0.028432820551097394,0.0,0.6558093726634979,0.15065398886799813,0.1556984931230545
23270,89.28125,0.138766810297966,-0.04002085067331791,0.025487666577100755,0.0,0.6555807679891587,0.15548305660486222,0.138766810297966
23280,87.59375,0.14841914176940918,-0.010229420755058527,0.1437764883041382,0.0,0.6560493677854538,0.15378595814108847,0.14841914176940918
23290,94.75,0.1556200087070465,-0.0331739803776145,0.015436326712369918,0.0,0.6551827877759934,0.1569823853671551,0.1556200087070465
23300,102.09375,0.1715531200170517,-0.013671340793371201,0.10272393226623536,0.0,0.6562361776828766,0.16227606385946275,0.1715531200170517
23310,107.75,0.17068380117416382,-0.020913472026586534,0.10439157262444496,0.0,0.6573019027709961,0.1607091449201107,0.17068380117416382
23320,68.6875,0.15787604451179504,-0.017409726977348328,0.15715187937021255,0.0,0.6555350422859192,0.15069906786084175,0.15787604451179504
23330,88.96875,0.12909351289272308,-0.021278828009963037,0.10446543097496033,0.0,0.6564484655857086,0.15402246937155722,0.12909351289272308
23340,91.6875,0.16405895352363586,-0.03146727979183197,0.034098101779818535,0.0,0.6573636651039123,0.16172945126891136,0.16405895352363586
23350,101.15625,0.1470646858215332,-0.051759237237274644,0.016877693869173527,0.0,0.6564321279525757,0.146335980668664,0.1470646858215332
23360,54.25,0.13987267017364502,-0.01759105212986469,0.12938355877995492,0.0,0.6542604625225067,0.14353448525071144,0.13987267017364502
23370,94.28125,0.16778674721717834,-0.02035897597670555,0.0197547092102468,0.0,0.6587213784456253,0.1608001098036766,0.16778674721717834
23380,91.8125,0.15011827647686005,-0.02389550432562828,0.012129994202405214,0.0,0.6573726594448089,0.14975444413721561,0.15011827647686005
23390,81.96875,0.16757170855998993,-0.015401896368712188,0.03628605734556913,0.0,0.6585572361946106,0.1540054753422737,0.16757170855998993
23400,68.96875,0.14581583440303802,-0.0011616699397563935,0.26155123561620713,0.0,0.6575610339641571,0.15590022057294844,0.14581583440303802
23410,56.46875,0.12624019384384155,-0.025642805360257627,0.1100720852613449,0.0,0.6585694640874863,0.152473983168602,0.12624019384384155
23420,109.4375,0.17749521136283875,-0.0332226493395865,0.01879368266090751,0.0,0.6570230334997177,0.16269133910536765,0.17749521136283875
23430,62.6875,0.10559301823377609,-0.020641770958900452,0.020498935133218765,0.0,0.6559357106685638,0.1500431891530752,0.10559301823377609
23440,106.34375,0.13665881752967834,-0.01999766044318676,0.021607635356485844,0.0,0.6580035358667373,0.15563752949237825,0.13665881752967834
23450,72.9375,0.12269297242164612,-0.012728021293878556,0.011442611552774906,0.0,0.6554907470941543,0.14069842956960202,0.12269297242164612
23460,85.15625,0.13967624306678772,-0.0002605840563774109,0.042413710802793506,0.0,0.6568567097187042,0.1470357172191143,0.13967624306678772
23470,86.75,0.15698778629302979,-0.022471362724900246,0.022121006809175014,0.0,0.6570536226034165,0.14518558979034424,0.15698778629302979
23480,77.875,0.16934922337532043,-0.02249018885195255,0.033311563357710836,0.0,0.6566956102848053,0.1460322305560112,0.16934922337532043
23490,79.53125,0.12032988667488098,-0.027406828943639994,0.029677137173712252,0.0,0.6565047800540924,0.15205117128789425,0.12032988667488098
23500,80.875,0.15520420670509338,-0.028700587153434754,0.10171675980091095,0.0,0.657243224978447,0.15032774582505226,0.15520420670509338
23510,83.84375,0.17056334018707275,-0.014851743169128895,0.05967648085206747,0.0,0.6597826987504959,0.15644508749246597,0.17056334018707275
23520,78.75,0.1501084566116333,-0.022685240581631662,0.012280442845076322,0.0,0.6570344001054764,0.15824917182326317,0.1501084566116333
23530,82.1875,0.17104291915893555,-0.012583031877875328,0.0889129363000393,0.0,0.6596927911043167,0.1533366397023201,0.17104291915893555
23540,87.15625,0.17075090110301971,-0.016352637112140654,0.06272746957838535,0.0,0.6597232401371003,0.15774302557110786,0.17075090110301971
23550,82.21875,0.1478893756866455,-0.01667646747082472,0.21384456679224967,0.0,0.6634235799312591,0.1652260847389698,0.1478893756866455
23560,94.8125,0.18632300198078156,-0.024009901843965054,0.030938922055065633,0.0,0.6610887020826339,0.16890338137745858,0.18632300198078156
23570,83.875,0.1710677295923233,-0.03336999472230673,0.024876552075147627,0.0,0.6586086183786393,0.16968425661325454,0.1710677295923233
23580,102.8125,0.1640985608100891,-0.03531867600977421,0.03720642849802971,0.0,0.6632602095603943,0.17095788940787315,0.1640985608100891
23590,98.5,0.1820187270641327,-0.02201023157685995,0.025783633440732957,0.0,0.6619086593389512,0.1676252730190754,0.1820187270641327
23600,90.90625,0.1605086326599121,-0.02156217731535435,0.10362269207835198,0.0,0.661055612564087,0.16636179238557816,0.1605086326599121
23610,86.65625,0.17662033438682556,-0.029545008204877377,0.01279021194204688,0.0,0.6613261044025421,0.16227259412407874,0.17662033438682556
23620,99.59375,0.1825590580701828,-0.015751016372814775,0.08672341741621495,0.0,0.6626381427049637,0.17353262305259703,0.1825590580701828
23630,86.21875,0.15640142560005188,-0.027563929837197066,0.0367984514683485,0.0,0.6591541975736618,0.16153249591588975,0.15640142560005188
23640,83.71875,0.16334311664104462,-0.012814743258059026,0.10333954393863679,0.0,0.6560276359319687,0.15646787285804747,0.16334311664104462
23650,95.90625,0.14909058809280396,-0.02316324720159173,0.10771237015724182,0.0,0.6566490679979324,0.1663907490670681,0.14909058809280396
23660,92.5,0.1683264970779419,-0.022830621059983968,0.11560200229287147,0.0,0.6574666857719421,0.1581209309399128,0.1683264970779419
23670,72.0625,0.16340148448944092,-0.02472690404392779,0.027747593633830548,0.0,0.656737869977951,0.15402189642190933,0.16340148448944092
23680,83.8125,0.1493493914604187,0.0023413167335093023,0.09033356793224812,0.0,0.6562588334083557,0.1611727237701416,0.1493493914604187
23690,86.6875,0.17204906046390533,0.016694700811058283,0.07248519249260425,0.0,0.6570030480623246,0.16116709113121033,0.17204906046390533
23700,91.71875,0.1580750048160553,-0.03248062618076801,0.011120810732245445,0.0,0.6556716531515121,0.15875026881694793,0.1580750048160553
23710,81.40625,0.1642986685037613,-0.015169750433415174,0.03745937021449208,0.0,0.6580748587846756,0.1647285245358944,0.1642986685037613
23720,90.09375,0.16593272984027863,-0.03503350857645273,0.010979346092790365,0.0,0.658607292175293,0.16197878420352935,0.16593272984027863
23730,100.6875,0.16665498912334442,-0.035520806163549426,0.013140089251101017,0.0,0.6584493666887283,0.17039744928479195,0.16665498912334442
23740,63.71875,0.1660221517086029,-0.0266656082123518,0.11075224429368973,0.0,0.6563286572694779,0.1512949734926224,0.1660221517086029
23750,86.125,0.16234397888183594,-0.037596581131219865,0.018629077076911926,0.0,0.6590899974107742,0.16753261163830757,0.16234397888183594
23760,92.21875,0.1683560311794281,-0.005484435148537159,0.013350838702172041,0.0,0.6568597048521042,0.16484551802277564,0.1683560311794281
23770,71.15625,0.1515314280986786,-0.04291569758206606,0.009256761660799384,0.0,0.6561004877090454,0.1578350692987442,0.1515314280986786
23780,85.28125,0.14828163385391235,-0.026762407924979924,0.08383130393922329,0.0,0.6561552613973618,0.15473480820655822,0.14828163385391235
23790,78.4375,0.13731619715690613,-0.017032375559210777,0.09043320529162883,0.0,0.6580817520618438,0.15816674679517745,0.13731619715690613
23800,87.71875,0.1724441796541214,-0.001891495194286108,0.1027916356921196,0.0,0.657423460483551,0.16210902109742165,0.1724441796541214
23810,93.84375,0.14637240767478943,-0.004108921997249127,0.01186992833390832,0.0,0.656495887041092,0.15611909478902816,0.14637240767478943
23820,74.90625,0.1571977585554123,-0.04595322143286466,0.008000229811295867,0.0,0.656888872385025,0.15552568286657334,0.1571977585554123
23830,77.125,0.15229609608650208,-0.019760221429169177,0.10438155755400658,0.0,0.657755434513092,0.15787493139505387,0.15229609608650208
23840,101.71875,0.12564215064048767,-0.0308501485735178,0.05741034559905529,0.0,0.6574198603630066,0.16004739068448542,0.12564215064048767
23850,102.71875,0.14162009954452515,-0.014152972772717477,0.051825860515236855,0.0,0.6573880225419998,0.16380833834409714,0.14162009954452515
23860,91.0,0.1813080906867981,-0.03168085413053632,0.01396418670192361,0.0,0.6551410049200058,0.16044096201658248,0.1813080906867981
23870,96.5625,0.1738421618938446,-0.026591154746711254,0.2541673555970192,0.0,0.6589700967073441,0.17161150723695756,0.1738421618938446
23880,101.46875,0.16127336025238037,-0.012672859616577626,0.1579582780599594,0.0,0.6608737498521805,0.16287186294794082,0.16127336025238037
23890,74.59375,0.14930491149425507,-0.029566065035760404,0.05117155853658915,0.0,0.6613357216119766,0.15922713428735732,0.14930491149425507
23900,99.53125,0.1608085334300995,-0.027110631950199603,0.11606081649661064,0.0,0.6624745458364487,0.17198230549693108,0.1608085334300995
23910,87.21875,0.16925710439682007,-0.018321692757308484,0.12849621325731278,0.0,0.6634527057409286,0.17399579659104347,0.16925710439682007
23920,113.25,0.1564825475215912,-0.01218449156731367,0.14219786301255227,0.0,0.6645424962043762,0.1755341500043869,0.1564825475215912
23930,85.78125,0.15827864408493042,-0.024696649797260762,0.09526312947273255,0.0,0.6627240926027298,0.16768060028553008,0.15827864408493042
23940,92.25,0.1734645664691925,-0.011783544160425662,0.15000829100608826,0.0,0.6662286579608917,0.16439046412706376,0.1734645664691925
23950,88.75,0.17219886183738708,-0.0003183833323419094,0.23792656809091567,0.0,0.6645081013441085,0.16471723467111588,0.17219886183738708
23960,97.125,0.14195089042186737,-0.016457578353583812,0.1003755085170269,0.0,0.663583105802536,0.15456972196698188,0.14195089042186737
23970,85.5625,0.1616208851337433,-0.01769567942246795,0.20373732298612596,0.0,0.6636892318725586,0.1600143663585186,0.1616208851337433
23980,95.03125,0.15539376437664032,-0.00862596593797207,0.13979130387306213,0.0,0.6645008683204651,0.1703348658978939,0.15539376437664032
23990,76.59375,0.14298415184020996,-0.0022592177148908375,0.12194331102073193,0.0,0.6599979490041733,0.15177967734634876,0.14298415184020996
24000,100.65625,0.16987265646457672,-0.03598147295415401,0.01885800240561366,0.0,0.6619070857763291,0.15821638628840445,0.16987265646457672
24010,111.59375,0.1437014639377594,-0.035391160659492014,0.037402492761611936,0.0,0.6614597469568253,0.15098607130348682,0.1437014639377594
24020,80.40625,0.18775242567062378,-0.01177297681570053,0.12347929440438747,0.0,0.6596596240997314,0.1618017077445984,0.18775242567062378
24030,87.09375,0.14128230512142181,-0.02056355159729719,0.20051968842744827,0.0,0.6621045559644699,0.16771451979875565,0.14128230512142181
24040,124.34375,0.17083263397216797,-0.022760955989360808,0.18825222551822662,0.0,0.6628442466259002,0.16552966311573983,0.17083263397216797
24050,62.65625,0.13951656222343445,-0.039638820290565493,0.07561599165201187,0.0,0.6612288057804108,0.16220334842801093,0.13951656222343445
24060,88.09375,0.14053985476493835,-0.0279925137758255,0.1231493603438139,0.0,0.6625845551490783,0.15962815135717393,0.14053985476493835
24070,92.53125,0.1696484088897705,-0.04016494555398822,0.014170340821146965,0.0,0.6629020303487778,0.16567153185606004,0.1696484088897705
24080,106.3125,0.13850998878479004,-0.02669065585359931,0.15111073553562165,0.0,0.662615641951561,0.16763594895601272,0.13850998878479004
24090,80.09375,0.14686228334903717,-0.04229341987520456,0.029090813361108303,0.0,0.664330068230629,0.16330590322613717,0.14686228334903717
24100,87.46875,0.1533391922712326,-0.0232059876434505,0.056634233333170414,0.0,0.6633150160312653,0.16618543937802316,0.1533391922712326
24110,82.125,0.14941063523292542,-0.023344150744378567,0.14727968871593475,0.0,0.6627375483512878,0.17447834238409995,0.14941063523292542
24120,98.8125,0.17082339525222778,-0.03999298382550478,0.011144799459725619,0.0,0.6604761213064194,0.16311729997396468,0.17082339525222778
24130,93.53125,0.16994595527648926,-0.040582289732992646,0.017426609899848698,0.0,0.6628824442625045,0.16855760738253595,0.16994595527648926
24140,92.90625,0.16912323236465454,-0.023043213970959188,0.10155071690678596,0.0,0.6623447299003601,0.16700580418109895,0.16912323236465454
24150,91.59375,0.16146636009216309,-0.0219559408724308,0.13331490233540536,0.0,0.6627695202827454,0.16948437988758086,0.16146636009216309
24160,90.90625,0.16824914515018463,-0.03852026462554932,0.01609856840223074,0.0,0.6627140402793884,0.1695360943675041,0.16824914515018463
24170,93.0,0.16012822091579437,-0.03417407087981701,0.010922089125961066,0.0,0.6631937384605407,0.16468557491898536,0.16012822091579437
24180,107.15625,0.17760010063648224,-0.015673669427633284,0.29515834152698517,0.0,0.6643784433603287,0.1738480396568775,0.17760010063648224
24190,91.4375,0.1490364968776703,-0.0240083072334528,0.0759084451943636,0.0,0.6632331907749176,0.1594927951693535,0.1490364968776703
24200,98.65625,0.18283763527870178,-0.049620460253208876,0.015321143716573716,0.0,0.6607136845588684,0.1657429665327072,0.18283763527870178
24210,90.34375,0.17044325172901154,-0.03708458812907338,0.057561952620744705,0.0,0.6621992856264114,0.1726246677339077,0.17044325172901154
24220,98.53125,0.1385536789894104,-0.006903862208127975,0.06572809480130673,0.0,0.6596432328224182,0.15812604427337645,0.1385536789894104
24230,102.53125,0.1608087122440338,-0.018826092407107354,0.102227833122015,0.0,0.6562839150428772,0.15542789325118064,0.1608087122440338
24240,84.84375,0.14347191154956818,-0.013366171903908253,0.11796950921416283,0.0,0.6558170676231384,0.16340892761945724,0.14347191154956818
24250,77.625,0.14183126389980316,0.000606041494756937,0.09431871827691793,0.0,0.6565923303365707,0.15918274149298667,0.14183126389980316
24260,85.375,0.15360423922538757,-0.014233419578522444,0.2085062026977539,0.0,0.6575911551713943,0.16160253882408143,0.15360423922538757
24270,97.84375,0.16514307260513306,-0.03283258490264416,0.01880513094365597,0.0,0.6591274499893188,0.16871492564678192,0.16514307260513306
24280,89.6875,0.1557123363018036,-0.02636963464319706,0.03386788740754128,0.0,0.658267742395401,0.16144589930772782,0.1557123363018036
24290,92.5,0.14675024151802063,-0.010901461727917195,0.15832646638154985,0.0,0.6615070790052414,0.16575181782245635,0.14675024151802063
24300,99.46875,0.17253291606903076,-0.016600344469770788,0.29736862480640414,0.0,0.6599323719739913,0.1626391664147377,0.17253291606903076
24310,97.15625,0.18022114038467407,-0.028653116803616284,0.03522980902343988,0.0,0.6603346079587936,0.17079185098409652,0.18022114038467407
24320,96.40625,0.1552937626838684,-0.022499081492424012,0.09771034829318523,0.0,0.6622065126895904,0.1651958130300045,0.1552937626838684
24330,75.59375,0.16257956624031067,-0.02579997042194009,0.023740396462380887,0.0,0.6592337727546692,0.15508980229496955,0.16257956624031067
24340,75.59375,0.15781265497207642,-0.01439545713365078,0.17702387422323226,0.0,0.6581009835004806,0.16392947137355804,0.15781265497207642
24350,86.5625,0.15702039003372192,-0.023003782145678997,0.0232145169749856,0.0,0.6570538699626922,0.1552789606153965,0.15702039003372192
24360,98.21875,0.17160479724407196,-0.02994555365294218,0.01989938747137785,0.0,0.6591529786586762,0.15701501518487931,0.17160479724407196
24370,97.3125,0.17660504579544067,-0.022080747969448568,0.022190126404166222,0.0,0.6598448306322098,0.16257453560829163,0.17660504579544067
24380,77.78125,0.1282273828983307,-0.013943766802549362,0.08092005029320717,0.0,0.6555471837520599,0.14558281637728215,0.1282273828983307
24390,98.09375,0.18349921703338623,0.006741058826446533,0.02425911035388708,0.0,0.6574361950159073,0.16086837649345398,0.18349921703338623
24400,88.1875,0.16790300607681274,-0.015810789074748755,0.10839848741889,0.0,0.6596197783946991,0.15792276263236998,0.16790300607681274
24410,93.8125,0.13770756125450134,-0.018906394205987453,0.03794383928179741,0.0,0.6586686670780182,0.1583530858159065,0.13770756125450134
24420,85.3125,0.1644107550382614,-0.030811157263815402,0.04529545409604907,0.0,0.658585712313652,0.1515025220811367,0.1644107550382614
24430,81.625,0.17099499702453613,-0.02586095090955496,0.09465596973896026,0.0,0.6598415374755859,0.15815886333584786,0.17099499702453613
24440,91.40625,0.16274675726890564,-0.021771889738738538,0.24500711262226105,0.0,0.6614608347415925,0.16174774691462518,0.16274675726890564
24450,83.71875,0.15022003650665283,-0.010889837052673101,0.05687093064188957,0.0,0.6607949793338775,0.15459594465792179,0.15022003650665283
24460,84.0,0.16476565599441528,-0.023999409191310404,0.023040416091680525,0.0,0.6572764813899994,0.14688173718750477,0.16476565599441528
24470,76.21875,0.16214647889137268,-0.024949705600738524,0.14173688292503356,0.0,0.6603043675422668,0.15769018605351448,0.16214647889137268
24480,90.53125,0.14182104170322418,-0.013705327175557613,0.1739266335964203,0.0,0.6634622156620026,0.16032301113009453,0.14182104170322418
24490,93.75,0.17050579190254211,-0.026464886497706175,0.09280426912009716,0.0,0.6629914522171021,0.1610318347811699,0.17050579190254211
24500,91.71875,0.16213087737560272,-0.014200281165540219,0.08187654428184032,0.0,0.6626252949237823,0.15837901681661606,0.16213087737560272
24510,94.53125,0.17329594492912292,-0.03222737740725279,0.3366359919309616,0.0,0.6637545198202133,0.17280173748731614,0.17329594492912292
24520,95.8125,0.1699911504983902,-0.012583311088383198,0.2188381500542164,0.0,0.6670266598463058,0.16597741544246675,0.1699911504983902
24530,95.9375,0.1659860908985138,-0.0319340568035841,0.021134757064282896,0.0,0.6665142804384232,0.17300791740417482,0.1659860908985138
24540,83.96875,0.15434977412223816,-0.01740144519135356,0.1832828253507614,0.0,0.6640689849853516,0.16100897416472434,0.15434977412223816
24550,108.25,0.1838814914226532,0.003725740872323513,0.019879455119371413,0.0,0.6624364912509918,0.1674737364053726,0.1838814914226532
24560,73.1875,0.1724754273891449,-0.018433768954128026,0.058125756680965424,0.0,0.6643618792295456,0.1698940023779869,0.1724754273891449
24570,96.90625,0.16052362322807312,-0.01203425657004118,0.009064599871635437,0.0,0.6667393237352371,0.17349005714058877,0.16052362322807312
24580,96.84375,0.18015141785144806,-0.02445058198645711,0.09067149311304093,0.0,0.6635930836200714,0.16971283704042434,0.18015141785144806
24590,84.34375,0.15542955696582794,-0.02373882718384266,0.1830339878797531,0.0,0.6650442749261856,0.1648597352206707,0.15542955696582794
24600,84.125,0.15412645041942596,0.019370517786592246,0.05705354325473309,0.0,0.6627936393022538,0.1694010742008686,0.15412645041942596
24610,81.71875,0.1532534956932068,-0.04370541237294674,0.027225200831890107,0.0,0.660520613193512,0.16042670384049415,0.1532534956932068
24620,97.625,0.18716436624526978,-0.017935980390757323,0.018017038609832524,0.0,0.66482213139534,0.1714135639369488,0.18716436624526978
24630,77.46875,0.15691757202148438,-0.02570575289428234,0.02769488450139761,0.0,0.6618866533041,0.1633191868662834,0.15691757202148438
24640,91.53125,0.18151892721652985,-0.007999146264046431,0.14070986434817315,0.0,0.664016816020012,0.16238903030753135,0.18151892721652985
24650,86.25,0.16032619774341583,-0.014590918924659491,0.027497265487909317,0.0,0.6620016604661941,0.1619063839316368,0.16032619774341583
24660,101.5625,0.17162853479385376,-0.047480803541839124,0.018157014157623053,0.0,0.6613838881254196,0.16568320617079735,0.17162853479385376
24670,82.9375,0.15506622195243835,-0.015104856714606285,0.046036616526544095,0.0,0.6612380772829056,0.16443762183189392,0.15506622195243835
24680,76.8125,0.1480887532234192,-0.03663729000836611,0.013640321046113967,0.0,0.6602227330207825,0.15901217833161355,0.1480887532234192
24690,69.21875,0.14348019659519196,-0.014897297183051706,0.01632087230682373,0.0,0.6622645199298859,0.1538151703774929,0.14348019659519196
24700,69.21875,0.15003259479999542,-0.021296350099146367,0.016343087144196033,0.0,0.6582681238651276,0.1593601018190384,0.15003259479999542
24710,92.90625,0.16985705494880676,-0.007405957579612732,0.051949312537908555,0.0,0.6603262573480606,0.15207372531294822,0.16985705494880676
24720,86.25,0.13128551840782166,-0.03328387509100139,0.04282058961689472,0.0,0.6581428557634353,0.15353261940181256,0.13128551840782166
24730,84.4375,0.16452951729297638,-0.05091534852981568,0.01581818237900734,0.0,0.6584460347890854,0.14901079051196575,0.16452951729297638
24740,75.1875,0.13770446181297302,-0.01464822944253683,0.01285343375056982,0.0,0.6590224057435989,0.15128005370497705,0.13770446181297302
24750,86.4375,0.1427314579486847,-0.042914661951363085,0.016367907356470823,0.0,0.660459640622139,0.14821716770529747,0.1427314579486847
24760,76.96875,0.13041657209396362,-0.018542370339855552,0.09433050490915776,0.0,0.6585011214017868,0.14943552911281585,0.13041657209396362
24770,85.6875,0.1487707793712616,-0.012688298802822828,0.09160509258508683,0.0,0.6584250152111053,0.14913664162158966,0.1487707793712616
24780,72.375,0.16044825315475464,-0.029881838522851468,0.16237214729189872,0.0,0.6564034193754196,0.15772182643413543,0.16044825315475464
24790,82.84375,0.15511448681354523,-0.01101183146238327,0.23547661304473877,0.0,0.6612071961164474,0.1673268459737301,0.15511448681354523
24800,98.34375,0.1565350443124771,-0.03599556069821119,0.020859414339065553,0.0,0.6635700225830078,0.16900547370314598,0.1565350443124771
24810,75.46875,0.15357020497322083,-0.01264556385576725,0.06838468480855227,0.0,0.660505759716034,0.16432550624012948,0.15357020497322083
24820,83.5,0.14368024468421936,0.0033530661836266517,0.030310393869876863,0.0,0.6579892992973327,0.15670960545539855,0.14368024468421936
24830,93.0,0.16670197248458862,-0.017298407945781948,0.022452897764742373,0.0,0.6555125564336777,0.15908178165555,0.16670197248458862
24840,74.28125,0.14721420407295227,-0.020933220535516738,0.14872087240219117,0.0,0.6555936306715011,0.1574708066880703,0.14721420407295227
24850,83.53125,0.158735990524292,-0.022891170158982278,0.03567856512963772,0.0,0.6547374725341797,0.14807141348719596,0.158735990524292
24860,84.75,0.14778995513916016,-0.026293866615742446,0.02746739760041237,0.0,0.6571404337882996,0.15719106420874596,0.14778995513916016
24870,87.71875,0.1767899990081787,-0.017374522425234316,0.017649095505475998,0.0,0.659023454785347,0.16166073381900786,0.1767899990081787
24880,91.8125,0.16187861561775208,-0.021348494198173286,0.037687819078564645,0.0,0.66075379550457,0.1687127072364092,0.16187861561775208
24890,67.15625,0.16076622903347015,-0.01020582765340805,0.028937103040516377,0.0,0.6567853718996048,0.14522283002734185,0.16076622903347015
24900,99.0,0.16736158728599548,-0.014056779444217682,0.016058406233787535,0.0,0.6580142021179199,0.15537223294377328,0.16736158728599548
24910,83.15625,0.12442746013402939,-0.026711516454815863,0.03835421986877918,0.0,0.6581170409917831,0.14906645976006985,0.12442746013402939
24920,88.84375,0.13990500569343567,-0.027765368297696113,0.1751060403883457,0.0,0.6598207235336304,0.15851230919361115,0.13990500569343567
24930,68.03125,0.1453673392534256,-0.0392868023365736,0.025130038149654865,0.0,0.657588142156601,0.15376914106309414,0.1453673392534256
24940,72.34375,0.14847737550735474,-0.019877427630126475,0.1505538746714592,0.0,0.6631013065576553,0.15844778567552567,0.14847737550735474
24950,75.125,0.15744751691818237,0.003028826229274273,0.01618969002738595,0.0,0.6608159005641937,0.14672338850796224,0.15744751691818237
24960,75.53125,0.1395094394683838,-0.019096940755844116,0.09941558688879013,0.0,0.6620592772960663,0.15420039296150206,0.1395094394683838
24970,105.625,0.15072143077850342,0.00021565603092312812,0.08258607834577561,0.0,0.663053622841835,0.15481192655861378,0.15072143077850342
24980,76.5,0.14983047544956207,-0.015414032060652972,0.07205490358173847,0.0,0.6613062292337417,0.15161979123950003,0.14983047544956207
24990,104.0625,0.18505780398845673,-0.0037377897650003435,0.08292374350130557,0.0,0.6651321440935135,0.1703639544546604,0.18505780398845673
25000,100.8125,0.1813044548034668,-0.014701040368527174,0.09821856059134007,0.0,0.6635290145874023,0.16682582423090936,0.1813044548034668
25010,75.25,0.17365223169326782,-0.023816827777773143,0.1271078996360302,0.0,0.6654334306716919,0.1596481017768383,0.17365223169326782
25020,88.0,0.17751508951187134,-0.014401903282850981,0.019630769081413747,0.0,0.6656926304101944,0.1652205340564251,0.17751508951187134
25030,84.21875,0.17978866398334503,-0.011822966486215591,0.01564591797068715,0.0,0.6667884141206741,0.16571212857961654,0.17978866398334503
25040,91.25,0.17567747831344604,-0.013078548386693001,0.09306835830211639,0.0,0.6677352756261825,0.16724790558218955,0.17567747831344604
25050,81.46875,0.1683955192565918,-0.02194098886102438,0.08565517738461495,0.0,0.6669564306735992,0.16335495561361313,0.1683955192565918
25060,74.90625,0.1709723174571991,-0.023803552612662315,0.009645686810836196,0.0,0.6636725157499314,0.16635197177529334,0.1709723174571991
25070,70.5625,0.12930245697498322,-0.012552556581795216,0.12049137577414512,0.0,0.6649958610534668,0.16401118710637091,0.12930245697498322
25080,82.0,0.17039884626865387,-0.02528512366116047,0.10249697417020798,0.0,0.6658748984336853,0.1720307871699333,0.17039884626865387
25090,73.75,0.14930729568004608,-0.012740605603903532,0.06991756148636341,0.0,0.6639007836580276,0.1516852505505085,0.14930729568004608
25100,101.1875,0.17408262193202972,-0.006021565571427345,0.20865657180547714,0.0,0.6672269850969315,0.16602300256490707,0.17408262193202972
25110,73.6875,0.17807519435882568,0.011481476295739413,0.11283010765910148,0.0,0.6649538040161133,0.16739415898919105,0.17807519435882568
25120,75.15625,0.16277635097503662,-0.01749858371913433,0.11370686218142509,0.0,0.6655983120203018,0.16165095195174217,0.16277635097503662
25130,100.21875,0.17170800268650055,-0.0365550110116601,0.014827582612633705,0.0,0.6646291941404343,0.16550708636641503,0.17170800268650055
25140,71.1875,0.1592501997947693,0.021362342312932013,0.13348199054598808,0.0,0.6661511391401291,0.16254376173019408,0.1592501997947693
25150,75.09375,0.16398689150810242,-0.03128312863409519,0.025882655382156373,0.0,0.6674971580505371,0.16112443208694457,0.16398689150810242
25160,92.5,0.1564967930316925,-0.013611286133527755,0.04946204125881195,0.0,0.6656031906604767,0.16841169446706772,0.1564967930316925
25170,93.5625,0.14585977792739868,-0.02805503597483039,0.09085379168391228,0.0,0.6666691035032273,0.16901068314909934,0.14585977792739868
25180,80.96875,0.16087929904460907,-0.0032235095277428627,0.01553612444549799,0.0,0.6657618165016175,0.16073231026530266,0.16087929904460907
25190,76.53125,0.1677040457725525,-0.020003339648246764,0.07312047258019447,0.0,0.6665295273065567,0.15948005616664887,0.1677040457725525
25200,80.59375,0.14816969633102417,-0.015098514687269925,0.07881534602493048,0.0,0.669235834479332,0.1645309455692768,0.14816969633102417
25210,72.125,0.15148036181926727,0.00701204426586628,0.08949929215013981,0.0,0.6675897270441056,0.17647085413336755,0.15148036181926727
25220,100.0625,0.20026105642318726,-0.013438744656741618,0.03676991909742355,0.0,0.6709525406360626,0.1728657677769661,0.20026105642318726
25230,94.9375,0.19615188241004944,-0.012044917372986675,0.10867829285562039,0.0,0.6730838507413864,0.1775094974786043,0.19615188241004944
25240,99.9375,0.15402334928512573,-0.028616611659526826,0.04435263555496931,0.0,0.6731879770755768,0.18058991357684134,0.15402334928512573
25250,89.53125,0.19051040709018707,-0.012550743855535984,0.11827044859528542,0.0,0.6717648357152939,0.18290100172162055,0.19051040709018707
25260,105.875,0.18867138028144836,-0.03218807643279433,0.014122284669429063,0.0,0.6734820485115052,0.17663378342986108,0.18867138028144836
25270,94.0,0.17024090886116028,-0.012342502363026142,0.2061007484793663,0.0,0.6728179156780243,0.1754530481994152,0.17024090886116028
25280,71.25,0.18031762540340424,-0.03618709184229374,0.07701042965054512,0.0,0.6712680906057358,0.17606190592050552,0.18031762540340424
25290,103.40625,0.17864160239696503,-0.015849513933062553,0.2106265276670456,0.0,0.6732459157705307,0.1820241004228592,0.17864160239696503
25300,99.34375,0.18448959290981293,-0.026932192035019398,0.02500003594905138,0.0,0.6716274827718735,0.17901893258094786,0.18448959290981293
25310,97.71875,0.17583848536014557,-0.022783274296671152,0.19248264133930207,0.0,0.6740065008401871,0.1776210203766823,0.17583848536014557
25320,80.78125,0.15259283781051636,-0.01746299397200346,0.05558403022587299,0.0,0.6734165191650391,0.1714930459856987,0.15259283781051636
25330,94.40625,0.1437315046787262,-0.01867766696959734,0.02942958418279886,0.0,0.6735534399747849,0.16468171626329423,0.1437315046787262
25340,101.78125,0.18338307738304138,-0.02653524689376354,0.17397338822484015,0.0,0.6715970605611801,0.17106372192502023,0.18338307738304138
25350,99.84375,0.2024240791797638,-0.015081377699971199,0.08434784784913063,0.0,0.674267691373825,0.18210331574082375,0.2024240791797638
25360,63.78125,0.16490355134010315,-0.010906860511749984,0.10919660776853561,0.0,0.6715654492378235,0.16997206583619118,0.16490355134010315
25370,76.25,0.13660800457000732,-0.008925834111869336,0.1392202116549015,0.0,0.670563718676567,0.16148657202720643,0.13660800457000732
25380,75.65625,0.18071770668029785,-0.028279056772589684,0.019646962359547614,0.0,0.6718987375497818,0.1625547617673874,0.18071770668029785
25390,101.28125,0.1666070818901062,-0.02032980741932988,0.16969911083579065,0.0,0.6724767535924911,0.17456948682665824,0.1666070818901062
25400,95.125,0.18090373277664185,0.00750667555257678,0.023277764115482567,0.0,0.6718622446060181,0.16196683943271636,0.18090373277664185
25410,61.96875,0.1829405277967453,-0.019078341126441956,0.1301978498697281,0.0,0.6715888202190399,0.15867437794804573,0.1829405277967453
25420,78.40625,0.16637557744979858,-0.040566958487033844,0.01573403561487794,0.0,0.674300292134285,0.16375913694500924,0.16637557744979858
25430,86.6875,0.15082164108753204,-0.02766459295526147,0.2676113933324814,0.0,0.6746657401323318,0.1707417830824852,0.15082164108753204
25440,70.40625,0.1687082052230835,-0.019362373277544975,0.030180036555975676,0.0,0.6733126401901245,0.15479375831782818,0.1687082052230835
25450,73.3125,0.17333102226257324,-0.009726610407233239,0.04895933773368597,0.0,0.6724799126386642,0.1570362251251936,0.17333102226257324
25460,78.25,0.17846518754959106,-0.01364374803379178,0.17734354436397554,0.0,0.6756027579307556,0.1746981233358383,0.17846518754959106
25470,86.25,0.17085224390029907,-0.04477245565503836,0.01769565651193261,0.0,0.6729913264513016,0.1702870972454548,0.17085224390029907
25480,88.96875,0.15197834372520447,0.007965881749987603,0.03928883634507656,0.0,0.6731201589107514,0.16240899488329888,0.15197834372520447
25490,77.28125,0.16349925100803375,-0.03291615005582571,0.05910969637334347,0.0,0.6717397719621658,0.1678633399307728,0.16349925100803375
25500,85.03125,0.15614420175552368,-0.022580340784043074,0.033621046133339404,0.0,0.6723198890686035,0.1568178117275238,0.15614420175552368
25510,89.625,0.18789944052696228,-0.02318531386554241,0.037299679964780806,0.0,0.6734243929386139,0.17126698046922684,0.18789944052696228
25520,82.15625,0.18098653852939606,-0.005515199154615402,0.08997966051101684,0.0,0.6739565342664718,0.16252678856253625,0.18098653852939606
25530,79.4375,0.18529294431209564,-0.01135327685624361,0.0983193688094616,0.0,0.6741539657115936,0.16719023510813713,0.18529294431209564
25540,58.78125,0.13730213046073914,0.010482149198651314,0.15909413844347,0.0,0.6702151596546173,0.15936145894229412,0.13730213046073914
25550,92.15625,0.1723732054233551,-0.018479308113455772,0.01224291669204831,0.0,0.6755281388759613,0.17053084671497346,0.1723732054233551
25560,97.4375,0.16468802094459534,-0.03398947864770889,0.01276939334347844,0.0,0.6767210125923157,0.17566436231136323,0.16468802094459534
25570,91.0,0.15413442254066467,-0.03308186549693346,0.014290098659694194,0.0,0.6766642183065414,0.17442602068185806,0.15413442254066467
25580,67.21875,0.15966686606407166,-0.03192016058601439,0.08158021233975887,0.0,0.6736312925815582,0.16158944219350815,0.15966686606407166
25590,80.71875,0.16051864624023438,-0.025733005441725253,0.01746445782482624,0.0,0.6744645982980728,0.1656103678047657,0.16051864624023438
25600,80.1875,0.1677122265100479,-0.035060090385377406,0.011093601211905479,0.0,0.6755062103271484,0.17297958582639694,0.1677122265100479
25610,91.0,0.16097629070281982,-0.027099192794412374,0.020569578744471073,0.0,0.6783502757549286,0.17914232909679412,0.16097629070281982
25620,79.4375,0.193891704082489,-0.02281384766101837,0.15283511728048324,0.0,0.675128310918808,0.1674157753586769,0.193891704082489
25630,100.0,0.14321979880332947,-0.011794852651655674,0.10444832630455494,0.0,0.6769098520278931,0.16919355764985083,0.14321979880332947
25640,99.6875,0.14106012880802155,-0.021834107488393782,0.059349022805690765,0.0,0.6734591156244278,0.16415156722068786,0.14106012880802155
25650,78.53125,0.17366619408130646,-0.03602393371984362,0.014031894505023956,0.0,0.6766722530126572,0.17165180072188377,0.17366619408130646
25660,97.40625,0.1704743504524231,-0.010764214769005775,0.13064448460936545,0.0,0.6750681579113007,0.16705477759242057,0.1704743504524231
25670,81.375,0.15331432223320007,0.011392389144748449,0.042628615628927946,0.0,0.674675852060318,0.1566991198807955,0.15331432223320007
25680,93.25,0.17455115914344788,-0.026562808081507683,0.03542138282209635,0.0,0.6776732265949249,0.15996541492640973,0.17455115914344788
25690,106.40625,0.17903998494148254,-0.027448044903576375,0.014681906159967183,0.0,0.6793637782335281,0.17826331704854964,0.17903998494148254
25700,67.90625,0.15815335512161255,-0.014714243356138468,0.06915760282427072,0.0,0.6744450509548188,0.16652145013213157,0.15815335512161255
25710,97.78125,0.17019328474998474,-0.004308477509766817,0.07631011679768562,0.0,0.6790083020925521,0.17797099873423577,0.17019328474998474
25720,73.65625,0.16776636242866516,-0.024435157794505356,0.018629730492830277,0.0,0.6769426763057709,0.16852092295885085,0.16776636242866516
25730,87.09375,0.1905483603477478,-0.015466916654258967,0.13303897492587566,0.0,0.6785709917545318,0.16679538488388063,0.1905483603477478
25740,91.375,0.1490715742111206,-0.018794095516204833,0.042038514465093615,0.0,0.6809327691793442,0.1784337893128395,0.1490715742111206
25750,69.03125,0.17081308364868164,-0.017486043833196165,0.16940500289201738,0.0,0.6780213296413422,0.16478191316127777,0.17081308364868164
25760,86.375,0.17414973676204681,-0.025167772173881532,0.02288865204900503,0.0,0.6821766257286072,0.17753375172615052,0.17414973676204681
25770,75.9375,0.16579052805900574,-0.03685542903840542,0.02688511498272419,0.0,0.6810738354921341,0.17471526712179183,0.16579052805900574
25780,85.59375,0.1524152159690857,-0.010026584751904011,0.025244719721376895,0.0,0.680147671699524,0.17215551808476448,0.1524152159690857
25790,78.84375,0.15939277410507202,-0.023581051267683506,0.10144206807017327,0.0,0.6800308376550674,0.17034512236714364,0.15939277410507202
25800,105.1875,0.17930179834365845,-0.004954537842422724,0.15130637288093568,0.0,0.6773094117641449,0.17846397683024406,0.17930179834365845
25810,95.0,0.17784437537193298,-0.015684539452195168,0.25287546813488004,0.0,0.6784396469593048,0.1788940742611885,0.17784437537193298
25820,110.8125,0.1867583990097046,0.0012637892737984656,0.07228021137416363,0.0,0.681684285402298,0.18244931995868682,0.1867583990097046
25830,80.71875,0.16686570644378662,-0.0235422489233315,0.03115888237953186,0.0,0.6790232062339783,0.17308914810419082,0.16686570644378662
25840,66.46875,0.14553436636924744,0.005617470294237137,0.08734236657619476,0.0,0.6806985586881638,0.17062230184674262,0.14553436636924744
25850,94.34375,0.18569037318229675,-0.004440288804471493,0.08039595112204552,0.0,0.6789130240678787,0.17963944971561432,0.18569037318229675
25860,93.34375,0.16102105379104614,-0.022339620534330605,0.08704061582684516,0.0,0.6773547500371933,0.17510998100042344,0.16102105379104614
25870,101.5,0.162692591547966,-0.009308665338903666,0.20982057452201844,0.0,0.67936110496521,0.18056887313723563,0.162692591547966
25880,110.65625,0.19064122438430786,-0.02540879286825657,0.08825070429593325,0.0,0.6802000373601913,0.18163087889552115,0.19064122438430786
25890,99.375,0.2029302716255188,-0.00591056291013956,0.15173173025250436,0.0,0.6783214122056961,0.18663498610258103,0.2029302716255188
25900,86.21875,0.154442697763443,-0.019050774164497852,0.04864902663975954,0.0,0.6781905442476273,0.17998754233121872,0.154442697763443
25910,79.375,0.15120580792427063,-0.019713020510971548,0.12469560578465462,0.0,0.6776282072067261,0.16870712339878083,0.15120580792427063
25920,97.0625,0.15825486183166504,0.005480276141315699,0.13939897939562798,0.0,0.6772159367799759,0.1806888148188591,0.15825486183166504
25930,102.46875,0.17992186546325684,-0.010621901508420706,0.09674697257578373,0.0,0.6778512805700302,0.1838762991130352,0.17992186546325684
25940,82.21875,0.17857584357261658,-0.020103377103805543,0.10302609950304031,0.0,0.6768528491258621,0.17757501006126403,0.17857584357261658
25950,108.21875,0.20274795591831207,-0.01478958548977971,0.13041799068450927,0.0,0.6822672843933105,0.19004947915673256,0.20274795591831207
25960,100.40625,0.19822067022323608,-0.01926286453381181,0.11524188369512559,0.0,0.6803577721118927,0.17575192600488662,0.19822067022323608
25970,84.28125,0.1753246784210205,-0.013963993825018405,0.22135416865348817,0.0,0.6797539025545121,0.18186716437339784,0.1753246784210205
25980,104.96875,0.18409018218517303,-0.030194190703332423,0.03302144445478916,0.0,0.6791132062673568,0.1702255330979824,0.18409018218517303
25990,98.40625,0.17057137191295624,-0.009439022652804852,0.09570444878190756,0.0,0.6765887588262558,0.1679048366844654,0.17057137191295624
26000,79.5625,0.13799259066581726,-0.017856042087078094,0.1449434131383896,0.0,0.6770758658647538,0.15580617412924766,0.13799259066581726
26010,97.3125,0.1596890091896057,-0.03893867544829845,0.019798788987100125,0.0,0.6725237399339676,0.16774989888072014,0.1596890091896057
26020,93.75,0.1848422884941101,-0.027348718047142027,0.02512723468244076,0.0,0.6787037372589111,0.17511814460158348,0.1848422884941101
26030,81.28125,0.17957785725593567,-0.001118922047317028,0.1422840803861618,0.0,0.6788444817066193,0.17117326632142066,0.17957785725593567
26040,83.03125,0.15030741691589355,-0.02632627645507455,0.03176646530628204,0.0,0.67994883954525,0.17036393135786057,0.15030741691589355
26050,91.15625,0.1848396360874176,-0.02287550289183855,0.18127063810825347,0.0,0.6813964962959289,0.17771155685186385,0.1848396360874176
26060,89.25,0.17445209622383118,-0.04021496516652405,0.017643802613019944,0.0,0.6800416529178619,0.17013141959905625,0.17445209622383118
26070,88.9375,0.16129115223884583,-0.02466577896848321,0.1634334146976471,0.0,0.6797119021415711,0.1671970434486866,0.16129115223884583
26080,90.78125,0.15776558220386505,-0.03106700200587511,0.023367907386273146,0.0,0.6784817814826966,0.16053356751799583,0.15776558220386505
26090,89.34375,0.1765429973602295,-0.02573122764006257,0.09172854162752628,0.0,0.6773235380649567,0.16651154905557633,0.1765429973602295
26100,78.03125,0.15862804651260376,-0.01786494217813015,0.116705983877182,0.0,0.6770901292562485,0.16418443843722344,0.15862804651260376
26110,90.96875,0.1644238829612732,-0.02912570326589048,0.3143613874912262,0.0,0.6792846918106079,0.17036804109811782,0.1644238829612732
26120,81.65625,0.1864805966615677,-0.025552090350538494,0.03329593855887651,0.0,0.6821375638246536,0.17417348995804788,0.1864805966615677
26130,82.46875,0.19595655798912048,-0.018768962658941745,0.10552301332354545,0.0,0.6825600177049637,0.1788871206343174,0.19595655798912048
26140,90.4375,0.15773937106132507,-0.008789623342454433,0.019115124270319937,0.0,0.681141585111618,0.17267510443925857,0.15773937106132507
26150,88.09375,0.1628512144088745,-0.020189777389168738,0.015010759234428406,0.0,0.6834507554769516,0.17803590893745422,0.1628512144088745
26160,91.34375,0.17776167392730713,-0.027459795027971266,0.08821330443024636,0.0,0.6828166633844376,0.17582091689109802,0.17776167392730713
26170,62.28125,0.1538451462984085,-0.013393990416079759,0.04326566699892283,0.0,0.6843568593263626,0.16782626807689666,0.1538451462984085
26180,97.84375,0.1872577667236328,-0.02344545107334852,0.028677869215607645,0.0,0.6855157822370529,0.18006763532757758,0.1872577667236328
26190,75.375,0.17410892248153687,-0.018480758555233477,0.16013115495443345,0.0,0.6852111756801605,0.17748765423893928,0.17410892248153687
26200,85.90625,0.17496183514595032,-0.03195234555751085,0.015919412206858396,0.0,0.6845932245254517,0.16717670857906342,0.17496183514595032
26210,91.875,0.18446919322013855,-0.01863912120461464,0.01539527028799057,0.0,0.6836975902318955,0.176157546043396,0.18446919322013855
26220,101.71875,0.17900025844573975,-0.011886409111320972,0.028538692742586136,0.0,0.6840540379285812,0.18109594583511351,0.17900025844573975
26230,113.4375,0.20027558505535126,-0.03388486690819263,0.009176327614113688,0.0,0.6833839446306229,0.18144384995102883,0.20027558505535126
26240,76.8125,0.17337936162948608,-0.01374782808125019,0.1906728357076645,0.0,0.6839784115552903,0.17963211983442307,0.17337936162948608
26250,112.0,0.17861057817935944,-0.004930928628891706,0.10663867369294167,0.0,0.685122749209404,0.18191296532750129,0.17861057817935944
26260,95.75,0.17413465678691864,-0.029325059754773973,0.014718230441212654,0.0,0.680621275305748,0.16902449056506158,0.17413465678691864
26270,97.03125,0.1722547709941864,-0.024461277201771735,0.022822511941194536,0.0,0.6840043276548385,0.17957202792167665,0.1722547709941864
26280,86.875,0.16485010087490082,-0.013505967892706394,0.17997227758169174,0.0,0.6832142561674118,0.17828598171472548,0.16485010087490082
26290,110.625,0.18709763884544373,-0.02160849291831255,0.017146991938352583,0.0,0.6843846201896667,0.1797432444989681,0.18709763884544373
26300,74.875,0.17931698262691498,-0.01840653335675597,0.017460130900144578,0.0,0.6842676967382431,0.17833998948335647,0.17931698262691498
26310,84.59375,0.1628783494234085,-0.017076997831463814,0.09824729636311531,0.0,0.683071744441986,0.17776912301778794,0.1628783494234085
26320,77.8125,0.17013216018676758,-0.01690738620236516,0.20836724787950517,0.0,0.6772393852472305,0.1647513598203659,0.17013216018676758
26330,98.59375,0.18992236256599426,-0.014393352903425694,0.028151920810341836,0.0,0.6802442580461502,0.17672108076512813,0.18992236256599426
26340,98.21875,0.14767003059387207,-0.022200013138353826,0.03795732706785202,0.0,0.680251756310463,0.17645716145634652,0.14767003059387207
26350,75.03125,0.18860577046871185,-0.013268122542649507,0.09573819600045681,0.0,0.6768283069133758,0.17472415119409562,0.18860577046871185
26360,83.03125,0.15261775255203247,-0.007719829492270946,0.027198688685894014,0.0,0.6780862241983414,0.17531631737947465,0.15261775255203247
26370,86.6875,0.1589067280292511,-0.02826836407184601,0.02386320810765028,0.0,0.67362479865551,0.165727211907506,0.1589067280292511
26380,80.15625,0.163887619972229,-0.019104422256350517,0.02075430126860738,0.0,0.6739186316728591,0.15915509648621082,0.163887619972229
26390,73.90625,0.1601945459842682,-0.03119207751005888,0.0176413144916296,0.0,0.6749994456768036,0.1608051910996437,0.1601945459842682
26400,66.25,0.13816678524017334,0.08633438823744655,0.03021567864343524,0.0,0.673454663157463,0.15085576027631759,0.13816678524017334
26410,92.53125,0.15462982654571533,0.00639498345553875,0.0998629841953516,0.0,0.6753738462924957,0.16071364916861058,0.15462982654571533
26420,66.8125,0.18125811219215393,-0.02474457793869078,0.2039061591029167,0.0,0.6769218206405639,0.17376808747649192,0.18125811219215393
26430,71.0,0.14820197224617004,-0.03116571307182312,0.021211056597530843,0.0,0.6726190388202667,0.15496401861310005,0.14820197224617004
26440,67.3125,0.1756541132926941,0.03345789071172476,0.07125257663428783,0.0,0.6735375642776489,0.1525282606482506,0.1756541132926941
26450,93.78125,0.15589289367198944,-0.02192909028381109,0.02558745425194502,0.0,0.6749941319227218,0.16561606675386428,0.15589289367198944
26460,90.5625,0.1435428410768509,-0.00164753757417202,0.09687701091170312,0.0,0.6752268344163894,0.1665772832930088,0.1435428410768509
26470,88.96875,0.1605212241411209,0.013275016006082297,0.017570754513144493,0.0,0.6781949788331986,0.16904397085309028,0.1605212241411209
26480,83.6875,0.13671770691871643,-0.022189037036150695,0.16636043936014175,0.0,0.6773699760437012,0.16232005059719085,0.13671770691871643
26490,82.21875,0.16687189042568207,-0.03103824835270643,0.015545182209461928,0.0,0.675244489312172,0.1599600400775671,0.16687189042568207
26500,77.03125,0.12488309293985367,-0.01702811773866415,0.09051595591008663,0.0,0.6782992660999299,0.15611371994018555,0.12488309293985367
26510,64.375,0.13108697533607483,-0.023195339553058147,0.05929844565689564,0.0,0.6765670061111451,0.15812605023384094,0.13108697533607483
26520,87.34375,0.14361980557441711,-0.02272845059633255,0.08655766993761063,0.0,0.6763014495372772,0.15406478568911552,0.14361980557441711
26530,80.96875,0.16057580709457397,-0.004570420598611236,0.059460952505469324,0.0,0.6769245564937592,0.16087143272161483,0.16057580709457397
26540,84.78125,0.15028908848762512,-0.0005914539098739624,0.08357500210404396,0.0,0.6772037476301194,0.16322471499443053,0.15028908848762512
26550,66.8125,0.15555831789970398,-0.021636539697647096,0.05576899275183678,0.0,0.6795887261629104,0.15174014791846274,0.15555831789970398
26560,79.40625,0.163713738322258,0.019911731779575347,0.02436804063618183,0.0,0.678252711892128,0.162813039124012,0.163713738322258
26570,89.0625,0.12735068798065186,0.004686122015118599,0.02668224833905697,0.0,0.6772405415773392,0.15605689138174056,0.12735068798065186
26580,84.5,0.1181403174996376,-0.018300925940275194,0.040189563482999804,0.0,0.678036344051361,0.14988036789000034,0.1181403174996376
26590,80.40625,0.16128790378570557,-0.026016551069915295,0.036374050192534924,0.0,0.6754780560731888,0.15640079155564307,0.16128790378570557
26600,84.0,0.16139811277389526,-0.029135755449533462,0.07215217500925064,0.0,0.6774173527956009,0.15461709275841712,0.16139811277389526
26610,84.875,0.14762578904628754,-0.030173995532095432,0.03742304891347885,0.0,0.6813375771045684,0.1637462317943573,0.14762578904628754
26620,85.40625,0.14622245728969574,-0.016464133560657502,0.029140207357704638,0.0,0.6761424630880356,0.1358104594051838,0.14622245728969574
26630,91.3125,0.1528807133436203,-0.004310106858611107,0.096352107077837,0.0,0.6764645904302597,0.15767061412334443,0.1528807133436203
26640,96.96875,0.17007791996002197,-0.010742398910224438,0.08426497355103493,0.0,0.6787706583738327,0.16993876025080681,0.17007791996002197
26650,93.875,0.12152153253555298,-0.030210269242525102,0.059735805913805964,0.0,0.6792565554380416,0.15167234428226947,0.12152153253555298
26660,84.25,0.16488873958587646,-0.03577026091516018,0.029589422419667243,0.0,0.6755862146615982,0.15466791577637196,0.16488873958587646
26670,84.09375,0.19022394716739655,-0.03826441206037998,0.016956409253180028,0.0,0.6766745239496231,0.15859427377581597,0.19022394716739655
26680,88.8125,0.18659235537052155,-0.04633525386452675,0.014160177763551473,0.0,0.6768853932619094,0.17166455686092377,0.18659235537052155
26690,75.5,0.14245787262916565,-0.024188775196671487,0.025642115622758865,0.0,0.675420555472374,0.15840466171503068,0.14245787262916565
26700,77.03125,0.13950052857398987,-0.03318361788988113,0.06757199466228485,0.0,0.6755909651517868,0.1475258432328701,0.13950052857398987
26710,112.15625,0.18190616369247437,-0.03356904741376639,0.06845174320042133,0.0,0.6748416036367416,0.16416373178362847,0.18190616369247437
26720,68.34375,0.1552574336528778,-0.043328096903860566,0.02021590331569314,0.0,0.6780958354473114,0.16877651065587998,0.1552574336528778
26730,69.03125,0.1418878436088562,-0.0021344127133488657,0.0263097757473588,0.0,0.67999247610569,0.16175734773278236,0.1418878436088562
26740,82.03125,0.1781688630580902,-0.03130097351968288,0.02592090517282486,0.0,0.6774239629507065,0.1649537689983845,0.1781688630580902
26750,115.71875,0.17925909161567688,-0.02386482208967209,0.10927694290876389,0.0,0.6814479857683182,0.17364952564239503,0.17925909161567688
26760,57.59375,0.1652180254459381,-0.022479456290602683,0.09750158227980137,0.0,0.6795250952243805,0.17269869968295098,0.1652180254459381
26770,89.65625,0.19363580644130707,0.0060777947306633,0.08982794024050236,0.0,0.6834315299987793,0.17760418802499772,0.19363580644130707
26780,95.375,0.19310259819030762,-0.02760608051903546,0.04016053453087807,0.0,0.6803902864456177,0.17182282730937004,0.19310259819030762
26790,78.3125,0.1537959724664688,-0.025429006107151507,0.34142516553401947,0.0,0.6808986991643906,0.17237038165330887,0.1537959724664688
26800,103.53125,0.16891933977603912,-0.016298922058194876,0.11098802909255027,0.0,0.6790151357650757,0.17213102355599402,0.16891933977603912
26810,72.9375,0.1612483561038971,-0.02851503724232316,0.11318671591579914,0.0,0.6796097934246064,0.16319963335990906,0.1612483561038971
26820,112.5,0.17437906563282013,-0.02139026504009962,0.13606817983090877,0.0,0.6849561423063278,0.1871485747396946,0.17437906563282013
26830,77.59375,0.1675340235233307,-0.04052679063752294,0.017298387456685306,0.0,0.6782858401536942,0.16692352071404457,0.1675340235233307
26840,79.53125,0.17092961072921753,-0.02168151270598173,0.11599474847316742,0.0,0.6796997219324112,0.16775602027773856,0.17092961072921753
26850,89.65625,0.1230451762676239,-0.03265930339694023,0.12636054679751396,0.0,0.677314966917038,0.1631896063685417,0.1230451762676239
26860,98.4375,0.19453462958335876,-0.022937382012605666,0.06846885196864605,0.0,0.6800435870885849,0.17014839574694635,0.19453462958335876
26870,67.25,0.17716163396835327,-0.0047170155681669716,0.1100594773888588,0.0,0.6799275010824204,0.1673834927380085,0.17716163396835327
26880,82.5,0.16516615450382233,-0.005375662725418806,0.08969822898507118,0.0,0.6818278700113296,0.1745285853743553,0.16516615450382233
26890,65.0,0.1290082335472107,0.07958258837461471,0.017712513636797666,0.0,0.6780514150857926,0.1528149202466011,0.1290082335472107
26900,102.8125,0.17943400144577026,-0.02370401509106159,0.09553312696516514,0.0,0.6816931337118148,0.17390922084450722,0.17943400144577026
26910,73.1875,0.16615837812423706,-0.016365464590489865,0.13739504888653756,0.0,0.6808683514595032,0.17409409955143929,0.16615837812423706
26920,83.75,0.16885903477668762,-0.04337476808577776,0.032940121926367284,0.0,0.6819936096668243,0.16950637251138687,0.16885903477668762
26930,94.21875,0.18069779872894287,-0.019957984704524277,0.10714605823159218,0.0,0.6830039590597152,0.176495960354805,0.18069779872894287
26940,83.0625,0.17147387564182281,-0.057818356342613696,0.011348452046513557,0.0,0.6820446759462356,0.16978079453110695,0.17147387564182281
26950,92.84375,0.1811254620552063,-0.011804277636110782,0.050590479373931886,0.0,0.6844675570726395,0.17750857695937156,0.1811254620552063
26960,80.84375,0.17544159293174744,-0.015851057972759007,0.03430294785648584,0.0,0.6828690260648728,0.1712867274880409,0.17544159293174744
26970,65.9375,0.12161117792129517,-0.02509094225242734,0.18813738375902175,0.0,0.6824723005294799,0.1657171741127968,0.12161117792129517
26980,86.5625,0.15836623311042786,-0.014509071968495846,0.11550411805510521,0.0,0.6836043655872345,0.16843026578426362,0.15836623311042786
26990,81.84375,0.1823195517063141,-0.040054554119706154,0.017764688469469547,0.0,0.6819007068872451,0.16415800303220748,0.1823195517063141
27000,94.65625,0.17148557305335999,-0.00787381986156106,0.11086139529943466,0.0,0.6819074273109436,0.1730862647294998,0.17148557305335999
27010,73.875,0.15587309002876282,-0.019142670463770627,0.05229484960436821,0.0,0.6826655566692352,0.16422640681266784,0.15587309002876282
27020,81.0,0.1772853285074234,-0.009364524949342012,0.022984036803245546,0.0,0.6842389285564423,0.17157275825738907,0.1772853285074234
27030,91.71875,0.18624195456504822,-0.020185187086462976,0.15982433184981346,0.0,0.6860472708940506,0.17893994078040124,0.18624195456504822
27040,112.125,0.2025265395641327,-0.015745503176003695,0.033382023498415944,0.0,0.6867623776197433,0.18661658391356467,0.2025265395641327
27050,72.65625,0.18379433453083038,-0.01574936378747225,0.1302988938987255,0.0,0.6808149486780166,0.16734860315918923,0.18379433453083038
27060,81.09375,0.1790175884962082,-0.019747961312532425,0.09270668551325797,0.0,0.6815842509269714,0.1713048793375492,0.1790175884962082
27070,97.6875,0.1693592667579651,-0.019955193810164928,0.2593835785984993,0.0,0.6833444863557816,0.17488088831305504,0.1693592667579651
27080,87.25,0.16919007897377014,-0.01614472661167383,0.16157575100660324,0.0,0.6842252165079117,0.17658878862857819,0.16919007897377014
27090,73.5,0.17976906895637512,-0.023426806181669237,0.11091068759560585,0.0,0.68375543653965,0.18430259376764296,0.17976906895637512
27100,98.1875,0.15411999821662903,-0.007304942328482866,0.0929535187780857,0.0,0.6832036525011063,0.17396315187215805,0.15411999821662903
27110,80.1875,0.151182159781456,-0.023584304377436638,0.029691914655268194,0.0,0.6817041456699371,0.17174383848905564,0.151182159781456
27120,91.625,0.17973661422729492,-0.023750964645296337,0.16394448280334473,0.0,0.6840618133544922,0.17718129307031633,0.17973661422729492
27130,88.15625,0.16931304335594177,-0.04490058124065399,0.017880095355212688,0.0,0.6841013759374619,0.17498025968670844,0.16931304335594177
27140,120.65625,0.19608154892921448,-0.012529186625033616,0.26628669649362563,0.0,0.6809333324432373,0.1775123283267021,0.19608154892921448
27150,97.375,0.18828269839286804,-0.012396368198096752,0.18567394316196442,0.0,0.6824995994567871,0.17566118724644184,0.18828269839286804
27160,69.15625,0.1864463984966278,-0.024261127319186927,0.18589014708995819,0.0,0.6820271015167236,0.17851883322000503,0.1864463984966278
27170,92.1875,0.182105153799057,-0.016673361882567406,0.13744875676929952,0.0,0.6826469421386718,0.1762063570320606,0.182105153799057
27180,76.71875,0.17126411199569702,-0.02179856188595295,0.11790797561407089,0.0,0.6815199166536331,0.17291899621486664,0.17126411199569702
27190,95.875,0.17726218700408936,-0.01567141301929951,0.2842261761426926,0.0,0.6825897067785263,0.1821582078933716,0.17726218700408936
27200,93.9375,0.1737280935049057,-0.018391132727265357,0.020925388671457767,0.0,0.6819300919771194,0.17713315561413764,0.1737280935049057
27210,91.875,0.18643996119499207,-0.015994833409786226,0.06776251569390297,0.0,0.6832813829183578,0.17121381759643556,0.18643996119499207
27220,86.8125,0.18524758517742157,-0.01657489240169525,0.06189910136163235,0.0,0.6820047676563263,0.1714351750910282,0.18524758517742157
27230,95.0625,0.17012465000152588,-0.036080748122185466,0.026462068781256676,0.0,0.6816490054130554,0.17896688133478164,0.17012465000152588
27240,87.4375,0.175949364900589,-0.017821480613201858,0.10532855615019798,0.0,0.6820816367864608,0.17599168941378593,0.175949364900589
27250,81.59375,0.14807868003845215,-0.014796855114400386,0.1089539784938097,0.0,0.6792960077524185,0.16259847208857536,0.14807868003845215
27260,98.4375,0.1688116192817688,-0.0258519247174263,0.010203873924911021,0.0,0.6782713979482651,0.17110063657164573,0.1688116192817688
27270,85.5625,0.14537206292152405,-0.013302627019584179,0.024832846038043498,0.0,0.6795431673526764,0.16942167654633522,0.14537206292152405
27280,98.75,0.16265010833740234,0.01071525840088725,0.1517563581466675,0.0,0.6831820100545883,0.17979795709252358,0.16265010833740234
27290,82.59375,0.1665470004081726,-0.031677233055233955,0.09062025994062424,0.0,0.6807947874069213,0.16501280963420867,0.1665470004081726
27300,96.25,0.15899494290351868,-0.02833849210292101,0.05406766701489687,0.0,0.6807582080364227,0.1623341716825962,0.15899494290351868
27310,82.59375,0.15431122481822968,-0.01992169227451086,0.08332971520721913,0.0,0.6815939337015152,0.1685614489018917,0.15431122481822968
27320,82.9375,0.16825832426548004,-0.04183400431647897,0.019234959967434406,0.0,0.6805981934070587,0.16806842237710953,0.16825832426548004
27330,78.5625,0.1538836508989334,-0.030323974229395388,0.030830556992441416,0.0,0.680316624045372,0.17456963211297988,0.1538836508989334
27340,103.15625,0.17530450224876404,-0.05065243244171143,0.013302765600383282,0.0,0.6836151093244552,0.17138722389936448,0.17530450224876404
27350,79.5,0.16758865118026733,-0.014252694323658943,0.11667892187833787,0.0,0.6832066923379898,0.1835862345993519,0.16758865118026733
27360,86.5,0.1726335883140564,-0.029188120737671852,0.16011853590607644,0.0,0.6828735291957855,0.1696214884519577,0.1726335883140564
27370,77.96875,0.196806401014328,-0.025985605828464032,0.30708945244550706,0.0,0.6819777756929397,0.17628042846918107,0.196806401014328
27380,113.40625,0.17582248151302338,-0.04298349115997553,0.026821398176252842,0.0,0.6847309291362762,0.1801393747329712,0.17582248151302338
27390,93.59375,0.15054331719875336,-0.02369230305776,0.08981904909014701,0.0,0.6855906575918198,0.18164027109742165,0.15054331719875336
27400,96.09375,0.20161989331245422,-0.049553255550563335,0.017860991507768632,0.0,0.6845304042100906,0.1852472484111786,0.20161989331245422
27410,65.28125,0.1688273847103119,-0.04025289341807366,0.027950622700154783,0.0,0.6835133075714112,0.1637047953903675,0.1688273847103119
27420,120.28125,0.16478458046913147,-0.03803368844091892,0.019494594540446997,0.0,0.686285212635994,0.18224145397543906,0.16478458046913147
27430,88.09375,0.17933648824691772,-0.02669103443622589,0.18045265078544617,0.0,0.687003168463707,0.17841001451015473,0.17933648824691772
27440,70.90625,0.1656598448753357,-0.04754795525223017,0.01700921021401882,0.0,0.6852105230093002,0.17337933108210563,0.1656598448753357
27450,83.9375,0.17258474230766296,-0.005274841375648975,0.1663602165877819,0.0,0.687785056233406,0.1835420973598957,0.17258474230766296
27460,82.5625,0.1831403374671936,-0.042194869462400676,0.012637643795460462,0.0,0.6893343985080719,0.1782863847911358,0.1831403374671936
27470,86.40625,0.1718892604112625,-0.01499671945348382,0.1457461930811405,0.0,0.6896615862846375,0.18403703570365906,0.1718892604112625
27480,98.0625,0.18207120895385742,-0.027839884348213672,0.015501834824681282,0.0,0.6876737236976623,0.18083162158727645,0.18207120895385742
27490,108.9375,0.18112534284591675,-0.028279975336045027,0.18577427119016648,0.0,0.6892791301012039,0.18106527253985405,0.18112534284591675
27500,85.96875,0.16463547945022583,-0.022282614186406136,0.0548665527254343,0.0,0.6855539560317994,0.17526902705430986,0.16463547945022583
27510,89.34375,0.16641026735305786,-0.029336436465382577,0.15713690966367722,0.0,0.688003557920456,0.1826004572212696,0.16641026735305786
27520,107.34375,0.16887837648391724,-0.03390205558389425,0.02618970852345228,0.0,0.6866598546504974,0.17579417675733566,0.16887837648391724
27530,87.5,0.18884271383285522,-0.028773795068264007,0.07977253645658493,0.0,0.6862496852874755,0.17933032736182214,0.18884271383285522
27540,80.59375,0.14783045649528503,-0.017682008538395168,0.06755348928272724,0.0,0.6865371823310852,0.17886046096682548,0.14783045649528503
27550,82.375,0.16035374999046326,-0.02409672923386097,0.05663379952311516,0.0,0.6865627080202102,0.17385460063815117,0.16035374999046326
27560,97.78125,0.15582704544067383,-0.023205590434372425,0.10589414015412331,0.0,0.6859952837228775,0.16609389781951905,0.15582704544067383
27570,74.875,0.16135458648204803,-0.008091089967638253,0.09268583059310913,0.0,0.6866685628890992,0.16910427138209344,0.16135458648204803
27580,86.90625,0.1613372564315796,-0.036832260992378,0.025586328096687795,0.0,0.6855290532112122,0.15886617228388786,0.1613372564315796
27590,84.4375,0.14816679060459137,-0.031972852908074854,0.01644952055066824,0.0,0.6859916627407074,0.16549793779850006,0.14816679060459137
27600,75.25,0.17648467421531677,-0.021691216342151164,0.14360148310661316,0.0,0.6872404307126999,0.178846026211977,0.17648467421531677
27610,103.6875,0.17512322962284088,-0.020171435177326204,0.11756073161959649,0.0,0.6897028386592865,0.18168177008628844,0.17512322962284088
27620,82.8125,0.18317852914333344,-0.021214894950389862,0.09271849393844604,0.0,0.6874999880790711,0.18248401135206221,0.18317852914333344
27630,90.59375,0.20115666091442108,-0.01184629462659359,0.10528499521315098,0.0,0.6891801655292511,0.18384614661335946,0.20115666091442108
27640,85.96875,0.18338635563850403,-0.008536572754383086,0.31157097667455674,0.0,0.6892838835716247,0.18391755521297454,0.18338635563850403
27650,92.28125,0.20136293768882751,-0.022911655250936747,0.1309723936021328,0.0,0.6886952519416809,0.17977016642689705,0.20136293768882751
27660,92.78125,0.18329349160194397,-0.026318616420030593,0.0973285473883152,0.0,0.6896603614091873,0.18006470873951913,0.18329349160194397
27670,103.5,0.1524791419506073,-0.026622558478266,0.2072892114520073,0.0,0.6888937890529633,0.1803887203335762,0.1524791419506073
27680,85.75,0.17178508639335632,-0.020772075839340688,0.03651427226141095,0.0,0.6857922852039338,0.16145152151584624,0.17178508639335632
27690,90.78125,0.17720314860343933,-0.02736260015517473,0.038434835895895955,0.0,0.687605905532837,0.17320856600999832,0.17720314860343933
27700,96.3125,0.1512049287557602,-0.02019383180886507,0.030794507078826427,0.0,0.6850358873605729,0.1739605762064457,0.1512049287557602
27710,109.09375,0.18189407885074615,-0.019249706622213127,0.11888176053762436,0.0,0.6862257927656173,0.17979297637939454,0.18189407885074615
27720,76.46875,0.17596793174743652,-0.00940981339663267,0.20340221971273423,0.0,0.686810702085495,0.18082537800073623,0.17596793174743652
27730,103.4375,0.17594744265079498,-0.006329877115786075,0.06586163090541959,0.0,0.6901605606079102,0.18446301594376563,0.17594744265079498
27740,91.0625,0.1926320493221283,-0.03188397902995348,0.008476878516376019,0.0,0.6912522077560425,0.18059277534484863,0.1926320493221283
27750,102.78125,0.19455178081989288,-0.04127302104607224,0.02009452935308218,0.0,0.6900525271892548,0.1838405504822731,0.19455178081989288
27760,117.9375,0.18791216611862183,-0.005078036617487669,0.1720570906996727,0.0,0.6891517519950867,0.18836713805794716,0.18791216611862183
27770,84.5625,0.17770405113697052,-0.03000703016296029,0.25268733948469163,0.0,0.6886889964342118,0.18106019720435143,0.17770405113697052
27780,85.40625,0.1809549331665039,-0.017859837505966425,0.039624193124473094,0.0,0.6902666479349137,0.18034026473760606,0.1809549331665039
27790,94.875,0.18727046251296997,-0.024001031834632158,0.10631010010838508,0.0,0.6912476688623428,0.1755490206182003,0.18727046251296997
27800,83.71875,0.18391305208206177,-0.014506898447871208,0.22097173407673837,0.0,0.6918317764997483,0.17274694442749022,0.18391305208206177
27810,92.65625,0.1592322587966919,-0.03280429504811764,0.10091898366808891,0.0,0.6874867856502533,0.17082349285483361,0.1592322587966919
27820,85.5,0.16995730996131897,-0.02769458368420601,0.10470659397542477,0.0,0.684565132856369,0.17259828075766565,0.16995730996131897
27830,87.9375,0.15123359858989716,-0.03505214899778366,0.023442214354872704,0.0,0.6846751064062119,0.16095684170722963,0.15123359858989716
27840,74.28125,0.13047221302986145,-0.007703881617635489,0.08626138940453529,0.0,0.6851064890623093,0.16765548400580882,0.13047221302986145
27850,92.40625,0.1762586534023285,-0.020246831886470317,0.07838958092033863,0.0,0.6853892654180527,0.1717031367123127,0.1762586534023285
27860,102.15625,0.16254419088363647,0.012895619124174118,0.022923741862177847,0.0,0.6855771005153656,0.16404251977801323,0.16254419088363647
27870,84.28125,0.1643371880054474,-0.027262927778065205,0.13347796052694322,0.0,0.684180635213852,0.1686781257390976,0.1643371880054474
27880,81.1875,0.19508466124534607,-0.027827940043061973,0.013938108365982771,0.0,0.6856191426515579,0.17767251133918763,0.19508466124534607
27890,96.15625,0.184485524892807,-0.029092540219426154,0.026577495597302915,0.0,0.6877447217702866,0.18014569580554962,0.184485524892807
27900,93.375,0.1739533245563507,-0.017426647432148456,0.0977325052022934,0.0,0.6869720548391343,0.18078338652849196,0.1739533245563507
27910,92.375,0.19559574127197266,-0.026311478577554226,0.014135164394974708,0.0,0.6894596159458161,0.183316870033741,0.19559574127197266
27920,82.40625,0.15203770995140076,-0.00567340413108468,0.09553453512489796,0.0,0.6890225648880005,0.1805386558175087,0.15203770995140076
27930,78.8125,0.1765606701374054,-0.034987634234130385,0.011739907786250114,0.0,0.6850200116634368,0.16279421150684356,0.1765606701374054
27940,69.0,0.17831924557685852,-0.018939595296978952,0.09206015355885029,0.0,0.6847217410802842,0.16686236187815667,0.17831924557685852
27950,94.3125,0.1835964322090149,-0.025722569040954112,0.01482584597542882,0.0,0.688753342628479,0.17911899089813232,0.1835964322090149
27960,81.84375,0.17887401580810547,-0.02128593921661377,0.06383301317691803,0.0,0.688444721698761,0.1777132883667946,0.17887401580810547
27970,71.46875,0.1912994086742401,-0.019628628715872766,0.06424261461943388,0.0,0.6895320594310761,0.1772460386157036,0.1912994086742401
27980,95.0625,0.15105301141738892,-0.031512831803411245,0.06495022661983967,0.0,0.6890824854373931,0.17570820450782776,0.15105301141738892
27990,73.03125,0.16050320863723755,-0.018708022497594356,0.17168377041816713,0.0,0.6874142289161682,0.17014218792319297,0.16050320863723755
28000,92.125,0.15970325469970703,-0.025993103720247747,0.19347539097070693,0.0,0.6872994661331177,0.17652011513710023,0.15970325469970703
28010,63.34375,0.17278388142585754,-0.006118693202733993,0.19323248863220216,0.0,0.6809696584939957,0.1719169609248638,0.17278388142585754
28020,68.28125,0.16604569554328918,-0.00937211262062192,0.05977143235504627,0.0,0.6841577053070068,0.1676393784582615,0.16604569554328918
28030,78.84375,0.15523506700992584,-0.023934966884553432,0.08057125303894282,0.0,0.6824602067470551,0.1662186376750469,0.15523506700992584
28040,85.09375,0.16507086157798767,-0.004613446444272995,0.0583769153803587,0.0,0.6835982799530029,0.16591293141245841,0.16507086157798767
28050,90.90625,0.17812705039978027,-0.024214773252606393,0.02424858696758747,0.0,0.6854003727436065,0.16780196949839593,0.17812705039978027
28060,68.875,0.1664084941148758,-0.022959604393690825,0.09873213581740856,0.0,0.6866157442331314,0.17385441139340402,0.1664084941148758
28070,61.8125,0.16520220041275024,-0.028142946399748327,0.15519994422793387,0.0,0.6840163230895996,0.16070542335510254,0.16520220041275024
28080,78.59375,0.17134635150432587,0.0001001906581223011,0.08483133092522621,0.0,0.6875706017017365,0.17548607140779496,0.17134635150432587
28090,81.375,0.16763553023338318,-0.01942942840978503,0.09463162869215011,0.0,0.6849699020385742,0.16770269423723222,0.16763553023338318
28100,85.5,0.1680642068386078,-0.02277820399031043,0.053097354248166084,0.0,0.6866950780153275,0.1670400969684124,0.1680642068386078
28110,104.03125,0.18769779801368713,-0.025336817651987076,0.02723624249920249,0.0,0.6858669102191925,0.17325539737939835,0.18769779801368713
28120,54.3125,0.1459215134382248,0.005876588448882103,0.0687082976102829,0.0,0.6846289306879043,0.16419051662087442,0.1459215134382248
28130,82.28125,0.15850256383419037,-0.028005055710673334,0.017542288079857825,0.0,0.683312714099884,0.15464242920279503,0.15850256383419037
28140,68.03125,0.1412695348262787,-0.028314423374831678,0.027209142223000526,0.0,0.6852416962385177,0.16004827097058297,0.1412695348262787
28150,60.90625,0.1480068862438202,-0.018778013065457344,0.07217930108308793,0.0,0.6803225576877594,0.14006961174309254,0.1480068862438202
28160,85.375,0.1507040560245514,-0.03069379534572363,0.01716283746063709,0.0,0.6840898215770721,0.15751378163695334,0.1507040560245514
28170,77.78125,0.1369781345129013,-0.015530031360685825,0.029520651511847972,0.0,0.684791448712349,0.16207882463932038,0.1369781345129013
28180,67.375,0.12694260478019714,-0.014360320381820202,0.016701206006109713,0.0,0.6862061381340027,0.15885586962103843,0.12694260478019714
28190,96.21875,0.16262806951999664,-0.03062073439359665,0.007534143328666687,0.0,0.686111980676651,0.15695730820298195,0.16262806951999664
28200,66.03125,0.15025252103805542,0.0018977463245391847,0.0616888839751482,0.0,0.6852842926979065,0.15357384085655212,0.15025252103805542
28210,87.78125,0.15465861558914185,-0.017432451760396362,0.038769292272627355,0.0,0.6880085915327072,0.17303721606731415,0.15465861558914185
28220,77.0625,0.15919063985347748,-0.04076154055073857,0.007558756275102496,0.0,0.6886473834514618,0.17133743986487388,0.15919063985347748
28230,70.21875,0.16292767226696014,-0.03208187809213996,0.009994212258607148,0.0,0.6861348628997803,0.16411900296807289,0.16292767226696014
28240,75.78125,0.1563977748155594,-0.02711621355265379,0.023008097521960737,0.0,0.6873611479997634,0.16511868499219418,0.1563977748155594
28250,77.78125,0.15857641398906708,0.008215053752064706,0.012945435009896755,0.0,0.6858697742223739,0.16588955670595168,0.15857641398906708
28260,76.84375,0.17927004396915436,-0.013701346796005964,0.05829117074608803,0.0,0.6886717110872269,0.17025090232491494,0.17927004396915436
28270,58.9375,0.10891957581043243,0.0004312864504754543,0.11398316137492656,0.0,0.6896259427070618,0.16148180775344373,0.10891957581043243
28280,92.71875,0.17181658744812012,-0.028135670442134143,0.13756382912397386,0.0,0.6900037795305252,0.17123429402709006,0.17181658744812012
28290,53.8125,0.17462536692619324,-0.011899772100150585,0.01491984399035573,0.0,0.688024389743805,0.16181876435875892,0.17462536692619324
28300,90.5,0.15360666811466217,-0.02263377858325839,0.06825029253959655,0.0,0.6906243205070496,0.16640716567635536,0.15360666811466217
28310,59.0625,0.16486793756484985,-0.044450963661074636,0.0155159467831254,0.0,0.6873520374298095,0.16042692810297013,0.16486793756484985
28320,85.25,0.17797213792800903,-0.06429663263261318,0.008961523557081819,0.0,0.6897317081689834,0.16865822188556195,0.17797213792800903
28330,83.53125,0.17903777956962585,-0.010666910745203494,0.048649330716580154,0.0,0.6925576299428939,0.18064120337367057,0.17903777956962585
28340,76.4375,0.14692753553390503,-0.016073381528258324,0.14746301248669624,0.0,0.6903213828802108,0.16940733939409255,0.14692753553390503
28350,106.1875,0.17706601321697235,-0.02451496501453221,0.012520698830485344,0.0,0.6859252661466598,0.1532146915793419,0.17706601321697235
28360,90.40625,0.165024995803833,-0.015459164138883352,0.018599576130509377,0.0,0.6813610404729843,0.1497867874801159,0.165024995803833
28370,86.15625,0.18029949069023132,-0.008582741022109985,0.07294304743409157,0.0,0.6832452565431595,0.15205669030547142,0.18029949069023132
28380,105.0625,0.17333637177944183,-0.009130489360541106,0.11312096565961838,0.0,0.6847632497549057,0.1695190705358982,0.17333637177944183
28390,110.53125,0.15707790851593018,-0.031080214120447636,0.08683329299092293,0.0,0.6870120733976364,0.17044270634651185,0.15707790851593018
28400,82.75,0.15950989723205566,-0.035811669565737246,0.009916305541992188,0.0,0.6832929611206054,0.15966642014682292,0.15950989723205566
28410,75.78125,0.1709534078836441,-0.010279761999845505,0.03662602845579386,0.0,0.6840871304273606,0.16330501325428487,0.1709534078836441
28420,81.0,0.16497376561164856,-0.020208847569301726,0.07780785076320171,0.0,0.6871827155351639,0.16258781179785728,0.16497376561164856
28430,93.3125,0.14632245898246765,-0.012730758357793092,0.02683179946616292,0.0,0.6857206374406815,0.16600096449255944,0.14632245898246765
28440,82.03125,0.1740921139717102,-0.02418001098558307,0.0119557186961174,0.0,0.6850155115127563,0.1684045597910881,0.1740921139717102
28450,80.71875,0.1697251796722412,-0.006252709589898586,0.023256396502256395,0.0,0.6888523697853088,0.17136277630925179,0.1697251796722412
28460,84.6875,0.1561870276927948,-0.009059245884418487,0.1339603878557682,0.0,0.6871352076530457,0.164834925532341,0.1561870276927948
28470,95.625,0.1671132743358612,-0.006939556822180748,0.01084700794890523,0.0,0.684303143620491,0.1644312284886837,0.1671132743358612
28480,91.84375,0.1317826509475708,-0.010717239510267974,0.12712257355451584,0.0,0.6865100532770156,0.17349236235022544,0.1317826509475708
28490,73.21875,0.1757177710533142,-0.016886052768677474,0.06299872435629368,0.0,0.6854468584060669,0.154227826744318,0.1757177710533142
28500,114.03125,0.180747389793396,0.02315796269103885,0.04934700671583414,0.0,0.6901522636413574,0.1777807392179966,0.180747389793396
28510,88.71875,0.1866896152496338,-0.01729473900049925,0.12714711986482144,0.0,0.6873334974050522,0.17587243393063545,0.1866896152496338
28520,93.875,0.17508454620838165,-0.03279820550233126,0.01087159113958478,0.0,0.6871649742126464,0.17091816663742065,0.17508454620838165
28530,81.3125,0.164160817861557,-0.007058239262551069,0.09459942504763603,0.0,0.6880147248506546,0.1774906747043133,0.164160817861557
28540,81.03125,0.15384280681610107,-0.014445147663354873,0.13765919506549834,0.0,0.6881933331489563,0.1667725585401058,0.15384280681610107
28550,82.46875,0.1809566169977188,-0.00865243561565876,0.04873803239315748,0.0,0.6897917658090591,0.16739623099565507,0.1809566169977188
28560,84.625,0.17175252735614777,-0.012652085721492767,0.12723980993032455,0.0,0.6892787963151932,0.1720651388168335,0.17175252735614777
28570,82.71875,0.18445944786071777,0.01171811781823635,0.06539985574781895,0.0,0.6915776550769805,0.17474448308348656,0.18445944786071777
28580,72.84375,0.18111103773117065,-0.007390181720256806,0.13500455468893052,0.0,0.6866273283958435,0.1631050303578377,0.18111103773117065
28590,102.25,0.1692291647195816,-0.029288619942963123,0.008462859643623232,0.0,0.688025313615799,0.16853749454021455,0.1692291647195816
28600,100.28125,0.17411457002162933,0.02296281438320875,0.0360255753621459,0.0,0.6919902414083481,0.1739496998488903,0.17411457002162933
28610,86.1875,0.16822312772274017,-0.01754164695739746,0.07777615897357464,0.0,0.6884159117937088,0.17330081388354301,0.16822312772274017
28620,89.28125,0.17153550684452057,-0.02260559480637312,0.02530865781009197,0.0,0.6884353369474411,0.16336712799966335,0.17153550684452057
28630,81.65625,0.18430452048778534,-0.012490304745733738,0.05517072193324566,0.0,0.6916124552488327,0.1782673716545105,0.18430452048778534
28640,95.46875,0.1599263846874237,-0.01761168297380209,0.06919383220374584,0.0,0.6899674326181412,0.17469633221626282,0.1599263846874237
28650,92.25,0.19076600670814514,-0.010323197394609452,0.046626378409564496,0.0,0.6876035243272781,0.16275319531559945,0.19076600670814514
28660,58.59375,0.14960871636867523,-0.027335390960797668,0.07435995526611805,0.0,0.6898237824440002,0.16303726956248282,0.14960871636867523
28670,88.46875,0.1613568365573883,-0.041938142850995064,0.015191629808396102,0.0,0.6922453314065933,0.17265784814953805,0.1613568365573883
28680,87.46875,0.1906576305627823,-0.019101332128047942,0.07850547805428505,0.0,0.6921769917011261,0.17520399242639542,0.1906576305627823
28690,105.5625,0.1587924361228943,0.002665070816874504,0.1460846722126007,0.0,0.6897009521722793,0.17077505439519883,0.1587924361228943
28700,92.0,0.17713557183742523,-0.010462907701730728,0.08703347146511078,0.0,0.6907685816287994,0.17804233059287072,0.17713557183742523
28710,94.0625,0.17337045073509216,-0.021298992540687324,0.0637007374316454,0.0,0.6919216185808181,0.1802290841937065,0.17337045073509216
28720,93.40625,0.16363312304019928,-0.016829930152744053,0.11002114415168762,0.0,0.6907184362411499,0.17507457062602044,0.16363312304019928
28730,81.53125,0.19507059454917908,-0.02250591367483139,0.07874039225280285,0.0,0.6942026257514954,0.17389508187770844,0.19507059454917908
28740,75.25,0.1409706473350525,0.003744223713874817,0.05768441818654537,0.0,0.6951335847377778,0.17048953026533126,0.1409706473350525
28750,80.75,0.16498810052871704,-0.02593044387176633,0.011771963350474835,0.0,0.6941946089267731,0.17119229286909105,0.16498810052871704
28760,78.53125,0.17727023363113403,0.021079559903591873,0.07256634421646595,0.0,0.6955467343330384,0.17674030140042304,0.17727023363113403
28770,81.78125,0.18775136768817902,-0.022286145761609078,0.25466336905956266,0.0,0.6930763781070709,0.17718046009540558,0.18775136768817902
28780,72.875,0.15239807963371277,-0.026970270182937385,0.07763874754309655,0.0,0.6932990252971649,0.17566571831703187,0.15239807963371277
28790,88.875,0.18591099977493286,-0.02089361837133765,0.0640149436891079,0.0,0.6958977580070496,0.18523103818297387,0.18591099977493286
28800,86.09375,0.17770829796791077,-0.04755165511742234,0.01906374916434288,0.0,0.694778436422348,0.17735138535499573,0.17770829796791077
28810,86.1875,0.18012353777885437,-0.034351008012890816,0.006899468693882227,0.0,0.6928599178791046,0.17181756421923639,0.18012353777885437
28820,64.03125,0.16505232453346252,-0.0205854469910264,0.05537591464817524,0.0,0.6911200404167175,0.16151978820562363,0.16505232453346252
28830,80.3125,0.17394424974918365,-0.03465472050011158,0.007779718842357397,0.0,0.6929522573947906,0.16636335998773574,0.17394424974918365
28840,92.65625,0.17740339040756226,-0.01454896042123437,0.07327777408063411,0.0,0.6934015423059463,0.18088626861572266,0.17740339040756226
28850,81.09375,0.16395652294158936,-0.002850432554259896,0.08233739882707596,0.0,0.6912794828414917,0.16311526149511338,0.16395652294158936
28860,78.25,0.18092186748981476,-0.012750859744846821,0.01541578145697713,0.0,0.6945868909358979,0.1730656497180462,0.18092186748981476
28870,80.15625,0.19466203451156616,-0.015298206359148026,0.037748184986412525,0.0,0.6939985126256942,0.17068896368145942,0.19466203451156616
28880,88.21875,0.16089440882205963,-0.036418969929218295,0.013480968493968248,0.0,0.6948395550251008,0.17167651802301406,0.16089440882205963
28890,82.53125,0.19351676106452942,-0.025825393851846457,0.0258836368098855,0.0,0.6970589846372605,0.18058606758713722,0.19351676106452942
28900,94.3125,0.19296501576900482,-0.039709604997187856,0.019788709562271835,0.0,0.697321093082428,0.1822507545351982,0.19296501576900482
28910,80.96875,0.18807244300842285,-0.05080831199884415,0.009028481133282185,0.0,0.6966670542955399,0.1767658643424511,0.18807244300842285
28920,98.03125,0.15794888138771057,-0.009965983778238296,0.007524011563509703,0.0,0.6979760617017746,0.18320912271738052,0.15794888138771057
28930,82.71875,0.16395875811576843,-0.04296561554074287,0.019688940700143577,0.0,0.6963320165872574,0.17228977754712105,0.16395875811576843
28940,79.28125,0.17640772461891174,-0.019969012960791586,0.09843576475977897,0.0,0.6964597195386887,0.17594194933772087,0.17640772461891174
28950,93.40625,0.17677758634090424,-0.00011603320017457008,0.06617843098938465,0.0,0.6972872704267502,0.17753214091062547,0.17677758634090424
28960,80.90625,0.14731010794639587,0.0012428991496562958,0.10528041273355485,0.0,0.6959209710359573,0.17307748645544052,0.14731010794639587
28970,82.40625,0.14590582251548767,0.0014326611533761024,0.02324422337114811,0.0,0.6951377153396606,0.16901786774396896,0.14590582251548767
28980,57.3125,0.15746334195137024,-0.0501826673746109,0.008117424929514528,0.0,0.6961329519748688,0.15562214106321334,0.15746334195137024
28990,92.25,0.18256090581417084,-0.01609636126086116,0.010435293149203061,0.0,0.6980081558227539,0.17310645282268525,0.18256090581417084
29000,105.34375,0.19778406620025635,-0.022437386307865383,0.0694707553833723,0.0,0.6964436560869217,0.18434810265898705,0.19778406620025635
29010,79.84375,0.1439579427242279,-0.002928677946329117,0.04377001281827688,0.0,0.6949907392263412,0.15926885679364206,0.1439579427242279
29020,72.84375,0.19270050525665283,-0.021712545678019522,0.07622606381773948,0.0,0.6955072939395904,0.16435745134949684,0.19270050525665283
29030,96.15625,0.17603154480457306,-0.030086915381252764,0.15936800241470336,0.0,0.6981379419565201,0.18197988122701644,0.17603154480457306
29040,64.09375,0.1715482771396637,-0.011417905520647764,0.059830968454480174,0.0,0.6931440353393554,0.16037591695785522,0.1715482771396637
29050,107.90625,0.19381575286388397,-0.03519133795052767,0.013620967231690883,0.0,0.6972364634275436,0.17355407178401946,0.19381575286388397
29060,67.71875,0.16870659589767456,-0.030908909998834132,0.15518546402454375,0.0,0.692876648902893,0.17340153679251671,0.16870659589767456
29070,79.125,0.17762888967990875,-0.010249408148229121,0.12874685525894164,0.0,0.6920305669307709,0.16505380794405938,0.17762888967990875
29080,85.84375,0.16214607656002045,-0.024390699341893196,0.018362528178840876,0.0,0.6939848154783249,0.1723269574344158,0.16214607656002045
29090,92.125,0.16321909427642822,-0.019326770678162575,0.027803178690373898,0.0,0.6908041566610337,0.16173722594976425,0.16321909427642822
29100,69.59375,0.1647357940673828,0.0027061663568019867,0.021101505681872367,0.0,0.6900562942028046,0.16613771133124827,0.1647357940673828
29110,97.09375,0.16688501834869385,-0.016360765136778355,0.16784334629774095,0.0,0.6918237537145615,0.17497015967965127,0.16688501834869385
29120,86.9375,0.16560491919517517,-0.03171388525515795,0.11351046115159988,0.0,0.6924432873725891,0.1627039648592472,0.16560491919517517
29130,104.125,0.16260144114494324,-0.019622004870325328,0.05173884369432926,0.0,0.690002828836441,0.17202663496136666,0.16260144114494324
29140,80.71875,0.17868328094482422,-0.036517944373190406,0.019489193335175514,0.0,0.6908596485853196,0.16174475401639937,0.17868328094482422
29150,84.34375,0.1826697140932083,-0.018497896380722523,0.06725573018193245,0.0,0.6931047648191452,0.17113289311528207,0.1826697140932083
29160,89.1875,0.15784427523612976,-0.028147538378834724,0.00852211369201541,0.0,0.692796066403389,0.16107238009572028,0.15784427523612976
29170,110.5625,0.1954944133758545,-0.012089522182941436,0.12752605229616165,0.0,0.6949533134698868,0.1721285931766033,0.1954944133758545
29180,84.125,0.16692310571670532,-0.02241657059639692,0.0975542925298214,0.0,0.6970570296049118,0.17675963565707206,0.16692310571670532
29190,84.03125,0.16385096311569214,-0.03718064781278372,0.05080696046352386,0.0,0.6952859729528427,0.16478379517793657,0.16385096311569214
29200,82.90625,0.17083336412906647,-0.04436882734298706,0.007422135537490248,0.0,0.6948068916797638,0.162100500613451,0.17083336412906647
29210,94.1875,0.16767290234565735,-0.020975786820054056,0.016338582243770362,0.0,0.6953890681266784,0.16602929234504699,0.16767290234565735
29220,77.40625,0.15588653087615967,0.001122160628437996,0.04635095521807671,0.0,0.6965801388025283,0.16231722459197045,0.15588653087615967
29230,62.53125,0.14816653728485107,0.036400361359119414,0.025688563100993635,0.0,0.6970345944166183,0.16864131316542624,0.14816653728485107
29240,103.6875,0.19521772861480713,-0.008661199919879436,0.0187880577519536,0.0,0.7021708101034164,0.17728653475642203,0.19521772861480713
29250,84.6875,0.15840908885002136,-0.005389235727488994,0.07814692631363869,0.0,0.7008839845657349,0.17674994543194772,0.15840908885002136
29260,81.59375,0.17959506809711456,-0.0038664745166897773,0.0585292405448854,0.0,0.6999529987573624,0.1701091192662716,0.17959506809711456
29270,86.84375,0.17986410856246948,-0.020341715961694717,0.034124656580388546,0.0,0.7011246591806412,0.17813234105706216,0.17986410856246948
29280,85.9375,0.1809321939945221,-0.022950389981269838,0.18231149315834044,0.0,0.7023593604564666,0.17677618637681008,0.1809321939945221
29290,85.65625,0.17541740834712982,-0.04248517695814371,0.015493875276297331,0.0,0.7013454407453537,0.17245466485619546,0.17541740834712982
29300,85.375,0.17332866787910461,-0.027173123601824046,0.14575944542884828,0.0,0.7020966142416001,0.17990175560116767,0.17332866787910461
29310,94.90625,0.15354081988334656,-0.008099008537828922,0.03236601166427135,0.0,0.7054455250501632,0.17364105954766273,0.15354081988334656
29320,101.09375,0.1680104285478592,-0.014170113112777471,0.02703561056405306,0.0,0.7058705061674118,0.18147490844130515,0.1680104285478592
29330,75.625,0.18228334188461304,-0.020446217991411685,0.056214255094528195,0.0,0.7046155601739883,0.17227027341723442,0.18228334188461304
29340,121.8125,0.18685422837734222,-0.02278745621442795,0.17620743066072464,0.0,0.7095348298549652,0.19297986924648286,0.18685422837734222
29350,78.6875,0.18857599794864655,-0.048997553437948226,0.022925643436610698,0.0,0.7054565906524658,0.17199025601148604,0.18857599794864655
29360,89.0625,0.19286784529685974,0.011167815234512091,0.020907245669513942,0.0,0.7080787688493728,0.1837383598089218,0.19286784529685974
29370,95.625,0.19668540358543396,-0.003594863321632147,0.14680322781205177,0.0,0.7051514565944672,0.1750364102423191,0.19668540358543396
29380,84.03125,0.17495092749595642,-0.016108115389943122,0.09290320910513401,0.0,0.7056273519992828,0.1823158785700798,0.17495092749595642
29390,96.71875,0.1720985770225525,-0.0321829934604466,0.03667839821428061,0.0,0.7052918463945389,0.18360523581504823,0.1720985770225525
29400,105.21875,0.1827467828989029,-0.0147139647975564,0.1104337427765131,0.0,0.7070614665746688,0.18463463634252547,0.1827467828989029
29410,75.78125,0.1920640915632248,-0.019360687211155893,0.027340721897780897,0.0,0.7046719819307328,0.1709601901471615,0.1920640915632248
29420,122.28125,0.19468533992767334,-0.02080776756629348,0.1840093746781349,0.0,0.7085293978452682,0.19335006922483444,0.19468533992767334
29430,98.71875,0.16009795665740967,-0.009514516033232213,0.09375092536211013,0.0,0.7040196180343627,0.17918477579951286,0.16009795665740967
29440,74.3125,0.15596163272857666,-0.0003451123833656311,0.021746522374451162,0.0,0.7023549526929855,0.17394834160804748,0.15596163272857666
29450,84.5,0.18472570180892944,-0.011555973906069994,0.049860885553061965,0.0,0.7055496454238892,0.1814533330500126,0.18472570180892944
29460,90.84375,0.19417691230773926,-0.021468957420438528,0.13574023693799972,0.0,0.7048248678445816,0.17640393152832984,0.19417691230773926
29470,103.28125,0.199106365442276,-0.010205662995576858,0.04297610223293304,0.0,0.7017972737550735,0.17804111763834954,0.199106365442276
29480,66.71875,0.16588860750198364,-0.01671959813684225,0.1975274845957756,0.0,0.7007007271051406,0.16974192336201668,0.16588860750198364
29490,97.28125,0.19969066977500916,-0.048890890926122664,0.005552762001752853,0.0,0.7020069301128388,0.17710121273994445,0.19969066977500916
29500,80.53125,0.19136354327201843,-0.016242700256407262,0.11437989473342895,0.0,0.7056028962135314,0.1832389973104,0.19136354327201843
29510,93.6875,0.18398937582969666,-0.012051526177674531,0.052499879710376264,0.0,0.7032743662595748,0.17267664931714535,0.18398937582969666
29520,111.96875,0.1972952038049698,-0.031874478235840796,0.014723019767552614,0.0,0.7056174665689469,0.18819205835461617,0.1972952038049698
29530,68.0,0.14557935297489166,-0.0065807787701487545,0.01656673839315772,0.0,0.7029716849327088,0.17906935065984725,0.14557935297489166
29540,97.5625,0.17641782760620117,-0.020967600401490927,0.17273167297244071,0.0,0.7047207087278367,0.17852188646793365,0.17641782760620117
29550,82.5,0.19071398675441742,-0.030585043877363206,0.02303652688860893,0.0,0.7074920475482941,0.18610338717699051,0.19071398675441742
29560,83.0625,0.19827014207839966,-0.023154912889003752,0.058123756945133206,0.0,0.7043847650289535,0.1838285319507122,0.19827014207839966
29570,87.90625,0.18110808730125427,-0.009084902051836253,0.01598965795710683,0.0,0.706104400753975,0.18723402321338653,0.18110808730125427
29580,97.875,0.18321716785430908,-0.05269004851579666,0.008862757589668036,0.0,0.7054050773382187,0.18313345313072205,0.18321716785430908
29590,91.8125,0.18115782737731934,-0.018018876016139985,0.10880666114389896,0.0,0.7048720598220826,0.18014114424586297,0.18115782737731934
29600,83.09375,0.16632765531539917,-0.029848639108240604,0.05662760231643915,0.0,0.7038203567266464,0.17459107041358948,0.16632765531539917
29610,97.15625,0.17722252011299133,-0.01393173853866756,0.05799022205173969,0.0,0.7052099853754044,0.1864351212978363,0.17722252011299133
29620,94.75,0.19892513751983643,-0.02247690111398697,0.06926760328933597,0.0,0.7040676355361939,0.18367014974355697,0.19892513751983643
29630,90.84375,0.1724160760641098,-0.02781143458560109,0.20318417251110077,0.0,0.703714394569397,0.1795118235051632,0.1724160760641098
29640,98.625,0.18196366727352142,-0.026813959144055842,0.07665196694433689,0.0,0.7028919219970703,0.1810729458928108,0.18196366727352142
29650,82.03125,0.18764036893844604,-0.05382535560056567,0.007142323302105069,0.0,0.7018981546163559,0.17497544437646867,0.18764036893844604
29660,100.59375,0.1630261391401291,-0.012991741299629211,0.08780470602214337,0.0,0.7007841348648072,0.17185574620962143,0.1630261391401291
29670,104.6875,0.17153555154800415,-0.02718478376045823,0.02088607884943485,0.0,0.7024536699056625,0.17610814943909645,0.17153555154800415
29680,66.875,0.15636546909809113,-0.01167118912562728,0.06026145033538342,0.0,0.6987274497747421,0.1602572537958622,0.15636546909809113
29690,94.84375,0.16821956634521484,-0.03932103421539068,0.03710468113422394,0.0,0.700308445096016,0.17195673212409018,0.16821956634521484
29700,94.34375,0.16722126305103302,0.0049683328717947004,0.033652603067457675,0.0,0.7018733322620392,0.1657855488359928,0.16722126305103302
29710,86.53125,0.16922299563884735,-0.020545563381165265,0.19184087216854095,0.0,0.7009826630353928,0.17603944316506387,0.16922299563884735
29720,91.03125,0.16853216290473938,-0.0034511176869273185,0.06998816020786762,0.0,0.7019325882196427,0.17407660484313964,0.16853216290473938
29730,68.75,0.17438650131225586,-0.0246800247579813,0.0689189612865448,0.0,0.7009583085775375,0.18207096979022025,0.17438650131225586
29740,111.03125,0.1991404891014099,-0.030469000991433858,0.011528897657990455,0.0,0.7030058562755584,0.17052067816257477,0.1991404891014099
29750,89.78125,0.18989869952201843,-0.005791101418435573,0.04210227634757757,0.0,0.7047170609235763,0.1750620000064373,0.18989869952201843
29760,80.0625,0.1829388439655304,-0.03142474833875895,0.01749373460188508,0.0,0.7038819342851639,0.16988807618618013,0.1829388439655304
29770,84.5,0.1894424855709076,-0.039116929098963735,0.02447677794843912,0.0,0.7054562985897064,0.18206205293536187,0.1894424855709076
29780,83.59375,0.1626674383878708,-0.006383174657821655,0.019739432260394096,0.0,0.7065534740686417,0.1814227096736431,0.1626674383878708
29790,93.5625,0.18499454855918884,-0.026867804024368523,0.04033495709300041,0.0,0.7073689699172974,0.18686102479696273,0.18499454855918884
29800,82.34375,0.16678819060325623,-0.0053654836490750315,0.020036947540938856,0.0,0.7053120911121369,0.1754346713423729,0.16678819060325623
29810,82.5,0.17920224368572235,-0.01676220465451479,0.12169288992881774,0.0,0.7056810766458511,0.18680541589856148,0.17920224368572235
29820,71.96875,0.146845281124115,-0.021471000090241433,0.020013392996042968,0.0,0.7068877518177032,0.17818902283906937,0.146845281124115
29830,79.9375,0.18229442834854126,-0.011860946938395501,0.011947580520063639,0.0,0.706949120759964,0.17293927520513536,0.18229442834854126
29840,73.6875,0.1801484227180481,0.001573873544111848,0.023439419455826283,0.0,0.7089906841516495,0.18067194819450377,0.1801484227180481
29850,85.09375,0.18221649527549744,-0.013891675416380167,0.022481906041502953,0.0,0.7083116799592972,0.18571072444319725,0.18221649527549744
29860,69.0625,0.15317368507385254,-0.01138330828398466,0.07230475544929504,0.0,0.7048910349607468,0.1753429263830185,0.15317368507385254
29870,96.0625,0.19547739624977112,-0.03926593493670225,0.011442351341247558,0.0,0.7077571541070938,0.18480803966522216,0.19547739624977112
29880,87.875,0.17200151085853577,-0.030796534102410077,0.024129252322018145,0.0,0.7054049491882324,0.17738120630383492,0.17200151085853577
29890,60.0,0.1560441106557846,-0.011521185003221034,0.09242561459541321,0.0,0.7014972239732742,0.1705823339521885,0.1560441106557846
29900,67.0,0.16602878272533417,-0.02118577077053487,0.09041568264365196,0.0,0.7027013838291168,0.1750272661447525,0.16602878272533417
29910,70.9375,0.18091541528701782,-0.012415977381169795,0.04497805684804916,0.0,0.7008535921573639,0.17551629543304442,0.18091541528701782
29920,78.875,0.14309267699718475,-0.015896892361342906,0.20645350515842437,0.0,0.7026728838682175,0.1733592487871647,0.14309267699718475
29930,73.3125,0.1858069747686386,0.029217482171952726,0.01258911807090044,0.0,0.7014403134584427,0.169196205586195,0.1858069747686386
29940,83.28125,0.1558813452720642,0.003256184607744217,0.01525135524570942,0.0,0.70298071205616,0.17457697466015815,0.1558813452720642
29950,62.4375,0.18199464678764343,-0.0012836768291890621,0.08142933361232281,0.0,0.7008310228586196,0.16177506931126118,0.18199464678764343
29960,81.34375,0.17276360094547272,-0.019310636911541224,0.015612115059047938,0.0,0.702051118016243,0.17685559913516044,0.17276360094547272
29970,89.6875,0.17783375084400177,-0.024662108952179553,0.032201655209064484,0.0,0.7036002695560455,0.1803105466067791,0.17783375084400177
29980,87.3125,0.1994311511516571,-0.03221121728420258,0.03384209033101797,0.0,0.7013715714216232,0.16968208849430083,0.1994311511516571
29990,86.53125,0.17355230450630188,-0.009176893718540668,0.010089440457522868,0.0,0.7018391877412796,0.1700561262667179,0.17355230450630188
30000,92.96875,0.18028870224952698,-0.029599128104746342,0.021674022544175386,0.0,0.7028566211462021,0.18021476045250892,0.18028870224952698
